Type,Function,Mode,Series,X,Time_ns
u32,amartin,bylength,,1,0.768498
u32,branchlut,bylength,,1,1.045642
u32,branchlut2,bylength,,1,0.996101
u32,countlut,bylength,,1,0.964854
u32,fmt,bylength,,1,1.131566
u32,jeaiii,bylength,,1,0.994668
u32,naive,bylength,,1,2.206809
u32,null,bylength,,1,1.089573
u32,sse2,bylength,,1,0.826962
u32,tmueller,bylength,,1,0.865002
u32,unrolledlut,bylength,,1,0.952218
u32,yy,bylength,,1,0.950911
u32,zmij_scalar,bylength,,1,2.242452
u32,zmij_x64_native,bylength,,1,1.259421
u32,zmij_x64_v1,bylength,,1,1.854020
u32,zmij_x64_v2,bylength,,1,1.258212
u32,zmij_x64_v3,bylength,,1,1.255281
u32,zmij_x64_v4,bylength,,1,1.260668
u32,amartin,bylength,,2,0.876570
u32,branchlut,bylength,,2,1.305372
u32,branchlut2,bylength,,2,1.043922
u32,countlut,bylength,,2,1.119852
u32,fmt,bylength,,2,1.148865
u32,jeaiii,bylength,,2,0.797275
u32,naive,bylength,,2,2.515641
u32,null,bylength,,2,1.064501
u32,sse2,bylength,,2,1.007430
u32,tmueller,bylength,,2,1.315997
u32,unrolledlut,bylength,,2,1.137834
u32,yy,bylength,,2,0.941719
u32,zmij_scalar,bylength,,2,2.197306
u32,zmij_x64_native,bylength,,2,1.243541
u32,zmij_x64_v1,bylength,,2,1.860173
u32,zmij_x64_v2,bylength,,2,1.270442
u32,zmij_x64_v3,bylength,,2,1.241675
u32,zmij_x64_v4,bylength,,2,1.251330
u32,amartin,bylength,,3,0.928718
u32,branchlut,bylength,,3,1.264487
u32,branchlut2,bylength,,3,0.998843
u32,countlut,bylength,,3,1.462240
u32,fmt,bylength,,3,1.638160
u32,jeaiii,bylength,,3,0.943186
u32,naive,bylength,,3,3.210433
u32,null,bylength,,3,0.864584
u32,sse2,bylength,,3,0.992493
u32,tmueller,bylength,,3,1.329512
u32,unrolledlut,bylength,,3,1.311936
u32,yy,bylength,,3,0.931317
u32,zmij_scalar,bylength,,3,2.216762
u32,zmij_x64_native,bylength,,3,1.239913
u32,zmij_x64_v1,bylength,,3,1.849808
u32,zmij_x64_v2,bylength,,3,1.258585
u32,zmij_x64_v3,bylength,,3,1.259629
u32,zmij_x64_v4,bylength,,3,1.251094
u32,amartin,bylength,,4,0.925498
u32,branchlut,bylength,,4,1.208276
u32,branchlut2,bylength,,4,1.054793
u32,countlut,bylength,,4,1.628596
u32,fmt,bylength,,4,1.635867
u32,jeaiii,bylength,,4,1.010122
u32,naive,bylength,,4,3.910345
u32,null,bylength,,4,0.827229
u32,sse2,bylength,,4,1.081754
u32,tmueller,bylength,,4,0.974468
u32,unrolledlut,bylength,,4,1.170573
u32,yy,bylength,,4,0.997118
u32,zmij_scalar,bylength,,4,2.217964
u32,zmij_x64_native,bylength,,4,1.247086
u32,zmij_x64_v1,bylength,,4,1.861812
u32,zmij_x64_v2,bylength,,4,1.270356
u32,zmij_x64_v3,bylength,,4,1.248638
u32,zmij_x64_v4,bylength,,4,1.231404
u32,amartin,bylength,,5,1.340768
u32,branchlut,bylength,,5,2.040546
u32,branchlut2,bylength,,5,1.891833
u32,countlut,bylength,,5,1.830966
u32,fmt,bylength,,5,2.175022
u32,jeaiii,bylength,,5,1.135538
u32,naive,bylength,,5,4.499113
u32,null,bylength,,5,0.820770
u32,sse2,bylength,,5,2.000839
u32,tmueller,bylength,,5,1.001575
u32,unrolledlut,bylength,,5,1.299376
u32,yy,bylength,,5,1.314098
u32,zmij_scalar,bylength,,5,2.216710
u32,zmij_x64_native,bylength,,5,1.240041
u32,zmij_x64_v1,bylength,,5,1.856220
u32,zmij_x64_v2,bylength,,5,1.246486
u32,zmij_x64_v3,bylength,,5,1.256595
u32,zmij_x64_v4,bylength,,5,1.241448
u32,amartin,bylength,,6,1.328619
u32,branchlut,bylength,,6,2.158803
u32,branchlut2,bylength,,6,1.910603
u32,countlut,bylength,,6,1.960310
u32,fmt,bylength,,6,2.182458
u32,jeaiii,bylength,,6,1.104425
u32,naive,bylength,,6,5.159497
u32,null,bylength,,6,0.789337
u32,sse2,bylength,,6,2.134945
u32,tmueller,bylength,,6,1.314196
u32,unrolledlut,bylength,,6,1.423460
u32,yy,bylength,,6,1.306141
u32,zmij_scalar,bylength,,6,2.221174
u32,zmij_x64_native,bylength,,6,1.226848
u32,zmij_x64_v1,bylength,,6,1.867439
u32,zmij_x64_v2,bylength,,6,1.257859
u32,zmij_x64_v3,bylength,,6,1.243104
u32,zmij_x64_v4,bylength,,6,1.265462
u32,amartin,bylength,,7,1.905284
u32,branchlut,bylength,,7,2.265148
u32,branchlut2,bylength,,7,2.385972
u32,countlut,bylength,,7,2.261493
u32,fmt,bylength,,7,2.712636
u32,jeaiii,bylength,,7,1.287079
u32,naive,bylength,,7,5.800007
u32,null,bylength,,7,0.805545
u32,sse2,bylength,,7,2.248551
u32,tmueller,bylength,,7,1.303167
u32,unrolledlut,bylength,,7,1.649898
u32,yy,bylength,,7,1.713572
u32,zmij_scalar,bylength,,7,2.226730
u32,zmij_x64_native,bylength,,7,1.244635
u32,zmij_x64_v1,bylength,,7,1.858307
u32,zmij_x64_v2,bylength,,7,1.250069
u32,zmij_x64_v3,bylength,,7,1.279101
u32,zmij_x64_v4,bylength,,7,1.275055
u32,amartin,bylength,,8,1.902178
u32,branchlut,bylength,,8,2.301305
u32,branchlut2,bylength,,8,2.434671
u32,countlut,bylength,,8,2.470229
u32,fmt,bylength,,8,2.727188
u32,jeaiii,bylength,,8,1.443451
u32,naive,bylength,,8,6.311780
u32,null,bylength,,8,0.781369
u32,sse2,bylength,,8,2.298162
u32,tmueller,bylength,,8,1.917251
u32,unrolledlut,bylength,,8,1.684269
u32,yy,bylength,,8,1.698568
u32,zmij_scalar,bylength,,8,2.236837
u32,zmij_x64_native,bylength,,8,1.244799
u32,zmij_x64_v1,bylength,,8,1.864819
u32,zmij_x64_v2,bylength,,8,1.247747
u32,zmij_x64_v3,bylength,,8,1.234779
u32,zmij_x64_v4,bylength,,8,1.243084
u32,amartin,bylength,,9,2.195314
u32,branchlut,bylength,,9,3.696793
u32,branchlut2,bylength,,9,3.508700
u32,countlut,bylength,,9,2.756495
u32,fmt,bylength,,9,3.252121
u32,jeaiii,bylength,,9,1.676525
u32,naive,bylength,,9,6.676978
u32,null,bylength,,9,1.052545
u32,sse2,bylength,,9,1.660464
u32,tmueller,bylength,,9,1.924438
u32,unrolledlut,bylength,,9,2.152208
u32,yy,bylength,,9,2.055418
u32,zmij_scalar,bylength,,9,2.219187
u32,zmij_x64_native,bylength,,9,1.238703
u32,zmij_x64_v1,bylength,,9,1.854488
u32,zmij_x64_v2,bylength,,9,1.263610
u32,zmij_x64_v3,bylength,,9,1.247430
u32,zmij_x64_v4,bylength,,9,1.246619
u32,amartin,bylength,,10,2.193169
u32,branchlut,bylength,,10,3.791087
u32,branchlut2,bylength,,10,3.551238
u32,countlut,bylength,,10,3.005851
u32,fmt,bylength,,10,3.258234
u32,jeaiii,bylength,,10,1.826521
u32,naive,bylength,,10,7.423765
u32,null,bylength,,10,1.082574
u32,sse2,bylength,,10,1.786551
u32,tmueller,bylength,,10,1.921252
u32,unrolledlut,bylength,,10,2.126410
u32,yy,bylength,,10,2.041955
u32,zmij_scalar,bylength,,10,2.205053
u32,zmij_x64_native,bylength,,10,1.243259
u32,zmij_x64_v1,bylength,,10,1.854738
u32,zmij_x64_v2,bylength,,10,1.245619
u32,zmij_x64_v3,bylength,,10,1.269002
u32,zmij_x64_v4,bylength,,10,1.264107
u32,amartin,loguniform,1-10,10,5.534830
u32,branchlut,loguniform,1-10,10,8.272706
u32,branchlut2,loguniform,1-10,10,8.946984
u32,countlut,loguniform,1-10,10,8.090331
u32,fmt,loguniform,1-10,10,9.202058
u32,jeaiii,loguniform,1-10,10,8.315780
u32,naive,loguniform,1-10,10,10.175324
u32,null,loguniform,1-10,10,0.796266
u32,sse2,loguniform,1-10,10,8.094029
u32,tmueller,loguniform,1-10,10,6.480687
u32,unrolledlut,loguniform,1-10,10,7.888575
u32,yy,loguniform,1-10,10,5.703516
u32,zmij_scalar,loguniform,1-10,10,2.199367
u32,zmij_x64_native,loguniform,1-10,10,1.249713
u32,zmij_x64_v1,loguniform,1-10,10,1.848554
u32,zmij_x64_v2,loguniform,1-10,10,1.263340
u32,zmij_x64_v3,loguniform,1-10,10,1.237535
u32,zmij_x64_v4,loguniform,1-10,10,1.240537
u32,amartin,loguniform,1-4,4,3.529430
u32,branchlut,loguniform,1-4,4,5.409270
u32,branchlut2,loguniform,1-4,4,5.934977
u32,countlut,loguniform,1-4,4,6.214645
u32,fmt,loguniform,1-4,4,6.040724
u32,jeaiii,loguniform,1-4,4,5.814027
u32,naive,loguniform,1-4,4,6.767671
u32,null,loguniform,1-4,4,0.822576
u32,sse2,loguniform,1-4,4,5.119855
u32,tmueller,loguniform,1-4,4,3.933488
u32,unrolledlut,loguniform,1-4,4,5.937021
u32,yy,loguniform,1-4,4,3.530715
u32,zmij_scalar,loguniform,1-4,4,2.197094
u32,zmij_x64_native,loguniform,1-4,4,1.245242
u32,zmij_x64_v1,loguniform,1-4,4,1.844774
u32,zmij_x64_v2,loguniform,1-4,4,1.258654
u32,zmij_x64_v3,loguniform,1-4,4,1.231786
u32,zmij_x64_v4,loguniform,1-4,4,1.226851
u32,amartin,uniform,0-255,0,3.104130
u32,branchlut,uniform,0-255,0,3.395835
u32,branchlut2,uniform,0-255,0,3.472434
u32,countlut,uniform,0-255,0,3.543340
u32,fmt,uniform,0-255,0,3.558353
u32,jeaiii,uniform,0-255,0,3.252086
u32,naive,uniform,0-255,0,5.244426
u32,null,uniform,0-255,0,0.744691
u32,sse2,uniform,0-255,0,3.250361
u32,tmueller,uniform,0-255,0,1.542687
u32,unrolledlut,uniform,0-255,0,3.562516
u32,yy,uniform,0-255,0,3.127374
u32,zmij_scalar,uniform,0-255,0,2.206756
u32,zmij_x64_native,uniform,0-255,0,1.224952
u32,zmij_x64_v1,uniform,0-255,0,1.849379
u32,zmij_x64_v2,uniform,0-255,0,1.261932
u32,zmij_x64_v3,uniform,0-255,0,1.263007
u32,zmij_x64_v4,uniform,0-255,0,1.248259
u32,amartin,unpredictable,,1,3.115941
u32,branchlut,unpredictable,,1,2.583821
u32,branchlut2,unpredictable,,1,1.409286
u32,countlut,unpredictable,,1,5.409595
u32,fmt,unpredictable,,1,4.453903
u32,jeaiii,unpredictable,,1,3.775923
u32,naive,unpredictable,,1,5.839984
u32,null,unpredictable,,1,1.270845
u32,sse2,unpredictable,,1,2.198452
u32,tmueller,unpredictable,,1,1.774630
u32,unrolledlut,unpredictable,,1,2.311817
u32,yy,unpredictable,,1,3.673393
u32,zmij_scalar,unpredictable,,1,2.163011
u32,zmij_x64_native,unpredictable,,1,1.180645
u32,zmij_x64_v1,unpredictable,,1,1.865408
u32,zmij_x64_v2,unpredictable,,1,1.222547
u32,zmij_x64_v3,unpredictable,,1,1.251063
u32,zmij_x64_v4,unpredictable,,1,1.221585
u32,amartin,unpredictable,,2,2.781445
u32,branchlut,unpredictable,,2,2.380492
u32,branchlut2,unpredictable,,2,1.283555
u32,countlut,unpredictable,,2,5.246773
u32,fmt,unpredictable,,2,4.272579
u32,jeaiii,unpredictable,,2,3.324188
u32,naive,unpredictable,,2,5.816730
u32,null,unpredictable,,2,0.653458
u32,sse2,unpredictable,,2,2.211347
u32,tmueller,unpredictable,,2,1.587446
u32,unrolledlut,unpredictable,,2,1.877551
u32,yy,unpredictable,,2,3.635980
u32,zmij_scalar,unpredictable,,2,2.109962
u32,zmij_x64_native,unpredictable,,2,1.209227
u32,zmij_x64_v1,unpredictable,,2,1.811935
u32,zmij_x64_v2,unpredictable,,2,1.205697
u32,zmij_x64_v3,unpredictable,,2,1.215099
u32,zmij_x64_v4,unpredictable,,2,1.217089
u32,amartin,unpredictable,,3,1.858501
u32,branchlut,unpredictable,,3,2.861478
u32,branchlut2,unpredictable,,3,1.509443
u32,countlut,unpredictable,,3,2.979764
u32,fmt,unpredictable,,3,3.502542
u32,jeaiii,unpredictable,,3,1.298296
u32,naive,unpredictable,,3,5.815708
u32,null,unpredictable,,3,0.788687
u32,sse2,unpredictable,,3,2.480983
u32,tmueller,unpredictable,,3,1.565556
u32,unrolledlut,unpredictable,,3,1.213359
u32,yy,unpredictable,,3,2.881553
u32,zmij_scalar,unpredictable,,3,2.211796
u32,zmij_x64_native,unpredictable,,3,1.187084
u32,zmij_x64_v1,unpredictable,,3,1.801958
u32,zmij_x64_v2,unpredictable,,3,1.209801
u32,zmij_x64_v3,unpredictable,,3,1.232441
u32,zmij_x64_v4,unpredictable,,3,1.198925
u32,amartin,unpredictable,,4,2.110179
u32,branchlut,unpredictable,,4,3.349260
u32,branchlut2,unpredictable,,4,1.511339
u32,countlut,unpredictable,,4,3.291117
u32,fmt,unpredictable,,4,3.544374
u32,jeaiii,unpredictable,,4,1.288288
u32,naive,unpredictable,,4,6.006432
u32,null,unpredictable,,4,0.958195
u32,sse2,unpredictable,,4,2.661640
u32,tmueller,unpredictable,,4,1.546876
u32,unrolledlut,unpredictable,,4,1.316962
u32,yy,unpredictable,,4,2.866710
u32,zmij_scalar,unpredictable,,4,2.163635
u32,zmij_x64_native,unpredictable,,4,1.199821
u32,zmij_x64_v1,unpredictable,,4,1.795260
u32,zmij_x64_v2,unpredictable,,4,1.240691
u32,zmij_x64_v3,unpredictable,,4,1.247432
u32,zmij_x64_v4,unpredictable,,4,1.234373
u32,amartin,unpredictable,,5,1.659813
u32,branchlut,unpredictable,,5,1.729156
u32,branchlut2,unpredictable,,5,2.197249
u32,countlut,unpredictable,,5,3.143319
u32,fmt,unpredictable,,5,3.572023
u32,jeaiii,unpredictable,,5,1.691821
u32,naive,unpredictable,,5,6.604508
u32,null,unpredictable,,5,0.963935
u32,sse2,unpredictable,,5,1.637903
u32,tmueller,unpredictable,,5,1.798274
u32,unrolledlut,unpredictable,,5,1.768570
u32,yy,unpredictable,,5,2.358123
u32,zmij_scalar,unpredictable,,5,2.163946
u32,zmij_x64_native,unpredictable,,5,1.213363
u32,zmij_x64_v1,unpredictable,,5,1.808288
u32,zmij_x64_v2,unpredictable,,5,1.250091
u32,zmij_x64_v3,unpredictable,,5,1.223003
u32,zmij_x64_v4,unpredictable,,5,1.222466
u32,amartin,unpredictable,,6,1.638577
u32,branchlut,unpredictable,,6,1.899341
u32,branchlut2,unpredictable,,6,2.306818
u32,countlut,unpredictable,,6,3.515582
u32,fmt,unpredictable,,6,3.741616
u32,jeaiii,unpredictable,,6,1.526084
u32,naive,unpredictable,,6,6.798767
u32,null,unpredictable,,6,0.744176
u32,sse2,unpredictable,,6,1.891124
u32,tmueller,unpredictable,,6,2.044926
u32,unrolledlut,unpredictable,,6,1.726066
u32,yy,unpredictable,,6,2.420795
u32,zmij_scalar,unpredictable,,6,2.255300
u32,zmij_x64_native,unpredictable,,6,1.203417
u32,zmij_x64_v1,unpredictable,,6,1.814271
u32,zmij_x64_v2,unpredictable,,6,1.233274
u32,zmij_x64_v3,unpredictable,,6,1.226213
u32,zmij_x64_v4,unpredictable,,6,1.207383
u32,amartin,unpredictable,,7,2.215226
u32,branchlut,unpredictable,,7,2.840410
u32,branchlut2,unpredictable,,7,2.861592
u32,countlut,unpredictable,,7,2.886620
u32,fmt,unpredictable,,7,3.436333
u32,jeaiii,unpredictable,,7,1.416156
u32,naive,unpredictable,,7,6.494055
u32,null,unpredictable,,7,0.697438
u32,sse2,unpredictable,,7,2.217916
u32,tmueller,unpredictable,,7,1.846135
u32,unrolledlut,unpredictable,,7,2.837004
u32,yy,unpredictable,,7,1.713766
u32,zmij_scalar,unpredictable,,7,2.182488
u32,zmij_x64_native,unpredictable,,7,1.179878
u32,zmij_x64_v1,unpredictable,,7,1.827934
u32,zmij_x64_v2,unpredictable,,7,1.224298
u32,zmij_x64_v3,unpredictable,,7,1.237249
u32,zmij_x64_v4,unpredictable,,7,1.196759
u32,amartin,unpredictable,,8,1.919492
u32,branchlut,unpredictable,,8,2.813231
u32,branchlut2,unpredictable,,8,2.500657
u32,countlut,unpredictable,,8,2.645787
u32,fmt,unpredictable,,8,3.017144
u32,jeaiii,unpredictable,,8,1.428782
u32,naive,unpredictable,,8,5.921824
u32,null,unpredictable,,8,0.791744
u32,sse2,unpredictable,,8,2.654260
u32,tmueller,unpredictable,,8,1.785132
u32,unrolledlut,unpredictable,,8,2.946665
u32,yy,unpredictable,,8,1.735852
u32,zmij_scalar,unpredictable,,8,2.157742
u32,zmij_x64_native,unpredictable,,8,1.201252
u32,zmij_x64_v1,unpredictable,,8,1.824925
u32,zmij_x64_v2,unpredictable,,8,1.224054
u32,zmij_x64_v3,unpredictable,,8,1.194081
u32,zmij_x64_v4,unpredictable,,8,1.205884
u32,amartin,unpredictable,,9,4.847764
u32,branchlut,unpredictable,,9,4.338088
u32,branchlut2,unpredictable,,9,6.174435
u32,countlut,unpredictable,,9,3.667154
u32,fmt,unpredictable,,9,4.166685
u32,jeaiii,unpredictable,,9,2.116316
u32,naive,unpredictable,,9,7.327481
u32,null,unpredictable,,9,1.041535
u32,sse2,unpredictable,,9,2.482327
u32,tmueller,unpredictable,,9,2.081277
u32,unrolledlut,unpredictable,,9,5.192238
u32,yy,unpredictable,,9,2.403421
u32,zmij_scalar,unpredictable,,9,2.229579
u32,zmij_x64_native,unpredictable,,9,1.259293
u32,zmij_x64_v1,unpredictable,,9,1.862613
u32,zmij_x64_v2,unpredictable,,9,1.290240
u32,zmij_x64_v3,unpredictable,,9,1.265412
u32,zmij_x64_v4,unpredictable,,9,1.289590
u32,amartin,unpredictable,,10,4.815984
u32,branchlut,unpredictable,,10,4.523928
u32,branchlut2,unpredictable,,10,6.262634
u32,countlut,unpredictable,,10,3.760117
u32,fmt,unpredictable,,10,4.121485
u32,jeaiii,unpredictable,,10,2.150326
u32,naive,unpredictable,,10,7.855520
u32,null,unpredictable,,10,0.647362
u32,sse2,unpredictable,,10,2.393036
u32,tmueller,unpredictable,,10,1.776737
u32,unrolledlut,unpredictable,,10,4.387205
u32,yy,unpredictable,,10,2.278219
u32,zmij_scalar,unpredictable,,10,2.159695
u32,zmij_x64_native,unpredictable,,10,1.200607
u32,zmij_x64_v1,unpredictable,,10,1.806617
u32,zmij_x64_v2,unpredictable,,10,1.228908
u32,zmij_x64_v3,unpredictable,,10,1.218661
u32,zmij_x64_v4,unpredictable,,10,1.174902
u32,amartin,admixture,5x6,0,1.327696
u32,branchlut,admixture,5x6,0,2.165736
u32,branchlut2,admixture,5x6,0,1.915226
u32,countlut,admixture,5x6,0,1.965023
u32,fmt,admixture,5x6,0,2.184303
u32,jeaiii,admixture,5x6,0,1.119208
u32,naive,admixture,5x6,0,5.121463
u32,null,admixture,5x6,0,0.745304
u32,sse2,admixture,5x6,0,2.119469
u32,tmueller,admixture,5x6,0,1.299548
u32,unrolledlut,admixture,5x6,0,1.419761
u32,yy,admixture,5x6,0,1.294417
u32,zmij_scalar,admixture,5x6,0,2.200004
u32,zmij_x64_native,admixture,5x6,0,1.243330
u32,zmij_x64_v1,admixture,5x6,0,1.840883
u32,zmij_x64_v2,admixture,5x6,0,1.245006
u32,zmij_x64_v3,admixture,5x6,0,1.235600
u32,zmij_x64_v4,admixture,5x6,0,1.232492
u32,amartin,admixture,5x6,10,1.383907
u32,branchlut,admixture,5x6,10,2.659441
u32,branchlut2,admixture,5x6,10,2.472263
u32,countlut,admixture,5x6,10,2.611301
u32,fmt,admixture,5x6,10,2.876442
u32,jeaiii,admixture,5x6,10,1.748937
u32,naive,admixture,5x6,10,5.783583
u32,null,admixture,5x6,10,0.726225
u32,sse2,admixture,5x6,10,2.538155
u32,tmueller,admixture,5x6,10,1.842116
u32,unrolledlut,admixture,5x6,10,2.093401
u32,yy,admixture,5x6,10,1.283405
u32,zmij_scalar,admixture,5x6,10,2.194498
u32,zmij_x64_native,admixture,5x6,10,1.229222
u32,zmij_x64_v1,admixture,5x6,10,1.842565
u32,zmij_x64_v2,admixture,5x6,10,1.268401
u32,zmij_x64_v3,admixture,5x6,10,1.257987
u32,zmij_x64_v4,admixture,5x6,10,1.250931
u32,amartin,admixture,5x6,20,1.328718
u32,branchlut,admixture,5x6,20,3.003298
u32,branchlut2,admixture,5x6,20,2.908594
u32,countlut,admixture,5x6,20,3.067494
u32,fmt,admixture,5x6,20,3.341724
u32,jeaiii,admixture,5x6,20,2.188753
u32,naive,admixture,5x6,20,6.222389
u32,null,admixture,5x6,20,0.758434
u32,sse2,admixture,5x6,20,2.951765
u32,tmueller,admixture,5x6,20,2.238022
u32,unrolledlut,admixture,5x6,20,2.574334
u32,yy,admixture,5x6,20,1.296039
u32,zmij_scalar,admixture,5x6,20,2.202128
u32,zmij_x64_native,admixture,5x6,20,1.225742
u32,zmij_x64_v1,admixture,5x6,20,1.849740
u32,zmij_x64_v2,admixture,5x6,20,1.251719
u32,zmij_x64_v3,admixture,5x6,20,1.249970
u32,zmij_x64_v4,admixture,5x6,20,1.271490
u32,amartin,admixture,5x6,30,1.329034
u32,branchlut,admixture,5x6,30,3.415233
u32,branchlut2,admixture,5x6,30,3.459701
u32,countlut,admixture,5x6,30,3.620327
u32,fmt,admixture,5x6,30,3.990820
u32,jeaiii,admixture,5x6,30,2.668420
u32,naive,admixture,5x6,30,6.777944
u32,null,admixture,5x6,30,0.785909
u32,sse2,admixture,5x6,30,3.375987
u32,tmueller,admixture,5x6,30,2.790484
u32,unrolledlut,admixture,5x6,30,3.084119
u32,yy,admixture,5x6,30,1.279958
u32,zmij_scalar,admixture,5x6,30,2.211293
u32,zmij_x64_native,admixture,5x6,30,1.230536
u32,zmij_x64_v1,admixture,5x6,30,1.852206
u32,zmij_x64_v2,admixture,5x6,30,1.260770
u32,zmij_x64_v3,admixture,5x6,30,1.270711
u32,zmij_x64_v4,admixture,5x6,30,1.242909
u32,amartin,admixture,5x6,40,1.336553
u32,branchlut,admixture,5x6,40,3.829808
u32,branchlut2,admixture,5x6,40,4.046718
u32,countlut,admixture,5x6,40,4.328412
u32,fmt,admixture,5x6,40,4.671041
u32,jeaiii,admixture,5x6,40,3.401830
u32,naive,admixture,5x6,40,7.529697
u32,null,admixture,5x6,40,0.924026
u32,sse2,admixture,5x6,40,3.846349
u32,tmueller,admixture,5x6,40,3.500072
u32,unrolledlut,admixture,5x6,40,3.824030
u32,yy,admixture,5x6,40,1.285411
u32,zmij_scalar,admixture,5x6,40,2.208895
u32,zmij_x64_native,admixture,5x6,40,1.247852
u32,zmij_x64_v1,admixture,5x6,40,1.854828
u32,zmij_x64_v2,admixture,5x6,40,1.274533
u32,zmij_x64_v3,admixture,5x6,40,1.262406
u32,zmij_x64_v4,admixture,5x6,40,1.269837
u32,amartin,admixture,5x6,50,1.327895
u32,branchlut,admixture,5x6,50,4.027298
u32,branchlut2,admixture,5x6,50,4.346573
u32,countlut,admixture,5x6,50,4.639387
u32,fmt,admixture,5x6,50,5.037614
u32,jeaiii,admixture,5x6,50,3.679521
u32,naive,admixture,5x6,50,7.825771
u32,null,admixture,5x6,50,0.840145
u32,sse2,admixture,5x6,50,4.041998
u32,tmueller,admixture,5x6,50,3.675529
u32,unrolledlut,admixture,5x6,50,4.164008
u32,yy,admixture,5x6,50,1.308962
u32,zmij_scalar,admixture,5x6,50,2.208567
u32,zmij_x64_native,admixture,5x6,50,1.233470
u32,zmij_x64_v1,admixture,5x6,50,1.848308
u32,zmij_x64_v2,admixture,5x6,50,1.258836
u32,zmij_x64_v3,admixture,5x6,50,1.250561
u32,zmij_x64_v4,admixture,5x6,50,1.233647
u32,amartin,admixture,5x6,60,1.328566
u32,branchlut,admixture,5x6,60,3.752237
u32,branchlut2,admixture,5x6,60,4.061394
u32,countlut,admixture,5x6,60,4.163520
u32,fmt,admixture,5x6,60,4.772172
u32,jeaiii,admixture,5x6,60,3.389784
u32,naive,admixture,5x6,60,7.289346
u32,null,admixture,5x6,60,0.964300
u32,sse2,admixture,5x6,60,3.753455
u32,tmueller,admixture,5x6,60,3.413016
u32,unrolledlut,admixture,5x6,60,3.791199
u32,yy,admixture,5x6,60,1.322745
u32,zmij_scalar,admixture,5x6,60,2.254654
u32,zmij_x64_native,admixture,5x6,60,1.249020
u32,zmij_x64_v1,admixture,5x6,60,1.854672
u32,zmij_x64_v2,admixture,5x6,60,1.244852
u32,zmij_x64_v3,admixture,5x6,60,1.253330
u32,zmij_x64_v4,admixture,5x6,60,1.258377
u32,amartin,admixture,5x6,70,1.364853
u32,branchlut,admixture,5x6,70,3.403820
u32,branchlut2,admixture,5x6,70,3.576608
u32,countlut,admixture,5x6,70,3.498531
u32,fmt,admixture,5x6,70,3.936031
u32,jeaiii,admixture,5x6,70,2.708848
u32,naive,admixture,5x6,70,6.384456
u32,null,admixture,5x6,70,0.811786
u32,sse2,admixture,5x6,70,3.213161
u32,tmueller,admixture,5x6,70,2.678220
u32,unrolledlut,admixture,5x6,70,2.990193
u32,yy,admixture,5x6,70,1.273223
u32,zmij_scalar,admixture,5x6,70,2.201095
u32,zmij_x64_native,admixture,5x6,70,1.239010
u32,zmij_x64_v1,admixture,5x6,70,1.841895
u32,zmij_x64_v2,admixture,5x6,70,1.252830
u32,zmij_x64_v3,admixture,5x6,70,1.234858
u32,zmij_x64_v4,admixture,5x6,70,1.237700
u32,amartin,admixture,5x6,80,1.327417
u32,branchlut,admixture,5x6,80,2.835559
u32,branchlut2,admixture,5x6,80,2.863138
u32,countlut,admixture,5x6,80,2.951365
u32,fmt,admixture,5x6,80,3.426395
u32,jeaiii,admixture,5x6,80,2.171171
u32,naive,admixture,5x6,80,5.782836
u32,null,admixture,5x6,80,0.749126
u32,sse2,admixture,5x6,80,2.828464
u32,tmueller,admixture,5x6,80,2.129971
u32,unrolledlut,admixture,5x6,80,2.529443
u32,yy,admixture,5x6,80,1.294783
u32,zmij_scalar,admixture,5x6,80,2.234529
u32,zmij_x64_native,admixture,5x6,80,1.229474
u32,zmij_x64_v1,admixture,5x6,80,1.850054
u32,zmij_x64_v2,admixture,5x6,80,1.262817
u32,zmij_x64_v3,admixture,5x6,80,1.225451
u32,zmij_x64_v4,admixture,5x6,80,1.268615
u32,amartin,admixture,5x6,90,1.326648
u32,branchlut,admixture,5x6,90,2.441562
u32,branchlut2,admixture,5x6,90,2.386728
u32,countlut,admixture,5x6,90,2.449337
u32,fmt,admixture,5x6,90,2.774683
u32,jeaiii,admixture,5x6,90,1.673212
u32,naive,admixture,5x6,90,5.100195
u32,null,admixture,5x6,90,0.727425
u32,sse2,admixture,5x6,90,2.415614
u32,tmueller,admixture,5x6,90,1.603775
u32,unrolledlut,admixture,5x6,90,1.898994
u32,yy,admixture,5x6,90,1.274684
u32,zmij_scalar,admixture,5x6,90,2.211264
u32,zmij_x64_native,admixture,5x6,90,1.231530
u32,zmij_x64_v1,admixture,5x6,90,1.851719
u32,zmij_x64_v2,admixture,5x6,90,1.248846
u32,zmij_x64_v3,admixture,5x6,90,1.258286
u32,zmij_x64_v4,admixture,5x6,90,1.265686
u32,amartin,admixture,5x6,100,1.366129
u32,branchlut,admixture,5x6,100,2.039934
u32,branchlut2,admixture,5x6,100,1.893784
u32,countlut,admixture,5x6,100,1.822515
u32,fmt,admixture,5x6,100,2.176479
u32,jeaiii,admixture,5x6,100,1.110032
u32,naive,admixture,5x6,100,4.517523
u32,null,admixture,5x6,100,0.779128
u32,sse2,admixture,5x6,100,2.016198
u32,tmueller,admixture,5x6,100,1.013447
u32,unrolledlut,admixture,5x6,100,1.287841
u32,yy,admixture,5x6,100,1.301469
u32,zmij_scalar,admixture,5x6,100,2.222896
u32,zmij_x64_native,admixture,5x6,100,1.217198
u32,zmij_x64_v1,admixture,5x6,100,1.845922
u32,zmij_x64_v2,admixture,5x6,100,1.251426
u32,zmij_x64_v3,admixture,5x6,100,1.239941
u32,zmij_x64_v4,admixture,5x6,100,1.218825
i32,amartin,bylength,,1,0.916497
i32,branchlut,bylength,,1,3.666189
i32,branchlut2,bylength,,1,3.579258
i32,countlut,bylength,,1,4.108573
i32,fmt,bylength,,1,1.098664
i32,jeaiii,bylength,,1,3.618490
i32,naive,bylength,,1,4.969605
i32,null,bylength,,1,0.767634
i32,sse2,bylength,,1,3.586682
i32,tmueller,bylength,,1,0.938466
i32,unrolledlut,bylength,,1,3.962558
i32,yy,bylength,,1,1.140820
i32,zmij_scalar,bylength,,1,2.498499
i32,zmij_x64_native,bylength,,1,1.472574
i32,zmij_x64_v1,bylength,,1,2.113750
i32,zmij_x64_v2,bylength,,1,1.514366
i32,zmij_x64_v3,bylength,,1,1.471279
i32,zmij_x64_v4,bylength,,1,1.481959
i32,amartin,bylength,,2,0.933013
i32,branchlut,bylength,,2,4.364293
i32,branchlut2,bylength,,2,4.021123
i32,countlut,bylength,,2,3.878416
i32,fmt,bylength,,2,1.098477
i32,jeaiii,bylength,,2,3.670857
i32,naive,bylength,,2,5.480021
i32,null,bylength,,2,0.752871
i32,sse2,bylength,,2,3.663440
i32,tmueller,bylength,,2,1.750047
i32,unrolledlut,bylength,,2,4.250402
i32,yy,bylength,,2,1.164222
i32,zmij_scalar,bylength,,2,2.501413
i32,zmij_x64_native,bylength,,2,1.465864
i32,zmij_x64_v1,bylength,,2,2.109756
i32,zmij_x64_v2,bylength,,2,1.518217
i32,zmij_x64_v3,bylength,,2,1.467947
i32,zmij_x64_v4,bylength,,2,1.467550
i32,amartin,bylength,,3,1.264139
i32,branchlut,bylength,,3,4.328840
i32,branchlut2,bylength,,3,3.824082
i32,countlut,bylength,,3,4.364243
i32,fmt,bylength,,3,1.806320
i32,jeaiii,bylength,,3,3.719699
i32,naive,bylength,,3,5.951374
i32,null,bylength,,3,0.758886
i32,sse2,bylength,,3,3.701908
i32,tmueller,bylength,,3,1.755405
i32,unrolledlut,bylength,,3,4.508238
i32,yy,bylength,,3,1.290770
i32,zmij_scalar,bylength,,3,2.484795
i32,zmij_x64_native,bylength,,3,1.462532
i32,zmij_x64_v1,bylength,,3,2.111179
i32,zmij_x64_v2,bylength,,3,1.508832
i32,zmij_x64_v3,bylength,,3,1.474931
i32,zmij_x64_v4,bylength,,3,1.473097
i32,amartin,bylength,,4,1.259555
i32,branchlut,bylength,,4,3.899106
i32,branchlut2,bylength,,4,3.660206
i32,countlut,bylength,,4,4.429155
i32,fmt,bylength,,4,1.354496
i32,jeaiii,bylength,,4,3.759879
i32,naive,bylength,,4,6.399949
i32,null,bylength,,4,0.829004
i32,sse2,bylength,,4,3.874354
i32,tmueller,bylength,,4,1.326397
i32,unrolledlut,bylength,,4,4.292004
i32,yy,bylength,,4,1.290402
i32,zmij_scalar,bylength,,4,2.495471
i32,zmij_x64_native,bylength,,4,1.465269
i32,zmij_x64_v1,bylength,,4,2.114794
i32,zmij_x64_v2,bylength,,4,1.520871
i32,zmij_x64_v3,bylength,,4,1.471525
i32,zmij_x64_v4,bylength,,4,1.475598
i32,amartin,bylength,,5,1.777448
i32,branchlut,bylength,,5,4.299062
i32,branchlut2,bylength,,5,4.520602
i32,countlut,bylength,,5,4.714266
i32,fmt,bylength,,5,1.812480
i32,jeaiii,bylength,,5,3.789501
i32,naive,bylength,,5,6.912238
i32,null,bylength,,5,0.847094
i32,sse2,bylength,,5,4.297419
i32,tmueller,bylength,,5,1.322685
i32,unrolledlut,bylength,,5,4.598211
i32,yy,bylength,,5,1.581962
i32,zmij_scalar,bylength,,5,2.494305
i32,zmij_x64_native,bylength,,5,1.466196
i32,zmij_x64_v1,bylength,,5,2.121413
i32,zmij_x64_v2,bylength,,5,1.514060
i32,zmij_x64_v3,bylength,,5,1.471859
i32,zmij_x64_v4,bylength,,5,1.468281
i32,amartin,bylength,,6,1.797551
i32,branchlut,bylength,,6,4.731560
i32,branchlut2,bylength,,6,4.558126
i32,countlut,bylength,,6,4.426772
i32,fmt,bylength,,6,1.825073
i32,jeaiii,bylength,,6,4.123216
i32,naive,bylength,,6,7.555994
i32,null,bylength,,6,0.734815
i32,sse2,bylength,,6,4.672819
i32,tmueller,bylength,,6,1.717377
i32,unrolledlut,bylength,,6,4.555759
i32,yy,bylength,,6,1.580431
i32,zmij_scalar,bylength,,6,2.513866
i32,zmij_x64_native,bylength,,6,1.461894
i32,zmij_x64_v1,bylength,,6,2.121685
i32,zmij_x64_v2,bylength,,6,1.515384
i32,zmij_x64_v3,bylength,,6,1.475455
i32,zmij_x64_v4,bylength,,6,1.468417
i32,amartin,bylength,,7,2.338655
i32,branchlut,bylength,,7,4.751969
i32,branchlut2,bylength,,7,4.587524
i32,countlut,bylength,,7,4.938982
i32,fmt,bylength,,7,2.134419
i32,jeaiii,bylength,,7,3.861924
i32,naive,bylength,,7,8.088511
i32,null,bylength,,7,0.758936
i32,sse2,bylength,,7,4.730153
i32,tmueller,bylength,,7,1.723695
i32,unrolledlut,bylength,,7,4.340160
i32,yy,bylength,,7,2.002699
i32,zmij_scalar,bylength,,7,2.511824
i32,zmij_x64_native,bylength,,7,1.466762
i32,zmij_x64_v1,bylength,,7,2.120894
i32,zmij_x64_v2,bylength,,7,1.521778
i32,zmij_x64_v3,bylength,,7,1.465776
i32,zmij_x64_v4,bylength,,7,1.482637
i32,amartin,bylength,,8,2.332344
i32,branchlut,bylength,,8,4.788275
i32,branchlut2,bylength,,8,4.897756
i32,countlut,bylength,,8,5.177240
i32,fmt,bylength,,8,2.131574
i32,jeaiii,bylength,,8,4.308324
i32,naive,bylength,,8,7.787046
i32,null,bylength,,8,0.849289
i32,sse2,bylength,,8,4.889758
i32,tmueller,bylength,,8,2.447145
i32,unrolledlut,bylength,,8,4.278460
i32,yy,bylength,,8,2.018496
i32,zmij_scalar,bylength,,8,2.509024
i32,zmij_x64_native,bylength,,8,1.470183
i32,zmij_x64_v1,bylength,,8,2.117646
i32,zmij_x64_v2,bylength,,8,1.523806
i32,zmij_x64_v3,bylength,,8,1.470386
i32,zmij_x64_v4,bylength,,8,1.489037
i32,amartin,bylength,,9,2.635221
i32,branchlut,bylength,,9,5.287994
i32,branchlut2,bylength,,9,5.448319
i32,countlut,bylength,,9,5.607488
i32,fmt,bylength,,9,2.493961
i32,jeaiii,bylength,,9,4.424663
i32,naive,bylength,,9,8.628345
i32,null,bylength,,9,0.857485
i32,sse2,bylength,,9,4.154587
i32,tmueller,bylength,,9,2.435032
i32,unrolledlut,bylength,,9,4.525093
i32,yy,bylength,,9,2.359160
i32,zmij_scalar,bylength,,9,2.492360
i32,zmij_x64_native,bylength,,9,1.479018
i32,zmij_x64_v1,bylength,,9,2.115654
i32,zmij_x64_v2,bylength,,9,1.509221
i32,zmij_x64_v3,bylength,,9,1.473262
i32,zmij_x64_v4,bylength,,9,1.469757
i32,amartin,bylength,,10,2.697230
i32,branchlut,bylength,,10,5.618349
i32,branchlut2,bylength,,10,5.380143
i32,countlut,bylength,,10,5.451850
i32,fmt,bylength,,10,2.516496
i32,jeaiii,bylength,,10,4.510503
i32,naive,bylength,,10,9.549139
i32,null,bylength,,10,0.781622
i32,sse2,bylength,,10,4.571486
i32,tmueller,bylength,,10,2.448132
i32,unrolledlut,bylength,,10,4.470091
i32,yy,bylength,,10,2.377830
i32,zmij_scalar,bylength,,10,2.508064
i32,zmij_x64_native,bylength,,10,1.492111
i32,zmij_x64_v1,bylength,,10,2.131598
i32,zmij_x64_v2,bylength,,10,1.521212
i32,zmij_x64_v3,bylength,,10,1.475634
i32,zmij_x64_v4,bylength,,10,1.476816
i32,amartin,loguniform,1-10,10,6.708834
i32,branchlut,loguniform,1-10,10,11.061012
i32,branchlut2,loguniform,1-10,10,11.230823
i32,countlut,loguniform,1-10,10,11.752421
i32,fmt,loguniform,1-10,10,9.443793
i32,jeaiii,loguniform,1-10,10,10.855742
i32,naive,loguniform,1-10,10,12.819102
i32,null,loguniform,1-10,10,0.785401
i32,sse2,loguniform,1-10,10,10.539387
i32,tmueller,loguniform,1-10,10,7.154486
i32,unrolledlut,loguniform,1-10,10,10.476270
i32,yy,loguniform,1-10,10,6.285912
i32,zmij_scalar,loguniform,1-10,10,2.534810
i32,zmij_x64_native,loguniform,1-10,10,1.476218
i32,zmij_x64_v1,loguniform,1-10,10,2.132577
i32,zmij_x64_v2,loguniform,1-10,10,1.505719
i32,zmij_x64_v3,loguniform,1-10,10,1.484410
i32,zmij_x64_v4,loguniform,1-10,10,1.474846
i32,amartin,loguniform,1-4,4,3.852422
i32,branchlut,loguniform,1-4,4,7.979966
i32,branchlut2,loguniform,1-4,4,8.640698
i32,countlut,loguniform,1-4,4,9.532320
i32,fmt,loguniform,1-4,4,6.581740
i32,jeaiii,loguniform,1-4,4,8.534277
i32,naive,loguniform,1-4,4,9.617110
i32,null,loguniform,1-4,4,0.892194
i32,sse2,loguniform,1-4,4,7.980535
i32,tmueller,loguniform,1-4,4,4.654479
i32,unrolledlut,loguniform,1-4,4,9.016388
i32,yy,loguniform,1-4,4,3.970238
i32,zmij_scalar,loguniform,1-4,4,2.543846
i32,zmij_x64_native,loguniform,1-4,4,1.502322
i32,zmij_x64_v1,loguniform,1-4,4,2.139354
i32,zmij_x64_v2,loguniform,1-4,4,1.527055
i32,zmij_x64_v3,loguniform,1-4,4,1.501797
i32,zmij_x64_v4,loguniform,1-4,4,1.491934
i32,amartin,uniform,0-255,0,3.428909
i32,branchlut,uniform,0-255,0,3.747498
i32,branchlut2,uniform,0-255,0,3.337754
i32,countlut,uniform,0-255,0,3.648732
i32,fmt,uniform,0-255,0,3.868516
i32,jeaiii,uniform,0-255,0,3.350173
i32,naive,uniform,0-255,0,5.454291
i32,null,uniform,0-255,0,0.774467
i32,sse2,uniform,0-255,0,3.348627
i32,tmueller,uniform,0-255,0,1.988274
i32,unrolledlut,uniform,0-255,0,3.853388
i32,yy,uniform,0-255,0,3.407411
i32,zmij_scalar,uniform,0-255,0,2.493018
i32,zmij_x64_native,uniform,0-255,0,1.463057
i32,zmij_x64_v1,uniform,0-255,0,2.119280
i32,zmij_x64_v2,uniform,0-255,0,1.508934
i32,zmij_x64_v3,uniform,0-255,0,1.473883
i32,zmij_x64_v4,uniform,0-255,0,1.473075
i32,amartin,unpredictable,,1,3.079879
i32,branchlut,unpredictable,,1,5.465440
i32,branchlut2,unpredictable,,1,4.604459
i32,countlut,unpredictable,,1,8.070707
i32,fmt,unpredictable,,1,4.281295
i32,jeaiii,unpredictable,,1,6.865354
i32,naive,unpredictable,,1,8.186195
i32,null,unpredictable,,1,0.744786
i32,sse2,unpredictable,,1,5.420535
i32,tmueller,unpredictable,,1,2.005855
i32,unrolledlut,unpredictable,,1,5.290306
i32,yy,unpredictable,,1,4.197469
i32,zmij_scalar,unpredictable,,1,2.510969
i32,zmij_x64_native,unpredictable,,1,1.464591
i32,zmij_x64_v1,unpredictable,,1,2.149411
i32,zmij_x64_v2,unpredictable,,1,1.546241
i32,zmij_x64_v3,unpredictable,,1,1.511605
i32,zmij_x64_v4,unpredictable,,1,1.494139
i32,amartin,unpredictable,,2,3.065228
i32,branchlut,unpredictable,,2,5.739914
i32,branchlut2,unpredictable,,2,4.762977
i32,countlut,unpredictable,,2,8.430241
i32,fmt,unpredictable,,2,4.289578
i32,jeaiii,unpredictable,,2,7.487911
i32,naive,unpredictable,,2,8.662576
i32,null,unpredictable,,2,0.771509
i32,sse2,unpredictable,,2,5.644965
i32,tmueller,unpredictable,,2,2.067848
i32,unrolledlut,unpredictable,,2,5.638041
i32,yy,unpredictable,,2,4.209743
i32,zmij_scalar,unpredictable,,2,2.475421
i32,zmij_x64_native,unpredictable,,2,1.469511
i32,zmij_x64_v1,unpredictable,,2,2.118767
i32,zmij_x64_v2,unpredictable,,2,1.551155
i32,zmij_x64_v3,unpredictable,,2,1.504809
i32,zmij_x64_v4,unpredictable,,2,1.476614
i32,amartin,unpredictable,,3,2.225684
i32,branchlut,unpredictable,,3,6.192574
i32,branchlut2,unpredictable,,3,4.786208
i32,countlut,unpredictable,,3,6.262029
i32,fmt,unpredictable,,3,3.719495
i32,jeaiii,unpredictable,,3,4.716105
i32,naive,unpredictable,,3,8.371752
i32,null,unpredictable,,3,0.930909
i32,sse2,unpredictable,,3,5.912659
i32,tmueller,unpredictable,,3,1.976706
i32,unrolledlut,unpredictable,,3,4.701597
i32,yy,unpredictable,,3,3.344995
i32,zmij_scalar,unpredictable,,3,2.523613
i32,zmij_x64_native,unpredictable,,3,1.473489
i32,zmij_x64_v1,unpredictable,,3,2.129980
i32,zmij_x64_v2,unpredictable,,3,1.524298
i32,zmij_x64_v3,unpredictable,,3,1.476260
i32,zmij_x64_v4,unpredictable,,3,1.477784
i32,amartin,unpredictable,,4,2.190811
i32,branchlut,unpredictable,,4,6.462008
i32,branchlut2,unpredictable,,4,4.623728
i32,countlut,unpredictable,,4,6.292783
i32,fmt,unpredictable,,4,3.505447
i32,jeaiii,unpredictable,,4,4.759866
i32,naive,unpredictable,,4,8.547531
i32,null,unpredictable,,4,0.898525
i32,sse2,unpredictable,,4,6.034973
i32,tmueller,unpredictable,,4,2.174085
i32,unrolledlut,unpredictable,,4,4.735644
i32,yy,unpredictable,,4,3.439850
i32,zmij_scalar,unpredictable,,4,2.492078
i32,zmij_x64_native,unpredictable,,4,1.485321
i32,zmij_x64_v1,unpredictable,,4,2.111937
i32,zmij_x64_v2,unpredictable,,4,1.555835
i32,zmij_x64_v3,unpredictable,,4,1.487603
i32,zmij_x64_v4,unpredictable,,4,1.491937
i32,amartin,unpredictable,,5,2.141219
i32,branchlut,unpredictable,,5,5.009382
i32,branchlut2,unpredictable,,5,5.255778
i32,countlut,unpredictable,,5,6.218760
i32,fmt,unpredictable,,5,2.799508
i32,jeaiii,unpredictable,,5,4.948793
i32,naive,unpredictable,,5,8.631938
i32,null,unpredictable,,5,0.907912
i32,sse2,unpredictable,,5,4.801900
i32,tmueller,unpredictable,,5,2.139903
i32,unrolledlut,unpredictable,,5,4.851454
i32,yy,unpredictable,,5,2.518292
i32,zmij_scalar,unpredictable,,5,2.480081
i32,zmij_x64_native,unpredictable,,5,1.474432
i32,zmij_x64_v1,unpredictable,,5,2.130312
i32,zmij_x64_v2,unpredictable,,5,1.534323
i32,zmij_x64_v3,unpredictable,,5,1.531172
i32,zmij_x64_v4,unpredictable,,5,1.480727
i32,amartin,unpredictable,,6,2.055295
i32,branchlut,unpredictable,,6,4.997150
i32,branchlut2,unpredictable,,6,5.012645
i32,countlut,unpredictable,,6,5.830365
i32,fmt,unpredictable,,6,2.711588
i32,jeaiii,unpredictable,,6,4.865140
i32,naive,unpredictable,,6,8.755749
i32,null,unpredictable,,6,0.913257
i32,sse2,unpredictable,,6,4.977096
i32,tmueller,unpredictable,,6,2.437511
i32,unrolledlut,unpredictable,,6,4.767389
i32,yy,unpredictable,,6,2.537066
i32,zmij_scalar,unpredictable,,6,2.490449
i32,zmij_x64_native,unpredictable,,6,1.493237
i32,zmij_x64_v1,unpredictable,,6,2.060508
i32,zmij_x64_v2,unpredictable,,6,1.561792
i32,zmij_x64_v3,unpredictable,,6,1.511892
i32,zmij_x64_v4,unpredictable,,6,1.532239
i32,amartin,unpredictable,,7,2.445336
i32,branchlut,unpredictable,,7,5.538151
i32,branchlut2,unpredictable,,7,5.179033
i32,countlut,unpredictable,,7,5.212796
i32,fmt,unpredictable,,7,2.353824
i32,jeaiii,unpredictable,,7,4.775603
i32,naive,unpredictable,,7,8.878656
i32,null,unpredictable,,7,0.851896
i32,sse2,unpredictable,,7,5.375760
i32,tmueller,unpredictable,,7,2.360585
i32,unrolledlut,unpredictable,,7,6.456771
i32,yy,unpredictable,,7,2.195449
i32,zmij_scalar,unpredictable,,7,2.489432
i32,zmij_x64_native,unpredictable,,7,1.479258
i32,zmij_x64_v1,unpredictable,,7,2.133684
i32,zmij_x64_v2,unpredictable,,7,1.550847
i32,zmij_x64_v3,unpredictable,,7,1.493447
i32,zmij_x64_v4,unpredictable,,7,1.477901
i32,amartin,unpredictable,,8,2.510103
i32,branchlut,unpredictable,,8,5.981149
i32,branchlut2,unpredictable,,8,5.350642
i32,countlut,unpredictable,,8,5.559559
i32,fmt,unpredictable,,8,2.451511
i32,jeaiii,unpredictable,,8,4.910545
i32,naive,unpredictable,,8,8.042185
i32,null,unpredictable,,8,0.740028
i32,sse2,unpredictable,,8,5.984228
i32,tmueller,unpredictable,,8,2.612172
i32,unrolledlut,unpredictable,,8,6.548951
i32,yy,unpredictable,,8,2.203155
i32,zmij_scalar,unpredictable,,8,2.495614
i32,zmij_x64_native,unpredictable,,8,1.471631
i32,zmij_x64_v1,unpredictable,,8,2.140482
i32,zmij_x64_v2,unpredictable,,8,1.548110
i32,zmij_x64_v3,unpredictable,,8,1.516832
i32,zmij_x64_v4,unpredictable,,8,1.496294
i32,amartin,unpredictable,,9,5.241325
i32,branchlut,unpredictable,,9,6.601055
i32,branchlut2,unpredictable,,9,8.128514
i32,countlut,unpredictable,,9,6.270441
i32,fmt,unpredictable,,9,2.767922
i32,jeaiii,unpredictable,,9,5.067473
i32,naive,unpredictable,,9,8.707441
i32,null,unpredictable,,9,0.859309
i32,sse2,unpredictable,,9,5.471869
i32,tmueller,unpredictable,,9,2.597612
i32,unrolledlut,unpredictable,,9,7.971179
i32,yy,unpredictable,,9,2.532798
i32,zmij_scalar,unpredictable,,9,2.491160
i32,zmij_x64_native,unpredictable,,9,1.490533
i32,zmij_x64_v1,unpredictable,,9,2.152899
i32,zmij_x64_v2,unpredictable,,9,1.569852
i32,zmij_x64_v3,unpredictable,,9,1.517997
i32,zmij_x64_v4,unpredictable,,9,1.485655
i32,amartin,unpredictable,,10,5.129868
i32,branchlut,unpredictable,,10,6.451243
i32,branchlut2,unpredictable,,10,8.207529
i32,countlut,unpredictable,,10,5.689147
i32,fmt,unpredictable,,10,2.800094
i32,jeaiii,unpredictable,,10,4.903822
i32,naive,unpredictable,,10,9.656937
i32,null,unpredictable,,10,0.852487
i32,sse2,unpredictable,,10,5.645457
i32,tmueller,unpredictable,,10,2.572248
i32,unrolledlut,unpredictable,,10,7.468305
i32,yy,unpredictable,,10,2.540354
i32,zmij_scalar,unpredictable,,10,2.496686
i32,zmij_x64_native,unpredictable,,10,1.485047
i32,zmij_x64_v1,unpredictable,,10,2.147627
i32,zmij_x64_v2,unpredictable,,10,1.559397
i32,zmij_x64_v3,unpredictable,,10,1.515073
i32,zmij_x64_v4,unpredictable,,10,1.495758
i32,amartin,admixture,5x6,0,1.770348
i32,branchlut,admixture,5x6,0,4.774553
i32,branchlut2,admixture,5x6,0,4.566244
i32,countlut,admixture,5x6,0,4.470873
i32,fmt,admixture,5x6,0,1.817983
i32,jeaiii,admixture,5x6,0,4.120265
i32,naive,admixture,5x6,0,7.561783
i32,null,admixture,5x6,0,0.759753
i32,sse2,admixture,5x6,0,4.689159
i32,tmueller,admixture,5x6,0,1.718356
i32,unrolledlut,admixture,5x6,0,4.559279
i32,yy,admixture,5x6,0,1.588272
i32,zmij_scalar,admixture,5x6,0,2.521906
i32,zmij_x64_native,admixture,5x6,0,1.467263
i32,zmij_x64_v1,admixture,5x6,0,2.126496
i32,zmij_x64_v2,admixture,5x6,0,1.510412
i32,zmij_x64_v3,admixture,5x6,0,1.472619
i32,zmij_x64_v4,admixture,5x6,0,1.464103
i32,amartin,admixture,5x6,10,1.789525
i32,branchlut,admixture,5x6,10,4.943512
i32,branchlut2,admixture,5x6,10,4.778957
i32,countlut,admixture,5x6,10,5.397859
i32,fmt,admixture,5x6,10,2.543552
i32,jeaiii,admixture,5x6,10,4.555173
i32,naive,admixture,5x6,10,8.009575
i32,null,admixture,5x6,10,0.856912
i32,sse2,admixture,5x6,10,4.903771
i32,tmueller,admixture,5x6,10,2.265228
i32,unrolledlut,admixture,5x6,10,4.782385
i32,yy,admixture,5x6,10,1.579133
i32,zmij_scalar,admixture,5x6,10,2.506819
i32,zmij_x64_native,admixture,5x6,10,1.461390
i32,zmij_x64_v1,admixture,5x6,10,2.115811
i32,zmij_x64_v2,admixture,5x6,10,1.503920
i32,zmij_x64_v3,admixture,5x6,10,1.471504
i32,zmij_x64_v4,admixture,5x6,10,1.469031
i32,amartin,admixture,5x6,20,1.812469
i32,branchlut,admixture,5x6,20,5.608514
i32,branchlut2,admixture,5x6,20,5.391862
i32,countlut,admixture,5x6,20,6.124880
i32,fmt,admixture,5x6,20,3.190365
i32,jeaiii,admixture,5x6,20,5.130892
i32,naive,admixture,5x6,20,8.601839
i32,null,admixture,5x6,20,0.725563
i32,sse2,admixture,5x6,20,5.482384
i32,tmueller,admixture,5x6,20,2.714267
i32,unrolledlut,admixture,5x6,20,5.303297
i32,yy,admixture,5x6,20,1.565603
i32,zmij_scalar,admixture,5x6,20,2.498738
i32,zmij_x64_native,admixture,5x6,20,1.461053
i32,zmij_x64_v1,admixture,5x6,20,2.126854
i32,zmij_x64_v2,admixture,5x6,20,1.507754
i32,zmij_x64_v3,admixture,5x6,20,1.464760
i32,zmij_x64_v4,admixture,5x6,20,1.464132
i32,amartin,admixture,5x6,30,1.777038
i32,branchlut,admixture,5x6,30,6.080850
i32,branchlut2,admixture,5x6,30,5.959555
i32,countlut,admixture,5x6,30,6.722984
i32,fmt,admixture,5x6,30,3.872141
i32,jeaiii,admixture,5x6,30,5.617847
i32,naive,admixture,5x6,30,9.207865
i32,null,admixture,5x6,30,0.771531
i32,sse2,admixture,5x6,30,6.124192
i32,tmueller,admixture,5x6,30,3.270622
i32,unrolledlut,admixture,5x6,30,5.950791
i32,yy,admixture,5x6,30,1.592426
i32,zmij_scalar,admixture,5x6,30,2.501093
i32,zmij_x64_native,admixture,5x6,30,1.458137
i32,zmij_x64_v1,admixture,5x6,30,2.127059
i32,zmij_x64_v2,admixture,5x6,30,1.505103
i32,zmij_x64_v3,admixture,5x6,30,1.481550
i32,zmij_x64_v4,admixture,5x6,30,1.478295
i32,amartin,admixture,5x6,40,1.777131
i32,branchlut,admixture,5x6,40,6.659358
i32,branchlut2,admixture,5x6,40,6.513665
i32,countlut,admixture,5x6,40,7.463846
i32,fmt,admixture,5x6,40,4.460974
i32,jeaiii,admixture,5x6,40,6.228800
i32,naive,admixture,5x6,40,9.793277
i32,null,admixture,5x6,40,0.817140
i32,sse2,admixture,5x6,40,6.596983
i32,tmueller,admixture,5x6,40,3.855124
i32,unrolledlut,admixture,5x6,40,6.579550
i32,yy,admixture,5x6,40,1.584214
i32,zmij_scalar,admixture,5x6,40,2.509077
i32,zmij_x64_native,admixture,5x6,40,1.483447
i32,zmij_x64_v1,admixture,5x6,40,2.138071
i32,zmij_x64_v2,admixture,5x6,40,1.512403
i32,zmij_x64_v3,admixture,5x6,40,1.477810
i32,zmij_x64_v4,admixture,5x6,40,1.470933
i32,amartin,admixture,5x6,50,1.779255
i32,branchlut,admixture,5x6,50,6.932772
i32,branchlut2,admixture,5x6,50,6.797591
i32,countlut,admixture,5x6,50,7.837087
i32,fmt,admixture,5x6,50,4.846975
i32,jeaiii,admixture,5x6,50,6.557490
i32,naive,admixture,5x6,50,10.052066
i32,null,admixture,5x6,50,0.769677
i32,sse2,admixture,5x6,50,6.963438
i32,tmueller,admixture,5x6,50,4.163083
i32,unrolledlut,admixture,5x6,50,6.897690
i32,yy,admixture,5x6,50,1.590737
i32,zmij_scalar,admixture,5x6,50,2.488259
i32,zmij_x64_native,admixture,5x6,50,1.474315
i32,zmij_x64_v1,admixture,5x6,50,2.117120
i32,zmij_x64_v2,admixture,5x6,50,1.532573
i32,zmij_x64_v3,admixture,5x6,50,1.475139
i32,zmij_x64_v4,admixture,5x6,50,1.468267
i32,amartin,admixture,5x6,60,1.777394
i32,branchlut,admixture,5x6,60,6.710629
i32,branchlut2,admixture,5x6,60,6.525549
i32,countlut,admixture,5x6,60,7.413217
i32,fmt,admixture,5x6,60,4.466161
i32,jeaiii,admixture,5x6,60,6.272923
i32,naive,admixture,5x6,60,9.659642
i32,null,admixture,5x6,60,0.751719
i32,sse2,admixture,5x6,60,6.695774
i32,tmueller,admixture,5x6,60,3.762728
i32,unrolledlut,admixture,5x6,60,6.545851
i32,yy,admixture,5x6,60,1.575877
i32,zmij_scalar,admixture,5x6,60,2.512079
i32,zmij_x64_native,admixture,5x6,60,1.463275
i32,zmij_x64_v1,admixture,5x6,60,2.122332
i32,zmij_x64_v2,admixture,5x6,60,1.514940
i32,zmij_x64_v3,admixture,5x6,60,1.483975
i32,zmij_x64_v4,admixture,5x6,60,1.477119
i32,amartin,admixture,5x6,70,1.773099
i32,branchlut,admixture,5x6,70,6.113077
i32,branchlut2,admixture,5x6,70,5.916828
i32,countlut,admixture,5x6,70,6.612408
i32,fmt,admixture,5x6,70,3.873405
i32,jeaiii,admixture,5x6,70,5.641860
i32,naive,admixture,5x6,70,8.907431
i32,null,admixture,5x6,70,0.750006
i32,sse2,admixture,5x6,70,6.096973
i32,tmueller,admixture,5x6,70,3.103955
i32,unrolledlut,admixture,5x6,70,5.943715
i32,yy,admixture,5x6,70,1.583462
i32,zmij_scalar,admixture,5x6,70,2.503487
i32,zmij_x64_native,admixture,5x6,70,1.463089
i32,zmij_x64_v1,admixture,5x6,70,2.127681
i32,zmij_x64_v2,admixture,5x6,70,1.523312
i32,zmij_x64_v3,admixture,5x6,70,1.483410
i32,zmij_x64_v4,admixture,5x6,70,1.475221
i32,amartin,admixture,5x6,80,1.791559
i32,branchlut,admixture,5x6,80,5.514315
i32,branchlut2,admixture,5x6,80,5.397578
i32,countlut,admixture,5x6,80,5.846697
i32,fmt,admixture,5x6,80,3.191476
i32,jeaiii,admixture,5x6,80,5.040279
i32,naive,admixture,5x6,80,8.131679
i32,null,admixture,5x6,80,0.767444
i32,sse2,admixture,5x6,80,5.469923
i32,tmueller,admixture,5x6,80,2.481251
i32,unrolledlut,admixture,5x6,80,5.339948
i32,yy,admixture,5x6,80,1.571814
i32,zmij_scalar,admixture,5x6,80,2.509681
i32,zmij_x64_native,admixture,5x6,80,1.463010
i32,zmij_x64_v1,admixture,5x6,80,2.161732
i32,zmij_x64_v2,admixture,5x6,80,1.551209
i32,zmij_x64_v3,admixture,5x6,80,1.509121
i32,zmij_x64_v4,admixture,5x6,80,1.494039
i32,amartin,admixture,5x6,90,1.808955
i32,branchlut,admixture,5x6,90,4.921433
i32,branchlut2,admixture,5x6,90,4.761757
i32,countlut,admixture,5x6,90,5.118482
i32,fmt,admixture,5x6,90,2.527405
i32,jeaiii,admixture,5x6,90,4.479148
i32,naive,admixture,5x6,90,7.533784
i32,null,admixture,5x6,90,0.819799
i32,sse2,admixture,5x6,90,4.970940
i32,tmueller,admixture,5x6,90,2.002006
i32,unrolledlut,admixture,5x6,90,4.819432
i32,yy,admixture,5x6,90,1.603158
i32,zmij_scalar,admixture,5x6,90,2.492186
i32,zmij_x64_native,admixture,5x6,90,1.514746
i32,zmij_x64_v1,admixture,5x6,90,2.164825
i32,zmij_x64_v2,admixture,5x6,90,1.526281
i32,zmij_x64_v3,admixture,5x6,90,1.514617
i32,zmij_x64_v4,admixture,5x6,90,1.530617
i32,amartin,admixture,5x6,100,1.809046
i32,branchlut,admixture,5x6,100,4.382815
i32,branchlut2,admixture,5x6,100,4.560040
i32,countlut,admixture,5x6,100,4.800863
i32,fmt,admixture,5x6,100,1.825399
i32,jeaiii,admixture,5x6,100,3.833016
i32,naive,admixture,5x6,100,6.961048
i32,null,admixture,5x6,100,0.831762
i32,sse2,admixture,5x6,100,4.347116
i32,tmueller,admixture,5x6,100,1.321199
i32,unrolledlut,admixture,5x6,100,4.536667
i32,yy,admixture,5x6,100,1.577686
i32,zmij_scalar,admixture,5x6,100,2.519312
i32,zmij_x64_native,admixture,5x6,100,1.465931
i32,zmij_x64_v1,admixture,5x6,100,2.119326
i32,zmij_x64_v2,admixture,5x6,100,1.511426
i32,zmij_x64_v3,admixture,5x6,100,1.475770
i32,zmij_x64_v4,admixture,5x6,100,1.476594
u64,amartin,bylength,,1,0.846571
u64,branchlut,bylength,,1,0.891616
u64,branchlut2,bylength,,1,0.948252
u64,countlut,bylength,,1,1.161426
u64,fmt,bylength,,1,1.142085
u64,jeaiii,bylength,,1,0.828887
u64,naive,bylength,,1,2.113264
u64,null,bylength,,1,1.121346
u64,sse2,bylength,,1,0.903703
u64,tmueller,bylength,,1,1.007668
u64,unrolledlut,bylength,,1,1.189871
u64,yy,bylength,,1,1.268599
u64,zmij_scalar,bylength,,1,4.832079
u64,zmij_x64_native,bylength,,1,2.091935
u64,zmij_x64_v1,bylength,,1,3.551517
u64,zmij_x64_v2,bylength,,1,2.362822
u64,zmij_x64_v3,bylength,,1,2.239730
u64,zmij_x64_v4,bylength,,1,2.220578
u64,amartin,bylength,,2,0.870625
u64,branchlut,bylength,,2,1.129547
u64,branchlut2,bylength,,2,1.006503
u64,countlut,bylength,,2,1.321745
u64,fmt,bylength,,2,1.136555
u64,jeaiii,bylength,,2,1.028909
u64,naive,bylength,,2,2.663429
u64,null,bylength,,2,0.897230
u64,sse2,bylength,,2,0.993840
u64,tmueller,bylength,,2,1.125087
u64,unrolledlut,bylength,,2,1.393516
u64,yy,bylength,,2,1.192085
u64,zmij_scalar,bylength,,2,4.799605
u64,zmij_x64_native,bylength,,2,2.079980
u64,zmij_x64_v1,bylength,,2,3.521900
u64,zmij_x64_v2,bylength,,2,2.348356
u64,zmij_x64_v3,bylength,,2,2.220716
u64,zmij_x64_v4,bylength,,2,2.212910
u64,amartin,bylength,,3,1.056567
u64,branchlut,bylength,,3,1.112298
u64,branchlut2,bylength,,3,0.970811
u64,countlut,bylength,,3,1.502321
u64,fmt,bylength,,3,1.679232
u64,jeaiii,bylength,,3,1.047641
u64,naive,bylength,,3,3.424446
u64,null,bylength,,3,1.116695
u64,sse2,bylength,,3,1.358610
u64,tmueller,bylength,,3,1.378273
u64,unrolledlut,bylength,,3,1.593332
u64,yy,bylength,,3,1.360456
u64,zmij_scalar,bylength,,3,4.818559
u64,zmij_x64_native,bylength,,3,2.062557
u64,zmij_x64_v1,bylength,,3,3.531792
u64,zmij_x64_v2,bylength,,3,2.340385
u64,zmij_x64_v3,bylength,,3,2.225193
u64,zmij_x64_v4,bylength,,3,2.213899
u64,amartin,bylength,,4,1.051984
u64,branchlut,bylength,,4,1.198054
u64,branchlut2,bylength,,4,1.243124
u64,countlut,bylength,,4,1.682347
u64,fmt,bylength,,4,1.396525
u64,jeaiii,bylength,,4,1.209360
u64,naive,bylength,,4,4.182967
u64,null,bylength,,4,1.061920
u64,sse2,bylength,,4,1.125963
u64,tmueller,bylength,,4,1.368611
u64,unrolledlut,bylength,,4,1.433711
u64,yy,bylength,,4,1.332232
u64,zmij_scalar,bylength,,4,4.809769
u64,zmij_x64_native,bylength,,4,2.073473
u64,zmij_x64_v1,bylength,,4,3.525595
u64,zmij_x64_v2,bylength,,4,2.350993
u64,zmij_x64_v3,bylength,,4,2.221949
u64,zmij_x64_v4,bylength,,4,2.215418
u64,amartin,bylength,,5,1.558476
u64,branchlut,bylength,,5,2.135324
u64,branchlut2,bylength,,5,1.934826
u64,countlut,bylength,,5,1.932340
u64,fmt,bylength,,5,1.917257
u64,jeaiii,bylength,,5,1.313160
u64,naive,bylength,,5,4.881561
u64,null,bylength,,5,0.770393
u64,sse2,bylength,,5,2.086986
u64,tmueller,bylength,,5,1.885354
u64,unrolledlut,bylength,,5,1.547894
u64,yy,bylength,,5,1.421201
u64,zmij_scalar,bylength,,5,4.927409
u64,zmij_x64_native,bylength,,5,2.095848
u64,zmij_x64_v1,bylength,,5,3.605604
u64,zmij_x64_v2,bylength,,5,2.424868
u64,zmij_x64_v3,bylength,,5,2.250668
u64,zmij_x64_v4,bylength,,5,2.235371
u64,amartin,bylength,,6,1.558429
u64,branchlut,bylength,,6,2.276292
u64,branchlut2,bylength,,6,1.978468
u64,countlut,bylength,,6,2.124010
u64,fmt,bylength,,6,1.922281
u64,jeaiii,bylength,,6,1.330683
u64,naive,bylength,,6,5.753395
u64,null,bylength,,6,0.773661
u64,sse2,bylength,,6,2.233319
u64,tmueller,bylength,,6,1.834733
u64,unrolledlut,bylength,,6,1.646301
u64,yy,bylength,,6,1.423327
u64,zmij_scalar,bylength,,6,4.951315
u64,zmij_x64_native,bylength,,6,2.080154
u64,zmij_x64_v1,bylength,,6,3.605963
u64,zmij_x64_v2,bylength,,6,2.433112
u64,zmij_x64_v3,bylength,,6,2.258768
u64,zmij_x64_v4,bylength,,6,2.270614
u64,amartin,bylength,,7,2.041737
u64,branchlut,bylength,,7,2.307999
u64,branchlut2,bylength,,7,2.445841
u64,countlut,bylength,,7,2.412027
u64,fmt,bylength,,7,2.435802
u64,jeaiii,bylength,,7,1.697517
u64,naive,bylength,,7,6.429422
u64,null,bylength,,7,0.754678
u64,sse2,bylength,,7,2.320241
u64,tmueller,bylength,,7,2.357225
u64,unrolledlut,bylength,,7,1.819954
u64,yy,bylength,,7,1.766925
u64,zmij_scalar,bylength,,7,4.883835
u64,zmij_x64_native,bylength,,7,2.100699
u64,zmij_x64_v1,bylength,,7,3.612739
u64,zmij_x64_v2,bylength,,7,2.374527
u64,zmij_x64_v3,bylength,,7,2.255195
u64,zmij_x64_v4,bylength,,7,2.204767
u64,amartin,bylength,,8,2.017365
u64,branchlut,bylength,,8,2.385652
u64,branchlut2,bylength,,8,2.484655
u64,countlut,bylength,,8,2.583277
u64,fmt,bylength,,8,2.478318
u64,jeaiii,bylength,,8,1.554033
u64,naive,bylength,,8,6.483441
u64,null,bylength,,8,0.963996
u64,sse2,bylength,,8,2.337070
u64,tmueller,bylength,,8,2.330284
u64,unrolledlut,bylength,,8,1.826967
u64,yy,bylength,,8,1.760887
u64,zmij_scalar,bylength,,8,4.812966
u64,zmij_x64_native,bylength,,8,2.073748
u64,zmij_x64_v1,bylength,,8,3.512622
u64,zmij_x64_v2,bylength,,8,2.330143
u64,zmij_x64_v3,bylength,,8,2.226724
u64,zmij_x64_v4,bylength,,8,2.189420
u64,amartin,bylength,,9,2.322986
u64,branchlut,bylength,,9,4.659889
u64,branchlut2,bylength,,9,4.042917
u64,countlut,bylength,,9,4.242353
u64,fmt,bylength,,9,3.017335
u64,jeaiii,bylength,,9,1.807392
u64,naive,bylength,,9,7.335348
u64,null,bylength,,9,1.022832
u64,sse2,bylength,,9,2.935752
u64,tmueller,bylength,,9,2.871026
u64,unrolledlut,bylength,,9,2.240925
u64,yy,bylength,,9,2.349186
u64,zmij_scalar,bylength,,9,4.992639
u64,zmij_x64_native,bylength,,9,2.064394
u64,zmij_x64_v1,bylength,,9,3.519784
u64,zmij_x64_v2,bylength,,9,2.336989
u64,zmij_x64_v3,bylength,,9,2.223549
u64,zmij_x64_v4,bylength,,9,2.219759
u64,amartin,bylength,,10,3.989491
u64,branchlut,bylength,,10,4.706693
u64,branchlut2,bylength,,10,3.991648
u64,countlut,bylength,,10,4.431824
u64,fmt,bylength,,10,3.051429
u64,jeaiii,bylength,,10,4.055381
u64,naive,bylength,,10,8.269817
u64,null,bylength,,10,0.874987
u64,sse2,bylength,,10,2.928156
u64,tmueller,bylength,,10,2.863420
u64,unrolledlut,bylength,,10,4.400079
u64,yy,bylength,,10,2.338945
u64,zmij_scalar,bylength,,10,4.999143
u64,zmij_x64_native,bylength,,10,2.086856
u64,zmij_x64_v1,bylength,,10,3.510380
u64,zmij_x64_v2,bylength,,10,2.328619
u64,zmij_x64_v3,bylength,,10,2.227630
u64,zmij_x64_v4,bylength,,10,2.214879
u64,amartin,bylength,,11,2.884780
u64,branchlut,bylength,,11,4.940496
u64,branchlut2,bylength,,11,4.559215
u64,countlut,bylength,,11,4.754242
u64,fmt,bylength,,11,3.670059
u64,jeaiii,bylength,,11,2.676065
u64,naive,bylength,,11,9.366659
u64,null,bylength,,11,0.793850
u64,sse2,bylength,,11,2.957088
u64,tmueller,bylength,,11,3.438070
u64,unrolledlut,bylength,,11,2.850908
u64,yy,bylength,,11,2.829916
u64,zmij_scalar,bylength,,11,5.001407
u64,zmij_x64_native,bylength,,11,2.099809
u64,zmij_x64_v1,bylength,,11,3.523098
u64,zmij_x64_v2,bylength,,11,2.339196
u64,zmij_x64_v3,bylength,,11,2.241148
u64,zmij_x64_v4,bylength,,11,2.212268
u64,amartin,bylength,,12,2.903899
u64,branchlut,bylength,,12,5.135881
u64,branchlut2,bylength,,12,4.751933
u64,countlut,bylength,,12,4.914703
u64,fmt,bylength,,12,3.739585
u64,jeaiii,bylength,,12,2.747700
u64,naive,bylength,,12,10.566464
u64,null,bylength,,12,0.763239
u64,sse2,bylength,,12,2.967859
u64,tmueller,bylength,,12,3.523396
u64,unrolledlut,bylength,,12,2.777845
u64,yy,bylength,,12,2.843009
u64,zmij_scalar,bylength,,12,5.081218
u64,zmij_x64_native,bylength,,12,2.078989
u64,zmij_x64_v1,bylength,,12,3.544753
u64,zmij_x64_v2,bylength,,12,2.350260
u64,zmij_x64_v3,bylength,,12,2.247451
u64,zmij_x64_v4,bylength,,12,2.223015
u64,amartin,bylength,,13,3.294148
u64,branchlut,bylength,,13,5.117770
u64,branchlut2,bylength,,13,5.551342
u64,countlut,bylength,,13,5.184386
u64,fmt,bylength,,13,4.319715
u64,jeaiii,bylength,,13,2.866805
u64,naive,bylength,,13,11.393135
u64,null,bylength,,13,0.821568
u64,sse2,bylength,,13,2.933817
u64,tmueller,bylength,,13,4.041232
u64,unrolledlut,bylength,,13,3.136925
u64,yy,bylength,,13,3.136531
u64,zmij_scalar,bylength,,13,4.990278
u64,zmij_x64_native,bylength,,13,2.081501
u64,zmij_x64_v1,bylength,,13,3.529062
u64,zmij_x64_v2,bylength,,13,2.308602
u64,zmij_x64_v3,bylength,,13,2.183711
u64,zmij_x64_v4,bylength,,13,2.205152
u64,amartin,bylength,,14,3.292070
u64,branchlut,bylength,,14,5.271515
u64,branchlut2,bylength,,14,5.516570
u64,countlut,bylength,,14,5.338806
u64,fmt,bylength,,14,4.406306
u64,jeaiii,bylength,,14,2.863277
u64,naive,bylength,,14,12.348193
u64,null,bylength,,14,1.051960
u64,sse2,bylength,,14,2.922444
u64,tmueller,bylength,,14,4.016091
u64,unrolledlut,bylength,,14,3.152685
u64,yy,bylength,,14,3.120187
u64,zmij_scalar,bylength,,14,4.983530
u64,zmij_x64_native,bylength,,14,2.069312
u64,zmij_x64_v1,bylength,,14,3.515367
u64,zmij_x64_v2,bylength,,14,2.348717
u64,zmij_x64_v3,bylength,,14,2.228826
u64,zmij_x64_v4,bylength,,14,2.211446
u64,amartin,bylength,,15,3.871045
u64,branchlut,bylength,,15,5.486617
u64,branchlut2,bylength,,15,5.976018
u64,countlut,bylength,,15,5.568324
u64,fmt,bylength,,15,5.056939
u64,jeaiii,bylength,,15,3.210764
u64,naive,bylength,,15,13.469210
u64,null,bylength,,15,0.830877
u64,sse2,bylength,,15,2.935434
u64,tmueller,bylength,,15,4.688269
u64,unrolledlut,bylength,,15,3.623986
u64,yy,bylength,,15,3.523981
u64,zmij_scalar,bylength,,15,4.998368
u64,zmij_x64_native,bylength,,15,2.069035
u64,zmij_x64_v1,bylength,,15,3.531173
u64,zmij_x64_v2,bylength,,15,2.331896
u64,zmij_x64_v3,bylength,,15,2.223643
u64,zmij_x64_v4,bylength,,15,2.216130
u64,amartin,bylength,,16,3.915938
u64,branchlut,bylength,,16,5.626460
u64,branchlut2,bylength,,16,6.224810
u64,countlut,bylength,,16,5.899078
u64,fmt,bylength,,16,5.276455
u64,jeaiii,bylength,,16,3.453598
u64,naive,bylength,,16,13.048521
u64,null,bylength,,16,0.772067
u64,sse2,bylength,,16,2.828194
u64,tmueller,bylength,,16,4.806129
u64,unrolledlut,bylength,,16,3.571743
u64,yy,bylength,,16,3.601926
u64,zmij_scalar,bylength,,16,5.084820
u64,zmij_x64_native,bylength,,16,2.102839
u64,zmij_x64_v1,bylength,,16,3.574750
u64,zmij_x64_v2,bylength,,16,2.369403
u64,zmij_x64_v3,bylength,,16,2.271596
u64,zmij_x64_v4,bylength,,16,2.235388
u64,amartin,bylength,,17,4.233517
u64,branchlut,bylength,,17,6.681413
u64,branchlut2,bylength,,17,6.954452
u64,countlut,bylength,,17,6.974328
u64,fmt,bylength,,17,5.775825
u64,jeaiii,bylength,,17,3.699272
u64,naive,bylength,,17,13.960716
u64,null,bylength,,17,0.781252
u64,sse2,bylength,,17,2.658767
u64,tmueller,bylength,,17,5.420256
u64,unrolledlut,bylength,,17,4.075353
u64,yy,bylength,,17,3.646698
u64,zmij_scalar,bylength,,17,4.971381
u64,zmij_x64_native,bylength,,17,2.076896
u64,zmij_x64_v1,bylength,,17,3.502543
u64,zmij_x64_v2,bylength,,17,2.339141
u64,zmij_x64_v3,bylength,,17,2.232584
u64,zmij_x64_v4,bylength,,17,2.186485
u64,amartin,bylength,,18,5.640152
u64,branchlut,bylength,,18,6.719665
u64,branchlut2,bylength,,18,6.886546
u64,countlut,bylength,,18,7.172594
u64,fmt,bylength,,18,5.801532
u64,jeaiii,bylength,,18,5.649837
u64,naive,bylength,,18,15.236715
u64,null,bylength,,18,0.763019
u64,sse2,bylength,,18,2.706863
u64,tmueller,bylength,,18,5.336476
u64,unrolledlut,bylength,,18,5.245835
u64,yy,bylength,,18,3.632483
u64,zmij_scalar,bylength,,18,4.978019
u64,zmij_x64_native,bylength,,18,2.092315
u64,zmij_x64_v1,bylength,,18,3.502746
u64,zmij_x64_v2,bylength,,18,2.330974
u64,zmij_x64_v3,bylength,,18,2.218197
u64,zmij_x64_v4,bylength,,18,2.219487
u64,amartin,bylength,,19,4.566895
u64,branchlut,bylength,,19,7.436041
u64,branchlut2,bylength,,19,7.729848
u64,countlut,bylength,,19,7.567928
u64,fmt,bylength,,19,6.517852
u64,jeaiii,bylength,,19,4.218782
u64,naive,bylength,,19,16.263570
u64,null,bylength,,19,0.775741
u64,sse2,bylength,,19,3.079021
u64,tmueller,bylength,,19,6.094753
u64,unrolledlut,bylength,,19,3.837308
u64,yy,bylength,,19,4.158190
u64,zmij_scalar,bylength,,19,4.992598
u64,zmij_x64_native,bylength,,19,2.064781
u64,zmij_x64_v1,bylength,,19,3.513614
u64,zmij_x64_v2,bylength,,19,2.326935
u64,zmij_x64_v3,bylength,,19,2.224570
u64,zmij_x64_v4,bylength,,19,2.213601
u64,amartin,bylength,,20,4.664110
u64,branchlut,bylength,,20,8.069708
u64,branchlut2,bylength,,20,8.041418
u64,countlut,bylength,,20,7.867455
u64,fmt,bylength,,20,6.662146
u64,jeaiii,bylength,,20,4.371973
u64,naive,bylength,,20,17.569459
u64,null,bylength,,20,0.750113
u64,sse2,bylength,,20,3.301074
u64,tmueller,bylength,,20,6.267563
u64,unrolledlut,bylength,,20,3.882067
u64,yy,bylength,,20,4.269283
u64,zmij_scalar,bylength,,20,5.083975
u64,zmij_x64_native,bylength,,20,2.070495
u64,zmij_x64_v1,bylength,,20,3.522613
u64,zmij_x64_v2,bylength,,20,2.321336
u64,zmij_x64_v3,bylength,,20,2.248321
u64,zmij_x64_v4,bylength,,20,2.200915
u64,amartin,loguniform,1-20,20,9.245143
u64,branchlut,loguniform,1-20,20,11.016211
u64,branchlut2,loguniform,1-20,20,12.175271
u64,countlut,loguniform,1-20,20,11.779210
u64,fmt,loguniform,1-20,20,12.132226
u64,jeaiii,loguniform,1-20,20,11.625232
u64,naive,loguniform,1-20,20,16.535484
u64,null,loguniform,1-20,20,1.054197
u64,sse2,loguniform,1-20,20,13.961692
u64,tmueller,loguniform,1-20,20,11.970869
u64,unrolledlut,loguniform,1-20,20,11.201831
u64,yy,loguniform,1-20,20,8.677366
u64,zmij_scalar,loguniform,1-20,20,4.914691
u64,zmij_x64_native,loguniform,1-20,20,2.058036
u64,zmij_x64_v1,loguniform,1-20,20,3.530707
u64,zmij_x64_v2,loguniform,1-20,20,2.330619
u64,zmij_x64_v3,loguniform,1-20,20,2.227849
u64,zmij_x64_v4,loguniform,1-20,20,2.217508
u64,amartin,loguniform,1-4,4,3.578269
u64,branchlut,loguniform,1-4,4,5.323195
u64,branchlut2,loguniform,1-4,4,6.013569
u64,countlut,loguniform,1-4,4,6.180130
u64,fmt,loguniform,1-4,4,6.145685
u64,jeaiii,loguniform,1-4,4,6.032107
u64,naive,loguniform,1-4,4,7.521274
u64,null,loguniform,1-4,4,0.769120
u64,sse2,loguniform,1-4,4,5.447710
u64,tmueller,loguniform,1-4,4,5.591368
u64,unrolledlut,loguniform,1-4,4,6.316185
u64,yy,loguniform,1-4,4,3.502285
u64,zmij_scalar,loguniform,1-4,4,4.806115
u64,zmij_x64_native,loguniform,1-4,4,2.072315
u64,zmij_x64_v1,loguniform,1-4,4,3.525314
u64,zmij_x64_v2,loguniform,1-4,4,2.335223
u64,zmij_x64_v3,loguniform,1-4,4,2.227525
u64,zmij_x64_v4,loguniform,1-4,4,2.195870
u64,amartin,uniform,0-255,0,3.278507
u64,branchlut,uniform,0-255,0,3.357275
u64,branchlut2,uniform,0-255,0,3.385091
u64,countlut,uniform,0-255,0,3.431508
u64,fmt,uniform,0-255,0,3.570549
u64,jeaiii,uniform,0-255,0,3.375691
u64,naive,uniform,0-255,0,5.744770
u64,null,uniform,0-255,0,0.780954
u64,sse2,uniform,0-255,0,3.744940
u64,tmueller,uniform,0-255,0,3.408984
u64,unrolledlut,uniform,0-255,0,4.023779
u64,yy,uniform,0-255,0,3.378035
u64,zmij_scalar,uniform,0-255,0,4.838059
u64,zmij_x64_native,uniform,0-255,0,2.101870
u64,zmij_x64_v1,uniform,0-255,0,3.583844
u64,zmij_x64_v2,uniform,0-255,0,2.335297
u64,zmij_x64_v3,uniform,0-255,0,2.254887
u64,zmij_x64_v4,uniform,0-255,0,2.237562
u64,amartin,unpredictable,,1,2.499317
u64,branchlut,unpredictable,,1,2.848269
u64,branchlut2,unpredictable,,1,2.610529
u64,countlut,unpredictable,,1,3.386877
u64,fmt,unpredictable,,1,5.229459
u64,jeaiii,unpredictable,,1,2.683633
u64,naive,unpredictable,,1,6.034220
u64,null,unpredictable,,1,0.829775
u64,sse2,unpredictable,,1,1.973833
u64,tmueller,unpredictable,,1,5.952807
u64,unrolledlut,unpredictable,,1,2.401021
u64,yy,unpredictable,,1,2.903414
u64,zmij_scalar,unpredictable,,1,4.763039
u64,zmij_x64_native,unpredictable,,1,2.121328
u64,zmij_x64_v1,unpredictable,,1,3.529016
u64,zmij_x64_v2,unpredictable,,1,2.336926
u64,zmij_x64_v3,unpredictable,,1,2.238420
u64,zmij_x64_v4,unpredictable,,1,2.229005
u64,amartin,unpredictable,,2,2.612923
u64,branchlut,unpredictable,,2,3.024755
u64,branchlut2,unpredictable,,2,2.575779
u64,countlut,unpredictable,,2,3.480365
u64,fmt,unpredictable,,2,5.288918
u64,jeaiii,unpredictable,,2,3.003287
u64,naive,unpredictable,,2,7.059140
u64,null,unpredictable,,2,0.767613
u64,sse2,unpredictable,,2,2.424679
u64,tmueller,unpredictable,,2,5.325031
u64,unrolledlut,unpredictable,,2,2.500348
u64,yy,unpredictable,,2,3.109013
u64,zmij_scalar,unpredictable,,2,5.055759
u64,zmij_x64_native,unpredictable,,2,2.173506
u64,zmij_x64_v1,unpredictable,,2,3.710557
u64,zmij_x64_v2,unpredictable,,2,2.404961
u64,zmij_x64_v3,unpredictable,,2,2.292470
u64,zmij_x64_v4,unpredictable,,2,2.303786
u64,amartin,unpredictable,,3,2.365738
u64,branchlut,unpredictable,,3,3.176070
u64,branchlut2,unpredictable,,3,2.797527
u64,countlut,unpredictable,,3,3.154325
u64,fmt,unpredictable,,3,4.624816
u64,jeaiii,unpredictable,,3,1.800862
u64,naive,unpredictable,,3,7.268398
u64,null,unpredictable,,3,1.318979
u64,sse2,unpredictable,,3,2.550965
u64,tmueller,unpredictable,,3,4.502406
u64,unrolledlut,unpredictable,,3,2.325541
u64,yy,unpredictable,,3,2.743971
u64,zmij_scalar,unpredictable,,3,4.786494
u64,zmij_x64_native,unpredictable,,3,2.121662
u64,zmij_x64_v1,unpredictable,,3,3.529392
u64,zmij_x64_v2,unpredictable,,3,2.348009
u64,zmij_x64_v3,unpredictable,,3,2.219987
u64,zmij_x64_v4,unpredictable,,3,2.224863
u64,amartin,unpredictable,,4,2.335503
u64,branchlut,unpredictable,,4,3.209751
u64,branchlut2,unpredictable,,4,3.002104
u64,countlut,unpredictable,,4,3.288408
u64,fmt,unpredictable,,4,4.332656
u64,jeaiii,unpredictable,,4,2.125365
u64,naive,unpredictable,,4,8.059256
u64,null,unpredictable,,4,0.789989
u64,sse2,unpredictable,,4,2.562068
u64,tmueller,unpredictable,,4,4.068409
u64,unrolledlut,unpredictable,,4,2.111620
u64,yy,unpredictable,,4,2.801630
u64,zmij_scalar,unpredictable,,4,4.779587
u64,zmij_x64_native,unpredictable,,4,2.048434
u64,zmij_x64_v1,unpredictable,,4,3.557684
u64,zmij_x64_v2,unpredictable,,4,2.446624
u64,zmij_x64_v3,unpredictable,,4,2.229943
u64,zmij_x64_v4,unpredictable,,4,2.230462
u64,amartin,unpredictable,,5,2.431729
u64,branchlut,unpredictable,,5,3.504687
u64,branchlut2,unpredictable,,5,3.545765
u64,countlut,unpredictable,,5,3.360307
u64,fmt,unpredictable,,5,4.541193
u64,jeaiii,unpredictable,,5,2.189955
u64,naive,unpredictable,,5,8.408792
u64,null,unpredictable,,5,0.798288
u64,sse2,unpredictable,,5,2.803852
u64,tmueller,unpredictable,,5,4.635059
u64,unrolledlut,unpredictable,,5,2.299509
u64,yy,unpredictable,,5,2.490489
u64,zmij_scalar,unpredictable,,5,4.980724
u64,zmij_x64_native,unpredictable,,5,2.101869
u64,zmij_x64_v1,unpredictable,,5,3.610445
u64,zmij_x64_v2,unpredictable,,5,2.401874
u64,zmij_x64_v3,unpredictable,,5,2.242336
u64,zmij_x64_v4,unpredictable,,5,2.208831
u64,amartin,unpredictable,,6,2.289482
u64,branchlut,unpredictable,,6,3.545056
u64,branchlut2,unpredictable,,6,3.426951
u64,countlut,unpredictable,,6,3.425300
u64,fmt,unpredictable,,6,4.709396
u64,jeaiii,unpredictable,,6,2.373987
u64,naive,unpredictable,,6,8.940876
u64,null,unpredictable,,6,0.998960
u64,sse2,unpredictable,,6,2.915376
u64,tmueller,unpredictable,,6,4.805627
u64,unrolledlut,unpredictable,,6,2.557822
u64,yy,unpredictable,,6,2.351525
u64,zmij_scalar,unpredictable,,6,4.808743
u64,zmij_x64_native,unpredictable,,6,2.066081
u64,zmij_x64_v1,unpredictable,,6,3.518419
u64,zmij_x64_v2,unpredictable,,6,2.338506
u64,zmij_x64_v3,unpredictable,,6,2.214293
u64,zmij_x64_v4,unpredictable,,6,2.246989
u64,amartin,unpredictable,,7,2.709498
u64,branchlut,unpredictable,,7,3.899743
u64,branchlut2,unpredictable,,7,3.824984
u64,countlut,unpredictable,,7,3.629903
u64,fmt,unpredictable,,7,4.611411
u64,jeaiii,unpredictable,,7,2.404879
u64,naive,unpredictable,,7,9.107950
u64,null,unpredictable,,7,0.860088
u64,sse2,unpredictable,,7,3.245952
u64,tmueller,unpredictable,,7,4.215524
u64,unrolledlut,unpredictable,,7,3.156403
u64,yy,unpredictable,,7,2.851566
u64,zmij_scalar,unpredictable,,7,4.778798
u64,zmij_x64_native,unpredictable,,7,2.064607
u64,zmij_x64_v1,unpredictable,,7,3.493372
u64,zmij_x64_v2,unpredictable,,7,2.378180
u64,zmij_x64_v3,unpredictable,,7,2.239470
u64,zmij_x64_v4,unpredictable,,7,2.235230
u64,amartin,unpredictable,,8,2.818977
u64,branchlut,unpredictable,,8,4.302175
u64,branchlut2,unpredictable,,8,4.066557
u64,countlut,unpredictable,,8,3.709748
u64,fmt,unpredictable,,8,4.340433
u64,jeaiii,unpredictable,,8,2.740175
u64,naive,unpredictable,,8,8.720480
u64,null,unpredictable,,8,0.763523
u64,sse2,unpredictable,,8,3.468896
u64,tmueller,unpredictable,,8,4.180286
u64,unrolledlut,unpredictable,,8,3.193648
u64,yy,unpredictable,,8,3.050243
u64,zmij_scalar,unpredictable,,8,5.007035
u64,zmij_x64_native,unpredictable,,8,2.141762
u64,zmij_x64_v1,unpredictable,,8,3.668263
u64,zmij_x64_v2,unpredictable,,8,2.397198
u64,zmij_x64_v3,unpredictable,,8,2.287555
u64,zmij_x64_v4,unpredictable,,8,2.290433
u64,amartin,unpredictable,,9,4.133643
u64,branchlut,unpredictable,,9,4.305387
u64,branchlut2,unpredictable,,9,3.885912
u64,countlut,unpredictable,,9,4.887404
u64,fmt,unpredictable,,9,5.044540
u64,jeaiii,unpredictable,,9,2.792654
u64,naive,unpredictable,,9,9.598125
u64,null,unpredictable,,9,0.850600
u64,sse2,unpredictable,,9,4.907783
u64,tmueller,unpredictable,,9,4.451426
u64,unrolledlut,unpredictable,,9,4.092272
u64,yy,unpredictable,,9,3.062495
u64,zmij_scalar,unpredictable,,9,4.985357
u64,zmij_x64_native,unpredictable,,9,2.086470
u64,zmij_x64_v1,unpredictable,,9,3.536829
u64,zmij_x64_v2,unpredictable,,9,2.369998
u64,zmij_x64_v3,unpredictable,,9,2.210965
u64,zmij_x64_v4,unpredictable,,9,2.249994
u64,amartin,unpredictable,,10,7.029872
u64,branchlut,unpredictable,,10,4.541410
u64,branchlut2,unpredictable,,10,3.924839
u64,countlut,unpredictable,,10,4.880710
u64,fmt,unpredictable,,10,4.957335
u64,jeaiii,unpredictable,,10,6.600305
u64,naive,unpredictable,,10,10.435013
u64,null,unpredictable,,10,0.906826
u64,sse2,unpredictable,,10,4.949571
u64,tmueller,unpredictable,,10,4.359403
u64,unrolledlut,unpredictable,,10,7.267336
u64,yy,unpredictable,,10,3.055655
u64,zmij_scalar,unpredictable,,10,4.996639
u64,zmij_x64_native,unpredictable,,10,2.114272
u64,zmij_x64_v1,unpredictable,,10,3.524645
u64,zmij_x64_v2,unpredictable,,10,2.342052
u64,zmij_x64_v3,unpredictable,,10,2.278984
u64,zmij_x64_v4,unpredictable,,10,2.217014
u64,amartin,unpredictable,,11,3.423181
u64,branchlut,unpredictable,,11,4.852064
u64,branchlut2,unpredictable,,11,4.507966
u64,countlut,unpredictable,,11,4.446777
u64,fmt,unpredictable,,11,5.048850
u64,jeaiii,unpredictable,,11,2.748706
u64,naive,unpredictable,,11,11.109259
u64,null,unpredictable,,11,0.752172
u64,sse2,unpredictable,,11,4.934011
u64,tmueller,unpredictable,,11,4.397541
u64,unrolledlut,unpredictable,,11,3.044664
u64,yy,unpredictable,,11,3.077150
u64,zmij_scalar,unpredictable,,11,4.985646
u64,zmij_x64_native,unpredictable,,11,2.077558
u64,zmij_x64_v1,unpredictable,,11,3.536254
u64,zmij_x64_v2,unpredictable,,11,2.363131
u64,zmij_x64_v3,unpredictable,,11,2.214198
u64,zmij_x64_v4,unpredictable,,11,2.239085
u64,amartin,unpredictable,,12,3.387887
u64,branchlut,unpredictable,,12,5.273897
u64,branchlut2,unpredictable,,12,4.638018
u64,countlut,unpredictable,,12,5.008874
u64,fmt,unpredictable,,12,5.049199
u64,jeaiii,unpredictable,,12,2.796174
u64,naive,unpredictable,,12,11.818524
u64,null,unpredictable,,12,1.061683
u64,sse2,unpredictable,,12,4.983671
u64,tmueller,unpredictable,,12,4.704746
u64,unrolledlut,unpredictable,,12,2.749360
u64,yy,unpredictable,,12,3.077035
u64,zmij_scalar,unpredictable,,12,4.974474
u64,zmij_x64_native,unpredictable,,12,2.053541
u64,zmij_x64_v1,unpredictable,,12,3.519073
u64,zmij_x64_v2,unpredictable,,12,2.297216
u64,zmij_x64_v3,unpredictable,,12,2.232093
u64,zmij_x64_v4,unpredictable,,12,2.198730
u64,amartin,unpredictable,,13,3.412222
u64,branchlut,unpredictable,,13,5.530289
u64,branchlut2,unpredictable,,13,5.831457
u64,countlut,unpredictable,,13,4.971075
u64,fmt,unpredictable,,13,5.323382
u64,jeaiii,unpredictable,,13,2.919379
u64,naive,unpredictable,,13,12.753089
u64,null,unpredictable,,13,0.792626
u64,sse2,unpredictable,,13,4.994761
u64,tmueller,unpredictable,,13,4.702534
u64,unrolledlut,unpredictable,,13,3.203493
u64,yy,unpredictable,,13,3.034664
u64,zmij_scalar,unpredictable,,13,4.991572
u64,zmij_x64_native,unpredictable,,13,2.065432
u64,zmij_x64_v1,unpredictable,,13,3.528007
u64,zmij_x64_v2,unpredictable,,13,2.352462
u64,zmij_x64_v3,unpredictable,,13,2.217536
u64,zmij_x64_v4,unpredictable,,13,2.259016
u64,amartin,unpredictable,,14,3.454328
u64,branchlut,unpredictable,,14,5.917669
u64,branchlut2,unpredictable,,14,5.608056
u64,countlut,unpredictable,,14,4.928953
u64,fmt,unpredictable,,14,5.335755
u64,jeaiii,unpredictable,,14,2.902521
u64,naive,unpredictable,,14,13.569353
u64,null,unpredictable,,14,0.768481
u64,sse2,unpredictable,,14,4.930591
u64,tmueller,unpredictable,,14,4.670559
u64,unrolledlut,unpredictable,,14,3.231950
u64,yy,unpredictable,,14,3.104289
u64,zmij_scalar,unpredictable,,14,5.217418
u64,zmij_x64_native,unpredictable,,14,2.130147
u64,zmij_x64_v1,unpredictable,,14,3.619517
u64,zmij_x64_v2,unpredictable,,14,2.398594
u64,zmij_x64_v3,unpredictable,,14,2.319390
u64,zmij_x64_v4,unpredictable,,14,2.186872
u64,amartin,unpredictable,,15,3.970823
u64,branchlut,unpredictable,,15,6.258166
u64,branchlut2,unpredictable,,15,5.995424
u64,countlut,unpredictable,,15,5.405525
u64,fmt,unpredictable,,15,5.627127
u64,jeaiii,unpredictable,,15,3.539621
u64,naive,unpredictable,,15,14.224837
u64,null,unpredictable,,15,1.181816
u64,sse2,unpredictable,,15,4.629813
u64,tmueller,unpredictable,,15,5.059635
u64,unrolledlut,unpredictable,,15,4.083543
u64,yy,unpredictable,,15,3.347935
u64,zmij_scalar,unpredictable,,15,4.954361
u64,zmij_x64_native,unpredictable,,15,2.094520
u64,zmij_x64_v1,unpredictable,,15,3.515406
u64,zmij_x64_v2,unpredictable,,15,2.331998
u64,zmij_x64_v3,unpredictable,,15,2.218681
u64,zmij_x64_v4,unpredictable,,15,2.230078
u64,amartin,unpredictable,,16,3.991580
u64,branchlut,unpredictable,,16,6.670347
u64,branchlut2,unpredictable,,16,6.150817
u64,countlut,unpredictable,,16,5.547594
u64,fmt,unpredictable,,16,5.684179
u64,jeaiii,unpredictable,,16,3.549806
u64,naive,unpredictable,,16,13.474862
u64,null,unpredictable,,16,0.782126
u64,sse2,unpredictable,,16,4.607450
u64,tmueller,unpredictable,,16,4.690578
u64,unrolledlut,unpredictable,,16,4.050575
u64,yy,unpredictable,,16,3.378992
u64,zmij_scalar,unpredictable,,16,5.004127
u64,zmij_x64_native,unpredictable,,16,2.096780
u64,zmij_x64_v1,unpredictable,,16,3.536540
u64,zmij_x64_v2,unpredictable,,16,2.348040
u64,zmij_x64_v3,unpredictable,,16,2.254082
u64,zmij_x64_v4,unpredictable,,16,2.220327
u64,amartin,unpredictable,,17,5.180061
u64,branchlut,unpredictable,,17,7.260185
u64,branchlut2,unpredictable,,17,7.131880
u64,countlut,unpredictable,,17,7.749905
u64,fmt,unpredictable,,17,5.966444
u64,jeaiii,unpredictable,,17,4.027106
u64,naive,unpredictable,,17,14.418681
u64,null,unpredictable,,17,0.905421
u64,sse2,unpredictable,,17,3.520403
u64,tmueller,unpredictable,,17,5.204278
u64,unrolledlut,unpredictable,,17,4.931753
u64,yy,unpredictable,,17,4.273337
u64,zmij_scalar,unpredictable,,17,4.997810
u64,zmij_x64_native,unpredictable,,17,2.088583
u64,zmij_x64_v1,unpredictable,,17,3.505764
u64,zmij_x64_v2,unpredictable,,17,2.304006
u64,zmij_x64_v3,unpredictable,,17,2.223621
u64,zmij_x64_v4,unpredictable,,17,2.217968
u64,amartin,unpredictable,,18,7.784282
u64,branchlut,unpredictable,,18,7.016607
u64,branchlut2,unpredictable,,18,7.039228
u64,countlut,unpredictable,,18,7.984790
u64,fmt,unpredictable,,18,5.959713
u64,jeaiii,unpredictable,,18,7.518753
u64,naive,unpredictable,,18,15.444632
u64,null,unpredictable,,18,0.872431
u64,sse2,unpredictable,,18,3.369113
u64,tmueller,unpredictable,,18,5.382450
u64,unrolledlut,unpredictable,,18,7.790728
u64,yy,unpredictable,,18,4.263640
u64,zmij_scalar,unpredictable,,18,4.953925
u64,zmij_x64_native,unpredictable,,18,2.038254
u64,zmij_x64_v1,unpredictable,,18,3.545030
u64,zmij_x64_v2,unpredictable,,18,2.350631
u64,zmij_x64_v3,unpredictable,,18,2.247881
u64,zmij_x64_v4,unpredictable,,18,2.219612
u64,amartin,unpredictable,,19,5.354970
u64,branchlut,unpredictable,,19,7.703401
u64,branchlut2,unpredictable,,19,7.835716
u64,countlut,unpredictable,,19,8.269058
u64,fmt,unpredictable,,19,6.644154
u64,jeaiii,unpredictable,,19,5.311507
u64,naive,unpredictable,,19,16.905215
u64,null,unpredictable,,19,0.828435
u64,sse2,unpredictable,,19,3.641992
u64,tmueller,unpredictable,,19,5.866589
u64,unrolledlut,unpredictable,,19,4.897122
u64,yy,unpredictable,,19,4.898170
u64,zmij_scalar,unpredictable,,19,5.172704
u64,zmij_x64_native,unpredictable,,19,2.030968
u64,zmij_x64_v1,unpredictable,,19,3.653610
u64,zmij_x64_v2,unpredictable,,19,2.383035
u64,zmij_x64_v3,unpredictable,,19,2.261058
u64,zmij_x64_v4,unpredictable,,19,2.253211
u64,amartin,unpredictable,,20,5.380755
u64,branchlut,unpredictable,,20,8.333995
u64,branchlut2,unpredictable,,20,7.859894
u64,countlut,unpredictable,,20,8.629926
u64,fmt,unpredictable,,20,6.716087
u64,jeaiii,unpredictable,,20,5.344118
u64,naive,unpredictable,,20,17.497013
u64,null,unpredictable,,20,0.938750
u64,sse2,unpredictable,,20,3.604116
u64,tmueller,unpredictable,,20,6.114259
u64,unrolledlut,unpredictable,,20,4.721926
u64,yy,unpredictable,,20,4.768154
u64,zmij_scalar,unpredictable,,20,4.975484
u64,zmij_x64_native,unpredictable,,20,2.076486
u64,zmij_x64_v1,unpredictable,,20,3.513250
u64,zmij_x64_v2,unpredictable,,20,2.373608
u64,zmij_x64_v3,unpredictable,,20,2.219204
u64,zmij_x64_v4,unpredictable,,20,2.226836
u64,amartin,admixture,5x6,0,1.545704
u64,branchlut,admixture,5x6,0,2.231621
u64,branchlut2,admixture,5x6,0,1.932427
u64,countlut,admixture,5x6,0,2.078678
u64,fmt,admixture,5x6,0,1.890523
u64,jeaiii,admixture,5x6,0,1.345115
u64,naive,admixture,5x6,0,5.588200
u64,null,admixture,5x6,0,0.912585
u64,sse2,admixture,5x6,0,2.167992
u64,tmueller,admixture,5x6,0,1.790788
u64,unrolledlut,admixture,5x6,0,1.662860
u64,yy,admixture,5x6,0,1.396508
u64,zmij_scalar,admixture,5x6,0,4.803173
u64,zmij_x64_native,admixture,5x6,0,2.062348
u64,zmij_x64_v1,admixture,5x6,0,3.513141
u64,zmij_x64_v2,admixture,5x6,0,2.327953
u64,zmij_x64_v3,admixture,5x6,0,2.223077
u64,zmij_x64_v4,admixture,5x6,0,2.238626
u64,amartin,admixture,5x6,10,1.542702
u64,branchlut,admixture,5x6,10,2.645526
u64,branchlut2,admixture,5x6,10,2.437796
u64,countlut,admixture,5x6,10,2.682436
u64,fmt,admixture,5x6,10,2.622105
u64,jeaiii,admixture,5x6,10,1.933263
u64,naive,admixture,5x6,10,6.211318
u64,null,admixture,5x6,10,0.784549
u64,sse2,admixture,5x6,10,2.635966
u64,tmueller,admixture,5x6,10,2.561255
u64,unrolledlut,admixture,5x6,10,2.322315
u64,yy,admixture,5x6,10,1.419924
u64,zmij_scalar,admixture,5x6,10,4.783397
u64,zmij_x64_native,admixture,5x6,10,2.070749
u64,zmij_x64_v1,admixture,5x6,10,3.525254
u64,zmij_x64_v2,admixture,5x6,10,2.353552
u64,zmij_x64_v3,admixture,5x6,10,2.226837
u64,zmij_x64_v4,admixture,5x6,10,2.244719
u64,amartin,admixture,5x6,20,1.546586
u64,branchlut,admixture,5x6,20,3.065786
u64,branchlut2,admixture,5x6,20,2.929901
u64,countlut,admixture,5x6,20,3.187147
u64,fmt,admixture,5x6,20,3.210439
u64,jeaiii,admixture,5x6,20,2.498937
u64,naive,admixture,5x6,20,6.862633
u64,null,admixture,5x6,20,0.800082
u64,sse2,admixture,5x6,20,3.071523
u64,tmueller,admixture,5x6,20,3.193043
u64,unrolledlut,admixture,5x6,20,2.880945
u64,yy,admixture,5x6,20,1.410304
u64,zmij_scalar,admixture,5x6,20,4.786712
u64,zmij_x64_native,admixture,5x6,20,2.064610
u64,zmij_x64_v1,admixture,5x6,20,3.515400
u64,zmij_x64_v2,admixture,5x6,20,2.333475
u64,zmij_x64_v3,admixture,5x6,20,2.226202
u64,zmij_x64_v4,admixture,5x6,20,2.257754
u64,amartin,admixture,5x6,30,1.544191
u64,branchlut,admixture,5x6,30,3.469357
u64,branchlut2,admixture,5x6,30,3.514779
u64,countlut,admixture,5x6,30,3.702260
u64,fmt,admixture,5x6,30,3.777666
u64,jeaiii,admixture,5x6,30,3.120200
u64,naive,admixture,5x6,30,7.677752
u64,null,admixture,5x6,30,0.779301
u64,sse2,admixture,5x6,30,3.504374
u64,tmueller,admixture,5x6,30,3.889330
u64,unrolledlut,admixture,5x6,30,3.433994
u64,yy,admixture,5x6,30,1.395404
u64,zmij_scalar,admixture,5x6,30,4.881366
u64,zmij_x64_native,admixture,5x6,30,2.067546
u64,zmij_x64_v1,admixture,5x6,30,3.563174
u64,zmij_x64_v2,admixture,5x6,30,2.350784
u64,zmij_x64_v3,admixture,5x6,30,2.240847
u64,zmij_x64_v4,admixture,5x6,30,2.239607
u64,amartin,admixture,5x6,40,1.531108
u64,branchlut,admixture,5x6,40,3.836547
u64,branchlut2,admixture,5x6,40,4.044060
u64,countlut,admixture,5x6,40,4.199765
u64,fmt,admixture,5x6,40,4.556329
u64,jeaiii,admixture,5x6,40,3.804557
u64,naive,admixture,5x6,40,8.266803
u64,null,admixture,5x6,40,0.785764
u64,sse2,admixture,5x6,40,3.935740
u64,tmueller,admixture,5x6,40,4.491808
u64,unrolledlut,admixture,5x6,40,3.990709
u64,yy,admixture,5x6,40,1.412941
u64,zmij_scalar,admixture,5x6,40,4.837348
u64,zmij_x64_native,admixture,5x6,40,2.058531
u64,zmij_x64_v1,admixture,5x6,40,3.503729
u64,zmij_x64_v2,admixture,5x6,40,2.344021
u64,zmij_x64_v3,admixture,5x6,40,2.225167
u64,zmij_x64_v4,admixture,5x6,40,2.222537
u64,amartin,admixture,5x6,50,1.543391
u64,branchlut,admixture,5x6,50,4.148456
u64,branchlut2,admixture,5x6,50,4.299009
u64,countlut,admixture,5x6,50,4.610801
u64,fmt,admixture,5x6,50,5.098037
u64,jeaiii,admixture,5x6,50,4.107554
u64,naive,admixture,5x6,50,8.554302
u64,null,admixture,5x6,50,1.061632
u64,sse2,admixture,5x6,50,4.114092
u64,tmueller,admixture,5x6,50,4.975059
u64,unrolledlut,admixture,5x6,50,4.491252
u64,yy,admixture,5x6,50,1.394895
u64,zmij_scalar,admixture,5x6,50,4.771231
u64,zmij_x64_native,admixture,5x6,50,2.052743
u64,zmij_x64_v1,admixture,5x6,50,3.499673
u64,zmij_x64_v2,admixture,5x6,50,2.318916
u64,zmij_x64_v3,admixture,5x6,50,2.212094
u64,zmij_x64_v4,admixture,5x6,50,2.218808
u64,amartin,admixture,5x6,60,1.529532
u64,branchlut,admixture,5x6,60,3.829043
u64,branchlut2,admixture,5x6,60,4.006027
u64,countlut,admixture,5x6,60,4.283390
u64,fmt,admixture,5x6,60,4.654665
u64,jeaiii,admixture,5x6,60,3.757654
u64,naive,admixture,5x6,60,7.995945
u64,null,admixture,5x6,60,0.916039
u64,sse2,admixture,5x6,60,3.783574
u64,tmueller,admixture,5x6,60,4.509827
u64,unrolledlut,admixture,5x6,60,4.129835
u64,yy,admixture,5x6,60,1.395407
u64,zmij_scalar,admixture,5x6,60,4.787464
u64,zmij_x64_native,admixture,5x6,60,2.065412
u64,zmij_x64_v1,admixture,5x6,60,3.504086
u64,zmij_x64_v2,admixture,5x6,60,2.320170
u64,zmij_x64_v3,admixture,5x6,60,2.222509
u64,zmij_x64_v4,admixture,5x6,60,2.216305
u64,amartin,admixture,5x6,70,1.539008
u64,branchlut,admixture,5x6,70,3.363070
u64,branchlut2,admixture,5x6,70,3.403666
u64,countlut,admixture,5x6,70,3.756192
u64,fmt,admixture,5x6,70,3.879518
u64,jeaiii,admixture,5x6,70,3.110796
u64,naive,admixture,5x6,70,7.063795
u64,null,admixture,5x6,70,0.804724
u64,sse2,admixture,5x6,70,3.352049
u64,tmueller,admixture,5x6,70,3.816423
u64,unrolledlut,admixture,5x6,70,3.293241
u64,yy,admixture,5x6,70,1.401246
u64,zmij_scalar,admixture,5x6,70,4.784426
u64,zmij_x64_native,admixture,5x6,70,2.064031
u64,zmij_x64_v1,admixture,5x6,70,3.513748
u64,zmij_x64_v2,admixture,5x6,70,2.332945
u64,zmij_x64_v3,admixture,5x6,70,2.222330
u64,zmij_x64_v4,admixture,5x6,70,2.238420
u64,amartin,admixture,5x6,80,1.560122
u64,branchlut,admixture,5x6,80,2.932522
u64,branchlut2,admixture,5x6,80,2.876554
u64,countlut,admixture,5x6,80,3.103909
u64,fmt,admixture,5x6,80,3.266746
u64,jeaiii,admixture,5x6,80,2.435907
u64,naive,admixture,5x6,80,6.296680
u64,null,admixture,5x6,80,0.772522
u64,sse2,admixture,5x6,80,2.887872
u64,tmueller,admixture,5x6,80,3.225001
u64,unrolledlut,admixture,5x6,80,2.719836
u64,yy,admixture,5x6,80,1.400711
u64,zmij_scalar,admixture,5x6,80,4.849188
u64,zmij_x64_native,admixture,5x6,80,2.086977
u64,zmij_x64_v1,admixture,5x6,80,3.577108
u64,zmij_x64_v2,admixture,5x6,80,2.371790
u64,zmij_x64_v3,admixture,5x6,80,2.233590
u64,zmij_x64_v4,admixture,5x6,80,2.250853
u64,amartin,admixture,5x6,90,1.557032
u64,branchlut,admixture,5x6,90,2.542661
u64,branchlut2,admixture,5x6,90,2.419911
u64,countlut,admixture,5x6,90,2.558405
u64,fmt,admixture,5x6,90,2.630190
u64,jeaiii,admixture,5x6,90,1.929430
u64,naive,admixture,5x6,90,5.620925
u64,null,admixture,5x6,90,0.766739
u64,sse2,admixture,5x6,90,2.489644
u64,tmueller,admixture,5x6,90,2.540363
u64,unrolledlut,admixture,5x6,90,2.174331
u64,yy,admixture,5x6,90,1.388899
u64,zmij_scalar,admixture,5x6,90,4.810741
u64,zmij_x64_native,admixture,5x6,90,2.064152
u64,zmij_x64_v1,admixture,5x6,90,3.521652
u64,zmij_x64_v2,admixture,5x6,90,2.339622
u64,zmij_x64_v3,admixture,5x6,90,2.220975
u64,zmij_x64_v4,admixture,5x6,90,2.226686
u64,amartin,admixture,5x6,100,1.532015
u64,branchlut,admixture,5x6,100,2.114917
u64,branchlut2,admixture,5x6,100,1.917780
u64,countlut,admixture,5x6,100,1.907724
u64,fmt,admixture,5x6,100,1.910662
u64,jeaiii,admixture,5x6,100,1.340575
u64,naive,admixture,5x6,100,4.832345
u64,null,admixture,5x6,100,0.997998
u64,sse2,admixture,5x6,100,2.047463
u64,tmueller,admixture,5x6,100,1.854774
u64,unrolledlut,admixture,5x6,100,1.635059
u64,yy,admixture,5x6,100,1.393095
u64,zmij_scalar,admixture,5x6,100,4.790292
u64,zmij_x64_native,admixture,5x6,100,2.054173
u64,zmij_x64_v1,admixture,5x6,100,3.499141
u64,zmij_x64_v2,admixture,5x6,100,2.328823
u64,zmij_x64_v3,admixture,5x6,100,2.212670
u64,zmij_x64_v4,admixture,5x6,100,2.192817
i64,amartin,bylength,,1,0.943313
i64,branchlut,bylength,,1,3.910487
i64,branchlut2,bylength,,1,4.166211
i64,countlut,bylength,,1,4.363491
i64,fmt,bylength,,1,1.108492
i64,jeaiii,bylength,,1,3.644811
i64,naive,bylength,,1,5.097559
i64,null,bylength,,1,0.818805
i64,sse2,bylength,,1,3.701934
i64,tmueller,bylength,,1,0.885770
i64,unrolledlut,bylength,,1,4.414428
i64,yy,bylength,,1,1.236571
i64,zmij_scalar,bylength,,1,4.971525
i64,zmij_x64_native,bylength,,1,2.386118
i64,zmij_x64_v1,bylength,,1,3.890694
i64,zmij_x64_v2,bylength,,1,2.616042
i64,zmij_x64_v3,bylength,,1,2.447450
i64,zmij_x64_v4,bylength,,1,2.475161
i64,amartin,bylength,,2,0.946416
i64,branchlut,bylength,,2,4.302618
i64,branchlut2,bylength,,2,4.239040
i64,countlut,bylength,,2,4.368340
i64,fmt,bylength,,2,1.128550
i64,jeaiii,bylength,,2,4.256193
i64,naive,bylength,,2,5.609129
i64,null,bylength,,2,0.824256
i64,sse2,bylength,,2,3.796792
i64,tmueller,bylength,,2,1.483685
i64,unrolledlut,bylength,,2,4.541624
i64,yy,bylength,,2,1.247822
i64,zmij_scalar,bylength,,2,4.959659
i64,zmij_x64_native,bylength,,2,2.401678
i64,zmij_x64_v1,bylength,,2,3.863035
i64,zmij_x64_v2,bylength,,2,2.620045
i64,zmij_x64_v3,bylength,,2,2.438175
i64,zmij_x64_v4,bylength,,2,2.478802
i64,amartin,bylength,,3,1.673330
i64,branchlut,bylength,,3,4.339772
i64,branchlut2,bylength,,3,3.950484
i64,countlut,bylength,,3,4.530036
i64,fmt,bylength,,3,1.674175
i64,jeaiii,bylength,,3,4.340081
i64,naive,bylength,,3,6.242495
i64,null,bylength,,3,0.850604
i64,sse2,bylength,,3,4.168544
i64,tmueller,bylength,,3,1.699514
i64,unrolledlut,bylength,,3,4.758165
i64,yy,bylength,,3,1.497616
i64,zmij_scalar,bylength,,3,4.974327
i64,zmij_x64_native,bylength,,3,2.403465
i64,zmij_x64_v1,bylength,,3,3.869488
i64,zmij_x64_v2,bylength,,3,2.623296
i64,zmij_x64_v3,bylength,,3,2.439590
i64,zmij_x64_v4,bylength,,3,2.473700
i64,amartin,bylength,,4,1.675152
i64,branchlut,bylength,,4,4.197815
i64,branchlut2,bylength,,4,4.449776
i64,countlut,bylength,,4,4.222070
i64,fmt,bylength,,4,1.645277
i64,jeaiii,bylength,,4,4.584030
i64,naive,bylength,,4,6.799608
i64,null,bylength,,4,0.779416
i64,sse2,bylength,,4,3.974587
i64,tmueller,bylength,,4,1.715882
i64,unrolledlut,bylength,,4,4.613277
i64,yy,bylength,,4,1.488772
i64,zmij_scalar,bylength,,4,4.974389
i64,zmij_x64_native,bylength,,4,2.401040
i64,zmij_x64_v1,bylength,,4,3.862561
i64,zmij_x64_v2,bylength,,4,2.620459
i64,zmij_x64_v3,bylength,,4,2.472976
i64,zmij_x64_v4,bylength,,4,2.510765
i64,amartin,bylength,,5,1.825510
i64,branchlut,bylength,,5,4.488185
i64,branchlut2,bylength,,5,4.683879
i64,countlut,bylength,,5,4.881207
i64,fmt,bylength,,5,2.210360
i64,jeaiii,bylength,,5,4.642357
i64,naive,bylength,,5,7.302841
i64,null,bylength,,5,0.881327
i64,sse2,bylength,,5,4.443488
i64,tmueller,bylength,,5,2.245170
i64,unrolledlut,bylength,,5,4.840456
i64,yy,bylength,,5,1.644426
i64,zmij_scalar,bylength,,5,5.014137
i64,zmij_x64_native,bylength,,5,2.391038
i64,zmij_x64_v1,bylength,,5,3.857953
i64,zmij_x64_v2,bylength,,5,2.612165
i64,zmij_x64_v3,bylength,,5,2.464247
i64,zmij_x64_v4,bylength,,5,2.471343
i64,amartin,bylength,,6,1.814408
i64,branchlut,bylength,,6,4.861729
i64,branchlut2,bylength,,6,4.776732
i64,countlut,bylength,,6,4.819285
i64,fmt,bylength,,6,2.169752
i64,jeaiii,bylength,,6,4.652387
i64,naive,bylength,,6,7.879777
i64,null,bylength,,6,0.791550
i64,sse2,bylength,,6,4.813186
i64,tmueller,bylength,,6,2.184019
i64,unrolledlut,bylength,,6,4.838726
i64,yy,bylength,,6,1.638514
i64,zmij_scalar,bylength,,6,4.963447
i64,zmij_x64_native,bylength,,6,2.382422
i64,zmij_x64_v1,bylength,,6,3.863003
i64,zmij_x64_v2,bylength,,6,2.615425
i64,zmij_x64_v3,bylength,,6,2.471456
i64,zmij_x64_v4,bylength,,6,2.491523
i64,amartin,bylength,,7,2.377757
i64,branchlut,bylength,,7,4.987035
i64,branchlut2,bylength,,7,4.479892
i64,countlut,bylength,,7,5.089293
i64,fmt,bylength,,7,2.765092
i64,jeaiii,bylength,,7,4.726666
i64,naive,bylength,,7,8.594995
i64,null,bylength,,7,0.880284
i64,sse2,bylength,,7,4.878061
i64,tmueller,bylength,,7,2.749161
i64,unrolledlut,bylength,,7,4.702597
i64,yy,bylength,,7,1.996116
i64,zmij_scalar,bylength,,7,4.972306
i64,zmij_x64_native,bylength,,7,2.374656
i64,zmij_x64_v1,bylength,,7,3.871346
i64,zmij_x64_v2,bylength,,7,2.607520
i64,zmij_x64_v3,bylength,,7,2.446238
i64,zmij_x64_v4,bylength,,7,2.464098
i64,amartin,bylength,,8,2.425688
i64,branchlut,bylength,,8,5.127311
i64,branchlut2,bylength,,8,5.107621
i64,countlut,bylength,,8,5.185497
i64,fmt,bylength,,8,2.751498
i64,jeaiii,bylength,,8,4.824253
i64,naive,bylength,,8,8.337683
i64,null,bylength,,8,0.784142
i64,sse2,bylength,,8,4.850072
i64,tmueller,bylength,,8,2.786110
i64,unrolledlut,bylength,,8,4.752616
i64,yy,bylength,,8,2.003586
i64,zmij_scalar,bylength,,8,4.996171
i64,zmij_x64_native,bylength,,8,2.390133
i64,zmij_x64_v1,bylength,,8,3.909879
i64,zmij_x64_v2,bylength,,8,2.621275
i64,zmij_x64_v3,bylength,,8,2.463224
i64,zmij_x64_v4,bylength,,8,2.483633
i64,amartin,bylength,,9,2.835310
i64,branchlut,bylength,,9,6.656613
i64,branchlut2,bylength,,9,5.989099
i64,countlut,bylength,,9,6.355180
i64,fmt,bylength,,9,3.455590
i64,jeaiii,bylength,,9,5.041401
i64,naive,bylength,,9,9.608011
i64,null,bylength,,9,0.766974
i64,sse2,bylength,,9,4.974308
i64,tmueller,bylength,,9,3.395361
i64,unrolledlut,bylength,,9,5.103164
i64,yy,bylength,,9,2.573958
i64,zmij_scalar,bylength,,9,5.290405
i64,zmij_x64_native,bylength,,9,2.447160
i64,zmij_x64_v1,bylength,,9,3.889995
i64,zmij_x64_v2,bylength,,9,2.631288
i64,zmij_x64_v3,bylength,,9,2.482650
i64,zmij_x64_v4,bylength,,9,2.487082
i64,amartin,bylength,,10,4.611337
i64,branchlut,bylength,,10,6.976275
i64,branchlut2,bylength,,10,5.961678
i64,countlut,bylength,,10,6.267882
i64,fmt,bylength,,10,3.400707
i64,jeaiii,bylength,,10,6.640981
i64,naive,bylength,,10,10.344171
i64,null,bylength,,10,0.824314
i64,sse2,bylength,,10,4.952103
i64,tmueller,bylength,,10,3.349923
i64,unrolledlut,bylength,,10,7.061404
i64,yy,bylength,,10,2.531475
i64,zmij_scalar,bylength,,10,5.172594
i64,zmij_x64_native,bylength,,10,2.397754
i64,zmij_x64_v1,bylength,,10,3.868107
i64,zmij_x64_v2,bylength,,10,2.603248
i64,zmij_x64_v3,bylength,,10,2.447740
i64,zmij_x64_v4,bylength,,10,2.477816
i64,amartin,bylength,,11,3.380978
i64,branchlut,bylength,,11,7.027732
i64,branchlut2,bylength,,11,6.503395
i64,countlut,bylength,,11,6.712007
i64,fmt,bylength,,11,3.960894
i64,jeaiii,bylength,,11,4.670319
i64,naive,bylength,,11,11.349572
i64,null,bylength,,11,0.870531
i64,sse2,bylength,,11,4.903911
i64,tmueller,bylength,,11,3.905722
i64,unrolledlut,bylength,,11,5.755562
i64,yy,bylength,,11,3.038600
i64,zmij_scalar,bylength,,11,5.184961
i64,zmij_x64_native,bylength,,11,2.396137
i64,zmij_x64_v1,bylength,,11,3.869904
i64,zmij_x64_v2,bylength,,11,2.614516
i64,zmij_x64_v3,bylength,,11,2.478162
i64,zmij_x64_v4,bylength,,11,2.472823
i64,amartin,bylength,,12,3.385156
i64,branchlut,bylength,,12,7.288248
i64,branchlut2,bylength,,12,6.413250
i64,countlut,bylength,,12,6.954276
i64,fmt,bylength,,12,3.995657
i64,jeaiii,bylength,,12,5.036582
i64,naive,bylength,,12,12.592892
i64,null,bylength,,12,0.806763
i64,sse2,bylength,,12,4.897828
i64,tmueller,bylength,,12,3.922107
i64,unrolledlut,bylength,,12,5.567955
i64,yy,bylength,,12,3.053377
i64,zmij_scalar,bylength,,12,5.162213
i64,zmij_x64_native,bylength,,12,2.393289
i64,zmij_x64_v1,bylength,,12,3.869298
i64,zmij_x64_v2,bylength,,12,2.624729
i64,zmij_x64_v3,bylength,,12,2.485301
i64,zmij_x64_v4,bylength,,12,2.467833
i64,amartin,bylength,,13,3.772135
i64,branchlut,bylength,,13,7.342679
i64,branchlut2,bylength,,13,7.434128
i64,countlut,bylength,,13,7.361297
i64,fmt,bylength,,13,4.730587
i64,jeaiii,bylength,,13,5.151144
i64,naive,bylength,,13,13.636734
i64,null,bylength,,13,0.854904
i64,sse2,bylength,,13,4.915101
i64,tmueller,bylength,,13,4.535944
i64,unrolledlut,bylength,,13,5.846147
i64,yy,bylength,,13,3.415583
i64,zmij_scalar,bylength,,13,5.233934
i64,zmij_x64_native,bylength,,13,2.445419
i64,zmij_x64_v1,bylength,,13,3.938627
i64,zmij_x64_v2,bylength,,13,2.652908
i64,zmij_x64_v3,bylength,,13,2.455688
i64,zmij_x64_v4,bylength,,13,2.487147
i64,amartin,bylength,,14,3.784847
i64,branchlut,bylength,,14,7.368909
i64,branchlut2,bylength,,14,7.425498
i64,countlut,bylength,,14,7.229568
i64,fmt,bylength,,14,4.652766
i64,jeaiii,bylength,,14,5.252462
i64,naive,bylength,,14,14.658252
i64,null,bylength,,14,0.841298
i64,sse2,bylength,,14,4.899754
i64,tmueller,bylength,,14,4.519768
i64,unrolledlut,bylength,,14,5.893166
i64,yy,bylength,,14,3.356919
i64,zmij_scalar,bylength,,14,5.166965
i64,zmij_x64_native,bylength,,14,2.385520
i64,zmij_x64_v1,bylength,,14,3.867740
i64,zmij_x64_v2,bylength,,14,2.607239
i64,zmij_x64_v3,bylength,,14,2.456666
i64,zmij_x64_v4,bylength,,14,2.463963
i64,amartin,bylength,,15,4.360837
i64,branchlut,bylength,,15,7.658354
i64,branchlut2,bylength,,15,7.941132
i64,countlut,bylength,,15,7.727160
i64,fmt,bylength,,15,5.400071
i64,jeaiii,bylength,,15,5.454495
i64,naive,bylength,,15,15.655868
i64,null,bylength,,15,0.805946
i64,sse2,bylength,,15,4.503492
i64,tmueller,bylength,,15,5.240674
i64,unrolledlut,bylength,,15,5.983045
i64,yy,bylength,,15,3.824894
i64,zmij_scalar,bylength,,15,5.139422
i64,zmij_x64_native,bylength,,15,2.391631
i64,zmij_x64_v1,bylength,,15,3.859922
i64,zmij_x64_v2,bylength,,15,2.620486
i64,zmij_x64_v3,bylength,,15,2.446927
i64,zmij_x64_v4,bylength,,15,2.479234
i64,amartin,bylength,,16,4.375375
i64,branchlut,bylength,,16,7.846567
i64,branchlut2,bylength,,16,7.995997
i64,countlut,bylength,,16,7.869070
i64,fmt,bylength,,16,5.428592
i64,jeaiii,bylength,,16,5.678406
i64,naive,bylength,,16,15.009747
i64,null,bylength,,16,0.869836
i64,sse2,bylength,,16,4.523313
i64,tmueller,bylength,,16,5.372907
i64,unrolledlut,bylength,,16,5.963979
i64,yy,bylength,,16,3.887994
i64,zmij_scalar,bylength,,16,5.263135
i64,zmij_x64_native,bylength,,16,2.444436
i64,zmij_x64_v1,bylength,,16,3.953389
i64,zmij_x64_v2,bylength,,16,2.631988
i64,zmij_x64_v3,bylength,,16,2.499227
i64,zmij_x64_v4,bylength,,16,2.511539
i64,amartin,bylength,,17,4.820887
i64,branchlut,bylength,,17,8.281470
i64,branchlut2,bylength,,17,8.205271
i64,countlut,bylength,,17,9.164031
i64,fmt,bylength,,17,6.131939
i64,jeaiii,bylength,,17,5.932413
i64,naive,bylength,,17,16.266145
i64,null,bylength,,17,0.743962
i64,sse2,bylength,,17,4.572515
i64,tmueller,bylength,,17,5.987410
i64,unrolledlut,bylength,,17,6.457329
i64,yy,bylength,,17,3.870915
i64,zmij_scalar,bylength,,17,5.161492
i64,zmij_x64_native,bylength,,17,2.404480
i64,zmij_x64_v1,bylength,,17,3.882020
i64,zmij_x64_v2,bylength,,17,2.606255
i64,zmij_x64_v3,bylength,,17,2.462207
i64,zmij_x64_v4,bylength,,17,2.470300
i64,amartin,bylength,,18,6.348847
i64,branchlut,bylength,,18,8.233223
i64,branchlut2,bylength,,18,8.179387
i64,countlut,bylength,,18,9.403157
i64,fmt,bylength,,18,6.162713
i64,jeaiii,bylength,,18,7.753097
i64,naive,bylength,,18,17.439531
i64,null,bylength,,18,0.841967
i64,sse2,bylength,,18,5.365644
i64,tmueller,bylength,,18,5.956837
i64,unrolledlut,bylength,,18,7.674977
i64,yy,bylength,,18,3.857182
i64,zmij_scalar,bylength,,18,5.145586
i64,zmij_x64_native,bylength,,18,2.383830
i64,zmij_x64_v1,bylength,,18,3.840074
i64,zmij_x64_v2,bylength,,18,2.615356
i64,zmij_x64_v3,bylength,,18,2.461746
i64,zmij_x64_v4,bylength,,18,2.476716
i64,amartin,bylength,,19,4.944735
i64,branchlut,bylength,,19,8.946954
i64,branchlut2,bylength,,19,8.643746
i64,countlut,bylength,,19,9.675977
i64,fmt,bylength,,19,6.835509
i64,jeaiii,bylength,,19,5.945335
i64,naive,bylength,,19,18.393275
i64,null,bylength,,19,0.833093
i64,sse2,bylength,,19,5.537773
i64,tmueller,bylength,,19,6.681751
i64,unrolledlut,bylength,,19,6.326720
i64,yy,bylength,,19,4.065987
i64,zmij_scalar,bylength,,19,5.144418
i64,zmij_x64_native,bylength,,19,2.403114
i64,zmij_x64_v1,bylength,,19,3.865163
i64,zmij_x64_v2,bylength,,19,2.622787
i64,zmij_x64_v3,bylength,,19,2.448781
i64,zmij_x64_v4,bylength,,19,2.480849
i64,amartin,loguniform,1-19,19,10.119712
i64,branchlut,loguniform,1-19,19,13.369574
i64,branchlut2,loguniform,1-19,19,14.231967
i64,countlut,loguniform,1-19,19,14.439949
i64,fmt,loguniform,1-19,19,12.276369
i64,jeaiii,loguniform,1-19,19,13.769720
i64,naive,loguniform,1-19,19,18.281251
i64,null,loguniform,1-19,19,0.752746
i64,sse2,loguniform,1-19,19,16.347501
i64,tmueller,loguniform,1-19,19,12.276008
i64,unrolledlut,loguniform,1-19,19,13.684308
i64,yy,loguniform,1-19,19,8.956065
i64,zmij_scalar,loguniform,1-19,19,5.055698
i64,zmij_x64_native,loguniform,1-19,19,2.383880
i64,zmij_x64_v1,loguniform,1-19,19,3.887112
i64,zmij_x64_v2,loguniform,1-19,19,2.628133
i64,zmij_x64_v3,loguniform,1-19,19,2.448814
i64,zmij_x64_v4,loguniform,1-19,19,2.471410
i64,amartin,loguniform,1-4,4,4.167259
i64,branchlut,loguniform,1-4,4,8.125725
i64,branchlut2,loguniform,1-4,4,8.807997
i64,countlut,loguniform,1-4,4,9.184909
i64,fmt,loguniform,1-4,4,6.882918
i64,jeaiii,loguniform,1-4,4,8.797757
i64,naive,loguniform,1-4,4,10.049282
i64,null,loguniform,1-4,4,0.780457
i64,sse2,loguniform,1-4,4,8.143793
i64,tmueller,loguniform,1-4,4,6.514718
i64,unrolledlut,loguniform,1-4,4,9.316418
i64,yy,loguniform,1-4,4,4.044113
i64,zmij_scalar,loguniform,1-4,4,4.945323
i64,zmij_x64_native,loguniform,1-4,4,2.403104
i64,zmij_x64_v1,loguniform,1-4,4,3.883674
i64,zmij_x64_v2,loguniform,1-4,4,2.604941
i64,zmij_x64_v3,loguniform,1-4,4,2.443702
i64,zmij_x64_v4,loguniform,1-4,4,2.460203
i64,amartin,uniform,0-255,0,3.911114
i64,branchlut,uniform,0-255,0,3.850657
i64,branchlut2,uniform,0-255,0,3.684829
i64,countlut,uniform,0-255,0,3.975657
i64,fmt,uniform,0-255,0,3.929088
i64,jeaiii,uniform,0-255,0,3.729471
i64,naive,uniform,0-255,0,5.726289
i64,null,uniform,0-255,0,0.768064
i64,sse2,uniform,0-255,0,3.719312
i64,tmueller,uniform,0-255,0,4.010006
i64,unrolledlut,uniform,0-255,0,4.354969
i64,yy,uniform,0-255,0,3.799551
i64,zmij_scalar,uniform,0-255,0,5.053710
i64,zmij_x64_native,uniform,0-255,0,2.390535
i64,zmij_x64_v1,uniform,0-255,0,3.939222
i64,zmij_x64_v2,uniform,0-255,0,2.620176
i64,zmij_x64_v3,uniform,0-255,0,2.449447
i64,zmij_x64_v4,uniform,0-255,0,2.486484
i64,amartin,unpredictable,,1,2.499409
i64,branchlut,unpredictable,,1,5.943972
i64,branchlut2,unpredictable,,1,5.859907
i64,countlut,unpredictable,,1,6.529045
i64,fmt,unpredictable,,1,5.870661
i64,jeaiii,unpredictable,,1,6.423292
i64,naive,unpredictable,,1,9.147277
i64,null,unpredictable,,1,0.987522
i64,sse2,unpredictable,,1,5.693513
i64,tmueller,unpredictable,,1,7.045595
i64,unrolledlut,unpredictable,,1,5.443037
i64,yy,unpredictable,,1,3.034845
i64,zmij_scalar,unpredictable,,1,5.059608
i64,zmij_x64_native,unpredictable,,1,2.384647
i64,zmij_x64_v1,unpredictable,,1,3.858102
i64,zmij_x64_v2,unpredictable,,1,2.582533
i64,zmij_x64_v3,unpredictable,,1,2.471643
i64,zmij_x64_v4,unpredictable,,1,2.465829
i64,amartin,unpredictable,,2,2.457300
i64,branchlut,unpredictable,,2,6.025525
i64,branchlut2,unpredictable,,2,5.655668
i64,countlut,unpredictable,,2,6.393027
i64,fmt,unpredictable,,2,5.439572
i64,jeaiii,unpredictable,,2,6.069559
i64,naive,unpredictable,,2,9.441356
i64,null,unpredictable,,2,1.026567
i64,sse2,unpredictable,,2,5.266715
i64,tmueller,unpredictable,,2,6.087672
i64,unrolledlut,unpredictable,,2,5.511467
i64,yy,unpredictable,,2,2.988198
i64,zmij_scalar,unpredictable,,2,5.009072
i64,zmij_x64_native,unpredictable,,2,2.440542
i64,zmij_x64_v1,unpredictable,,2,3.883433
i64,zmij_x64_v2,unpredictable,,2,2.597208
i64,zmij_x64_v3,unpredictable,,2,2.452624
i64,zmij_x64_v4,unpredictable,,2,2.486806
i64,amartin,unpredictable,,3,2.632878
i64,branchlut,unpredictable,,3,6.104858
i64,branchlut2,unpredictable,,3,5.876751
i64,countlut,unpredictable,,3,5.820391
i64,fmt,unpredictable,,3,4.702147
i64,jeaiii,unpredictable,,3,4.925846
i64,naive,unpredictable,,3,9.781539
i64,null,unpredictable,,3,0.749040
i64,sse2,unpredictable,,3,5.897792
i64,tmueller,unpredictable,,3,4.770950
i64,unrolledlut,unpredictable,,3,5.412685
i64,yy,unpredictable,,3,2.824477
i64,zmij_scalar,unpredictable,,3,4.922673
i64,zmij_x64_native,unpredictable,,3,2.407487
i64,zmij_x64_v1,unpredictable,,3,3.886656
i64,zmij_x64_v2,unpredictable,,3,2.625472
i64,zmij_x64_v3,unpredictable,,3,2.460340
i64,zmij_x64_v4,unpredictable,,3,2.492399
i64,amartin,unpredictable,,4,2.785640
i64,branchlut,unpredictable,,4,6.275583
i64,branchlut2,unpredictable,,4,5.906845
i64,countlut,unpredictable,,4,6.167596
i64,fmt,unpredictable,,4,4.562406
i64,jeaiii,unpredictable,,4,5.214174
i64,naive,unpredictable,,4,10.315179
i64,null,unpredictable,,4,0.861217
i64,sse2,unpredictable,,4,5.642866
i64,tmueller,unpredictable,,4,4.946576
i64,unrolledlut,unpredictable,,4,5.171986
i64,yy,unpredictable,,4,2.889153
i64,zmij_scalar,unpredictable,,4,4.968069
i64,zmij_x64_native,unpredictable,,4,2.405652
i64,zmij_x64_v1,unpredictable,,4,3.907825
i64,zmij_x64_v2,unpredictable,,4,2.606240
i64,zmij_x64_v3,unpredictable,,4,2.430154
i64,zmij_x64_v4,unpredictable,,4,2.484755
i64,amartin,unpredictable,,5,2.217463
i64,branchlut,unpredictable,,5,6.107874
i64,branchlut2,unpredictable,,5,6.153246
i64,countlut,unpredictable,,5,5.684876
i64,fmt,unpredictable,,5,4.930023
i64,jeaiii,unpredictable,,5,5.297228
i64,naive,unpredictable,,5,10.375283
i64,null,unpredictable,,5,0.816803
i64,sse2,unpredictable,,5,5.590769
i64,tmueller,unpredictable,,5,5.082181
i64,unrolledlut,unpredictable,,5,5.119297
i64,yy,unpredictable,,5,2.555542
i64,zmij_scalar,unpredictable,,5,4.935368
i64,zmij_x64_native,unpredictable,,5,2.396943
i64,zmij_x64_v1,unpredictable,,5,3.866024
i64,zmij_x64_v2,unpredictable,,5,2.613879
i64,zmij_x64_v3,unpredictable,,5,2.441377
i64,zmij_x64_v4,unpredictable,,5,2.491271
i64,amartin,unpredictable,,6,2.254106
i64,branchlut,unpredictable,,6,6.221795
i64,branchlut2,unpredictable,,6,6.244322
i64,countlut,unpredictable,,6,5.846395
i64,fmt,unpredictable,,6,4.836411
i64,jeaiii,unpredictable,,6,5.240569
i64,naive,unpredictable,,6,10.757290
i64,null,unpredictable,,6,0.937411
i64,sse2,unpredictable,,6,6.012179
i64,tmueller,unpredictable,,6,5.117672
i64,unrolledlut,unpredictable,,6,5.149786
i64,yy,unpredictable,,6,2.559469
i64,zmij_scalar,unpredictable,,6,5.010692
i64,zmij_x64_native,unpredictable,,6,2.413635
i64,zmij_x64_v1,unpredictable,,6,3.864996
i64,zmij_x64_v2,unpredictable,,6,2.628836
i64,zmij_x64_v3,unpredictable,,6,2.451810
i64,zmij_x64_v4,unpredictable,,6,2.510944
i64,amartin,unpredictable,,7,2.692840
i64,branchlut,unpredictable,,7,6.507324
i64,branchlut2,unpredictable,,7,6.327068
i64,countlut,unpredictable,,7,6.040367
i64,fmt,unpredictable,,7,4.653481
i64,jeaiii,unpredictable,,7,5.376855
i64,naive,unpredictable,,7,11.075761
i64,null,unpredictable,,7,0.920854
i64,sse2,unpredictable,,7,6.173099
i64,tmueller,unpredictable,,7,4.638713
i64,unrolledlut,unpredictable,,7,6.029804
i64,yy,unpredictable,,7,2.956243
i64,zmij_scalar,unpredictable,,7,4.971871
i64,zmij_x64_native,unpredictable,,7,2.443686
i64,zmij_x64_v1,unpredictable,,7,3.926099
i64,zmij_x64_v2,unpredictable,,7,2.683266
i64,zmij_x64_v3,unpredictable,,7,2.411147
i64,zmij_x64_v4,unpredictable,,7,2.480476
i64,amartin,unpredictable,,8,2.612360
i64,branchlut,unpredictable,,8,6.812078
i64,branchlut2,unpredictable,,8,6.476312
i64,countlut,unpredictable,,8,6.051811
i64,fmt,unpredictable,,8,4.633869
i64,jeaiii,unpredictable,,8,5.501009
i64,naive,unpredictable,,8,10.433982
i64,null,unpredictable,,8,0.805667
i64,sse2,unpredictable,,8,6.310188
i64,tmueller,unpredictable,,8,4.793649
i64,unrolledlut,unpredictable,,8,6.147940
i64,yy,unpredictable,,8,2.850768
i64,zmij_scalar,unpredictable,,8,4.946837
i64,zmij_x64_native,unpredictable,,8,2.360761
i64,zmij_x64_v1,unpredictable,,8,3.860973
i64,zmij_x64_v2,unpredictable,,8,2.593578
i64,zmij_x64_v3,unpredictable,,8,2.417138
i64,zmij_x64_v4,unpredictable,,8,2.479415
i64,amartin,unpredictable,,9,4.757876
i64,branchlut,unpredictable,,9,7.054310
i64,branchlut2,unpredictable,,9,6.540164
i64,countlut,unpredictable,,9,7.158908
i64,fmt,unpredictable,,9,4.927181
i64,jeaiii,unpredictable,,9,5.958051
i64,naive,unpredictable,,9,11.625432
i64,null,unpredictable,,9,0.966001
i64,sse2,unpredictable,,9,8.172950
i64,tmueller,unpredictable,,9,4.984076
i64,unrolledlut,unpredictable,,9,7.257610
i64,yy,unpredictable,,9,3.548724
i64,zmij_scalar,unpredictable,,9,5.388975
i64,zmij_x64_native,unpredictable,,9,2.476705
i64,zmij_x64_v1,unpredictable,,9,4.031147
i64,zmij_x64_v2,unpredictable,,9,2.639886
i64,zmij_x64_v3,unpredictable,,9,2.512687
i64,zmij_x64_v4,unpredictable,,9,2.528119
i64,amartin,unpredictable,,10,7.930451
i64,branchlut,unpredictable,,10,7.168492
i64,branchlut2,unpredictable,,10,6.169868
i64,countlut,unpredictable,,10,7.104316
i64,fmt,unpredictable,,10,4.827157
i64,jeaiii,unpredictable,,10,9.501552
i64,naive,unpredictable,,10,11.954630
i64,null,unpredictable,,10,1.039528
i64,sse2,unpredictable,,10,7.749857
i64,tmueller,unpredictable,,10,4.845358
i64,unrolledlut,unpredictable,,10,9.980447
i64,yy,unpredictable,,10,3.299828
i64,zmij_scalar,unpredictable,,10,5.145727
i64,zmij_x64_native,unpredictable,,10,2.375286
i64,zmij_x64_v1,unpredictable,,10,3.855412
i64,zmij_x64_v2,unpredictable,,10,2.611762
i64,zmij_x64_v3,unpredictable,,10,2.444236
i64,zmij_x64_v4,unpredictable,,10,2.475180
i64,amartin,unpredictable,,11,3.809260
i64,branchlut,unpredictable,,11,7.435581
i64,branchlut2,unpredictable,,11,7.079382
i64,countlut,unpredictable,,11,7.053427
i64,fmt,unpredictable,,11,5.061200
i64,jeaiii,unpredictable,,11,5.765867
i64,naive,unpredictable,,11,12.738090
i64,null,unpredictable,,11,1.058538
i64,sse2,unpredictable,,11,7.784000
i64,tmueller,unpredictable,,11,4.883199
i64,unrolledlut,unpredictable,,11,6.215816
i64,yy,unpredictable,,11,3.310634
i64,zmij_scalar,unpredictable,,11,5.162309
i64,zmij_x64_native,unpredictable,,11,2.403319
i64,zmij_x64_v1,unpredictable,,11,3.889551
i64,zmij_x64_v2,unpredictable,,11,2.636741
i64,zmij_x64_v3,unpredictable,,11,2.451687
i64,zmij_x64_v4,unpredictable,,11,2.496263
i64,amartin,unpredictable,,12,3.762341
i64,branchlut,unpredictable,,12,7.781431
i64,branchlut2,unpredictable,,12,6.641099
i64,countlut,unpredictable,,12,7.199621
i64,fmt,unpredictable,,12,4.919992
i64,jeaiii,unpredictable,,12,5.724395
i64,naive,unpredictable,,12,13.706073
i64,null,unpredictable,,12,0.739648
i64,sse2,unpredictable,,12,7.787086
i64,tmueller,unpredictable,,12,4.968200
i64,unrolledlut,unpredictable,,12,5.725529
i64,yy,unpredictable,,12,3.337372
i64,zmij_scalar,unpredictable,,12,5.137436
i64,zmij_x64_native,unpredictable,,12,2.427544
i64,zmij_x64_v1,unpredictable,,12,3.973729
i64,zmij_x64_v2,unpredictable,,12,2.691073
i64,zmij_x64_v3,unpredictable,,12,2.564405
i64,zmij_x64_v4,unpredictable,,12,2.467295
i64,amartin,unpredictable,,13,3.805018
i64,branchlut,unpredictable,,13,7.873388
i64,branchlut2,unpredictable,,13,7.568696
i64,countlut,unpredictable,,13,7.247660
i64,fmt,unpredictable,,13,5.255504
i64,jeaiii,unpredictable,,13,5.766792
i64,naive,unpredictable,,13,14.599070
i64,null,unpredictable,,13,1.056403
i64,sse2,unpredictable,,13,7.777175
i64,tmueller,unpredictable,,13,5.027437
i64,unrolledlut,unpredictable,,13,6.015010
i64,yy,unpredictable,,13,3.419211
i64,zmij_scalar,unpredictable,,13,5.152903
i64,zmij_x64_native,unpredictable,,13,2.409328
i64,zmij_x64_v1,unpredictable,,13,3.891978
i64,zmij_x64_v2,unpredictable,,13,2.624161
i64,zmij_x64_v3,unpredictable,,13,2.452058
i64,zmij_x64_v4,unpredictable,,13,2.476588
i64,amartin,unpredictable,,14,4.117450
i64,branchlut,unpredictable,,14,8.620711
i64,branchlut2,unpredictable,,14,7.925733
i64,countlut,unpredictable,,14,7.767724
i64,fmt,unpredictable,,14,5.642976
i64,jeaiii,unpredictable,,14,6.174300
i64,naive,unpredictable,,14,16.045270
i64,null,unpredictable,,14,1.160770
i64,sse2,unpredictable,,14,8.328979
i64,tmueller,unpredictable,,14,5.428289
i64,unrolledlut,unpredictable,,14,6.320754
i64,yy,unpredictable,,14,3.555355
i64,zmij_scalar,unpredictable,,14,5.334470
i64,zmij_x64_native,unpredictable,,14,2.491985
i64,zmij_x64_v1,unpredictable,,14,4.078486
i64,zmij_x64_v2,unpredictable,,14,2.787976
i64,zmij_x64_v3,unpredictable,,14,2.483785
i64,zmij_x64_v4,unpredictable,,14,2.604479
i64,amartin,unpredictable,,15,4.343900
i64,branchlut,unpredictable,,15,8.649645
i64,branchlut2,unpredictable,,15,7.954659
i64,countlut,unpredictable,,15,7.579767
i64,fmt,unpredictable,,15,5.559667
i64,jeaiii,unpredictable,,15,6.283211
i64,naive,unpredictable,,15,16.201043
i64,null,unpredictable,,15,1.167581
i64,sse2,unpredictable,,15,7.179990
i64,tmueller,unpredictable,,15,5.260816
i64,unrolledlut,unpredictable,,15,6.823000
i64,yy,unpredictable,,15,3.730178
i64,zmij_scalar,unpredictable,,15,5.149168
i64,zmij_x64_native,unpredictable,,15,2.408908
i64,zmij_x64_v1,unpredictable,,15,3.887874
i64,zmij_x64_v2,unpredictable,,15,2.607943
i64,zmij_x64_v3,unpredictable,,15,2.475494
i64,zmij_x64_v4,unpredictable,,15,2.487461
i64,amartin,unpredictable,,16,4.453049
i64,branchlut,unpredictable,,16,8.940798
i64,branchlut2,unpredictable,,16,8.217113
i64,countlut,unpredictable,,16,7.833958
i64,fmt,unpredictable,,16,5.585263
i64,jeaiii,unpredictable,,16,6.472937
i64,naive,unpredictable,,16,16.041102
i64,null,unpredictable,,16,0.853787
i64,sse2,unpredictable,,16,7.809852
i64,tmueller,unpredictable,,16,5.725495
i64,unrolledlut,unpredictable,,16,6.728040
i64,yy,unpredictable,,16,3.931782
i64,zmij_scalar,unpredictable,,16,5.189272
i64,zmij_x64_native,unpredictable,,16,2.392707
i64,zmij_x64_v1,unpredictable,,16,3.967148
i64,zmij_x64_v2,unpredictable,,16,2.717611
i64,zmij_x64_v3,unpredictable,,16,2.524822
i64,zmij_x64_v4,unpredictable,,16,2.513296
i64,amartin,unpredictable,,17,5.816279
i64,branchlut,unpredictable,,17,9.465977
i64,branchlut2,unpredictable,,17,8.981678
i64,countlut,unpredictable,,17,10.520465
i64,fmt,unpredictable,,17,6.015536
i64,jeaiii,unpredictable,,17,6.774345
i64,naive,unpredictable,,17,16.446478
i64,null,unpredictable,,17,0.878299
i64,sse2,unpredictable,,17,6.480112
i64,tmueller,unpredictable,,17,5.656556
i64,unrolledlut,unpredictable,,17,7.866055
i64,yy,unpredictable,,17,4.740075
i64,zmij_scalar,unpredictable,,17,5.132931
i64,zmij_x64_native,unpredictable,,17,2.384240
i64,zmij_x64_v1,unpredictable,,17,3.883892
i64,zmij_x64_v2,unpredictable,,17,2.634734
i64,zmij_x64_v3,unpredictable,,17,2.465726
i64,zmij_x64_v4,unpredictable,,17,2.479231
i64,amartin,unpredictable,,18,8.826815
i64,branchlut,unpredictable,,18,9.286053
i64,branchlut2,unpredictable,,18,9.060420
i64,countlut,unpredictable,,18,10.702134
i64,fmt,unpredictable,,18,6.003814
i64,jeaiii,unpredictable,,18,10.092091
i64,naive,unpredictable,,18,17.487874
i64,null,unpredictable,,18,0.794677
i64,sse2,unpredictable,,18,6.686391
i64,tmueller,unpredictable,,18,5.766094
i64,unrolledlut,unpredictable,,18,10.540948
i64,yy,unpredictable,,18,4.787709
i64,zmij_scalar,unpredictable,,18,5.161623
i64,zmij_x64_native,unpredictable,,18,2.358170
i64,zmij_x64_v1,unpredictable,,18,3.892515
i64,zmij_x64_v2,unpredictable,,18,2.590171
i64,zmij_x64_v3,unpredictable,,18,2.460532
i64,zmij_x64_v4,unpredictable,,18,2.461765
i64,amartin,unpredictable,,19,6.011040
i64,branchlut,unpredictable,,19,10.085515
i64,branchlut2,unpredictable,,19,9.690351
i64,countlut,unpredictable,,19,11.031725
i64,fmt,unpredictable,,19,6.851083
i64,jeaiii,unpredictable,,19,7.994298
i64,naive,unpredictable,,19,18.601145
i64,null,unpredictable,,19,0.767050
i64,sse2,unpredictable,,19,6.870984
i64,tmueller,unpredictable,,19,6.597565
i64,unrolledlut,unpredictable,,19,7.780730
i64,yy,unpredictable,,19,5.339671
i64,zmij_scalar,unpredictable,,19,5.160750
i64,zmij_x64_native,unpredictable,,19,2.418695
i64,zmij_x64_v1,unpredictable,,19,3.928714
i64,zmij_x64_v2,unpredictable,,19,2.663209
i64,zmij_x64_v3,unpredictable,,19,2.445658
i64,zmij_x64_v4,unpredictable,,19,2.436643
i64,amartin,admixture,5x6,0,1.822578
i64,branchlut,admixture,5x6,0,4.882801
i64,branchlut2,admixture,5x6,0,4.769064
i64,countlut,admixture,5x6,0,4.827579
i64,fmt,admixture,5x6,0,2.169974
i64,jeaiii,admixture,5x6,0,4.663824
i64,naive,admixture,5x6,0,7.918103
i64,null,admixture,5x6,0,0.804578
i64,sse2,admixture,5x6,0,4.837686
i64,tmueller,admixture,5x6,0,2.206564
i64,unrolledlut,admixture,5x6,0,4.834029
i64,yy,admixture,5x6,0,1.644815
i64,zmij_scalar,admixture,5x6,0,4.946270
i64,zmij_x64_native,admixture,5x6,0,2.391122
i64,zmij_x64_v1,admixture,5x6,0,3.864032
i64,zmij_x64_v2,admixture,5x6,0,2.613481
i64,zmij_x64_v3,admixture,5x6,0,2.461018
i64,zmij_x64_v4,admixture,5x6,0,2.476078
i64,amartin,admixture,5x6,10,1.802293
i64,branchlut,admixture,5x6,10,5.085233
i64,branchlut2,admixture,5x6,10,4.932029
i64,countlut,admixture,5x6,10,5.263043
i64,fmt,admixture,5x6,10,2.857441
i64,jeaiii,admixture,5x6,10,4.817957
i64,naive,admixture,5x6,10,8.447350
i64,null,admixture,5x6,10,0.751340
i64,sse2,admixture,5x6,10,4.937522
i64,tmueller,admixture,5x6,10,2.979853
i64,unrolledlut,admixture,5x6,10,5.190693
i64,yy,admixture,5x6,10,1.640540
i64,zmij_scalar,admixture,5x6,10,4.977162
i64,zmij_x64_native,admixture,5x6,10,2.384159
i64,zmij_x64_v1,admixture,5x6,10,3.866588
i64,zmij_x64_v2,admixture,5x6,10,2.601714
i64,zmij_x64_v3,admixture,5x6,10,2.474427
i64,zmij_x64_v4,admixture,5x6,10,2.492600
i64,amartin,admixture,5x6,20,1.851878
i64,branchlut,admixture,5x6,20,5.775099
i64,branchlut2,admixture,5x6,20,5.522720
i64,countlut,admixture,5x6,20,6.118659
i64,fmt,admixture,5x6,20,3.456360
i64,jeaiii,admixture,5x6,20,5.502039
i64,naive,admixture,5x6,20,9.266121
i64,null,admixture,5x6,20,0.852557
i64,sse2,admixture,5x6,20,5.658149
i64,tmueller,admixture,5x6,20,3.699184
i64,unrolledlut,admixture,5x6,20,5.736611
i64,yy,admixture,5x6,20,1.659438
i64,zmij_scalar,admixture,5x6,20,5.064463
i64,zmij_x64_native,admixture,5x6,20,2.413731
i64,zmij_x64_v1,admixture,5x6,20,3.913311
i64,zmij_x64_v2,admixture,5x6,20,2.608481
i64,zmij_x64_v3,admixture,5x6,20,2.480393
i64,zmij_x64_v4,admixture,5x6,20,2.515751
i64,amartin,admixture,5x6,30,1.817249
i64,branchlut,admixture,5x6,30,6.301471
i64,branchlut2,admixture,5x6,30,6.140434
i64,countlut,admixture,5x6,30,6.718596
i64,fmt,admixture,5x6,30,4.036521
i64,jeaiii,admixture,5x6,30,6.027418
i64,naive,admixture,5x6,30,9.696696
i64,null,admixture,5x6,30,0.870085
i64,sse2,admixture,5x6,30,6.180523
i64,tmueller,admixture,5x6,30,4.448748
i64,unrolledlut,admixture,5x6,30,6.072838
i64,yy,admixture,5x6,30,1.644514
i64,zmij_scalar,admixture,5x6,30,4.968545
i64,zmij_x64_native,admixture,5x6,30,2.394534
i64,zmij_x64_v1,admixture,5x6,30,3.857265
i64,zmij_x64_v2,admixture,5x6,30,2.601624
i64,zmij_x64_v3,admixture,5x6,30,2.445208
i64,zmij_x64_v4,admixture,5x6,30,2.479851
i64,amartin,admixture,5x6,40,1.816795
i64,branchlut,admixture,5x6,40,6.849175
i64,branchlut2,admixture,5x6,40,6.714152
i64,countlut,admixture,5x6,40,7.374143
i64,fmt,admixture,5x6,40,4.779454
i64,jeaiii,admixture,5x6,40,6.637387
i64,naive,admixture,5x6,40,10.373436
i64,null,admixture,5x6,40,0.755252
i64,sse2,admixture,5x6,40,6.769049
i64,tmueller,admixture,5x6,40,5.050003
i64,unrolledlut,admixture,5x6,40,6.606743
i64,yy,admixture,5x6,40,1.641052
i64,zmij_scalar,admixture,5x6,40,4.963729
i64,zmij_x64_native,admixture,5x6,40,2.381795
i64,zmij_x64_v1,admixture,5x6,40,3.855934
i64,zmij_x64_v2,admixture,5x6,40,2.609229
i64,zmij_x64_v3,admixture,5x6,40,2.456236
i64,zmij_x64_v4,admixture,5x6,40,2.488173
i64,amartin,admixture,5x6,50,1.819510
i64,branchlut,admixture,5x6,50,7.156705
i64,branchlut2,admixture,5x6,50,6.988970
i64,countlut,admixture,5x6,50,7.767980
i64,fmt,admixture,5x6,50,5.353407
i64,jeaiii,admixture,5x6,50,6.869815
i64,naive,admixture,5x6,50,10.680994
i64,null,admixture,5x6,50,0.785794
i64,sse2,admixture,5x6,50,7.139588
i64,tmueller,admixture,5x6,50,5.500341
i64,unrolledlut,admixture,5x6,50,6.965387
i64,yy,admixture,5x6,50,1.647827
i64,zmij_scalar,admixture,5x6,50,4.956849
i64,zmij_x64_native,admixture,5x6,50,2.391589
i64,zmij_x64_v1,admixture,5x6,50,3.857426
i64,zmij_x64_v2,admixture,5x6,50,2.619171
i64,zmij_x64_v3,admixture,5x6,50,2.447166
i64,zmij_x64_v4,admixture,5x6,50,2.489924
i64,amartin,admixture,5x6,60,1.867794
i64,branchlut,admixture,5x6,60,7.041074
i64,branchlut2,admixture,5x6,60,6.833381
i64,countlut,admixture,5x6,60,7.587696
i64,fmt,admixture,5x6,60,4.966908
i64,jeaiii,admixture,5x6,60,6.754908
i64,naive,admixture,5x6,60,10.511389
i64,null,admixture,5x6,60,0.801372
i64,sse2,admixture,5x6,60,6.912595
i64,tmueller,admixture,5x6,60,5.128037
i64,unrolledlut,admixture,5x6,60,6.764912
i64,yy,admixture,5x6,60,1.681756
i64,zmij_scalar,admixture,5x6,60,5.085604
i64,zmij_x64_native,admixture,5x6,60,2.453007
i64,zmij_x64_v1,admixture,5x6,60,3.937666
i64,zmij_x64_v2,admixture,5x6,60,2.609962
i64,zmij_x64_v3,admixture,5x6,60,2.456010
i64,zmij_x64_v4,admixture,5x6,60,2.531888
i64,amartin,admixture,5x6,70,1.812431
i64,branchlut,admixture,5x6,70,6.293919
i64,branchlut2,admixture,5x6,70,6.121222
i64,countlut,admixture,5x6,70,6.670941
i64,fmt,admixture,5x6,70,4.133201
i64,jeaiii,admixture,5x6,70,6.037279
i64,naive,admixture,5x6,70,9.416539
i64,null,admixture,5x6,70,0.833203
i64,sse2,admixture,5x6,70,6.221317
i64,tmueller,admixture,5x6,70,4.394835
i64,unrolledlut,admixture,5x6,70,6.063035
i64,yy,admixture,5x6,70,1.641603
i64,zmij_scalar,admixture,5x6,70,4.956371
i64,zmij_x64_native,admixture,5x6,70,2.374359
i64,zmij_x64_v1,admixture,5x6,70,3.856384
i64,zmij_x64_v2,admixture,5x6,70,2.601886
i64,zmij_x64_v3,admixture,5x6,70,2.443409
i64,zmij_x64_v4,admixture,5x6,70,2.476189
i64,amartin,admixture,5x6,80,1.815186
i64,branchlut,admixture,5x6,80,5.679367
i64,branchlut2,admixture,5x6,80,5.560916
i64,countlut,admixture,5x6,80,5.879948
i64,fmt,admixture,5x6,80,3.509919
i64,jeaiii,admixture,5x6,80,5.464195
i64,naive,admixture,5x6,80,8.619072
i64,null,admixture,5x6,80,0.812866
i64,sse2,admixture,5x6,80,5.626394
i64,tmueller,admixture,5x6,80,3.647120
i64,unrolledlut,admixture,5x6,80,5.623255
i64,yy,admixture,5x6,80,1.642861
i64,zmij_scalar,admixture,5x6,80,4.958129
i64,zmij_x64_native,admixture,5x6,80,2.402209
i64,zmij_x64_v1,admixture,5x6,80,3.871749
i64,zmij_x64_v2,admixture,5x6,80,2.607905
i64,zmij_x64_v3,admixture,5x6,80,2.446562
i64,zmij_x64_v4,admixture,5x6,80,2.483768
i64,amartin,admixture,5x6,90,1.822394
i64,branchlut,admixture,5x6,90,5.069740
i64,branchlut2,admixture,5x6,90,4.924240
i64,countlut,admixture,5x6,90,5.125221
i64,fmt,admixture,5x6,90,2.878944
i64,jeaiii,admixture,5x6,90,4.760243
i64,naive,admixture,5x6,90,7.845627
i64,null,admixture,5x6,90,0.826465
i64,sse2,admixture,5x6,90,5.001431
i64,tmueller,admixture,5x6,90,2.973419
i64,unrolledlut,admixture,5x6,90,5.155040
i64,yy,admixture,5x6,90,1.637806
i64,zmij_scalar,admixture,5x6,90,4.956774
i64,zmij_x64_native,admixture,5x6,90,2.389061
i64,zmij_x64_v1,admixture,5x6,90,3.865445
i64,zmij_x64_v2,admixture,5x6,90,2.614163
i64,zmij_x64_v3,admixture,5x6,90,2.447185
i64,zmij_x64_v4,admixture,5x6,90,2.476927
i64,amartin,admixture,5x6,100,1.847708
i64,branchlut,admixture,5x6,100,4.539538
i64,branchlut2,admixture,5x6,100,4.753470
i64,countlut,admixture,5x6,100,4.887780
i64,fmt,admixture,5x6,100,2.202389
i64,jeaiii,admixture,5x6,100,4.597964
i64,naive,admixture,5x6,100,7.228730
i64,null,admixture,5x6,100,0.785203
i64,sse2,admixture,5x6,100,4.376752
i64,tmueller,admixture,5x6,100,2.258223
i64,unrolledlut,admixture,5x6,100,4.827663
i64,yy,admixture,5x6,100,1.644036
i64,zmij_scalar,admixture,5x6,100,5.004712
i64,zmij_x64_native,admixture,5x6,100,2.386521
i64,zmij_x64_v1,admixture,5x6,100,3.880020
i64,zmij_x64_v2,admixture,5x6,100,2.620664
i64,zmij_x64_v3,admixture,5x6,100,2.460127
i64,zmij_x64_v4,admixture,5x6,100,2.481169
u128,fmt,bylength,,1,9.502667
u128,naive,bylength,,1,3.756573
u128,null,bylength,,1,1.269720
u128,zmij_scalar,bylength,,1,5.036466
u128,zmij_x64_native,bylength,,1,2.429956
u128,zmij_x64_v1,bylength,,1,3.711896
u128,zmij_x64_v2,bylength,,1,2.532870
u128,zmij_x64_v3,bylength,,1,2.545110
u128,zmij_x64_v4,bylength,,1,2.320420
u128,fmt,bylength,,2,9.841589
u128,naive,bylength,,2,5.788944
u128,null,bylength,,2,1.201444
u128,zmij_scalar,bylength,,2,5.072775
u128,zmij_x64_native,bylength,,2,2.421060
u128,zmij_x64_v1,bylength,,2,3.786397
u128,zmij_x64_v2,bylength,,2,2.576614
u128,zmij_x64_v3,bylength,,2,2.558974
u128,zmij_x64_v4,bylength,,2,2.315805
u128,fmt,bylength,,3,9.992846
u128,naive,bylength,,3,8.223457
u128,null,bylength,,3,1.153529
u128,zmij_scalar,bylength,,3,5.078304
u128,zmij_x64_native,bylength,,3,2.433707
u128,zmij_x64_v1,bylength,,3,3.761580
u128,zmij_x64_v2,bylength,,3,2.610646
u128,zmij_x64_v3,bylength,,3,2.576206
u128,zmij_x64_v4,bylength,,3,2.343719
u128,fmt,bylength,,4,9.925491
u128,naive,bylength,,4,11.192829
u128,null,bylength,,4,1.249411
u128,zmij_scalar,bylength,,4,5.069008
u128,zmij_x64_native,bylength,,4,2.436501
u128,zmij_x64_v1,bylength,,4,3.778291
u128,zmij_x64_v2,bylength,,4,2.563931
u128,zmij_x64_v3,bylength,,4,2.564518
u128,zmij_x64_v4,bylength,,4,2.329423
u128,fmt,bylength,,5,10.286313
u128,naive,bylength,,5,14.568683
u128,null,bylength,,5,1.269644
u128,zmij_scalar,bylength,,5,4.985922
u128,zmij_x64_native,bylength,,5,2.432621
u128,zmij_x64_v1,bylength,,5,3.711368
u128,zmij_x64_v2,bylength,,5,2.528620
u128,zmij_x64_v3,bylength,,5,2.520612
u128,zmij_x64_v4,bylength,,5,2.322474
u128,fmt,bylength,,6,10.196078
u128,naive,bylength,,6,17.839731
u128,null,bylength,,6,1.205054
u128,zmij_scalar,bylength,,6,5.007597
u128,zmij_x64_native,bylength,,6,2.405473
u128,zmij_x64_v1,bylength,,6,3.708993
u128,zmij_x64_v2,bylength,,6,2.541819
u128,zmij_x64_v3,bylength,,6,2.522652
u128,zmij_x64_v4,bylength,,6,2.361868
u128,fmt,bylength,,7,10.662093
u128,naive,bylength,,7,21.246699
u128,null,bylength,,7,1.094405
u128,zmij_scalar,bylength,,7,5.021745
u128,zmij_x64_native,bylength,,7,2.395969
u128,zmij_x64_v1,bylength,,7,3.709765
u128,zmij_x64_v2,bylength,,7,2.531625
u128,zmij_x64_v3,bylength,,7,2.509011
u128,zmij_x64_v4,bylength,,7,2.310667
u128,fmt,bylength,,8,10.740494
u128,naive,bylength,,8,23.746538
u128,null,bylength,,8,1.154808
u128,zmij_scalar,bylength,,8,4.996474
u128,zmij_x64_native,bylength,,8,2.409119
u128,zmij_x64_v1,bylength,,8,3.702508
u128,zmij_x64_v2,bylength,,8,2.534123
u128,zmij_x64_v3,bylength,,8,2.492620
u128,zmij_x64_v4,bylength,,8,2.311252
u128,fmt,bylength,,9,11.985931
u128,naive,bylength,,9,28.154653
u128,null,bylength,,9,1.238099
u128,zmij_scalar,bylength,,9,5.132622
u128,zmij_x64_native,bylength,,9,2.436607
u128,zmij_x64_v1,bylength,,9,3.716549
u128,zmij_x64_v2,bylength,,9,2.561173
u128,zmij_x64_v3,bylength,,9,2.512919
u128,zmij_x64_v4,bylength,,9,2.296499
u128,fmt,bylength,,10,11.965459
u128,naive,bylength,,10,31.559808
u128,null,bylength,,10,1.205304
u128,zmij_scalar,bylength,,10,5.048744
u128,zmij_x64_native,bylength,,10,2.451448
u128,zmij_x64_v1,bylength,,10,3.748653
u128,zmij_x64_v2,bylength,,10,2.541810
u128,zmij_x64_v3,bylength,,10,2.536638
u128,zmij_x64_v4,bylength,,10,2.309620
u128,fmt,bylength,,11,12.736244
u128,naive,bylength,,11,34.391840
u128,null,bylength,,11,1.224770
u128,zmij_scalar,bylength,,11,4.969348
u128,zmij_x64_native,bylength,,11,2.420735
u128,zmij_x64_v1,bylength,,11,3.690137
u128,zmij_x64_v2,bylength,,11,2.522304
u128,zmij_x64_v3,bylength,,11,2.523185
u128,zmij_x64_v4,bylength,,11,2.336192
u128,fmt,bylength,,12,12.902857
u128,naive,bylength,,12,37.714497
u128,null,bylength,,12,1.072090
u128,zmij_scalar,bylength,,12,4.991758
u128,zmij_x64_native,bylength,,12,2.407207
u128,zmij_x64_v1,bylength,,12,3.695740
u128,zmij_x64_v2,bylength,,12,2.531806
u128,zmij_x64_v3,bylength,,12,2.515785
u128,zmij_x64_v4,bylength,,12,2.316701
u128,fmt,bylength,,13,13.716564
u128,naive,bylength,,13,41.335665
u128,null,bylength,,13,1.106699
u128,zmij_scalar,bylength,,13,4.974909
u128,zmij_x64_native,bylength,,13,2.418541
u128,zmij_x64_v1,bylength,,13,3.712515
u128,zmij_x64_v2,bylength,,13,2.530023
u128,zmij_x64_v3,bylength,,13,2.520368
u128,zmij_x64_v4,bylength,,13,2.322907
u128,fmt,bylength,,14,14.218238
u128,naive,bylength,,14,46.160738
u128,null,bylength,,14,1.259348
u128,zmij_scalar,bylength,,14,5.063615
u128,zmij_x64_native,bylength,,14,2.414415
u128,zmij_x64_v1,bylength,,14,3.765444
u128,zmij_x64_v2,bylength,,14,2.541546
u128,zmij_x64_v3,bylength,,14,2.534201
u128,zmij_x64_v4,bylength,,14,2.328164
u128,fmt,bylength,,15,14.855286
u128,naive,bylength,,15,48.415471
u128,null,bylength,,15,1.259506
u128,zmij_scalar,bylength,,15,4.971724
u128,zmij_x64_native,bylength,,15,2.422414
u128,zmij_x64_v1,bylength,,15,3.696343
u128,zmij_x64_v2,bylength,,15,2.512572
u128,zmij_x64_v3,bylength,,15,2.499220
u128,zmij_x64_v4,bylength,,15,2.308536
u128,fmt,bylength,,16,14.939401
u128,naive,bylength,,16,49.859819
u128,null,bylength,,16,1.205596
u128,zmij_scalar,bylength,,16,4.983520
u128,zmij_x64_native,bylength,,16,2.393183
u128,zmij_x64_v1,bylength,,16,3.694078
u128,zmij_x64_v2,bylength,,16,2.514693
u128,zmij_x64_v3,bylength,,16,2.495459
u128,zmij_x64_v4,bylength,,16,2.305741
u128,fmt,bylength,,17,15.791521
u128,naive,bylength,,17,53.630675
u128,null,bylength,,17,1.208420
u128,zmij_scalar,bylength,,17,4.977483
u128,zmij_x64_native,bylength,,17,2.402968
u128,zmij_x64_v1,bylength,,17,3.704760
u128,zmij_x64_v2,bylength,,17,2.527773
u128,zmij_x64_v3,bylength,,17,2.532466
u128,zmij_x64_v4,bylength,,17,2.314396
u128,fmt,bylength,,18,16.394847
u128,naive,bylength,,18,58.145989
u128,null,bylength,,18,1.133346
u128,zmij_scalar,bylength,,18,5.003195
u128,zmij_x64_native,bylength,,18,2.426731
u128,zmij_x64_v1,bylength,,18,3.770907
u128,zmij_x64_v2,bylength,,18,2.558861
u128,zmij_x64_v3,bylength,,18,2.554038
u128,zmij_x64_v4,bylength,,18,2.335412
u128,fmt,bylength,,19,16.869973
u128,naive,bylength,,19,60.554713
u128,null,bylength,,19,1.258381
u128,zmij_scalar,bylength,,19,4.981202
u128,zmij_x64_native,bylength,,19,2.416022
u128,zmij_x64_v1,bylength,,19,3.700154
u128,zmij_x64_v2,bylength,,19,2.552060
u128,zmij_x64_v3,bylength,,19,2.505701
u128,zmij_x64_v4,bylength,,19,2.298217
u128,fmt,bylength,,20,21.821918
u128,naive,bylength,,20,64.089846
u128,null,bylength,,20,1.019013
u128,zmij_scalar,bylength,,20,8.727863
u128,zmij_x64_native,bylength,,20,5.548817
u128,zmij_x64_v1,bylength,,20,5.757996
u128,zmij_x64_v2,bylength,,20,4.449615
u128,zmij_x64_v3,bylength,,20,4.300621
u128,zmij_x64_v4,bylength,,20,5.157691
u128,fmt,bylength,,21,21.829774
u128,naive,bylength,,21,69.545809
u128,null,bylength,,21,1.265000
u128,zmij_scalar,bylength,,21,8.832477
u128,zmij_x64_native,bylength,,21,5.584047
u128,zmij_x64_v1,bylength,,21,5.645379
u128,zmij_x64_v2,bylength,,21,4.150866
u128,zmij_x64_v3,bylength,,21,4.060091
u128,zmij_x64_v4,bylength,,21,5.102149
u128,fmt,bylength,,22,22.336686
u128,naive,bylength,,22,71.094017
u128,null,bylength,,22,1.113271
u128,zmij_scalar,bylength,,22,8.696331
u128,zmij_x64_native,bylength,,22,5.484685
u128,zmij_x64_v1,bylength,,22,5.581054
u128,zmij_x64_v2,bylength,,22,4.105011
u128,zmij_x64_v3,bylength,,22,4.005558
u128,zmij_x64_v4,bylength,,22,5.012302
u128,fmt,bylength,,23,22.467289
u128,naive,bylength,,23,74.450395
u128,null,bylength,,23,1.269705
u128,zmij_scalar,bylength,,23,8.695055
u128,zmij_x64_native,bylength,,23,5.527330
u128,zmij_x64_v1,bylength,,23,5.558958
u128,zmij_x64_v2,bylength,,23,4.125067
u128,zmij_x64_v3,bylength,,23,3.998175
u128,zmij_x64_v4,bylength,,23,5.053625
u128,fmt,bylength,,24,22.899438
u128,naive,bylength,,24,77.048217
u128,null,bylength,,24,1.205691
u128,zmij_scalar,bylength,,24,8.723463
u128,zmij_x64_native,bylength,,24,5.488078
u128,zmij_x64_v1,bylength,,24,5.625442
u128,zmij_x64_v2,bylength,,24,4.120007
u128,zmij_x64_v3,bylength,,24,4.014709
u128,zmij_x64_v4,bylength,,24,5.024573
u128,fmt,bylength,,25,23.394586
u128,naive,bylength,,25,80.590918
u128,null,bylength,,25,1.209583
u128,zmij_scalar,bylength,,25,8.719681
u128,zmij_x64_native,bylength,,25,5.485540
u128,zmij_x64_v1,bylength,,25,5.579764
u128,zmij_x64_v2,bylength,,25,4.115619
u128,zmij_x64_v3,bylength,,25,3.990952
u128,zmij_x64_v4,bylength,,25,5.031679
u128,fmt,bylength,,26,24.066487
u128,naive,bylength,,26,84.129330
u128,null,bylength,,26,1.192368
u128,zmij_scalar,bylength,,26,8.701296
u128,zmij_x64_native,bylength,,26,5.471506
u128,zmij_x64_v1,bylength,,26,5.604238
u128,zmij_x64_v2,bylength,,26,4.116223
u128,zmij_x64_v3,bylength,,26,4.032046
u128,zmij_x64_v4,bylength,,26,5.061317
u128,fmt,bylength,,27,23.989955
u128,naive,bylength,,27,87.533308
u128,null,bylength,,27,1.173197
u128,zmij_scalar,bylength,,27,8.720933
u128,zmij_x64_native,bylength,,27,5.496764
u128,zmij_x64_v1,bylength,,27,5.584191
u128,zmij_x64_v2,bylength,,27,4.110430
u128,zmij_x64_v3,bylength,,27,3.998055
u128,zmij_x64_v4,bylength,,27,5.035550
u128,fmt,bylength,,28,24.547434
u128,naive,bylength,,28,91.166642
u128,null,bylength,,28,1.127571
u128,zmij_scalar,bylength,,28,8.714204
u128,zmij_x64_native,bylength,,28,5.504686
u128,zmij_x64_v1,bylength,,28,5.604729
u128,zmij_x64_v2,bylength,,28,4.115022
u128,zmij_x64_v3,bylength,,28,4.013565
u128,zmij_x64_v4,bylength,,28,5.102408
u128,fmt,bylength,,29,24.548365
u128,naive,bylength,,29,94.403531
u128,null,bylength,,29,1.013263
u128,zmij_scalar,bylength,,29,8.713872
u128,zmij_x64_native,bylength,,29,5.475663
u128,zmij_x64_v1,bylength,,29,5.578809
u128,zmij_x64_v2,bylength,,29,4.117803
u128,zmij_x64_v3,bylength,,29,3.995382
u128,zmij_x64_v4,bylength,,29,5.023854
u128,fmt,bylength,,30,25.314244
u128,naive,bylength,,30,99.266971
u128,null,bylength,,30,1.269116
u128,zmij_scalar,bylength,,30,8.861774
u128,zmij_x64_native,bylength,,30,5.543740
u128,zmij_x64_v1,bylength,,30,5.674320
u128,zmij_x64_v2,bylength,,30,4.166462
u128,zmij_x64_v3,bylength,,30,4.062037
u128,zmij_x64_v4,bylength,,30,5.148701
u128,fmt,bylength,,31,25.191201
u128,naive,bylength,,31,101.116908
u128,null,bylength,,31,1.184029
u128,zmij_scalar,bylength,,31,8.690713
u128,zmij_x64_native,bylength,,31,5.499372
u128,zmij_x64_v1,bylength,,31,5.591227
u128,zmij_x64_v2,bylength,,31,4.100656
u128,zmij_x64_v3,bylength,,31,4.004426
u128,zmij_x64_v4,bylength,,31,5.017654
u128,fmt,bylength,,32,25.940050
u128,naive,bylength,,32,102.086811
u128,null,bylength,,32,1.196259
u128,zmij_scalar,bylength,,32,8.883038
u128,zmij_x64_native,bylength,,32,5.470064
u128,zmij_x64_v1,bylength,,32,5.624789
u128,zmij_x64_v2,bylength,,32,4.141456
u128,zmij_x64_v3,bylength,,32,4.087781
u128,zmij_x64_v4,bylength,,32,5.055128
u128,fmt,bylength,,33,26.160947
u128,naive,bylength,,33,106.208519
u128,null,bylength,,33,1.128682
u128,zmij_scalar,bylength,,33,10.780240
u128,zmij_x64_native,bylength,,33,6.171406
u128,zmij_x64_v1,bylength,,33,6.278803
u128,zmij_x64_v2,bylength,,33,4.893409
u128,zmij_x64_v3,bylength,,33,4.648329
u128,zmij_x64_v4,bylength,,33,5.978048
u128,fmt,bylength,,34,27.008968
u128,naive,bylength,,34,109.811126
u128,null,bylength,,34,1.255925
u128,zmij_scalar,bylength,,34,10.753165
u128,zmij_x64_native,bylength,,34,6.243121
u128,zmij_x64_v1,bylength,,34,6.283528
u128,zmij_x64_v2,bylength,,34,4.918421
u128,zmij_x64_v3,bylength,,34,4.653465
u128,zmij_x64_v4,bylength,,34,5.966386
u128,fmt,bylength,,35,26.779908
u128,naive,bylength,,35,113.254405
u128,null,bylength,,35,1.088205
u128,zmij_scalar,bylength,,35,10.760365
u128,zmij_x64_native,bylength,,35,6.207582
u128,zmij_x64_v1,bylength,,35,6.270470
u128,zmij_x64_v2,bylength,,35,4.903970
u128,zmij_x64_v3,bylength,,35,4.639224
u128,zmij_x64_v4,bylength,,35,5.969447
u128,fmt,bylength,,36,27.587182
u128,naive,bylength,,36,116.676357
u128,null,bylength,,36,1.223134
u128,zmij_scalar,bylength,,36,10.782978
u128,zmij_x64_native,bylength,,36,6.201372
u128,zmij_x64_v1,bylength,,36,6.291032
u128,zmij_x64_v2,bylength,,36,4.897890
u128,zmij_x64_v3,bylength,,36,4.648622
u128,zmij_x64_v4,bylength,,36,5.976321
u128,fmt,bylength,,37,27.696426
u128,naive,bylength,,37,120.291110
u128,null,bylength,,37,1.221121
u128,zmij_scalar,bylength,,37,10.729880
u128,zmij_x64_native,bylength,,37,6.184622
u128,zmij_x64_v1,bylength,,37,6.286107
u128,zmij_x64_v2,bylength,,37,4.866502
u128,zmij_x64_v3,bylength,,37,4.642030
u128,zmij_x64_v4,bylength,,37,5.985933
u128,fmt,bylength,,38,28.593152
u128,naive,bylength,,38,123.529103
u128,null,bylength,,38,1.209057
u128,zmij_scalar,bylength,,38,10.755041
u128,zmij_x64_native,bylength,,38,6.208415
u128,zmij_x64_v1,bylength,,38,6.282772
u128,zmij_x64_v2,bylength,,38,4.898685
u128,zmij_x64_v3,bylength,,38,4.623655
u128,zmij_x64_v4,bylength,,38,5.973567
u128,fmt,bylength,,39,36.446043
u128,naive,bylength,,39,127.553581
u128,null,bylength,,39,1.194136
u128,zmij_scalar,bylength,,39,10.786985
u128,zmij_x64_native,bylength,,39,6.243474
u128,zmij_x64_v1,bylength,,39,6.293832
u128,zmij_x64_v2,bylength,,39,4.998440
u128,zmij_x64_v3,bylength,,39,4.725855
u128,zmij_x64_v4,bylength,,39,6.061048
u128,fmt,loguniform,1-39,39,27.886693
u128,naive,loguniform,1-39,39,71.751294
u128,null,loguniform,1-39,39,1.209785
u128,zmij_scalar,loguniform,1-39,39,9.652691
u128,zmij_x64_native,loguniform,1-39,39,7.674697
u128,zmij_x64_v1,loguniform,1-39,39,7.760448
u128,zmij_x64_v2,loguniform,1-39,39,6.785192
u128,zmij_x64_v3,loguniform,1-39,39,6.842286
u128,zmij_x64_v4,loguniform,1-39,39,7.264922
u128,fmt,loguniform,1-4,4,14.483562
u128,naive,loguniform,1-4,4,11.527308
u128,null,loguniform,1-4,4,1.212715
u128,zmij_scalar,loguniform,1-4,4,5.112408
u128,zmij_x64_native,loguniform,1-4,4,2.445265
u128,zmij_x64_v1,loguniform,1-4,4,3.771955
u128,zmij_x64_v2,loguniform,1-4,4,2.582653
u128,zmij_x64_v3,loguniform,1-4,4,2.580482
u128,zmij_x64_v4,loguniform,1-4,4,2.345553
u128,fmt,uniform,0-255,0,12.060555
u128,naive,uniform,0-255,0,9.771614
u128,null,uniform,0-255,0,1.241802
u128,zmij_scalar,uniform,0-255,0,5.061825
u128,zmij_x64_native,uniform,0-255,0,2.451489
u128,zmij_x64_v1,uniform,0-255,0,3.742527
u128,zmij_x64_v2,uniform,0-255,0,2.557728
u128,zmij_x64_v3,uniform,0-255,0,2.546778
u128,zmij_x64_v4,uniform,0-255,0,2.337687
u128,fmt,unpredictable,,1,11.733481
u128,naive,unpredictable,,1,6.879962
u128,null,unpredictable,,1,1.100485
u128,zmij_scalar,unpredictable,,1,5.132933
u128,zmij_x64_native,unpredictable,,1,2.635688
u128,zmij_x64_v1,unpredictable,,1,4.000625
u128,zmij_x64_v2,unpredictable,,1,2.463014
u128,zmij_x64_v3,unpredictable,,1,2.590576
u128,zmij_x64_v4,unpredictable,,1,2.353005
u128,fmt,unpredictable,,2,11.811228
u128,naive,unpredictable,,2,10.892200
u128,null,unpredictable,,2,1.200344
u128,zmij_scalar,unpredictable,,2,5.418069
u128,zmij_x64_native,unpredictable,,2,2.782066
u128,zmij_x64_v1,unpredictable,,2,4.042089
u128,zmij_x64_v2,unpredictable,,2,2.506774
u128,zmij_x64_v3,unpredictable,,2,2.678363
u128,zmij_x64_v4,unpredictable,,2,2.473158
u128,fmt,unpredictable,,3,11.294546
u128,naive,unpredictable,,3,11.287371
u128,null,unpredictable,,3,1.196769
u128,zmij_scalar,unpredictable,,3,5.188851
u128,zmij_x64_native,unpredictable,,3,2.648900
u128,zmij_x64_v1,unpredictable,,3,3.857013
u128,zmij_x64_v2,unpredictable,,3,2.489303
u128,zmij_x64_v3,unpredictable,,3,2.576849
u128,zmij_x64_v4,unpredictable,,3,2.361152
u128,fmt,unpredictable,,4,11.365833
u128,naive,unpredictable,,4,14.255679
u128,null,unpredictable,,4,1.058836
u128,zmij_scalar,unpredictable,,4,5.128130
u128,zmij_x64_native,unpredictable,,4,2.626988
u128,zmij_x64_v1,unpredictable,,4,3.932696
u128,zmij_x64_v2,unpredictable,,4,2.458423
u128,zmij_x64_v3,unpredictable,,4,2.578073
u128,zmij_x64_v4,unpredictable,,4,2.338804
u128,fmt,unpredictable,,5,12.217943
u128,naive,unpredictable,,5,17.999372
u128,null,unpredictable,,5,1.082346
u128,zmij_scalar,unpredictable,,5,5.129008
u128,zmij_x64_native,unpredictable,,5,2.680170
u128,zmij_x64_v1,unpredictable,,5,3.937783
u128,zmij_x64_v2,unpredictable,,5,2.584005
u128,zmij_x64_v3,unpredictable,,5,2.674193
u128,zmij_x64_v4,unpredictable,,5,2.452080
u128,fmt,unpredictable,,6,11.723971
u128,naive,unpredictable,,6,20.697278
u128,null,unpredictable,,6,0.942791
u128,zmij_scalar,unpredictable,,6,5.136088
u128,zmij_x64_native,unpredictable,,6,2.680811
u128,zmij_x64_v1,unpredictable,,6,3.830802
u128,zmij_x64_v2,unpredictable,,6,2.467566
u128,zmij_x64_v3,unpredictable,,6,2.525504
u128,zmij_x64_v4,unpredictable,,6,2.343626
u128,fmt,unpredictable,,7,11.899782
u128,naive,unpredictable,,7,24.057039
u128,null,unpredictable,,7,1.097532
u128,zmij_scalar,unpredictable,,7,5.104423
u128,zmij_x64_native,unpredictable,,7,2.623958
u128,zmij_x64_v1,unpredictable,,7,3.842740
u128,zmij_x64_v2,unpredictable,,7,2.459764
u128,zmij_x64_v3,unpredictable,,7,2.551982
u128,zmij_x64_v4,unpredictable,,7,2.342727
u128,fmt,unpredictable,,8,12.641087
u128,naive,unpredictable,,8,26.300269
u128,null,unpredictable,,8,1.230266
u128,zmij_scalar,unpredictable,,8,5.198880
u128,zmij_x64_native,unpredictable,,8,2.679394
u128,zmij_x64_v1,unpredictable,,8,3.910916
u128,zmij_x64_v2,unpredictable,,8,2.479724
u128,zmij_x64_v3,unpredictable,,8,2.591205
u128,zmij_x64_v4,unpredictable,,8,2.365203
u128,fmt,unpredictable,,9,12.564461
u128,naive,unpredictable,,9,29.697209
u128,null,unpredictable,,9,1.229324
u128,zmij_scalar,unpredictable,,9,5.102013
u128,zmij_x64_native,unpredictable,,9,2.580684
u128,zmij_x64_v1,unpredictable,,9,3.893282
u128,zmij_x64_v2,unpredictable,,9,2.496220
u128,zmij_x64_v3,unpredictable,,9,2.563328
u128,zmij_x64_v4,unpredictable,,9,2.370682
u128,fmt,unpredictable,,10,12.819659
u128,naive,unpredictable,,10,32.906905
u128,null,unpredictable,,10,1.163038
u128,zmij_scalar,unpredictable,,10,5.116399
u128,zmij_x64_native,unpredictable,,10,2.617580
u128,zmij_x64_v1,unpredictable,,10,3.927164
u128,zmij_x64_v2,unpredictable,,10,2.460442
u128,zmij_x64_v3,unpredictable,,10,2.533742
u128,zmij_x64_v4,unpredictable,,10,2.349246
u128,fmt,unpredictable,,11,13.368342
u128,naive,unpredictable,,11,36.142497
u128,null,unpredictable,,11,1.355375
u128,zmij_scalar,unpredictable,,11,5.179339
u128,zmij_x64_native,unpredictable,,11,2.627855
u128,zmij_x64_v1,unpredictable,,11,3.902631
u128,zmij_x64_v2,unpredictable,,11,2.522165
u128,zmij_x64_v3,unpredictable,,11,2.557547
u128,zmij_x64_v4,unpredictable,,11,2.336858
u128,fmt,unpredictable,,12,13.547766
u128,naive,unpredictable,,12,39.546137
u128,null,unpredictable,,12,1.291135
u128,zmij_scalar,unpredictable,,12,5.181221
u128,zmij_x64_native,unpredictable,,12,2.615211
u128,zmij_x64_v1,unpredictable,,12,3.890028
u128,zmij_x64_v2,unpredictable,,12,2.473846
u128,zmij_x64_v3,unpredictable,,12,2.537830
u128,zmij_x64_v4,unpredictable,,12,2.340416
u128,fmt,unpredictable,,13,14.299204
u128,naive,unpredictable,,13,42.996469
u128,null,unpredictable,,13,0.946295
u128,zmij_scalar,unpredictable,,13,5.113797
u128,zmij_x64_native,unpredictable,,13,2.624526
u128,zmij_x64_v1,unpredictable,,13,3.909121
u128,zmij_x64_v2,unpredictable,,13,2.482370
u128,zmij_x64_v3,unpredictable,,13,2.550969
u128,zmij_x64_v4,unpredictable,,13,2.329587
u128,fmt,unpredictable,,14,15.393828
u128,naive,unpredictable,,14,50.239409
u128,null,unpredictable,,14,1.370879
u128,zmij_scalar,unpredictable,,14,5.426561
u128,zmij_x64_native,unpredictable,,14,2.786861
u128,zmij_x64_v1,unpredictable,,14,4.076624
u128,zmij_x64_v2,unpredictable,,14,2.642488
u128,zmij_x64_v3,unpredictable,,14,2.676785
u128,zmij_x64_v4,unpredictable,,14,2.472841
u128,fmt,unpredictable,,15,15.067137
u128,naive,unpredictable,,15,49.449500
u128,null,unpredictable,,15,1.004167
u128,zmij_scalar,unpredictable,,15,5.155916
u128,zmij_x64_native,unpredictable,,15,2.629532
u128,zmij_x64_v1,unpredictable,,15,3.927000
u128,zmij_x64_v2,unpredictable,,15,2.468133
u128,zmij_x64_v3,unpredictable,,15,2.525753
u128,zmij_x64_v4,unpredictable,,15,2.341028
u128,fmt,unpredictable,,16,15.275888
u128,naive,unpredictable,,16,51.044782
u128,null,unpredictable,,16,1.167988
u128,zmij_scalar,unpredictable,,16,5.156571
u128,zmij_x64_native,unpredictable,,16,2.629981
u128,zmij_x64_v1,unpredictable,,16,3.903972
u128,zmij_x64_v2,unpredictable,,16,2.473987
u128,zmij_x64_v3,unpredictable,,16,2.532778
u128,zmij_x64_v4,unpredictable,,16,2.354761
u128,fmt,unpredictable,,17,16.370038
u128,naive,unpredictable,,17,58.075319
u128,null,unpredictable,,17,1.266191
u128,zmij_scalar,unpredictable,,17,5.335321
u128,zmij_x64_native,unpredictable,,17,2.725032
u128,zmij_x64_v1,unpredictable,,17,4.065251
u128,zmij_x64_v2,unpredictable,,17,2.601031
u128,zmij_x64_v3,unpredictable,,17,2.656439
u128,zmij_x64_v4,unpredictable,,17,2.496313
u128,fmt,unpredictable,,18,16.379731
u128,naive,unpredictable,,18,58.044083
u128,null,unpredictable,,18,1.084967
u128,zmij_scalar,unpredictable,,18,5.141526
u128,zmij_x64_native,unpredictable,,18,2.658958
u128,zmij_x64_v1,unpredictable,,18,3.867695
u128,zmij_x64_v2,unpredictable,,18,2.478027
u128,zmij_x64_v3,unpredictable,,18,2.530679
u128,zmij_x64_v4,unpredictable,,18,2.329315
u128,fmt,unpredictable,,19,17.570230
u128,naive,unpredictable,,19,61.697063
u128,null,unpredictable,,19,1.240447
u128,zmij_scalar,unpredictable,,19,5.140121
u128,zmij_x64_native,unpredictable,,19,2.656856
u128,zmij_x64_v1,unpredictable,,19,3.868775
u128,zmij_x64_v2,unpredictable,,19,2.507957
u128,zmij_x64_v3,unpredictable,,19,2.539317
u128,zmij_x64_v4,unpredictable,,19,2.335353
u128,fmt,unpredictable,,20,24.363613
u128,naive,unpredictable,,20,65.171037
u128,null,unpredictable,,20,1.199511
u128,zmij_scalar,unpredictable,,20,8.704569
u128,zmij_x64_native,unpredictable,,20,5.585192
u128,zmij_x64_v1,unpredictable,,20,5.655687
u128,zmij_x64_v2,unpredictable,,20,4.644370
u128,zmij_x64_v3,unpredictable,,20,4.627678
u128,zmij_x64_v4,unpredictable,,20,5.639930
u128,fmt,unpredictable,,21,23.879922
u128,naive,unpredictable,,21,69.353900
u128,null,unpredictable,,21,1.183908
u128,zmij_scalar,unpredictable,,21,8.555051
u128,zmij_x64_native,unpredictable,,21,5.281947
u128,zmij_x64_v1,unpredictable,,21,5.413471
u128,zmij_x64_v2,unpredictable,,21,4.274002
u128,zmij_x64_v3,unpredictable,,21,4.041892
u128,zmij_x64_v4,unpredictable,,21,5.184003
u128,fmt,unpredictable,,22,24.229150
u128,naive,unpredictable,,22,71.934405
u128,null,unpredictable,,22,1.313383
u128,zmij_scalar,unpredictable,,22,8.695005
u128,zmij_x64_native,unpredictable,,22,5.366417
u128,zmij_x64_v1,unpredictable,,22,5.451848
u128,zmij_x64_v2,unpredictable,,22,4.269308
u128,zmij_x64_v3,unpredictable,,22,4.173359
u128,zmij_x64_v4,unpredictable,,22,5.243884
u128,fmt,unpredictable,,23,24.133184
u128,naive,unpredictable,,23,75.683990
u128,null,unpredictable,,23,1.038630
u128,zmij_scalar,unpredictable,,23,8.518794
u128,zmij_x64_native,unpredictable,,23,5.336586
u128,zmij_x64_v1,unpredictable,,23,5.418865
u128,zmij_x64_v2,unpredictable,,23,4.204713
u128,zmij_x64_v3,unpredictable,,23,4.112257
u128,zmij_x64_v4,unpredictable,,23,5.199531
u128,fmt,unpredictable,,24,25.463438
u128,naive,unpredictable,,24,82.222429
u128,null,unpredictable,,24,1.358327
u128,zmij_scalar,unpredictable,,24,8.907045
u128,zmij_x64_native,unpredictable,,24,5.480910
u128,zmij_x64_v1,unpredictable,,24,5.669188
u128,zmij_x64_v2,unpredictable,,24,4.400761
u128,zmij_x64_v3,unpredictable,,24,4.290868
u128,zmij_x64_v4,unpredictable,,24,5.353519
u128,fmt,unpredictable,,25,24.903910
u128,naive,unpredictable,,25,80.893212
u128,null,unpredictable,,25,0.991269
u128,zmij_scalar,unpredictable,,25,8.545323
u128,zmij_x64_native,unpredictable,,25,5.287086
u128,zmij_x64_v1,unpredictable,,25,5.424467
u128,zmij_x64_v2,unpredictable,,25,4.214918
u128,zmij_x64_v3,unpredictable,,25,4.096622
u128,zmij_x64_v4,unpredictable,,25,5.202347
u128,fmt,unpredictable,,26,25.238711
u128,naive,unpredictable,,26,84.465393
u128,null,unpredictable,,26,1.318901
u128,zmij_scalar,unpredictable,,26,8.761747
u128,zmij_x64_native,unpredictable,,26,5.309109
u128,zmij_x64_v1,unpredictable,,26,5.407200
u128,zmij_x64_v2,unpredictable,,26,4.215625
u128,zmij_x64_v3,unpredictable,,26,4.088720
u128,zmij_x64_v4,unpredictable,,26,5.177991
u128,fmt,unpredictable,,27,25.302190
u128,naive,unpredictable,,27,87.935653
u128,null,unpredictable,,27,1.237499
u128,zmij_scalar,unpredictable,,27,8.493722
u128,zmij_x64_native,unpredictable,,27,5.372975
u128,zmij_x64_v1,unpredictable,,27,5.372815
u128,zmij_x64_v2,unpredictable,,27,4.262040
u128,zmij_x64_v3,unpredictable,,27,4.129378
u128,zmij_x64_v4,unpredictable,,27,5.154755
u128,fmt,unpredictable,,28,25.981739
u128,naive,unpredictable,,28,91.370074
u128,null,unpredictable,,28,1.120410
u128,zmij_scalar,unpredictable,,28,8.601815
u128,zmij_x64_native,unpredictable,,28,5.338611
u128,zmij_x64_v1,unpredictable,,28,5.400136
u128,zmij_x64_v2,unpredictable,,28,4.215089
u128,zmij_x64_v3,unpredictable,,28,4.096699
u128,zmij_x64_v4,unpredictable,,28,5.167587
u128,fmt,unpredictable,,29,25.742276
u128,naive,unpredictable,,29,94.455041
u128,null,unpredictable,,29,1.307956
u128,zmij_scalar,unpredictable,,29,8.562435
u128,zmij_x64_native,unpredictable,,29,5.300969
u128,zmij_x64_v1,unpredictable,,29,5.428566
u128,zmij_x64_v2,unpredictable,,29,4.253554
u128,zmij_x64_v3,unpredictable,,29,4.089037
u128,zmij_x64_v4,unpredictable,,29,5.208243
u128,fmt,unpredictable,,30,26.323760
u128,naive,unpredictable,,30,98.069522
u128,null,unpredictable,,30,1.056814
u128,zmij_scalar,unpredictable,,30,8.556750
u128,zmij_x64_native,unpredictable,,30,5.338428
u128,zmij_x64_v1,unpredictable,,30,5.406398
u128,zmij_x64_v2,unpredictable,,30,4.244114
u128,zmij_x64_v3,unpredictable,,30,4.113769
u128,zmij_x64_v4,unpredictable,,30,5.188173
u128,fmt,unpredictable,,31,26.318444
u128,naive,unpredictable,,31,101.608580
u128,null,unpredictable,,31,1.266040
u128,zmij_scalar,unpredictable,,31,8.544482
u128,zmij_x64_native,unpredictable,,31,5.264519
u128,zmij_x64_v1,unpredictable,,31,5.437960
u128,zmij_x64_v2,unpredictable,,31,4.219364
u128,zmij_x64_v3,unpredictable,,31,4.031136
u128,zmij_x64_v4,unpredictable,,31,5.136284
u128,fmt,unpredictable,,32,26.505224
u128,naive,unpredictable,,32,102.014717
u128,null,unpredictable,,32,1.228789
u128,zmij_scalar,unpredictable,,32,8.583786
u128,zmij_x64_native,unpredictable,,32,5.307840
u128,zmij_x64_v1,unpredictable,,32,5.423575
u128,zmij_x64_v2,unpredictable,,32,4.243734
u128,zmij_x64_v3,unpredictable,,32,4.128164
u128,zmij_x64_v4,unpredictable,,32,5.163869
u128,fmt,unpredictable,,33,27.013392
u128,naive,unpredictable,,33,106.074396
u128,null,unpredictable,,33,1.220589
u128,zmij_scalar,unpredictable,,33,11.341822
u128,zmij_x64_native,unpredictable,,33,7.201015
u128,zmij_x64_v1,unpredictable,,33,6.923696
u128,zmij_x64_v2,unpredictable,,33,5.905538
u128,zmij_x64_v3,unpredictable,,33,5.711371
u128,zmij_x64_v4,unpredictable,,33,6.916710
u128,fmt,unpredictable,,34,27.710086
u128,naive,unpredictable,,34,109.759466
u128,null,unpredictable,,34,1.257026
u128,zmij_scalar,unpredictable,,34,11.408553
u128,zmij_x64_native,unpredictable,,34,7.224739
u128,zmij_x64_v1,unpredictable,,34,6.939273
u128,zmij_x64_v2,unpredictable,,34,5.960883
u128,zmij_x64_v3,unpredictable,,34,5.819445
u128,zmij_x64_v4,unpredictable,,34,6.922868
u128,fmt,unpredictable,,35,27.724726
u128,naive,unpredictable,,35,113.130570
u128,null,unpredictable,,35,1.039568
u128,zmij_scalar,unpredictable,,35,11.460701
u128,zmij_x64_native,unpredictable,,35,7.223467
u128,zmij_x64_v1,unpredictable,,35,6.946338
u128,zmij_x64_v2,unpredictable,,35,5.932797
u128,zmij_x64_v3,unpredictable,,35,5.695721
u128,zmij_x64_v4,unpredictable,,35,6.935861
u128,fmt,unpredictable,,36,28.191596
u128,naive,unpredictable,,36,116.578508
u128,null,unpredictable,,36,1.198265
u128,zmij_scalar,unpredictable,,36,11.830999
u128,zmij_x64_native,unpredictable,,36,7.455168
u128,zmij_x64_v1,unpredictable,,36,7.164186
u128,zmij_x64_v2,unpredictable,,36,6.028372
u128,zmij_x64_v3,unpredictable,,36,5.907931
u128,zmij_x64_v4,unpredictable,,36,7.234140
u128,fmt,unpredictable,,37,28.371354
u128,naive,unpredictable,,37,119.830946
u128,null,unpredictable,,37,1.303171
u128,zmij_scalar,unpredictable,,37,11.373093
u128,zmij_x64_native,unpredictable,,37,7.216305
u128,zmij_x64_v1,unpredictable,,37,6.920072
u128,zmij_x64_v2,unpredictable,,37,5.936432
u128,zmij_x64_v3,unpredictable,,37,5.692332
u128,zmij_x64_v4,unpredictable,,37,6.916260
u128,fmt,unpredictable,,38,29.263844
u128,naive,unpredictable,,38,126.377799
u128,null,unpredictable,,38,1.227363
u128,zmij_scalar,unpredictable,,38,11.852554
u128,zmij_x64_native,unpredictable,,38,7.397128
u128,zmij_x64_v1,unpredictable,,38,7.235713
u128,zmij_x64_v2,unpredictable,,38,6.145655
u128,zmij_x64_v3,unpredictable,,38,5.942388
u128,zmij_x64_v4,unpredictable,,38,7.246633
u128,fmt,unpredictable,,39,36.834695
u128,naive,unpredictable,,39,127.144437
u128,null,unpredictable,,39,1.038405
u128,zmij_scalar,unpredictable,,39,11.424515
u128,zmij_x64_native,unpredictable,,39,7.285286
u128,zmij_x64_v1,unpredictable,,39,6.960336
u128,zmij_x64_v2,unpredictable,,39,5.950623
u128,zmij_x64_v3,unpredictable,,39,5.739808
u128,zmij_x64_v4,unpredictable,,39,6.932870
u128,fmt,admixture,5x6,0,10.447061
u128,naive,admixture,5x6,0,18.318331
u128,null,admixture,5x6,0,1.232728
u128,zmij_scalar,admixture,5x6,0,5.067353
u128,zmij_x64_native,admixture,5x6,0,2.458673
u128,zmij_x64_v1,admixture,5x6,0,3.771183
u128,zmij_x64_v2,admixture,5x6,0,2.532686
u128,zmij_x64_v3,admixture,5x6,0,2.533628
u128,zmij_x64_v4,admixture,5x6,0,2.400074
u128,fmt,admixture,5x6,10,11.167080
u128,naive,admixture,5x6,10,18.786865
u128,null,admixture,5x6,10,1.260428
u128,zmij_scalar,admixture,5x6,10,5.092332
u128,zmij_x64_native,admixture,5x6,10,2.467149
u128,zmij_x64_v1,admixture,5x6,10,3.779312
u128,zmij_x64_v2,admixture,5x6,10,2.584849
u128,zmij_x64_v3,admixture,5x6,10,2.549457
u128,zmij_x64_v4,admixture,5x6,10,2.413738
u128,fmt,admixture,5x6,20,11.820136
u128,naive,admixture,5x6,20,19.351582
u128,null,admixture,5x6,20,1.272698
u128,zmij_scalar,admixture,5x6,20,5.110104
u128,zmij_x64_native,admixture,5x6,20,2.456528
u128,zmij_x64_v1,admixture,5x6,20,3.787782
u128,zmij_x64_v2,admixture,5x6,20,2.569351
u128,zmij_x64_v3,admixture,5x6,20,2.562723
u128,zmij_x64_v4,admixture,5x6,20,2.386211
u128,fmt,admixture,5x6,30,12.118467
u128,naive,admixture,5x6,30,19.389442
u128,null,admixture,5x6,30,1.134025
u128,zmij_scalar,admixture,5x6,30,4.982588
u128,zmij_x64_native,admixture,5x6,30,2.420846
u128,zmij_x64_v1,admixture,5x6,30,3.709479
u128,zmij_x64_v2,admixture,5x6,30,2.525716
u128,zmij_x64_v3,admixture,5x6,30,2.529576
u128,zmij_x64_v4,admixture,5x6,30,2.357715
u128,fmt,admixture,5x6,40,12.785961
u128,naive,admixture,5x6,40,19.819967
u128,null,admixture,5x6,40,1.138344
u128,zmij_scalar,admixture,5x6,40,4.974070
u128,zmij_x64_native,admixture,5x6,40,2.423284
u128,zmij_x64_v1,admixture,5x6,40,3.708241
u128,zmij_x64_v2,admixture,5x6,40,2.529602
u128,zmij_x64_v3,admixture,5x6,40,2.530391
u128,zmij_x64_v4,admixture,5x6,40,2.344912
u128,fmt,admixture,5x6,50,13.215617
u128,naive,admixture,5x6,50,19.650552
u128,null,admixture,5x6,50,1.169244
u128,zmij_scalar,admixture,5x6,50,4.993162
u128,zmij_x64_native,admixture,5x6,50,2.410937
u128,zmij_x64_v1,admixture,5x6,50,3.699219
u128,zmij_x64_v2,admixture,5x6,50,2.511855
u128,zmij_x64_v3,admixture,5x6,50,2.515922
u128,zmij_x64_v4,admixture,5x6,50,2.326993
u128,fmt,admixture,5x6,60,12.835235
u128,naive,admixture,5x6,60,18.586531
u128,null,admixture,5x6,60,1.091084
u128,zmij_scalar,admixture,5x6,60,4.982389
u128,zmij_x64_native,admixture,5x6,60,2.416926
u128,zmij_x64_v1,admixture,5x6,60,3.702578
u128,zmij_x64_v2,admixture,5x6,60,2.535665
u128,zmij_x64_v3,admixture,5x6,60,2.522558
u128,zmij_x64_v4,admixture,5x6,60,2.349306
u128,fmt,admixture,5x6,70,12.393303
u128,naive,admixture,5x6,70,17.760242
u128,null,admixture,5x6,70,1.191757
u128,zmij_scalar,admixture,5x6,70,5.052793
u128,zmij_x64_native,admixture,5x6,70,2.436446
u128,zmij_x64_v1,admixture,5x6,70,3.723233
u128,zmij_x64_v2,admixture,5x6,70,2.578712
u128,zmij_x64_v3,admixture,5x6,70,2.524741
u128,zmij_x64_v4,admixture,5x6,70,2.336835
u128,fmt,admixture,5x6,80,11.500114
u128,naive,admixture,5x6,80,16.379952
u128,null,admixture,5x6,80,1.157928
u128,zmij_scalar,admixture,5x6,80,4.968219
u128,zmij_x64_native,admixture,5x6,80,2.458269
u128,zmij_x64_v1,admixture,5x6,80,3.760687
u128,zmij_x64_v2,admixture,5x6,80,2.537163
u128,zmij_x64_v3,admixture,5x6,80,2.544488
u128,zmij_x64_v4,admixture,5x6,80,2.344274
u128,fmt,admixture,5x6,90,10.853930
u128,naive,admixture,5x6,90,15.396913
u128,null,admixture,5x6,90,1.072380
u128,zmij_scalar,admixture,5x6,90,4.966897
u128,zmij_x64_native,admixture,5x6,90,2.398220
u128,zmij_x64_v1,admixture,5x6,90,3.682099
u128,zmij_x64_v2,admixture,5x6,90,2.538876
u128,zmij_x64_v3,admixture,5x6,90,2.518362
u128,zmij_x64_v4,admixture,5x6,90,2.310479
u128,fmt,admixture,5x6,100,10.238385
u128,naive,admixture,5x6,100,14.474664
u128,null,admixture,5x6,100,1.137679
u128,zmij_scalar,admixture,5x6,100,4.980078
u128,zmij_x64_native,admixture,5x6,100,2.387708
u128,zmij_x64_v1,admixture,5x6,100,3.695769
u128,zmij_x64_v2,admixture,5x6,100,2.525007
u128,zmij_x64_v3,admixture,5x6,100,2.523053
u128,zmij_x64_v4,admixture,5x6,100,2.304756
u128,fmt,admixture,straddle64,0,22.381965
u128,naive,admixture,straddle64,0,72.429099
u128,null,admixture,straddle64,0,1.104715
u128,zmij_scalar,admixture,straddle64,0,8.733226
u128,zmij_x64_native,admixture,straddle64,0,5.514350
u128,zmij_x64_v1,admixture,straddle64,0,5.565390
u128,zmij_x64_v2,admixture,straddle64,0,4.147197
u128,zmij_x64_v3,admixture,straddle64,0,4.011427
u128,zmij_x64_v4,admixture,straddle64,0,5.026612
u128,fmt,admixture,straddle64,10,23.018801
u128,naive,admixture,straddle64,10,72.828450
u128,null,admixture,straddle64,10,1.087651
u128,zmij_scalar,admixture,straddle64,10,8.731918
u128,zmij_x64_native,admixture,straddle64,10,5.550467
u128,zmij_x64_v1,admixture,straddle64,10,5.792154
u128,zmij_x64_v2,admixture,straddle64,10,4.469026
u128,zmij_x64_v3,admixture,straddle64,10,4.293378
u128,zmij_x64_v4,admixture,straddle64,10,5.159348
u128,fmt,admixture,straddle64,20,23.254737
u128,naive,admixture,straddle64,20,71.797852
u128,null,admixture,straddle64,20,1.182526
u128,zmij_scalar,admixture,straddle64,20,8.726339
u128,zmij_x64_native,admixture,straddle64,20,5.587399
u128,zmij_x64_v1,admixture,straddle64,20,5.962266
u128,zmij_x64_v2,admixture,straddle64,20,4.767246
u128,zmij_x64_v3,admixture,straddle64,20,4.601065
u128,zmij_x64_v4,admixture,straddle64,20,5.259708
u128,fmt,admixture,straddle64,30,23.919605
u128,naive,admixture,straddle64,30,72.993396
u128,null,admixture,straddle64,30,1.243297
u128,zmij_scalar,admixture,straddle64,30,8.858303
u128,zmij_x64_native,admixture,straddle64,30,5.745872
u128,zmij_x64_v1,admixture,straddle64,30,6.225546
u128,zmij_x64_v2,admixture,straddle64,30,5.168806
u128,zmij_x64_v3,admixture,straddle64,30,5.031576
u128,zmij_x64_v4,admixture,straddle64,30,5.542301
u128,fmt,admixture,straddle64,40,24.424107
u128,naive,admixture,straddle64,40,71.194215
u128,null,admixture,straddle64,40,1.078660
u128,zmij_scalar,admixture,straddle64,40,8.664024
u128,zmij_x64_native,admixture,straddle64,40,5.879353
u128,zmij_x64_v1,admixture,straddle64,40,6.298669
u128,zmij_x64_v2,admixture,straddle64,40,5.320731
u128,zmij_x64_v3,admixture,straddle64,40,5.355490
u128,zmij_x64_v4,admixture,straddle64,40,5.705478
u128,fmt,admixture,straddle64,50,24.645054
u128,naive,admixture,straddle64,50,70.802332
u128,null,admixture,straddle64,50,1.250627
u128,zmij_scalar,admixture,straddle64,50,8.746438
u128,zmij_x64_native,admixture,straddle64,50,5.905101
u128,zmij_x64_v1,admixture,straddle64,50,6.579919
u128,zmij_x64_v2,admixture,straddle64,50,5.632541
u128,zmij_x64_v3,admixture,straddle64,50,5.434478
u128,zmij_x64_v4,admixture,straddle64,50,5.796954
u128,fmt,admixture,straddle64,60,24.121768
u128,naive,admixture,straddle64,60,70.345634
u128,null,admixture,straddle64,60,1.211330
u128,zmij_scalar,admixture,straddle64,60,8.103312
u128,zmij_x64_native,admixture,straddle64,60,5.363152
u128,zmij_x64_v1,admixture,straddle64,60,6.100130
u128,zmij_x64_v2,admixture,straddle64,60,5.056046
u128,zmij_x64_v3,admixture,straddle64,60,4.947305
u128,zmij_x64_v4,admixture,straddle64,60,5.120430
u128,fmt,admixture,straddle64,70,23.175240
u128,naive,admixture,straddle64,70,69.220506
u128,null,admixture,straddle64,70,0.943250
u128,zmij_scalar,admixture,straddle64,70,7.198367
u128,zmij_x64_native,admixture,straddle64,70,4.592136
u128,zmij_x64_v1,admixture,straddle64,70,5.398056
u128,zmij_x64_v2,admixture,straddle64,70,4.277885
u128,zmij_x64_v3,admixture,straddle64,70,4.267391
u128,zmij_x64_v4,admixture,straddle64,70,4.247482
u128,fmt,admixture,straddle64,80,22.457900
u128,naive,admixture,straddle64,80,69.777427
u128,null,admixture,straddle64,80,1.232835
u128,zmij_scalar,admixture,straddle64,80,6.528167
u128,zmij_x64_native,admixture,straddle64,80,3.913438
u128,zmij_x64_v1,admixture,straddle64,80,4.823898
u128,zmij_x64_v2,admixture,straddle64,80,3.685786
u128,zmij_x64_v3,admixture,straddle64,80,3.620790
u128,zmij_x64_v4,admixture,straddle64,80,3.615996
u128,fmt,admixture,straddle64,90,21.333446
u128,naive,admixture,straddle64,90,66.771032
u128,null,admixture,straddle64,90,1.092843
u128,zmij_scalar,admixture,straddle64,90,5.736987
u128,zmij_x64_native,admixture,straddle64,90,3.209214
u128,zmij_x64_v1,admixture,straddle64,90,4.243938
u128,zmij_x64_v2,admixture,straddle64,90,3.111526
u128,zmij_x64_v3,admixture,straddle64,90,3.067907
u128,zmij_x64_v4,admixture,straddle64,90,2.970758
u128,fmt,admixture,straddle64,100,20.412494
u128,naive,admixture,straddle64,100,65.486081
u128,null,admixture,straddle64,100,1.126881
u128,zmij_scalar,admixture,straddle64,100,4.979963
u128,zmij_x64_native,admixture,straddle64,100,2.432397
u128,zmij_x64_v1,admixture,straddle64,100,3.711398
u128,zmij_x64_v2,admixture,straddle64,100,2.531492
u128,zmij_x64_v3,admixture,straddle64,100,2.501887
u128,zmij_x64_v4,admixture,straddle64,100,2.314113
u128,fmt,admixture,straddle1e32,0,27.390458
u128,naive,admixture,straddle1e32,0,110.437525
u128,null,admixture,straddle1e32,0,1.128125
u128,zmij_scalar,admixture,straddle1e32,0,10.736537
u128,zmij_x64_native,admixture,straddle1e32,0,6.217735
u128,zmij_x64_v1,admixture,straddle1e32,0,6.288103
u128,zmij_x64_v2,admixture,straddle1e32,0,4.890265
u128,zmij_x64_v3,admixture,straddle1e32,0,4.684238
u128,zmij_x64_v4,admixture,straddle1e32,0,5.984535
u128,fmt,admixture,straddle1e32,10,27.897624
u128,naive,admixture,straddle1e32,10,110.129664
u128,null,admixture,straddle1e32,10,1.134290
u128,zmij_scalar,admixture,straddle1e32,10,10.847549
u128,zmij_x64_native,admixture,straddle1e32,10,6.824809
u128,zmij_x64_v1,admixture,straddle1e32,10,6.691162
u128,zmij_x64_v2,admixture,straddle1e32,10,5.340199
u128,zmij_x64_v3,admixture,straddle1e32,10,5.180379
u128,zmij_x64_v4,admixture,straddle1e32,10,6.498541
u128,fmt,admixture,straddle1e32,20,28.276416
u128,naive,admixture,straddle1e32,20,110.079499
u128,null,admixture,straddle1e32,20,1.123143
u128,zmij_scalar,admixture,straddle1e32,20,10.907720
u128,zmij_x64_native,admixture,straddle1e32,20,7.396904
u128,zmij_x64_v1,admixture,straddle1e32,20,7.129416
u128,zmij_x64_v2,admixture,straddle1e32,20,5.744496
u128,zmij_x64_v3,admixture,straddle1e32,20,5.627365
u128,zmij_x64_v4,admixture,straddle1e32,20,6.986790
u128,fmt,admixture,straddle1e32,30,28.699905
u128,naive,admixture,straddle1e32,30,110.263113
u128,null,admixture,straddle1e32,30,1.165636
u128,zmij_scalar,admixture,straddle1e32,30,11.002543
u128,zmij_x64_native,admixture,straddle1e32,30,8.125973
u128,zmij_x64_v1,admixture,straddle1e32,30,7.549784
u128,zmij_x64_v2,admixture,straddle1e32,30,6.228382
u128,zmij_x64_v3,admixture,straddle1e32,30,6.152570
u128,zmij_x64_v4,admixture,straddle1e32,30,7.440222
u128,fmt,admixture,straddle1e32,40,28.742406
u128,naive,admixture,straddle1e32,40,109.849388
u128,null,admixture,straddle1e32,40,1.248438
u128,zmij_scalar,admixture,straddle1e32,40,10.962632
u128,zmij_x64_native,admixture,straddle1e32,40,8.623745
u128,zmij_x64_v1,admixture,straddle1e32,40,8.028817
u128,zmij_x64_v2,admixture,straddle1e32,40,6.516390
u128,zmij_x64_v3,admixture,straddle1e32,40,6.531806
u128,zmij_x64_v4,admixture,straddle1e32,40,7.813946
u128,fmt,admixture,straddle1e32,50,28.659890
u128,naive,admixture,straddle1e32,50,109.887414
u128,null,admixture,straddle1e32,50,1.255541
u128,zmij_scalar,admixture,straddle1e32,50,11.021847
u128,zmij_x64_native,admixture,straddle1e32,50,9.122759
u128,zmij_x64_v1,admixture,straddle1e32,50,8.459453
u128,zmij_x64_v2,admixture,straddle1e32,50,6.814228
u128,zmij_x64_v3,admixture,straddle1e32,50,6.941927
u128,zmij_x64_v4,admixture,straddle1e32,50,8.255861
u128,fmt,admixture,straddle1e32,60,28.580134
u128,naive,admixture,straddle1e32,60,109.012061
u128,null,admixture,straddle1e32,60,1.165966
u128,zmij_scalar,admixture,straddle1e32,60,10.591695
u128,zmij_x64_native,admixture,straddle1e32,60,8.528274
u128,zmij_x64_v1,admixture,straddle1e32,60,7.959511
u128,zmij_x64_v2,admixture,straddle1e32,60,6.395256
u128,zmij_x64_v3,admixture,straddle1e32,60,6.379395
u128,zmij_x64_v4,admixture,straddle1e32,60,7.772078
u128,fmt,admixture,straddle1e32,70,27.803232
u128,naive,admixture,straddle1e32,70,107.024197
u128,null,admixture,straddle1e32,70,1.214320
u128,zmij_scalar,admixture,straddle1e32,70,10.107848
u128,zmij_x64_native,admixture,straddle1e32,70,7.815580
u128,zmij_x64_v1,admixture,straddle1e32,70,7.380373
u128,zmij_x64_v2,admixture,straddle1e32,70,5.845090
u128,zmij_x64_v3,admixture,straddle1e32,70,5.823668
u128,zmij_x64_v4,admixture,straddle1e32,70,7.022251
u128,fmt,admixture,straddle1e32,80,27.343041
u128,naive,admixture,straddle1e32,80,106.580578
u128,null,admixture,straddle1e32,80,1.251232
u128,zmij_scalar,admixture,straddle1e32,80,9.764555
u128,zmij_x64_native,admixture,straddle1e32,80,7.027783
u128,zmij_x64_v1,admixture,straddle1e32,80,6.818297
u128,zmij_x64_v2,admixture,straddle1e32,80,5.255437
u128,zmij_x64_v3,admixture,straddle1e32,80,5.211516
u128,zmij_x64_v4,admixture,straddle1e32,80,6.464494
u128,fmt,admixture,straddle1e32,90,26.795783
u128,naive,admixture,straddle1e32,90,105.409233
u128,null,admixture,straddle1e32,90,1.234072
u128,zmij_scalar,admixture,straddle1e32,90,9.274769
u128,zmij_x64_native,admixture,straddle1e32,90,6.313547
u128,zmij_x64_v1,admixture,straddle1e32,90,6.178042
u128,zmij_x64_v2,admixture,straddle1e32,90,4.717475
u128,zmij_x64_v3,admixture,straddle1e32,90,4.620879
u128,zmij_x64_v4,admixture,straddle1e32,90,5.774944
u128,fmt,admixture,straddle1e32,100,26.390800
u128,naive,admixture,straddle1e32,100,104.314063
u128,null,admixture,straddle1e32,100,1.199183
u128,zmij_scalar,admixture,straddle1e32,100,8.816571
u128,zmij_x64_native,admixture,straddle1e32,100,5.508605
u128,zmij_x64_v1,admixture,straddle1e32,100,5.608844
u128,zmij_x64_v2,admixture,straddle1e32,100,4.125160
u128,zmij_x64_v3,admixture,straddle1e32,100,4.018384
u128,zmij_x64_v4,admixture,straddle1e32,100,5.017577
i128,fmt,bylength,,1,12.960552
i128,naive,bylength,,1,6.794605
i128,null,bylength,,1,0.759722
i128,zmij_scalar,bylength,,1,5.455156
i128,zmij_x64_native,bylength,,1,2.934966
i128,zmij_x64_v1,bylength,,1,4.362266
i128,zmij_x64_v2,bylength,,1,2.841403
i128,zmij_x64_v3,bylength,,1,2.758628
i128,zmij_x64_v4,bylength,,1,2.993737
i128,fmt,bylength,,2,12.669849
i128,naive,bylength,,2,8.462160
i128,null,bylength,,2,0.814198
i128,zmij_scalar,bylength,,2,5.393232
i128,zmij_x64_native,bylength,,2,2.908559
i128,zmij_x64_v1,bylength,,2,4.289291
i128,zmij_x64_v2,bylength,,2,2.862634
i128,zmij_x64_v3,bylength,,2,2.747844
i128,zmij_x64_v4,bylength,,2,2.988726
i128,fmt,bylength,,3,12.903790
i128,naive,bylength,,3,10.522371
i128,null,bylength,,3,0.755706
i128,zmij_scalar,bylength,,3,5.385318
i128,zmij_x64_native,bylength,,3,2.903491
i128,zmij_x64_v1,bylength,,3,4.275530
i128,zmij_x64_v2,bylength,,3,2.852817
i128,zmij_x64_v3,bylength,,3,2.738984
i128,zmij_x64_v4,bylength,,3,2.981827
i128,fmt,bylength,,4,12.895245
i128,naive,bylength,,4,13.399833
i128,null,bylength,,4,0.738348
i128,zmij_scalar,bylength,,4,5.387418
i128,zmij_x64_native,bylength,,4,2.885382
i128,zmij_x64_v1,bylength,,4,4.263221
i128,zmij_x64_v2,bylength,,4,2.849463
i128,zmij_x64_v3,bylength,,4,2.725545
i128,zmij_x64_v4,bylength,,4,2.995058
i128,fmt,bylength,,5,13.469220
i128,naive,bylength,,5,16.788554
i128,null,bylength,,5,0.769601
i128,zmij_scalar,bylength,,5,5.390363
i128,zmij_x64_native,bylength,,5,2.905155
i128,zmij_x64_v1,bylength,,5,4.292432
i128,zmij_x64_v2,bylength,,5,2.852762
i128,zmij_x64_v3,bylength,,5,2.745763
i128,zmij_x64_v4,bylength,,5,3.009823
i128,fmt,bylength,,6,13.828936
i128,naive,bylength,,6,20.552403
i128,null,bylength,,6,0.753176
i128,zmij_scalar,bylength,,6,5.393904
i128,zmij_x64_native,bylength,,6,2.908540
i128,zmij_x64_v1,bylength,,6,4.264790
i128,zmij_x64_v2,bylength,,6,2.882943
i128,zmij_x64_v3,bylength,,6,2.764918
i128,zmij_x64_v4,bylength,,6,3.054667
i128,fmt,bylength,,7,14.287383
i128,naive,bylength,,7,24.114077
i128,null,bylength,,7,0.776853
i128,zmij_scalar,bylength,,7,5.413499
i128,zmij_x64_native,bylength,,7,2.908781
i128,zmij_x64_v1,bylength,,7,4.327378
i128,zmij_x64_v2,bylength,,7,2.844439
i128,zmij_x64_v3,bylength,,7,2.730053
i128,zmij_x64_v4,bylength,,7,3.092621
i128,fmt,bylength,,8,14.397645
i128,naive,bylength,,8,26.645831
i128,null,bylength,,8,0.840755
i128,zmij_scalar,bylength,,8,5.444274
i128,zmij_x64_native,bylength,,8,2.917894
i128,zmij_x64_v1,bylength,,8,4.325393
i128,zmij_x64_v2,bylength,,8,2.875420
i128,zmij_x64_v3,bylength,,8,2.756235
i128,zmij_x64_v4,bylength,,8,3.000762
i128,fmt,bylength,,9,15.189252
i128,naive,bylength,,9,30.106269
i128,null,bylength,,9,0.957547
i128,zmij_scalar,bylength,,9,5.577283
i128,zmij_x64_native,bylength,,9,2.928750
i128,zmij_x64_v1,bylength,,9,4.298245
i128,zmij_x64_v2,bylength,,9,2.856268
i128,zmij_x64_v3,bylength,,9,2.738525
i128,zmij_x64_v4,bylength,,9,2.998550
i128,fmt,bylength,,10,15.355939
i128,naive,bylength,,10,33.699576
i128,null,bylength,,10,0.876507
i128,zmij_scalar,bylength,,10,5.572814
i128,zmij_x64_native,bylength,,10,2.918569
i128,zmij_x64_v1,bylength,,10,4.316459
i128,zmij_x64_v2,bylength,,10,2.855826
i128,zmij_x64_v3,bylength,,10,2.738346
i128,zmij_x64_v4,bylength,,10,2.998132
i128,fmt,bylength,,11,16.615598
i128,naive,bylength,,11,38.043270
i128,null,bylength,,11,0.751822
i128,zmij_scalar,bylength,,11,5.642527
i128,zmij_x64_native,bylength,,11,2.920222
i128,zmij_x64_v1,bylength,,11,4.387177
i128,zmij_x64_v2,bylength,,11,2.902328
i128,zmij_x64_v3,bylength,,11,2.806155
i128,zmij_x64_v4,bylength,,11,3.011833
i128,fmt,bylength,,12,16.367773
i128,naive,bylength,,12,40.350329
i128,null,bylength,,12,0.792995
i128,zmij_scalar,bylength,,12,5.606238
i128,zmij_x64_native,bylength,,12,2.927046
i128,zmij_x64_v1,bylength,,12,4.305996
i128,zmij_x64_v2,bylength,,12,2.849581
i128,zmij_x64_v3,bylength,,12,2.751048
i128,zmij_x64_v4,bylength,,12,2.986630
i128,fmt,bylength,,13,17.219608
i128,naive,bylength,,13,44.132791
i128,null,bylength,,13,0.797594
i128,zmij_scalar,bylength,,13,5.575195
i128,zmij_x64_native,bylength,,13,2.905732
i128,zmij_x64_v1,bylength,,13,4.282207
i128,zmij_x64_v2,bylength,,13,2.856783
i128,zmij_x64_v3,bylength,,13,2.754863
i128,zmij_x64_v4,bylength,,13,2.997768
i128,fmt,bylength,,14,17.475952
i128,naive,bylength,,14,47.888650
i128,null,bylength,,14,0.854858
i128,zmij_scalar,bylength,,14,5.546306
i128,zmij_x64_native,bylength,,14,2.917995
i128,zmij_x64_v1,bylength,,14,4.281492
i128,zmij_x64_v2,bylength,,14,2.842687
i128,zmij_x64_v3,bylength,,14,2.737528
i128,zmij_x64_v4,bylength,,14,2.995286
i128,fmt,bylength,,15,18.402090
i128,naive,bylength,,15,52.195172
i128,null,bylength,,15,0.788787
i128,zmij_scalar,bylength,,15,5.573157
i128,zmij_x64_native,bylength,,15,2.913248
i128,zmij_x64_v1,bylength,,15,4.266074
i128,zmij_x64_v2,bylength,,15,2.866884
i128,zmij_x64_v3,bylength,,15,2.750275
i128,zmij_x64_v4,bylength,,15,3.023619
i128,fmt,bylength,,16,18.528258
i128,naive,bylength,,16,52.456598
i128,null,bylength,,16,0.789790
i128,zmij_scalar,bylength,,16,5.567243
i128,zmij_x64_native,bylength,,16,2.915014
i128,zmij_x64_v1,bylength,,16,4.287242
i128,zmij_x64_v2,bylength,,16,2.852265
i128,zmij_x64_v3,bylength,,16,2.722305
i128,zmij_x64_v4,bylength,,16,2.997339
i128,fmt,bylength,,17,19.369209
i128,naive,bylength,,17,56.863213
i128,null,bylength,,17,0.840403
i128,zmij_scalar,bylength,,17,5.539925
i128,zmij_x64_native,bylength,,17,2.896322
i128,zmij_x64_v1,bylength,,17,4.286184
i128,zmij_x64_v2,bylength,,17,2.851962
i128,zmij_x64_v3,bylength,,17,2.735285
i128,zmij_x64_v4,bylength,,17,2.977000
i128,fmt,bylength,,18,19.705857
i128,naive,bylength,,18,60.703930
i128,null,bylength,,18,0.830482
i128,zmij_scalar,bylength,,18,5.626661
i128,zmij_x64_native,bylength,,18,2.927398
i128,zmij_x64_v1,bylength,,18,4.399322
i128,zmij_x64_v2,bylength,,18,2.873708
i128,zmij_x64_v3,bylength,,18,2.746308
i128,zmij_x64_v4,bylength,,18,3.031125
i128,fmt,bylength,,19,20.485769
i128,naive,bylength,,19,63.720371
i128,null,bylength,,19,0.803201
i128,zmij_scalar,bylength,,19,6.020102
i128,zmij_x64_native,bylength,,19,3.619802
i128,zmij_x64_v1,bylength,,19,4.725709
i128,zmij_x64_v2,bylength,,19,3.435484
i128,zmij_x64_v3,bylength,,19,3.280402
i128,zmij_x64_v4,bylength,,19,3.729163
i128,fmt,bylength,,20,24.722254
i128,naive,bylength,,20,66.872723
i128,null,bylength,,20,0.823787
i128,zmij_scalar,bylength,,20,9.440064
i128,zmij_x64_native,bylength,,20,5.977557
i128,zmij_x64_v1,bylength,,20,6.166785
i128,zmij_x64_v2,bylength,,20,5.174133
i128,zmij_x64_v3,bylength,,20,5.348705
i128,zmij_x64_v4,bylength,,20,6.080416
i128,fmt,bylength,,21,24.576838
i128,naive,bylength,,21,71.384769
i128,null,bylength,,21,0.792457
i128,zmij_scalar,bylength,,21,9.676664
i128,zmij_x64_native,bylength,,21,6.107846
i128,zmij_x64_v1,bylength,,21,6.109427
i128,zmij_x64_v2,bylength,,21,5.247133
i128,zmij_x64_v3,bylength,,21,5.447155
i128,zmij_x64_v4,bylength,,21,6.115975
i128,fmt,bylength,,22,25.281412
i128,naive,bylength,,22,74.424918
i128,null,bylength,,22,0.837212
i128,zmij_scalar,bylength,,22,9.546415
i128,zmij_x64_native,bylength,,22,6.015442
i128,zmij_x64_v1,bylength,,22,6.172739
i128,zmij_x64_v2,bylength,,22,5.169545
i128,zmij_x64_v3,bylength,,22,5.369915
i128,zmij_x64_v4,bylength,,22,6.058926
i128,fmt,bylength,,23,25.335426
i128,naive,bylength,,23,79.585351
i128,null,bylength,,23,0.750890
i128,zmij_scalar,bylength,,23,9.713941
i128,zmij_x64_native,bylength,,23,6.094632
i128,zmij_x64_v1,bylength,,23,6.286477
i128,zmij_x64_v2,bylength,,23,5.235584
i128,zmij_x64_v3,bylength,,23,5.460870
i128,zmij_x64_v4,bylength,,23,6.137954
i128,fmt,bylength,,24,25.744735
i128,naive,bylength,,24,79.289737
i128,null,bylength,,24,0.750678
i128,zmij_scalar,bylength,,24,9.484864
i128,zmij_x64_native,bylength,,24,5.999825
i128,zmij_x64_v1,bylength,,24,6.218398
i128,zmij_x64_v2,bylength,,24,5.168116
i128,zmij_x64_v3,bylength,,24,5.369159
i128,zmij_x64_v4,bylength,,24,6.041426
i128,fmt,bylength,,25,26.075700
i128,naive,bylength,,25,83.687126
i128,null,bylength,,25,0.776846
i128,zmij_scalar,bylength,,25,9.524282
i128,zmij_x64_native,bylength,,25,6.006016
i128,zmij_x64_v1,bylength,,25,6.232059
i128,zmij_x64_v2,bylength,,25,5.192444
i128,zmij_x64_v3,bylength,,25,5.382913
i128,zmij_x64_v4,bylength,,25,6.068660
i128,fmt,bylength,,26,26.477478
i128,naive,bylength,,26,86.936960
i128,null,bylength,,26,0.846328
i128,zmij_scalar,bylength,,26,9.549051
i128,zmij_x64_native,bylength,,26,6.005800
i128,zmij_x64_v1,bylength,,26,6.217855
i128,zmij_x64_v2,bylength,,26,5.203361
i128,zmij_x64_v3,bylength,,26,5.386400
i128,zmij_x64_v4,bylength,,26,6.077568
i128,fmt,bylength,,27,26.654236
i128,naive,bylength,,27,90.879289
i128,null,bylength,,27,0.813863
i128,zmij_scalar,bylength,,27,9.592319
i128,zmij_x64_native,bylength,,27,6.007257
i128,zmij_x64_v1,bylength,,27,6.288653
i128,zmij_x64_v2,bylength,,27,5.227252
i128,zmij_x64_v3,bylength,,27,5.380895
i128,zmij_x64_v4,bylength,,27,6.096512
i128,fmt,bylength,,28,27.307003
i128,naive,bylength,,28,94.518242
i128,null,bylength,,28,0.895662
i128,zmij_scalar,bylength,,28,9.607360
i128,zmij_x64_native,bylength,,28,6.019625
i128,zmij_x64_v1,bylength,,28,6.215064
i128,zmij_x64_v2,bylength,,28,5.201491
i128,zmij_x64_v3,bylength,,28,5.407827
i128,zmij_x64_v4,bylength,,28,6.104359
i128,fmt,bylength,,29,27.365706
i128,naive,bylength,,29,98.232936
i128,null,bylength,,29,0.826427
i128,zmij_scalar,bylength,,29,9.604598
i128,zmij_x64_native,bylength,,29,6.025179
i128,zmij_x64_v1,bylength,,29,6.199020
i128,zmij_x64_v2,bylength,,29,5.211971
i128,zmij_x64_v3,bylength,,29,5.369801
i128,zmij_x64_v4,bylength,,29,6.048736
i128,fmt,bylength,,30,27.816530
i128,naive,bylength,,30,101.064765
i128,null,bylength,,30,0.780562
i128,zmij_scalar,bylength,,30,9.581889
i128,zmij_x64_native,bylength,,30,6.011153
i128,zmij_x64_v1,bylength,,30,6.223895
i128,zmij_x64_v2,bylength,,30,5.204259
i128,zmij_x64_v3,bylength,,30,5.381134
i128,zmij_x64_v4,bylength,,30,6.086056
i128,fmt,bylength,,31,28.110834
i128,naive,bylength,,31,105.115289
i128,null,bylength,,31,0.804043
i128,zmij_scalar,bylength,,31,9.685580
i128,zmij_x64_native,bylength,,31,6.015290
i128,zmij_x64_v1,bylength,,31,6.159109
i128,zmij_x64_v2,bylength,,31,5.196665
i128,zmij_x64_v3,bylength,,31,5.431838
i128,zmij_x64_v4,bylength,,31,6.062673
i128,fmt,bylength,,32,28.435143
i128,naive,bylength,,32,105.665490
i128,null,bylength,,32,0.823752
i128,zmij_scalar,bylength,,32,9.556713
i128,zmij_x64_native,bylength,,32,5.998042
i128,zmij_x64_v1,bylength,,32,6.177095
i128,zmij_x64_v2,bylength,,32,5.198439
i128,zmij_x64_v3,bylength,,32,5.355760
i128,zmij_x64_v4,bylength,,32,6.051407
i128,fmt,bylength,,33,28.787735
i128,naive,bylength,,33,109.814333
i128,null,bylength,,33,0.791610
i128,zmij_scalar,bylength,,33,11.775403
i128,zmij_x64_native,bylength,,33,6.640910
i128,zmij_x64_v1,bylength,,33,6.782877
i128,zmij_x64_v2,bylength,,33,5.942158
i128,zmij_x64_v3,bylength,,33,6.135025
i128,zmij_x64_v4,bylength,,33,6.773888
i128,fmt,bylength,,34,29.315209
i128,naive,bylength,,34,113.831620
i128,null,bylength,,34,0.827727
i128,zmij_scalar,bylength,,34,11.642509
i128,zmij_x64_native,bylength,,34,6.594587
i128,zmij_x64_v1,bylength,,34,6.837865
i128,zmij_x64_v2,bylength,,34,5.952341
i128,zmij_x64_v3,bylength,,34,5.993852
i128,zmij_x64_v4,bylength,,34,6.670813
i128,fmt,bylength,,35,29.427519
i128,naive,bylength,,35,117.457103
i128,null,bylength,,35,0.862292
i128,zmij_scalar,bylength,,35,11.706200
i128,zmij_x64_native,bylength,,35,6.660654
i128,zmij_x64_v1,bylength,,35,6.852019
i128,zmij_x64_v2,bylength,,35,5.967273
i128,zmij_x64_v3,bylength,,35,5.987699
i128,zmij_x64_v4,bylength,,35,6.733359
i128,fmt,bylength,,36,30.055279
i128,naive,bylength,,36,120.868804
i128,null,bylength,,36,0.864493
i128,zmij_scalar,bylength,,36,11.686885
i128,zmij_x64_native,bylength,,36,6.642547
i128,zmij_x64_v1,bylength,,36,6.821728
i128,zmij_x64_v2,bylength,,36,5.973269
i128,zmij_x64_v3,bylength,,36,6.002024
i128,zmij_x64_v4,bylength,,36,6.714712
i128,fmt,bylength,,37,30.046255
i128,naive,bylength,,37,124.029065
i128,null,bylength,,37,0.863144
i128,zmij_scalar,bylength,,37,11.584137
i128,zmij_x64_native,bylength,,37,6.654610
i128,zmij_x64_v1,bylength,,37,6.813972
i128,zmij_x64_v2,bylength,,37,5.983122
i128,zmij_x64_v3,bylength,,37,5.988819
i128,zmij_x64_v4,bylength,,37,6.716647
i128,fmt,bylength,,38,30.892201
i128,naive,bylength,,38,128.088216
i128,null,bylength,,38,0.782419
i128,zmij_scalar,bylength,,38,11.607773
i128,zmij_x64_native,bylength,,38,6.667824
i128,zmij_x64_v1,bylength,,38,6.804449
i128,zmij_x64_v2,bylength,,38,5.970311
i128,zmij_x64_v3,bylength,,38,5.971947
i128,zmij_x64_v4,bylength,,38,6.690485
i128,fmt,bylength,,39,30.934189
i128,naive,bylength,,39,131.072060
i128,null,bylength,,39,0.861142
i128,zmij_scalar,bylength,,39,11.673490
i128,zmij_x64_native,bylength,,39,6.641923
i128,zmij_x64_v1,bylength,,39,6.818253
i128,zmij_x64_v2,bylength,,39,5.973175
i128,zmij_x64_v3,bylength,,39,5.982006
i128,zmij_x64_v4,bylength,,39,6.702158
i128,fmt,loguniform,1-39,39,30.790506
i128,naive,loguniform,1-39,39,74.453804
i128,null,loguniform,1-39,39,0.793684
i128,zmij_scalar,loguniform,1-39,39,9.921957
i128,zmij_x64_native,loguniform,1-39,39,8.219329
i128,zmij_x64_v1,loguniform,1-39,39,8.301283
i128,zmij_x64_v2,loguniform,1-39,39,7.627471
i128,zmij_x64_v3,loguniform,1-39,39,7.530999
i128,zmij_x64_v4,loguniform,1-39,39,8.299530
i128,fmt,loguniform,1-4,4,16.804955
i128,naive,loguniform,1-4,4,13.844796
i128,null,loguniform,1-4,4,0.735842
i128,zmij_scalar,loguniform,1-4,4,5.373899
i128,zmij_x64_native,loguniform,1-4,4,2.900375
i128,zmij_x64_v1,loguniform,1-4,4,4.305706
i128,zmij_x64_v2,loguniform,1-4,4,2.860849
i128,zmij_x64_v3,loguniform,1-4,4,2.744644
i128,zmij_x64_v4,loguniform,1-4,4,2.979053
i128,fmt,uniform,0-255,0,12.532743
i128,naive,uniform,0-255,0,9.537590
i128,null,uniform,0-255,0,0.767994
i128,zmij_scalar,uniform,0-255,0,5.369969
i128,zmij_x64_native,uniform,0-255,0,2.903869
i128,zmij_x64_v1,uniform,0-255,0,4.273906
i128,zmij_x64_v2,uniform,0-255,0,2.856148
i128,zmij_x64_v3,uniform,0-255,0,2.740157
i128,zmij_x64_v4,uniform,0-255,0,3.008824
i128,fmt,unpredictable,,1,14.623963
i128,naive,unpredictable,,1,9.574545
i128,null,unpredictable,,1,0.931793
i128,zmij_scalar,unpredictable,,1,5.309273
i128,zmij_x64_native,unpredictable,,1,3.280533
i128,zmij_x64_v1,unpredictable,,1,4.342915
i128,zmij_x64_v2,unpredictable,,1,2.785915
i128,zmij_x64_v3,unpredictable,,1,2.644061
i128,zmij_x64_v4,unpredictable,,1,3.253577
i128,fmt,unpredictable,,2,15.093253
i128,naive,unpredictable,,2,11.170082
i128,null,unpredictable,,2,0.974769
i128,zmij_scalar,unpredictable,,2,5.256813
i128,zmij_x64_native,unpredictable,,2,3.250980
i128,zmij_x64_v1,unpredictable,,2,4.302119
i128,zmij_x64_v2,unpredictable,,2,2.835390
i128,zmij_x64_v3,unpredictable,,2,2.648867
i128,zmij_x64_v4,unpredictable,,2,3.283354
i128,fmt,unpredictable,,3,14.520933
i128,naive,unpredictable,,3,13.357711
i128,null,unpredictable,,3,1.021296
i128,zmij_scalar,unpredictable,,3,5.417521
i128,zmij_x64_native,unpredictable,,3,3.281619
i128,zmij_x64_v1,unpredictable,,3,4.423662
i128,zmij_x64_v2,unpredictable,,3,2.900870
i128,zmij_x64_v3,unpredictable,,3,2.639299
i128,zmij_x64_v4,unpredictable,,3,3.418999
i128,fmt,unpredictable,,4,14.539646
i128,naive,unpredictable,,4,16.592951
i128,null,unpredictable,,4,0.869658
i128,zmij_scalar,unpredictable,,4,5.269852
i128,zmij_x64_native,unpredictable,,4,3.266422
i128,zmij_x64_v1,unpredictable,,4,4.308856
i128,zmij_x64_v2,unpredictable,,4,2.820141
i128,zmij_x64_v3,unpredictable,,4,2.675760
i128,zmij_x64_v4,unpredictable,,4,3.268393
i128,fmt,unpredictable,,5,14.729128
i128,naive,unpredictable,,5,20.025812
i128,null,unpredictable,,5,0.784724
i128,zmij_scalar,unpredictable,,5,5.319157
i128,zmij_x64_native,unpredictable,,5,3.274921
i128,zmij_x64_v1,unpredictable,,5,4.348977
i128,zmij_x64_v2,unpredictable,,5,2.872931
i128,zmij_x64_v3,unpredictable,,5,2.691420
i128,zmij_x64_v4,unpredictable,,5,3.289603
i128,fmt,unpredictable,,6,14.835209
i128,naive,unpredictable,,6,22.808454
i128,null,unpredictable,,6,0.954403
i128,zmij_scalar,unpredictable,,6,5.365297
i128,zmij_x64_native,unpredictable,,6,3.291764
i128,zmij_x64_v1,unpredictable,,6,4.368665
i128,zmij_x64_v2,unpredictable,,6,2.865532
i128,zmij_x64_v3,unpredictable,,6,2.692218
i128,zmij_x64_v4,unpredictable,,6,3.390587
i128,fmt,unpredictable,,7,15.234210
i128,naive,unpredictable,,7,26.011982
i128,null,unpredictable,,7,0.853553
i128,zmij_scalar,unpredictable,,7,5.302757
i128,zmij_x64_native,unpredictable,,7,3.245175
i128,zmij_x64_v1,unpredictable,,7,4.280192
i128,zmij_x64_v2,unpredictable,,7,2.821345
i128,zmij_x64_v3,unpredictable,,7,2.667776
i128,zmij_x64_v4,unpredictable,,7,3.374344
i128,fmt,unpredictable,,8,15.424277
i128,naive,unpredictable,,8,29.031572
i128,null,unpredictable,,8,0.669510
i128,zmij_scalar,unpredictable,,8,5.449376
i128,zmij_x64_native,unpredictable,,8,3.386174
i128,zmij_x64_v1,unpredictable,,8,4.284931
i128,zmij_x64_v2,unpredictable,,8,2.757510
i128,zmij_x64_v3,unpredictable,,8,2.652093
i128,zmij_x64_v4,unpredictable,,8,3.243917
i128,fmt,unpredictable,,9,16.194109
i128,naive,unpredictable,,9,32.196835
i128,null,unpredictable,,9,0.763796
i128,zmij_scalar,unpredictable,,9,5.342893
i128,zmij_x64_native,unpredictable,,9,3.277366
i128,zmij_x64_v1,unpredictable,,9,4.341170
i128,zmij_x64_v2,unpredictable,,9,2.810099
i128,zmij_x64_v3,unpredictable,,9,2.657195
i128,zmij_x64_v4,unpredictable,,9,3.328883
i128,fmt,unpredictable,,10,16.194366
i128,naive,unpredictable,,10,35.212026
i128,null,unpredictable,,10,0.675104
i128,zmij_scalar,unpredictable,,10,5.358629
i128,zmij_x64_native,unpredictable,,10,3.264925
i128,zmij_x64_v1,unpredictable,,10,4.320006
i128,zmij_x64_v2,unpredictable,,10,2.836991
i128,zmij_x64_v3,unpredictable,,10,2.673996
i128,zmij_x64_v4,unpredictable,,10,3.260991
i128,fmt,unpredictable,,11,17.023319
i128,naive,unpredictable,,11,41.895362
i128,null,unpredictable,,11,0.942352
i128,zmij_scalar,unpredictable,,11,5.619155
i128,zmij_x64_native,unpredictable,,11,3.435919
i128,zmij_x64_v1,unpredictable,,11,4.489726
i128,zmij_x64_v2,unpredictable,,11,2.919850
i128,zmij_x64_v3,unpredictable,,11,2.734999
i128,zmij_x64_v4,unpredictable,,11,3.434087
i128,fmt,unpredictable,,12,17.053016
i128,naive,unpredictable,,12,42.391793
i128,null,unpredictable,,12,0.938325
i128,zmij_scalar,unpredictable,,12,5.311304
i128,zmij_x64_native,unpredictable,,12,3.284156
i128,zmij_x64_v1,unpredictable,,12,4.327767
i128,zmij_x64_v2,unpredictable,,12,2.834392
i128,zmij_x64_v3,unpredictable,,12,2.682175
i128,zmij_x64_v4,unpredictable,,12,3.237837
i128,fmt,unpredictable,,13,17.871829
i128,naive,unpredictable,,13,45.940437
i128,null,unpredictable,,13,0.970351
i128,zmij_scalar,unpredictable,,13,5.364073
i128,zmij_x64_native,unpredictable,,13,3.263660
i128,zmij_x64_v1,unpredictable,,13,4.273728
i128,zmij_x64_v2,unpredictable,,13,2.793115
i128,zmij_x64_v3,unpredictable,,13,2.651561
i128,zmij_x64_v4,unpredictable,,13,3.282782
i128,fmt,unpredictable,,14,17.962091
i128,naive,unpredictable,,14,48.566212
i128,null,unpredictable,,14,0.787144
i128,zmij_scalar,unpredictable,,14,5.462529
i128,zmij_x64_native,unpredictable,,14,3.279640
i128,zmij_x64_v1,unpredictable,,14,4.274827
i128,zmij_x64_v2,unpredictable,,14,2.897844
i128,zmij_x64_v3,unpredictable,,14,2.661589
i128,zmij_x64_v4,unpredictable,,14,3.346386
i128,fmt,unpredictable,,15,18.736928
i128,naive,unpredictable,,15,51.089190
i128,null,unpredictable,,15,0.756210
i128,zmij_scalar,unpredictable,,15,5.360531
i128,zmij_x64_native,unpredictable,,15,3.294783
i128,zmij_x64_v1,unpredictable,,15,4.321406
i128,zmij_x64_v2,unpredictable,,15,2.818883
i128,zmij_x64_v3,unpredictable,,15,2.659740
i128,zmij_x64_v4,unpredictable,,15,3.280301
i128,fmt,unpredictable,,16,18.991169
i128,naive,unpredictable,,16,55.175934
i128,null,unpredictable,,16,1.056673
i128,zmij_scalar,unpredictable,,16,5.625245
i128,zmij_x64_native,unpredictable,,16,3.430887
i128,zmij_x64_v1,unpredictable,,16,4.480359
i128,zmij_x64_v2,unpredictable,,16,2.955106
i128,zmij_x64_v3,unpredictable,,16,2.826849
i128,zmij_x64_v4,unpredictable,,16,3.344452
i128,fmt,unpredictable,,17,19.701608
i128,naive,unpredictable,,17,57.628187
i128,null,unpredictable,,17,1.103257
i128,zmij_scalar,unpredictable,,17,5.401396
i128,zmij_x64_native,unpredictable,,17,3.280662
i128,zmij_x64_v1,unpredictable,,17,4.308645
i128,zmij_x64_v2,unpredictable,,17,2.847515
i128,zmij_x64_v3,unpredictable,,17,2.641667
i128,zmij_x64_v4,unpredictable,,17,3.243893
i128,fmt,unpredictable,,18,19.851074
i128,naive,unpredictable,,18,61.233442
i128,null,unpredictable,,18,0.968150
i128,zmij_scalar,unpredictable,,18,5.377212
i128,zmij_x64_native,unpredictable,,18,3.287645
i128,zmij_x64_v1,unpredictable,,18,4.317908
i128,zmij_x64_v2,unpredictable,,18,2.873824
i128,zmij_x64_v3,unpredictable,,18,2.632834
i128,zmij_x64_v4,unpredictable,,18,3.280351
i128,fmt,unpredictable,,19,21.892398
i128,naive,unpredictable,,19,66.014233
i128,null,unpredictable,,19,0.771341
i128,zmij_scalar,unpredictable,,19,6.277167
i128,zmij_x64_native,unpredictable,,19,4.133594
i128,zmij_x64_v1,unpredictable,,19,5.112133
i128,zmij_x64_v2,unpredictable,,19,3.718070
i128,zmij_x64_v3,unpredictable,,19,3.430762
i128,zmij_x64_v4,unpredictable,,19,4.058548
i128,fmt,unpredictable,,20,27.034075
i128,naive,unpredictable,,20,68.924592
i128,null,unpredictable,,20,0.832843
i128,zmij_scalar,unpredictable,,20,9.547027
i128,zmij_x64_native,unpredictable,,20,5.619921
i128,zmij_x64_v1,unpredictable,,20,6.157480
i128,zmij_x64_v2,unpredictable,,20,5.322543
i128,zmij_x64_v3,unpredictable,,20,5.477946
i128,zmij_x64_v4,unpredictable,,20,5.706977
i128,fmt,unpredictable,,21,26.365374
i128,naive,unpredictable,,21,72.472620
i128,null,unpredictable,,21,0.755736
i128,zmij_scalar,unpredictable,,21,9.706640
i128,zmij_x64_native,unpredictable,,21,5.935595
i128,zmij_x64_v1,unpredictable,,21,6.280252
i128,zmij_x64_v2,unpredictable,,21,5.474903
i128,zmij_x64_v3,unpredictable,,21,5.647356
i128,zmij_x64_v4,unpredictable,,21,6.017529
i128,fmt,unpredictable,,22,26.468282
i128,naive,unpredictable,,22,74.891983
i128,null,unpredictable,,22,1.098135
i128,zmij_scalar,unpredictable,,22,9.569890
i128,zmij_x64_native,unpredictable,,22,5.685868
i128,zmij_x64_v1,unpredictable,,22,6.121165
i128,zmij_x64_v2,unpredictable,,22,5.308467
i128,zmij_x64_v3,unpredictable,,22,5.421982
i128,zmij_x64_v4,unpredictable,,22,5.717735
i128,fmt,unpredictable,,23,26.492661
i128,naive,unpredictable,,23,79.203989
i128,null,unpredictable,,23,0.812216
i128,zmij_scalar,unpredictable,,23,9.513912
i128,zmij_x64_native,unpredictable,,23,5.600127
i128,zmij_x64_v1,unpredictable,,23,6.131021
i128,zmij_x64_v2,unpredictable,,23,5.300626
i128,zmij_x64_v3,unpredictable,,23,5.399428
i128,zmij_x64_v4,unpredictable,,23,5.673300
i128,fmt,unpredictable,,24,26.826397
i128,naive,unpredictable,,24,80.141958
i128,null,unpredictable,,24,0.939685
i128,zmij_scalar,unpredictable,,24,9.434487
i128,zmij_x64_native,unpredictable,,24,5.637681
i128,zmij_x64_v1,unpredictable,,24,6.052800
i128,zmij_x64_v2,unpredictable,,24,5.297139
i128,zmij_x64_v3,unpredictable,,24,5.402394
i128,zmij_x64_v4,unpredictable,,24,5.690407
i128,fmt,unpredictable,,25,27.018878
i128,naive,unpredictable,,25,87.196459
i128,null,unpredictable,,25,0.842978
i128,zmij_scalar,unpredictable,,25,9.853227
i128,zmij_x64_native,unpredictable,,25,5.832780
i128,zmij_x64_v1,unpredictable,,25,6.334964
i128,zmij_x64_v2,unpredictable,,25,5.547207
i128,zmij_x64_v3,unpredictable,,25,5.578408
i128,zmij_x64_v4,unpredictable,,25,5.932645
i128,fmt,unpredictable,,26,27.433648
i128,naive,unpredictable,,26,87.919618
i128,null,unpredictable,,26,0.865754
i128,zmij_scalar,unpredictable,,26,9.520149
i128,zmij_x64_native,unpredictable,,26,5.596665
i128,zmij_x64_v1,unpredictable,,26,6.047360
i128,zmij_x64_v2,unpredictable,,26,5.272781
i128,zmij_x64_v3,unpredictable,,26,5.409070
i128,zmij_x64_v4,unpredictable,,26,5.653723
i128,fmt,unpredictable,,27,27.672060
i128,naive,unpredictable,,27,93.978770
i128,null,unpredictable,,27,0.800223
i128,zmij_scalar,unpredictable,,27,9.727106
i128,zmij_x64_native,unpredictable,,27,5.719401
i128,zmij_x64_v1,unpredictable,,27,6.045439
i128,zmij_x64_v2,unpredictable,,27,5.271678
i128,zmij_x64_v3,unpredictable,,27,5.440964
i128,zmij_x64_v4,unpredictable,,27,5.888928
i128,fmt,unpredictable,,28,27.880840
i128,naive,unpredictable,,28,92.728771
i128,null,unpredictable,,28,0.945030
i128,zmij_scalar,unpredictable,,28,9.396382
i128,zmij_x64_native,unpredictable,,28,5.596540
i128,zmij_x64_v1,unpredictable,,28,6.020377
i128,zmij_x64_v2,unpredictable,,28,5.221945
i128,zmij_x64_v3,unpredictable,,28,5.411936
i128,zmij_x64_v4,unpredictable,,28,5.698558
i128,fmt,unpredictable,,29,27.846892
i128,naive,unpredictable,,29,99.494798
i128,null,unpredictable,,29,0.844734
i128,zmij_scalar,unpredictable,,29,9.931733
i128,zmij_x64_native,unpredictable,,29,5.703409
i128,zmij_x64_v1,unpredictable,,29,6.246624
i128,zmij_x64_v2,unpredictable,,29,5.454501
i128,zmij_x64_v3,unpredictable,,29,5.568571
i128,zmij_x64_v4,unpredictable,,29,5.863088
i128,fmt,unpredictable,,30,28.237401
i128,naive,unpredictable,,30,102.163559
i128,null,unpredictable,,30,0.767078
i128,zmij_scalar,unpredictable,,30,9.532185
i128,zmij_x64_native,unpredictable,,30,5.650607
i128,zmij_x64_v1,unpredictable,,30,6.096186
i128,zmij_x64_v2,unpredictable,,30,5.338429
i128,zmij_x64_v3,unpredictable,,30,5.418301
i128,zmij_x64_v4,unpredictable,,30,5.731483
i128,fmt,unpredictable,,31,28.758697
i128,naive,unpredictable,,31,108.598659
i128,null,unpredictable,,31,0.798958
i128,zmij_scalar,unpredictable,,31,9.896300
i128,zmij_x64_native,unpredictable,,31,5.794265
i128,zmij_x64_v1,unpredictable,,31,6.321470
i128,zmij_x64_v2,unpredictable,,31,5.581335
i128,zmij_x64_v3,unpredictable,,31,5.625369
i128,zmij_x64_v4,unpredictable,,31,5.925095
i128,fmt,unpredictable,,32,28.772150
i128,naive,unpredictable,,32,104.780047
i128,null,unpredictable,,32,0.891946
i128,zmij_scalar,unpredictable,,32,9.472580
i128,zmij_x64_native,unpredictable,,32,5.620740
i128,zmij_x64_v1,unpredictable,,32,6.096138
i128,zmij_x64_v2,unpredictable,,32,5.297363
i128,zmij_x64_v3,unpredictable,,32,5.376740
i128,zmij_x64_v4,unpredictable,,32,5.656859
i128,fmt,unpredictable,,33,29.337859
i128,naive,unpredictable,,33,110.336999
i128,null,unpredictable,,33,0.908136
i128,zmij_scalar,unpredictable,,33,12.522758
i128,zmij_x64_native,unpredictable,,33,7.874912
i128,zmij_x64_v1,unpredictable,,33,7.787551
i128,zmij_x64_v2,unpredictable,,33,7.226410
i128,zmij_x64_v3,unpredictable,,33,7.068642
i128,zmij_x64_v4,unpredictable,,33,8.057358
i128,fmt,unpredictable,,34,29.811138
i128,naive,unpredictable,,34,112.908698
i128,null,unpredictable,,34,0.844645
i128,zmij_scalar,unpredictable,,34,12.115002
i128,zmij_x64_native,unpredictable,,34,7.471186
i128,zmij_x64_v1,unpredictable,,34,7.562361
i128,zmij_x64_v2,unpredictable,,34,7.029720
i128,zmij_x64_v3,unpredictable,,34,6.723368
i128,zmij_x64_v4,unpredictable,,34,7.661286
i128,fmt,unpredictable,,35,29.878153
i128,naive,unpredictable,,35,117.357944
i128,null,unpredictable,,35,0.855728
i128,zmij_scalar,unpredictable,,35,12.154523
i128,zmij_x64_native,unpredictable,,35,7.566896
i128,zmij_x64_v1,unpredictable,,35,7.624558
i128,zmij_x64_v2,unpredictable,,35,6.987514
i128,zmij_x64_v3,unpredictable,,35,6.723802
i128,zmij_x64_v4,unpredictable,,35,7.702228
i128,fmt,unpredictable,,36,30.226178
i128,naive,unpredictable,,36,120.694499
i128,null,unpredictable,,36,0.945763
i128,zmij_scalar,unpredictable,,36,12.134090
i128,zmij_x64_native,unpredictable,,36,7.521387
i128,zmij_x64_v1,unpredictable,,36,7.572751
i128,zmij_x64_v2,unpredictable,,36,6.904243
i128,zmij_x64_v3,unpredictable,,36,6.673472
i128,zmij_x64_v4,unpredictable,,36,7.668389
i128,fmt,unpredictable,,37,30.405679
i128,naive,unpredictable,,37,124.374149
i128,null,unpredictable,,37,0.916830
i128,zmij_scalar,unpredictable,,37,12.208403
i128,zmij_x64_native,unpredictable,,37,7.571237
i128,zmij_x64_v1,unpredictable,,37,7.605667
i128,zmij_x64_v2,unpredictable,,37,6.952900
i128,zmij_x64_v3,unpredictable,,37,6.735979
i128,zmij_x64_v4,unpredictable,,37,7.765345
i128,fmt,unpredictable,,38,31.216905
i128,naive,unpredictable,,38,127.786857
i128,null,unpredictable,,38,0.814319
i128,zmij_scalar,unpredictable,,38,12.254727
i128,zmij_x64_native,unpredictable,,38,7.586612
i128,zmij_x64_v1,unpredictable,,38,7.679731
i128,zmij_x64_v2,unpredictable,,38,6.984713
i128,zmij_x64_v3,unpredictable,,38,6.768990
i128,zmij_x64_v4,unpredictable,,38,7.715599
i128,fmt,unpredictable,,39,31.232769
i128,naive,unpredictable,,39,130.668518
i128,null,unpredictable,,39,0.892840
i128,zmij_scalar,unpredictable,,39,12.072487
i128,zmij_x64_native,unpredictable,,39,7.560519
i128,zmij_x64_v1,unpredictable,,39,7.644931
i128,zmij_x64_v2,unpredictable,,39,6.893122
i128,zmij_x64_v3,unpredictable,,39,6.794958
i128,zmij_x64_v4,unpredictable,,39,7.785563
i128,fmt,admixture,5x6,0,13.775719
i128,naive,admixture,5x6,0,20.349916
i128,null,admixture,5x6,0,0.830766
i128,zmij_scalar,admixture,5x6,0,5.412774
i128,zmij_x64_native,admixture,5x6,0,2.952183
i128,zmij_x64_v1,admixture,5x6,0,4.259368
i128,zmij_x64_v2,admixture,5x6,0,2.848688
i128,zmij_x64_v3,admixture,5x6,0,2.753358
i128,zmij_x64_v4,admixture,5x6,0,3.075169
i128,fmt,admixture,5x6,10,14.429875
i128,naive,admixture,5x6,10,20.948071
i128,null,admixture,5x6,10,0.875153
i128,zmij_scalar,admixture,5x6,10,5.440719
i128,zmij_x64_native,admixture,5x6,10,2.918700
i128,zmij_x64_v1,admixture,5x6,10,4.319510
i128,zmij_x64_v2,admixture,5x6,10,2.871906
i128,zmij_x64_v3,admixture,5x6,10,2.767652
i128,zmij_x64_v4,admixture,5x6,10,3.057959
i128,fmt,admixture,5x6,20,14.742953
i128,naive,admixture,5x6,20,21.204382
i128,null,admixture,5x6,20,0.784728
i128,zmij_scalar,admixture,5x6,20,5.428837
i128,zmij_x64_native,admixture,5x6,20,2.951235
i128,zmij_x64_v1,admixture,5x6,20,4.318583
i128,zmij_x64_v2,admixture,5x6,20,2.897331
i128,zmij_x64_v3,admixture,5x6,20,2.769484
i128,zmij_x64_v4,admixture,5x6,20,3.032529
i128,fmt,admixture,5x6,30,15.352837
i128,naive,admixture,5x6,30,21.726833
i128,null,admixture,5x6,30,0.853275
i128,zmij_scalar,admixture,5x6,30,5.387635
i128,zmij_x64_native,admixture,5x6,30,2.913833
i128,zmij_x64_v1,admixture,5x6,30,4.271860
i128,zmij_x64_v2,admixture,5x6,30,2.872377
i128,zmij_x64_v3,admixture,5x6,30,2.752052
i128,zmij_x64_v4,admixture,5x6,30,3.038467
i128,fmt,admixture,5x6,40,16.083586
i128,naive,admixture,5x6,40,22.169550
i128,null,admixture,5x6,40,0.979452
i128,zmij_scalar,admixture,5x6,40,5.385335
i128,zmij_x64_native,admixture,5x6,40,2.916226
i128,zmij_x64_v1,admixture,5x6,40,4.290994
i128,zmij_x64_v2,admixture,5x6,40,2.862055
i128,zmij_x64_v3,admixture,5x6,40,2.742255
i128,zmij_x64_v4,admixture,5x6,40,3.012270
i128,fmt,admixture,5x6,50,16.469113
i128,naive,admixture,5x6,50,22.254563
i128,null,admixture,5x6,50,0.847019
i128,zmij_scalar,admixture,5x6,50,5.401662
i128,zmij_x64_native,admixture,5x6,50,2.912241
i128,zmij_x64_v1,admixture,5x6,50,4.293523
i128,zmij_x64_v2,admixture,5x6,50,2.861253
i128,zmij_x64_v3,admixture,5x6,50,2.755751
i128,zmij_x64_v4,admixture,5x6,50,3.016520
i128,fmt,admixture,5x6,60,16.470255
i128,naive,admixture,5x6,60,21.480417
i128,null,admixture,5x6,60,0.770418
i128,zmij_scalar,admixture,5x6,60,5.467006
i128,zmij_x64_native,admixture,5x6,60,2.945736
i128,zmij_x64_v1,admixture,5x6,60,4.317718
i128,zmij_x64_v2,admixture,5x6,60,2.873776
i128,zmij_x64_v3,admixture,5x6,60,2.772900
i128,zmij_x64_v4,admixture,5x6,60,3.013041
i128,fmt,admixture,5x6,70,15.285449
i128,naive,admixture,5x6,70,20.271140
i128,null,admixture,5x6,70,0.809664
i128,zmij_scalar,admixture,5x6,70,5.519987
i128,zmij_x64_native,admixture,5x6,70,2.960636
i128,zmij_x64_v1,admixture,5x6,70,4.374139
i128,zmij_x64_v2,admixture,5x6,70,2.927462
i128,zmij_x64_v3,admixture,5x6,70,2.805274
i128,zmij_x64_v4,admixture,5x6,70,3.039062
i128,fmt,admixture,5x6,80,14.694726
i128,naive,admixture,5x6,80,18.753925
i128,null,admixture,5x6,80,0.799142
i128,zmij_scalar,admixture,5x6,80,5.386686
i128,zmij_x64_native,admixture,5x6,80,2.899904
i128,zmij_x64_v1,admixture,5x6,80,4.300447
i128,zmij_x64_v2,admixture,5x6,80,2.865827
i128,zmij_x64_v3,admixture,5x6,80,2.740146
i128,zmij_x64_v4,admixture,5x6,80,3.001600
i128,fmt,admixture,5x6,90,13.974829
i128,naive,admixture,5x6,90,17.686368
i128,null,admixture,5x6,90,0.874133
i128,zmij_scalar,admixture,5x6,90,5.363786
i128,zmij_x64_native,admixture,5x6,90,2.880386
i128,zmij_x64_v1,admixture,5x6,90,4.268158
i128,zmij_x64_v2,admixture,5x6,90,2.821072
i128,zmij_x64_v3,admixture,5x6,90,2.730754
i128,zmij_x64_v4,admixture,5x6,90,2.986334
i128,fmt,admixture,5x6,100,13.413699
i128,naive,admixture,5x6,100,16.722794
i128,null,admixture,5x6,100,0.745483
i128,zmij_scalar,admixture,5x6,100,5.372116
i128,zmij_x64_native,admixture,5x6,100,2.905818
i128,zmij_x64_v1,admixture,5x6,100,4.266660
i128,zmij_x64_v2,admixture,5x6,100,2.852517
i128,zmij_x64_v3,admixture,5x6,100,2.757096
i128,zmij_x64_v4,admixture,5x6,100,2.981169
i128,fmt,admixture,straddle64,0,25.389720
i128,naive,admixture,straddle64,0,77.224984
i128,null,admixture,straddle64,0,0.831394
i128,zmij_scalar,admixture,straddle64,0,9.634048
i128,zmij_x64_native,admixture,straddle64,0,6.123732
i128,zmij_x64_v1,admixture,straddle64,0,6.222058
i128,zmij_x64_v2,admixture,straddle64,0,5.202208
i128,zmij_x64_v3,admixture,straddle64,0,5.411858
i128,zmij_x64_v4,admixture,straddle64,0,6.078319
i128,fmt,admixture,straddle64,10,25.797791
i128,naive,admixture,straddle64,10,75.106800
i128,null,admixture,straddle64,10,0.794869
i128,zmij_scalar,admixture,straddle64,10,9.490372
i128,zmij_x64_native,admixture,straddle64,10,5.988382
i128,zmij_x64_v1,admixture,straddle64,10,6.323116
i128,zmij_x64_v2,admixture,straddle64,10,5.333336
i128,zmij_x64_v3,admixture,straddle64,10,5.479585
i128,zmij_x64_v4,admixture,straddle64,10,6.078284
i128,fmt,admixture,straddle64,20,26.321521
i128,naive,admixture,straddle64,20,74.695401
i128,null,admixture,straddle64,20,0.919307
i128,zmij_scalar,admixture,straddle64,20,9.531281
i128,zmij_x64_native,admixture,straddle64,20,6.066435
i128,zmij_x64_v1,admixture,straddle64,20,6.391464
i128,zmij_x64_v2,admixture,straddle64,20,5.499020
i128,zmij_x64_v3,admixture,straddle64,20,5.552323
i128,zmij_x64_v4,admixture,straddle64,20,6.113811
i128,fmt,admixture,straddle64,30,26.856678
i128,naive,admixture,straddle64,30,74.902264
i128,null,admixture,straddle64,30,0.801620
i128,zmij_scalar,admixture,straddle64,30,9.415023
i128,zmij_x64_native,admixture,straddle64,30,6.026951
i128,zmij_x64_v1,admixture,straddle64,30,6.473979
i128,zmij_x64_v2,admixture,straddle64,30,5.573666
i128,zmij_x64_v3,admixture,straddle64,30,5.555467
i128,zmij_x64_v4,admixture,straddle64,30,6.111555
i128,fmt,admixture,straddle64,40,27.531303
i128,naive,admixture,straddle64,40,74.814905
i128,null,admixture,straddle64,40,0.879845
i128,zmij_scalar,admixture,straddle64,40,9.360798
i128,zmij_x64_native,admixture,straddle64,40,6.049920
i128,zmij_x64_v1,admixture,straddle64,40,6.503685
i128,zmij_x64_v2,admixture,straddle64,40,5.707425
i128,zmij_x64_v3,admixture,straddle64,40,5.621807
i128,zmij_x64_v4,admixture,straddle64,40,6.147937
i128,fmt,admixture,straddle64,50,27.797681
i128,naive,admixture,straddle64,50,74.335103
i128,null,admixture,straddle64,50,0.858079
i128,zmij_scalar,admixture,straddle64,50,9.364282
i128,zmij_x64_native,admixture,straddle64,50,6.041910
i128,zmij_x64_v1,admixture,straddle64,50,6.608328
i128,zmij_x64_v2,admixture,straddle64,50,5.814242
i128,zmij_x64_v3,admixture,straddle64,50,5.690326
i128,zmij_x64_v4,admixture,straddle64,50,6.156986
i128,fmt,admixture,straddle64,60,27.251391
i128,naive,admixture,straddle64,60,72.905822
i128,null,admixture,straddle64,60,0.884069
i128,zmij_scalar,admixture,straddle64,60,9.260612
i128,zmij_x64_native,admixture,straddle64,60,6.132117
i128,zmij_x64_v1,admixture,straddle64,60,6.680878
i128,zmij_x64_v2,admixture,straddle64,60,5.896439
i128,zmij_x64_v3,admixture,straddle64,60,5.810310
i128,zmij_x64_v4,admixture,straddle64,60,6.180051
i128,fmt,admixture,straddle64,70,26.566097
i128,naive,admixture,straddle64,70,73.108698
i128,null,admixture,straddle64,70,0.808797
i128,zmij_scalar,admixture,straddle64,70,9.407357
i128,zmij_x64_native,admixture,straddle64,70,6.208445
i128,zmij_x64_v1,admixture,straddle64,70,6.865398
i128,zmij_x64_v2,admixture,straddle64,70,6.135692
i128,zmij_x64_v3,admixture,straddle64,70,6.063390
i128,zmij_x64_v4,admixture,straddle64,70,6.431718
i128,fmt,admixture,straddle64,80,25.531441
i128,naive,admixture,straddle64,80,71.537834
i128,null,admixture,straddle64,80,0.804575
i128,zmij_scalar,admixture,straddle64,80,9.181377
i128,zmij_x64_native,admixture,straddle64,80,6.260849
i128,zmij_x64_v1,admixture,straddle64,80,6.818336
i128,zmij_x64_v2,admixture,straddle64,80,6.098225
i128,zmij_x64_v3,admixture,straddle64,80,6.087041
i128,zmij_x64_v4,admixture,straddle64,80,6.353702
i128,fmt,admixture,straddle64,90,24.973316
i128,naive,admixture,straddle64,90,71.847754
i128,null,admixture,straddle64,90,0.864908
i128,zmij_scalar,admixture,straddle64,90,9.329375
i128,zmij_x64_native,admixture,straddle64,90,6.539896
i128,zmij_x64_v1,admixture,straddle64,90,7.004147
i128,zmij_x64_v2,admixture,straddle64,90,6.398034
i128,zmij_x64_v3,admixture,straddle64,90,6.294613
i128,zmij_x64_v4,admixture,straddle64,90,6.566154
i128,fmt,admixture,straddle64,100,23.907130
i128,naive,admixture,straddle64,100,68.834854
i128,null,admixture,straddle64,100,0.839163
i128,zmij_scalar,admixture,straddle64,100,9.002950
i128,zmij_x64_native,admixture,straddle64,100,6.419125
i128,zmij_x64_v1,admixture,straddle64,100,7.051834
i128,zmij_x64_v2,admixture,straddle64,100,6.275107
i128,zmij_x64_v3,admixture,straddle64,100,6.114291
i128,zmij_x64_v4,admixture,straddle64,100,6.391496
i128,fmt,admixture,straddle1e32,0,29.721917
i128,naive,admixture,straddle1e32,0,114.001431
i128,null,admixture,straddle1e32,0,0.743075
i128,zmij_scalar,admixture,straddle1e32,0,11.740192
i128,zmij_x64_native,admixture,straddle1e32,0,6.719684
i128,zmij_x64_v1,admixture,straddle1e32,0,6.965308
i128,zmij_x64_v2,admixture,straddle1e32,0,6.020821
i128,zmij_x64_v3,admixture,straddle1e32,0,6.034085
i128,zmij_x64_v4,admixture,straddle1e32,0,6.739341
i128,fmt,admixture,straddle1e32,10,30.139098
i128,naive,admixture,straddle1e32,10,113.620703
i128,null,admixture,straddle1e32,10,0.963887
i128,zmij_scalar,admixture,straddle1e32,10,11.612127
i128,zmij_x64_native,admixture,straddle1e32,10,7.257250
i128,zmij_x64_v1,admixture,straddle1e32,10,7.334441
i128,zmij_x64_v2,admixture,straddle1e32,10,6.391356
i128,zmij_x64_v3,admixture,straddle1e32,10,6.421494
i128,zmij_x64_v4,admixture,straddle1e32,10,7.371935
i128,fmt,admixture,straddle1e32,20,30.861103
i128,naive,admixture,straddle1e32,20,114.381295
i128,null,admixture,straddle1e32,20,0.763221
i128,zmij_scalar,admixture,straddle1e32,20,11.682734
i128,zmij_x64_native,admixture,straddle1e32,20,8.076911
i128,zmij_x64_v1,admixture,straddle1e32,20,7.774645
i128,zmij_x64_v2,admixture,straddle1e32,20,6.851462
i128,zmij_x64_v3,admixture,straddle1e32,20,6.964596
i128,zmij_x64_v4,admixture,straddle1e32,20,8.102513
i128,fmt,admixture,straddle1e32,30,30.927133
i128,naive,admixture,straddle1e32,30,113.110853
i128,null,admixture,straddle1e32,30,0.774410
i128,zmij_scalar,admixture,straddle1e32,30,11.653097
i128,zmij_x64_native,admixture,straddle1e32,30,8.536019
i128,zmij_x64_v1,admixture,straddle1e32,30,8.146539
i128,zmij_x64_v2,admixture,straddle1e32,30,7.139591
i128,zmij_x64_v3,admixture,straddle1e32,30,7.211292
i128,zmij_x64_v4,admixture,straddle1e32,30,8.638960
i128,fmt,admixture,straddle1e32,40,31.063528
i128,naive,admixture,straddle1e32,40,113.614133
i128,null,admixture,straddle1e32,40,0.821319
i128,zmij_scalar,admixture,straddle1e32,40,11.628746
i128,zmij_x64_native,admixture,straddle1e32,40,9.003137
i128,zmij_x64_v1,admixture,straddle1e32,40,8.692617
i128,zmij_x64_v2,admixture,straddle1e32,40,7.561056
i128,zmij_x64_v3,admixture,straddle1e32,40,7.647911
i128,zmij_x64_v4,admixture,straddle1e32,40,9.175381
i128,fmt,admixture,straddle1e32,50,31.103866
i128,naive,admixture,straddle1e32,50,113.737997
i128,null,admixture,straddle1e32,50,0.830429
i128,zmij_scalar,admixture,straddle1e32,50,11.776544
i128,zmij_x64_native,admixture,straddle1e32,50,9.520608
i128,zmij_x64_v1,admixture,straddle1e32,50,9.133113
i128,zmij_x64_v2,admixture,straddle1e32,50,8.012028
i128,zmij_x64_v3,admixture,straddle1e32,50,8.190291
i128,zmij_x64_v4,admixture,straddle1e32,50,9.659804
i128,fmt,admixture,straddle1e32,60,30.540443
i128,naive,admixture,straddle1e32,60,111.045923
i128,null,admixture,straddle1e32,60,0.831073
i128,zmij_scalar,admixture,straddle1e32,60,11.343333
i128,zmij_x64_native,admixture,straddle1e32,60,8.773938
i128,zmij_x64_v1,admixture,straddle1e32,60,8.730724
i128,zmij_x64_v2,admixture,straddle1e32,60,7.486174
i128,zmij_x64_v3,admixture,straddle1e32,60,7.667901
i128,zmij_x64_v4,admixture,straddle1e32,60,9.007676
i128,fmt,admixture,straddle1e32,70,30.050175
i128,naive,admixture,straddle1e32,70,109.288695
i128,null,admixture,straddle1e32,70,0.823293
i128,zmij_scalar,admixture,straddle1e32,70,10.899161
i128,zmij_x64_native,admixture,straddle1e32,70,8.150322
i128,zmij_x64_v1,admixture,straddle1e32,70,8.138279
i128,zmij_x64_v2,admixture,straddle1e32,70,7.013083
i128,zmij_x64_v3,admixture,straddle1e32,70,7.055324
i128,zmij_x64_v4,admixture,straddle1e32,70,8.292974
i128,fmt,admixture,straddle1e32,80,29.758802
i128,naive,admixture,straddle1e32,80,109.308138
i128,null,admixture,straddle1e32,80,0.838338
i128,zmij_scalar,admixture,straddle1e32,80,10.512303
i128,zmij_x64_native,admixture,straddle1e32,80,7.472865
i128,zmij_x64_v1,admixture,straddle1e32,80,7.537956
i128,zmij_x64_v2,admixture,straddle1e32,80,6.477493
i128,zmij_x64_v3,admixture,straddle1e32,80,6.572379
i128,zmij_x64_v4,admixture,straddle1e32,80,7.536286
i128,fmt,admixture,straddle1e32,90,29.047028
i128,naive,admixture,straddle1e32,90,107.017865
i128,null,admixture,straddle1e32,90,0.884371
i128,zmij_scalar,admixture,straddle1e32,90,9.928240
i128,zmij_x64_native,admixture,straddle1e32,90,6.673882
i128,zmij_x64_v1,admixture,straddle1e32,90,6.812149
i128,zmij_x64_v2,admixture,straddle1e32,90,5.857035
i128,zmij_x64_v3,admixture,straddle1e32,90,5.998405
i128,zmij_x64_v4,admixture,straddle1e32,90,6.804202
i128,fmt,admixture,straddle1e32,100,28.753182
i128,naive,admixture,straddle1e32,100,106.578552
i128,null,admixture,straddle1e32,100,0.778430
i128,zmij_scalar,admixture,straddle1e32,100,9.672820
i128,zmij_x64_native,admixture,straddle1e32,100,6.138028
i128,zmij_x64_v1,admixture,straddle1e32,100,6.281048
i128,zmij_x64_v2,admixture,straddle1e32,100,5.238117
i128,zmij_x64_v3,admixture,straddle1e32,100,5.452568
i128,zmij_x64_v4,admixture,straddle1e32,100,6.168904
