Type,Function,Mode,Series,X,Time_ns
u32,amartin,bylength,,1,0.868122
u32,branchlut,bylength,,1,1.085262
u32,branchlut2,bylength,,1,0.651211
u32,countlut,bylength,,1,1.085639
u32,fmt,bylength,,1,0.868271
u32,jeaiii,bylength,,1,0.651121
u32,naive,bylength,,1,1.095136
u32,null,bylength,,1,0.651121
u32,tmueller,bylength,,1,0.868142
u32,unrolledlut,bylength,,1,0.868181
u32,yy,bylength,,1,0.651121
u32,zmij_neon,bylength,,1,0.868191
u32,zmij_scalar,bylength,,1,1.668294
u32,amartin,bylength,,2,0.868122
u32,branchlut,bylength,,2,1.087318
u32,branchlut2,bylength,,2,1.085142
u32,countlut,bylength,,2,1.085569
u32,fmt,bylength,,2,0.868112
u32,jeaiii,bylength,,2,0.868122
u32,naive,bylength,,2,1.533012
u32,null,bylength,,2,0.651081
u32,tmueller,bylength,,2,1.090666
u32,unrolledlut,bylength,,2,0.868161
u32,yy,bylength,,2,0.651151
u32,zmij_neon,bylength,,2,0.882715
u32,zmij_scalar,bylength,,2,1.657804
u32,amartin,bylength,,3,1.302848
u32,branchlut,bylength,,3,1.086424
u32,branchlut2,bylength,,3,1.085848
u32,countlut,bylength,,3,1.139392
u32,fmt,bylength,,3,1.085828
u32,jeaiii,bylength,,3,1.085808
u32,naive,bylength,,3,1.966069
u32,null,bylength,,3,0.651091
u32,tmueller,bylength,,3,1.087229
u32,unrolledlut,bylength,,3,1.088560
u32,yy,bylength,,3,1.085828
u32,zmij_neon,bylength,,3,0.873973
u32,zmij_scalar,bylength,,3,1.596471
u32,amartin,bylength,,4,1.302858
u32,branchlut,bylength,,4,1.085142
u32,branchlut2,bylength,,4,1.302183
u32,countlut,bylength,,4,1.238962
u32,fmt,bylength,,4,1.085858
u32,jeaiii,bylength,,4,1.302818
u32,naive,bylength,,4,2.460897
u32,null,bylength,,4,0.651082
u32,tmueller,bylength,,4,1.085877
u32,unrolledlut,bylength,,4,1.302858
u32,yy,bylength,,4,1.085818
u32,zmij_neon,bylength,,4,0.875215
u32,zmij_scalar,bylength,,4,1.645853
u32,amartin,bylength,,5,1.736899
u32,branchlut,bylength,,5,1.956691
u32,branchlut2,bylength,,5,1.302868
u32,countlut,bylength,,5,1.541048
u32,fmt,bylength,,5,1.523832
u32,jeaiii,bylength,,5,1.302660
u32,naive,bylength,,5,2.947450
u32,null,bylength,,5,0.651787
u32,tmueller,bylength,,5,1.085857
u32,unrolledlut,bylength,,5,1.522521
u32,yy,bylength,,5,1.303991
u32,zmij_neon,bylength,,5,0.869066
u32,zmij_scalar,bylength,,5,1.603832
u32,amartin,bylength,,6,1.737475
u32,branchlut,bylength,,6,1.819313
u32,branchlut2,bylength,,6,1.519849
u32,countlut,bylength,,6,1.755695
u32,fmt,bylength,,6,1.372665
u32,jeaiii,bylength,,6,1.302838
u32,naive,bylength,,6,3.429016
u32,null,bylength,,6,0.651091
u32,tmueller,bylength,,6,1.316647
u32,unrolledlut,bylength,,6,1.489590
u32,yy,bylength,,6,1.303405
u32,zmij_neon,bylength,,6,0.871330
u32,zmij_scalar,bylength,,6,1.606345
u32,amartin,bylength,,7,1.953910
u32,branchlut,bylength,,7,1.797289
u32,branchlut2,bylength,,7,1.736899
u32,countlut,bylength,,7,1.899818
u32,fmt,bylength,,7,1.965205
u32,jeaiii,bylength,,7,1.519859
u32,naive,bylength,,7,3.899276
u32,null,bylength,,7,0.651797
u32,tmueller,bylength,,7,1.319100
u32,unrolledlut,bylength,,7,1.308252
u32,yy,bylength,,7,1.542151
u32,zmij_neon,bylength,,7,0.871171
u32,zmij_scalar,bylength,,7,1.681785
u32,amartin,bylength,,8,1.953890
u32,branchlut,bylength,,8,1.789242
u32,branchlut2,bylength,,8,1.770119
u32,countlut,bylength,,8,2.410730
u32,fmt,bylength,,8,1.870126
u32,jeaiii,bylength,,8,1.736869
u32,naive,bylength,,8,4.317174
u32,null,bylength,,8,0.651777
u32,tmueller,bylength,,8,2.444685
u32,unrolledlut,bylength,,8,1.306454
u32,yy,bylength,,8,1.554340
u32,zmij_neon,bylength,,8,0.874202
u32,zmij_scalar,bylength,,8,1.660695
u32,amartin,bylength,,9,1.616249
u32,branchlut,bylength,,9,1.787166
u32,branchlut2,bylength,,9,1.704375
u32,countlut,bylength,,9,2.403468
u32,fmt,bylength,,9,2.338399
u32,jeaiii,bylength,,9,1.736889
u32,naive,bylength,,9,5.094836
u32,null,bylength,,9,0.651787
u32,tmueller,bylength,,9,2.451102
u32,unrolledlut,bylength,,9,1.527667
u32,yy,bylength,,9,1.774341
u32,zmij_neon,bylength,,9,0.881871
u32,zmij_scalar,bylength,,9,1.660764
u32,amartin,bylength,,10,1.615812
u32,branchlut,bylength,,10,1.982898
u32,branchlut2,bylength,,10,1.823197
u32,countlut,bylength,,10,2.615849
u32,fmt,bylength,,10,2.272477
u32,jeaiii,bylength,,10,1.737396
u32,naive,bylength,,10,5.374511
u32,null,bylength,,10,0.651082
u32,tmueller,bylength,,10,2.396494
u32,unrolledlut,bylength,,10,1.384298
u32,yy,bylength,,10,1.792530
u32,zmij_neon,bylength,,10,0.869324
u32,zmij_scalar,bylength,,10,1.612693
u32,amartin,loguniform,1-10,10,3.467003
u32,branchlut,loguniform,1-10,10,5.519667
u32,branchlut2,loguniform,1-10,10,6.325556
u32,countlut,loguniform,1-10,10,5.632857
u32,fmt,loguniform,1-10,10,6.500859
u32,jeaiii,loguniform,1-10,10,5.302070
u32,naive,loguniform,1-10,10,8.942519
u32,null,loguniform,1-10,10,0.651081
u32,tmueller,loguniform,1-10,10,4.611438
u32,unrolledlut,loguniform,1-10,10,4.794441
u32,yy,loguniform,1-10,10,3.340143
u32,zmij_neon,loguniform,1-10,10,0.869930
u32,zmij_scalar,loguniform,1-10,10,1.672630
u32,amartin,loguniform,1-4,4,2.809395
u32,branchlut,loguniform,1-4,4,2.843976
u32,branchlut2,loguniform,1-4,4,3.314922
u32,countlut,loguniform,1-4,4,3.733963
u32,fmt,loguniform,1-4,4,3.595849
u32,jeaiii,loguniform,1-4,4,3.523052
u32,naive,loguniform,1-4,4,4.898985
u32,null,loguniform,1-4,4,0.651091
u32,tmueller,loguniform,1-4,4,2.307594
u32,unrolledlut,loguniform,1-4,4,4.101276
u32,yy,loguniform,1-4,4,2.355516
u32,zmij_neon,loguniform,1-4,4,0.869671
u32,zmij_scalar,loguniform,1-4,4,1.611819
u32,amartin,uniform,0-255,0,2.552758
u32,branchlut,uniform,0-255,0,2.532661
u32,branchlut2,uniform,0-255,0,2.314071
u32,countlut,uniform,0-255,0,2.173960
u32,fmt,uniform,0-255,0,2.199709
u32,jeaiii,uniform,0-255,0,2.041429
u32,naive,uniform,0-255,0,3.560732
u32,null,uniform,0-255,0,0.651101
u32,tmueller,uniform,0-255,0,1.265973
u32,unrolledlut,uniform,0-255,0,2.755960
u32,yy,uniform,0-255,0,2.166986
u32,zmij_neon,uniform,0-255,0,0.869314
u32,zmij_scalar,uniform,0-255,0,1.614283
u32,amartin,unpredictable,,1,2.755751
u32,branchlut,unpredictable,,1,1.781384
u32,branchlut2,unpredictable,,1,0.853410
u32,countlut,unpredictable,,1,3.292352
u32,fmt,unpredictable,,1,3.207326
u32,jeaiii,unpredictable,,1,3.287862
u32,naive,unpredictable,,1,3.747940
u32,null,unpredictable,,1,0.650346
u32,tmueller,unpredictable,,1,1.527737
u32,unrolledlut,unpredictable,,1,2.218256
u32,yy,unpredictable,,1,3.313382
u32,zmij_neon,unpredictable,,1,0.889311
u32,zmij_scalar,unpredictable,,1,1.701941
u32,amartin,unpredictable,,2,2.673000
u32,branchlut,unpredictable,,2,2.010604
u32,branchlut2,unpredictable,,2,0.379811
u32,countlut,unpredictable,,2,2.991845
u32,fmt,unpredictable,,2,2.744834
u32,jeaiii,unpredictable,,2,3.089239
u32,naive,unpredictable,,2,4.070977
u32,null,unpredictable,,2,0.650346
u32,tmueller,unpredictable,,2,1.406223
u32,unrolledlut,unpredictable,,2,1.901557
u32,yy,unpredictable,,2,3.067235
u32,zmij_neon,unpredictable,,2,0.873655
u32,zmij_scalar,unpredictable,,2,1.678715
u32,amartin,unpredictable,,3,2.515664
u32,branchlut,unpredictable,,3,2.317051
u32,branchlut2,unpredictable,,3,0.651211
u32,countlut,unpredictable,,3,2.622197
u32,fmt,unpredictable,,3,2.709309
u32,jeaiii,unpredictable,,3,1.411647
u32,naive,unpredictable,,3,4.904926
u32,null,unpredictable,,3,0.650366
u32,tmueller,unpredictable,,3,1.460681
u32,unrolledlut,unpredictable,,3,2.064675
u32,yy,unpredictable,,3,2.975523
u32,zmij_neon,unpredictable,,3,0.879834
u32,zmij_scalar,unpredictable,,3,1.622051
u32,amartin,unpredictable,,4,2.690027
u32,branchlut,unpredictable,,4,2.946417
u32,branchlut2,unpredictable,,4,0.899882
u32,countlut,unpredictable,,4,2.911319
u32,fmt,unpredictable,,4,3.185094
u32,jeaiii,unpredictable,,4,1.279285
u32,naive,unpredictable,,4,5.142887
u32,null,unpredictable,,4,0.650346
u32,tmueller,unpredictable,,4,1.733174
u32,unrolledlut,unpredictable,,4,1.779447
u32,yy,unpredictable,,4,2.903620
u32,zmij_neon,unpredictable,,4,0.875622
u32,zmij_scalar,unpredictable,,4,1.704027
u32,amartin,unpredictable,,5,2.276490
u32,branchlut,unpredictable,,5,1.940231
u32,branchlut2,unpredictable,,5,0.876059
u32,countlut,unpredictable,,5,2.605428
u32,fmt,unpredictable,,5,2.885103
u32,jeaiii,unpredictable,,5,1.520505
u32,naive,unpredictable,,5,5.051057
u32,null,unpredictable,,5,0.650386
u32,tmueller,unpredictable,,5,1.769652
u32,unrolledlut,unpredictable,,5,2.197156
u32,yy,unpredictable,,5,2.659003
u32,zmij_neon,unpredictable,,5,0.870814
u32,zmij_scalar,unpredictable,,5,1.712590
u32,amartin,unpredictable,,6,2.516617
u32,branchlut,unpredictable,,6,2.198895
u32,branchlut2,unpredictable,,6,1.080086
u32,countlut,unpredictable,,6,2.757857
u32,fmt,unpredictable,,6,2.862076
u32,jeaiii,unpredictable,,6,1.620561
u32,naive,unpredictable,,6,5.079587
u32,null,unpredictable,,6,0.650366
u32,tmueller,unpredictable,,6,2.060682
u32,unrolledlut,unpredictable,,6,2.068649
u32,yy,unpredictable,,6,2.857983
u32,zmij_neon,unpredictable,,6,0.871330
u32,zmij_scalar,unpredictable,,6,1.603574
u32,amartin,unpredictable,,7,2.899935
u32,branchlut,unpredictable,,7,2.229631
u32,branchlut2,unpredictable,,7,1.526306
u32,countlut,unpredictable,,7,2.471854
u32,fmt,unpredictable,,7,2.442420
u32,jeaiii,unpredictable,,7,1.947731
u32,naive,unpredictable,,7,5.300284
u32,null,unpredictable,,7,0.650386
u32,tmueller,unpredictable,,7,2.018899
u32,unrolledlut,unpredictable,,7,3.062198
u32,yy,unpredictable,,7,2.271195
u32,zmij_neon,unpredictable,,7,0.874827
u32,zmij_scalar,unpredictable,,7,1.721233
u32,amartin,unpredictable,,8,2.782494
u32,branchlut,unpredictable,,8,2.747556
u32,branchlut2,unpredictable,,8,1.265138
u32,countlut,unpredictable,,8,2.635171
u32,fmt,unpredictable,,8,2.469837
u32,jeaiii,unpredictable,,8,1.790712
u32,naive,unpredictable,,8,5.451957
u32,null,unpredictable,,8,0.650486
u32,tmueller,unpredictable,,8,3.005952
u32,unrolledlut,unpredictable,,8,2.838244
u32,yy,unpredictable,,8,2.205749
u32,zmij_neon,unpredictable,,8,0.883748
u32,zmij_scalar,unpredictable,,8,1.778255
u32,amartin,unpredictable,,9,4.303684
u32,branchlut,unpredictable,,9,2.814392
u32,branchlut2,unpredictable,,9,3.121068
u32,countlut,unpredictable,,9,3.186156
u32,fmt,unpredictable,,9,3.182649
u32,jeaiii,unpredictable,,9,2.108266
u32,naive,unpredictable,,9,5.728960
u32,null,unpredictable,,9,0.650346
u32,tmueller,unpredictable,,9,2.951871
u32,unrolledlut,unpredictable,,9,3.600051
u32,yy,unpredictable,,9,2.588570
u32,zmij_neon,unpredictable,,9,0.880827
u32,zmij_scalar,unpredictable,,9,1.633078
u32,amartin,unpredictable,,10,4.449119
u32,branchlut,unpredictable,,10,2.860328
u32,branchlut2,unpredictable,,10,3.017078
u32,countlut,unpredictable,,10,3.227701
u32,fmt,unpredictable,,10,3.091991
u32,jeaiii,unpredictable,,10,2.105683
u32,naive,unpredictable,,10,6.228884
u32,null,unpredictable,,10,0.650386
u32,tmueller,unpredictable,,10,3.000885
u32,unrolledlut,unpredictable,,10,3.831834
u32,yy,unpredictable,,10,2.534449
u32,zmij_neon,unpredictable,,10,0.881205
u32,zmij_scalar,unpredictable,,10,1.736909
u32,amartin,admixture,5x6,0,1.740327
u32,branchlut,admixture,5x6,0,2.175709
u32,branchlut2,admixture,5x6,0,1.536836
u32,countlut,admixture,5x6,0,1.779119
u32,fmt,admixture,5x6,0,1.414061
u32,jeaiii,admixture,5x6,0,1.519849
u32,naive,admixture,5x6,0,3.591051
u32,null,admixture,5x6,0,0.652422
u32,tmueller,admixture,5x6,0,1.330316
u32,unrolledlut,admixture,5x6,0,1.739015
u32,yy,admixture,5x6,0,1.519839
u32,zmij_neon,admixture,5x6,0,0.883927
u32,zmij_scalar,admixture,5x6,0,1.682480
u32,amartin,admixture,5x6,10,1.739969
u32,branchlut,admixture,5x6,10,2.524406
u32,branchlut2,admixture,5x6,10,1.915802
u32,countlut,admixture,5x6,10,2.276123
u32,fmt,admixture,5x6,10,2.026796
u32,jeaiii,admixture,5x6,10,1.875083
u32,naive,admixture,5x6,10,4.170130
u32,null,admixture,5x6,10,0.651091
u32,tmueller,admixture,5x6,10,1.704206
u32,unrolledlut,admixture,5x6,10,2.067646
u32,yy,admixture,5x6,10,1.519839
u32,zmij_neon,admixture,5x6,10,0.885953
u32,zmij_scalar,admixture,5x6,10,1.708686
u32,amartin,admixture,5x6,20,1.746525
u32,branchlut,admixture,5x6,20,2.882858
u32,branchlut2,admixture,5x6,20,2.254575
u32,countlut,admixture,5x6,20,2.621512
u32,fmt,admixture,5x6,20,2.520124
u32,jeaiii,admixture,5x6,20,2.175013
u32,naive,admixture,5x6,20,4.910300
u32,null,admixture,5x6,20,0.651091
u32,tmueller,admixture,5x6,20,2.082596
u32,unrolledlut,admixture,5x6,20,2.417227
u32,yy,admixture,5x6,20,1.519859
u32,zmij_neon,admixture,5x6,20,0.883678
u32,zmij_scalar,admixture,5x6,20,1.633605
u32,amartin,admixture,5x6,30,1.748105
u32,branchlut,admixture,5x6,30,3.241738
u32,branchlut2,admixture,5x6,30,2.607713
u32,countlut,admixture,5x6,30,3.033002
u32,fmt,admixture,5x6,30,3.012210
u32,jeaiii,admixture,5x6,30,2.448559
u32,naive,admixture,5x6,30,5.598098
u32,null,admixture,5x6,30,0.651082
u32,tmueller,admixture,5x6,30,2.398988
u32,unrolledlut,admixture,5x6,30,2.779682
u32,yy,admixture,5x6,30,1.521270
u32,zmij_neon,admixture,5x6,30,0.887781
u32,zmij_scalar,admixture,5x6,30,1.680960
u32,amartin,admixture,5x6,40,1.736879
u32,branchlut,admixture,5x6,40,3.625333
u32,branchlut2,admixture,5x6,40,2.944867
u32,countlut,admixture,5x6,40,3.367355
u32,fmt,admixture,5x6,40,3.405094
u32,jeaiii,admixture,5x6,40,2.831101
u32,naive,admixture,5x6,40,6.393890
u32,null,admixture,5x6,40,0.651787
u32,tmueller,admixture,5x6,40,2.712270
u32,unrolledlut,admixture,5x6,40,3.186832
u32,yy,admixture,5x6,40,1.522342
u32,zmij_neon,admixture,5x6,40,0.878423
u32,zmij_scalar,admixture,5x6,40,1.640638
u32,amartin,admixture,5x6,50,1.739850
u32,branchlut,admixture,5x6,50,3.951858
u32,branchlut2,admixture,5x6,50,3.221860
u32,countlut,admixture,5x6,50,3.582140
u32,fmt,admixture,5x6,50,3.737599
u32,jeaiii,admixture,5x6,50,3.152053
u32,naive,admixture,5x6,50,6.925970
u32,null,admixture,5x6,50,0.651121
u32,tmueller,admixture,5x6,50,3.029237
u32,unrolledlut,admixture,5x6,50,3.422449
u32,yy,admixture,5x6,50,1.519829
u32,zmij_neon,admixture,5x6,50,0.881612
u32,zmij_scalar,admixture,5x6,50,1.638323
u32,amartin,admixture,5x6,60,1.739770
u32,branchlut,admixture,5x6,60,3.662527
u32,branchlut2,admixture,5x6,60,2.946605
u32,countlut,admixture,5x6,60,3.359596
u32,fmt,admixture,5x6,60,3.594935
u32,jeaiii,admixture,5x6,60,3.035555
u32,naive,admixture,5x6,60,6.285955
u32,null,admixture,5x6,60,0.651787
u32,tmueller,admixture,5x6,60,2.754589
u32,unrolledlut,admixture,5x6,60,3.245662
u32,yy,admixture,5x6,60,1.519849
u32,zmij_neon,admixture,5x6,60,0.889321
u32,zmij_scalar,admixture,5x6,60,1.691371
u32,amartin,admixture,5x6,70,1.740932
u32,branchlut,admixture,5x6,70,3.207286
u32,branchlut2,admixture,5x6,70,2.455781
u32,countlut,admixture,5x6,70,2.939174
u32,fmt,admixture,5x6,70,3.054778
u32,jeaiii,admixture,5x6,70,2.578626
u32,naive,admixture,5x6,70,5.451103
u32,null,admixture,5x6,70,0.651082
u32,tmueller,admixture,5x6,70,2.305528
u32,unrolledlut,admixture,5x6,70,2.894531
u32,yy,admixture,5x6,70,1.519859
u32,zmij_neon,admixture,5x6,70,0.893662
u32,zmij_scalar,admixture,5x6,70,1.659562
u32,amartin,admixture,5x6,80,1.743585
u32,branchlut,admixture,5x6,80,2.844830
u32,branchlut2,admixture,5x6,80,2.165824
u32,countlut,admixture,5x6,80,2.478778
u32,fmt,admixture,5x6,80,2.621362
u32,jeaiii,admixture,5x6,80,2.231051
u32,naive,admixture,5x6,80,4.637400
u32,null,admixture,5x6,80,0.651787
u32,tmueller,admixture,5x6,80,1.953890
u32,unrolledlut,admixture,5x6,80,2.593786
u32,yy,admixture,5x6,80,1.519163
u32,zmij_neon,admixture,5x6,80,0.881980
u32,zmij_scalar,admixture,5x6,80,1.645287
u32,amartin,admixture,5x6,90,1.741429
u32,branchlut,admixture,5x6,90,2.508283
u32,branchlut2,admixture,5x6,90,1.787166
u32,countlut,admixture,5x6,90,2.152503
u32,fmt,admixture,5x6,90,2.177397
u32,jeaiii,admixture,5x6,90,1.764188
u32,naive,admixture,5x6,90,3.810138
u32,null,admixture,5x6,90,0.651121
u32,tmueller,admixture,5x6,90,1.553734
u32,unrolledlut,admixture,5x6,90,2.280354
u32,yy,admixture,5x6,90,1.519849
u32,zmij_neon,admixture,5x6,90,0.895937
u32,zmij_scalar,admixture,5x6,90,1.708070
u32,amartin,admixture,5x6,100,1.747042
u32,branchlut,admixture,5x6,100,2.181004
u32,branchlut2,admixture,5x6,100,1.326491
u32,countlut,admixture,5x6,100,1.566957
u32,fmt,admixture,5x6,100,1.545886
u32,jeaiii,admixture,5x6,100,1.314700
u32,naive,admixture,5x6,100,3.030767
u32,null,admixture,5x6,100,0.651121
u32,tmueller,admixture,5x6,100,1.109749
u32,unrolledlut,admixture,5x6,100,1.953234
u32,yy,admixture,5x6,100,1.519193
u32,zmij_neon,admixture,5x6,100,0.884911
u32,zmij_scalar,admixture,5x6,100,1.715799
i32,amartin,bylength,,1,0.868817
i32,branchlut,bylength,,1,3.360202
i32,branchlut2,bylength,,1,2.403398
i32,countlut,bylength,,1,2.849957
i32,fmt,bylength,,1,1.085818
i32,jeaiii,bylength,,1,2.250503
i32,naive,bylength,,1,2.671778
i32,null,bylength,,1,0.651091
i32,tmueller,bylength,,1,0.871192
i32,unrolledlut,bylength,,1,3.174553
i32,yy,bylength,,1,1.085818
i32,zmij_neon,bylength,,1,0.924150
i32,zmij_scalar,bylength,,1,1.830667
i32,amartin,bylength,,2,0.868817
i32,branchlut,bylength,,2,3.374547
i32,branchlut2,bylength,,2,3.160298
i32,countlut,bylength,,2,2.708465
i32,fmt,bylength,,2,1.085142
i32,jeaiii,bylength,,2,2.681087
i32,naive,bylength,,2,3.599535
i32,null,bylength,,2,0.651082
i32,tmueller,bylength,,2,1.324773
i32,unrolledlut,bylength,,2,3.057351
i32,yy,bylength,,2,1.085619
i32,zmij_neon,bylength,,2,0.930101
i32,zmij_scalar,bylength,,2,1.848241
i32,amartin,bylength,,3,1.524498
i32,branchlut,bylength,,3,3.253987
i32,branchlut2,bylength,,3,3.310065
i32,countlut,bylength,,3,2.871007
i32,fmt,bylength,,3,1.309017
i32,jeaiii,bylength,,3,2.717942
i32,naive,bylength,,3,3.986299
i32,null,bylength,,3,0.651797
i32,tmueller,bylength,,3,1.376361
i32,unrolledlut,bylength,,3,3.499557
i32,yy,bylength,,3,1.091212
i32,zmij_neon,bylength,,3,0.925710
i32,zmij_scalar,bylength,,3,1.794527
i32,amartin,bylength,,4,1.523425
i32,branchlut,bylength,,4,3.264010
i32,branchlut2,bylength,,4,3.439456
i32,countlut,bylength,,4,2.900918
i32,fmt,bylength,,4,1.151820
i32,jeaiii,bylength,,4,3.164132
i32,naive,bylength,,4,4.571795
i32,null,bylength,,4,0.651101
i32,tmueller,bylength,,4,1.330683
i32,unrolledlut,bylength,,4,3.548394
i32,yy,bylength,,4,1.088649
i32,zmij_neon,bylength,,4,0.929405
i32,zmij_scalar,bylength,,4,1.798759
i32,amartin,bylength,,5,1.765450
i32,branchlut,bylength,,5,4.202554
i32,branchlut2,bylength,,5,3.471146
i32,countlut,bylength,,5,3.183573
i32,fmt,bylength,,5,1.554847
i32,jeaiii,bylength,,5,3.277212
i32,naive,bylength,,5,5.226076
i32,null,bylength,,5,0.651787
i32,tmueller,bylength,,5,1.337280
i32,unrolledlut,bylength,,5,4.059881
i32,yy,bylength,,5,1.522789
i32,zmij_neon,bylength,,5,0.950485
i32,zmij_scalar,bylength,,5,1.787364
i32,amartin,bylength,,6,1.774818
i32,branchlut,bylength,,6,4.148930
i32,branchlut2,bylength,,6,3.604452
i32,countlut,bylength,,6,3.578385
i32,fmt,bylength,,6,1.558036
i32,jeaiii,bylength,,6,3.483047
i32,naive,bylength,,6,5.661527
i32,null,bylength,,6,0.651091
i32,tmueller,bylength,,6,1.465370
i32,unrolledlut,bylength,,6,3.900548
i32,yy,bylength,,6,1.527260
i32,zmij_neon,bylength,,6,0.932475
i32,zmij_scalar,bylength,,6,1.815110
i32,amartin,bylength,,7,2.210200
i32,branchlut,bylength,,7,3.915062
i32,branchlut2,bylength,,7,3.825754
i32,countlut,bylength,,7,3.884614
i32,fmt,bylength,,7,1.794229
i32,jeaiii,bylength,,7,3.516296
i32,naive,bylength,,7,6.246825
i32,null,bylength,,7,0.651091
i32,tmueller,bylength,,7,1.476665
i32,unrolledlut,bylength,,7,3.446301
i32,yy,bylength,,7,1.755844
i32,zmij_neon,bylength,,7,0.943770
i32,zmij_scalar,bylength,,7,1.773020
i32,amartin,bylength,,8,2.221117
i32,branchlut,bylength,,8,3.970335
i32,branchlut2,bylength,,8,3.987730
i32,countlut,bylength,,8,3.920913
i32,fmt,bylength,,8,1.994232
i32,jeaiii,bylength,,8,3.737599
i32,naive,bylength,,8,6.839007
i32,null,bylength,,8,0.651101
i32,tmueller,bylength,,8,2.651950
i32,unrolledlut,bylength,,8,3.294637
i32,yy,bylength,,8,1.748492
i32,zmij_neon,bylength,,8,0.933061
i32,zmij_scalar,bylength,,8,1.781772
i32,amartin,bylength,,9,1.827796
i32,branchlut,bylength,,9,3.942509
i32,branchlut2,bylength,,9,3.788769
i32,countlut,bylength,,9,4.256407
i32,fmt,bylength,,9,2.059003
i32,jeaiii,bylength,,9,3.764302
i32,naive,bylength,,9,7.604192
i32,null,bylength,,9,0.651777
i32,tmueller,bylength,,9,2.643794
i32,unrolledlut,bylength,,9,3.424783
i32,yy,bylength,,9,1.860082
i32,zmij_neon,bylength,,9,0.937035
i32,zmij_scalar,bylength,,9,1.782785
i32,amartin,bylength,,10,1.829654
i32,branchlut,bylength,,10,4.152844
i32,branchlut2,bylength,,10,3.932526
i32,countlut,bylength,,10,4.116486
i32,fmt,bylength,,10,2.443830
i32,jeaiii,bylength,,10,4.027317
i32,naive,bylength,,10,8.126865
i32,null,bylength,,10,0.651091
i32,tmueller,bylength,,10,2.653400
i32,unrolledlut,bylength,,10,3.117929
i32,yy,bylength,,10,1.868238
i32,zmij_neon,bylength,,10,0.936240
i32,zmij_scalar,bylength,,10,1.821697
i32,amartin,loguniform,1-10,10,3.636385
i32,branchlut,loguniform,1-10,10,7.306688
i32,branchlut2,loguniform,1-10,10,7.590850
i32,countlut,loguniform,1-10,10,7.645810
i32,fmt,loguniform,1-10,10,6.208819
i32,jeaiii,loguniform,1-10,10,7.274598
i32,naive,loguniform,1-10,10,9.857892
i32,null,loguniform,1-10,10,0.651091
i32,tmueller,loguniform,1-10,10,4.158153
i32,unrolledlut,loguniform,1-10,10,7.197284
i32,yy,loguniform,1-10,10,3.570774
i32,zmij_neon,loguniform,1-10,10,0.933872
i32,zmij_scalar,loguniform,1-10,10,1.801298
i32,amartin,loguniform,1-4,4,3.026366
i32,branchlut,loguniform,1-4,4,4.738033
i32,branchlut2,loguniform,1-4,4,5.758822
i32,countlut,loguniform,1-4,4,5.417675
i32,fmt,loguniform,1-4,4,4.605005
i32,jeaiii,loguniform,1-4,4,5.117853
i32,naive,loguniform,1-4,4,5.828917
i32,null,loguniform,1-4,4,0.651091
i32,tmueller,loguniform,1-4,4,2.705932
i32,unrolledlut,loguniform,1-4,4,5.386700
i32,yy,loguniform,1-4,4,2.441267
i32,zmij_neon,loguniform,1-4,4,0.931472
i32,zmij_scalar,loguniform,1-4,4,1.799514
i32,amartin,uniform,0-255,0,2.900084
i32,branchlut,uniform,0-255,0,2.769927
i32,branchlut2,uniform,0-255,0,2.645403
i32,countlut,uniform,0-255,0,2.505968
i32,fmt,uniform,0-255,0,2.555956
i32,jeaiii,uniform,0-255,0,2.122800
i32,naive,uniform,0-255,0,3.624539
i32,null,uniform,0-255,0,0.651121
i32,tmueller,uniform,0-255,0,1.547039
i32,unrolledlut,uniform,0-255,0,2.859990
i32,yy,uniform,0-255,0,2.314130
i32,zmij_neon,uniform,0-255,0,0.945777
i32,zmij_scalar,uniform,0-255,0,1.793087
i32,amartin,unpredictable,,1,2.897501
i32,branchlut,unpredictable,,1,4.049291
i32,branchlut2,unpredictable,,1,2.819906
i32,countlut,unpredictable,,1,4.897247
i32,fmt,unpredictable,,1,2.896408
i32,jeaiii,unpredictable,,1,4.969746
i32,naive,unpredictable,,1,6.357253
i32,null,unpredictable,,1,0.651002
i32,tmueller,unpredictable,,1,2.020757
i32,unrolledlut,unpredictable,,1,3.464381
i32,yy,unpredictable,,1,3.686845
i32,zmij_neon,unpredictable,,1,0.927071
i32,zmij_scalar,unpredictable,,1,1.788428
i32,amartin,unpredictable,,2,2.726138
i32,branchlut,unpredictable,,2,4.236251
i32,branchlut2,unpredictable,,2,3.231277
i32,countlut,unpredictable,,2,4.851709
i32,fmt,unpredictable,,2,2.888838
i32,jeaiii,unpredictable,,2,4.692286
i32,naive,unpredictable,,2,6.409844
i32,null,unpredictable,,2,0.652432
i32,tmueller,unpredictable,,2,2.618253
i32,unrolledlut,unpredictable,,2,3.233790
i32,yy,unpredictable,,2,3.629247
i32,zmij_neon,unpredictable,,2,0.919600
i32,zmij_scalar,unpredictable,,2,1.808097
i32,amartin,unpredictable,,3,2.883931
i32,branchlut,unpredictable,,3,4.509598
i32,branchlut2,unpredictable,,3,3.384342
i32,countlut,unpredictable,,3,4.813621
i32,fmt,unpredictable,,3,2.153813
i32,jeaiii,unpredictable,,3,3.310830
i32,naive,unpredictable,,3,6.645481
i32,null,unpredictable,,3,0.651002
i32,tmueller,unpredictable,,3,2.278447
i32,unrolledlut,unpredictable,,3,3.471295
i32,yy,unpredictable,,3,3.611843
i32,zmij_neon,unpredictable,,3,0.908713
i32,zmij_scalar,unpredictable,,3,1.798799
i32,amartin,unpredictable,,4,3.144205
i32,branchlut,unpredictable,,4,4.605423
i32,branchlut2,unpredictable,,4,3.523995
i32,countlut,unpredictable,,4,4.772673
i32,fmt,unpredictable,,4,2.125581
i32,jeaiii,unpredictable,,4,3.145069
i32,naive,unpredictable,,4,6.999751
i32,null,unpredictable,,4,0.651021
i32,tmueller,unpredictable,,4,2.641380
i32,unrolledlut,unpredictable,,4,3.441075
i32,yy,unpredictable,,4,3.049810
i32,zmij_neon,unpredictable,,4,0.959237
i32,zmij_scalar,unpredictable,,4,1.757810
i32,amartin,unpredictable,,5,2.848625
i32,branchlut,unpredictable,,5,4.087438
i32,branchlut2,unpredictable,,5,3.701121
i32,countlut,unpredictable,,5,4.582077
i32,fmt,unpredictable,,5,1.684328
i32,jeaiii,unpredictable,,5,3.228496
i32,naive,unpredictable,,5,7.326325
i32,null,unpredictable,,5,0.651021
i32,tmueller,unpredictable,,5,2.415657
i32,unrolledlut,unpredictable,,5,3.979445
i32,yy,unpredictable,,5,2.688388
i32,zmij_neon,unpredictable,,5,0.956456
i32,zmij_scalar,unpredictable,,5,1.731207
i32,amartin,unpredictable,,6,2.878666
i32,branchlut,unpredictable,,6,4.254868
i32,branchlut2,unpredictable,,6,3.819237
i32,countlut,unpredictable,,6,4.552911
i32,fmt,unpredictable,,6,1.952250
i32,jeaiii,unpredictable,,6,3.096591
i32,naive,unpredictable,,6,7.342339
i32,null,unpredictable,,6,0.650982
i32,tmueller,unpredictable,,6,2.611955
i32,unrolledlut,unpredictable,,6,3.679832
i32,yy,unpredictable,,6,2.665719
i32,zmij_neon,unpredictable,,6,0.935197
i32,zmij_scalar,unpredictable,,6,1.811613
i32,amartin,unpredictable,,7,3.186107
i32,branchlut,unpredictable,,7,4.125168
i32,branchlut2,unpredictable,,7,4.334241
i32,countlut,unpredictable,,7,4.120717
i32,fmt,unpredictable,,7,1.920998
i32,jeaiii,unpredictable,,7,3.148605
i32,naive,unpredictable,,7,7.639070
i32,null,unpredictable,,7,0.652412
i32,tmueller,unpredictable,,7,2.848208
i32,unrolledlut,unpredictable,,7,4.584054
i32,yy,unpredictable,,7,2.647201
i32,zmij_neon,unpredictable,,7,0.938674
i32,zmij_scalar,unpredictable,,7,1.754651
i32,amartin,unpredictable,,8,3.170848
i32,branchlut,unpredictable,,8,4.480471
i32,branchlut2,unpredictable,,8,4.449616
i32,countlut,unpredictable,,8,4.355937
i32,fmt,unpredictable,,8,1.848558
i32,jeaiii,unpredictable,,8,3.213714
i32,naive,unpredictable,,8,7.838328
i32,null,unpredictable,,8,0.651002
i32,tmueller,unpredictable,,8,3.677567
i32,unrolledlut,unpredictable,,8,4.554371
i32,yy,unpredictable,,8,2.743502
i32,zmij_neon,unpredictable,,8,0.926932
i32,zmij_scalar,unpredictable,,8,1.752148
i32,amartin,unpredictable,,9,4.833162
i32,branchlut,unpredictable,,9,4.829516
i32,branchlut2,unpredictable,,9,6.581038
i32,countlut,unpredictable,,9,4.709294
i32,fmt,unpredictable,,9,2.413292
i32,jeaiii,unpredictable,,9,3.423959
i32,naive,unpredictable,,9,8.299629
i32,null,unpredictable,,9,0.651021
i32,tmueller,unpredictable,,9,3.901799
i32,unrolledlut,unpredictable,,9,5.330781
i32,yy,unpredictable,,9,3.101011
i32,zmij_neon,unpredictable,,9,0.934959
i32,zmij_scalar,unpredictable,,9,1.794746
i32,amartin,unpredictable,,10,4.766325
i32,branchlut,unpredictable,,10,4.937877
i32,branchlut2,unpredictable,,10,6.103327
i32,countlut,unpredictable,,10,4.663219
i32,fmt,unpredictable,,10,2.497812
i32,jeaiii,unpredictable,,10,3.683120
i32,naive,unpredictable,,10,8.877178
i32,null,unpredictable,,10,0.652432
i32,tmueller,unpredictable,,10,3.877441
i32,unrolledlut,unpredictable,,10,5.583346
i32,yy,unpredictable,,10,3.000716
i32,zmij_neon,unpredictable,,10,0.925302
i32,zmij_scalar,unpredictable,,10,1.744638
i32,amartin,admixture,5x6,0,1.790792
i32,branchlut,admixture,5x6,0,4.152338
i32,branchlut2,admixture,5x6,0,3.557970
i32,countlut,admixture,5x6,0,3.554454
i32,fmt,admixture,5x6,0,1.571963
i32,jeaiii,admixture,5x6,0,3.509074
i32,naive,admixture,5x6,0,5.702168
i32,null,admixture,5x6,0,0.651081
i32,tmueller,admixture,5x6,0,1.488070
i32,unrolledlut,admixture,5x6,0,3.917356
i32,yy,admixture,5x6,0,1.546264
i32,zmij_neon,admixture,5x6,0,0.945131
i32,zmij_scalar,admixture,5x6,0,1.805554
i32,amartin,admixture,5x6,10,1.793464
i32,branchlut,admixture,5x6,10,4.385551
i32,branchlut2,admixture,5x6,10,3.679415
i32,countlut,admixture,5x6,10,3.620197
i32,fmt,admixture,5x6,10,2.157251
i32,jeaiii,admixture,5x6,10,3.410737
i32,naive,admixture,5x6,10,6.165167
i32,null,admixture,5x6,10,0.651091
i32,tmueller,admixture,5x6,10,1.912147
i32,unrolledlut,admixture,5x6,10,3.883203
i32,yy,admixture,5x6,10,1.543184
i32,zmij_neon,admixture,5x6,10,0.943919
i32,zmij_scalar,admixture,5x6,10,1.793852
i32,amartin,admixture,5x6,20,1.793285
i32,branchlut,admixture,5x6,20,4.709532
i32,branchlut2,admixture,5x6,20,3.881027
i32,countlut,admixture,5x6,20,4.129996
i32,fmt,admixture,5x6,20,2.614667
i32,jeaiii,admixture,5x6,20,3.616313
i32,naive,admixture,5x6,20,6.722500
i32,null,admixture,5x6,20,0.651091
i32,tmueller,admixture,5x6,20,2.448092
i32,unrolledlut,admixture,5x6,20,4.158636
i32,yy,admixture,5x6,20,1.545002
i32,zmij_neon,admixture,5x6,20,0.945012
i32,zmij_scalar,admixture,5x6,20,1.804123
i32,amartin,admixture,5x6,30,1.794487
i32,branchlut,admixture,5x6,30,4.941682
i32,branchlut2,admixture,5x6,30,4.172524
i32,countlut,admixture,5x6,30,4.666597
i32,fmt,admixture,5x6,30,3.177683
i32,jeaiii,admixture,5x6,30,4.046659
i32,naive,admixture,5x6,30,7.179936
i32,null,admixture,5x6,30,0.651797
i32,tmueller,admixture,5x6,30,2.857556
i32,unrolledlut,admixture,5x6,30,4.487813
i32,yy,admixture,5x6,30,1.545509
i32,zmij_neon,admixture,5x6,30,0.934680
i32,zmij_scalar,admixture,5x6,30,1.794100
i32,amartin,admixture,5x6,40,1.787126
i32,branchlut,admixture,5x6,40,5.229145
i32,branchlut2,admixture,5x6,40,4.323125
i32,countlut,admixture,5x6,40,5.345941
i32,fmt,admixture,5x6,40,3.608545
i32,jeaiii,admixture,5x6,40,4.439861
i32,naive,admixture,5x6,40,7.817040
i32,null,admixture,5x6,40,0.651091
i32,tmueller,admixture,5x6,40,3.262619
i32,unrolledlut,admixture,5x6,40,4.778167
i32,yy,admixture,5x6,40,1.546572
i32,zmij_neon,admixture,5x6,40,0.935674
i32,zmij_scalar,admixture,5x6,40,1.791487
i32,amartin,admixture,5x6,50,1.794587
i32,branchlut,admixture,5x6,50,5.510628
i32,branchlut2,admixture,5x6,50,4.823327
i32,countlut,admixture,5x6,50,5.489161
i32,fmt,admixture,5x6,50,3.879507
i32,jeaiii,admixture,5x6,50,4.476150
i32,naive,admixture,5x6,50,8.240193
i32,null,admixture,5x6,50,0.651091
i32,tmueller,admixture,5x6,50,3.658921
i32,unrolledlut,admixture,5x6,50,5.073180
i32,yy,admixture,5x6,50,1.536320
i32,zmij_neon,admixture,5x6,50,0.956287
i32,zmij_scalar,admixture,5x6,50,1.830508
i32,amartin,admixture,5x6,60,1.787295
i32,branchlut,admixture,5x6,60,5.145997
i32,branchlut2,admixture,5x6,60,4.592906
i32,countlut,admixture,5x6,60,5.109439
i32,fmt,admixture,5x6,60,3.661871
i32,jeaiii,admixture,5x6,60,4.511317
i32,naive,admixture,5x6,60,7.758240
i32,null,admixture,5x6,60,0.651807
i32,tmueller,admixture,5x6,60,3.358811
i32,unrolledlut,admixture,5x6,60,4.954060
i32,yy,admixture,5x6,60,1.574983
i32,zmij_neon,admixture,5x6,60,0.939737
i32,zmij_scalar,admixture,5x6,60,1.797110
i32,amartin,admixture,5x6,70,1.799246
i32,branchlut,admixture,5x6,70,4.946589
i32,branchlut2,admixture,5x6,70,4.148890
i32,countlut,admixture,5x6,70,4.654805
i32,fmt,admixture,5x6,70,3.052870
i32,jeaiii,admixture,5x6,70,3.971338
i32,naive,admixture,5x6,70,6.982923
i32,null,admixture,5x6,70,0.651111
i32,tmueller,admixture,5x6,70,2.796749
i32,unrolledlut,admixture,5x6,70,4.732251
i32,yy,admixture,5x6,70,1.551479
i32,zmij_neon,admixture,5x6,70,0.958353
i32,zmij_scalar,admixture,5x6,70,1.795818
i32,amartin,admixture,5x6,80,1.793593
i32,branchlut,admixture,5x6,80,4.668186
i32,branchlut2,admixture,5x6,80,3.687133
i32,countlut,admixture,5x6,80,4.152765
i32,fmt,admixture,5x6,80,2.622028
i32,jeaiii,admixture,5x6,80,3.553957
i32,naive,admixture,5x6,80,6.345997
i32,null,admixture,5x6,80,0.651091
i32,tmueller,admixture,5x6,80,2.350787
i32,unrolledlut,admixture,5x6,80,4.492382
i32,yy,admixture,5x6,80,1.564880
i32,zmij_neon,admixture,5x6,80,0.937352
i32,zmij_scalar,admixture,5x6,80,1.804848
i32,amartin,admixture,5x6,90,1.800944
i32,branchlut,admixture,5x6,90,4.368136
i32,branchlut2,admixture,5x6,90,3.348897
i32,countlut,admixture,5x6,90,3.611793
i32,fmt,admixture,5x6,90,2.166092
i32,jeaiii,admixture,5x6,90,3.334204
i32,naive,admixture,5x6,90,5.776833
i32,null,admixture,5x6,90,0.651141
i32,tmueller,admixture,5x6,90,1.861334
i32,unrolledlut,admixture,5x6,90,4.195750
i32,yy,admixture,5x6,90,1.541714
i32,zmij_neon,admixture,5x6,90,0.948032
i32,zmij_scalar,admixture,5x6,90,1.852185
i32,amartin,admixture,5x6,100,1.804998
i32,branchlut,admixture,5x6,100,4.211297
i32,branchlut2,admixture,5x6,100,3.552149
i32,countlut,admixture,5x6,100,3.212819
i32,fmt,admixture,5x6,100,1.577765
i32,jeaiii,admixture,5x6,100,3.282319
i32,naive,admixture,5x6,100,5.310198
i32,null,admixture,5x6,100,0.651161
i32,tmueller,admixture,5x6,100,1.356393
i32,unrolledlut,admixture,5x6,100,4.057437
i32,yy,admixture,5x6,100,1.544456
i32,zmij_neon,admixture,5x6,100,0.941177
i32,zmij_scalar,admixture,5x6,100,1.830498
u64,amartin,bylength,,1,0.885447
u64,branchlut,bylength,,1,1.308024
u64,branchlut2,bylength,,1,0.651201
u64,countlut,bylength,,1,1.306037
u64,fmt,bylength,,1,0.877798
u64,jeaiii,bylength,,1,0.662317
u64,naive,bylength,,1,1.129409
u64,null,bylength,,1,0.651101
u64,tmueller,bylength,,1,0.651091
u64,unrolledlut,bylength,,1,1.542469
u64,yy,bylength,,1,1.085808
u64,zmij_neon,bylength,,1,1.479795
u64,zmij_scalar,bylength,,1,3.000548
u64,amartin,bylength,,2,0.900428
u64,branchlut,bylength,,2,1.102954
u64,branchlut2,bylength,,2,0.889778
u64,countlut,bylength,,2,1.114974
u64,fmt,bylength,,2,1.092663
u64,jeaiii,bylength,,2,0.868817
u64,naive,bylength,,2,1.591275
u64,null,bylength,,2,0.651091
u64,tmueller,bylength,,2,0.875334
u64,unrolledlut,bylength,,2,1.318852
u64,yy,bylength,,2,1.085798
u64,zmij_neon,bylength,,2,1.481891
u64,zmij_scalar,bylength,,2,2.994945
u64,amartin,bylength,,3,1.553734
u64,branchlut,bylength,,3,1.123408
u64,branchlut2,bylength,,3,1.099914
u64,countlut,bylength,,3,1.383642
u64,fmt,bylength,,3,1.328220
u64,jeaiii,bylength,,3,1.096775
u64,naive,bylength,,3,2.054662
u64,null,bylength,,3,0.652065
u64,tmueller,bylength,,3,1.139164
u64,unrolledlut,bylength,,3,1.762340
u64,yy,bylength,,3,1.098812
u64,zmij_neon,bylength,,3,1.480550
u64,zmij_scalar,bylength,,3,3.003935
u64,amartin,bylength,,4,1.555651
u64,branchlut,bylength,,4,1.122395
u64,branchlut2,bylength,,4,1.327246
u64,countlut,bylength,,4,1.407136
u64,fmt,bylength,,4,1.125355
u64,jeaiii,bylength,,4,1.314551
u64,naive,bylength,,4,2.521734
u64,null,bylength,,4,0.651091
u64,tmueller,bylength,,4,1.339346
u64,unrolledlut,bylength,,4,1.780838
u64,yy,bylength,,4,1.102716
u64,zmij_neon,bylength,,4,1.483768
u64,zmij_scalar,bylength,,4,2.999872
u64,amartin,bylength,,5,1.796484
u64,branchlut,bylength,,5,1.854410
u64,branchlut2,bylength,,5,1.350939
u64,countlut,bylength,,5,1.823028
u64,fmt,bylength,,5,1.568367
u64,jeaiii,bylength,,5,1.331528
u64,naive,bylength,,5,3.031085
u64,null,bylength,,5,0.651101
u64,tmueller,bylength,,5,1.385520
u64,unrolledlut,bylength,,5,2.215495
u64,yy,bylength,,5,1.334866
u64,zmij_neon,bylength,,5,1.487494
u64,zmij_scalar,bylength,,5,2.991269
u64,amartin,bylength,,6,1.617898
u64,branchlut,bylength,,6,1.840601
u64,branchlut2,bylength,,6,1.565764
u64,countlut,bylength,,6,2.043714
u64,fmt,bylength,,6,1.570175
u64,jeaiii,bylength,,6,1.532574
u64,naive,bylength,,6,3.521383
u64,null,bylength,,6,0.651787
u64,tmueller,bylength,,6,1.604636
u64,unrolledlut,bylength,,6,2.004296
u64,yy,bylength,,6,1.348048
u64,zmij_neon,bylength,,6,1.487633
u64,zmij_scalar,bylength,,6,3.001471
u64,amartin,bylength,,7,2.052953
u64,branchlut,bylength,,7,1.811832
u64,branchlut2,bylength,,7,1.839409
u64,countlut,bylength,,7,2.105951
u64,fmt,bylength,,7,1.808137
u64,jeaiii,bylength,,7,1.563231
u64,naive,bylength,,7,4.004618
u64,null,bylength,,7,0.651111
u64,tmueller,bylength,,7,1.608183
u64,unrolledlut,bylength,,7,1.714299
u64,yy,bylength,,7,1.619130
u64,zmij_neon,bylength,,7,1.502454
u64,zmij_scalar,bylength,,7,2.997398
u64,amartin,bylength,,8,2.043495
u64,branchlut,bylength,,8,1.849840
u64,branchlut2,bylength,,8,1.833687
u64,countlut,bylength,,8,2.299855
u64,fmt,bylength,,8,2.244731
u64,jeaiii,bylength,,8,1.592268
u64,naive,bylength,,8,4.845868
u64,null,bylength,,8,0.651767
u64,tmueller,bylength,,8,2.020160
u64,unrolledlut,bylength,,8,1.717538
u64,yy,bylength,,8,1.590391
u64,zmij_neon,bylength,,8,1.488080
u64,zmij_scalar,bylength,,8,3.007114
u64,amartin,bylength,,9,1.839747
u64,branchlut,bylength,,9,3.455281
u64,branchlut2,bylength,,9,2.028426
u64,countlut,bylength,,9,2.313425
u64,fmt,bylength,,9,2.060403
u64,jeaiii,bylength,,9,1.783222
u64,naive,bylength,,9,5.123109
u64,null,bylength,,9,0.652969
u64,tmueller,bylength,,9,1.960854
u64,unrolledlut,bylength,,9,1.832843
u64,yy,bylength,,9,1.874129
u64,zmij_neon,bylength,,9,1.489411
u64,zmij_scalar,bylength,,9,2.997855
u64,amartin,bylength,,10,4.045755
u64,branchlut,bylength,,10,3.614157
u64,branchlut2,bylength,,10,2.132466
u64,countlut,bylength,,10,2.411525
u64,fmt,bylength,,10,2.167970
u64,jeaiii,bylength,,10,3.372759
u64,naive,bylength,,10,5.603274
u64,null,bylength,,10,0.651161
u64,tmueller,bylength,,10,2.070258
u64,unrolledlut,bylength,,10,3.706147
u64,yy,bylength,,10,1.870831
u64,zmij_neon,bylength,,10,1.490235
u64,zmij_scalar,bylength,,10,3.000081
u64,amartin,bylength,,11,3.376822
u64,branchlut,bylength,,11,3.575772
u64,branchlut2,bylength,,11,2.443373
u64,countlut,bylength,,11,2.671838
u64,fmt,bylength,,11,2.354870
u64,jeaiii,bylength,,11,2.058357
u64,naive,bylength,,11,6.623348
u64,null,bylength,,11,0.651091
u64,tmueller,bylength,,11,2.336413
u64,unrolledlut,bylength,,11,2.743373
u64,yy,bylength,,11,2.335608
u64,zmij_neon,bylength,,11,1.487374
u64,zmij_scalar,bylength,,11,3.012022
u64,amartin,bylength,,12,3.379911
u64,branchlut,bylength,,12,3.625025
u64,branchlut2,bylength,,12,2.547959
u64,countlut,bylength,,12,2.846430
u64,fmt,bylength,,12,2.398978
u64,jeaiii,bylength,,12,2.280672
u64,naive,bylength,,12,7.239878
u64,null,bylength,,12,0.657141
u64,tmueller,bylength,,12,2.516577
u64,unrolledlut,bylength,,12,2.742102
u64,yy,bylength,,12,2.339910
u64,zmij_neon,bylength,,12,1.491934
u64,zmij_scalar,bylength,,12,3.004730
u64,amartin,bylength,,13,3.649900
u64,branchlut,bylength,,13,3.645440
u64,branchlut2,bylength,,13,2.679547
u64,countlut,bylength,,13,3.109028
u64,fmt,bylength,,13,2.787064
u64,jeaiii,bylength,,13,2.291948
u64,naive,bylength,,13,7.785668
u64,null,bylength,,13,0.651797
u64,tmueller,bylength,,13,2.681613
u64,unrolledlut,bylength,,13,3.058901
u64,yy,bylength,,13,2.604852
u64,zmij_neon,bylength,,13,1.488209
u64,zmij_scalar,bylength,,13,3.007670
u64,amartin,bylength,,14,3.625363
u64,branchlut,bylength,,14,3.644913
u64,branchlut2,bylength,,14,2.711276
u64,countlut,bylength,,14,3.266692
u64,fmt,bylength,,14,2.979239
u64,jeaiii,bylength,,14,2.515634
u64,naive,bylength,,14,8.363843
u64,null,bylength,,14,0.651787
u64,tmueller,bylength,,14,2.701531
u64,unrolledlut,bylength,,14,2.976716
u64,yy,bylength,,14,2.600014
u64,zmij_neon,bylength,,14,1.495928
u64,zmij_scalar,bylength,,14,3.006667
u64,amartin,bylength,,15,3.698379
u64,branchlut,bylength,,15,3.753742
u64,branchlut2,bylength,,15,3.144443
u64,countlut,bylength,,15,3.568043
u64,fmt,bylength,,15,3.160417
u64,jeaiii,bylength,,15,2.533108
u64,naive,bylength,,15,9.024739
u64,null,bylength,,15,0.651797
u64,tmueller,bylength,,15,3.146748
u64,unrolledlut,bylength,,15,2.904067
u64,yy,bylength,,15,2.729883
u64,zmij_neon,bylength,,15,1.491398
u64,zmij_scalar,bylength,,15,3.007799
u64,amartin,bylength,,16,3.678044
u64,branchlut,bylength,,16,3.711869
u64,branchlut2,bylength,,16,3.272245
u64,countlut,bylength,,16,3.753801
u64,fmt,bylength,,16,3.214707
u64,jeaiii,bylength,,16,2.399534
u64,naive,bylength,,16,9.826849
u64,null,bylength,,16,0.656118
u64,tmueller,bylength,,16,3.137410
u64,unrolledlut,bylength,,16,2.930452
u64,yy,bylength,,16,2.730181
u64,zmij_neon,bylength,,16,1.490514
u64,zmij_scalar,bylength,,16,3.010939
u64,amartin,bylength,,17,3.692091
u64,branchlut,bylength,,17,3.384143
u64,branchlut2,bylength,,17,3.445178
u64,countlut,bylength,,17,3.694753
u64,fmt,bylength,,17,3.659477
u64,jeaiii,bylength,,17,2.600501
u64,naive,bylength,,17,10.607749
u64,null,bylength,,17,0.653774
u64,tmueller,bylength,,17,3.654659
u64,unrolledlut,bylength,,17,3.064295
u64,yy,bylength,,17,2.821495
u64,zmij_neon,bylength,,17,1.497130
u64,zmij_scalar,bylength,,17,3.015806
u64,amartin,bylength,,18,5.355477
u64,branchlut,bylength,,18,3.413022
u64,branchlut2,bylength,,18,3.460924
u64,countlut,bylength,,18,3.830671
u64,fmt,bylength,,18,3.617893
u64,jeaiii,bylength,,18,4.230489
u64,naive,bylength,,18,11.375596
u64,null,bylength,,18,0.655850
u64,tmueller,bylength,,18,3.603975
u64,unrolledlut,bylength,,18,4.661202
u64,yy,bylength,,18,2.818664
u64,zmij_neon,bylength,,18,1.491874
u64,zmij_scalar,bylength,,18,3.018171
u64,amartin,bylength,,19,3.916432
u64,branchlut,bylength,,19,3.703694
u64,branchlut2,bylength,,19,3.901938
u64,countlut,bylength,,19,4.124482
u64,fmt,bylength,,19,4.229615
u64,jeaiii,bylength,,19,3.230433
u64,naive,bylength,,19,12.171000
u64,null,bylength,,19,0.651787
u64,tmueller,bylength,,19,4.190703
u64,unrolledlut,bylength,,19,3.362735
u64,yy,bylength,,19,2.902289
u64,zmij_neon,bylength,,19,1.492709
u64,zmij_scalar,bylength,,19,3.012121
u64,amartin,bylength,,20,3.922820
u64,branchlut,bylength,,20,3.863444
u64,branchlut2,bylength,,20,3.954679
u64,countlut,bylength,,20,4.197687
u64,fmt,bylength,,20,4.023929
u64,jeaiii,bylength,,20,3.242930
u64,naive,bylength,,20,13.068279
u64,null,bylength,,20,0.651111
u64,tmueller,bylength,,20,4.046708
u64,unrolledlut,bylength,,20,3.387868
u64,yy,bylength,,20,2.902279
u64,zmij_neon,bylength,,20,1.491537
u64,zmij_scalar,bylength,,20,2.999812
u64,amartin,loguniform,1-20,20,6.897961
u64,branchlut,loguniform,1-20,20,7.413220
u64,branchlut2,loguniform,1-20,20,8.222760
u64,countlut,loguniform,1-20,20,7.877177
u64,fmt,loguniform,1-20,20,9.290112
u64,jeaiii,loguniform,1-20,20,7.667158
u64,naive,loguniform,1-20,20,15.984007
u64,null,loguniform,1-20,20,0.651807
u64,tmueller,loguniform,1-20,20,8.954863
u64,unrolledlut,loguniform,1-20,20,8.084821
u64,yy,loguniform,1-20,20,5.866450
u64,zmij_neon,loguniform,1-20,20,1.482660
u64,zmij_scalar,loguniform,1-20,20,3.015221
u64,amartin,loguniform,1-4,4,2.844095
u64,branchlut,loguniform,1-4,4,2.908637
u64,branchlut2,loguniform,1-4,4,3.266623
u64,countlut,loguniform,1-4,4,4.112502
u64,fmt,loguniform,1-4,4,4.157066
u64,jeaiii,loguniform,1-4,4,3.963023
u64,naive,loguniform,1-4,4,4.989833
u64,null,loguniform,1-4,4,0.651081
u64,tmueller,loguniform,1-4,4,3.012240
u64,unrolledlut,loguniform,1-4,4,4.096260
u64,yy,loguniform,1-4,4,2.535621
u64,zmij_neon,loguniform,1-4,4,1.486599
u64,zmij_scalar,loguniform,1-4,4,3.007889
u64,amartin,uniform,0-255,0,2.755284
u64,branchlut,uniform,0-255,0,2.669265
u64,branchlut2,uniform,0-255,0,2.204905
u64,countlut,uniform,0-255,0,2.442757
u64,fmt,uniform,0-255,0,2.476603
u64,jeaiii,uniform,0-255,0,2.505074
u64,naive,uniform,0-255,0,3.639748
u64,null,uniform,0-255,0,0.651101
u64,tmueller,uniform,0-255,0,2.192944
u64,unrolledlut,uniform,0-255,0,2.874315
u64,yy,uniform,0-255,0,2.377450
u64,zmij_neon,uniform,0-255,0,1.492332
u64,zmij_scalar,uniform,0-255,0,3.005336
u64,amartin,unpredictable,,1,2.353738
u64,branchlut,unpredictable,,1,1.917730
u64,branchlut2,unpredictable,,1,1.456559
u64,countlut,unpredictable,,1,3.087213
u64,fmt,unpredictable,,1,3.953815
u64,jeaiii,unpredictable,,1,2.294669
u64,naive,unpredictable,,1,4.179080
u64,null,unpredictable,,1,0.650366
u64,tmueller,unpredictable,,1,4.321068
u64,unrolledlut,unpredictable,,1,2.197723
u64,yy,unpredictable,,1,2.123276
u64,zmij_neon,unpredictable,,1,1.477947
u64,zmij_scalar,unpredictable,,1,3.016273
u64,amartin,unpredictable,,2,2.244065
u64,branchlut,unpredictable,,2,2.039363
u64,branchlut2,unpredictable,,2,0.972708
u64,countlut,unpredictable,,2,2.868345
u64,fmt,unpredictable,,2,4.040360
u64,jeaiii,unpredictable,,2,2.072364
u64,naive,unpredictable,,2,5.055666
u64,null,unpredictable,,2,0.650366
u64,tmueller,unpredictable,,2,3.466894
u64,unrolledlut,unpredictable,,2,2.096633
u64,yy,unpredictable,,2,2.294024
u64,zmij_neon,unpredictable,,2,1.493623
u64,zmij_scalar,unpredictable,,2,3.012359
u64,amartin,unpredictable,,3,2.613336
u64,branchlut,unpredictable,,3,1.906008
u64,branchlut2,unpredictable,,3,1.413047
u64,countlut,unpredictable,,3,2.747545
u64,fmt,unpredictable,,3,3.513416
u64,jeaiii,unpredictable,,3,1.929710
u64,naive,unpredictable,,3,6.255349
u64,null,unpredictable,,3,0.650346
u64,tmueller,unpredictable,,3,3.529141
u64,unrolledlut,unpredictable,,3,2.148410
u64,yy,unpredictable,,3,2.490540
u64,zmij_neon,unpredictable,,3,1.484424
u64,zmij_scalar,unpredictable,,3,3.011088
u64,amartin,unpredictable,,4,2.544870
u64,branchlut,unpredictable,,4,1.991679
u64,branchlut2,unpredictable,,4,1.558244
u64,countlut,unpredictable,,4,3.008713
u64,fmt,unpredictable,,4,3.442367
u64,jeaiii,unpredictable,,4,1.837899
u64,naive,unpredictable,,4,6.383936
u64,null,unpredictable,,4,0.651598
u64,tmueller,unpredictable,,4,3.559361
u64,unrolledlut,unpredictable,,4,2.234420
u64,yy,unpredictable,,4,2.349635
u64,zmij_neon,unpredictable,,4,1.491974
u64,zmij_scalar,unpredictable,,4,3.005882
u64,amartin,unpredictable,,5,2.289385
u64,branchlut,unpredictable,,5,2.611747
u64,branchlut2,unpredictable,,5,1.598676
u64,countlut,unpredictable,,5,3.137837
u64,fmt,unpredictable,,5,3.481965
u64,jeaiii,unpredictable,,5,1.814177
u64,naive,unpredictable,,5,6.590625
u64,null,unpredictable,,5,0.650366
u64,tmueller,unpredictable,,5,3.548235
u64,unrolledlut,unpredictable,,5,2.486408
u64,yy,unpredictable,,5,2.510190
u64,zmij_neon,unpredictable,,5,1.493166
u64,zmij_scalar,unpredictable,,5,3.014187
u64,amartin,unpredictable,,6,2.647807
u64,branchlut,unpredictable,,6,2.694021
u64,branchlut2,unpredictable,,6,1.869380
u64,countlut,unpredictable,,6,3.276954
u64,fmt,unpredictable,,6,3.524303
u64,jeaiii,unpredictable,,6,2.227316
u64,naive,unpredictable,,6,7.014314
u64,null,unpredictable,,6,0.651757
u64,tmueller,unpredictable,,6,3.679066
u64,unrolledlut,unpredictable,,6,2.320449
u64,yy,unpredictable,,6,2.408325
u64,zmij_neon,unpredictable,,6,1.484126
u64,zmij_scalar,unpredictable,,6,3.006955
u64,amartin,unpredictable,,7,3.099511
u64,branchlut,unpredictable,,7,2.766162
u64,branchlut2,unpredictable,,7,2.512078
u64,countlut,unpredictable,,7,3.564765
u64,fmt,unpredictable,,7,3.683547
u64,jeaiii,unpredictable,,7,2.332717
u64,naive,unpredictable,,7,7.168412
u64,null,unpredictable,,7,0.652710
u64,tmueller,unpredictable,,7,3.670225
u64,unrolledlut,unpredictable,,7,2.853195
u64,yy,unpredictable,,7,2.924144
u64,zmij_neon,unpredictable,,7,1.485537
u64,zmij_scalar,unpredictable,,7,3.011147
u64,amartin,unpredictable,,8,3.168931
u64,branchlut,unpredictable,,8,2.964169
u64,branchlut2,unpredictable,,8,2.610862
u64,countlut,unpredictable,,8,4.090200
u64,fmt,unpredictable,,8,3.741225
u64,jeaiii,unpredictable,,8,2.487431
u64,naive,unpredictable,,8,7.546226
u64,null,unpredictable,,8,0.651757
u64,tmueller,unpredictable,,8,3.818879
u64,unrolledlut,unpredictable,,8,2.918800
u64,yy,unpredictable,,8,2.840082
u64,zmij_neon,unpredictable,,8,1.480689
u64,zmij_scalar,unpredictable,,8,3.016929
u64,amartin,unpredictable,,9,3.748506
u64,branchlut,unpredictable,,9,3.813575
u64,branchlut2,unpredictable,,9,1.704196
u64,countlut,unpredictable,,9,3.524294
u64,fmt,unpredictable,,9,3.804783
u64,jeaiii,unpredictable,,9,2.852311
u64,naive,unpredictable,,9,7.858972
u64,null,unpredictable,,9,0.650346
u64,tmueller,unpredictable,,9,3.878782
u64,unrolledlut,unpredictable,,9,3.340801
u64,yy,unpredictable,,9,2.970040
u64,zmij_neon,unpredictable,,9,1.485059
u64,zmij_scalar,unpredictable,,9,3.016333
u64,amartin,unpredictable,,10,6.706586
u64,branchlut,unpredictable,,10,3.803442
u64,branchlut2,unpredictable,,10,1.886249
u64,countlut,unpredictable,,10,4.041165
u64,fmt,unpredictable,,10,3.899992
u64,jeaiii,unpredictable,,10,5.463233
u64,naive,unpredictable,,10,8.461932
u64,null,unpredictable,,10,0.651737
u64,tmueller,unpredictable,,10,3.894060
u64,unrolledlut,unpredictable,,10,6.111046
u64,yy,unpredictable,,10,2.927403
u64,zmij_neon,unpredictable,,10,1.493325
u64,zmij_scalar,unpredictable,,10,3.016074
u64,amartin,unpredictable,,11,4.457980
u64,branchlut,unpredictable,,11,4.103552
u64,branchlut2,unpredictable,,11,2.161701
u64,countlut,unpredictable,,11,3.924042
u64,fmt,unpredictable,,11,4.099429
u64,jeaiii,unpredictable,,11,2.667457
u64,naive,unpredictable,,11,9.107669
u64,null,unpredictable,,11,0.650326
u64,tmueller,unpredictable,,11,4.060715
u64,unrolledlut,unpredictable,,11,3.234685
u64,yy,unpredictable,,11,2.953708
u64,zmij_neon,unpredictable,,11,1.493106
u64,zmij_scalar,unpredictable,,11,3.015757
u64,amartin,unpredictable,,12,4.362355
u64,branchlut,unpredictable,,12,4.099975
u64,branchlut2,unpredictable,,12,2.802372
u64,countlut,unpredictable,,12,3.980448
u64,fmt,unpredictable,,12,4.113773
u64,jeaiii,unpredictable,,12,2.682398
u64,naive,unpredictable,,12,9.271780
u64,null,unpredictable,,12,0.658731
u64,tmueller,unpredictable,,12,4.168898
u64,unrolledlut,unpredictable,,12,3.159424
u64,yy,unpredictable,,12,3.072957
u64,zmij_neon,unpredictable,,12,1.497637
u64,zmij_scalar,unpredictable,,12,3.013531
u64,amartin,unpredictable,,13,4.551461
u64,branchlut,unpredictable,,13,4.380812
u64,branchlut2,unpredictable,,13,2.711813
u64,countlut,unpredictable,,13,3.888895
u64,fmt,unpredictable,,13,4.178544
u64,jeaiii,unpredictable,,13,2.904266
u64,naive,unpredictable,,13,9.883841
u64,null,unpredictable,,13,0.651737
u64,tmueller,unpredictable,,13,4.259199
u64,unrolledlut,unpredictable,,13,3.749232
u64,yy,unpredictable,,13,3.212710
u64,zmij_neon,unpredictable,,13,1.481523
u64,zmij_scalar,unpredictable,,13,3.010551
u64,amartin,unpredictable,,14,4.397879
u64,branchlut,unpredictable,,14,4.670352
u64,branchlut2,unpredictable,,14,2.622664
u64,countlut,unpredictable,,14,4.218926
u64,fmt,unpredictable,,14,4.302263
u64,jeaiii,unpredictable,,14,3.090889
u64,naive,unpredictable,,14,10.384679
u64,null,unpredictable,,14,0.650406
u64,tmueller,unpredictable,,14,4.303902
u64,unrolledlut,unpredictable,,14,3.455639
u64,yy,unpredictable,,14,3.227075
u64,zmij_neon,unpredictable,,14,1.500219
u64,zmij_scalar,unpredictable,,14,3.015081
u64,amartin,unpredictable,,15,4.991343
u64,branchlut,unpredictable,,15,4.694750
u64,branchlut2,unpredictable,,15,3.192961
u64,countlut,unpredictable,,15,4.549652
u64,fmt,unpredictable,,15,4.345079
u64,jeaiii,unpredictable,,15,3.338784
u64,naive,unpredictable,,15,10.948201
u64,null,unpredictable,,15,0.650386
u64,tmueller,unpredictable,,15,4.470060
u64,unrolledlut,unpredictable,,15,4.017552
u64,yy,unpredictable,,15,3.279229
u64,zmij_neon,unpredictable,,15,1.482258
u64,zmij_scalar,unpredictable,,15,3.010690
u64,amartin,unpredictable,,16,5.008569
u64,branchlut,unpredictable,,16,5.166858
u64,branchlut2,unpredictable,,16,3.501932
u64,countlut,unpredictable,,16,4.521241
u64,fmt,unpredictable,,16,4.471998
u64,jeaiii,unpredictable,,16,3.145566
u64,naive,unpredictable,,16,11.362453
u64,null,unpredictable,,16,0.650346
u64,tmueller,unpredictable,,16,4.466782
u64,unrolledlut,unpredictable,,16,3.975868
u64,yy,unpredictable,,16,3.297110
u64,zmij_neon,unpredictable,,16,1.499623
u64,zmij_scalar,unpredictable,,16,3.020585
u64,amartin,unpredictable,,17,5.745540
u64,branchlut,unpredictable,,17,4.463166
u64,branchlut2,unpredictable,,17,4.178166
u64,countlut,unpredictable,,17,5.467465
u64,fmt,unpredictable,,17,4.876177
u64,jeaiii,unpredictable,,17,3.616601
u64,naive,unpredictable,,17,11.921883
u64,null,unpredictable,,17,0.650366
u64,tmueller,unpredictable,,17,4.831562
u64,unrolledlut,unpredictable,,17,4.543841
u64,yy,unpredictable,,17,3.959397
u64,zmij_neon,unpredictable,,17,1.481682
u64,zmij_scalar,unpredictable,,17,3.022869
u64,amartin,unpredictable,,18,7.780999
u64,branchlut,unpredictable,,18,4.571965
u64,branchlut2,unpredictable,,18,4.055619
u64,countlut,unpredictable,,18,5.320281
u64,fmt,unpredictable,,18,4.818738
u64,jeaiii,unpredictable,,18,6.145566
u64,naive,unpredictable,,18,12.626151
u64,null,unpredictable,,18,0.651737
u64,tmueller,unpredictable,,18,4.889021
u64,unrolledlut,unpredictable,,18,7.339736
u64,yy,unpredictable,,18,4.007240
u64,zmij_neon,unpredictable,,18,1.494239
u64,zmij_scalar,unpredictable,,18,3.027201
u64,amartin,unpredictable,,19,5.429735
u64,branchlut,unpredictable,,19,4.861166
u64,branchlut2,unpredictable,,19,4.197677
u64,countlut,unpredictable,,19,5.535315
u64,fmt,unpredictable,,19,5.252203
u64,jeaiii,unpredictable,,19,4.475901
u64,naive,unpredictable,,19,13.161202
u64,null,unpredictable,,19,0.651558
u64,tmueller,unpredictable,,19,5.417416
u64,unrolledlut,unpredictable,,19,4.723112
u64,yy,unpredictable,,19,4.070937
u64,zmij_neon,unpredictable,,19,1.500021
u64,zmij_scalar,unpredictable,,19,3.020982
u64,amartin,unpredictable,,20,5.509605
u64,branchlut,unpredictable,,20,5.013695
u64,branchlut2,unpredictable,,20,4.529297
u64,countlut,unpredictable,,20,6.137937
u64,fmt,unpredictable,,20,5.209526
u64,jeaiii,unpredictable,,20,4.535267
u64,naive,unpredictable,,20,13.868710
u64,null,unpredictable,,20,0.651777
u64,tmueller,unpredictable,,20,5.282849
u64,unrolledlut,unpredictable,,20,4.769643
u64,yy,unpredictable,,20,4.090925
u64,zmij_neon,unpredictable,,20,1.496186
u64,zmij_scalar,unpredictable,,20,3.028691
u64,amartin,admixture,5x6,0,1.821309
u64,branchlut,admixture,5x6,0,2.048512
u64,branchlut2,admixture,5x6,0,1.576463
u64,countlut,admixture,5x6,0,2.277483
u64,fmt,admixture,5x6,0,1.594941
u64,jeaiii,admixture,5x6,0,1.554966
u64,naive,admixture,5x6,0,3.904194
u64,null,admixture,5x6,0,0.655025
u64,tmueller,admixture,5x6,0,1.794706
u64,unrolledlut,admixture,5x6,0,2.030482
u64,yy,admixture,5x6,0,1.580179
u64,zmij_neon,admixture,5x6,0,1.492332
u64,zmij_scalar,admixture,5x6,0,3.012369
u64,amartin,admixture,5x6,10,1.810869
u64,branchlut,admixture,5x6,10,2.440880
u64,branchlut2,admixture,5x6,10,1.957198
u64,countlut,admixture,5x6,10,2.723743
u64,fmt,admixture,5x6,10,2.105415
u64,jeaiii,admixture,5x6,10,1.917561
u64,naive,admixture,5x6,10,4.327098
u64,null,admixture,5x6,10,0.651101
u64,tmueller,admixture,5x6,10,2.214919
u64,unrolledlut,admixture,5x6,10,2.360175
u64,yy,admixture,5x6,10,1.566251
u64,zmij_neon,admixture,5x6,10,1.488507
u64,zmij_scalar,admixture,5x6,10,3.010561
u64,amartin,admixture,5x6,20,1.815160
u64,branchlut,admixture,5x6,20,2.807925
u64,branchlut2,admixture,5x6,20,2.284040
u64,countlut,admixture,5x6,20,3.077398
u64,fmt,admixture,5x6,20,2.536674
u64,jeaiii,admixture,5x6,20,2.202640
u64,naive,admixture,5x6,20,5.098452
u64,null,admixture,5x6,20,0.651111
u64,tmueller,admixture,5x6,20,2.566606
u64,unrolledlut,admixture,5x6,20,2.724369
u64,yy,admixture,5x6,20,1.564880
u64,zmij_neon,admixture,5x6,20,1.497030
u64,zmij_scalar,admixture,5x6,20,3.013660
u64,amartin,admixture,5x6,30,1.809696
u64,branchlut,admixture,5x6,30,3.173620
u64,branchlut2,admixture,5x6,30,2.550175
u64,countlut,admixture,5x6,30,3.458321
u64,fmt,admixture,5x6,30,3.012786
u64,jeaiii,admixture,5x6,30,2.504716
u64,naive,admixture,5x6,30,5.890856
u64,null,admixture,5x6,30,0.651091
u64,tmueller,admixture,5x6,30,2.864162
u64,unrolledlut,admixture,5x6,30,3.094524
u64,yy,admixture,5x6,30,1.575063
u64,zmij_neon,admixture,5x6,30,1.497259
u64,zmij_scalar,admixture,5x6,30,3.014872
u64,amartin,admixture,5x6,40,1.818726
u64,branchlut,admixture,5x6,40,3.558040
u64,branchlut2,admixture,5x6,40,2.987057
u64,countlut,admixture,5x6,40,3.905525
u64,fmt,admixture,5x6,40,3.347745
u64,jeaiii,admixture,5x6,40,2.873431
u64,naive,admixture,5x6,40,6.722510
u64,null,admixture,5x6,40,0.651091
u64,tmueller,admixture,5x6,40,3.306250
u64,unrolledlut,admixture,5x6,40,3.713628
u64,yy,admixture,5x6,40,1.569668
u64,zmij_neon,admixture,5x6,40,1.497795
u64,zmij_scalar,admixture,5x6,40,3.012667
u64,amartin,admixture,5x6,50,1.814187
u64,branchlut,admixture,5x6,50,3.868997
u64,branchlut2,admixture,5x6,50,3.395230
u64,countlut,admixture,5x6,50,4.319916
u64,fmt,admixture,5x6,50,3.739357
u64,jeaiii,admixture,5x6,50,3.205061
u64,naive,admixture,5x6,50,7.228076
u64,null,admixture,5x6,50,0.651091
u64,tmueller,admixture,5x6,50,3.629943
u64,unrolledlut,admixture,5x6,50,4.036119
u64,yy,admixture,5x6,50,1.565367
u64,zmij_neon,admixture,5x6,50,1.500428
u64,zmij_scalar,admixture,5x6,50,3.015578
u64,amartin,admixture,5x6,60,1.813561
u64,branchlut,admixture,5x6,60,3.605892
u64,branchlut2,admixture,5x6,60,3.042161
u64,countlut,admixture,5x6,60,3.947268
u64,fmt,admixture,5x6,60,3.457616
u64,jeaiii,admixture,5x6,60,3.027886
u64,naive,admixture,5x6,60,6.650398
u64,null,admixture,5x6,60,0.651091
u64,tmueller,admixture,5x6,60,3.243913
u64,unrolledlut,admixture,5x6,60,3.826300
u64,yy,admixture,5x6,60,1.577656
u64,zmij_neon,admixture,5x6,60,1.488566
u64,zmij_scalar,admixture,5x6,60,3.011237
u64,amartin,admixture,5x6,70,1.822899
u64,branchlut,admixture,5x6,70,3.206630
u64,branchlut2,admixture,5x6,70,2.578725
u64,countlut,admixture,5x6,70,3.355394
u64,fmt,admixture,5x6,70,3.065060
u64,jeaiii,admixture,5x6,70,2.481659
u64,naive,admixture,5x6,70,5.585392
u64,null,admixture,5x6,70,0.651091
u64,tmueller,admixture,5x6,70,2.761175
u64,unrolledlut,admixture,5x6,70,3.237267
u64,yy,admixture,5x6,70,1.578281
u64,zmij_neon,admixture,5x6,70,1.494427
u64,zmij_scalar,admixture,5x6,70,3.014306
u64,amartin,admixture,5x6,80,1.814087
u64,branchlut,admixture,5x6,80,2.811263
u64,branchlut2,admixture,5x6,80,2.131382
u64,countlut,admixture,5x6,80,2.979746
u64,fmt,admixture,5x6,80,2.545536
u64,jeaiii,admixture,5x6,80,2.170265
u64,naive,admixture,5x6,80,4.887283
u64,null,admixture,5x6,80,0.655313
u64,tmueller,admixture,5x6,80,2.456874
u64,unrolledlut,admixture,5x6,80,3.111432
u64,yy,admixture,5x6,80,1.564363
u64,zmij_neon,admixture,5x6,80,1.499901
u64,zmij_scalar,admixture,5x6,80,3.016482
u64,amartin,admixture,5x6,90,1.811991
u64,branchlut,admixture,5x6,90,2.452294
u64,branchlut2,admixture,5x6,90,1.823117
u64,countlut,admixture,5x6,90,2.554993
u64,fmt,admixture,5x6,90,2.154768
u64,jeaiii,admixture,5x6,90,1.767268
u64,naive,admixture,5x6,90,3.972540
u64,null,admixture,5x6,90,0.653128
u64,tmueller,admixture,5x6,90,2.072533
u64,unrolledlut,admixture,5x6,90,2.826343
u64,yy,admixture,5x6,90,1.580010
u64,zmij_neon,admixture,5x6,90,1.498381
u64,zmij_scalar,admixture,5x6,90,3.013889
u64,amartin,admixture,5x6,100,1.821468
u64,branchlut,admixture,5x6,100,2.045880
u64,branchlut2,admixture,5x6,100,1.368413
u64,countlut,admixture,5x6,100,2.050360
u64,fmt,admixture,5x6,100,1.610786
u64,jeaiii,admixture,5x6,100,1.354138
u64,naive,admixture,5x6,100,3.009349
u64,null,admixture,5x6,100,0.651797
u64,tmueller,admixture,5x6,100,1.602282
u64,unrolledlut,admixture,5x6,100,2.465079
u64,yy,admixture,5x6,100,1.582404
u64,zmij_neon,admixture,5x6,100,1.501143
u64,zmij_scalar,admixture,5x6,100,3.015767
i64,amartin,bylength,,1,1.123518
i64,branchlut,bylength,,1,3.575871
i64,branchlut2,bylength,,1,2.488891
i64,countlut,bylength,,1,3.355225
i64,fmt,bylength,,1,0.910193
i64,jeaiii,bylength,,1,2.595385
i64,naive,bylength,,1,2.752105
i64,null,bylength,,1,0.656287
i64,tmueller,bylength,,1,0.667632
i64,unrolledlut,bylength,,1,3.710538
i64,yy,bylength,,1,1.107385
i64,zmij_neon,bylength,,1,1.610795
i64,zmij_scalar,bylength,,1,3.182660
i64,amartin,bylength,,2,1.133899
i64,branchlut,bylength,,2,3.577987
i64,branchlut2,bylength,,2,3.099561
i64,countlut,bylength,,2,3.188173
i64,fmt,bylength,,2,1.129508
i64,jeaiii,bylength,,2,3.013780
i64,naive,bylength,,2,3.573626
i64,null,bylength,,2,0.653177
i64,tmueller,bylength,,2,1.119276
i64,unrolledlut,bylength,,2,3.505190
i64,yy,bylength,,2,1.100053
i64,zmij_neon,bylength,,2,1.612961
i64,zmij_scalar,bylength,,2,3.171841
i64,amartin,bylength,,3,1.797905
i64,branchlut,bylength,,3,3.438741
i64,branchlut2,bylength,,3,3.323188
i64,countlut,bylength,,3,3.679822
i64,fmt,bylength,,3,1.358251
i64,jeaiii,bylength,,3,3.299902
i64,naive,bylength,,3,4.145702
i64,null,bylength,,3,0.654389
i64,tmueller,bylength,,3,1.372437
i64,unrolledlut,bylength,,3,3.981362
i64,yy,bylength,,3,1.155575
i64,zmij_neon,bylength,,3,1.610955
i64,zmij_scalar,bylength,,3,3.174772
i64,amartin,bylength,,4,1.788725
i64,branchlut,bylength,,4,3.252963
i64,branchlut2,bylength,,4,3.494541
i64,countlut,bylength,,4,3.871769
i64,fmt,bylength,,4,1.217594
i64,jeaiii,bylength,,4,3.379524
i64,naive,bylength,,4,4.717032
i64,null,bylength,,4,0.654072
i64,tmueller,bylength,,4,1.379162
i64,unrolledlut,bylength,,4,4.054656
i64,yy,bylength,,4,1.147886
i64,zmij_neon,bylength,,4,1.609862
i64,zmij_scalar,bylength,,4,3.169994
i64,amartin,bylength,,5,2.050360
i64,branchlut,bylength,,5,4.212608
i64,branchlut2,bylength,,5,3.594766
i64,countlut,bylength,,5,4.108518
i64,fmt,bylength,,5,1.601587
i64,jeaiii,bylength,,5,3.547410
i64,naive,bylength,,5,5.280038
i64,null,bylength,,5,0.655442
i64,tmueller,bylength,,5,1.604607
i64,unrolledlut,bylength,,5,4.519681
i64,yy,bylength,,5,1.386404
i64,zmij_neon,bylength,,5,1.610537
i64,zmij_scalar,bylength,,5,3.188431
i64,amartin,bylength,,6,2.049019
i64,branchlut,bylength,,6,4.200965
i64,branchlut2,bylength,,6,3.599504
i64,countlut,bylength,,6,4.439900
i64,fmt,bylength,,6,1.605272
i64,jeaiii,bylength,,6,3.627867
i64,naive,bylength,,6,5.786876
i64,null,bylength,,6,0.654469
i64,tmueller,bylength,,6,1.829972
i64,unrolledlut,bylength,,6,4.277299
i64,yy,bylength,,6,1.315504
i64,zmij_neon,bylength,,6,1.615157
i64,zmij_scalar,bylength,,6,3.190259
i64,amartin,bylength,,7,2.498011
i64,branchlut,bylength,,7,4.026274
i64,branchlut2,bylength,,7,3.991693
i64,countlut,bylength,,7,4.446477
i64,fmt,bylength,,7,1.840353
i64,jeaiii,bylength,,7,3.927529
i64,naive,bylength,,7,6.400237
i64,null,bylength,,7,0.654638
i64,tmueller,bylength,,7,1.845668
i64,unrolledlut,bylength,,7,3.864120
i64,yy,bylength,,7,1.613388
i64,zmij_neon,bylength,,7,1.611998
i64,zmij_scalar,bylength,,7,3.184607
i64,amartin,bylength,,8,2.501170
i64,branchlut,bylength,,8,4.185398
i64,branchlut2,bylength,,8,4.137218
i64,countlut,bylength,,8,4.897793
i64,fmt,bylength,,8,2.278676
i64,jeaiii,bylength,,8,3.741771
i64,naive,bylength,,8,7.165968
i64,null,bylength,,8,0.651797
i64,tmueller,bylength,,8,2.060831
i64,unrolledlut,bylength,,8,3.972004
i64,yy,bylength,,8,1.619508
i64,zmij_neon,bylength,,8,1.614094
i64,zmij_scalar,bylength,,8,3.180712
i64,amartin,bylength,,9,2.071907
i64,branchlut,bylength,,9,5.697052
i64,branchlut2,bylength,,9,4.128158
i64,countlut,bylength,,9,4.622688
i64,fmt,bylength,,9,2.107223
i64,jeaiii,bylength,,9,3.995607
i64,naive,bylength,,9,7.713805
i64,null,bylength,,9,0.651807
i64,tmueller,bylength,,9,2.177507
i64,unrolledlut,bylength,,9,4.098763
i64,yy,bylength,,9,1.988937
i64,zmij_neon,bylength,,9,1.615455
i64,zmij_scalar,bylength,,9,3.176491
i64,amartin,bylength,,10,4.428307
i64,branchlut,bylength,,10,5.788247
i64,branchlut2,bylength,,10,4.326870
i64,countlut,bylength,,10,4.477123
i64,fmt,bylength,,10,2.425790
i64,jeaiii,bylength,,10,4.986515
i64,naive,bylength,,10,8.260965
i64,null,bylength,,10,0.651101
i64,tmueller,bylength,,10,2.302249
i64,unrolledlut,bylength,,10,5.681217
i64,yy,bylength,,10,1.986017
i64,zmij_neon,bylength,,10,1.616786
i64,zmij_scalar,bylength,,10,3.174325
i64,amartin,bylength,,11,3.237009
i64,branchlut,bylength,,11,5.875349
i64,branchlut2,bylength,,11,4.613847
i64,countlut,bylength,,11,4.480620
i64,fmt,bylength,,11,2.432754
i64,jeaiii,bylength,,11,4.198660
i64,naive,bylength,,11,8.936554
i64,null,bylength,,11,0.658621
i64,tmueller,bylength,,11,2.616644
i64,unrolledlut,bylength,,11,5.556295
i64,yy,bylength,,11,2.366980
i64,zmij_neon,bylength,,11,1.611650
i64,zmij_scalar,bylength,,11,3.183325
i64,amartin,bylength,,12,3.445277
i64,branchlut,bylength,,12,5.756170
i64,branchlut2,bylength,,12,4.897118
i64,countlut,bylength,,12,4.818420
i64,fmt,bylength,,12,2.513577
i64,jeaiii,bylength,,12,4.497151
i64,naive,bylength,,12,9.701858
i64,null,bylength,,12,0.657409
i64,tmueller,bylength,,12,2.554794
i64,unrolledlut,bylength,,12,5.511314
i64,yy,bylength,,12,2.367824
i64,zmij_neon,bylength,,12,1.614352
i64,zmij_scalar,bylength,,12,3.174086
i64,amartin,bylength,,13,3.688087
i64,branchlut,bylength,,13,5.812426
i64,branchlut2,bylength,,13,4.715582
i64,countlut,bylength,,13,5.128731
i64,fmt,bylength,,13,2.903292
i64,jeaiii,bylength,,13,4.607359
i64,naive,bylength,,13,10.324965
i64,null,bylength,,13,0.652244
i64,tmueller,bylength,,13,3.094167
i64,unrolledlut,bylength,,13,5.919973
i64,yy,bylength,,13,2.640814
i64,zmij_neon,bylength,,13,1.615793
i64,zmij_scalar,bylength,,13,3.170391
i64,amartin,bylength,,14,3.679882
i64,branchlut,bylength,,14,5.970468
i64,branchlut2,bylength,,14,4.847030
i64,countlut,bylength,,14,5.254507
i64,fmt,bylength,,14,2.995272
i64,jeaiii,bylength,,14,4.810115
i64,naive,bylength,,14,10.812571
i64,null,bylength,,14,0.651082
i64,tmueller,bylength,,14,3.038694
i64,unrolledlut,bylength,,14,5.772183
i64,yy,bylength,,14,2.638777
i64,zmij_neon,bylength,,14,1.617004
i64,zmij_scalar,bylength,,14,3.165305
i64,amartin,bylength,,15,4.133334
i64,branchlut,bylength,,15,5.761862
i64,branchlut2,bylength,,15,5.247871
i64,countlut,bylength,,15,5.679995
i64,fmt,bylength,,15,3.407806
i64,jeaiii,bylength,,15,4.891227
i64,naive,bylength,,15,11.498680
i64,null,bylength,,15,0.651111
i64,tmueller,bylength,,15,3.595213
i64,unrolledlut,bylength,,15,5.451987
i64,yy,bylength,,15,2.798756
i64,zmij_neon,bylength,,15,1.611998
i64,zmij_scalar,bylength,,15,3.171653
i64,amartin,bylength,,16,4.143000
i64,branchlut,bylength,,16,5.821437
i64,branchlut2,bylength,,16,5.297234
i64,countlut,bylength,,16,5.781482
i64,fmt,bylength,,16,3.349185
i64,jeaiii,bylength,,16,4.942785
i64,naive,bylength,,16,12.315313
i64,null,bylength,,16,0.653585
i64,tmueller,bylength,,16,3.517807
i64,unrolledlut,bylength,,16,5.379250
i64,yy,bylength,,16,2.797951
i64,zmij_neon,bylength,,16,1.611193
i64,zmij_scalar,bylength,,16,3.176699
i64,amartin,bylength,,17,3.751198
i64,branchlut,bylength,,17,5.262295
i64,branchlut2,bylength,,17,5.216489
i64,countlut,bylength,,17,5.660425
i64,fmt,bylength,,17,3.924340
i64,jeaiii,bylength,,17,5.063574
i64,naive,bylength,,17,13.044864
i64,null,bylength,,17,0.651777
i64,tmueller,bylength,,17,4.146934
i64,unrolledlut,bylength,,17,5.523860
i64,yy,bylength,,17,2.861659
i64,zmij_neon,bylength,,17,1.616021
i64,zmij_scalar,bylength,,17,3.178338
i64,amartin,bylength,,18,5.497207
i64,branchlut,bylength,,18,5.451908
i64,branchlut2,bylength,,18,5.510926
i64,countlut,bylength,,18,5.754699
i64,fmt,bylength,,18,3.869544
i64,jeaiii,bylength,,18,5.774766
i64,naive,bylength,,18,13.715714
i64,null,bylength,,18,0.652393
i64,tmueller,bylength,,18,4.061610
i64,unrolledlut,bylength,,18,6.661733
i64,yy,bylength,,18,2.858738
i64,zmij_neon,bylength,,18,1.616865
i64,zmij_scalar,bylength,,18,3.180245
i64,amartin,bylength,,19,3.998369
i64,branchlut,bylength,,19,5.785763
i64,branchlut2,bylength,,19,5.581955
i64,countlut,bylength,,19,5.841225
i64,fmt,bylength,,19,4.309376
i64,jeaiii,bylength,,19,5.465865
i64,naive,bylength,,19,14.466772
i64,null,bylength,,19,0.652760
i64,tmueller,bylength,,19,4.609823
i64,unrolledlut,bylength,,19,6.023824
i64,yy,bylength,,19,2.863834
i64,zmij_neon,bylength,,19,1.616766
i64,zmij_scalar,bylength,,19,3.177812
i64,amartin,loguniform,1-19,19,7.183186
i64,branchlut,loguniform,1-19,19,10.221715
i64,branchlut2,loguniform,1-19,19,10.535587
i64,countlut,loguniform,1-19,19,9.809587
i64,fmt,loguniform,1-19,19,9.328600
i64,jeaiii,loguniform,1-19,19,10.157774
i64,naive,loguniform,1-19,19,16.745911
i64,null,loguniform,1-19,19,0.651111
i64,tmueller,loguniform,1-19,19,9.347307
i64,unrolledlut,loguniform,1-19,19,10.448498
i64,yy,loguniform,1-19,19,5.940036
i64,zmij_neon,loguniform,1-19,19,1.613124
i64,zmij_scalar,loguniform,1-19,19,3.191605
i64,amartin,loguniform,1-4,4,3.397624
i64,branchlut,loguniform,1-4,4,4.743526
i64,branchlut2,loguniform,1-4,4,5.728592
i64,countlut,loguniform,1-4,4,5.476793
i64,fmt,loguniform,1-4,4,3.843814
i64,jeaiii,loguniform,1-4,4,6.079386
i64,naive,loguniform,1-4,4,5.864342
i64,null,loguniform,1-4,4,0.651091
i64,tmueller,loguniform,1-4,4,2.928793
i64,unrolledlut,loguniform,1-4,4,6.217430
i64,yy,loguniform,1-4,4,2.769043
i64,zmij_neon,loguniform,1-4,4,1.612564
i64,zmij_scalar,loguniform,1-4,4,3.176262
i64,amartin,uniform,0-255,0,3.119270
i64,branchlut,uniform,0-255,0,2.919942
i64,branchlut2,uniform,0-255,0,2.601147
i64,countlut,uniform,0-255,0,2.859652
i64,fmt,uniform,0-255,0,2.710760
i64,jeaiii,uniform,0-255,0,2.840896
i64,naive,uniform,0-255,0,3.726115
i64,null,uniform,0-255,0,0.651091
i64,tmueller,uniform,0-255,0,2.464980
i64,unrolledlut,uniform,0-255,0,3.183742
i64,yy,uniform,0-255,0,2.652983
i64,zmij_neon,uniform,0-255,0,1.614223
i64,zmij_scalar,uniform,0-255,0,3.173987
i64,amartin,unpredictable,,1,2.472132
i64,branchlut,unpredictable,,1,3.675659
i64,branchlut2,unpredictable,,1,3.596157
i64,countlut,unpredictable,,1,4.185031
i64,fmt,unpredictable,,1,3.347347
i64,jeaiii,unpredictable,,1,4.349718
i64,naive,unpredictable,,1,6.449183
i64,null,unpredictable,,1,0.649373
i64,tmueller,unpredictable,,1,4.432003
i64,unrolledlut,unpredictable,,1,3.793170
i64,yy,unpredictable,,1,2.442380
i64,zmij_neon,unpredictable,,1,1.617134
i64,zmij_scalar,unpredictable,,1,3.203661
i64,amartin,unpredictable,,2,2.403111
i64,branchlut,unpredictable,,2,3.717462
i64,branchlut2,unpredictable,,2,3.892452
i64,countlut,unpredictable,,2,4.064451
i64,fmt,unpredictable,,2,3.500710
i64,jeaiii,unpredictable,,2,4.517963
i64,naive,unpredictable,,2,6.937583
i64,null,unpredictable,,2,0.650803
i64,tmueller,unpredictable,,2,3.633082
i64,unrolledlut,unpredictable,,2,3.784885
i64,yy,unpredictable,,2,2.176265
i64,zmij_neon,unpredictable,,2,1.621663
i64,zmij_scalar,unpredictable,,2,3.209323
i64,amartin,unpredictable,,3,2.759129
i64,branchlut,unpredictable,,3,3.777583
i64,branchlut2,unpredictable,,3,4.066219
i64,countlut,unpredictable,,3,4.127016
i64,fmt,unpredictable,,3,2.962738
i64,jeaiii,unpredictable,,3,3.977031
i64,naive,unpredictable,,3,7.617454
i64,null,unpredictable,,3,0.649393
i64,tmueller,unpredictable,,3,3.709555
i64,unrolledlut,unpredictable,,3,3.913393
i64,yy,unpredictable,,3,2.624551
i64,zmij_neon,unpredictable,,3,1.616796
i64,zmij_scalar,unpredictable,,3,3.208707
i64,amartin,unpredictable,,4,2.715458
i64,branchlut,unpredictable,,4,4.473309
i64,branchlut2,unpredictable,,4,4.188289
i64,countlut,unpredictable,,4,4.422595
i64,fmt,unpredictable,,4,3.159831
i64,jeaiii,unpredictable,,4,4.209668
i64,naive,unpredictable,,4,8.109689
i64,null,unpredictable,,4,0.649413
i64,tmueller,unpredictable,,4,3.751755
i64,unrolledlut,unpredictable,,4,4.073193
i64,yy,unpredictable,,4,2.577563
i64,zmij_neon,unpredictable,,4,1.604954
i64,zmij_scalar,unpredictable,,4,3.201594
i64,amartin,unpredictable,,5,2.821137
i64,branchlut,unpredictable,,5,4.668732
i64,branchlut2,unpredictable,,5,4.337003
i64,countlut,unpredictable,,5,4.832993
i64,fmt,unpredictable,,5,3.399164
i64,jeaiii,unpredictable,,5,3.940890
i64,naive,unpredictable,,5,8.678039
i64,null,unpredictable,,5,0.650783
i64,tmueller,unpredictable,,5,3.787537
i64,unrolledlut,unpredictable,,5,4.401853
i64,yy,unpredictable,,5,2.571285
i64,zmij_neon,unpredictable,,5,1.623730
i64,zmij_scalar,unpredictable,,5,3.199369
i64,amartin,unpredictable,,6,2.743671
i64,branchlut,unpredictable,,6,4.692634
i64,branchlut2,unpredictable,,6,4.464160
i64,countlut,unpredictable,,6,5.217741
i64,fmt,unpredictable,,6,3.360321
i64,jeaiii,unpredictable,,6,4.195780
i64,naive,unpredictable,,6,8.843343
i64,null,unpredictable,,6,0.649393
i64,tmueller,unpredictable,,6,3.928701
i64,unrolledlut,unpredictable,,6,4.246066
i64,yy,unpredictable,,6,2.868235
i64,zmij_neon,unpredictable,,6,1.605610
i64,zmij_scalar,unpredictable,,6,3.210336
i64,amartin,unpredictable,,7,3.236641
i64,branchlut,unpredictable,,7,4.901469
i64,branchlut2,unpredictable,,7,4.815588
i64,countlut,unpredictable,,7,4.887254
i64,fmt,unpredictable,,7,3.493061
i64,jeaiii,unpredictable,,7,4.605582
i64,naive,unpredictable,,7,9.060244
i64,null,unpredictable,,7,0.654916
i64,tmueller,unpredictable,,7,3.918787
i64,unrolledlut,unpredictable,,7,4.633734
i64,yy,unpredictable,,7,3.104309
i64,zmij_neon,unpredictable,,7,1.609464
i64,zmij_scalar,unpredictable,,7,3.203283
i64,amartin,unpredictable,,8,3.347824
i64,branchlut,unpredictable,,8,5.294720
i64,branchlut2,unpredictable,,8,5.207728
i64,countlut,unpredictable,,8,5.375674
i64,fmt,unpredictable,,8,3.455371
i64,jeaiii,unpredictable,,8,4.503956
i64,naive,unpredictable,,8,9.384970
i64,null,unpredictable,,8,0.650803
i64,tmueller,unpredictable,,8,3.743052
i64,unrolledlut,unpredictable,,8,4.682650
i64,yy,unpredictable,,8,3.147761
i64,zmij_neon,unpredictable,,8,1.610478
i64,zmij_scalar,unpredictable,,8,3.209601
i64,amartin,unpredictable,,9,4.073391
i64,branchlut,unpredictable,,9,5.857746
i64,branchlut2,unpredictable,,9,4.274438
i64,countlut,unpredictable,,9,5.118619
i64,fmt,unpredictable,,9,3.482987
i64,jeaiii,unpredictable,,9,4.795521
i64,naive,unpredictable,,9,9.976546
i64,null,unpredictable,,9,0.649472
i64,tmueller,unpredictable,,9,4.002134
i64,unrolledlut,unpredictable,,9,5.241483
i64,yy,unpredictable,,9,2.873878
i64,zmij_neon,unpredictable,,9,1.623551
i64,zmij_scalar,unpredictable,,9,3.219058
i64,amartin,unpredictable,,10,7.733077
i64,branchlut,unpredictable,,10,6.026506
i64,branchlut2,unpredictable,,10,4.628668
i64,countlut,unpredictable,,10,5.231629
i64,fmt,unpredictable,,10,3.479113
i64,jeaiii,unpredictable,,10,7.614861
i64,naive,unpredictable,,10,10.420461
i64,null,unpredictable,,10,0.657360
i64,tmueller,unpredictable,,10,3.947536
i64,unrolledlut,unpredictable,,10,8.025735
i64,yy,unpredictable,,10,2.834419
i64,zmij_neon,unpredictable,,10,1.622935
i64,zmij_scalar,unpredictable,,10,3.211727
i64,amartin,unpredictable,,11,4.858166
i64,branchlut,unpredictable,,11,6.092409
i64,branchlut2,unpredictable,,11,5.133380
i64,countlut,unpredictable,,11,5.285234
i64,fmt,unpredictable,,11,3.783216
i64,jeaiii,unpredictable,,11,4.907758
i64,naive,unpredictable,,11,11.273424
i64,null,unpredictable,,11,0.649393
i64,tmueller,unpredictable,,11,4.258235
i64,unrolledlut,unpredictable,,11,5.507161
i64,yy,unpredictable,,11,3.203094
i64,zmij_neon,unpredictable,,11,1.623213
i64,zmij_scalar,unpredictable,,11,3.203641
i64,amartin,unpredictable,,12,4.917910
i64,branchlut,unpredictable,,12,6.407758
i64,branchlut2,unpredictable,,12,5.056471
i64,countlut,unpredictable,,12,5.430808
i64,fmt,unpredictable,,12,3.711770
i64,jeaiii,unpredictable,,12,5.069028
i64,naive,unpredictable,,12,11.487007
i64,null,unpredictable,,12,0.650823
i64,tmueller,unpredictable,,12,4.049818
i64,unrolledlut,unpredictable,,12,5.655815
i64,yy,unpredictable,,12,3.197571
i64,zmij_neon,unpredictable,,12,1.613160
i64,zmij_scalar,unpredictable,,12,3.208051
i64,amartin,unpredictable,,13,4.740367
i64,branchlut,unpredictable,,13,6.507297
i64,branchlut2,unpredictable,,13,5.184839
i64,countlut,unpredictable,,13,5.745918
i64,fmt,unpredictable,,13,3.891021
i64,jeaiii,unpredictable,,13,5.291154
i64,naive,unpredictable,,13,12.149970
i64,null,unpredictable,,13,0.650784
i64,tmueller,unpredictable,,13,4.285097
i64,unrolledlut,unpredictable,,13,5.863398
i64,yy,unpredictable,,13,3.173411
i64,zmij_neon,unpredictable,,13,1.625339
i64,zmij_scalar,unpredictable,,13,3.217270
i64,amartin,unpredictable,,14,4.767448
i64,branchlut,unpredictable,,14,6.743312
i64,branchlut2,unpredictable,,14,5.329301
i64,countlut,unpredictable,,14,5.645981
i64,fmt,unpredictable,,14,3.846000
i64,jeaiii,unpredictable,,14,5.312195
i64,naive,unpredictable,,14,12.468139
i64,null,unpredictable,,14,0.650784
i64,tmueller,unpredictable,,14,4.230300
i64,unrolledlut,unpredictable,,14,5.706280
i64,yy,unpredictable,,14,3.424465
i64,zmij_neon,unpredictable,,14,1.620531
i64,zmij_scalar,unpredictable,,14,3.203342
i64,amartin,unpredictable,,15,5.336275
i64,branchlut,unpredictable,,15,6.637812
i64,branchlut2,unpredictable,,15,5.666723
i64,countlut,unpredictable,,15,5.939732
i64,fmt,unpredictable,,15,4.114221
i64,jeaiii,unpredictable,,15,5.624960
i64,naive,unpredictable,,15,12.961269
i64,null,unpredictable,,15,0.650764
i64,tmueller,unpredictable,,15,4.646003
i64,unrolledlut,unpredictable,,15,6.131619
i64,yy,unpredictable,,15,3.425777
i64,zmij_neon,unpredictable,,15,1.620671
i64,zmij_scalar,unpredictable,,15,3.191680
i64,amartin,unpredictable,,16,5.465457
i64,branchlut,unpredictable,,16,7.248282
i64,branchlut2,unpredictable,,16,5.749831
i64,countlut,unpredictable,,16,6.380469
i64,fmt,unpredictable,,16,4.082471
i64,jeaiii,unpredictable,,16,5.499632
i64,naive,unpredictable,,16,13.635139
i64,null,unpredictable,,16,0.649412
i64,tmueller,unpredictable,,16,4.476587
i64,unrolledlut,unpredictable,,16,6.183515
i64,yy,unpredictable,,16,3.392040
i64,zmij_neon,unpredictable,,16,1.626551
i64,zmij_scalar,unpredictable,,16,3.207415
i64,amartin,unpredictable,,17,6.127090
i64,branchlut,unpredictable,,17,6.416857
i64,branchlut2,unpredictable,,17,6.711672
i64,countlut,unpredictable,,17,6.676724
i64,fmt,unpredictable,,17,4.375130
i64,jeaiii,unpredictable,,17,5.960872
i64,naive,unpredictable,,17,14.086266
i64,null,unpredictable,,17,0.649452
i64,tmueller,unpredictable,,17,4.946808
i64,unrolledlut,unpredictable,,17,6.830384
i64,yy,unpredictable,,17,4.461050
i64,zmij_neon,unpredictable,,17,1.625240
i64,zmij_scalar,unpredictable,,17,3.212521
i64,amartin,unpredictable,,18,8.420259
i64,branchlut,unpredictable,,18,6.536802
i64,branchlut2,unpredictable,,18,6.732772
i64,countlut,unpredictable,,18,6.793291
i64,fmt,unpredictable,,18,4.412860
i64,jeaiii,unpredictable,,18,8.213530
i64,naive,unpredictable,,18,14.489273
i64,null,unpredictable,,18,0.656148
i64,tmueller,unpredictable,,18,4.823347
i64,unrolledlut,unpredictable,,18,9.610901
i64,yy,unpredictable,,18,4.262527
i64,zmij_neon,unpredictable,,18,1.626134
i64,zmij_scalar,unpredictable,,18,3.203183
i64,amartin,unpredictable,,19,6.258955
i64,branchlut,unpredictable,,19,6.833275
i64,branchlut2,unpredictable,,19,7.348190
i64,countlut,unpredictable,,19,7.566045
i64,fmt,unpredictable,,19,5.200674
i64,jeaiii,unpredictable,,19,6.700029
i64,naive,unpredictable,,19,15.368124
i64,null,unpredictable,,19,0.649373
i64,tmueller,unpredictable,,19,5.867998
i64,unrolledlut,unpredictable,,19,7.132441
i64,yy,unpredictable,,19,4.273534
i64,zmij_neon,unpredictable,,19,1.621405
i64,zmij_scalar,unpredictable,,19,3.184607
i64,amartin,admixture,5x6,0,2.052277
i64,branchlut,admixture,5x6,0,4.251947
i64,branchlut2,admixture,5x6,0,3.574868
i64,countlut,admixture,5x6,0,4.394621
i64,fmt,admixture,5x6,0,1.606653
i64,jeaiii,admixture,5x6,0,3.657450
i64,naive,admixture,5x6,0,5.888144
i64,null,admixture,5x6,0,0.656337
i64,tmueller,admixture,5x6,0,1.830081
i64,unrolledlut,admixture,5x6,0,4.255056
i64,yy,admixture,5x6,0,1.592328
i64,zmij_neon,admixture,5x6,0,1.614451
i64,zmij_scalar,admixture,5x6,0,3.179282
i64,amartin,admixture,5x6,10,2.052347
i64,branchlut,admixture,5x6,10,4.415711
i64,branchlut2,admixture,5x6,10,3.936778
i64,countlut,admixture,5x6,10,4.558086
i64,fmt,admixture,5x6,10,2.194812
i64,jeaiii,admixture,5x6,10,3.843526
i64,naive,admixture,5x6,10,6.379624
i64,null,admixture,5x6,10,0.656913
i64,tmueller,admixture,5x6,10,2.301494
i64,unrolledlut,admixture,5x6,10,4.396985
i64,yy,admixture,5x6,10,1.591782
i64,zmij_neon,admixture,5x6,10,1.616697
i64,zmij_scalar,admixture,5x6,10,3.185103
i64,amartin,admixture,5x6,20,2.048473
i64,branchlut,admixture,5x6,20,4.834582
i64,branchlut2,admixture,5x6,20,4.102260
i64,countlut,admixture,5x6,20,4.888167
i64,fmt,admixture,5x6,20,2.635598
i64,jeaiii,admixture,5x6,20,4.024108
i64,naive,admixture,5x6,20,6.884078
i64,null,admixture,5x6,20,0.651091
i64,tmueller,admixture,5x6,20,2.687951
i64,unrolledlut,admixture,5x6,20,4.813810
i64,yy,admixture,5x6,20,1.585513
i64,zmij_neon,admixture,5x6,20,1.618037
i64,zmij_scalar,admixture,5x6,20,3.182371
i64,amartin,admixture,5x6,30,2.054065
i64,branchlut,admixture,5x6,30,4.918446
i64,branchlut2,admixture,5x6,30,4.420082
i64,countlut,admixture,5x6,30,5.282025
i64,fmt,admixture,5x6,30,3.199250
i64,jeaiii,admixture,5x6,30,4.449815
i64,naive,admixture,5x6,30,7.410894
i64,null,admixture,5x6,30,0.652810
i64,tmueller,admixture,5x6,30,3.100226
i64,unrolledlut,admixture,5x6,30,5.303780
i64,yy,admixture,5x6,30,1.599977
i64,zmij_neon,admixture,5x6,30,1.614183
i64,zmij_scalar,admixture,5x6,30,3.173729
i64,amartin,admixture,5x6,40,2.051075
i64,branchlut,admixture,5x6,40,5.077173
i64,branchlut2,admixture,5x6,40,4.778971
i64,countlut,admixture,5x6,40,5.252352
i64,fmt,admixture,5x6,40,3.790299
i64,jeaiii,admixture,5x6,40,4.867862
i64,naive,admixture,5x6,40,8.109579
i64,null,admixture,5x6,40,0.656207
i64,tmueller,admixture,5x6,40,3.655652
i64,unrolledlut,admixture,5x6,40,5.635450
i64,yy,admixture,5x6,40,1.585464
i64,zmij_neon,admixture,5x6,40,1.616220
i64,zmij_scalar,admixture,5x6,40,3.183653
i64,amartin,admixture,5x6,50,2.054254
i64,branchlut,admixture,5x6,50,5.334049
i64,branchlut2,admixture,5x6,50,5.185942
i64,countlut,admixture,5x6,50,6.170481
i64,fmt,admixture,5x6,50,3.853331
i64,jeaiii,admixture,5x6,50,5.241930
i64,naive,admixture,5x6,50,8.493195
i64,null,admixture,5x6,50,0.651797
i64,tmueller,admixture,5x6,50,4.039526
i64,unrolledlut,admixture,5x6,50,5.866796
i64,yy,admixture,5x6,50,1.593113
i64,zmij_neon,admixture,5x6,50,1.616200
i64,zmij_scalar,admixture,5x6,50,3.184418
i64,amartin,admixture,5x6,60,2.053896
i64,branchlut,admixture,5x6,60,5.177160
i64,branchlut2,admixture,5x6,60,5.068680
i64,countlut,admixture,5x6,60,5.662133
i64,fmt,admixture,5x6,60,3.756553
i64,jeaiii,admixture,5x6,60,4.797230
i64,naive,admixture,5x6,60,8.086324
i64,null,admixture,5x6,60,0.652035
i64,tmueller,admixture,5x6,60,3.657301
i64,unrolledlut,admixture,5x6,60,5.632838
i64,yy,admixture,5x6,60,1.595418
i64,zmij_neon,admixture,5x6,60,1.614382
i64,zmij_scalar,admixture,5x6,60,3.184408
i64,amartin,admixture,5x6,70,2.052317
i64,branchlut,admixture,5x6,70,4.839659
i64,branchlut2,admixture,5x6,70,4.476031
i64,countlut,admixture,5x6,70,5.195359
i64,fmt,admixture,5x6,70,3.245860
i64,jeaiii,admixture,5x6,70,4.656573
i64,naive,admixture,5x6,70,7.245263
i64,null,admixture,5x6,70,0.653376
i64,tmueller,admixture,5x6,70,3.072172
i64,unrolledlut,admixture,5x6,70,5.349805
i64,yy,admixture,5x6,70,1.586348
i64,zmij_neon,admixture,5x6,70,1.619369
i64,zmij_scalar,admixture,5x6,70,3.191173
i64,amartin,admixture,5x6,80,2.061009
i64,branchlut,admixture,5x6,80,4.638970
i64,branchlut2,admixture,5x6,80,3.946473
i64,countlut,admixture,5x6,80,4.845560
i64,fmt,admixture,5x6,80,2.638340
i64,jeaiii,admixture,5x6,80,3.928115
i64,naive,admixture,5x6,80,6.509453
i64,null,admixture,5x6,80,0.654598
i64,tmueller,admixture,5x6,80,2.681812
i64,unrolledlut,admixture,5x6,80,5.040089
i64,yy,admixture,5x6,80,1.595169
i64,zmij_neon,admixture,5x6,80,1.615256
i64,zmij_scalar,admixture,5x6,80,3.182312
i64,amartin,admixture,5x6,90,2.055357
i64,branchlut,admixture,5x6,90,4.355987
i64,branchlut2,admixture,5x6,90,3.731598
i64,countlut,admixture,5x6,90,4.236648
i64,fmt,admixture,5x6,90,2.208531
i64,jeaiii,admixture,5x6,90,3.629029
i64,naive,admixture,5x6,90,5.849858
i64,null,admixture,5x6,90,0.658244
i64,tmueller,admixture,5x6,90,2.143671
i64,unrolledlut,admixture,5x6,90,4.664550
i64,yy,admixture,5x6,90,1.586328
i64,zmij_neon,admixture,5x6,90,1.616071
i64,zmij_scalar,admixture,5x6,90,3.168692
i64,amartin,admixture,5x6,100,2.055476
i64,branchlut,admixture,5x6,100,4.241000
i64,branchlut2,admixture,5x6,100,3.578126
i64,countlut,admixture,5x6,100,4.127512
i64,fmt,admixture,5x6,100,1.612375
i64,jeaiii,admixture,5x6,100,3.577153
i64,naive,admixture,5x6,100,5.340785
i64,null,admixture,5x6,100,0.662098
i64,tmueller,admixture,5x6,100,1.607050
i64,unrolledlut,admixture,5x6,100,4.618873
i64,yy,admixture,5x6,100,1.595547
i64,zmij_neon,admixture,5x6,100,1.616299
i64,zmij_scalar,admixture,5x6,100,3.177861
u128,fmt,bylength,,1,4.235715
u128,naive,bylength,,1,1.521736
u128,null,bylength,,1,0.651121
u128,zmij_neon,bylength,,1,1.744926
u128,zmij_scalar,bylength,,1,2.942771
u128,fmt,bylength,,2,4.344831
u128,naive,bylength,,2,2.606263
u128,null,bylength,,2,0.651091
u128,zmij_neon,bylength,,2,1.752973
u128,zmij_scalar,bylength,,2,2.941767
u128,fmt,bylength,,3,4.356235
u128,naive,bylength,,3,4.329383
u128,null,bylength,,3,0.651101
u128,zmij_neon,bylength,,3,1.754632
u128,zmij_scalar,bylength,,3,2.937933
u128,fmt,bylength,,4,4.375229
u128,naive,bylength,,4,6.491423
u128,null,bylength,,4,0.651111
u128,zmij_neon,bylength,,4,1.748015
u128,zmij_scalar,bylength,,4,2.931784
u128,fmt,bylength,,5,4.598836
u128,naive,bylength,,5,8.876195
u128,null,bylength,,5,0.651787
u128,zmij_neon,bylength,,5,1.757751
u128,zmij_scalar,bylength,,5,2.945801
u128,fmt,bylength,,6,4.580895
u128,naive,bylength,,6,11.667560
u128,null,bylength,,6,0.651091
u128,zmij_neon,bylength,,6,1.743406
u128,zmij_scalar,bylength,,6,2.953092
u128,fmt,bylength,,7,4.816175
u128,naive,bylength,,7,14.582098
u128,null,bylength,,7,0.651101
u128,zmij_neon,bylength,,7,1.746158
u128,zmij_scalar,bylength,,7,2.953390
u128,fmt,bylength,,8,4.860590
u128,naive,bylength,,8,17.641952
u128,null,bylength,,8,0.651081
u128,zmij_neon,bylength,,8,1.752883
u128,zmij_scalar,bylength,,8,2.950033
u128,fmt,bylength,,9,5.049934
u128,naive,bylength,,9,20.994256
u128,null,bylength,,9,0.651111
u128,zmij_neon,bylength,,9,1.753747
u128,zmij_scalar,bylength,,9,2.943973
u128,fmt,bylength,,10,5.214642
u128,naive,bylength,,10,24.040143
u128,null,bylength,,10,0.651787
u128,zmij_neon,bylength,,10,1.754632
u128,zmij_scalar,bylength,,10,2.942969
u128,fmt,bylength,,11,5.327741
u128,naive,bylength,,11,27.634164
u128,null,bylength,,11,0.651082
u128,zmij_neon,bylength,,11,1.761705
u128,zmij_scalar,bylength,,11,2.960423
u128,fmt,bylength,,12,5.706350
u128,naive,bylength,,12,31.302293
u128,null,bylength,,12,0.651777
u128,zmij_neon,bylength,,12,1.745820
u128,zmij_scalar,bylength,,12,2.955576
u128,fmt,bylength,,13,5.686551
u128,naive,bylength,,13,35.059899
u128,null,bylength,,13,0.651777
u128,zmij_neon,bylength,,13,1.746883
u128,zmij_scalar,bylength,,13,2.959033
u128,fmt,bylength,,14,5.856564
u128,naive,bylength,,14,38.601398
u128,null,bylength,,14,0.651101
u128,zmij_neon,bylength,,14,1.761724
u128,zmij_scalar,bylength,,14,2.948552
u128,fmt,bylength,,15,6.335706
u128,naive,bylength,,15,42.514135
u128,null,bylength,,15,0.651101
u128,zmij_neon,bylength,,15,1.774092
u128,zmij_scalar,bylength,,15,2.960900
u128,fmt,bylength,,16,6.236464
u128,naive,bylength,,16,46.305140
u128,null,bylength,,16,0.651787
u128,zmij_neon,bylength,,16,1.747777
u128,zmij_scalar,bylength,,16,2.964576
u128,fmt,bylength,,17,6.602098
u128,naive,bylength,,17,49.960762
u128,null,bylength,,17,0.651091
u128,zmij_neon,bylength,,17,1.779695
u128,zmij_scalar,bylength,,17,2.982706
u128,fmt,bylength,,18,6.869425
u128,naive,bylength,,18,53.721388
u128,null,bylength,,18,0.651082
u128,zmij_neon,bylength,,18,1.754503
u128,zmij_scalar,bylength,,18,2.999425
u128,fmt,bylength,,19,6.991972
u128,naive,bylength,,19,57.478388
u128,null,bylength,,19,0.651091
u128,zmij_neon,bylength,,19,1.770953
u128,zmij_scalar,bylength,,19,3.011962
u128,fmt,bylength,,20,13.712337
u128,naive,bylength,,20,61.278323
u128,null,bylength,,20,0.651101
u128,zmij_neon,bylength,,20,2.564947
u128,zmij_scalar,bylength,,20,7.847796
u128,fmt,bylength,,21,13.979365
u128,naive,bylength,,21,65.107802
u128,null,bylength,,21,0.651787
u128,zmij_neon,bylength,,21,2.267997
u128,zmij_scalar,bylength,,21,7.870575
u128,fmt,bylength,,22,14.352729
u128,naive,bylength,,22,69.120795
u128,null,bylength,,22,0.651777
u128,zmij_neon,bylength,,22,2.274245
u128,zmij_scalar,bylength,,22,7.909010
u128,fmt,bylength,,23,14.365891
u128,naive,bylength,,23,72.648128
u128,null,bylength,,23,0.651081
u128,zmij_neon,bylength,,23,2.281040
u128,zmij_scalar,bylength,,23,7.918566
u128,fmt,bylength,,24,14.662047
u128,naive,bylength,,24,76.635907
u128,null,bylength,,24,0.651111
u128,zmij_neon,bylength,,24,2.281854
u128,zmij_scalar,bylength,,24,7.929584
u128,fmt,bylength,,25,14.714827
u128,naive,bylength,,25,80.582082
u128,null,bylength,,25,0.651091
u128,zmij_neon,bylength,,25,2.286603
u128,zmij_scalar,bylength,,25,7.917871
u128,fmt,bylength,,26,15.230070
u128,naive,bylength,,26,84.229618
u128,null,bylength,,26,0.651091
u128,zmij_neon,bylength,,26,2.282868
u128,zmij_scalar,bylength,,26,7.959048
u128,fmt,bylength,,27,15.397032
u128,naive,bylength,,27,87.972780
u128,null,bylength,,27,0.651797
u128,zmij_neon,bylength,,27,2.301613
u128,zmij_scalar,bylength,,27,8.006622
u128,fmt,bylength,,28,17.170707
u128,naive,bylength,,28,91.734350
u128,null,bylength,,28,0.651777
u128,zmij_neon,bylength,,28,2.306123
u128,zmij_scalar,bylength,,28,8.018076
u128,fmt,bylength,,29,22.126764
u128,naive,bylength,,29,95.622967
u128,null,bylength,,29,0.651091
u128,zmij_neon,bylength,,29,2.292534
u128,zmij_scalar,bylength,,29,8.028825
u128,fmt,bylength,,30,22.695909
u128,naive,bylength,,30,99.405269
u128,null,bylength,,30,0.651091
u128,zmij_neon,bylength,,30,2.296646
u128,zmij_scalar,bylength,,30,8.057167
u128,fmt,bylength,,31,22.860040
u128,naive,bylength,,31,103.259355
u128,null,bylength,,31,0.651091
u128,zmij_neon,bylength,,31,2.301494
u128,zmij_scalar,bylength,,31,8.058985
u128,fmt,bylength,,32,23.257176
u128,naive,bylength,,32,107.184768
u128,null,bylength,,32,0.651091
u128,zmij_neon,bylength,,32,2.301494
u128,zmij_scalar,bylength,,32,8.016676
u128,fmt,bylength,,33,23.273170
u128,naive,bylength,,33,110.970100
u128,null,bylength,,33,0.651787
u128,zmij_neon,bylength,,33,3.018061
u128,zmij_scalar,bylength,,33,9.544452
u128,fmt,bylength,,34,23.722668
u128,naive,bylength,,34,114.982714
u128,null,bylength,,34,0.651787
u128,zmij_neon,bylength,,34,3.030171
u128,zmij_scalar,bylength,,34,9.541631
u128,fmt,bylength,,35,23.721615
u128,naive,bylength,,35,118.993263
u128,null,bylength,,35,0.651757
u128,zmij_neon,bylength,,35,3.023704
u128,zmij_scalar,bylength,,35,9.559751
u128,fmt,bylength,,36,24.275392
u128,naive,bylength,,36,122.705281
u128,null,bylength,,36,0.651091
u128,zmij_neon,bylength,,36,3.027191
u128,zmij_scalar,bylength,,36,9.571175
u128,fmt,bylength,,37,24.497648
u128,naive,bylength,,37,126.518408
u128,null,bylength,,37,0.651091
u128,zmij_neon,bylength,,37,3.022879
u128,zmij_scalar,bylength,,37,9.572725
u128,fmt,bylength,,38,25.603016
u128,naive,bylength,,38,130.257517
u128,null,bylength,,38,0.651121
u128,zmij_neon,bylength,,38,3.024826
u128,zmij_scalar,bylength,,38,9.571165
u128,fmt,bylength,,39,30.667394
u128,naive,bylength,,39,134.236435
u128,null,bylength,,39,0.651091
u128,zmij_neon,bylength,,39,3.023495
u128,zmij_scalar,bylength,,39,9.636472
u128,fmt,loguniform,1-39,39,22.439564
u128,naive,loguniform,1-39,39,78.301294
u128,null,loguniform,1-39,39,0.651787
u128,zmij_neon,loguniform,1-39,39,3.740846
u128,zmij_scalar,loguniform,1-39,39,8.707732
u128,fmt,loguniform,1-4,4,8.275062
u128,naive,loguniform,1-4,4,7.858177
u128,null,loguniform,1-4,4,0.651787
u128,zmij_neon,loguniform,1-4,4,1.807878
u128,zmij_scalar,loguniform,1-4,4,3.053665
u128,fmt,uniform,0-255,0,6.608139
u128,naive,uniform,0-255,0,5.941143
u128,null,uniform,0-255,0,0.651091
u128,zmij_neon,uniform,0-255,0,1.814216
u128,zmij_scalar,uniform,0-255,0,3.049274
u128,fmt,unpredictable,,1,6.244431
u128,naive,unpredictable,,1,4.364778
u128,null,unpredictable,,1,0.649819
u128,zmij_neon,unpredictable,,1,2.609829
u128,zmij_scalar,unpredictable,,1,3.329803
u128,fmt,unpredictable,,2,6.443013
u128,naive,unpredictable,,2,5.938003
u128,null,unpredictable,,2,0.649839
u128,zmij_neon,unpredictable,,2,2.542436
u128,zmij_scalar,unpredictable,,2,3.186713
u128,fmt,unpredictable,,3,6.230682
u128,naive,unpredictable,,3,8.310487
u128,null,unpredictable,,3,0.649820
u128,zmij_neon,unpredictable,,3,2.513349
u128,zmij_scalar,unpredictable,,3,3.250629
u128,fmt,unpredictable,,4,6.239424
u128,naive,unpredictable,,4,10.357529
u128,null,unpredictable,,4,0.649839
u128,zmij_neon,unpredictable,,4,2.513051
u128,zmij_scalar,unpredictable,,4,3.254542
u128,fmt,unpredictable,,5,6.242841
u128,naive,unpredictable,,5,12.977312
u128,null,unpredictable,,5,0.651250
u128,zmij_neon,unpredictable,,5,2.508462
u128,zmij_scalar,unpredictable,,5,3.307491
u128,fmt,unpredictable,,6,6.493539
u128,naive,unpredictable,,6,15.666157
u128,null,unpredictable,,6,0.649819
u128,zmij_neon,unpredictable,,6,2.423883
u128,zmij_scalar,unpredictable,,6,3.271033
u128,fmt,unpredictable,,7,6.659180
u128,naive,unpredictable,,7,18.313696
u128,null,unpredictable,,7,0.649800
u128,zmij_neon,unpredictable,,7,2.457480
u128,zmij_scalar,unpredictable,,7,3.265987
u128,fmt,unpredictable,,8,6.733646
u128,naive,unpredictable,,8,21.583507
u128,null,unpredictable,,8,0.649819
u128,zmij_neon,unpredictable,,8,2.421002
u128,zmij_scalar,unpredictable,,8,3.249595
u128,fmt,unpredictable,,9,7.039160
u128,naive,unpredictable,,9,24.658412
u128,null,unpredictable,,9,0.649800
u128,zmij_neon,unpredictable,,9,2.450227
u128,zmij_scalar,unpredictable,,9,3.326168
u128,fmt,unpredictable,,10,7.061809
u128,naive,unpredictable,,10,27.212292
u128,null,unpredictable,,10,0.649819
u128,zmij_neon,unpredictable,,10,2.481580
u128,zmij_scalar,unpredictable,,10,3.358056
u128,fmt,unpredictable,,11,7.348150
u128,naive,unpredictable,,11,30.787995
u128,null,unpredictable,,11,0.649819
u128,zmij_neon,unpredictable,,11,2.439379
u128,zmij_scalar,unpredictable,,11,3.409674
u128,fmt,unpredictable,,12,7.412603
u128,naive,unpredictable,,12,33.881953
u128,null,unpredictable,,12,0.649839
u128,zmij_neon,unpredictable,,12,2.615352
u128,zmij_scalar,unpredictable,,12,3.278325
u128,fmt,unpredictable,,13,7.594119
u128,naive,unpredictable,,13,37.097285
u128,null,unpredictable,,13,0.649820
u128,zmij_neon,unpredictable,,13,2.587855
u128,zmij_scalar,unpredictable,,13,3.295412
u128,fmt,unpredictable,,14,7.663002
u128,naive,unpredictable,,14,40.577859
u128,null,unpredictable,,14,0.649840
u128,zmij_neon,unpredictable,,14,2.374132
u128,zmij_scalar,unpredictable,,14,3.380289
u128,fmt,unpredictable,,15,7.918348
u128,naive,unpredictable,,15,44.013272
u128,null,unpredictable,,15,0.649820
u128,zmij_neon,unpredictable,,15,2.405186
u128,zmij_scalar,unpredictable,,15,3.225078
u128,fmt,unpredictable,,16,8.034955
u128,naive,unpredictable,,16,47.437519
u128,null,unpredictable,,16,0.651210
u128,zmij_neon,unpredictable,,16,2.439479
u128,zmij_scalar,unpredictable,,16,3.304710
u128,fmt,unpredictable,,17,8.442372
u128,naive,unpredictable,,17,51.111966
u128,null,unpredictable,,17,0.649819
u128,zmij_neon,unpredictable,,17,2.440572
u128,zmij_scalar,unpredictable,,17,3.309081
u128,fmt,unpredictable,,18,8.451710
u128,naive,unpredictable,,18,54.594547
u128,null,unpredictable,,18,0.649820
u128,zmij_neon,unpredictable,,18,2.417505
u128,zmij_scalar,unpredictable,,18,3.341566
u128,fmt,unpredictable,,19,9.045134
u128,naive,unpredictable,,19,58.474491
u128,null,unpredictable,,19,0.649800
u128,zmij_neon,unpredictable,,19,2.520442
u128,zmij_scalar,unpredictable,,19,3.395170
u128,fmt,unpredictable,,20,16.146431
u128,naive,unpredictable,,20,61.936388
u128,null,unpredictable,,20,0.649879
u128,zmij_neon,unpredictable,,20,3.438274
u128,zmij_scalar,unpredictable,,20,8.562475
u128,fmt,unpredictable,,21,16.095906
u128,naive,unpredictable,,21,65.854976
u128,null,unpredictable,,21,0.649820
u128,zmij_neon,unpredictable,,21,2.891600
u128,zmij_scalar,unpredictable,,21,8.530249
u128,fmt,unpredictable,,22,16.341875
u128,naive,unpredictable,,22,68.992386
u128,null,unpredictable,,22,0.649819
u128,zmij_neon,unpredictable,,22,3.189862
u128,zmij_scalar,unpredictable,,22,8.547356
u128,fmt,unpredictable,,23,16.378890
u128,naive,unpredictable,,23,72.712491
u128,null,unpredictable,,23,0.649820
u128,zmij_neon,unpredictable,,23,3.046334
u128,zmij_scalar,unpredictable,,23,8.560707
u128,fmt,unpredictable,,24,16.595890
u128,naive,unpredictable,,24,76.834092
u128,null,unpredictable,,24,0.649859
u128,zmij_neon,unpredictable,,24,2.976656
u128,zmij_scalar,unpredictable,,24,8.574575
u128,fmt,unpredictable,,25,16.682754
u128,naive,unpredictable,,25,80.618590
u128,null,unpredictable,,25,0.651210
u128,zmij_neon,unpredictable,,25,3.139079
u128,zmij_scalar,unpredictable,,25,8.612047
u128,fmt,unpredictable,,26,16.903549
u128,naive,unpredictable,,26,84.064692
u128,null,unpredictable,,26,0.649820
u128,zmij_neon,unpredictable,,26,2.947609
u128,zmij_scalar,unpredictable,,26,8.644789
u128,fmt,unpredictable,,27,17.176081
u128,naive,unpredictable,,27,87.963015
u128,null,unpredictable,,27,0.649780
u128,zmij_neon,unpredictable,,27,3.024657
u128,zmij_scalar,unpredictable,,27,8.648107
u128,fmt,unpredictable,,28,19.198189
u128,naive,unpredictable,,28,91.608157
u128,null,unpredictable,,28,0.649800
u128,zmij_neon,unpredictable,,28,3.129105
u128,zmij_scalar,unpredictable,,28,8.582761
u128,fmt,unpredictable,,29,24.208794
u128,naive,unpredictable,,29,95.478684
u128,null,unpredictable,,29,0.649959
u128,zmij_neon,unpredictable,,29,2.945184
u128,zmij_scalar,unpredictable,,29,8.590887
u128,fmt,unpredictable,,30,24.611443
u128,naive,unpredictable,,30,99.238326
u128,null,unpredictable,,30,0.649800
u128,zmij_neon,unpredictable,,30,3.161172
u128,zmij_scalar,unpredictable,,30,8.679300
u128,fmt,unpredictable,,31,24.697612
u128,naive,unpredictable,,31,103.299846
u128,null,unpredictable,,31,0.649800
u128,zmij_neon,unpredictable,,31,3.137847
u128,zmij_scalar,unpredictable,,31,8.671055
u128,fmt,unpredictable,,32,24.975032
u128,naive,unpredictable,,32,106.902212
u128,null,unpredictable,,32,0.651210
u128,zmij_neon,unpredictable,,32,2.954185
u128,zmij_scalar,unpredictable,,32,8.557926
u128,fmt,unpredictable,,33,25.097678
u128,naive,unpredictable,,33,110.903034
u128,null,unpredictable,,33,0.651191
u128,zmij_neon,unpredictable,,33,4.989981
u128,zmij_scalar,unpredictable,,33,10.346303
u128,fmt,unpredictable,,34,25.410940
u128,naive,unpredictable,,34,114.860862
u128,null,unpredictable,,34,0.649800
u128,zmij_neon,unpredictable,,34,5.061050
u128,zmij_scalar,unpredictable,,34,10.371079
u128,fmt,unpredictable,,35,25.304526
u128,naive,unpredictable,,35,118.909727
u128,null,unpredictable,,35,0.649780
u128,zmij_neon,unpredictable,,35,4.870832
u128,zmij_scalar,unpredictable,,35,10.401060
u128,fmt,unpredictable,,36,26.138316
u128,naive,unpredictable,,36,122.972896
u128,null,unpredictable,,36,0.651210
u128,zmij_neon,unpredictable,,36,4.926284
u128,zmij_scalar,unpredictable,,36,10.422498
u128,fmt,unpredictable,,37,26.233723
u128,naive,unpredictable,,37,127.030263
u128,null,unpredictable,,37,0.649780
u128,zmij_neon,unpredictable,,37,4.995187
u128,zmij_scalar,unpredictable,,37,10.433346
u128,fmt,unpredictable,,38,26.589622
u128,naive,unpredictable,,38,131.874154
u128,null,unpredictable,,38,0.649839
u128,zmij_neon,unpredictable,,38,5.007545
u128,zmij_scalar,unpredictable,,38,10.411789
u128,fmt,unpredictable,,39,34.540822
u128,naive,unpredictable,,39,134.697586
u128,null,unpredictable,,39,0.651211
u128,zmij_neon,unpredictable,,39,4.872302
u128,zmij_scalar,unpredictable,,39,10.381808
u128,fmt,admixture,5x6,0,4.837662
u128,naive,admixture,5x6,0,11.895080
u128,null,admixture,5x6,0,0.656664
u128,zmij_neon,admixture,5x6,0,1.830180
u128,zmij_scalar,admixture,5x6,0,3.068864
u128,fmt,admixture,5x6,10,5.581667
u128,naive,admixture,5x6,10,12.844443
u128,null,admixture,5x6,10,0.652621
u128,zmij_neon,admixture,5x6,10,1.828611
u128,zmij_scalar,admixture,5x6,10,3.070096
u128,fmt,admixture,5x6,20,6.302436
u128,naive,admixture,5x6,20,13.732394
u128,null,admixture,5x6,20,0.651091
u128,zmij_neon,admixture,5x6,20,1.835456
u128,zmij_scalar,admixture,5x6,20,3.070821
u128,fmt,admixture,5x6,30,6.942451
u128,naive,admixture,5x6,30,14.659325
u128,null,admixture,5x6,30,0.653287
u128,zmij_neon,admixture,5x6,30,1.830081
u128,zmij_scalar,admixture,5x6,30,3.064901
u128,fmt,admixture,5x6,40,7.719576
u128,naive,admixture,5x6,40,15.633106
u128,null,admixture,5x6,40,0.653416
u128,zmij_neon,admixture,5x6,40,1.832267
u128,zmij_scalar,admixture,5x6,40,3.075341
u128,fmt,admixture,5x6,50,8.207699
u128,naive,admixture,5x6,50,16.095499
u128,null,admixture,5x6,50,0.651797
u128,zmij_neon,admixture,5x6,50,1.833906
u128,zmij_scalar,admixture,5x6,50,3.062397
u128,fmt,admixture,5x6,60,7.719974
u128,naive,admixture,5x6,60,14.877349
u128,null,admixture,5x6,60,0.651081
u128,zmij_neon,admixture,5x6,60,1.834482
u128,zmij_scalar,admixture,5x6,60,3.078660
u128,fmt,admixture,5x6,70,6.962657
u128,naive,admixture,5x6,70,13.309340
u128,null,admixture,5x6,70,0.651101
u128,zmij_neon,admixture,5x6,70,1.829634
u128,zmij_scalar,admixture,5x6,70,3.060162
u128,fmt,admixture,5x6,80,6.191333
u128,naive,admixture,5x6,80,11.921475
u128,null,admixture,5x6,80,0.651121
u128,zmij_neon,admixture,5x6,80,1.828889
u128,zmij_scalar,admixture,5x6,80,3.076742
u128,fmt,admixture,5x6,90,5.492568
u128,naive,admixture,5x6,90,10.556887
u128,null,admixture,5x6,90,0.651091
u128,zmij_neon,admixture,5x6,90,1.839370
u128,zmij_scalar,admixture,5x6,90,3.080408
u128,fmt,admixture,5x6,100,4.813612
u128,naive,admixture,5x6,100,9.145518
u128,null,admixture,5x6,100,0.653118
u128,zmij_neon,admixture,5x6,100,1.844267
u128,zmij_scalar,admixture,5x6,100,3.070474
u128,fmt,admixture,straddle64,0,17.234822
u128,naive,admixture,straddle64,0,74.898223
u128,null,admixture,straddle64,0,0.651787
u128,zmij_neon,admixture,straddle64,0,2.340803
u128,zmij_scalar,admixture,straddle64,0,8.159647
u128,fmt,admixture,straddle64,10,17.379344
u128,naive,admixture,straddle64,10,75.029095
u128,null,admixture,straddle64,10,0.651091
u128,zmij_neon,admixture,straddle64,10,2.662748
u128,zmij_scalar,admixture,straddle64,10,8.175194
u128,fmt,admixture,straddle64,20,17.419090
u128,naive,admixture,straddle64,20,75.162878
u128,null,admixture,straddle64,20,0.651807
u128,zmij_neon,admixture,straddle64,20,2.868871
u128,zmij_scalar,admixture,straddle64,20,8.158048
u128,fmt,admixture,straddle64,30,17.612288
u128,naive,admixture,straddle64,30,75.355699
u128,null,admixture,straddle64,30,0.652343
u128,zmij_neon,admixture,straddle64,30,2.970080
u128,zmij_scalar,admixture,straddle64,30,8.209099
u128,fmt,admixture,straddle64,40,17.799397
u128,naive,admixture,straddle64,40,75.409164
u128,null,admixture,straddle64,40,0.651787
u128,zmij_neon,admixture,straddle64,40,3.256778
u128,zmij_scalar,admixture,straddle64,40,8.245438
u128,fmt,admixture,straddle64,50,17.912924
u128,naive,admixture,straddle64,50,75.487713
u128,null,admixture,straddle64,50,0.651091
u128,zmij_neon,admixture,straddle64,50,3.698915
u128,zmij_scalar,admixture,straddle64,50,8.047094
u128,fmt,admixture,straddle64,60,17.279814
u128,naive,admixture,straddle64,60,75.149586
u128,null,admixture,straddle64,60,0.651787
u128,zmij_neon,admixture,straddle64,60,3.324727
u128,zmij_scalar,admixture,straddle64,60,7.186741
u128,fmt,admixture,straddle64,70,16.378115
u128,naive,admixture,straddle64,70,73.139777
u128,null,admixture,straddle64,70,0.651628
u128,zmij_neon,admixture,straddle64,70,2.658705
u128,zmij_scalar,admixture,straddle64,70,6.014595
u128,fmt,admixture,straddle64,80,15.557418
u128,naive,admixture,straddle64,80,70.871413
u128,null,admixture,straddle64,80,0.651091
u128,zmij_neon,admixture,straddle64,80,2.407372
u128,zmij_scalar,admixture,straddle64,80,4.953444
u128,fmt,admixture,straddle64,90,14.767448
u128,naive,admixture,straddle64,90,69.179773
u128,null,admixture,straddle64,90,0.651807
u128,zmij_neon,admixture,straddle64,90,2.258102
u128,zmij_scalar,admixture,straddle64,90,3.989895
u128,fmt,admixture,straddle64,100,13.797412
u128,naive,admixture,straddle64,100,67.214390
u128,null,admixture,straddle64,100,0.651787
u128,zmij_neon,admixture,straddle64,100,1.831820
u128,zmij_scalar,admixture,straddle64,100,3.089289
u128,fmt,admixture,straddle1e32,0,25.162111
u128,naive,admixture,straddle1e32,0,116.124968
u128,null,admixture,straddle1e32,0,0.651091
u128,zmij_neon,admixture,straddle1e32,0,3.064463
u128,zmij_scalar,admixture,straddle1e32,0,9.763439
u128,fmt,admixture,straddle1e32,10,26.146193
u128,naive,admixture,straddle1e32,10,116.863698
u128,null,admixture,straddle1e32,10,0.651787
u128,zmij_neon,admixture,straddle1e32,10,3.709118
u128,zmij_scalar,admixture,straddle1e32,10,9.885887
u128,fmt,admixture,straddle1e32,20,27.059108
u128,naive,admixture,straddle1e32,20,117.665857
u128,null,admixture,straddle1e32,20,0.651787
u128,zmij_neon,admixture,straddle1e32,20,4.207204
u128,zmij_scalar,admixture,straddle1e32,20,10.068387
u128,fmt,admixture,straddle1e32,30,27.852088
u128,naive,admixture,straddle1e32,30,118.405491
u128,null,admixture,straddle1e32,30,0.651101
u128,zmij_neon,admixture,straddle1e32,30,4.685879
u128,zmij_scalar,admixture,straddle1e32,30,10.252247
u128,fmt,admixture,straddle1e32,40,28.620631
u128,naive,admixture,straddle1e32,40,119.146724
u128,null,admixture,straddle1e32,40,0.651777
u128,zmij_neon,admixture,straddle1e32,40,5.249490
u128,zmij_scalar,admixture,straddle1e32,40,10.470351
u128,fmt,admixture,straddle1e32,50,29.048800
u128,naive,admixture,straddle1e32,50,118.979534
u128,null,admixture,straddle1e32,50,0.651797
u128,zmij_neon,admixture,straddle1e32,50,5.574544
u128,zmij_scalar,admixture,straddle1e32,50,10.556767
u128,fmt,admixture,straddle1e32,60,28.297673
u128,naive,admixture,straddle1e32,60,116.334826
u128,null,admixture,straddle1e32,60,0.651777
u128,zmij_neon,admixture,straddle1e32,60,5.117357
u128,zmij_scalar,admixture,straddle1e32,60,10.163238
u128,fmt,admixture,straddle1e32,70,27.252823
u128,naive,admixture,straddle1e32,70,113.917381
u128,null,admixture,straddle1e32,70,0.651091
u128,zmij_neon,admixture,straddle1e32,70,4.412621
u128,zmij_scalar,admixture,straddle1e32,70,9.641657
u128,fmt,admixture,straddle1e32,80,26.401768
u128,naive,admixture,straddle1e32,80,111.928920
u128,null,admixture,straddle1e32,80,0.651081
u128,zmij_neon,admixture,straddle1e32,80,3.636678
u128,zmij_scalar,admixture,straddle1e32,80,9.142300
u128,fmt,admixture,straddle1e32,90,25.428653
u128,naive,admixture,straddle1e32,90,110.062699
u128,null,admixture,straddle1e32,90,0.651091
u128,zmij_neon,admixture,straddle1e32,90,3.092150
u128,zmij_scalar,admixture,straddle1e32,90,8.656760
u128,fmt,admixture,straddle1e32,100,24.665226
u128,naive,admixture,straddle1e32,100,108.220885
u128,null,admixture,straddle1e32,100,0.651091
u128,zmij_neon,admixture,straddle1e32,100,2.337476
u128,zmij_scalar,admixture,straddle1e32,100,8.185108
i128,fmt,bylength,,1,7.309238
i128,naive,bylength,,1,3.590455
i128,null,bylength,,1,0.651816
i128,zmij_neon,bylength,,1,1.838654
i128,zmij_scalar,bylength,,1,3.289213
i128,fmt,bylength,,2,7.286658
i128,naive,bylength,,2,4.848490
i128,null,bylength,,2,0.655869
i128,zmij_neon,bylength,,2,1.841287
i128,zmij_scalar,bylength,,2,3.281365
i128,fmt,bylength,,3,7.500072
i128,naive,bylength,,3,6.470849
i128,null,bylength,,3,0.656476
i128,zmij_neon,bylength,,3,1.838157
i128,zmij_scalar,bylength,,3,3.284315
i128,fmt,bylength,,4,7.609824
i128,naive,bylength,,4,8.197486
i128,null,bylength,,4,0.651101
i128,zmij_neon,bylength,,4,1.831710
i128,zmij_scalar,bylength,,4,3.292491
i128,fmt,bylength,,5,7.826586
i128,naive,bylength,,5,10.296156
i128,null,bylength,,5,0.654469
i128,zmij_neon,bylength,,5,1.836677
i128,zmij_scalar,bylength,,5,3.287295
i128,fmt,bylength,,6,7.888854
i128,naive,bylength,,6,12.861977
i128,null,bylength,,6,0.655880
i128,zmij_neon,bylength,,6,1.840303
i128,zmij_scalar,bylength,,6,3.286849
i128,fmt,bylength,,7,8.136163
i128,naive,bylength,,7,15.898496
i128,null,bylength,,7,0.651091
i128,zmij_neon,bylength,,7,1.840283
i128,zmij_scalar,bylength,,7,3.288269
i128,fmt,bylength,,8,8.250912
i128,naive,bylength,,8,18.924952
i128,null,bylength,,8,0.655552
i128,zmij_neon,bylength,,8,1.842231
i128,zmij_scalar,bylength,,8,3.288209
i128,fmt,bylength,,9,8.457968
i128,naive,bylength,,9,22.314837
i128,null,bylength,,9,0.651111
i128,zmij_neon,bylength,,9,1.838912
i128,zmij_scalar,bylength,,9,3.285944
i128,fmt,bylength,,10,8.387377
i128,naive,bylength,,10,25.358617
i128,null,bylength,,10,0.651797
i128,zmij_neon,bylength,,10,1.835386
i128,zmij_scalar,bylength,,10,3.284673
i128,fmt,bylength,,11,8.704205
i128,naive,bylength,,11,28.776487
i128,null,bylength,,11,0.651091
i128,zmij_neon,bylength,,11,1.837949
i128,zmij_scalar,bylength,,11,3.294418
i128,fmt,bylength,,12,8.873075
i128,naive,bylength,,12,32.500118
i128,null,bylength,,12,0.651797
i128,zmij_neon,bylength,,12,1.842260
i128,zmij_scalar,bylength,,12,3.294190
i128,fmt,bylength,,13,8.872817
i128,naive,bylength,,13,36.287397
i128,null,bylength,,13,0.651797
i128,zmij_neon,bylength,,13,1.840800
i128,zmij_scalar,bylength,,13,3.289372
i128,fmt,bylength,,14,9.133319
i128,naive,bylength,,14,40.029824
i128,null,bylength,,14,0.651787
i128,zmij_neon,bylength,,14,1.841138
i128,zmij_scalar,bylength,,14,3.297220
i128,fmt,bylength,,15,9.522786
i128,naive,bylength,,15,43.657531
i128,null,bylength,,15,0.651091
i128,zmij_neon,bylength,,15,1.838744
i128,zmij_scalar,bylength,,15,3.289769
i128,fmt,bylength,,16,9.445389
i128,naive,bylength,,16,47.403663
i128,null,bylength,,16,0.651091
i128,zmij_neon,bylength,,16,1.841992
i128,zmij_scalar,bylength,,16,3.291468
i128,fmt,bylength,,17,9.838899
i128,naive,bylength,,17,51.066657
i128,null,bylength,,17,0.651091
i128,zmij_neon,bylength,,17,1.845201
i128,zmij_scalar,bylength,,17,3.288358
i128,fmt,bylength,,18,9.960075
i128,naive,bylength,,18,54.911017
i128,null,bylength,,18,0.651091
i128,zmij_neon,bylength,,18,1.835436
i128,zmij_scalar,bylength,,18,3.299316
i128,fmt,bylength,,19,10.179043
i128,naive,bylength,,19,58.590243
i128,null,bylength,,19,0.651101
i128,zmij_neon,bylength,,19,2.254257
i128,zmij_scalar,bylength,,19,4.163573
i128,fmt,bylength,,20,16.618043
i128,naive,bylength,,20,62.328776
i128,null,bylength,,20,0.651082
i128,zmij_neon,bylength,,20,2.674659
i128,zmij_scalar,bylength,,20,8.679996
i128,fmt,bylength,,21,16.588857
i128,naive,bylength,,21,66.036651
i128,null,bylength,,21,0.651091
i128,zmij_neon,bylength,,21,2.677301
i128,zmij_scalar,bylength,,21,8.698980
i128,fmt,bylength,,22,17.059803
i128,naive,bylength,,22,69.970280
i128,null,bylength,,22,0.651111
i128,zmij_neon,bylength,,22,2.685815
i128,zmij_scalar,bylength,,22,8.692026
i128,fmt,bylength,,23,16.925097
i128,naive,bylength,,23,73.736727
i128,null,bylength,,23,0.651091
i128,zmij_neon,bylength,,23,2.687414
i128,zmij_scalar,bylength,,23,8.687754
i128,fmt,bylength,,24,17.355035
i128,naive,bylength,,24,77.480813
i128,null,bylength,,24,0.651797
i128,zmij_neon,bylength,,24,2.683262
i128,zmij_scalar,bylength,,24,8.698751
i128,fmt,bylength,,25,17.258952
i128,naive,bylength,,25,81.312338
i128,null,bylength,,25,0.651101
i128,zmij_neon,bylength,,25,2.675096
i128,zmij_scalar,bylength,,25,8.713285
i128,fmt,bylength,,26,17.647257
i128,naive,bylength,,26,85.103442
i128,null,bylength,,26,0.651121
i128,zmij_neon,bylength,,26,2.681126
i128,zmij_scalar,bylength,,26,8.743753
i128,fmt,bylength,,27,17.963956
i128,naive,bylength,,27,88.932743
i128,null,bylength,,27,0.651091
i128,zmij_neon,bylength,,27,2.683004
i128,zmij_scalar,bylength,,27,8.759995
i128,fmt,bylength,,28,19.791553
i128,naive,bylength,,28,92.689594
i128,null,bylength,,28,0.651797
i128,zmij_neon,bylength,,28,2.678355
i128,zmij_scalar,bylength,,28,8.783648
i128,fmt,bylength,,29,25.126040
i128,naive,bylength,,29,96.562674
i128,null,bylength,,29,0.651091
i128,zmij_neon,bylength,,29,2.676229
i128,zmij_scalar,bylength,,29,8.765658
i128,fmt,bylength,,30,25.753577
i128,naive,bylength,,30,100.309471
i128,null,bylength,,30,0.651091
i128,zmij_neon,bylength,,30,2.675076
i128,zmij_scalar,bylength,,30,8.769780
i128,fmt,bylength,,31,25.771767
i128,naive,bylength,,31,104.241073
i128,null,bylength,,31,0.651151
i128,zmij_neon,bylength,,31,2.686828
i128,zmij_scalar,bylength,,31,8.761158
i128,fmt,bylength,,32,26.298642
i128,naive,bylength,,32,108.110487
i128,null,bylength,,32,0.651101
i128,zmij_neon,bylength,,32,2.679447
i128,zmij_scalar,bylength,,32,8.726040
i128,fmt,bylength,,33,26.338041
i128,naive,bylength,,33,112.230529
i128,null,bylength,,33,0.651787
i128,zmij_neon,bylength,,33,3.322323
i128,zmij_scalar,bylength,,33,10.255049
i128,fmt,bylength,,34,26.776969
i128,naive,bylength,,34,116.011510
i128,null,bylength,,34,0.651082
i128,zmij_neon,bylength,,34,3.324608
i128,zmij_scalar,bylength,,34,10.254443
i128,fmt,bylength,,35,26.713888
i128,naive,bylength,,35,119.810293
i128,null,bylength,,35,0.651787
i128,zmij_neon,bylength,,35,3.319770
i128,zmij_scalar,bylength,,35,10.252357
i128,fmt,bylength,,36,27.176996
i128,naive,bylength,,36,123.656174
i128,null,bylength,,36,0.651091
i128,zmij_neon,bylength,,36,3.317644
i128,zmij_scalar,bylength,,36,10.250618
i128,fmt,bylength,,37,27.277678
i128,naive,bylength,,37,127.501369
i128,null,bylength,,37,0.651091
i128,zmij_neon,bylength,,37,3.323118
i128,zmij_scalar,bylength,,37,10.258565
i128,fmt,bylength,,38,28.336962
i128,naive,bylength,,38,131.317397
i128,null,bylength,,38,0.651091
i128,zmij_neon,bylength,,38,3.323595
i128,zmij_scalar,bylength,,38,10.245949
i128,fmt,bylength,,39,28.357506
i128,naive,bylength,,39,135.217994
i128,null,bylength,,39,0.651787
i128,zmij_neon,bylength,,39,3.312190
i128,zmij_scalar,bylength,,39,10.245492
i128,fmt,loguniform,1-39,39,25.385339
i128,naive,loguniform,1-39,39,79.756132
i128,null,loguniform,1-39,39,0.651092
i128,zmij_neon,loguniform,1-39,39,4.343716
i128,zmij_scalar,loguniform,1-39,39,9.454920
i128,fmt,loguniform,1-4,4,10.683576
i128,naive,loguniform,1-4,4,9.947578
i128,null,loguniform,1-4,4,0.651091
i128,zmij_neon,loguniform,1-4,4,1.842439
i128,zmij_scalar,loguniform,1-4,4,3.285905
i128,fmt,uniform,0-255,0,7.028083
i128,naive,uniform,0-255,0,6.343961
i128,null,uniform,0-255,0,0.665237
i128,zmij_neon,uniform,0-255,0,1.847029
i128,zmij_scalar,uniform,0-255,0,3.283988
i128,fmt,unpredictable,,1,9.102921
i128,naive,unpredictable,,1,6.940176
i128,null,unpredictable,,1,0.652979
i128,zmij_neon,unpredictable,,1,2.861847
i128,zmij_scalar,unpredictable,,1,3.702680
i128,fmt,unpredictable,,2,9.097377
i128,naive,unpredictable,,2,8.461008
i128,null,unpredictable,,2,0.650337
i128,zmij_neon,unpredictable,,2,2.848397
i128,zmij_scalar,unpredictable,,2,3.640810
i128,fmt,unpredictable,,3,8.968949
i128,naive,unpredictable,,3,10.363330
i128,null,unpredictable,,3,0.650316
i128,zmij_neon,unpredictable,,3,2.861430
i128,zmij_scalar,unpredictable,,3,3.658870
i128,fmt,unpredictable,,4,8.956850
i128,naive,unpredictable,,4,12.320548
i128,null,unpredictable,,4,0.651707
i128,zmij_neon,unpredictable,,4,2.656211
i128,zmij_scalar,unpredictable,,4,3.692528
i128,fmt,unpredictable,,5,9.156624
i128,naive,unpredictable,,5,14.586538
i128,null,unpredictable,,5,0.650396
i128,zmij_neon,unpredictable,,5,2.734333
i128,zmij_scalar,unpredictable,,5,3.657579
i128,fmt,unpredictable,,6,9.266257
i128,naive,unpredictable,,6,17.101397
i128,null,unpredictable,,6,0.651747
i128,zmij_neon,unpredictable,,6,2.752831
i128,zmij_scalar,unpredictable,,6,3.687362
i128,fmt,unpredictable,,7,9.415289
i128,naive,unpredictable,,7,19.802222
i128,null,unpredictable,,7,0.650336
i128,zmij_neon,unpredictable,,7,2.821376
i128,zmij_scalar,unpredictable,,7,3.672878
i128,fmt,unpredictable,,8,9.477139
i128,naive,unpredictable,,8,22.587150
i128,null,unpredictable,,8,0.650337
i128,zmij_neon,unpredictable,,8,2.714882
i128,zmij_scalar,unpredictable,,8,3.668864
i128,fmt,unpredictable,,9,9.731948
i128,naive,unpredictable,,9,25.935918
i128,null,unpredictable,,9,0.651707
i128,zmij_neon,unpredictable,,9,2.725790
i128,zmij_scalar,unpredictable,,9,3.668885
i128,fmt,unpredictable,,10,9.595712
i128,naive,unpredictable,,10,29.036671
i128,null,unpredictable,,10,0.651707
i128,zmij_neon,unpredictable,,10,2.752810
i128,zmij_scalar,unpredictable,,10,3.686706
i128,fmt,unpredictable,,11,10.027051
i128,naive,unpredictable,,11,32.626381
i128,null,unpredictable,,11,0.650336
i128,zmij_neon,unpredictable,,11,2.746294
i128,zmij_scalar,unpredictable,,11,3.683030
i128,fmt,unpredictable,,12,10.037740
i128,naive,unpredictable,,12,35.325895
i128,null,unpredictable,,12,0.651727
i128,zmij_neon,unpredictable,,12,2.804627
i128,zmij_scalar,unpredictable,,12,3.652870
i128,fmt,unpredictable,,13,10.141055
i128,naive,unpredictable,,13,39.080113
i128,null,unpredictable,,13,0.652879
i128,zmij_neon,unpredictable,,13,2.715101
i128,zmij_scalar,unpredictable,,13,3.658513
i128,fmt,unpredictable,,14,10.233422
i128,naive,unpredictable,,14,42.443086
i128,null,unpredictable,,14,0.654171
i128,zmij_neon,unpredictable,,14,2.672245
i128,zmij_scalar,unpredictable,,14,3.698210
i128,fmt,unpredictable,,15,10.370771
i128,naive,unpredictable,,15,45.682997
i128,null,unpredictable,,15,0.650376
i128,zmij_neon,unpredictable,,15,2.697776
i128,zmij_scalar,unpredictable,,15,3.682614
i128,fmt,unpredictable,,16,10.412534
i128,naive,unpredictable,,16,49.103250
i128,null,unpredictable,,16,0.651707
i128,zmij_neon,unpredictable,,16,2.641866
i128,zmij_scalar,unpredictable,,16,3.672798
i128,fmt,unpredictable,,17,10.763764
i128,naive,unpredictable,,17,52.942087
i128,null,unpredictable,,17,0.650316
i128,zmij_neon,unpredictable,,17,2.582560
i128,zmij_scalar,unpredictable,,17,3.652453
i128,fmt,unpredictable,,18,10.766248
i128,naive,unpredictable,,18,56.004971
i128,null,unpredictable,,18,0.651727
i128,zmij_neon,unpredictable,,18,2.732724
i128,zmij_scalar,unpredictable,,18,3.694515
i128,fmt,unpredictable,,19,11.383235
i128,naive,unpredictable,,19,60.440153
i128,null,unpredictable,,19,0.650337
i128,zmij_neon,unpredictable,,19,3.071954
i128,zmij_scalar,unpredictable,,19,4.679064
i128,fmt,unpredictable,,20,18.493016
i128,naive,unpredictable,,20,63.202411
i128,null,unpredictable,,20,0.650316
i128,zmij_neon,unpredictable,,20,3.455152
i128,zmij_scalar,unpredictable,,20,9.164453
i128,fmt,unpredictable,,21,18.186808
i128,naive,unpredictable,,21,67.194849
i128,null,unpredictable,,21,0.650337
i128,zmij_neon,unpredictable,,21,3.503611
i128,zmij_scalar,unpredictable,,21,9.169777
i128,fmt,unpredictable,,22,18.448532
i128,naive,unpredictable,,22,70.574453
i128,null,unpredictable,,22,0.651747
i128,zmij_neon,unpredictable,,22,3.468106
i128,zmij_scalar,unpredictable,,22,9.209951
i128,fmt,unpredictable,,23,18.504222
i128,naive,unpredictable,,23,74.632218
i128,null,unpredictable,,23,0.651707
i128,zmij_neon,unpredictable,,23,3.375004
i128,zmij_scalar,unpredictable,,23,9.144942
i128,fmt,unpredictable,,24,18.840849
i128,naive,unpredictable,,24,78.293234
i128,null,unpredictable,,24,0.650336
i128,zmij_neon,unpredictable,,24,3.343989
i128,zmij_scalar,unpredictable,,24,9.159327
i128,fmt,unpredictable,,25,18.784741
i128,naive,unpredictable,,25,81.943601
i128,null,unpredictable,,25,0.650356
i128,zmij_neon,unpredictable,,25,3.351082
i128,zmij_scalar,unpredictable,,25,9.160499
i128,fmt,unpredictable,,26,19.051075
i128,naive,unpredictable,,26,85.451037
i128,null,unpredictable,,26,0.650337
i128,zmij_neon,unpredictable,,26,3.391852
i128,zmij_scalar,unpredictable,,26,9.215037
i128,fmt,unpredictable,,27,19.341409
i128,naive,unpredictable,,27,89.690477
i128,null,unpredictable,,27,0.650316
i128,zmij_neon,unpredictable,,27,3.397574
i128,zmij_scalar,unpredictable,,27,9.218017
i128,fmt,unpredictable,,28,21.383306
i128,naive,unpredictable,,28,92.845052
i128,null,unpredictable,,28,0.650296
i128,zmij_neon,unpredictable,,28,3.472119
i128,zmij_scalar,unpredictable,,28,9.243945
i128,fmt,unpredictable,,29,26.560764
i128,naive,unpredictable,,29,96.776853
i128,null,unpredictable,,29,0.651727
i128,zmij_neon,unpredictable,,29,3.297478
i128,zmij_scalar,unpredictable,,29,9.271145
i128,fmt,unpredictable,,30,26.963075
i128,naive,unpredictable,,30,100.381523
i128,null,unpredictable,,30,0.651727
i128,zmij_neon,unpredictable,,30,3.278126
i128,zmij_scalar,unpredictable,,30,9.235223
i128,fmt,unpredictable,,31,27.360599
i128,naive,unpredictable,,31,104.355305
i128,null,unpredictable,,31,0.651707
i128,zmij_neon,unpredictable,,31,3.389090
i128,zmij_scalar,unpredictable,,31,9.246826
i128,fmt,unpredictable,,32,27.469019
i128,naive,unpredictable,,32,108.140359
i128,null,unpredictable,,32,0.651727
i128,zmij_neon,unpredictable,,32,3.458907
i128,zmij_scalar,unpredictable,,32,9.219865
i128,fmt,unpredictable,,33,27.602573
i128,naive,unpredictable,,33,112.003674
i128,null,unpredictable,,33,0.651747
i128,zmij_neon,unpredictable,,33,5.477180
i128,zmij_scalar,unpredictable,,33,11.099159
i128,fmt,unpredictable,,34,27.605692
i128,naive,unpredictable,,34,116.010298
i128,null,unpredictable,,34,0.651727
i128,zmij_neon,unpredictable,,34,5.491028
i128,zmij_scalar,unpredictable,,34,11.087636
i128,fmt,unpredictable,,35,27.753055
i128,naive,unpredictable,,35,119.947582
i128,null,unpredictable,,35,0.650316
i128,zmij_neon,unpredictable,,35,5.431901
i128,zmij_scalar,unpredictable,,35,11.020919
i128,fmt,unpredictable,,36,28.503875
i128,naive,unpredictable,,36,123.790552
i128,null,unpredictable,,36,0.651727
i128,zmij_neon,unpredictable,,36,5.468200
i128,zmij_scalar,unpredictable,,36,11.022866
i128,fmt,unpredictable,,37,28.455734
i128,naive,unpredictable,,37,127.446542
i128,null,unpredictable,,37,0.652760
i128,zmij_neon,unpredictable,,37,5.427251
i128,zmij_scalar,unpredictable,,37,11.069477
i128,fmt,unpredictable,,38,29.138923
i128,naive,unpredictable,,38,131.598701
i128,null,unpredictable,,38,0.654191
i128,zmij_neon,unpredictable,,38,5.535036
i128,zmij_scalar,unpredictable,,38,11.092385
i128,fmt,unpredictable,,39,32.562514
i128,naive,unpredictable,,39,135.860413
i128,null,unpredictable,,39,0.650337
i128,zmij_neon,unpredictable,,39,5.344798
i128,zmij_scalar,unpredictable,,39,11.057099
i128,fmt,admixture,5x6,0,8.021563
i128,naive,admixture,5x6,0,12.987812
i128,null,admixture,5x6,0,0.654469
i128,zmij_neon,admixture,5x6,0,1.844943
i128,zmij_scalar,admixture,5x6,0,3.294379
i128,fmt,admixture,5x6,10,8.520275
i128,naive,admixture,5x6,10,14.090379
i128,null,admixture,5x6,10,0.661244
i128,zmij_neon,admixture,5x6,10,1.838555
i128,zmij_scalar,admixture,5x6,10,3.290355
i128,fmt,admixture,5x6,20,9.109904
i128,naive,admixture,5x6,20,14.993697
i128,null,admixture,5x6,20,0.657121
i128,zmij_neon,admixture,5x6,20,1.847327
i128,zmij_scalar,admixture,5x6,20,3.291368
i128,fmt,admixture,5x6,30,9.721438
i128,naive,admixture,5x6,30,15.803486
i128,null,admixture,5x6,30,0.655194
i128,zmij_neon,admixture,5x6,30,1.843015
i128,zmij_scalar,admixture,5x6,30,3.295322
i128,fmt,admixture,5x6,40,10.372728
i128,naive,admixture,5x6,40,16.938825
i128,null,admixture,5x6,40,0.654846
i128,zmij_neon,admixture,5x6,40,1.845995
i128,zmij_scalar,admixture,5x6,40,3.291597
i128,fmt,admixture,5x6,50,10.746747
i128,naive,admixture,5x6,50,17.429024
i128,null,admixture,5x6,50,0.657300
i128,zmij_neon,admixture,5x6,50,1.840840
i128,zmij_scalar,admixture,5x6,50,3.283530
i128,fmt,admixture,5x6,60,10.284066
i128,naive,admixture,5x6,60,16.297460
i128,null,admixture,5x6,60,0.651787
i128,zmij_neon,admixture,5x6,60,1.844923
i128,zmij_scalar,admixture,5x6,60,3.291160
i128,fmt,admixture,5x6,70,9.676029
i128,naive,admixture,5x6,70,14.567484
i128,null,admixture,5x6,70,0.654688
i128,zmij_neon,admixture,5x6,70,1.844476
i128,zmij_scalar,admixture,5x6,70,3.290802
i128,fmt,admixture,5x6,80,9.069334
i128,naive,admixture,5x6,80,13.129224
i128,null,admixture,5x6,80,0.651091
i128,zmij_neon,admixture,5x6,80,1.847257
i128,zmij_scalar,admixture,5x6,80,3.293057
i128,fmt,admixture,5x6,90,8.497119
i128,naive,admixture,5x6,90,11.742691
i128,null,admixture,5x6,90,0.658641
i128,zmij_neon,admixture,5x6,90,1.845191
i128,zmij_scalar,admixture,5x6,90,3.293862
i128,fmt,admixture,5x6,100,7.865240
i128,naive,admixture,5x6,100,10.349472
i128,null,admixture,5x6,100,0.663807
i128,zmij_neon,admixture,5x6,100,1.840691
i128,zmij_scalar,admixture,5x6,100,3.289213
i128,fmt,admixture,straddle64,0,19.303501
i128,naive,admixture,straddle64,0,76.544990
i128,null,admixture,straddle64,0,0.651787
i128,zmij_neon,admixture,straddle64,0,2.684782
i128,zmij_scalar,admixture,straddle64,0,8.716196
i128,fmt,admixture,straddle64,10,19.537747
i128,naive,admixture,straddle64,10,76.627175
i128,null,admixture,straddle64,10,0.653942
i128,zmij_neon,admixture,straddle64,10,2.868682
i128,zmij_scalar,admixture,straddle64,10,8.775850
i128,fmt,admixture,straddle64,20,19.808084
i128,naive,admixture,straddle64,20,76.790839
i128,null,admixture,straddle64,20,0.651777
i128,zmij_neon,admixture,straddle64,20,3.043284
i128,zmij_scalar,admixture,straddle64,20,8.792748
i128,fmt,admixture,straddle64,30,20.127922
i128,naive,admixture,straddle64,30,77.039758
i128,null,admixture,straddle64,30,0.651787
i128,zmij_neon,admixture,straddle64,30,3.139585
i128,zmij_scalar,admixture,straddle64,30,8.819689
i128,fmt,admixture,straddle64,40,20.430992
i128,naive,admixture,straddle64,40,77.262124
i128,null,admixture,straddle64,40,0.651807
i128,zmij_neon,admixture,straddle64,40,3.201763
i128,zmij_scalar,admixture,straddle64,40,8.823742
i128,fmt,admixture,straddle64,50,20.706793
i128,naive,admixture,straddle64,50,77.370058
i128,null,admixture,straddle64,50,0.651787
i128,zmij_neon,admixture,straddle64,50,3.319383
i128,zmij_scalar,admixture,straddle64,50,8.846293
i128,fmt,admixture,straddle64,60,20.168344
i128,naive,admixture,straddle64,60,76.765766
i128,null,admixture,straddle64,60,0.651091
i128,zmij_neon,admixture,straddle64,60,3.398399
i128,zmij_scalar,admixture,straddle64,60,8.838356
i128,fmt,admixture,straddle64,70,19.193450
i128,naive,admixture,straddle64,70,75.160811
i128,null,admixture,straddle64,70,0.663986
i128,zmij_neon,admixture,straddle64,70,3.445804
i128,zmij_scalar,admixture,straddle64,70,8.857787
i128,fmt,admixture,straddle64,80,18.232763
i128,naive,admixture,straddle64,80,72.853625
i128,null,admixture,straddle64,80,0.651797
i128,zmij_neon,admixture,straddle64,80,3.554592
i128,zmij_scalar,admixture,straddle64,80,8.933882
i128,fmt,admixture,straddle64,90,17.216831
i128,naive,admixture,straddle64,90,70.918987
i128,null,admixture,straddle64,90,0.651787
i128,zmij_neon,admixture,straddle64,90,3.880262
i128,zmij_scalar,admixture,straddle64,90,8.872042
i128,fmt,admixture,straddle64,100,16.334663
i128,naive,admixture,straddle64,100,69.075902
i128,null,admixture,straddle64,100,0.655075
i128,zmij_neon,admixture,straddle64,100,4.053811
i128,zmij_scalar,admixture,straddle64,100,8.714517
i128,fmt,admixture,straddle1e32,0,27.576923
i128,naive,admixture,straddle1e32,0,117.276708
i128,null,admixture,straddle1e32,0,0.651787
i128,zmij_neon,admixture,straddle1e32,0,3.320237
i128,zmij_scalar,admixture,straddle1e32,0,10.282606
i128,fmt,admixture,straddle1e32,10,28.607855
i128,naive,admixture,straddle1e32,10,118.043900
i128,null,admixture,straddle1e32,10,0.654519
i128,zmij_neon,admixture,straddle1e32,10,4.063507
i128,zmij_scalar,admixture,straddle1e32,10,10.516624
i128,fmt,admixture,straddle1e32,20,29.378921
i128,naive,admixture,straddle1e32,20,118.971825
i128,null,admixture,straddle1e32,20,0.651787
i128,zmij_neon,admixture,straddle1e32,20,4.683177
i128,zmij_scalar,admixture,straddle1e32,20,10.711402
i128,fmt,admixture,straddle1e32,30,30.365904
i128,naive,admixture,straddle1e32,30,119.878441
i128,null,admixture,straddle1e32,30,0.656396
i128,zmij_neon,admixture,straddle1e32,30,5.190362
i128,zmij_scalar,admixture,straddle1e32,30,10.882417
i128,fmt,admixture,straddle1e32,40,31.377902
i128,naive,admixture,straddle1e32,40,120.716453
i128,null,admixture,straddle1e32,40,0.651787
i128,zmij_neon,admixture,straddle1e32,40,5.768637
i128,zmij_scalar,admixture,straddle1e32,40,11.107644
i128,fmt,admixture,straddle1e32,50,31.530490
i128,naive,admixture,straddle1e32,50,120.561967
i128,null,admixture,straddle1e32,50,0.651797
i128,zmij_neon,admixture,straddle1e32,50,6.193171
i128,zmij_scalar,admixture,straddle1e32,50,11.203488
i128,fmt,admixture,straddle1e32,60,30.925711
i128,naive,admixture,straddle1e32,60,118.107269
i128,null,admixture,straddle1e32,60,0.651787
i128,zmij_neon,admixture,straddle1e32,60,5.652378
i128,zmij_scalar,admixture,straddle1e32,60,10.815948
i128,fmt,admixture,straddle1e32,70,29.983997
i128,naive,admixture,straddle1e32,70,115.464479
i128,null,admixture,straddle1e32,70,0.651777
i128,zmij_neon,admixture,straddle1e32,70,4.848441
i128,zmij_scalar,admixture,straddle1e32,70,10.291000
i128,fmt,admixture,straddle1e32,80,28.958529
i128,naive,admixture,straddle1e32,80,113.282432
i128,null,admixture,straddle1e32,80,0.653476
i128,zmij_neon,admixture,straddle1e32,80,4.071345
i128,zmij_scalar,admixture,straddle1e32,80,9.773393
i128,fmt,admixture,straddle1e32,90,27.945330
i128,naive,admixture,straddle1e32,90,111.353070
i128,null,admixture,straddle1e32,90,0.651101
i128,zmij_neon,admixture,straddle1e32,90,3.452341
i128,zmij_scalar,admixture,straddle1e32,90,9.276887
i128,fmt,admixture,straddle1e32,100,27.063578
i128,naive,admixture,straddle1e32,100,109.424144
i128,null,admixture,straddle1e32,100,0.651101
i128,zmij_neon,admixture,straddle1e32,100,2.677500
i128,zmij_scalar,admixture,straddle1e32,100,8.766482
