Type,Function,Mode,Series,X,Time_ns
u32,amartin,bylength,,1,0.746992
u32,branchlut,bylength,,1,1.058226
u32,branchlut2,bylength,,1,0.881036
u32,countlut,bylength,,1,0.996936
u32,fmt,bylength,,1,0.938216
u32,jeaiii,bylength,,1,0.792441
u32,naive,bylength,,1,1.346709
u32,null,bylength,,1,1.066126
u32,sse2,bylength,,1,1.129699
u32,tmueller,bylength,,1,0.909086
u32,unrolledlut,bylength,,1,1.284225
u32,yy,bylength,,1,0.973003
u32,zmij_scalar,bylength,,1,2.186490
u32,zmij_x64_native,bylength,,1,1.195564
u32,zmij_x64_v1,bylength,,1,1.827574
u32,zmij_x64_v2,bylength,,1,1.299340
u32,zmij_x64_v3,bylength,,1,1.264592
u32,zmij_x64_v4,bylength,,1,1.216478
u32,amartin,bylength,,2,0.929751
u32,branchlut,bylength,,2,1.287283
u32,branchlut2,bylength,,2,0.960315
u32,countlut,bylength,,2,1.058455
u32,fmt,bylength,,2,1.092878
u32,jeaiii,bylength,,2,1.056735
u32,naive,bylength,,2,1.988101
u32,null,bylength,,2,0.950465
u32,sse2,bylength,,2,1.301276
u32,tmueller,bylength,,2,1.376680
u32,unrolledlut,bylength,,2,1.196568
u32,yy,bylength,,2,0.995531
u32,zmij_scalar,bylength,,2,2.219137
u32,zmij_x64_native,bylength,,2,1.259958
u32,zmij_x64_v1,bylength,,2,1.825854
u32,zmij_x64_v2,bylength,,2,1.303028
u32,zmij_x64_v3,bylength,,2,1.182762
u32,zmij_x64_v4,bylength,,2,1.220166
u32,amartin,bylength,,3,0.956771
u32,branchlut,bylength,,3,1.253777
u32,branchlut2,bylength,,3,1.171374
u32,countlut,bylength,,3,1.303258
u32,fmt,bylength,,3,1.253816
u32,jeaiii,bylength,,3,1.030127
u32,naive,bylength,,3,2.805182
u32,null,bylength,,3,1.057719
u32,sse2,bylength,,3,1.260493
u32,tmueller,bylength,,3,1.375113
u32,unrolledlut,bylength,,3,1.179341
u32,yy,bylength,,3,1.043119
u32,zmij_scalar,bylength,,3,2.206038
u32,zmij_x64_native,bylength,,3,1.218714
u32,zmij_x64_v1,bylength,,3,1.830688
u32,zmij_x64_v2,bylength,,3,1.298729
u32,zmij_x64_v3,bylength,,3,1.219239
u32,zmij_x64_v4,bylength,,3,1.230465
u32,amartin,bylength,,4,0.947627
u32,branchlut,bylength,,4,1.320856
u32,branchlut2,bylength,,4,1.238977
u32,countlut,bylength,,4,1.389664
u32,fmt,bylength,,4,1.295300
u32,jeaiii,bylength,,4,0.999544
u32,naive,bylength,,4,3.583741
u32,null,bylength,,4,1.099928
u32,sse2,bylength,,4,1.311293
u32,tmueller,bylength,,4,0.991413
u32,unrolledlut,bylength,,4,1.206388
u32,yy,bylength,,4,0.986741
u32,zmij_scalar,bylength,,4,2.216146
u32,zmij_x64_native,bylength,,4,1.254857
u32,zmij_x64_v1,bylength,,4,1.808313
u32,zmij_x64_v2,bylength,,4,1.302828
u32,zmij_x64_v3,bylength,,4,1.228918
u32,zmij_x64_v4,bylength,,4,1.193253
u32,amartin,bylength,,5,1.377301
u32,branchlut,bylength,,5,1.867978
u32,branchlut2,bylength,,5,1.321496
u32,countlut,bylength,,5,1.723244
u32,fmt,bylength,,5,1.812660
u32,jeaiii,bylength,,5,1.035439
u32,naive,bylength,,5,4.280680
u32,null,bylength,,5,0.874710
u32,sse2,bylength,,5,1.831252
u32,tmueller,bylength,,5,0.929465
u32,unrolledlut,bylength,,5,1.658257
u32,yy,bylength,,5,1.339210
u32,zmij_scalar,bylength,,5,2.209936
u32,zmij_x64_native,bylength,,5,1.238128
u32,zmij_x64_v1,bylength,,5,1.797154
u32,zmij_x64_v2,bylength,,5,1.313117
u32,zmij_x64_v3,bylength,,5,1.184463
u32,zmij_x64_v4,bylength,,5,1.233600
u32,amartin,bylength,,6,1.368091
u32,branchlut,bylength,,6,2.057405
u32,branchlut2,bylength,,6,1.372849
u32,countlut,bylength,,6,1.803564
u32,fmt,bylength,,6,1.784429
u32,jeaiii,bylength,,6,1.280280
u32,naive,bylength,,6,5.118540
u32,null,bylength,,6,0.729690
u32,sse2,bylength,,6,2.015540
u32,tmueller,bylength,,6,1.425654
u32,unrolledlut,bylength,,6,1.493995
u32,yy,bylength,,6,1.312496
u32,zmij_scalar,bylength,,6,2.201825
u32,zmij_x64_native,bylength,,6,1.213535
u32,zmij_x64_v1,bylength,,6,1.795625
u32,zmij_x64_v2,bylength,,6,1.285248
u32,zmij_x64_v3,bylength,,6,1.199042
u32,zmij_x64_v4,bylength,,6,1.195221
u32,amartin,bylength,,7,1.842784
u32,branchlut,bylength,,7,2.060501
u32,branchlut2,bylength,,7,1.780024
u32,countlut,bylength,,7,2.166895
u32,fmt,bylength,,7,2.289388
u32,jeaiii,bylength,,7,1.353980
u32,naive,bylength,,7,5.941592
u32,null,bylength,,7,1.090442
u32,sse2,bylength,,7,2.078062
u32,tmueller,bylength,,7,1.413120
u32,unrolledlut,bylength,,7,1.436212
u32,yy,bylength,,7,1.632997
u32,zmij_scalar,bylength,,7,2.217302
u32,zmij_x64_native,bylength,,7,1.176982
u32,zmij_x64_v1,bylength,,7,1.785650
u32,zmij_x64_v2,bylength,,7,1.295012
u32,zmij_x64_v3,bylength,,7,1.238175
u32,zmij_x64_v4,bylength,,7,1.226797
u32,amartin,bylength,,8,1.819061
u32,branchlut,bylength,,8,2.154580
u32,branchlut2,bylength,,8,1.836832
u32,countlut,bylength,,8,2.229837
u32,fmt,bylength,,8,2.296467
u32,jeaiii,bylength,,8,1.287875
u32,naive,bylength,,8,5.936453
u32,null,bylength,,8,1.090469
u32,sse2,bylength,,8,2.137354
u32,tmueller,bylength,,8,1.860172
u32,unrolledlut,bylength,,8,1.431808
u32,yy,bylength,,8,1.635566
u32,zmij_scalar,bylength,,8,2.200038
u32,zmij_x64_native,bylength,,8,1.191256
u32,zmij_x64_v1,bylength,,8,1.802676
u32,zmij_x64_v2,bylength,,8,1.290504
u32,zmij_x64_v3,bylength,,8,1.224312
u32,zmij_x64_v4,bylength,,8,1.245121
u32,amartin,bylength,,9,2.185191
u32,branchlut,bylength,,9,1.943245
u32,branchlut2,bylength,,9,1.971897
u32,countlut,bylength,,9,2.596828
u32,fmt,bylength,,9,2.880458
u32,jeaiii,bylength,,9,1.542854
u32,naive,bylength,,9,6.971701
u32,null,bylength,,9,0.809524
u32,sse2,bylength,,9,1.279850
u32,tmueller,bylength,,9,1.884181
u32,unrolledlut,bylength,,9,1.910120
u32,yy,bylength,,9,1.998650
u32,zmij_scalar,bylength,,9,2.210195
u32,zmij_x64_native,bylength,,9,1.280605
u32,zmij_x64_v1,bylength,,9,1.807109
u32,zmij_x64_v2,bylength,,9,1.304032
u32,zmij_x64_v3,bylength,,9,1.241271
u32,zmij_x64_v4,bylength,,9,1.275895
u32,amartin,bylength,,10,2.181962
u32,branchlut,bylength,,10,2.048712
u32,branchlut2,bylength,,10,1.960213
u32,countlut,bylength,,10,2.816313
u32,fmt,bylength,,10,2.878910
u32,jeaiii,bylength,,10,1.560605
u32,naive,bylength,,10,7.781940
u32,null,bylength,,10,1.123422
u32,sse2,bylength,,10,1.309315
u32,tmueller,bylength,,10,1.906376
u32,unrolledlut,bylength,,10,1.896783
u32,yy,bylength,,10,1.986104
u32,zmij_scalar,bylength,,10,2.207166
u32,zmij_x64_native,bylength,,10,1.245484
u32,zmij_x64_v1,bylength,,10,1.810663
u32,zmij_x64_v2,bylength,,10,1.311320
u32,zmij_x64_v3,bylength,,10,1.236226
u32,zmij_x64_v4,bylength,,10,1.202252
u32,amartin,loguniform,1-10,10,6.161776
u32,branchlut,loguniform,1-10,10,8.393165
u32,branchlut2,loguniform,1-10,10,8.884861
u32,countlut,loguniform,1-10,10,8.617323
u32,fmt,loguniform,1-10,10,9.477887
u32,jeaiii,loguniform,1-10,10,8.752114
u32,naive,loguniform,1-10,10,10.223028
u32,null,loguniform,1-10,10,0.823615
u32,sse2,loguniform,1-10,10,8.306779
u32,tmueller,loguniform,1-10,10,6.616121
u32,unrolledlut,loguniform,1-10,10,7.902988
u32,yy,loguniform,1-10,10,5.979974
u32,zmij_scalar,loguniform,1-10,10,2.153239
u32,zmij_x64_native,loguniform,1-10,10,1.238642
u32,zmij_x64_v1,loguniform,1-10,10,1.812235
u32,zmij_x64_v2,loguniform,1-10,10,1.281037
u32,zmij_x64_v3,loguniform,1-10,10,1.189234
u32,zmij_x64_v4,loguniform,1-10,10,1.242742
u32,amartin,loguniform,1-4,4,3.829719
u32,branchlut,loguniform,1-4,4,5.552160
u32,branchlut2,loguniform,1-4,4,6.494393
u32,countlut,loguniform,1-4,4,6.453600
u32,fmt,loguniform,1-4,4,6.623762
u32,jeaiii,loguniform,1-4,4,6.192645
u32,naive,loguniform,1-4,4,6.995500
u32,null,loguniform,1-4,4,0.821900
u32,sse2,loguniform,1-4,4,5.540640
u32,tmueller,loguniform,1-4,4,4.161063
u32,unrolledlut,loguniform,1-4,4,6.473275
u32,yy,loguniform,1-4,4,3.814783
u32,zmij_scalar,loguniform,1-4,4,2.189064
u32,zmij_x64_native,loguniform,1-4,4,1.248306
u32,zmij_x64_v1,loguniform,1-4,4,1.815454
u32,zmij_x64_v2,loguniform,1-4,4,1.321706
u32,zmij_x64_v3,loguniform,1-4,4,1.216217
u32,zmij_x64_v4,loguniform,1-4,4,1.263310
u32,amartin,uniform,0-255,0,3.486622
u32,branchlut,uniform,0-255,0,3.616193
u32,branchlut2,uniform,0-255,0,3.552378
u32,countlut,uniform,0-255,0,3.631691
u32,fmt,uniform,0-255,0,3.653728
u32,jeaiii,uniform,0-255,0,3.434465
u32,naive,uniform,0-255,0,4.757167
u32,null,uniform,0-255,0,0.754597
u32,sse2,uniform,0-255,0,3.346714
u32,tmueller,uniform,0-255,0,1.560654
u32,unrolledlut,uniform,0-255,0,3.323014
u32,yy,uniform,0-255,0,3.334098
u32,zmij_scalar,uniform,0-255,0,2.194932
u32,zmij_x64_native,uniform,0-255,0,1.240623
u32,zmij_x64_v1,uniform,0-255,0,1.811028
u32,zmij_x64_v2,uniform,0-255,0,1.289101
u32,zmij_x64_v3,uniform,0-255,0,1.211669
u32,zmij_x64_v4,uniform,0-255,0,1.249644
u32,amartin,unpredictable,,1,3.025814
u32,branchlut,unpredictable,,1,2.642936
u32,branchlut2,unpredictable,,1,1.659537
u32,countlut,unpredictable,,1,4.002644
u32,fmt,unpredictable,,1,4.039591
u32,jeaiii,unpredictable,,1,3.907449
u32,naive,unpredictable,,1,4.969854
u32,null,unpredictable,,1,0.791016
u32,sse2,unpredictable,,1,2.510128
u32,tmueller,unpredictable,,1,1.926944
u32,unrolledlut,unpredictable,,1,2.424104
u32,yy,unpredictable,,1,4.186043
u32,zmij_scalar,unpredictable,,1,2.126835
u32,zmij_x64_native,unpredictable,,1,1.184782
u32,zmij_x64_v1,unpredictable,,1,1.816247
u32,zmij_x64_v2,unpredictable,,1,1.300368
u32,zmij_x64_v3,unpredictable,,1,1.160144
u32,zmij_x64_v4,unpredictable,,1,1.212825
u32,amartin,unpredictable,,2,2.913223
u32,branchlut,unpredictable,,2,2.767739
u32,branchlut2,unpredictable,,2,2.111251
u32,countlut,unpredictable,,2,4.316040
u32,fmt,unpredictable,,2,4.717796
u32,jeaiii,unpredictable,,2,3.946856
u32,naive,unpredictable,,2,5.302860
u32,null,unpredictable,,2,0.947828
u32,sse2,unpredictable,,2,2.477293
u32,tmueller,unpredictable,,2,1.669545
u32,unrolledlut,unpredictable,,2,2.536769
u32,yy,unpredictable,,2,3.996042
u32,zmij_scalar,unpredictable,,2,2.207394
u32,zmij_x64_native,unpredictable,,2,1.277533
u32,zmij_x64_v1,unpredictable,,2,1.752299
u32,zmij_x64_v2,unpredictable,,2,1.254231
u32,zmij_x64_v3,unpredictable,,2,1.115975
u32,zmij_x64_v4,unpredictable,,2,1.218902
u32,amartin,unpredictable,,3,2.377325
u32,branchlut,unpredictable,,3,2.776853
u32,branchlut2,unpredictable,,3,1.783042
u32,countlut,unpredictable,,3,3.030497
u32,fmt,unpredictable,,3,3.277767
u32,jeaiii,unpredictable,,3,1.855323
u32,naive,unpredictable,,3,5.768522
u32,null,unpredictable,,3,0.955299
u32,sse2,unpredictable,,3,2.883268
u32,tmueller,unpredictable,,3,1.757115
u32,unrolledlut,unpredictable,,3,1.666028
u32,yy,unpredictable,,3,2.983452
u32,zmij_scalar,unpredictable,,3,2.171177
u32,zmij_x64_native,unpredictable,,3,1.192484
u32,zmij_x64_v1,unpredictable,,3,1.786643
u32,zmij_x64_v2,unpredictable,,3,1.341994
u32,zmij_x64_v3,unpredictable,,3,1.226172
u32,zmij_x64_v4,unpredictable,,3,1.337165
u32,amartin,unpredictable,,4,2.493734
u32,branchlut,unpredictable,,4,3.412137
u32,branchlut2,unpredictable,,4,2.065917
u32,countlut,unpredictable,,4,2.883469
u32,fmt,unpredictable,,4,3.249138
u32,jeaiii,unpredictable,,4,1.763373
u32,naive,unpredictable,,4,5.667784
u32,null,unpredictable,,4,0.874325
u32,sse2,unpredictable,,4,3.435528
u32,tmueller,unpredictable,,4,1.566665
u32,unrolledlut,unpredictable,,4,1.616012
u32,yy,unpredictable,,4,3.029072
u32,zmij_scalar,unpredictable,,4,2.210014
u32,zmij_x64_native,unpredictable,,4,1.224020
u32,zmij_x64_v1,unpredictable,,4,1.799792
u32,zmij_x64_v2,unpredictable,,4,1.330411
u32,zmij_x64_v3,unpredictable,,4,1.166354
u32,zmij_x64_v4,unpredictable,,4,1.356090
u32,amartin,unpredictable,,5,1.869463
u32,branchlut,unpredictable,,5,2.091479
u32,branchlut2,unpredictable,,5,1.781188
u32,countlut,unpredictable,,5,2.531101
u32,fmt,unpredictable,,5,2.710201
u32,jeaiii,unpredictable,,5,1.670299
u32,naive,unpredictable,,5,6.443232
u32,null,unpredictable,,5,1.002527
u32,sse2,unpredictable,,5,1.967176
u32,tmueller,unpredictable,,5,1.808261
u32,unrolledlut,unpredictable,,5,2.182317
u32,yy,unpredictable,,5,2.368565
u32,zmij_scalar,unpredictable,,5,2.142374
u32,zmij_x64_native,unpredictable,,5,1.272888
u32,zmij_x64_v1,unpredictable,,5,1.902558
u32,zmij_x64_v2,unpredictable,,5,1.328061
u32,zmij_x64_v3,unpredictable,,5,1.138221
u32,zmij_x64_v4,unpredictable,,5,1.243403
u32,amartin,unpredictable,,6,2.019320
u32,branchlut,unpredictable,,6,2.438954
u32,branchlut2,unpredictable,,6,2.345185
u32,countlut,unpredictable,,6,2.654469
u32,fmt,unpredictable,,6,2.916952
u32,jeaiii,unpredictable,,6,2.074267
u32,naive,unpredictable,,6,7.175852
u32,null,unpredictable,,6,1.358351
u32,sse2,unpredictable,,6,2.614185
u32,tmueller,unpredictable,,6,2.052205
u32,unrolledlut,unpredictable,,6,2.489984
u32,yy,unpredictable,,6,2.608610
u32,zmij_scalar,unpredictable,,6,2.192257
u32,zmij_x64_native,unpredictable,,6,1.305149
u32,zmij_x64_v1,unpredictable,,6,1.877845
u32,zmij_x64_v2,unpredictable,,6,1.318696
u32,zmij_x64_v3,unpredictable,,6,1.320912
u32,zmij_x64_v4,unpredictable,,6,1.258082
u32,amartin,unpredictable,,7,2.311253
u32,branchlut,unpredictable,,7,2.824393
u32,branchlut2,unpredictable,,7,2.726783
u32,countlut,unpredictable,,7,2.419479
u32,fmt,unpredictable,,7,2.602741
u32,jeaiii,unpredictable,,7,2.100743
u32,naive,unpredictable,,7,7.192896
u32,null,unpredictable,,7,1.442404
u32,sse2,unpredictable,,7,2.782583
u32,tmueller,unpredictable,,7,2.146226
u32,unrolledlut,unpredictable,,7,3.895566
u32,yy,unpredictable,,7,2.028904
u32,zmij_scalar,unpredictable,,7,2.220551
u32,zmij_x64_native,unpredictable,,7,1.229717
u32,zmij_x64_v1,unpredictable,,7,1.900329
u32,zmij_x64_v2,unpredictable,,7,1.351869
u32,zmij_x64_v3,unpredictable,,7,1.184850
u32,zmij_x64_v4,unpredictable,,7,1.194640
u32,amartin,unpredictable,,8,2.318932
u32,branchlut,unpredictable,,8,3.245770
u32,branchlut2,unpredictable,,8,2.588313
u32,countlut,unpredictable,,8,2.368156
u32,fmt,unpredictable,,8,2.782373
u32,jeaiii,unpredictable,,8,1.898068
u32,naive,unpredictable,,8,7.006750
u32,null,unpredictable,,8,1.416056
u32,sse2,unpredictable,,8,3.078636
u32,tmueller,unpredictable,,8,2.080995
u32,unrolledlut,unpredictable,,8,3.985982
u32,yy,unpredictable,,8,1.998981
u32,zmij_scalar,unpredictable,,8,2.209679
u32,zmij_x64_native,unpredictable,,8,1.151205
u32,zmij_x64_v1,unpredictable,,8,1.871839
u32,zmij_x64_v2,unpredictable,,8,1.324086
u32,zmij_x64_v3,unpredictable,,8,1.236709
u32,zmij_x64_v4,unpredictable,,8,1.300075
u32,amartin,unpredictable,,9,5.100313
u32,branchlut,unpredictable,,9,2.878659
u32,branchlut2,unpredictable,,9,4.784406
u32,countlut,unpredictable,,9,2.826262
u32,fmt,unpredictable,,9,3.163935
u32,jeaiii,unpredictable,,9,2.365384
u32,naive,unpredictable,,9,7.293346
u32,null,unpredictable,,9,0.748627
u32,sse2,unpredictable,,9,2.805931
u32,tmueller,unpredictable,,9,2.052257
u32,unrolledlut,unpredictable,,9,5.191808
u32,yy,unpredictable,,9,2.466274
u32,zmij_scalar,unpredictable,,9,2.179985
u32,zmij_x64_native,unpredictable,,9,1.259525
u32,zmij_x64_v1,unpredictable,,9,1.835803
u32,zmij_x64_v2,unpredictable,,9,1.288051
u32,zmij_x64_v3,unpredictable,,9,1.255013
u32,zmij_x64_v4,unpredictable,,9,1.346908
u32,amartin,unpredictable,,10,5.180012
u32,branchlut,unpredictable,,10,3.010711
u32,branchlut2,unpredictable,,10,5.068536
u32,countlut,unpredictable,,10,2.847681
u32,fmt,unpredictable,,10,3.294228
u32,jeaiii,unpredictable,,10,2.262471
u32,naive,unpredictable,,10,8.282049
u32,null,unpredictable,,10,1.359612
u32,sse2,unpredictable,,10,2.829130
u32,tmueller,unpredictable,,10,1.885236
u32,unrolledlut,unpredictable,,10,5.105689
u32,yy,unpredictable,,10,2.290258
u32,zmij_scalar,unpredictable,,10,2.195061
u32,zmij_x64_native,unpredictable,,10,1.194616
u32,zmij_x64_v1,unpredictable,,10,1.844747
u32,zmij_x64_v2,unpredictable,,10,1.294583
u32,zmij_x64_v3,unpredictable,,10,1.171418
u32,zmij_x64_v4,unpredictable,,10,1.269847
u32,amartin,admixture,5x6,0,1.346255
u32,branchlut,admixture,5x6,0,2.023916
u32,branchlut2,admixture,5x6,0,1.293193
u32,countlut,admixture,5x6,0,1.807637
u32,fmt,admixture,5x6,0,1.791444
u32,jeaiii,admixture,5x6,0,1.179120
u32,naive,admixture,5x6,0,5.049691
u32,null,admixture,5x6,0,1.090997
u32,sse2,admixture,5x6,0,2.013226
u32,tmueller,admixture,5x6,0,1.426488
u32,unrolledlut,admixture,5x6,0,1.561254
u32,yy,admixture,5x6,0,1.245396
u32,zmij_scalar,admixture,5x6,0,2.189760
u32,zmij_x64_native,admixture,5x6,0,1.217785
u32,zmij_x64_v1,admixture,5x6,0,1.792724
u32,zmij_x64_v2,admixture,5x6,0,1.307744
u32,zmij_x64_v3,admixture,5x6,0,1.249925
u32,zmij_x64_v4,admixture,5x6,0,1.232459
u32,amartin,admixture,5x6,10,1.332909
u32,branchlut,admixture,5x6,10,2.569477
u32,branchlut2,admixture,5x6,10,1.850954
u32,countlut,admixture,5x6,10,2.391718
u32,fmt,admixture,5x6,10,2.492598
u32,jeaiii,admixture,5x6,10,1.824127
u32,naive,admixture,5x6,10,5.624333
u32,null,admixture,5x6,10,1.106551
u32,sse2,admixture,5x6,10,2.546213
u32,tmueller,admixture,5x6,10,1.919923
u32,unrolledlut,admixture,5x6,10,2.178907
u32,yy,admixture,5x6,10,1.347851
u32,zmij_scalar,admixture,5x6,10,2.160402
u32,zmij_x64_native,admixture,5x6,10,1.242854
u32,zmij_x64_v1,admixture,5x6,10,1.811086
u32,zmij_x64_v2,admixture,5x6,10,1.287557
u32,zmij_x64_v3,admixture,5x6,10,1.206024
u32,zmij_x64_v4,admixture,5x6,10,1.218272
u32,amartin,admixture,5x6,20,1.341296
u32,branchlut,admixture,5x6,20,3.176439
u32,branchlut2,admixture,5x6,20,2.397823
u32,countlut,admixture,5x6,20,2.999073
u32,fmt,admixture,5x6,20,3.205282
u32,jeaiii,admixture,5x6,20,2.350628
u32,naive,admixture,5x6,20,6.334449
u32,null,admixture,5x6,20,0.759365
u32,sse2,admixture,5x6,20,3.080930
u32,tmueller,admixture,5x6,20,2.398396
u32,unrolledlut,admixture,5x6,20,2.767307
u32,yy,admixture,5x6,20,1.248712
u32,zmij_scalar,admixture,5x6,20,2.210541
u32,zmij_x64_native,admixture,5x6,20,1.228342
u32,zmij_x64_v1,admixture,5x6,20,1.795742
u32,zmij_x64_v2,admixture,5x6,20,1.284901
u32,zmij_x64_v3,admixture,5x6,20,1.228868
u32,zmij_x64_v4,admixture,5x6,20,1.188521
u32,amartin,admixture,5x6,30,1.337332
u32,branchlut,admixture,5x6,30,3.645932
u32,branchlut2,admixture,5x6,30,3.000689
u32,countlut,admixture,5x6,30,3.592928
u32,fmt,admixture,5x6,30,3.872032
u32,jeaiii,admixture,5x6,30,2.901652
u32,naive,admixture,5x6,30,6.927378
u32,null,admixture,5x6,30,0.969090
u32,sse2,admixture,5x6,30,3.578788
u32,tmueller,admixture,5x6,30,2.982870
u32,unrolledlut,admixture,5x6,30,3.279630
u32,yy,admixture,5x6,30,1.231944
u32,zmij_scalar,admixture,5x6,30,2.168522
u32,zmij_x64_native,admixture,5x6,30,1.251940
u32,zmij_x64_v1,admixture,5x6,30,1.795694
u32,zmij_x64_v2,admixture,5x6,30,1.289563
u32,zmij_x64_v3,admixture,5x6,30,1.215961
u32,zmij_x64_v4,admixture,5x6,30,1.265545
u32,amartin,admixture,5x6,40,1.344029
u32,branchlut,admixture,5x6,40,4.151519
u32,branchlut2,admixture,5x6,40,3.437315
u32,countlut,admixture,5x6,40,4.307151
u32,fmt,admixture,5x6,40,4.739155
u32,jeaiii,admixture,5x6,40,3.333302
u32,naive,admixture,5x6,40,7.588941
u32,null,admixture,5x6,40,1.042874
u32,sse2,admixture,5x6,40,4.118951
u32,tmueller,admixture,5x6,40,3.575721
u32,unrolledlut,admixture,5x6,40,3.884729
u32,yy,admixture,5x6,40,1.230558
u32,zmij_scalar,admixture,5x6,40,2.171799
u32,zmij_x64_native,admixture,5x6,40,1.184881
u32,zmij_x64_v1,admixture,5x6,40,1.809681
u32,zmij_x64_v2,admixture,5x6,40,1.276598
u32,zmij_x64_v3,admixture,5x6,40,1.175203
u32,zmij_x64_v4,admixture,5x6,40,1.204630
u32,amartin,admixture,5x6,50,1.323145
u32,branchlut,admixture,5x6,50,4.400157
u32,branchlut2,admixture,5x6,50,3.766970
u32,countlut,admixture,5x6,50,4.787641
u32,fmt,admixture,5x6,50,5.115680
u32,jeaiii,admixture,5x6,50,3.582609
u32,naive,admixture,5x6,50,7.796669
u32,null,admixture,5x6,50,0.787119
u32,sse2,admixture,5x6,50,4.290241
u32,tmueller,admixture,5x6,50,4.010285
u32,unrolledlut,admixture,5x6,50,3.987337
u32,yy,admixture,5x6,50,1.230969
u32,zmij_scalar,admixture,5x6,50,2.207770
u32,zmij_x64_native,admixture,5x6,50,1.216410
u32,zmij_x64_v1,admixture,5x6,50,1.793306
u32,zmij_x64_v2,admixture,5x6,50,1.325724
u32,zmij_x64_v3,admixture,5x6,50,1.206656
u32,zmij_x64_v4,admixture,5x6,50,1.295171
u32,amartin,admixture,5x6,60,1.332555
u32,branchlut,admixture,5x6,60,4.119275
u32,branchlut2,admixture,5x6,60,3.378770
u32,countlut,admixture,5x6,60,4.349283
u32,fmt,admixture,5x6,60,4.622561
u32,jeaiii,admixture,5x6,60,3.359501
u32,naive,admixture,5x6,60,7.190509
u32,null,admixture,5x6,60,0.897312
u32,sse2,admixture,5x6,60,4.034781
u32,tmueller,admixture,5x6,60,3.575865
u32,unrolledlut,admixture,5x6,60,3.720214
u32,yy,admixture,5x6,60,1.236062
u32,zmij_scalar,admixture,5x6,60,2.158443
u32,zmij_x64_native,admixture,5x6,60,1.178366
u32,zmij_x64_v1,admixture,5x6,60,1.800633
u32,zmij_x64_v2,admixture,5x6,60,1.284958
u32,zmij_x64_v3,admixture,5x6,60,1.223661
u32,zmij_x64_v4,admixture,5x6,60,1.206036
u32,amartin,admixture,5x6,70,1.366994
u32,branchlut,admixture,5x6,70,3.517748
u32,branchlut2,admixture,5x6,70,2.853837
u32,countlut,admixture,5x6,70,3.533109
u32,fmt,admixture,5x6,70,3.838852
u32,jeaiii,admixture,5x6,70,2.690908
u32,naive,admixture,5x6,70,6.436235
u32,null,admixture,5x6,70,0.846853
u32,sse2,admixture,5x6,70,3.401121
u32,tmueller,admixture,5x6,70,2.693996
u32,unrolledlut,admixture,5x6,70,3.087417
u32,yy,admixture,5x6,70,1.327185
u32,zmij_scalar,admixture,5x6,70,2.176055
u32,zmij_x64_native,admixture,5x6,70,1.265478
u32,zmij_x64_v1,admixture,5x6,70,1.779004
u32,zmij_x64_v2,admixture,5x6,70,1.279222
u32,zmij_x64_v3,admixture,5x6,70,1.268727
u32,zmij_x64_v4,admixture,5x6,70,1.179121
u32,amartin,admixture,5x6,80,1.350631
u32,branchlut,admixture,5x6,80,2.963352
u32,branchlut2,admixture,5x6,80,2.354054
u32,countlut,admixture,5x6,80,2.944686
u32,fmt,admixture,5x6,80,3.139555
u32,jeaiii,admixture,5x6,80,2.191894
u32,naive,admixture,5x6,80,5.635127
u32,null,admixture,5x6,80,0.774528
u32,sse2,admixture,5x6,80,2.835771
u32,tmueller,admixture,5x6,80,2.193481
u32,unrolledlut,admixture,5x6,80,2.576289
u32,yy,admixture,5x6,80,1.389245
u32,zmij_scalar,admixture,5x6,80,2.184275
u32,zmij_x64_native,admixture,5x6,80,1.213109
u32,zmij_x64_v1,admixture,5x6,80,1.793571
u32,zmij_x64_v2,admixture,5x6,80,1.282443
u32,zmij_x64_v3,admixture,5x6,80,1.207278
u32,zmij_x64_v4,admixture,5x6,80,1.196976
u32,amartin,admixture,5x6,90,1.319948
u32,branchlut,admixture,5x6,90,2.404570
u32,branchlut2,admixture,5x6,90,1.850603
u32,countlut,admixture,5x6,90,2.300750
u32,fmt,admixture,5x6,90,2.504642
u32,jeaiii,admixture,5x6,90,1.722793
u32,naive,admixture,5x6,90,4.952070
u32,null,admixture,5x6,90,0.818256
u32,sse2,admixture,5x6,90,2.344975
u32,tmueller,admixture,5x6,90,1.547220
u32,unrolledlut,admixture,5x6,90,2.076861
u32,yy,admixture,5x6,90,1.256054
u32,zmij_scalar,admixture,5x6,90,2.180021
u32,zmij_x64_native,admixture,5x6,90,1.211226
u32,zmij_x64_v1,admixture,5x6,90,1.782942
u32,zmij_x64_v2,admixture,5x6,90,1.294600
u32,zmij_x64_v3,admixture,5x6,90,1.251970
u32,zmij_x64_v4,admixture,5x6,90,1.221473
u32,amartin,admixture,5x6,100,1.345908
u32,branchlut,admixture,5x6,100,1.845069
u32,branchlut2,admixture,5x6,100,1.295365
u32,countlut,admixture,5x6,100,1.693746
u32,fmt,admixture,5x6,100,1.787194
u32,jeaiii,admixture,5x6,100,1.078693
u32,naive,admixture,5x6,100,4.216089
u32,null,admixture,5x6,100,0.836435
u32,sse2,admixture,5x6,100,1.813413
u32,tmueller,admixture,5x6,100,0.964284
u32,unrolledlut,admixture,5x6,100,1.563804
u32,yy,admixture,5x6,100,1.260574
u32,zmij_scalar,admixture,5x6,100,2.179200
u32,zmij_x64_native,admixture,5x6,100,1.237616
u32,zmij_x64_v1,admixture,5x6,100,1.762889
u32,zmij_x64_v2,admixture,5x6,100,1.297708
u32,zmij_x64_v3,admixture,5x6,100,1.214074
u32,zmij_x64_v4,admixture,5x6,100,1.259600
i32,amartin,bylength,,1,0.920231
i32,branchlut,bylength,,1,3.746214
i32,branchlut2,bylength,,1,3.684517
i32,countlut,bylength,,1,3.710001
i32,fmt,bylength,,1,1.181979
i32,jeaiii,bylength,,1,3.595922
i32,naive,bylength,,1,3.933840
i32,null,bylength,,1,0.768880
i32,sse2,bylength,,1,3.838957
i32,tmueller,bylength,,1,0.803996
i32,unrolledlut,bylength,,1,3.817671
i32,yy,bylength,,1,0.937197
i32,zmij_scalar,bylength,,1,2.405324
i32,zmij_x64_native,bylength,,1,1.423616
i32,zmij_x64_v1,bylength,,1,2.009439
i32,zmij_x64_v2,bylength,,1,1.491784
i32,zmij_x64_v3,bylength,,1,1.439205
i32,zmij_x64_v4,bylength,,1,1.414612
i32,amartin,bylength,,2,0.933651
i32,branchlut,bylength,,2,3.895551
i32,branchlut2,bylength,,2,3.728581
i32,countlut,bylength,,2,3.825766
i32,fmt,bylength,,2,0.951074
i32,jeaiii,bylength,,2,3.458107
i32,naive,bylength,,2,4.945943
i32,null,bylength,,2,0.857569
i32,sse2,bylength,,2,3.817470
i32,tmueller,bylength,,2,1.757221
i32,unrolledlut,bylength,,2,3.403349
i32,yy,bylength,,2,0.968786
i32,zmij_scalar,bylength,,2,2.403967
i32,zmij_x64_native,bylength,,2,1.386483
i32,zmij_x64_v1,bylength,,2,1.996229
i32,zmij_x64_v2,bylength,,2,1.494709
i32,zmij_x64_v3,bylength,,2,1.424515
i32,zmij_x64_v4,bylength,,2,1.416188
i32,amartin,bylength,,3,1.180774
i32,branchlut,bylength,,3,3.950776
i32,branchlut2,bylength,,3,3.687270
i32,countlut,bylength,,3,3.960736
i32,fmt,bylength,,3,1.429446
i32,jeaiii,bylength,,3,3.951494
i32,naive,bylength,,3,5.462165
i32,null,bylength,,3,0.757028
i32,sse2,bylength,,3,3.816678
i32,tmueller,bylength,,3,1.744059
i32,unrolledlut,bylength,,3,3.949419
i32,yy,bylength,,3,1.162518
i32,zmij_scalar,bylength,,3,2.394589
i32,zmij_x64_native,bylength,,3,1.408762
i32,zmij_x64_v1,bylength,,3,2.016914
i32,zmij_x64_v2,bylength,,3,1.511970
i32,zmij_x64_v3,bylength,,3,1.437455
i32,zmij_x64_v4,bylength,,3,1.423177
i32,amartin,bylength,,4,1.194567
i32,branchlut,bylength,,4,3.928288
i32,branchlut2,bylength,,4,3.839444
i32,countlut,bylength,,4,4.080193
i32,fmt,bylength,,4,1.439435
i32,jeaiii,bylength,,4,3.877055
i32,naive,bylength,,4,6.068823
i32,null,bylength,,4,0.823064
i32,sse2,bylength,,4,3.723868
i32,tmueller,bylength,,4,1.249200
i32,unrolledlut,bylength,,4,3.945108
i32,yy,bylength,,4,1.185142
i32,zmij_scalar,bylength,,4,2.394917
i32,zmij_x64_native,bylength,,4,1.396471
i32,zmij_x64_v1,bylength,,4,2.026814
i32,zmij_x64_v2,bylength,,4,1.502394
i32,zmij_x64_v3,bylength,,4,1.421580
i32,zmij_x64_v4,bylength,,4,1.440944
i32,amartin,bylength,,5,1.680892
i32,branchlut,bylength,,5,4.812236
i32,branchlut2,bylength,,5,3.778666
i32,countlut,bylength,,5,4.088834
i32,fmt,bylength,,5,1.793799
i32,jeaiii,bylength,,5,3.652796
i32,naive,bylength,,5,6.769344
i32,null,bylength,,5,0.783101
i32,sse2,bylength,,5,4.409095
i32,tmueller,bylength,,5,1.263242
i32,unrolledlut,bylength,,5,4.292640
i32,yy,bylength,,5,1.519446
i32,zmij_scalar,bylength,,5,2.403957
i32,zmij_x64_native,bylength,,5,1.397399
i32,zmij_x64_v1,bylength,,5,2.011140
i32,zmij_x64_v2,bylength,,5,1.507019
i32,zmij_x64_v3,bylength,,5,1.430048
i32,zmij_x64_v4,bylength,,5,1.420509
i32,amartin,bylength,,6,1.670893
i32,branchlut,bylength,,6,4.872459
i32,branchlut2,bylength,,6,4.074027
i32,countlut,bylength,,6,4.207650
i32,fmt,bylength,,6,1.752297
i32,jeaiii,bylength,,6,3.751023
i32,naive,bylength,,6,7.470591
i32,null,bylength,,6,0.783953
i32,sse2,bylength,,6,4.480364
i32,tmueller,bylength,,6,1.705814
i32,unrolledlut,bylength,,6,4.462976
i32,yy,bylength,,6,1.474900
i32,zmij_scalar,bylength,,6,2.397646
i32,zmij_x64_native,bylength,,6,1.384938
i32,zmij_x64_v1,bylength,,6,2.008121
i32,zmij_x64_v2,bylength,,6,1.502894
i32,zmij_x64_v3,bylength,,6,1.426789
i32,zmij_x64_v4,bylength,,6,1.409909
i32,amartin,bylength,,7,2.168125
i32,branchlut,bylength,,7,4.540766
i32,branchlut2,bylength,,7,4.447756
i32,countlut,bylength,,7,4.380351
i32,fmt,bylength,,7,2.141430
i32,jeaiii,bylength,,7,3.964628
i32,naive,bylength,,7,8.284969
i32,null,bylength,,7,0.764202
i32,sse2,bylength,,7,4.433396
i32,tmueller,bylength,,7,1.699300
i32,unrolledlut,bylength,,7,3.971852
i32,yy,bylength,,7,1.816061
i32,zmij_scalar,bylength,,7,2.404924
i32,zmij_x64_native,bylength,,7,1.390355
i32,zmij_x64_v1,bylength,,7,2.003124
i32,zmij_x64_v2,bylength,,7,1.505865
i32,zmij_x64_v3,bylength,,7,1.426622
i32,zmij_x64_v4,bylength,,7,1.412741
i32,amartin,bylength,,8,2.166195
i32,branchlut,bylength,,8,4.452476
i32,branchlut2,bylength,,8,4.609222
i32,countlut,bylength,,8,4.687395
i32,fmt,bylength,,8,2.121500
i32,jeaiii,bylength,,8,4.252774
i32,naive,bylength,,8,8.272074
i32,null,bylength,,8,0.758851
i32,sse2,bylength,,8,4.533959
i32,tmueller,bylength,,8,2.289034
i32,unrolledlut,bylength,,8,3.995212
i32,yy,bylength,,8,1.853313
i32,zmij_scalar,bylength,,8,2.391139
i32,zmij_x64_native,bylength,,8,1.383868
i32,zmij_x64_v1,bylength,,8,2.019556
i32,zmij_x64_v2,bylength,,8,1.521019
i32,zmij_x64_v3,bylength,,8,1.434267
i32,zmij_x64_v4,bylength,,8,1.446343
i32,amartin,bylength,,9,2.555375
i32,branchlut,bylength,,9,4.380905
i32,branchlut2,bylength,,9,4.063640
i32,countlut,bylength,,9,4.868189
i32,fmt,bylength,,9,2.438432
i32,jeaiii,bylength,,9,4.239179
i32,naive,bylength,,9,9.157794
i32,null,bylength,,9,1.091691
i32,sse2,bylength,,9,4.043547
i32,tmueller,bylength,,9,2.301062
i32,unrolledlut,bylength,,9,4.152532
i32,yy,bylength,,9,2.178367
i32,zmij_scalar,bylength,,9,2.402727
i32,zmij_x64_native,bylength,,9,1.393747
i32,zmij_x64_v1,bylength,,9,2.005723
i32,zmij_x64_v2,bylength,,9,1.510862
i32,zmij_x64_v3,bylength,,9,1.432805
i32,zmij_x64_v4,bylength,,9,1.421675
i32,amartin,bylength,,10,2.551008
i32,branchlut,bylength,,10,4.388358
i32,branchlut2,bylength,,10,4.225268
i32,countlut,bylength,,10,4.961676
i32,fmt,bylength,,10,2.441804
i32,jeaiii,bylength,,10,4.447440
i32,naive,bylength,,10,10.082430
i32,null,bylength,,10,1.083636
i32,sse2,bylength,,10,4.134521
i32,tmueller,bylength,,10,2.307099
i32,unrolledlut,bylength,,10,3.953631
i32,yy,bylength,,10,2.175347
i32,zmij_scalar,bylength,,10,2.413142
i32,zmij_x64_native,bylength,,10,1.406903
i32,zmij_x64_v1,bylength,,10,2.007471
i32,zmij_x64_v2,bylength,,10,1.516901
i32,zmij_x64_v3,bylength,,10,1.435327
i32,zmij_x64_v4,bylength,,10,1.423585
i32,amartin,loguniform,1-10,10,6.491754
i32,branchlut,loguniform,1-10,10,10.695892
i32,branchlut2,loguniform,1-10,10,10.933096
i32,countlut,loguniform,1-10,10,11.259879
i32,fmt,loguniform,1-10,10,8.940318
i32,jeaiii,loguniform,1-10,10,10.836046
i32,naive,loguniform,1-10,10,12.704712
i32,null,loguniform,1-10,10,1.095967
i32,sse2,loguniform,1-10,10,10.866554
i32,tmueller,loguniform,1-10,10,7.328847
i32,unrolledlut,loguniform,1-10,10,10.270700
i32,yy,loguniform,1-10,10,6.328431
i32,zmij_scalar,loguniform,1-10,10,2.402088
i32,zmij_x64_native,loguniform,1-10,10,1.403459
i32,zmij_x64_v1,loguniform,1-10,10,2.044681
i32,zmij_x64_v2,loguniform,1-10,10,1.515149
i32,zmij_x64_v3,loguniform,1-10,10,1.459996
i32,zmij_x64_v4,loguniform,1-10,10,1.434465
i32,amartin,loguniform,1-4,4,4.236972
i32,branchlut,loguniform,1-4,4,7.851200
i32,branchlut2,loguniform,1-4,4,8.680630
i32,countlut,loguniform,1-4,4,8.846213
i32,fmt,loguniform,1-4,4,6.647496
i32,jeaiii,loguniform,1-4,4,8.544940
i32,naive,loguniform,1-4,4,9.111065
i32,null,loguniform,1-4,4,1.090249
i32,sse2,loguniform,1-4,4,7.823503
i32,tmueller,loguniform,1-4,4,4.603242
i32,unrolledlut,loguniform,1-4,4,8.643693
i32,yy,loguniform,1-4,4,4.031528
i32,zmij_scalar,loguniform,1-4,4,2.388637
i32,zmij_x64_native,loguniform,1-4,4,1.394750
i32,zmij_x64_v1,loguniform,1-4,4,2.011102
i32,zmij_x64_v2,loguniform,1-4,4,1.521573
i32,zmij_x64_v3,loguniform,1-4,4,1.421407
i32,zmij_x64_v4,loguniform,1-4,4,1.417546
i32,amartin,uniform,0-255,0,3.610694
i32,branchlut,uniform,0-255,0,3.649112
i32,branchlut2,uniform,0-255,0,3.762272
i32,countlut,uniform,0-255,0,3.613828
i32,fmt,uniform,0-255,0,3.754589
i32,jeaiii,uniform,0-255,0,3.510824
i32,naive,uniform,0-255,0,4.804023
i32,null,uniform,0-255,0,0.974624
i32,sse2,uniform,0-255,0,3.689353
i32,tmueller,uniform,0-255,0,1.997429
i32,unrolledlut,uniform,0-255,0,3.623105
i32,yy,uniform,0-255,0,3.609490
i32,zmij_scalar,uniform,0-255,0,2.417880
i32,zmij_x64_native,uniform,0-255,0,1.411280
i32,zmij_x64_v1,uniform,0-255,0,2.032092
i32,zmij_x64_v2,uniform,0-255,0,1.533019
i32,zmij_x64_v3,uniform,0-255,0,1.454837
i32,zmij_x64_v4,uniform,0-255,0,1.443295
i32,amartin,unpredictable,,1,3.120909
i32,branchlut,unpredictable,,1,4.893529
i32,branchlut2,unpredictable,,1,3.885224
i32,countlut,unpredictable,,1,6.743803
i32,fmt,unpredictable,,1,4.202605
i32,jeaiii,unpredictable,,1,7.029797
i32,naive,unpredictable,,1,8.049506
i32,null,unpredictable,,1,1.093813
i32,sse2,unpredictable,,1,5.519795
i32,tmueller,unpredictable,,1,1.859780
i32,unrolledlut,unpredictable,,1,5.281618
i32,yy,unpredictable,,1,4.311714
i32,zmij_scalar,unpredictable,,1,2.392095
i32,zmij_x64_native,unpredictable,,1,1.378145
i32,zmij_x64_v1,unpredictable,,1,2.066878
i32,zmij_x64_v2,unpredictable,,1,1.493752
i32,zmij_x64_v3,unpredictable,,1,1.419792
i32,zmij_x64_v4,unpredictable,,1,1.420383
i32,amartin,unpredictable,,2,2.890728
i32,branchlut,unpredictable,,2,4.920201
i32,branchlut2,unpredictable,,2,4.085578
i32,countlut,unpredictable,,2,6.715487
i32,fmt,unpredictable,,2,4.444976
i32,jeaiii,unpredictable,,2,7.142059
i32,naive,unpredictable,,2,8.100547
i32,null,unpredictable,,2,0.509649
i32,sse2,unpredictable,,2,5.466903
i32,tmueller,unpredictable,,2,2.024343
i32,unrolledlut,unpredictable,,2,5.402651
i32,yy,unpredictable,,2,4.318174
i32,zmij_scalar,unpredictable,,2,2.378261
i32,zmij_x64_native,unpredictable,,2,1.378815
i32,zmij_x64_v1,unpredictable,,2,2.044236
i32,zmij_x64_v2,unpredictable,,2,1.514751
i32,zmij_x64_v3,unpredictable,,2,1.417786
i32,zmij_x64_v4,unpredictable,,2,1.416161
i32,amartin,unpredictable,,3,2.252403
i32,branchlut,unpredictable,,3,5.200732
i32,branchlut2,unpredictable,,3,4.174954
i32,countlut,unpredictable,,3,5.757269
i32,fmt,unpredictable,,3,2.982537
i32,jeaiii,unpredictable,,3,4.225447
i32,naive,unpredictable,,3,8.126246
i32,null,unpredictable,,3,0.560129
i32,sse2,unpredictable,,3,5.221309
i32,tmueller,unpredictable,,3,1.742408
i32,unrolledlut,unpredictable,,3,3.785347
i32,yy,unpredictable,,3,3.119137
i32,zmij_scalar,unpredictable,,3,2.401803
i32,zmij_x64_native,unpredictable,,3,1.391977
i32,zmij_x64_v1,unpredictable,,3,2.037845
i32,zmij_x64_v2,unpredictable,,3,1.506239
i32,zmij_x64_v3,unpredictable,,3,1.408928
i32,zmij_x64_v4,unpredictable,,3,1.406691
i32,amartin,unpredictable,,4,2.001568
i32,branchlut,unpredictable,,4,5.487765
i32,branchlut2,unpredictable,,4,4.118844
i32,countlut,unpredictable,,4,6.274179
i32,fmt,unpredictable,,4,2.807881
i32,jeaiii,unpredictable,,4,4.263966
i32,naive,unpredictable,,4,7.893722
i32,null,unpredictable,,4,0.552156
i32,sse2,unpredictable,,4,5.398641
i32,tmueller,unpredictable,,4,1.693276
i32,unrolledlut,unpredictable,,4,4.035034
i32,yy,unpredictable,,4,3.085794
i32,zmij_scalar,unpredictable,,4,2.394788
i32,zmij_x64_native,unpredictable,,4,1.389435
i32,zmij_x64_v1,unpredictable,,4,2.041762
i32,zmij_x64_v2,unpredictable,,4,1.462402
i32,zmij_x64_v3,unpredictable,,4,1.454887
i32,zmij_x64_v4,unpredictable,,4,1.406651
i32,amartin,unpredictable,,5,1.672293
i32,branchlut,unpredictable,,5,4.500878
i32,branchlut2,unpredictable,,5,4.362361
i32,countlut,unpredictable,,5,5.563343
i32,fmt,unpredictable,,5,2.506557
i32,jeaiii,unpredictable,,5,4.245672
i32,naive,unpredictable,,5,8.195811
i32,null,unpredictable,,5,0.473814
i32,sse2,unpredictable,,5,4.345759
i32,tmueller,unpredictable,,5,1.736272
i32,unrolledlut,unpredictable,,5,4.190592
i32,yy,unpredictable,,5,2.330208
i32,zmij_scalar,unpredictable,,5,2.442199
i32,zmij_x64_native,unpredictable,,5,1.494692
i32,zmij_x64_v1,unpredictable,,5,1.983264
i32,zmij_x64_v2,unpredictable,,5,1.540304
i32,zmij_x64_v3,unpredictable,,5,1.450432
i32,zmij_x64_v4,unpredictable,,5,1.448002
i32,amartin,unpredictable,,6,1.528856
i32,branchlut,unpredictable,,6,4.466239
i32,branchlut2,unpredictable,,6,4.538657
i32,countlut,unpredictable,,6,5.475557
i32,fmt,unpredictable,,6,2.536685
i32,jeaiii,unpredictable,,6,4.110935
i32,naive,unpredictable,,6,8.367064
i32,null,unpredictable,,6,0.480755
i32,sse2,unpredictable,,6,4.413032
i32,tmueller,unpredictable,,6,2.109670
i32,unrolledlut,unpredictable,,6,4.542006
i32,yy,unpredictable,,6,2.325027
i32,zmij_scalar,unpredictable,,6,2.367183
i32,zmij_x64_native,unpredictable,,6,1.419067
i32,zmij_x64_v1,unpredictable,,6,2.045548
i32,zmij_x64_v2,unpredictable,,6,1.517956
i32,zmij_x64_v3,unpredictable,,6,1.397192
i32,zmij_x64_v4,unpredictable,,6,1.402941
i32,amartin,unpredictable,,7,2.037775
i32,branchlut,unpredictable,,7,4.901999
i32,branchlut2,unpredictable,,7,4.707705
i32,countlut,unpredictable,,7,4.816532
i32,fmt,unpredictable,,7,2.196841
i32,jeaiii,unpredictable,,7,4.526733
i32,naive,unpredictable,,7,9.190124
i32,null,unpredictable,,7,0.440628
i32,sse2,unpredictable,,7,4.629695
i32,tmueller,unpredictable,,7,2.063405
i32,unrolledlut,unpredictable,,7,5.858341
i32,yy,unpredictable,,7,1.827541
i32,zmij_scalar,unpredictable,,7,2.435145
i32,zmij_x64_native,unpredictable,,7,1.402969
i32,zmij_x64_v1,unpredictable,,7,2.037730
i32,zmij_x64_v2,unpredictable,,7,1.524351
i32,zmij_x64_v3,unpredictable,,7,1.393690
i32,zmij_x64_v4,unpredictable,,7,1.442627
i32,amartin,unpredictable,,8,2.205833
i32,branchlut,unpredictable,,8,5.264375
i32,branchlut2,unpredictable,,8,4.756396
i32,countlut,unpredictable,,8,4.918722
i32,fmt,unpredictable,,8,2.141271
i32,jeaiii,unpredictable,,8,4.729309
i32,naive,unpredictable,,8,8.292336
i32,null,unpredictable,,8,0.559111
i32,sse2,unpredictable,,8,5.135230
i32,tmueller,unpredictable,,8,2.032281
i32,unrolledlut,unpredictable,,8,5.543634
i32,yy,unpredictable,,8,1.762234
i32,zmij_scalar,unpredictable,,8,2.431863
i32,zmij_x64_native,unpredictable,,8,1.430519
i32,zmij_x64_v1,unpredictable,,8,2.015277
i32,zmij_x64_v2,unpredictable,,8,1.540211
i32,zmij_x64_v3,unpredictable,,8,1.439781
i32,zmij_x64_v4,unpredictable,,8,1.477825
i32,amartin,unpredictable,,9,5.449478
i32,branchlut,unpredictable,,9,5.666755
i32,branchlut2,unpredictable,,9,7.413316
i32,countlut,unpredictable,,9,5.375467
i32,fmt,unpredictable,,9,2.678889
i32,jeaiii,unpredictable,,9,5.122904
i32,naive,unpredictable,,9,9.241736
i32,null,unpredictable,,9,0.565092
i32,sse2,unpredictable,,9,5.012740
i32,tmueller,unpredictable,,9,2.154122
i32,unrolledlut,unpredictable,,9,6.701132
i32,yy,unpredictable,,9,2.079370
i32,zmij_scalar,unpredictable,,9,2.411090
i32,zmij_x64_native,unpredictable,,9,1.444832
i32,zmij_x64_v1,unpredictable,,9,2.008166
i32,zmij_x64_v2,unpredictable,,9,1.584545
i32,zmij_x64_v3,unpredictable,,9,1.467968
i32,zmij_x64_v4,unpredictable,,9,1.442131
i32,amartin,unpredictable,,10,5.453341
i32,branchlut,unpredictable,,10,5.742677
i32,branchlut2,unpredictable,,10,7.592406
i32,countlut,unpredictable,,10,5.564667
i32,fmt,unpredictable,,10,2.727466
i32,jeaiii,unpredictable,,10,5.271837
i32,naive,unpredictable,,10,10.472156
i32,null,unpredictable,,10,1.119640
i32,sse2,unpredictable,,10,5.539044
i32,tmueller,unpredictable,,10,2.497857
i32,unrolledlut,unpredictable,,10,7.599323
i32,yy,unpredictable,,10,2.331993
i32,zmij_scalar,unpredictable,,10,2.454085
i32,zmij_x64_native,unpredictable,,10,1.447832
i32,zmij_x64_v1,unpredictable,,10,2.076446
i32,zmij_x64_v2,unpredictable,,10,1.530788
i32,zmij_x64_v3,unpredictable,,10,1.427725
i32,zmij_x64_v4,unpredictable,,10,1.442341
i32,amartin,admixture,5x6,0,1.679791
i32,branchlut,admixture,5x6,0,4.942595
i32,branchlut2,admixture,5x6,0,4.188356
i32,countlut,admixture,5x6,0,4.214164
i32,fmt,admixture,5x6,0,1.774009
i32,jeaiii,admixture,5x6,0,3.963078
i32,naive,admixture,5x6,0,7.650126
i32,null,admixture,5x6,0,0.741340
i32,sse2,admixture,5x6,0,4.596614
i32,tmueller,admixture,5x6,0,1.718946
i32,unrolledlut,admixture,5x6,0,4.540471
i32,yy,admixture,5x6,0,1.539969
i32,zmij_scalar,admixture,5x6,0,2.410583
i32,zmij_x64_native,admixture,5x6,0,1.421636
i32,zmij_x64_v1,admixture,5x6,0,2.020546
i32,zmij_x64_v2,admixture,5x6,0,1.542989
i32,zmij_x64_v3,admixture,5x6,0,1.441098
i32,zmij_x64_v4,admixture,5x6,0,1.437401
i32,amartin,admixture,5x6,10,1.683231
i32,branchlut,admixture,5x6,10,5.253301
i32,branchlut2,admixture,5x6,10,4.730350
i32,countlut,admixture,5x6,10,5.136889
i32,fmt,admixture,5x6,10,2.471541
i32,jeaiii,admixture,5x6,10,4.580447
i32,naive,admixture,5x6,10,8.106682
i32,null,admixture,5x6,10,0.765389
i32,sse2,admixture,5x6,10,5.010328
i32,tmueller,admixture,5x6,10,2.295842
i32,unrolledlut,admixture,5x6,10,4.852724
i32,yy,admixture,5x6,10,1.524472
i32,zmij_scalar,admixture,5x6,10,2.427590
i32,zmij_x64_native,admixture,5x6,10,1.430617
i32,zmij_x64_v1,admixture,5x6,10,2.024072
i32,zmij_x64_v2,admixture,5x6,10,1.529116
i32,zmij_x64_v3,admixture,5x6,10,1.460026
i32,zmij_x64_v4,admixture,5x6,10,1.435490
i32,amartin,admixture,5x6,20,1.666453
i32,branchlut,admixture,5x6,20,5.643748
i32,branchlut2,admixture,5x6,20,5.210429
i32,countlut,admixture,5x6,20,5.674534
i32,fmt,admixture,5x6,20,3.070059
i32,jeaiii,admixture,5x6,20,5.061646
i32,naive,admixture,5x6,20,8.627091
i32,null,admixture,5x6,20,0.801009
i32,sse2,admixture,5x6,20,5.402056
i32,tmueller,admixture,5x6,20,2.764341
i32,unrolledlut,admixture,5x6,20,5.376994
i32,yy,admixture,5x6,20,1.502505
i32,zmij_scalar,admixture,5x6,20,2.421151
i32,zmij_x64_native,admixture,5x6,20,1.396556
i32,zmij_x64_v1,admixture,5x6,20,2.036330
i32,zmij_x64_v2,admixture,5x6,20,1.523058
i32,zmij_x64_v3,admixture,5x6,20,1.439359
i32,zmij_x64_v4,admixture,5x6,20,1.419534
i32,amartin,admixture,5x6,30,1.654090
i32,branchlut,admixture,5x6,30,6.192240
i32,branchlut2,admixture,5x6,30,5.795648
i32,countlut,admixture,5x6,30,6.328555
i32,fmt,admixture,5x6,30,3.759528
i32,jeaiii,admixture,5x6,30,5.611216
i32,naive,admixture,5x6,30,9.258955
i32,null,admixture,5x6,30,1.097840
i32,sse2,admixture,5x6,30,5.880263
i32,tmueller,admixture,5x6,30,3.299293
i32,unrolledlut,admixture,5x6,30,5.991755
i32,yy,admixture,5x6,30,1.496879
i32,zmij_scalar,admixture,5x6,30,2.399032
i32,zmij_x64_native,admixture,5x6,30,1.419305
i32,zmij_x64_v1,admixture,5x6,30,2.028094
i32,zmij_x64_v2,admixture,5x6,30,1.506194
i32,zmij_x64_v3,admixture,5x6,30,1.422143
i32,zmij_x64_v4,admixture,5x6,30,1.424952
i32,amartin,admixture,5x6,40,1.653765
i32,branchlut,admixture,5x6,40,6.757393
i32,branchlut2,admixture,5x6,40,6.372267
i32,countlut,admixture,5x6,40,7.114141
i32,fmt,admixture,5x6,40,4.509954
i32,jeaiii,admixture,5x6,40,6.182446
i32,naive,admixture,5x6,40,9.841690
i32,null,admixture,5x6,40,1.066052
i32,sse2,admixture,5x6,40,6.446984
i32,tmueller,admixture,5x6,40,4.037691
i32,unrolledlut,admixture,5x6,40,6.455297
i32,yy,admixture,5x6,40,1.509442
i32,zmij_scalar,admixture,5x6,40,2.409484
i32,zmij_x64_native,admixture,5x6,40,1.403014
i32,zmij_x64_v1,admixture,5x6,40,2.012912
i32,zmij_x64_v2,admixture,5x6,40,1.518816
i32,zmij_x64_v3,admixture,5x6,40,1.446526
i32,zmij_x64_v4,admixture,5x6,40,1.431057
i32,amartin,admixture,5x6,50,1.685084
i32,branchlut,admixture,5x6,50,7.135602
i32,branchlut2,admixture,5x6,50,6.744141
i32,countlut,admixture,5x6,50,7.429769
i32,fmt,admixture,5x6,50,5.021239
i32,jeaiii,admixture,5x6,50,6.549552
i32,naive,admixture,5x6,50,10.184030
i32,null,admixture,5x6,50,0.756761
i32,sse2,admixture,5x6,50,6.774764
i32,tmueller,admixture,5x6,50,4.483383
i32,unrolledlut,admixture,5x6,50,6.792649
i32,yy,admixture,5x6,50,1.535040
i32,zmij_scalar,admixture,5x6,50,2.410785
i32,zmij_x64_native,admixture,5x6,50,1.406989
i32,zmij_x64_v1,admixture,5x6,50,2.047738
i32,zmij_x64_v2,admixture,5x6,50,1.509758
i32,zmij_x64_v3,admixture,5x6,50,1.445933
i32,zmij_x64_v4,admixture,5x6,50,1.445827
i32,amartin,admixture,5x6,60,1.671889
i32,branchlut,admixture,5x6,60,6.842591
i32,branchlut2,admixture,5x6,60,6.453013
i32,countlut,admixture,5x6,60,7.058372
i32,fmt,admixture,5x6,60,4.540586
i32,jeaiii,admixture,5x6,60,6.265638
i32,naive,admixture,5x6,60,9.768979
i32,null,admixture,5x6,60,1.101471
i32,sse2,admixture,5x6,60,6.505124
i32,tmueller,admixture,5x6,60,4.074294
i32,unrolledlut,admixture,5x6,60,6.526057
i32,yy,admixture,5x6,60,1.488605
i32,zmij_scalar,admixture,5x6,60,2.435711
i32,zmij_x64_native,admixture,5x6,60,1.400062
i32,zmij_x64_v1,admixture,5x6,60,2.042312
i32,zmij_x64_v2,admixture,5x6,60,1.535909
i32,zmij_x64_v3,admixture,5x6,60,1.445638
i32,zmij_x64_v4,admixture,5x6,60,1.443650
i32,amartin,admixture,5x6,70,1.671125
i32,branchlut,admixture,5x6,70,6.228060
i32,branchlut2,admixture,5x6,70,5.515346
i32,countlut,admixture,5x6,70,6.276005
i32,fmt,admixture,5x6,70,3.687763
i32,jeaiii,admixture,5x6,70,5.483117
i32,naive,admixture,5x6,70,8.828502
i32,null,admixture,5x6,70,0.842876
i32,sse2,admixture,5x6,70,5.849278
i32,tmueller,admixture,5x6,70,3.220736
i32,unrolledlut,admixture,5x6,70,5.546618
i32,yy,admixture,5x6,70,1.524893
i32,zmij_scalar,admixture,5x6,70,2.416421
i32,zmij_x64_native,admixture,5x6,70,1.390010
i32,zmij_x64_v1,admixture,5x6,70,2.044117
i32,zmij_x64_v2,admixture,5x6,70,1.527138
i32,zmij_x64_v3,admixture,5x6,70,1.425869
i32,zmij_x64_v4,admixture,5x6,70,1.417480
i32,amartin,admixture,5x6,80,1.664976
i32,branchlut,admixture,5x6,80,5.584905
i32,branchlut2,admixture,5x6,80,5.030903
i32,countlut,admixture,5x6,80,5.618451
i32,fmt,admixture,5x6,80,3.098311
i32,jeaiii,admixture,5x6,80,4.876718
i32,naive,admixture,5x6,80,8.047744
i32,null,admixture,5x6,80,0.845901
i32,sse2,admixture,5x6,80,5.285080
i32,tmueller,admixture,5x6,80,2.494773
i32,unrolledlut,admixture,5x6,80,4.917663
i32,yy,admixture,5x6,80,1.471107
i32,zmij_scalar,admixture,5x6,80,2.380913
i32,zmij_x64_native,admixture,5x6,80,1.391397
i32,zmij_x64_v1,admixture,5x6,80,2.025530
i32,zmij_x64_v2,admixture,5x6,80,1.532621
i32,zmij_x64_v3,admixture,5x6,80,1.416065
i32,zmij_x64_v4,admixture,5x6,80,1.389772
i32,amartin,admixture,5x6,90,1.668379
i32,branchlut,admixture,5x6,90,5.001801
i32,branchlut2,admixture,5x6,90,4.513077
i32,countlut,admixture,5x6,90,4.767934
i32,fmt,admixture,5x6,90,2.464218
i32,jeaiii,admixture,5x6,90,4.315597
i32,naive,admixture,5x6,90,7.478328
i32,null,admixture,5x6,90,0.777746
i32,sse2,admixture,5x6,90,4.788023
i32,tmueller,admixture,5x6,90,1.919200
i32,unrolledlut,admixture,5x6,90,4.486985
i32,yy,admixture,5x6,90,1.495193
i32,zmij_scalar,admixture,5x6,90,2.388960
i32,zmij_x64_native,admixture,5x6,90,1.396309
i32,zmij_x64_v1,admixture,5x6,90,2.038108
i32,zmij_x64_v2,admixture,5x6,90,1.503461
i32,zmij_x64_v3,admixture,5x6,90,1.413829
i32,zmij_x64_v4,admixture,5x6,90,1.408553
i32,amartin,admixture,5x6,100,1.671236
i32,branchlut,admixture,5x6,100,4.783521
i32,branchlut2,admixture,5x6,100,3.753693
i32,countlut,admixture,5x6,100,4.099163
i32,fmt,admixture,5x6,100,1.761968
i32,jeaiii,admixture,5x6,100,3.642125
i32,naive,admixture,5x6,100,6.746745
i32,null,admixture,5x6,100,0.771267
i32,sse2,admixture,5x6,100,4.352987
i32,tmueller,admixture,5x6,100,1.247678
i32,unrolledlut,admixture,5x6,100,4.327658
i32,yy,admixture,5x6,100,1.472943
i32,zmij_scalar,admixture,5x6,100,2.386103
i32,zmij_x64_native,admixture,5x6,100,1.387087
i32,zmij_x64_v1,admixture,5x6,100,2.013363
i32,zmij_x64_v2,admixture,5x6,100,1.501788
i32,zmij_x64_v3,admixture,5x6,100,1.427831
i32,zmij_x64_v4,admixture,5x6,100,1.420233
u64,amartin,bylength,,1,0.920739
u64,branchlut,bylength,,1,1.493960
u64,branchlut2,bylength,,1,0.934119
u64,countlut,bylength,,1,1.243835
u64,fmt,bylength,,1,1.086402
u64,jeaiii,bylength,,1,0.936213
u64,naive,bylength,,1,1.825612
u64,null,bylength,,1,0.960365
u64,sse2,bylength,,1,1.166056
u64,tmueller,bylength,,1,0.840549
u64,unrolledlut,bylength,,1,1.500536
u64,yy,bylength,,1,1.088017
u64,zmij_scalar,bylength,,1,4.722333
u64,zmij_x64_native,bylength,,1,1.968986
u64,zmij_x64_v1,bylength,,1,3.283511
u64,zmij_x64_v2,bylength,,1,2.657406
u64,zmij_x64_v3,bylength,,1,2.519059
u64,zmij_x64_v4,bylength,,1,2.366289
u64,amartin,bylength,,2,0.915110
u64,branchlut,bylength,,2,1.532066
u64,branchlut2,bylength,,2,1.027660
u64,countlut,bylength,,2,1.152810
u64,fmt,bylength,,2,1.064754
u64,jeaiii,bylength,,2,0.897006
u64,naive,bylength,,2,2.033223
u64,null,bylength,,2,0.826691
u64,sse2,bylength,,2,1.306295
u64,tmueller,bylength,,2,1.023111
u64,unrolledlut,bylength,,2,1.498940
u64,yy,bylength,,2,1.105011
u64,zmij_scalar,bylength,,2,4.759885
u64,zmij_x64_native,bylength,,2,1.996560
u64,zmij_x64_v1,bylength,,2,3.311850
u64,zmij_x64_v2,bylength,,2,2.637145
u64,zmij_x64_v3,bylength,,2,2.509731
u64,zmij_x64_v4,bylength,,2,2.309450
u64,amartin,bylength,,3,1.038012
u64,branchlut,bylength,,3,1.198972
u64,branchlut2,bylength,,3,1.208158
u64,countlut,bylength,,3,1.404232
u64,fmt,bylength,,3,1.308092
u64,jeaiii,bylength,,3,1.058952
u64,naive,bylength,,3,2.954594
u64,null,bylength,,3,0.791806
u64,sse2,bylength,,3,1.291013
u64,tmueller,bylength,,3,1.301602
u64,unrolledlut,bylength,,3,1.476030
u64,yy,bylength,,3,1.044578
u64,zmij_scalar,bylength,,3,4.772358
u64,zmij_x64_native,bylength,,3,1.986792
u64,zmij_x64_v1,bylength,,3,3.292055
u64,zmij_x64_v2,bylength,,3,2.665235
u64,zmij_x64_v3,bylength,,3,2.525376
u64,zmij_x64_v4,bylength,,3,2.357630
u64,amartin,bylength,,4,1.035192
u64,branchlut,bylength,,4,1.291911
u64,branchlut2,bylength,,4,1.359942
u64,countlut,bylength,,4,1.487270
u64,fmt,bylength,,4,1.270234
u64,jeaiii,bylength,,4,1.154548
u64,naive,bylength,,4,3.640663
u64,null,bylength,,4,0.965775
u64,sse2,bylength,,4,1.122454
u64,tmueller,bylength,,4,1.287170
u64,unrolledlut,bylength,,4,1.589920
u64,yy,bylength,,4,1.046795
u64,zmij_scalar,bylength,,4,4.804626
u64,zmij_x64_native,bylength,,4,2.003451
u64,zmij_x64_v1,bylength,,4,3.292438
u64,zmij_x64_v2,bylength,,4,2.673741
u64,zmij_x64_v3,bylength,,4,2.503968
u64,zmij_x64_v4,bylength,,4,2.313769
u64,amartin,bylength,,5,1.494887
u64,branchlut,bylength,,5,1.980484
u64,branchlut2,bylength,,5,1.297091
u64,countlut,bylength,,5,1.812231
u64,fmt,bylength,,5,1.748874
u64,jeaiii,bylength,,5,1.260935
u64,naive,bylength,,5,4.392393
u64,null,bylength,,5,0.802071
u64,sse2,bylength,,5,1.818624
u64,tmueller,bylength,,5,1.803314
u64,unrolledlut,bylength,,5,1.917442
u64,yy,bylength,,5,1.311408
u64,zmij_scalar,bylength,,5,4.812394
u64,zmij_x64_native,bylength,,5,2.014194
u64,zmij_x64_v1,bylength,,5,3.337579
u64,zmij_x64_v2,bylength,,5,2.676732
u64,zmij_x64_v3,bylength,,5,2.573290
u64,zmij_x64_v4,bylength,,5,2.335332
u64,amartin,bylength,,6,1.467457
u64,branchlut,bylength,,6,2.128026
u64,branchlut2,bylength,,6,1.302989
u64,countlut,bylength,,6,1.933996
u64,fmt,bylength,,6,1.816866
u64,jeaiii,bylength,,6,1.280022
u64,naive,bylength,,6,5.242166
u64,null,bylength,,6,1.088630
u64,sse2,bylength,,6,1.963844
u64,tmueller,bylength,,6,1.750040
u64,unrolledlut,bylength,,6,1.787486
u64,yy,bylength,,6,1.260629
u64,zmij_scalar,bylength,,6,4.748635
u64,zmij_x64_native,bylength,,6,1.988943
u64,zmij_x64_v1,bylength,,6,3.304499
u64,zmij_x64_v2,bylength,,6,2.647888
u64,zmij_x64_v3,bylength,,6,2.501943
u64,zmij_x64_v4,bylength,,6,2.368278
u64,amartin,bylength,,7,1.949346
u64,branchlut,bylength,,7,2.164059
u64,branchlut2,bylength,,7,1.869166
u64,countlut,bylength,,7,2.275252
u64,fmt,bylength,,7,2.379144
u64,jeaiii,bylength,,7,1.448904
u64,naive,bylength,,7,6.307628
u64,null,bylength,,7,0.821368
u64,sse2,bylength,,7,2.069792
u64,tmueller,bylength,,7,2.345540
u64,unrolledlut,bylength,,7,1.720220
u64,yy,bylength,,7,1.632270
u64,zmij_scalar,bylength,,7,4.819344
u64,zmij_x64_native,bylength,,7,2.023533
u64,zmij_x64_v1,bylength,,7,3.375256
u64,zmij_x64_v2,bylength,,7,2.718748
u64,zmij_x64_v3,bylength,,7,2.553687
u64,zmij_x64_v4,bylength,,7,2.392448
u64,amartin,bylength,,8,1.930315
u64,branchlut,bylength,,8,2.247492
u64,branchlut2,bylength,,8,1.923943
u64,countlut,bylength,,8,2.314433
u64,fmt,bylength,,8,2.332253
u64,jeaiii,bylength,,8,1.516387
u64,naive,bylength,,8,6.446548
u64,null,bylength,,8,0.792285
u64,sse2,bylength,,8,2.136797
u64,tmueller,bylength,,8,2.270012
u64,unrolledlut,bylength,,8,1.688547
u64,yy,bylength,,8,1.585584
u64,zmij_scalar,bylength,,8,4.762453
u64,zmij_x64_native,bylength,,8,1.979849
u64,zmij_x64_v1,bylength,,8,3.293498
u64,zmij_x64_v2,bylength,,8,2.645110
u64,zmij_x64_v3,bylength,,8,2.502713
u64,zmij_x64_v4,bylength,,8,2.329549
u64,amartin,bylength,,9,2.240210
u64,branchlut,bylength,,9,4.353360
u64,branchlut2,bylength,,9,2.208497
u64,countlut,bylength,,9,2.482809
u64,fmt,bylength,,9,2.913833
u64,jeaiii,bylength,,9,1.596524
u64,naive,bylength,,9,7.518314
u64,null,bylength,,9,1.076229
u64,sse2,bylength,,9,2.249440
u64,tmueller,bylength,,9,2.852165
u64,unrolledlut,bylength,,9,2.092023
u64,yy,bylength,,9,2.163131
u64,zmij_scalar,bylength,,9,4.952281
u64,zmij_x64_native,bylength,,9,1.980001
u64,zmij_x64_v1,bylength,,9,3.297864
u64,zmij_x64_v2,bylength,,9,2.637571
u64,zmij_x64_v3,bylength,,9,2.498307
u64,zmij_x64_v4,bylength,,9,2.310220
u64,amartin,bylength,,10,4.333408
u64,branchlut,bylength,,10,4.756854
u64,branchlut2,bylength,,10,2.293728
u64,countlut,bylength,,10,2.522789
u64,fmt,bylength,,10,2.907985
u64,jeaiii,bylength,,10,3.993816
u64,naive,bylength,,10,8.367089
u64,null,bylength,,10,1.009001
u64,sse2,bylength,,10,2.250262
u64,tmueller,bylength,,10,2.822775
u64,unrolledlut,bylength,,10,4.484521
u64,yy,bylength,,10,2.146027
u64,zmij_scalar,bylength,,10,4.926291
u64,zmij_x64_native,bylength,,10,1.984109
u64,zmij_x64_v1,bylength,,10,3.308547
u64,zmij_x64_v2,bylength,,10,2.713237
u64,zmij_x64_v3,bylength,,10,2.517495
u64,zmij_x64_v4,bylength,,10,2.331068
u64,amartin,bylength,,11,2.847847
u64,branchlut,bylength,,11,5.000773
u64,branchlut2,bylength,,11,2.626277
u64,countlut,bylength,,11,2.817433
u64,fmt,bylength,,11,3.511503
u64,jeaiii,bylength,,11,2.213438
u64,naive,bylength,,11,9.385873
u64,null,bylength,,11,0.888790
u64,sse2,bylength,,11,2.262139
u64,tmueller,bylength,,11,3.443711
u64,unrolledlut,bylength,,11,2.831345
u64,yy,bylength,,11,2.573153
u64,zmij_scalar,bylength,,11,4.965123
u64,zmij_x64_native,bylength,,11,1.977689
u64,zmij_x64_v1,bylength,,11,3.320099
u64,zmij_x64_v2,bylength,,11,2.662491
u64,zmij_x64_v3,bylength,,11,2.526113
u64,zmij_x64_v4,bylength,,11,2.337021
u64,amartin,bylength,,12,2.844713
u64,branchlut,bylength,,12,4.905606
u64,branchlut2,bylength,,12,2.732948
u64,countlut,bylength,,12,2.892296
u64,fmt,bylength,,12,3.553612
u64,jeaiii,bylength,,12,2.171922
u64,naive,bylength,,12,10.539363
u64,null,bylength,,12,1.051548
u64,sse2,bylength,,12,2.271302
u64,tmueller,bylength,,12,3.376625
u64,unrolledlut,bylength,,12,2.828259
u64,yy,bylength,,12,2.557348
u64,zmij_scalar,bylength,,12,4.950533
u64,zmij_x64_native,bylength,,12,1.988553
u64,zmij_x64_v1,bylength,,12,3.304066
u64,zmij_x64_v2,bylength,,12,2.655581
u64,zmij_x64_v3,bylength,,12,2.523782
u64,zmij_x64_v4,bylength,,12,2.323663
u64,amartin,bylength,,13,3.318780
u64,branchlut,bylength,,13,4.957144
u64,branchlut2,bylength,,13,2.938542
u64,countlut,bylength,,13,3.241567
u64,fmt,bylength,,13,4.262234
u64,jeaiii,bylength,,13,2.421984
u64,naive,bylength,,13,11.728323
u64,null,bylength,,13,1.067038
u64,sse2,bylength,,13,2.315722
u64,tmueller,bylength,,13,4.151885
u64,unrolledlut,bylength,,13,3.084867
u64,yy,bylength,,13,2.945794
u64,zmij_scalar,bylength,,13,4.938484
u64,zmij_x64_native,bylength,,13,1.969252
u64,zmij_x64_v1,bylength,,13,3.303034
u64,zmij_x64_v2,bylength,,13,2.661096
u64,zmij_x64_v3,bylength,,13,2.486824
u64,zmij_x64_v4,bylength,,13,2.308212
u64,amartin,bylength,,14,3.303292
u64,branchlut,bylength,,14,5.025148
u64,branchlut2,bylength,,14,2.894207
u64,countlut,bylength,,14,3.278029
u64,fmt,bylength,,14,4.167746
u64,jeaiii,bylength,,14,2.340203
u64,naive,bylength,,14,12.709078
u64,null,bylength,,14,0.802720
u64,sse2,bylength,,14,2.260696
u64,tmueller,bylength,,14,4.048567
u64,unrolledlut,bylength,,14,3.024909
u64,yy,bylength,,14,2.936316
u64,zmij_scalar,bylength,,14,4.946386
u64,zmij_x64_native,bylength,,14,1.985887
u64,zmij_x64_v1,bylength,,14,3.303788
u64,zmij_x64_v2,bylength,,14,2.648827
u64,zmij_x64_v3,bylength,,14,2.523266
u64,zmij_x64_v4,bylength,,14,2.319536
u64,amartin,bylength,,15,3.771215
u64,branchlut,bylength,,15,5.062287
u64,branchlut2,bylength,,15,3.459133
u64,countlut,bylength,,15,3.717154
u64,fmt,bylength,,15,5.048156
u64,jeaiii,bylength,,15,2.755058
u64,naive,bylength,,15,13.877809
u64,null,bylength,,15,0.957041
u64,sse2,bylength,,15,2.284183
u64,tmueller,bylength,,15,4.761861
u64,unrolledlut,bylength,,15,3.357545
u64,yy,bylength,,15,3.255383
u64,zmij_scalar,bylength,,15,4.946769
u64,zmij_x64_native,bylength,,15,1.987445
u64,zmij_x64_v1,bylength,,15,3.297874
u64,zmij_x64_v2,bylength,,15,2.671109
u64,zmij_x64_v3,bylength,,15,2.513444
u64,zmij_x64_v4,bylength,,15,2.338321
u64,amartin,bylength,,16,3.759157
u64,branchlut,bylength,,16,5.099800
u64,branchlut2,bylength,,16,3.529849
u64,countlut,bylength,,16,3.771111
u64,fmt,bylength,,16,5.058494
u64,jeaiii,bylength,,16,2.640046
u64,naive,bylength,,16,13.964232
u64,null,bylength,,16,1.071920
u64,sse2,bylength,,16,2.117936
u64,tmueller,bylength,,16,4.690353
u64,unrolledlut,bylength,,16,3.367664
u64,yy,bylength,,16,3.238031
u64,zmij_scalar,bylength,,16,4.943051
u64,zmij_x64_native,bylength,,16,1.980478
u64,zmij_x64_v1,bylength,,16,3.307793
u64,zmij_x64_v2,bylength,,16,2.668491
u64,zmij_x64_v3,bylength,,16,2.522645
u64,zmij_x64_v4,bylength,,16,2.323740
u64,amartin,bylength,,17,4.075874
u64,branchlut,bylength,,17,3.520438
u64,branchlut2,bylength,,17,3.549915
u64,countlut,bylength,,17,3.817137
u64,fmt,bylength,,17,5.794520
u64,jeaiii,bylength,,17,2.972529
u64,naive,bylength,,17,15.074477
u64,null,bylength,,17,0.866584
u64,sse2,bylength,,17,2.008742
u64,tmueller,bylength,,17,5.450619
u64,unrolledlut,bylength,,17,3.800559
u64,yy,bylength,,17,3.377496
u64,zmij_scalar,bylength,,17,4.934423
u64,zmij_x64_native,bylength,,17,1.983708
u64,zmij_x64_v1,bylength,,17,3.298724
u64,zmij_x64_v2,bylength,,17,2.640142
u64,zmij_x64_v3,bylength,,17,2.513625
u64,zmij_x64_v4,bylength,,17,2.327924
u64,amartin,bylength,,18,5.869383
u64,branchlut,bylength,,18,3.565757
u64,branchlut2,bylength,,18,3.531119
u64,countlut,bylength,,18,3.845391
u64,fmt,bylength,,18,5.725150
u64,jeaiii,bylength,,18,5.091526
u64,naive,bylength,,18,16.395915
u64,null,bylength,,18,0.853054
u64,sse2,bylength,,18,2.086224
u64,tmueller,bylength,,18,5.336008
u64,unrolledlut,bylength,,18,5.811089
u64,yy,bylength,,18,3.370902
u64,zmij_scalar,bylength,,18,4.950026
u64,zmij_x64_native,bylength,,18,1.981997
u64,zmij_x64_v1,bylength,,18,3.301802
u64,zmij_x64_v2,bylength,,18,2.648283
u64,zmij_x64_v3,bylength,,18,2.517590
u64,zmij_x64_v4,bylength,,18,2.335865
u64,amartin,bylength,,19,4.411311
u64,branchlut,bylength,,19,4.012898
u64,branchlut2,bylength,,19,4.001175
u64,countlut,bylength,,19,4.285539
u64,fmt,bylength,,19,6.546665
u64,jeaiii,bylength,,19,3.428555
u64,naive,bylength,,19,17.468150
u64,null,bylength,,19,0.817472
u64,sse2,bylength,,19,2.463815
u64,tmueller,bylength,,19,6.248924
u64,unrolledlut,bylength,,19,4.409810
u64,yy,bylength,,19,3.715272
u64,zmij_scalar,bylength,,19,4.908739
u64,zmij_x64_native,bylength,,19,1.996608
u64,zmij_x64_v1,bylength,,19,3.314318
u64,zmij_x64_v2,bylength,,19,2.651245
u64,zmij_x64_v3,bylength,,19,2.525321
u64,zmij_x64_v4,bylength,,19,2.362332
u64,amartin,bylength,,20,4.367070
u64,branchlut,bylength,,20,3.920218
u64,branchlut2,bylength,,20,4.140113
u64,countlut,bylength,,20,4.336654
u64,fmt,bylength,,20,6.375776
u64,jeaiii,bylength,,20,3.337858
u64,naive,bylength,,20,18.592216
u64,null,bylength,,20,0.862115
u64,sse2,bylength,,20,2.349592
u64,tmueller,bylength,,20,6.085335
u64,unrolledlut,bylength,,20,4.377831
u64,yy,bylength,,20,3.712124
u64,zmij_scalar,bylength,,20,4.905051
u64,zmij_x64_native,bylength,,20,1.984817
u64,zmij_x64_v1,bylength,,20,3.352003
u64,zmij_x64_v2,bylength,,20,2.759607
u64,zmij_x64_v3,bylength,,20,2.596036
u64,zmij_x64_v4,bylength,,20,2.340926
u64,amartin,loguniform,1-20,20,9.561827
u64,branchlut,loguniform,1-20,20,10.926845
u64,branchlut2,loguniform,1-20,20,11.977919
u64,countlut,loguniform,1-20,20,11.853717
u64,fmt,loguniform,1-20,20,12.124298
u64,jeaiii,loguniform,1-20,20,11.499548
u64,naive,loguniform,1-20,20,16.384424
u64,null,loguniform,1-20,20,0.803502
u64,sse2,loguniform,1-20,20,13.735938
u64,tmueller,loguniform,1-20,20,11.861650
u64,unrolledlut,loguniform,1-20,20,11.319868
u64,yy,loguniform,1-20,20,9.036496
u64,zmij_scalar,loguniform,1-20,20,4.896185
u64,zmij_x64_native,loguniform,1-20,20,2.050631
u64,zmij_x64_v1,loguniform,1-20,20,3.367157
u64,zmij_x64_v2,loguniform,1-20,20,2.680659
u64,zmij_x64_v3,loguniform,1-20,20,2.563148
u64,zmij_x64_v4,loguniform,1-20,20,2.382273
u64,amartin,loguniform,1-4,4,3.856936
u64,branchlut,loguniform,1-4,4,5.720724
u64,branchlut2,loguniform,1-4,4,6.419105
u64,countlut,loguniform,1-4,4,6.700532
u64,fmt,loguniform,1-4,4,6.597938
u64,jeaiii,loguniform,1-4,4,6.266837
u64,naive,loguniform,1-4,4,6.931226
u64,null,loguniform,1-4,4,0.766076
u64,sse2,loguniform,1-4,4,5.682480
u64,tmueller,loguniform,1-4,4,5.672924
u64,unrolledlut,loguniform,1-4,4,6.649608
u64,yy,loguniform,1-4,4,3.791038
u64,zmij_scalar,loguniform,1-4,4,4.758337
u64,zmij_x64_native,loguniform,1-4,4,1.969698
u64,zmij_x64_v1,loguniform,1-4,4,3.282671
u64,zmij_x64_v2,loguniform,1-4,4,2.650457
u64,zmij_x64_v3,loguniform,1-4,4,2.545062
u64,zmij_x64_v4,loguniform,1-4,4,2.323896
u64,amartin,uniform,0-255,0,3.530509
u64,branchlut,uniform,0-255,0,3.728827
u64,branchlut2,uniform,0-255,0,3.755699
u64,countlut,uniform,0-255,0,3.688615
u64,fmt,uniform,0-255,0,3.720074
u64,jeaiii,uniform,0-255,0,3.686158
u64,naive,uniform,0-255,0,4.930653
u64,null,uniform,0-255,0,0.799045
u64,sse2,uniform,0-255,0,3.584281
u64,tmueller,uniform,0-255,0,3.558508
u64,unrolledlut,uniform,0-255,0,4.015701
u64,yy,uniform,0-255,0,3.452444
u64,zmij_scalar,uniform,0-255,0,4.809195
u64,zmij_x64_native,uniform,0-255,0,1.971074
u64,zmij_x64_v1,uniform,0-255,0,3.306744
u64,zmij_x64_v2,uniform,0-255,0,2.668193
u64,zmij_x64_v3,uniform,0-255,0,2.525454
u64,zmij_x64_v4,uniform,0-255,0,2.314702
u64,amartin,unpredictable,,1,2.271842
u64,branchlut,unpredictable,,1,3.047005
u64,branchlut2,unpredictable,,1,2.617085
u64,countlut,unpredictable,,1,3.256727
u64,fmt,unpredictable,,1,5.143736
u64,jeaiii,unpredictable,,1,2.777240
u64,naive,unpredictable,,1,5.302664
u64,null,unpredictable,,1,0.641750
u64,sse2,unpredictable,,1,2.907255
u64,tmueller,unpredictable,,1,5.765968
u64,unrolledlut,unpredictable,,1,2.599876
u64,yy,unpredictable,,1,3.123483
u64,zmij_scalar,unpredictable,,1,4.577296
u64,zmij_x64_native,unpredictable,,1,1.946362
u64,zmij_x64_v1,unpredictable,,1,3.256265
u64,zmij_x64_v2,unpredictable,,1,2.587940
u64,zmij_x64_v3,unpredictable,,1,2.548970
u64,zmij_x64_v4,unpredictable,,1,2.344069
u64,amartin,unpredictable,,2,2.781682
u64,branchlut,unpredictable,,2,3.476316
u64,branchlut2,unpredictable,,2,3.043370
u64,countlut,unpredictable,,2,3.694605
u64,fmt,unpredictable,,2,5.313288
u64,jeaiii,unpredictable,,2,3.190925
u64,naive,unpredictable,,2,6.294407
u64,null,unpredictable,,2,1.349091
u64,sse2,unpredictable,,2,3.184570
u64,tmueller,unpredictable,,2,6.017975
u64,unrolledlut,unpredictable,,2,3.165632
u64,yy,unpredictable,,2,3.249034
u64,zmij_scalar,unpredictable,,2,4.761140
u64,zmij_x64_native,unpredictable,,2,2.040977
u64,zmij_x64_v1,unpredictable,,2,3.230235
u64,zmij_x64_v2,unpredictable,,2,2.753819
u64,zmij_x64_v3,unpredictable,,2,2.607831
u64,zmij_x64_v4,unpredictable,,2,2.441251
u64,amartin,unpredictable,,3,2.529847
u64,branchlut,unpredictable,,3,3.303886
u64,branchlut2,unpredictable,,3,3.107142
u64,countlut,unpredictable,,3,3.119864
u64,fmt,unpredictable,,3,4.459156
u64,jeaiii,unpredictable,,3,2.096484
u64,naive,unpredictable,,3,6.370197
u64,null,unpredictable,,3,0.772438
u64,sse2,unpredictable,,3,3.158810
u64,tmueller,unpredictable,,3,4.604813
u64,unrolledlut,unpredictable,,3,2.832258
u64,yy,unpredictable,,3,3.268449
u64,zmij_scalar,unpredictable,,3,4.801692
u64,zmij_x64_native,unpredictable,,3,2.007152
u64,zmij_x64_v1,unpredictable,,3,3.268477
u64,zmij_x64_v2,unpredictable,,3,2.793222
u64,zmij_x64_v3,unpredictable,,3,2.607123
u64,zmij_x64_v4,unpredictable,,3,2.466914
u64,amartin,unpredictable,,4,2.586146
u64,branchlut,unpredictable,,4,3.551287
u64,branchlut2,unpredictable,,4,3.380975
u64,countlut,unpredictable,,4,3.325722
u64,fmt,unpredictable,,4,4.505919
u64,jeaiii,unpredictable,,4,2.252690
u64,naive,unpredictable,,4,7.202106
u64,null,unpredictable,,4,1.158735
u64,sse2,unpredictable,,4,3.091866
u64,tmueller,unpredictable,,4,4.577198
u64,unrolledlut,unpredictable,,4,2.868126
u64,yy,unpredictable,,4,3.286813
u64,zmij_scalar,unpredictable,,4,4.687640
u64,zmij_x64_native,unpredictable,,4,1.985770
u64,zmij_x64_v1,unpredictable,,4,3.268802
u64,zmij_x64_v2,unpredictable,,4,2.697958
u64,zmij_x64_v3,unpredictable,,4,2.614366
u64,zmij_x64_v4,unpredictable,,4,2.446620
u64,amartin,unpredictable,,5,2.521096
u64,branchlut,unpredictable,,5,3.625090
u64,branchlut2,unpredictable,,5,3.429513
u64,countlut,unpredictable,,5,3.181648
u64,fmt,unpredictable,,5,4.400871
u64,jeaiii,unpredictable,,5,2.273139
u64,naive,unpredictable,,5,7.739906
u64,null,unpredictable,,5,1.349453
u64,sse2,unpredictable,,5,3.281019
u64,tmueller,unpredictable,,5,4.462383
u64,unrolledlut,unpredictable,,5,2.964882
u64,yy,unpredictable,,5,2.998059
u64,zmij_scalar,unpredictable,,5,4.711396
u64,zmij_x64_native,unpredictable,,5,2.002528
u64,zmij_x64_v1,unpredictable,,5,3.319901
u64,zmij_x64_v2,unpredictable,,5,2.711601
u64,zmij_x64_v3,unpredictable,,5,2.602977
u64,zmij_x64_v4,unpredictable,,5,2.417171
u64,amartin,unpredictable,,6,2.441443
u64,branchlut,unpredictable,,6,3.405247
u64,branchlut2,unpredictable,,6,3.131528
u64,countlut,unpredictable,,6,3.152735
u64,fmt,unpredictable,,6,4.225594
u64,jeaiii,unpredictable,,6,2.241855
u64,naive,unpredictable,,6,7.978458
u64,null,unpredictable,,6,0.785854
u64,sse2,unpredictable,,6,3.196095
u64,tmueller,unpredictable,,6,4.335377
u64,unrolledlut,unpredictable,,6,2.794497
u64,yy,unpredictable,,6,2.836959
u64,zmij_scalar,unpredictable,,6,4.642961
u64,zmij_x64_native,unpredictable,,6,1.965779
u64,zmij_x64_v1,unpredictable,,6,3.155211
u64,zmij_x64_v2,unpredictable,,6,2.628376
u64,zmij_x64_v3,unpredictable,,6,2.559329
u64,zmij_x64_v4,unpredictable,,6,2.381282
u64,amartin,unpredictable,,7,2.754432
u64,branchlut,unpredictable,,7,3.695244
u64,branchlut2,unpredictable,,7,3.536988
u64,countlut,unpredictable,,7,3.663933
u64,fmt,unpredictable,,7,4.270502
u64,jeaiii,unpredictable,,7,2.446429
u64,naive,unpredictable,,7,8.598528
u64,null,unpredictable,,7,0.853773
u64,sse2,unpredictable,,7,3.447470
u64,tmueller,unpredictable,,7,4.445835
u64,unrolledlut,unpredictable,,7,3.646086
u64,yy,unpredictable,,7,3.229886
u64,zmij_scalar,unpredictable,,7,4.736773
u64,zmij_x64_native,unpredictable,,7,2.035245
u64,zmij_x64_v1,unpredictable,,7,3.242240
u64,zmij_x64_v2,unpredictable,,7,2.630978
u64,zmij_x64_v3,unpredictable,,7,2.540984
u64,zmij_x64_v4,unpredictable,,7,2.388562
u64,amartin,unpredictable,,8,2.676745
u64,branchlut,unpredictable,,8,3.822556
u64,branchlut2,unpredictable,,8,3.428943
u64,countlut,unpredictable,,8,3.527279
u64,fmt,unpredictable,,8,4.128649
u64,jeaiii,unpredictable,,8,2.439799
u64,naive,unpredictable,,8,8.454643
u64,null,unpredictable,,8,1.202051
u64,sse2,unpredictable,,8,3.668783
u64,tmueller,unpredictable,,8,4.326223
u64,unrolledlut,unpredictable,,8,3.666475
u64,yy,unpredictable,,8,3.177646
u64,zmij_scalar,unpredictable,,8,4.613563
u64,zmij_x64_native,unpredictable,,8,1.942716
u64,zmij_x64_v1,unpredictable,,8,3.240563
u64,zmij_x64_v2,unpredictable,,8,2.659897
u64,zmij_x64_v3,unpredictable,,8,2.558509
u64,zmij_x64_v4,unpredictable,,8,2.358230
u64,amartin,unpredictable,,9,3.888789
u64,branchlut,unpredictable,,9,4.497478
u64,branchlut2,unpredictable,,9,2.214776
u64,countlut,unpredictable,,9,3.072258
u64,fmt,unpredictable,,9,4.307238
u64,jeaiii,unpredictable,,9,2.629302
u64,naive,unpredictable,,9,9.198408
u64,null,unpredictable,,9,0.923321
u64,sse2,unpredictable,,9,3.935623
u64,tmueller,unpredictable,,9,4.276535
u64,unrolledlut,unpredictable,,9,3.738541
u64,yy,unpredictable,,9,3.079228
u64,zmij_scalar,unpredictable,,9,4.921548
u64,zmij_x64_native,unpredictable,,9,2.014476
u64,zmij_x64_v1,unpredictable,,9,3.199418
u64,zmij_x64_v2,unpredictable,,9,2.619305
u64,zmij_x64_v3,unpredictable,,9,2.609609
u64,zmij_x64_v4,unpredictable,,9,2.452369
u64,amartin,unpredictable,,10,7.514857
u64,branchlut,unpredictable,,10,4.540745
u64,branchlut2,unpredictable,,10,2.244931
u64,countlut,unpredictable,,10,3.233513
u64,fmt,unpredictable,,10,4.156528
u64,jeaiii,unpredictable,,10,6.531917
u64,naive,unpredictable,,10,10.622065
u64,null,unpredictable,,10,1.018053
u64,sse2,unpredictable,,10,4.115723
u64,tmueller,unpredictable,,10,4.233555
u64,unrolledlut,unpredictable,,10,7.240141
u64,yy,unpredictable,,10,3.268441
u64,zmij_scalar,unpredictable,,10,4.839047
u64,zmij_x64_native,unpredictable,,10,1.924161
u64,zmij_x64_v1,unpredictable,,10,3.171594
u64,zmij_x64_v2,unpredictable,,10,2.603176
u64,zmij_x64_v3,unpredictable,,10,2.532746
u64,zmij_x64_v4,unpredictable,,10,2.376863
u64,amartin,unpredictable,,11,3.357921
u64,branchlut,unpredictable,,11,5.147984
u64,branchlut2,unpredictable,,11,2.489299
u64,countlut,unpredictable,,11,2.980738
u64,fmt,unpredictable,,11,4.388607
u64,jeaiii,unpredictable,,11,2.475518
u64,naive,unpredictable,,11,10.949007
u64,null,unpredictable,,11,0.915297
u64,sse2,unpredictable,,11,4.140871
u64,tmueller,unpredictable,,11,4.583698
u64,unrolledlut,unpredictable,,11,3.111031
u64,yy,unpredictable,,11,3.148620
u64,zmij_scalar,unpredictable,,11,4.773366
u64,zmij_x64_native,unpredictable,,11,1.951985
u64,zmij_x64_v1,unpredictable,,11,3.176810
u64,zmij_x64_v2,unpredictable,,11,2.608047
u64,zmij_x64_v3,unpredictable,,11,2.560609
u64,zmij_x64_v4,unpredictable,,11,2.480632
u64,amartin,unpredictable,,12,3.456111
u64,branchlut,unpredictable,,12,5.458719
u64,branchlut2,unpredictable,,12,3.029630
u64,countlut,unpredictable,,12,3.110041
u64,fmt,unpredictable,,12,4.472635
u64,jeaiii,unpredictable,,12,2.292937
u64,naive,unpredictable,,12,11.939371
u64,null,unpredictable,,12,0.795130
u64,sse2,unpredictable,,12,4.117653
u64,tmueller,unpredictable,,12,4.394793
u64,unrolledlut,unpredictable,,12,3.420563
u64,yy,unpredictable,,12,3.426044
u64,zmij_scalar,unpredictable,,12,4.817779
u64,zmij_x64_native,unpredictable,,12,1.969089
u64,zmij_x64_v1,unpredictable,,12,3.189826
u64,zmij_x64_v2,unpredictable,,12,2.642315
u64,zmij_x64_v3,unpredictable,,12,2.516847
u64,zmij_x64_v4,unpredictable,,12,2.446712
u64,amartin,unpredictable,,13,3.477015
u64,branchlut,unpredictable,,13,5.559946
u64,branchlut2,unpredictable,,13,2.860637
u64,countlut,unpredictable,,13,3.070330
u64,fmt,unpredictable,,13,4.790405
u64,jeaiii,unpredictable,,13,2.661139
u64,naive,unpredictable,,13,12.767717
u64,null,unpredictable,,13,1.186419
u64,sse2,unpredictable,,13,4.194878
u64,tmueller,unpredictable,,13,4.850195
u64,unrolledlut,unpredictable,,13,3.539238
u64,yy,unpredictable,,13,3.180972
u64,zmij_scalar,unpredictable,,13,4.789056
u64,zmij_x64_native,unpredictable,,13,1.991698
u64,zmij_x64_v1,unpredictable,,13,3.157969
u64,zmij_x64_v2,unpredictable,,13,2.648027
u64,zmij_x64_v3,unpredictable,,13,2.518069
u64,zmij_x64_v4,unpredictable,,13,2.374131
u64,amartin,unpredictable,,14,3.645875
u64,branchlut,unpredictable,,14,5.790842
u64,branchlut2,unpredictable,,14,2.913819
u64,countlut,unpredictable,,14,3.112812
u64,fmt,unpredictable,,14,4.729614
u64,jeaiii,unpredictable,,14,2.736970
u64,naive,unpredictable,,14,13.839190
u64,null,unpredictable,,14,1.069729
u64,sse2,unpredictable,,14,4.246456
u64,tmueller,unpredictable,,14,4.877771
u64,unrolledlut,unpredictable,,14,3.573122
u64,yy,unpredictable,,14,3.195794
u64,zmij_scalar,unpredictable,,14,4.792819
u64,zmij_x64_native,unpredictable,,14,1.964559
u64,zmij_x64_v1,unpredictable,,14,3.175874
u64,zmij_x64_v2,unpredictable,,14,2.653723
u64,zmij_x64_v3,unpredictable,,14,2.568866
u64,zmij_x64_v4,unpredictable,,14,2.363067
u64,amartin,unpredictable,,15,4.246156
u64,branchlut,unpredictable,,15,6.269272
u64,branchlut2,unpredictable,,15,3.779641
u64,countlut,unpredictable,,15,3.693695
u64,fmt,unpredictable,,15,5.216475
u64,jeaiii,unpredictable,,15,3.298820
u64,naive,unpredictable,,15,14.867220
u64,null,unpredictable,,15,1.320784
u64,sse2,unpredictable,,15,4.301495
u64,tmueller,unpredictable,,15,4.978485
u64,unrolledlut,unpredictable,,15,4.333645
u64,yy,unpredictable,,15,3.433383
u64,zmij_scalar,unpredictable,,15,4.846559
u64,zmij_x64_native,unpredictable,,15,1.999915
u64,zmij_x64_v1,unpredictable,,15,3.175990
u64,zmij_x64_v2,unpredictable,,15,2.655119
u64,zmij_x64_v3,unpredictable,,15,2.518548
u64,zmij_x64_v4,unpredictable,,15,2.383971
u64,amartin,unpredictable,,16,4.017118
u64,branchlut,unpredictable,,16,6.272083
u64,branchlut2,unpredictable,,16,3.503762
u64,countlut,unpredictable,,16,3.627287
u64,fmt,unpredictable,,16,5.163233
u64,jeaiii,unpredictable,,16,3.177890
u64,naive,unpredictable,,16,14.747530
u64,null,unpredictable,,16,0.846193
u64,sse2,unpredictable,,16,4.094090
u64,tmueller,unpredictable,,16,4.974360
u64,unrolledlut,unpredictable,,16,4.212177
u64,yy,unpredictable,,16,3.412440
u64,zmij_scalar,unpredictable,,16,4.863187
u64,zmij_x64_native,unpredictable,,16,1.967139
u64,zmij_x64_v1,unpredictable,,16,3.179812
u64,zmij_x64_v2,unpredictable,,16,2.644550
u64,zmij_x64_v3,unpredictable,,16,2.520385
u64,zmij_x64_v4,unpredictable,,16,2.361325
u64,amartin,unpredictable,,17,5.322080
u64,branchlut,unpredictable,,17,4.710867
u64,branchlut2,unpredictable,,17,4.386439
u64,countlut,unpredictable,,17,4.257208
u64,fmt,unpredictable,,17,5.443663
u64,jeaiii,unpredictable,,17,3.593905
u64,naive,unpredictable,,17,16.184221
u64,null,unpredictable,,17,1.152897
u64,sse2,unpredictable,,17,3.859949
u64,tmueller,unpredictable,,17,5.708048
u64,unrolledlut,unpredictable,,17,5.072018
u64,yy,unpredictable,,17,4.489282
u64,zmij_scalar,unpredictable,,17,4.946336
u64,zmij_x64_native,unpredictable,,17,1.950706
u64,zmij_x64_v1,unpredictable,,17,3.316606
u64,zmij_x64_v2,unpredictable,,17,2.720093
u64,zmij_x64_v3,unpredictable,,17,2.621955
u64,zmij_x64_v4,unpredictable,,17,2.433164
u64,amartin,unpredictable,,18,8.681901
u64,branchlut,unpredictable,,18,4.738749
u64,branchlut2,unpredictable,,18,4.570224
u64,countlut,unpredictable,,18,4.500198
u64,fmt,unpredictable,,18,5.542940
u64,jeaiii,unpredictable,,18,7.271266
u64,naive,unpredictable,,18,17.561651
u64,null,unpredictable,,18,0.693119
u64,sse2,unpredictable,,18,3.474640
u64,tmueller,unpredictable,,18,5.458769
u64,unrolledlut,unpredictable,,18,8.963591
u64,yy,unpredictable,,18,4.369285
u64,zmij_scalar,unpredictable,,18,4.876145
u64,zmij_x64_native,unpredictable,,18,2.106608
u64,zmij_x64_v1,unpredictable,,18,3.329867
u64,zmij_x64_v2,unpredictable,,18,2.859695
u64,zmij_x64_v3,unpredictable,,18,2.655858
u64,zmij_x64_v4,unpredictable,,18,2.487342
u64,amartin,unpredictable,,19,5.455688
u64,branchlut,unpredictable,,19,5.665775
u64,branchlut2,unpredictable,,19,5.117877
u64,countlut,unpredictable,,19,4.822184
u64,fmt,unpredictable,,19,6.347784
u64,jeaiii,unpredictable,,19,4.438224
u64,naive,unpredictable,,19,18.221180
u64,null,unpredictable,,19,0.936144
u64,sse2,unpredictable,,19,3.568737
u64,tmueller,unpredictable,,19,6.047068
u64,unrolledlut,unpredictable,,19,5.876738
u64,yy,unpredictable,,19,4.855443
u64,zmij_scalar,unpredictable,,19,4.981618
u64,zmij_x64_native,unpredictable,,19,2.010697
u64,zmij_x64_v1,unpredictable,,19,3.251117
u64,zmij_x64_v2,unpredictable,,19,2.675713
u64,zmij_x64_v3,unpredictable,,19,2.575364
u64,zmij_x64_v4,unpredictable,,19,2.399785
u64,amartin,unpredictable,,20,5.439504
u64,branchlut,unpredictable,,20,4.697258
u64,branchlut2,unpredictable,,20,5.006963
u64,countlut,unpredictable,,20,4.981352
u64,fmt,unpredictable,,20,6.611753
u64,jeaiii,unpredictable,,20,4.852178
u64,naive,unpredictable,,20,19.302217
u64,null,unpredictable,,20,1.008381
u64,sse2,unpredictable,,20,3.040819
u64,tmueller,unpredictable,,20,6.072485
u64,unrolledlut,unpredictable,,20,5.896650
u64,yy,unpredictable,,20,4.876420
u64,zmij_scalar,unpredictable,,20,4.879132
u64,zmij_x64_native,unpredictable,,20,1.972497
u64,zmij_x64_v1,unpredictable,,20,3.315822
u64,zmij_x64_v2,unpredictable,,20,2.673878
u64,zmij_x64_v3,unpredictable,,20,2.545764
u64,zmij_x64_v4,unpredictable,,20,2.379203
u64,amartin,admixture,5x6,0,1.502588
u64,branchlut,admixture,5x6,0,2.090109
u64,branchlut2,admixture,5x6,0,1.295387
u64,countlut,admixture,5x6,0,1.967853
u64,fmt,admixture,5x6,0,1.840360
u64,jeaiii,admixture,5x6,0,1.296743
u64,naive,admixture,5x6,0,5.192832
u64,null,admixture,5x6,0,0.754123
u64,sse2,admixture,5x6,0,1.947318
u64,tmueller,admixture,5x6,0,1.779284
u64,unrolledlut,admixture,5x6,0,1.824746
u64,yy,admixture,5x6,0,1.273335
u64,zmij_scalar,admixture,5x6,0,4.815533
u64,zmij_x64_native,admixture,5x6,0,2.018534
u64,zmij_x64_v1,admixture,5x6,0,3.296251
u64,zmij_x64_v2,admixture,5x6,0,2.661348
u64,zmij_x64_v3,admixture,5x6,0,2.535269
u64,zmij_x64_v4,admixture,5x6,0,2.338931
u64,amartin,admixture,5x6,10,1.470894
u64,branchlut,admixture,5x6,10,2.661530
u64,branchlut2,admixture,5x6,10,1.954666
u64,countlut,admixture,5x6,10,2.577579
u64,fmt,admixture,5x6,10,2.465670
u64,jeaiii,admixture,5x6,10,1.912423
u64,naive,admixture,5x6,10,5.936063
u64,null,admixture,5x6,10,0.852301
u64,sse2,admixture,5x6,10,2.536674
u64,tmueller,admixture,5x6,10,2.443913
u64,unrolledlut,admixture,5x6,10,2.466520
u64,yy,admixture,5x6,10,1.286166
u64,zmij_scalar,admixture,5x6,10,4.776347
u64,zmij_x64_native,admixture,5x6,10,2.006177
u64,zmij_x64_v1,admixture,5x6,10,3.304393
u64,zmij_x64_v2,admixture,5x6,10,2.640966
u64,zmij_x64_v3,admixture,5x6,10,2.499743
u64,zmij_x64_v4,admixture,5x6,10,2.318808
u64,amartin,admixture,5x6,20,1.456457
u64,branchlut,admixture,5x6,20,3.185461
u64,branchlut2,admixture,5x6,20,2.471498
u64,countlut,admixture,5x6,20,3.161287
u64,fmt,admixture,5x6,20,3.171301
u64,jeaiii,admixture,5x6,20,2.416394
u64,naive,admixture,5x6,20,6.511554
u64,null,admixture,5x6,20,0.797998
u64,sse2,admixture,5x6,20,3.065115
u64,tmueller,admixture,5x6,20,3.034244
u64,unrolledlut,admixture,5x6,20,3.053277
u64,yy,admixture,5x6,20,1.306633
u64,zmij_scalar,admixture,5x6,20,4.750607
u64,zmij_x64_native,admixture,5x6,20,1.981497
u64,zmij_x64_v1,admixture,5x6,20,3.307929
u64,zmij_x64_v2,admixture,5x6,20,2.640460
u64,zmij_x64_v3,admixture,5x6,20,2.512451
u64,zmij_x64_v4,admixture,5x6,20,2.362037
u64,amartin,admixture,5x6,30,1.477286
u64,branchlut,admixture,5x6,30,3.740561
u64,branchlut2,admixture,5x6,30,3.026618
u64,countlut,admixture,5x6,30,3.836522
u64,fmt,admixture,5x6,30,3.812578
u64,jeaiii,admixture,5x6,30,3.009399
u64,naive,admixture,5x6,30,7.202364
u64,null,admixture,5x6,30,0.748055
u64,sse2,admixture,5x6,30,3.620531
u64,tmueller,admixture,5x6,30,3.790191
u64,unrolledlut,admixture,5x6,30,3.713502
u64,yy,admixture,5x6,30,1.335279
u64,zmij_scalar,admixture,5x6,30,4.788005
u64,zmij_x64_native,admixture,5x6,30,1.979375
u64,zmij_x64_v1,admixture,5x6,30,3.309944
u64,zmij_x64_v2,admixture,5x6,30,2.667778
u64,zmij_x64_v3,admixture,5x6,30,2.515433
u64,zmij_x64_v4,admixture,5x6,30,2.322306
u64,amartin,admixture,5x6,40,1.461148
u64,branchlut,admixture,5x6,40,4.404160
u64,branchlut2,admixture,5x6,40,3.639220
u64,countlut,admixture,5x6,40,4.495965
u64,fmt,admixture,5x6,40,4.652811
u64,jeaiii,admixture,5x6,40,3.559618
u64,naive,admixture,5x6,40,7.834421
u64,null,admixture,5x6,40,0.935716
u64,sse2,admixture,5x6,40,4.264187
u64,tmueller,admixture,5x6,40,4.315785
u64,unrolledlut,admixture,5x6,40,4.316587
u64,yy,admixture,5x6,40,1.277538
u64,zmij_scalar,admixture,5x6,40,4.747214
u64,zmij_x64_native,admixture,5x6,40,1.988922
u64,zmij_x64_v1,admixture,5x6,40,3.281651
u64,zmij_x64_v2,admixture,5x6,40,2.651629
u64,zmij_x64_v3,admixture,5x6,40,2.515586
u64,zmij_x64_v4,admixture,5x6,40,2.314863
u64,amartin,admixture,5x6,50,1.450838
u64,branchlut,admixture,5x6,50,4.793528
u64,branchlut2,admixture,5x6,50,4.026639
u64,countlut,admixture,5x6,50,4.870465
u64,fmt,admixture,5x6,50,5.268948
u64,jeaiii,admixture,5x6,50,3.936212
u64,naive,admixture,5x6,50,8.139973
u64,null,admixture,5x6,50,0.913510
u64,sse2,admixture,5x6,50,4.493814
u64,tmueller,admixture,5x6,50,4.681303
u64,unrolledlut,admixture,5x6,50,4.617935
u64,yy,admixture,5x6,50,1.332987
u64,zmij_scalar,admixture,5x6,50,4.750750
u64,zmij_x64_native,admixture,5x6,50,2.008137
u64,zmij_x64_v1,admixture,5x6,50,3.292335
u64,zmij_x64_v2,admixture,5x6,50,2.628813
u64,zmij_x64_v3,admixture,5x6,50,2.518615
u64,zmij_x64_v4,admixture,5x6,50,2.325804
u64,amartin,admixture,5x6,60,1.455443
u64,branchlut,admixture,5x6,60,4.408411
u64,branchlut2,admixture,5x6,60,3.620234
u64,countlut,admixture,5x6,60,4.463945
u64,fmt,admixture,5x6,60,4.675590
u64,jeaiii,admixture,5x6,60,3.506969
u64,naive,admixture,5x6,60,7.595527
u64,null,admixture,5x6,60,0.766716
u64,sse2,admixture,5x6,60,4.234070
u64,tmueller,admixture,5x6,60,4.201764
u64,unrolledlut,admixture,5x6,60,4.391690
u64,yy,admixture,5x6,60,1.315778
u64,zmij_scalar,admixture,5x6,60,4.757744
u64,zmij_x64_native,admixture,5x6,60,2.011518
u64,zmij_x64_v1,admixture,5x6,60,3.334921
u64,zmij_x64_v2,admixture,5x6,60,2.654210
u64,zmij_x64_v3,admixture,5x6,60,2.526870
u64,zmij_x64_v4,admixture,5x6,60,2.320490
u64,amartin,admixture,5x6,70,1.472816
u64,branchlut,admixture,5x6,70,3.704835
u64,branchlut2,admixture,5x6,70,3.004068
u64,countlut,admixture,5x6,70,3.726105
u64,fmt,admixture,5x6,70,3.830245
u64,jeaiii,admixture,5x6,70,2.936190
u64,naive,admixture,5x6,70,6.762555
u64,null,admixture,5x6,70,0.802271
u64,sse2,admixture,5x6,70,3.633498
u64,tmueller,admixture,5x6,70,3.678769
u64,unrolledlut,admixture,5x6,70,3.819916
u64,yy,admixture,5x6,70,1.324893
u64,zmij_scalar,admixture,5x6,70,4.765694
u64,zmij_x64_native,admixture,5x6,70,1.982510
u64,zmij_x64_v1,admixture,5x6,70,3.329781
u64,zmij_x64_v2,admixture,5x6,70,2.662848
u64,zmij_x64_v3,admixture,5x6,70,2.510120
u64,zmij_x64_v4,admixture,5x6,70,2.345582
u64,amartin,admixture,5x6,80,1.469232
u64,branchlut,admixture,5x6,80,3.132068
u64,branchlut2,admixture,5x6,80,2.481044
u64,countlut,admixture,5x6,80,3.093112
u64,fmt,admixture,5x6,80,3.196373
u64,jeaiii,admixture,5x6,80,2.372575
u64,naive,admixture,5x6,80,5.972917
u64,null,admixture,5x6,80,0.806570
u64,sse2,admixture,5x6,80,3.053247
u64,tmueller,admixture,5x6,80,3.072674
u64,unrolledlut,admixture,5x6,80,3.196220
u64,yy,admixture,5x6,80,1.310571
u64,zmij_scalar,admixture,5x6,80,4.789667
u64,zmij_x64_native,admixture,5x6,80,2.024495
u64,zmij_x64_v1,admixture,5x6,80,3.357929
u64,zmij_x64_v2,admixture,5x6,80,2.671954
u64,zmij_x64_v3,admixture,5x6,80,2.542473
u64,zmij_x64_v4,admixture,5x6,80,2.366833
u64,amartin,admixture,5x6,90,1.491237
u64,branchlut,admixture,5x6,90,2.569734
u64,branchlut2,admixture,5x6,90,1.935174
u64,countlut,admixture,5x6,90,2.490952
u64,fmt,admixture,5x6,90,2.530663
u64,jeaiii,admixture,5x6,90,1.841668
u64,naive,admixture,5x6,90,5.243188
u64,null,admixture,5x6,90,0.789495
u64,sse2,admixture,5x6,90,2.462793
u64,tmueller,admixture,5x6,90,2.469655
u64,unrolledlut,admixture,5x6,90,2.559453
u64,yy,admixture,5x6,90,1.278035
u64,zmij_scalar,admixture,5x6,90,4.829875
u64,zmij_x64_native,admixture,5x6,90,2.030620
u64,zmij_x64_v1,admixture,5x6,90,3.373152
u64,zmij_x64_v2,admixture,5x6,90,2.702481
u64,zmij_x64_v3,admixture,5x6,90,2.559606
u64,zmij_x64_v4,admixture,5x6,90,2.360507
u64,amartin,admixture,5x6,100,1.460507
u64,branchlut,admixture,5x6,100,1.989972
u64,branchlut2,admixture,5x6,100,1.287170
u64,countlut,admixture,5x6,100,1.834655
u64,fmt,admixture,5x6,100,1.745325
u64,jeaiii,admixture,5x6,100,1.326833
u64,naive,admixture,5x6,100,4.496261
u64,null,admixture,5x6,100,1.093222
u64,sse2,admixture,5x6,100,1.855312
u64,tmueller,admixture,5x6,100,1.799731
u64,unrolledlut,admixture,5x6,100,1.928973
u64,yy,admixture,5x6,100,1.302917
u64,zmij_scalar,admixture,5x6,100,4.795888
u64,zmij_x64_native,admixture,5x6,100,2.025640
u64,zmij_x64_v1,admixture,5x6,100,3.353105
u64,zmij_x64_v2,admixture,5x6,100,2.696377
u64,zmij_x64_v3,admixture,5x6,100,2.559224
u64,zmij_x64_v4,admixture,5x6,100,2.343145
i64,amartin,bylength,,1,0.988956
i64,branchlut,bylength,,1,4.511941
i64,branchlut2,bylength,,1,3.881098
i64,countlut,bylength,,1,4.327193
i64,fmt,bylength,,1,1.061460
i64,jeaiii,bylength,,1,3.827322
i64,naive,bylength,,1,4.160754
i64,null,bylength,,1,1.039589
i64,sse2,bylength,,1,4.225604
i64,tmueller,bylength,,1,0.755547
i64,unrolledlut,bylength,,1,4.436761
i64,yy,bylength,,1,1.108864
i64,zmij_scalar,bylength,,1,5.345074
i64,zmij_x64_native,bylength,,1,2.317070
i64,zmij_x64_v1,bylength,,1,3.611091
i64,zmij_x64_v2,bylength,,1,2.960813
i64,zmij_x64_v3,bylength,,1,2.814801
i64,zmij_x64_v4,bylength,,1,2.634412
i64,amartin,bylength,,2,0.931235
i64,branchlut,bylength,,2,4.491445
i64,branchlut2,bylength,,2,3.954394
i64,countlut,bylength,,2,4.183610
i64,fmt,bylength,,2,1.009175
i64,jeaiii,bylength,,2,3.816964
i64,naive,bylength,,2,4.714145
i64,null,bylength,,2,1.095563
i64,sse2,bylength,,2,4.171704
i64,tmueller,bylength,,2,1.070232
i64,unrolledlut,bylength,,2,4.265707
i64,yy,bylength,,2,1.031668
i64,zmij_scalar,bylength,,2,5.289101
i64,zmij_x64_native,bylength,,2,2.271703
i64,zmij_x64_v1,bylength,,2,3.584785
i64,zmij_x64_v2,bylength,,2,2.897501
i64,zmij_x64_v3,bylength,,2,2.785954
i64,zmij_x64_v4,bylength,,2,2.632511
i64,amartin,bylength,,3,1.313141
i64,branchlut,bylength,,3,4.095445
i64,branchlut2,bylength,,3,3.982227
i64,countlut,bylength,,3,4.222431
i64,fmt,bylength,,3,1.458223
i64,jeaiii,bylength,,3,4.027442
i64,naive,bylength,,3,5.376280
i64,null,bylength,,3,0.951845
i64,sse2,bylength,,3,4.211845
i64,tmueller,bylength,,3,1.627578
i64,unrolledlut,bylength,,3,4.516230
i64,yy,bylength,,3,1.332538
i64,zmij_scalar,bylength,,3,5.275638
i64,zmij_x64_native,bylength,,3,2.276978
i64,zmij_x64_v1,bylength,,3,3.566220
i64,zmij_x64_v2,bylength,,3,2.894214
i64,zmij_x64_v3,bylength,,3,2.781512
i64,zmij_x64_v4,bylength,,3,2.600244
i64,amartin,bylength,,4,1.339063
i64,branchlut,bylength,,4,4.065510
i64,branchlut2,bylength,,4,3.996551
i64,countlut,bylength,,4,4.312230
i64,fmt,bylength,,4,1.422842
i64,jeaiii,bylength,,4,4.068605
i64,naive,bylength,,4,6.093893
i64,null,bylength,,4,1.100474
i64,sse2,bylength,,4,4.215590
i64,tmueller,bylength,,4,1.641710
i64,unrolledlut,bylength,,4,4.518209
i64,yy,bylength,,4,1.273505
i64,zmij_scalar,bylength,,4,5.354935
i64,zmij_x64_native,bylength,,4,2.317271
i64,zmij_x64_v1,bylength,,4,3.624009
i64,zmij_x64_v2,bylength,,4,2.925708
i64,zmij_x64_v3,bylength,,4,2.838652
i64,zmij_x64_v4,bylength,,4,2.599937
i64,amartin,bylength,,5,1.825291
i64,branchlut,bylength,,5,4.806456
i64,branchlut2,bylength,,5,3.889717
i64,countlut,bylength,,5,4.391174
i64,fmt,bylength,,5,2.033992
i64,jeaiii,bylength,,5,4.140813
i64,naive,bylength,,5,6.907037
i64,null,bylength,,5,0.758012
i64,sse2,bylength,,5,4.767137
i64,tmueller,bylength,,5,2.188335
i64,unrolledlut,bylength,,5,4.982507
i64,yy,bylength,,5,1.553411
i64,zmij_scalar,bylength,,5,5.355279
i64,zmij_x64_native,bylength,,5,2.294970
i64,zmij_x64_v1,bylength,,5,3.635924
i64,zmij_x64_v2,bylength,,5,2.952405
i64,zmij_x64_v3,bylength,,5,2.815499
i64,zmij_x64_v4,bylength,,5,2.629653
i64,amartin,bylength,,6,1.809804
i64,branchlut,bylength,,6,4.835732
i64,branchlut2,bylength,,6,4.171447
i64,countlut,bylength,,6,4.478512
i64,fmt,bylength,,6,1.960107
i64,jeaiii,bylength,,6,4.038727
i64,naive,bylength,,6,7.674130
i64,null,bylength,,6,1.088377
i64,sse2,bylength,,6,4.718473
i64,tmueller,bylength,,6,2.127250
i64,unrolledlut,bylength,,6,4.748818
i64,yy,bylength,,6,1.501221
i64,zmij_scalar,bylength,,6,5.307998
i64,zmij_x64_native,bylength,,6,2.257454
i64,zmij_x64_v1,bylength,,6,3.540367
i64,zmij_x64_v2,bylength,,6,2.900793
i64,zmij_x64_v3,bylength,,6,2.789323
i64,zmij_x64_v4,bylength,,6,2.591187
i64,amartin,bylength,,7,2.307456
i64,branchlut,bylength,,7,4.726106
i64,branchlut2,bylength,,7,4.487322
i64,countlut,bylength,,7,4.648594
i64,fmt,bylength,,7,2.532223
i64,jeaiii,bylength,,7,4.204942
i64,naive,bylength,,7,8.480423
i64,null,bylength,,7,1.085113
i64,sse2,bylength,,7,4.405979
i64,tmueller,bylength,,7,2.738184
i64,unrolledlut,bylength,,7,4.581852
i64,yy,bylength,,7,1.856863
i64,zmij_scalar,bylength,,7,5.280156
i64,zmij_x64_native,bylength,,7,2.266795
i64,zmij_x64_v1,bylength,,7,3.546431
i64,zmij_x64_v2,bylength,,7,2.922956
i64,zmij_x64_v3,bylength,,7,2.801669
i64,zmij_x64_v4,bylength,,7,2.657280
i64,amartin,bylength,,8,2.294397
i64,branchlut,bylength,,8,4.736673
i64,branchlut2,bylength,,8,4.645578
i64,countlut,bylength,,8,5.019220
i64,fmt,bylength,,8,2.496764
i64,jeaiii,bylength,,8,4.707006
i64,naive,bylength,,8,8.518289
i64,null,bylength,,8,0.797005
i64,sse2,bylength,,8,4.384148
i64,tmueller,bylength,,8,2.690607
i64,unrolledlut,bylength,,8,4.408313
i64,yy,bylength,,8,1.827724
i64,zmij_scalar,bylength,,8,5.347545
i64,zmij_x64_native,bylength,,8,2.277133
i64,zmij_x64_v1,bylength,,8,3.565215
i64,zmij_x64_v2,bylength,,8,2.892582
i64,zmij_x64_v3,bylength,,8,2.806781
i64,zmij_x64_v4,bylength,,8,2.575551
i64,amartin,bylength,,9,2.611744
i64,branchlut,bylength,,9,6.546205
i64,branchlut2,bylength,,9,4.416699
i64,countlut,bylength,,9,4.583026
i64,fmt,bylength,,9,3.226314
i64,jeaiii,bylength,,9,4.462744
i64,naive,bylength,,9,9.460485
i64,null,bylength,,9,1.078816
i64,sse2,bylength,,9,4.493537
i64,tmueller,bylength,,9,3.290511
i64,unrolledlut,bylength,,9,4.509999
i64,yy,bylength,,9,2.387201
i64,zmij_scalar,bylength,,9,5.335564
i64,zmij_x64_native,bylength,,9,2.279952
i64,zmij_x64_v1,bylength,,9,3.568865
i64,zmij_x64_v2,bylength,,9,2.889802
i64,zmij_x64_v3,bylength,,9,2.779866
i64,zmij_x64_v4,bylength,,9,2.596313
i64,amartin,bylength,,10,4.814495
i64,branchlut,bylength,,10,6.766275
i64,branchlut2,bylength,,10,4.663065
i64,countlut,bylength,,10,4.892279
i64,fmt,bylength,,10,3.183003
i64,jeaiii,bylength,,10,6.496321
i64,naive,bylength,,10,10.443490
i64,null,bylength,,10,0.788932
i64,sse2,bylength,,10,4.597072
i64,tmueller,bylength,,10,3.287530
i64,unrolledlut,bylength,,10,7.020838
i64,yy,bylength,,10,2.420863
i64,zmij_scalar,bylength,,10,5.305486
i64,zmij_x64_native,bylength,,10,2.318475
i64,zmij_x64_v1,bylength,,10,3.515656
i64,zmij_x64_v2,bylength,,10,2.877562
i64,zmij_x64_v3,bylength,,10,2.821506
i64,zmij_x64_v4,bylength,,10,2.631427
i64,amartin,bylength,,11,3.353992
i64,branchlut,bylength,,11,7.128290
i64,branchlut2,bylength,,11,5.311628
i64,countlut,bylength,,11,5.119095
i64,fmt,bylength,,11,3.809067
i64,jeaiii,bylength,,11,4.739979
i64,naive,bylength,,11,11.542170
i64,null,bylength,,11,0.857954
i64,sse2,bylength,,11,4.547999
i64,tmueller,bylength,,11,3.932445
i64,unrolledlut,bylength,,11,5.803308
i64,yy,bylength,,11,2.895515
i64,zmij_scalar,bylength,,11,5.334714
i64,zmij_x64_native,bylength,,11,2.260957
i64,zmij_x64_v1,bylength,,11,3.588223
i64,zmij_x64_v2,bylength,,11,2.896070
i64,zmij_x64_v3,bylength,,11,2.770703
i64,zmij_x64_v4,bylength,,11,2.633289
i64,amartin,bylength,,12,3.345488
i64,branchlut,bylength,,12,7.037100
i64,branchlut2,bylength,,12,5.625316
i64,countlut,bylength,,12,5.064758
i64,fmt,bylength,,12,3.757080
i64,jeaiii,bylength,,12,4.918200
i64,naive,bylength,,12,12.818728
i64,null,bylength,,12,0.778774
i64,sse2,bylength,,12,4.610371
i64,tmueller,bylength,,12,3.896386
i64,unrolledlut,bylength,,12,5.751819
i64,yy,bylength,,12,2.844456
i64,zmij_scalar,bylength,,12,5.398739
i64,zmij_x64_native,bylength,,12,2.276111
i64,zmij_x64_v1,bylength,,12,3.569648
i64,zmij_x64_v2,bylength,,12,2.895171
i64,zmij_x64_v3,bylength,,12,2.803658
i64,zmij_x64_v4,bylength,,12,2.596037
i64,amartin,bylength,,13,3.810213
i64,branchlut,bylength,,13,7.172708
i64,branchlut2,bylength,,13,5.339744
i64,countlut,bylength,,13,5.307571
i64,fmt,bylength,,13,4.434127
i64,jeaiii,bylength,,13,5.088606
i64,naive,bylength,,13,13.828657
i64,null,bylength,,13,0.838567
i64,sse2,bylength,,13,4.569745
i64,tmueller,bylength,,13,4.524523
i64,unrolledlut,bylength,,13,6.147483
i64,yy,bylength,,13,3.242223
i64,zmij_scalar,bylength,,13,5.296020
i64,zmij_x64_native,bylength,,13,2.267539
i64,zmij_x64_v1,bylength,,13,3.573064
i64,zmij_x64_v2,bylength,,13,2.889482
i64,zmij_x64_v3,bylength,,13,2.783573
i64,zmij_x64_v4,bylength,,13,2.591575
i64,amartin,bylength,,14,3.809705
i64,branchlut,bylength,,14,7.162665
i64,branchlut2,bylength,,14,5.566659
i64,countlut,bylength,,14,5.474174
i64,fmt,bylength,,14,4.351192
i64,jeaiii,bylength,,14,5.041835
i64,naive,bylength,,14,15.066692
i64,null,bylength,,14,0.851026
i64,sse2,bylength,,14,4.566536
i64,tmueller,bylength,,14,4.475696
i64,unrolledlut,bylength,,14,6.036654
i64,yy,bylength,,14,3.259843
i64,zmij_scalar,bylength,,14,5.280722
i64,zmij_x64_native,bylength,,14,2.278643
i64,zmij_x64_v1,bylength,,14,3.580554
i64,zmij_x64_v2,bylength,,14,2.928963
i64,zmij_x64_v3,bylength,,14,2.834741
i64,zmij_x64_v4,bylength,,14,2.587388
i64,amartin,bylength,,15,4.247061
i64,branchlut,bylength,,15,7.161346
i64,branchlut2,bylength,,15,6.075544
i64,countlut,bylength,,15,5.769981
i64,fmt,bylength,,15,5.262041
i64,jeaiii,bylength,,15,5.415354
i64,naive,bylength,,15,16.137362
i64,null,bylength,,15,0.778119
i64,sse2,bylength,,15,4.657819
i64,tmueller,bylength,,15,5.166194
i64,unrolledlut,bylength,,15,6.179427
i64,yy,bylength,,15,3.589278
i64,zmij_scalar,bylength,,15,5.288213
i64,zmij_x64_native,bylength,,15,2.268792
i64,zmij_x64_v1,bylength,,15,3.544245
i64,zmij_x64_v2,bylength,,15,2.905218
i64,zmij_x64_v3,bylength,,15,2.790883
i64,zmij_x64_v4,bylength,,15,2.616014
i64,amartin,bylength,,16,4.286141
i64,branchlut,bylength,,16,7.265938
i64,branchlut2,bylength,,16,6.123540
i64,countlut,bylength,,16,6.047633
i64,fmt,bylength,,16,5.151852
i64,jeaiii,bylength,,16,5.388762
i64,naive,bylength,,16,16.094400
i64,null,bylength,,16,0.751289
i64,sse2,bylength,,16,4.484371
i64,tmueller,bylength,,16,5.104640
i64,unrolledlut,bylength,,16,6.149127
i64,yy,bylength,,16,3.599052
i64,zmij_scalar,bylength,,16,5.321150
i64,zmij_x64_native,bylength,,16,2.288753
i64,zmij_x64_v1,bylength,,16,3.562820
i64,zmij_x64_v2,bylength,,16,2.920297
i64,zmij_x64_v3,bylength,,16,2.787987
i64,zmij_x64_v4,bylength,,16,2.593254
i64,amartin,bylength,,17,4.713551
i64,branchlut,bylength,,17,5.521195
i64,branchlut2,bylength,,17,5.845801
i64,countlut,bylength,,17,5.911826
i64,fmt,bylength,,17,6.070251
i64,jeaiii,bylength,,17,5.737742
i64,naive,bylength,,17,17.423631
i64,null,bylength,,17,1.084895
i64,sse2,bylength,,17,4.730510
i64,tmueller,bylength,,17,5.864129
i64,unrolledlut,bylength,,17,6.291833
i64,yy,bylength,,17,3.703911
i64,zmij_scalar,bylength,,17,5.309406
i64,zmij_x64_native,bylength,,17,2.289718
i64,zmij_x64_v1,bylength,,17,3.550657
i64,zmij_x64_v2,bylength,,17,2.909242
i64,zmij_x64_v3,bylength,,17,2.778748
i64,zmij_x64_v4,bylength,,17,2.586919
i64,amartin,bylength,,18,6.581964
i64,branchlut,bylength,,18,5.782929
i64,branchlut2,bylength,,18,5.993752
i64,countlut,bylength,,18,5.924679
i64,fmt,bylength,,18,5.985457
i64,jeaiii,bylength,,18,7.610964
i64,naive,bylength,,18,18.555729
i64,null,bylength,,18,1.081446
i64,sse2,bylength,,18,4.954253
i64,tmueller,bylength,,18,5.894208
i64,unrolledlut,bylength,,18,8.167117
i64,yy,bylength,,18,3.731792
i64,zmij_scalar,bylength,,18,5.307552
i64,zmij_x64_native,bylength,,18,2.321536
i64,zmij_x64_v1,bylength,,18,3.565285
i64,zmij_x64_v2,bylength,,18,2.893371
i64,zmij_x64_v3,bylength,,18,2.817695
i64,zmij_x64_v4,bylength,,18,2.604300
i64,amartin,bylength,,19,4.781658
i64,branchlut,bylength,,19,6.192958
i64,branchlut2,bylength,,19,6.493361
i64,countlut,bylength,,19,6.176580
i64,fmt,bylength,,19,6.691265
i64,jeaiii,bylength,,19,5.992625
i64,naive,bylength,,19,19.632464
i64,null,bylength,,19,1.080223
i64,sse2,bylength,,19,5.077743
i64,tmueller,bylength,,19,6.710481
i64,unrolledlut,bylength,,19,7.252694
i64,yy,bylength,,19,3.774772
i64,zmij_scalar,bylength,,19,5.327390
i64,zmij_x64_native,bylength,,19,2.282504
i64,zmij_x64_v1,bylength,,19,3.542143
i64,zmij_x64_v2,bylength,,19,2.905667
i64,zmij_x64_v3,bylength,,19,2.778700
i64,zmij_x64_v4,bylength,,19,2.616186
i64,amartin,loguniform,1-19,19,10.175373
i64,branchlut,loguniform,1-19,19,13.016197
i64,branchlut2,loguniform,1-19,19,13.912065
i64,countlut,loguniform,1-19,19,13.569098
i64,fmt,loguniform,1-19,19,11.915605
i64,jeaiii,loguniform,1-19,19,13.760204
i64,naive,loguniform,1-19,19,17.900105
i64,null,loguniform,1-19,19,1.052116
i64,sse2,loguniform,1-19,19,15.640324
i64,tmueller,loguniform,1-19,19,11.945581
i64,unrolledlut,loguniform,1-19,19,13.683499
i64,yy,loguniform,1-19,19,9.023895
i64,zmij_scalar,loguniform,1-19,19,5.300742
i64,zmij_x64_native,loguniform,1-19,19,2.273600
i64,zmij_x64_v1,loguniform,1-19,19,3.580025
i64,zmij_x64_v2,loguniform,1-19,19,2.890562
i64,zmij_x64_v3,loguniform,1-19,19,2.783355
i64,zmij_x64_v4,loguniform,1-19,19,2.587470
i64,amartin,loguniform,1-4,4,4.208651
i64,branchlut,loguniform,1-4,4,7.897760
i64,branchlut2,loguniform,1-4,4,8.682928
i64,countlut,loguniform,1-4,4,8.685994
i64,fmt,loguniform,1-4,4,6.679636
i64,jeaiii,loguniform,1-4,4,8.799590
i64,naive,loguniform,1-4,4,9.103290
i64,null,loguniform,1-4,4,0.733305
i64,sse2,loguniform,1-4,4,7.504521
i64,tmueller,loguniform,1-4,4,5.873612
i64,unrolledlut,loguniform,1-4,4,9.054936
i64,yy,loguniform,1-4,4,3.970453
i64,zmij_scalar,loguniform,1-4,4,5.276078
i64,zmij_x64_native,loguniform,1-4,4,2.268764
i64,zmij_x64_v1,loguniform,1-4,4,3.546928
i64,zmij_x64_v2,loguniform,1-4,4,2.900146
i64,zmij_x64_v3,loguniform,1-4,4,2.790511
i64,zmij_x64_v4,loguniform,1-4,4,2.589079
i64,amartin,uniform,0-255,0,3.714956
i64,branchlut,uniform,0-255,0,3.667363
i64,branchlut2,uniform,0-255,0,3.654780
i64,countlut,uniform,0-255,0,3.631563
i64,fmt,uniform,0-255,0,3.689770
i64,jeaiii,uniform,0-255,0,3.802667
i64,naive,uniform,0-255,0,4.657172
i64,null,uniform,0-255,0,0.759388
i64,sse2,uniform,0-255,0,3.511453
i64,tmueller,uniform,0-255,0,3.750584
i64,unrolledlut,uniform,0-255,0,3.880651
i64,yy,uniform,0-255,0,3.509083
i64,zmij_scalar,uniform,0-255,0,5.290373
i64,zmij_x64_native,uniform,0-255,0,2.258043
i64,zmij_x64_v1,uniform,0-255,0,3.560562
i64,zmij_x64_v2,uniform,0-255,0,2.888370
i64,zmij_x64_v3,uniform,0-255,0,2.799234
i64,zmij_x64_v4,uniform,0-255,0,2.593151
i64,amartin,unpredictable,,1,2.937310
i64,branchlut,unpredictable,,1,5.675223
i64,branchlut2,unpredictable,,1,5.334441
i64,countlut,unpredictable,,1,5.416185
i64,fmt,unpredictable,,1,5.043549
i64,jeaiii,unpredictable,,1,5.076618
i64,naive,unpredictable,,1,8.043184
i64,null,unpredictable,,1,0.818016
i64,sse2,unpredictable,,1,5.166633
i64,tmueller,unpredictable,,1,5.857579
i64,unrolledlut,unpredictable,,1,5.100136
i64,yy,unpredictable,,1,3.004679
i64,zmij_scalar,unpredictable,,1,5.141788
i64,zmij_x64_native,unpredictable,,1,2.265347
i64,zmij_x64_v1,unpredictable,,1,3.611074
i64,zmij_x64_v2,unpredictable,,1,2.931863
i64,zmij_x64_v3,unpredictable,,1,2.838742
i64,zmij_x64_v4,unpredictable,,1,2.583971
i64,amartin,unpredictable,,2,2.482680
i64,branchlut,unpredictable,,2,5.814294
i64,branchlut2,unpredictable,,2,5.291060
i64,countlut,unpredictable,,2,5.579233
i64,fmt,unpredictable,,2,5.060059
i64,jeaiii,unpredictable,,2,5.159910
i64,naive,unpredictable,,2,7.837847
i64,null,unpredictable,,2,0.984026
i64,sse2,unpredictable,,2,5.085855
i64,tmueller,unpredictable,,2,5.663852
i64,unrolledlut,unpredictable,,2,5.284128
i64,yy,unpredictable,,2,2.998453
i64,zmij_scalar,unpredictable,,2,5.070199
i64,zmij_x64_native,unpredictable,,2,2.282566
i64,zmij_x64_v1,unpredictable,,2,3.607750
i64,zmij_x64_v2,unpredictable,,2,2.837991
i64,zmij_x64_v3,unpredictable,,2,2.948289
i64,zmij_x64_v4,unpredictable,,2,2.674267
i64,amartin,unpredictable,,3,2.467431
i64,branchlut,unpredictable,,3,5.911162
i64,branchlut2,unpredictable,,3,5.875028
i64,countlut,unpredictable,,3,5.136471
i64,fmt,unpredictable,,3,5.200462
i64,jeaiii,unpredictable,,3,4.750551
i64,naive,unpredictable,,3,8.896624
i64,null,unpredictable,,3,0.996925
i64,sse2,unpredictable,,3,5.661775
i64,tmueller,unpredictable,,3,5.027120
i64,unrolledlut,unpredictable,,3,5.243195
i64,yy,unpredictable,,3,2.930595
i64,zmij_scalar,unpredictable,,3,5.116103
i64,zmij_x64_native,unpredictable,,3,2.311115
i64,zmij_x64_v1,unpredictable,,3,3.578627
i64,zmij_x64_v2,unpredictable,,3,2.870307
i64,zmij_x64_v3,unpredictable,,3,2.866574
i64,zmij_x64_v4,unpredictable,,3,2.650190
i64,amartin,unpredictable,,4,2.572999
i64,branchlut,unpredictable,,4,6.241750
i64,branchlut2,unpredictable,,4,6.390100
i64,countlut,unpredictable,,4,6.132545
i64,fmt,unpredictable,,4,5.023348
i64,jeaiii,unpredictable,,4,5.132164
i64,naive,unpredictable,,4,9.526512
i64,null,unpredictable,,4,0.838539
i64,sse2,unpredictable,,4,6.271140
i64,tmueller,unpredictable,,4,5.069680
i64,unrolledlut,unpredictable,,4,5.380175
i64,yy,unpredictable,,4,3.123760
i64,zmij_scalar,unpredictable,,4,5.165980
i64,zmij_x64_native,unpredictable,,4,2.388912
i64,zmij_x64_v1,unpredictable,,4,3.640202
i64,zmij_x64_v2,unpredictable,,4,2.974322
i64,zmij_x64_v3,unpredictable,,4,2.905520
i64,zmij_x64_v4,unpredictable,,4,2.675186
i64,amartin,unpredictable,,5,2.370431
i64,branchlut,unpredictable,,5,5.919229
i64,branchlut2,unpredictable,,5,5.960219
i64,countlut,unpredictable,,5,5.463827
i64,fmt,unpredictable,,5,4.929651
i64,jeaiii,unpredictable,,5,4.745050
i64,naive,unpredictable,,5,9.787212
i64,null,unpredictable,,5,1.389160
i64,sse2,unpredictable,,5,6.182506
i64,tmueller,unpredictable,,5,4.921367
i64,unrolledlut,unpredictable,,5,5.401045
i64,yy,unpredictable,,5,2.967745
i64,zmij_scalar,unpredictable,,5,5.074384
i64,zmij_x64_native,unpredictable,,5,2.295061
i64,zmij_x64_v1,unpredictable,,5,3.593285
i64,zmij_x64_v2,unpredictable,,5,2.907075
i64,zmij_x64_v3,unpredictable,,5,2.880410
i64,zmij_x64_v4,unpredictable,,5,2.625767
i64,amartin,unpredictable,,6,2.451016
i64,branchlut,unpredictable,,6,6.218398
i64,branchlut2,unpredictable,,6,6.270511
i64,countlut,unpredictable,,6,5.700317
i64,fmt,unpredictable,,6,5.086891
i64,jeaiii,unpredictable,,6,5.045879
i64,naive,unpredictable,,6,10.327438
i64,null,unpredictable,,6,1.032242
i64,sse2,unpredictable,,6,6.198255
i64,tmueller,unpredictable,,6,4.769786
i64,unrolledlut,unpredictable,,6,5.255119
i64,yy,unpredictable,,6,3.028860
i64,zmij_scalar,unpredictable,,6,5.121110
i64,zmij_x64_native,unpredictable,,6,2.284475
i64,zmij_x64_v1,unpredictable,,6,3.607883
i64,zmij_x64_v2,unpredictable,,6,2.917758
i64,zmij_x64_v3,unpredictable,,6,2.808404
i64,zmij_x64_v4,unpredictable,,6,2.654797
i64,amartin,unpredictable,,7,2.851758
i64,branchlut,unpredictable,,7,6.188584
i64,branchlut2,unpredictable,,7,6.266744
i64,countlut,unpredictable,,7,5.994114
i64,fmt,unpredictable,,7,4.914728
i64,jeaiii,unpredictable,,7,4.859060
i64,naive,unpredictable,,7,10.781456
i64,null,unpredictable,,7,0.915192
i64,sse2,unpredictable,,7,6.353295
i64,tmueller,unpredictable,,7,4.942464
i64,unrolledlut,unpredictable,,7,6.472990
i64,yy,unpredictable,,7,3.319984
i64,zmij_scalar,unpredictable,,7,5.110217
i64,zmij_x64_native,unpredictable,,7,2.319601
i64,zmij_x64_v1,unpredictable,,7,3.553745
i64,zmij_x64_v2,unpredictable,,7,2.913819
i64,zmij_x64_v3,unpredictable,,7,2.805268
i64,zmij_x64_v4,unpredictable,,7,2.666185
i64,amartin,unpredictable,,8,2.812675
i64,branchlut,unpredictable,,8,6.607001
i64,branchlut2,unpredictable,,8,6.471662
i64,countlut,unpredictable,,8,6.113724
i64,fmt,unpredictable,,8,4.886923
i64,jeaiii,unpredictable,,8,5.351969
i64,naive,unpredictable,,8,10.531380
i64,null,unpredictable,,8,0.826042
i64,sse2,unpredictable,,8,6.500787
i64,tmueller,unpredictable,,8,4.902238
i64,unrolledlut,unpredictable,,8,6.186546
i64,yy,unpredictable,,8,3.327457
i64,zmij_scalar,unpredictable,,8,5.045815
i64,zmij_x64_native,unpredictable,,8,2.295120
i64,zmij_x64_v1,unpredictable,,8,3.619925
i64,zmij_x64_v2,unpredictable,,8,2.903424
i64,zmij_x64_v3,unpredictable,,8,2.854976
i64,zmij_x64_v4,unpredictable,,8,2.621925
i64,amartin,unpredictable,,9,4.081790
i64,branchlut,unpredictable,,9,6.560203
i64,branchlut2,unpredictable,,9,5.221673
i64,countlut,unpredictable,,9,5.357159
i64,fmt,unpredictable,,9,4.790682
i64,jeaiii,unpredictable,,9,5.305807
i64,naive,unpredictable,,9,10.935106
i64,null,unpredictable,,9,0.780947
i64,sse2,unpredictable,,9,6.736308
i64,tmueller,unpredictable,,9,4.494298
i64,unrolledlut,unpredictable,,9,6.506485
i64,yy,unpredictable,,9,3.316528
i64,zmij_scalar,unpredictable,,9,5.126992
i64,zmij_x64_native,unpredictable,,9,2.249043
i64,zmij_x64_v1,unpredictable,,9,3.555182
i64,zmij_x64_v2,unpredictable,,9,2.915132
i64,zmij_x64_v3,unpredictable,,9,2.825603
i64,zmij_x64_v4,unpredictable,,9,2.641239
i64,amartin,unpredictable,,10,8.116710
i64,branchlut,unpredictable,,10,6.708625
i64,branchlut2,unpredictable,,10,5.202947
i64,countlut,unpredictable,,10,5.626755
i64,fmt,unpredictable,,10,4.803450
i64,jeaiii,unpredictable,,10,9.131958
i64,naive,unpredictable,,10,11.494707
i64,null,unpredictable,,10,0.814962
i64,sse2,unpredictable,,10,6.517528
i64,tmueller,unpredictable,,10,4.401925
i64,unrolledlut,unpredictable,,10,9.930498
i64,yy,unpredictable,,10,3.230343
i64,zmij_scalar,unpredictable,,10,5.128388
i64,zmij_x64_native,unpredictable,,10,2.264978
i64,zmij_x64_v1,unpredictable,,10,3.537222
i64,zmij_x64_v2,unpredictable,,10,2.914252
i64,zmij_x64_v3,unpredictable,,10,2.876622
i64,zmij_x64_v4,unpredictable,,10,2.617352
i64,amartin,unpredictable,,11,3.925782
i64,branchlut,unpredictable,,11,7.242179
i64,branchlut2,unpredictable,,11,5.666276
i64,countlut,unpredictable,,11,5.225494
i64,fmt,unpredictable,,11,5.292938
i64,jeaiii,unpredictable,,11,5.251005
i64,naive,unpredictable,,11,13.129274
i64,null,unpredictable,,11,1.227385
i64,sse2,unpredictable,,11,6.776286
i64,tmueller,unpredictable,,11,4.664721
i64,unrolledlut,unpredictable,,11,6.120993
i64,yy,unpredictable,,11,3.289316
i64,zmij_scalar,unpredictable,,11,5.228166
i64,zmij_x64_native,unpredictable,,11,2.323780
i64,zmij_x64_v1,unpredictable,,11,3.567394
i64,zmij_x64_v2,unpredictable,,11,2.911176
i64,zmij_x64_v3,unpredictable,,11,2.841884
i64,zmij_x64_v4,unpredictable,,11,2.709671
i64,amartin,unpredictable,,12,3.893037
i64,branchlut,unpredictable,,12,7.615445
i64,branchlut2,unpredictable,,12,6.206498
i64,countlut,unpredictable,,12,5.663654
i64,fmt,unpredictable,,12,5.074528
i64,jeaiii,unpredictable,,12,5.151936
i64,naive,unpredictable,,12,13.511703
i64,null,unpredictable,,12,0.722021
i64,sse2,unpredictable,,12,6.720723
i64,tmueller,unpredictable,,12,5.064752
i64,unrolledlut,unpredictable,,12,6.246502
i64,yy,unpredictable,,12,3.299723
i64,zmij_scalar,unpredictable,,12,5.113164
i64,zmij_x64_native,unpredictable,,12,2.342554
i64,zmij_x64_v1,unpredictable,,12,3.634081
i64,zmij_x64_v2,unpredictable,,12,2.870572
i64,zmij_x64_v3,unpredictable,,12,2.867051
i64,zmij_x64_v4,unpredictable,,12,2.642660
i64,amartin,unpredictable,,13,3.907657
i64,branchlut,unpredictable,,13,7.738114
i64,branchlut2,unpredictable,,13,5.754474
i64,countlut,unpredictable,,13,5.284378
i64,fmt,unpredictable,,13,4.835367
i64,jeaiii,unpredictable,,13,5.585138
i64,naive,unpredictable,,13,14.738091
i64,null,unpredictable,,13,1.035368
i64,sse2,unpredictable,,13,6.479823
i64,tmueller,unpredictable,,13,5.024142
i64,unrolledlut,unpredictable,,13,6.478310
i64,yy,unpredictable,,13,3.329380
i64,zmij_scalar,unpredictable,,13,5.063554
i64,zmij_x64_native,unpredictable,,13,2.266766
i64,zmij_x64_v1,unpredictable,,13,3.582767
i64,zmij_x64_v2,unpredictable,,13,2.894595
i64,zmij_x64_v3,unpredictable,,13,2.822373
i64,zmij_x64_v4,unpredictable,,13,2.600409
i64,amartin,unpredictable,,14,4.105025
i64,branchlut,unpredictable,,14,7.973914
i64,branchlut2,unpredictable,,14,6.120124
i64,countlut,unpredictable,,14,5.690084
i64,fmt,unpredictable,,14,5.279215
i64,jeaiii,unpredictable,,14,5.531975
i64,naive,unpredictable,,14,15.749584
i64,null,unpredictable,,14,1.018188
i64,sse2,unpredictable,,14,7.015958
i64,tmueller,unpredictable,,14,5.080955
i64,unrolledlut,unpredictable,,14,6.459198
i64,yy,unpredictable,,14,3.469038
i64,zmij_scalar,unpredictable,,14,5.042970
i64,zmij_x64_native,unpredictable,,14,2.279684
i64,zmij_x64_v1,unpredictable,,14,3.529184
i64,zmij_x64_v2,unpredictable,,14,2.860732
i64,zmij_x64_v3,unpredictable,,14,2.842036
i64,zmij_x64_v4,unpredictable,,14,2.622501
i64,amartin,unpredictable,,15,4.661931
i64,branchlut,unpredictable,,15,8.641789
i64,branchlut2,unpredictable,,15,6.538709
i64,countlut,unpredictable,,15,6.151421
i64,fmt,unpredictable,,15,5.686165
i64,jeaiii,unpredictable,,15,5.979456
i64,naive,unpredictable,,15,16.990725
i64,null,unpredictable,,15,1.121670
i64,sse2,unpredictable,,15,7.191178
i64,tmueller,unpredictable,,15,5.346948
i64,unrolledlut,unpredictable,,15,7.126577
i64,yy,unpredictable,,15,3.772102
i64,zmij_scalar,unpredictable,,15,5.070760
i64,zmij_x64_native,unpredictable,,15,2.257036
i64,zmij_x64_v1,unpredictable,,15,3.597866
i64,zmij_x64_v2,unpredictable,,15,2.895991
i64,zmij_x64_v3,unpredictable,,15,2.828984
i64,zmij_x64_v4,unpredictable,,15,2.651205
i64,amartin,unpredictable,,16,4.560132
i64,branchlut,unpredictable,,16,8.699981
i64,branchlut2,unpredictable,,16,6.681422
i64,countlut,unpredictable,,16,6.134356
i64,fmt,unpredictable,,16,5.620102
i64,jeaiii,unpredictable,,16,5.979782
i64,naive,unpredictable,,16,16.463194
i64,null,unpredictable,,16,1.112764
i64,sse2,unpredictable,,16,6.932160
i64,tmueller,unpredictable,,16,5.446359
i64,unrolledlut,unpredictable,,16,6.938231
i64,yy,unpredictable,,16,3.788807
i64,zmij_scalar,unpredictable,,16,5.053424
i64,zmij_x64_native,unpredictable,,16,2.282549
i64,zmij_x64_v1,unpredictable,,16,3.602472
i64,zmij_x64_v2,unpredictable,,16,2.873097
i64,zmij_x64_v3,unpredictable,,16,2.879933
i64,zmij_x64_v4,unpredictable,,16,2.638075
i64,amartin,unpredictable,,17,6.103152
i64,branchlut,unpredictable,,17,7.239955
i64,branchlut2,unpredictable,,17,7.488002
i64,countlut,unpredictable,,17,7.104668
i64,fmt,unpredictable,,17,6.259047
i64,jeaiii,unpredictable,,17,6.549280
i64,naive,unpredictable,,17,17.749565
i64,null,unpredictable,,17,1.004124
i64,sse2,unpredictable,,17,7.216138
i64,tmueller,unpredictable,,17,5.907657
i64,unrolledlut,unpredictable,,17,7.581741
i64,yy,unpredictable,,17,4.968527
i64,zmij_scalar,unpredictable,,17,5.091168
i64,zmij_x64_native,unpredictable,,17,2.267702
i64,zmij_x64_v1,unpredictable,,17,3.601765
i64,zmij_x64_v2,unpredictable,,17,2.900290
i64,zmij_x64_v3,unpredictable,,17,2.835292
i64,zmij_x64_v4,unpredictable,,17,2.634691
i64,amartin,unpredictable,,18,9.597987
i64,branchlut,unpredictable,,18,7.087501
i64,branchlut2,unpredictable,,18,7.488896
i64,countlut,unpredictable,,18,7.268707
i64,fmt,unpredictable,,18,6.018185
i64,jeaiii,unpredictable,,18,9.728962
i64,naive,unpredictable,,18,18.607492
i64,null,unpredictable,,18,0.941158
i64,sse2,unpredictable,,18,6.719295
i64,tmueller,unpredictable,,18,5.791526
i64,unrolledlut,unpredictable,,18,11.321764
i64,yy,unpredictable,,18,4.911106
i64,zmij_scalar,unpredictable,,18,5.115090
i64,zmij_x64_native,unpredictable,,18,2.271194
i64,zmij_x64_v1,unpredictable,,18,3.586130
i64,zmij_x64_v2,unpredictable,,18,2.881322
i64,zmij_x64_v3,unpredictable,,18,2.814818
i64,zmij_x64_v4,unpredictable,,18,2.654110
i64,amartin,unpredictable,,19,6.257300
i64,branchlut,unpredictable,,19,7.133725
i64,branchlut2,unpredictable,,19,7.913554
i64,countlut,unpredictable,,19,7.634201
i64,fmt,unpredictable,,19,6.713051
i64,jeaiii,unpredictable,,19,7.301565
i64,naive,unpredictable,,19,19.658529
i64,null,unpredictable,,19,0.743296
i64,sse2,unpredictable,,19,6.802766
i64,tmueller,unpredictable,,19,6.381158
i64,unrolledlut,unpredictable,,19,8.601313
i64,yy,unpredictable,,19,5.409868
i64,zmij_scalar,unpredictable,,19,5.052907
i64,zmij_x64_native,unpredictable,,19,2.265154
i64,zmij_x64_v1,unpredictable,,19,3.701799
i64,zmij_x64_v2,unpredictable,,19,2.912204
i64,zmij_x64_v3,unpredictable,,19,2.859975
i64,zmij_x64_v4,unpredictable,,19,2.613693
i64,amartin,admixture,5x6,0,1.828026
i64,branchlut,admixture,5x6,0,4.794327
i64,branchlut2,admixture,5x6,0,4.179092
i64,countlut,admixture,5x6,0,4.347802
i64,fmt,admixture,5x6,0,1.972065
i64,jeaiii,admixture,5x6,0,4.089497
i64,naive,admixture,5x6,0,7.579869
i64,null,admixture,5x6,0,0.856312
i64,sse2,admixture,5x6,0,4.843533
i64,tmueller,admixture,5x6,0,2.135365
i64,unrolledlut,admixture,5x6,0,4.802534
i64,yy,admixture,5x6,0,1.505772
i64,zmij_scalar,admixture,5x6,0,5.293069
i64,zmij_x64_native,admixture,5x6,0,2.274877
i64,zmij_x64_v1,admixture,5x6,0,3.583035
i64,zmij_x64_v2,admixture,5x6,0,2.902989
i64,zmij_x64_v3,admixture,5x6,0,2.821068
i64,zmij_x64_v4,admixture,5x6,0,2.612697
i64,amartin,admixture,5x6,10,1.806012
i64,branchlut,admixture,5x6,10,5.039714
i64,branchlut2,admixture,5x6,10,4.616464
i64,countlut,admixture,5x6,10,4.975878
i64,fmt,admixture,5x6,10,2.617292
i64,jeaiii,admixture,5x6,10,4.422654
i64,naive,admixture,5x6,10,8.193020
i64,null,admixture,5x6,10,0.844502
i64,sse2,admixture,5x6,10,4.959528
i64,tmueller,admixture,5x6,10,2.699750
i64,unrolledlut,admixture,5x6,10,4.991204
i64,yy,admixture,5x6,10,1.483738
i64,zmij_scalar,admixture,5x6,10,5.311233
i64,zmij_x64_native,admixture,5x6,10,2.279157
i64,zmij_x64_v1,admixture,5x6,10,3.592178
i64,zmij_x64_v2,admixture,5x6,10,2.879399
i64,zmij_x64_v3,admixture,5x6,10,2.785065
i64,zmij_x64_v4,admixture,5x6,10,2.609600
i64,amartin,admixture,5x6,20,1.790176
i64,branchlut,admixture,5x6,20,5.379663
i64,branchlut2,admixture,5x6,20,5.148529
i64,countlut,admixture,5x6,20,5.724389
i64,fmt,admixture,5x6,20,3.258209
i64,jeaiii,admixture,5x6,20,5.169043
i64,naive,admixture,5x6,20,8.689821
i64,null,admixture,5x6,20,0.958357
i64,sse2,admixture,5x6,20,5.414722
i64,tmueller,admixture,5x6,20,3.316816
i64,unrolledlut,admixture,5x6,20,5.453295
i64,yy,admixture,5x6,20,1.535190
i64,zmij_scalar,admixture,5x6,20,5.314233
i64,zmij_x64_native,admixture,5x6,20,2.271943
i64,zmij_x64_v1,admixture,5x6,20,3.538980
i64,zmij_x64_v2,admixture,5x6,20,2.886479
i64,zmij_x64_v3,admixture,5x6,20,2.819585
i64,zmij_x64_v4,admixture,5x6,20,2.578817
i64,amartin,admixture,5x6,30,1.791438
i64,branchlut,admixture,5x6,30,5.947308
i64,branchlut2,admixture,5x6,30,5.829170
i64,countlut,admixture,5x6,30,6.316943
i64,fmt,admixture,5x6,30,3.858414
i64,jeaiii,admixture,5x6,30,5.744865
i64,naive,admixture,5x6,30,9.216092
i64,null,admixture,5x6,30,0.784523
i64,sse2,admixture,5x6,30,5.967448
i64,tmueller,admixture,5x6,30,3.916326
i64,unrolledlut,admixture,5x6,30,6.122117
i64,yy,admixture,5x6,30,1.563723
i64,zmij_scalar,admixture,5x6,30,5.348104
i64,zmij_x64_native,admixture,5x6,30,2.263130
i64,zmij_x64_v1,admixture,5x6,30,3.540203
i64,zmij_x64_v2,admixture,5x6,30,2.881931
i64,zmij_x64_v3,admixture,5x6,30,2.774113
i64,zmij_x64_v4,admixture,5x6,30,2.594306
i64,amartin,admixture,5x6,40,1.793674
i64,branchlut,admixture,5x6,40,6.441521
i64,branchlut2,admixture,5x6,40,6.485169
i64,countlut,admixture,5x6,40,7.007101
i64,fmt,admixture,5x6,40,4.625879
i64,jeaiii,admixture,5x6,40,6.279535
i64,naive,admixture,5x6,40,9.809495
i64,null,admixture,5x6,40,0.759220
i64,sse2,admixture,5x6,40,6.616922
i64,tmueller,admixture,5x6,40,4.506538
i64,unrolledlut,admixture,5x6,40,6.643303
i64,yy,admixture,5x6,40,1.515748
i64,zmij_scalar,admixture,5x6,40,5.338846
i64,zmij_x64_native,admixture,5x6,40,2.278657
i64,zmij_x64_v1,admixture,5x6,40,3.535873
i64,zmij_x64_v2,admixture,5x6,40,2.910031
i64,zmij_x64_v3,admixture,5x6,40,2.764662
i64,zmij_x64_v4,admixture,5x6,40,2.608036
i64,amartin,admixture,5x6,50,1.788877
i64,branchlut,admixture,5x6,50,6.759578
i64,branchlut2,admixture,5x6,50,6.635229
i64,countlut,admixture,5x6,50,7.416541
i64,fmt,admixture,5x6,50,5.143982
i64,jeaiii,admixture,5x6,50,6.727837
i64,naive,admixture,5x6,50,9.964898
i64,null,admixture,5x6,50,0.967129
i64,sse2,admixture,5x6,50,7.043514
i64,tmueller,admixture,5x6,50,4.822961
i64,unrolledlut,admixture,5x6,50,6.994745
i64,yy,admixture,5x6,50,1.514563
i64,zmij_scalar,admixture,5x6,50,5.332043
i64,zmij_x64_native,admixture,5x6,50,2.284848
i64,zmij_x64_v1,admixture,5x6,50,3.535454
i64,zmij_x64_v2,admixture,5x6,50,2.882074
i64,zmij_x64_v3,admixture,5x6,50,2.806169
i64,zmij_x64_v4,admixture,5x6,50,2.651674
i64,amartin,admixture,5x6,60,1.815899
i64,branchlut,admixture,5x6,60,6.784077
i64,branchlut2,admixture,5x6,60,6.547104
i64,countlut,admixture,5x6,60,7.223120
i64,fmt,admixture,5x6,60,4.861630
i64,jeaiii,admixture,5x6,60,6.514511
i64,naive,admixture,5x6,60,9.716802
i64,null,admixture,5x6,60,1.085581
i64,sse2,admixture,5x6,60,6.748800
i64,tmueller,admixture,5x6,60,4.584030
i64,unrolledlut,admixture,5x6,60,6.851191
i64,yy,admixture,5x6,60,1.589464
i64,zmij_scalar,admixture,5x6,60,5.297300
i64,zmij_x64_native,admixture,5x6,60,2.311449
i64,zmij_x64_v1,admixture,5x6,60,3.613911
i64,zmij_x64_v2,admixture,5x6,60,2.918106
i64,zmij_x64_v3,admixture,5x6,60,2.852693
i64,zmij_x64_v4,admixture,5x6,60,2.625743
i64,amartin,admixture,5x6,70,1.826868
i64,branchlut,admixture,5x6,70,6.121820
i64,branchlut2,admixture,5x6,70,5.999478
i64,countlut,admixture,5x6,70,6.583011
i64,fmt,admixture,5x6,70,4.058179
i64,jeaiii,admixture,5x6,70,5.951512
i64,naive,admixture,5x6,70,8.989715
i64,null,admixture,5x6,70,1.100554
i64,sse2,admixture,5x6,70,6.159448
i64,tmueller,admixture,5x6,70,4.116312
i64,unrolledlut,admixture,5x6,70,6.189909
i64,yy,admixture,5x6,70,1.533940
i64,zmij_scalar,admixture,5x6,70,5.361750
i64,zmij_x64_native,admixture,5x6,70,2.312462
i64,zmij_x64_v1,admixture,5x6,70,3.626045
i64,zmij_x64_v2,admixture,5x6,70,2.943474
i64,zmij_x64_v3,admixture,5x6,70,2.837194
i64,zmij_x64_v4,admixture,5x6,70,2.636244
i64,amartin,admixture,5x6,80,1.820389
i64,branchlut,admixture,5x6,80,5.563025
i64,branchlut2,admixture,5x6,80,5.378766
i64,countlut,admixture,5x6,80,5.907569
i64,fmt,admixture,5x6,80,3.384591
i64,jeaiii,admixture,5x6,80,5.277760
i64,naive,admixture,5x6,80,8.274532
i64,null,admixture,5x6,80,0.901734
i64,sse2,admixture,5x6,80,5.566647
i64,tmueller,admixture,5x6,80,3.445513
i64,unrolledlut,admixture,5x6,80,5.615052
i64,yy,admixture,5x6,80,1.505542
i64,zmij_scalar,admixture,5x6,80,5.363153
i64,zmij_x64_native,admixture,5x6,80,2.303127
i64,zmij_x64_v1,admixture,5x6,80,3.607193
i64,zmij_x64_v2,admixture,5x6,80,2.936968
i64,zmij_x64_v3,admixture,5x6,80,2.850122
i64,zmij_x64_v4,admixture,5x6,80,2.617114
i64,amartin,admixture,5x6,90,1.825081
i64,branchlut,admixture,5x6,90,5.093588
i64,branchlut2,admixture,5x6,90,4.787981
i64,countlut,admixture,5x6,90,5.117447
i64,fmt,admixture,5x6,90,2.741061
i64,jeaiii,admixture,5x6,90,4.747314
i64,naive,admixture,5x6,90,7.520910
i64,null,admixture,5x6,90,1.102876
i64,sse2,admixture,5x6,90,4.988216
i64,tmueller,admixture,5x6,90,2.825414
i64,unrolledlut,admixture,5x6,90,5.181532
i64,yy,admixture,5x6,90,1.506259
i64,zmij_scalar,admixture,5x6,90,5.378345
i64,zmij_x64_native,admixture,5x6,90,2.314555
i64,zmij_x64_v1,admixture,5x6,90,3.613270
i64,zmij_x64_v2,admixture,5x6,90,2.935925
i64,zmij_x64_v3,admixture,5x6,90,2.837901
i64,zmij_x64_v4,admixture,5x6,90,2.621366
i64,amartin,admixture,5x6,100,1.845797
i64,branchlut,admixture,5x6,100,4.799389
i64,branchlut2,admixture,5x6,100,3.965591
i64,countlut,admixture,5x6,100,4.349722
i64,fmt,admixture,5x6,100,2.048123
i64,jeaiii,admixture,5x6,100,4.080003
i64,naive,admixture,5x6,100,6.882484
i64,null,admixture,5x6,100,0.928392
i64,sse2,admixture,5x6,100,4.798930
i64,tmueller,admixture,5x6,100,2.200249
i64,unrolledlut,admixture,5x6,100,4.949947
i64,yy,admixture,5x6,100,1.585145
i64,zmij_scalar,admixture,5x6,100,5.367787
i64,zmij_x64_native,admixture,5x6,100,2.299678
i64,zmij_x64_v1,admixture,5x6,100,3.637913
i64,zmij_x64_v2,admixture,5x6,100,2.932381
i64,zmij_x64_v3,admixture,5x6,100,2.831414
i64,zmij_x64_v4,admixture,5x6,100,2.651139
u128,fmt,bylength,,1,2.641631
u128,naive,bylength,,1,3.150693
u128,null,bylength,,1,0.768585
u128,zmij_scalar,bylength,,1,5.583683
u128,zmij_x64_native,bylength,,1,2.387202
u128,zmij_x64_v1,bylength,,1,3.439904
u128,zmij_x64_v2,bylength,,1,2.844228
u128,zmij_x64_v3,bylength,,1,2.798181
u128,zmij_x64_v4,bylength,,1,2.583672
u128,fmt,bylength,,2,2.773405
u128,naive,bylength,,2,4.969687
u128,null,bylength,,2,0.811764
u128,zmij_scalar,bylength,,2,5.488238
u128,zmij_x64_native,bylength,,2,2.319649
u128,zmij_x64_v1,bylength,,2,3.371529
u128,zmij_x64_v2,bylength,,2,2.777561
u128,zmij_x64_v3,bylength,,2,2.773777
u128,zmij_x64_v4,bylength,,2,2.550220
u128,fmt,bylength,,3,2.893187
u128,naive,bylength,,3,7.676839
u128,null,bylength,,3,0.863495
u128,zmij_scalar,bylength,,3,5.463395
u128,zmij_x64_native,bylength,,3,2.289454
u128,zmij_x64_v1,bylength,,3,3.422132
u128,zmij_x64_v2,bylength,,3,2.784412
u128,zmij_x64_v3,bylength,,3,2.728411
u128,zmij_x64_v4,bylength,,3,2.589080
u128,fmt,bylength,,4,2.906391
u128,naive,bylength,,4,11.075858
u128,null,bylength,,4,0.873356
u128,zmij_scalar,bylength,,4,5.479285
u128,zmij_x64_native,bylength,,4,2.293333
u128,zmij_x64_v1,bylength,,4,3.369494
u128,zmij_x64_v2,bylength,,4,2.796804
u128,zmij_x64_v3,bylength,,4,2.712749
u128,zmij_x64_v4,bylength,,4,2.545748
u128,fmt,bylength,,5,3.263939
u128,naive,bylength,,5,14.793181
u128,null,bylength,,5,0.920471
u128,zmij_scalar,bylength,,5,5.518814
u128,zmij_x64_native,bylength,,5,2.315787
u128,zmij_x64_v1,bylength,,5,3.441051
u128,zmij_x64_v2,bylength,,5,2.828776
u128,zmij_x64_v3,bylength,,5,2.768465
u128,zmij_x64_v4,bylength,,5,2.586720
u128,fmt,bylength,,6,3.328135
u128,naive,bylength,,6,18.442290
u128,null,bylength,,6,1.069264
u128,zmij_scalar,bylength,,6,5.488820
u128,zmij_x64_native,bylength,,6,2.343136
u128,zmij_x64_v1,bylength,,6,3.406533
u128,zmij_x64_v2,bylength,,6,2.814874
u128,zmij_x64_v3,bylength,,6,2.770523
u128,zmij_x64_v4,bylength,,6,2.590261
u128,fmt,bylength,,7,3.764075
u128,naive,bylength,,7,22.040198
u128,null,bylength,,7,0.825988
u128,zmij_scalar,bylength,,7,5.503439
u128,zmij_x64_native,bylength,,7,2.296422
u128,zmij_x64_v1,bylength,,7,3.352327
u128,zmij_x64_v2,bylength,,7,2.823172
u128,zmij_x64_v3,bylength,,7,2.719616
u128,zmij_x64_v4,bylength,,7,2.554775
u128,fmt,bylength,,8,3.733728
u128,naive,bylength,,8,24.574077
u128,null,bylength,,8,0.956861
u128,zmij_scalar,bylength,,8,5.243691
u128,zmij_x64_native,bylength,,8,2.301888
u128,zmij_x64_v1,bylength,,8,3.354392
u128,zmij_x64_v2,bylength,,8,2.773372
u128,zmij_x64_v3,bylength,,8,2.728894
u128,zmij_x64_v4,bylength,,8,2.527238
u128,fmt,bylength,,9,4.320654
u128,naive,bylength,,9,28.769094
u128,null,bylength,,9,0.899590
u128,zmij_scalar,bylength,,9,5.288522
u128,zmij_x64_native,bylength,,9,2.281507
u128,zmij_x64_v1,bylength,,9,3.392833
u128,zmij_x64_v2,bylength,,9,2.815001
u128,zmij_x64_v3,bylength,,9,2.723953
u128,zmij_x64_v4,bylength,,9,2.648843
u128,fmt,bylength,,10,4.311625
u128,naive,bylength,,10,32.600006
u128,null,bylength,,10,0.857672
u128,zmij_scalar,bylength,,10,5.257317
u128,zmij_x64_native,bylength,,10,2.312714
u128,zmij_x64_v1,bylength,,10,3.353533
u128,zmij_x64_v2,bylength,,10,2.778790
u128,zmij_x64_v3,bylength,,10,2.730240
u128,zmij_x64_v4,bylength,,10,2.574459
u128,fmt,bylength,,11,5.126701
u128,naive,bylength,,11,36.240575
u128,null,bylength,,11,0.826781
u128,zmij_scalar,bylength,,11,5.293347
u128,zmij_x64_native,bylength,,11,2.321714
u128,zmij_x64_v1,bylength,,11,3.359810
u128,zmij_x64_v2,bylength,,11,2.811190
u128,zmij_x64_v3,bylength,,11,2.723199
u128,zmij_x64_v4,bylength,,11,2.531260
u128,fmt,bylength,,12,5.135694
u128,naive,bylength,,12,39.622218
u128,null,bylength,,12,0.902571
u128,zmij_scalar,bylength,,12,5.297227
u128,zmij_x64_native,bylength,,12,2.325355
u128,zmij_x64_v1,bylength,,12,3.372556
u128,zmij_x64_v2,bylength,,12,2.779103
u128,zmij_x64_v3,bylength,,12,2.724709
u128,zmij_x64_v4,bylength,,12,2.545565
u128,fmt,bylength,,13,5.789856
u128,naive,bylength,,13,43.969216
u128,null,bylength,,13,0.843942
u128,zmij_scalar,bylength,,13,5.276340
u128,zmij_x64_native,bylength,,13,2.292131
u128,zmij_x64_v1,bylength,,13,3.418935
u128,zmij_x64_v2,bylength,,13,2.794230
u128,zmij_x64_v3,bylength,,13,2.710186
u128,zmij_x64_v4,bylength,,13,2.545497
u128,fmt,bylength,,14,5.810079
u128,naive,bylength,,14,48.064117
u128,null,bylength,,14,0.782983
u128,zmij_scalar,bylength,,14,5.263076
u128,zmij_x64_native,bylength,,14,2.269587
u128,zmij_x64_v1,bylength,,14,3.378498
u128,zmij_x64_v2,bylength,,14,2.868091
u128,zmij_x64_v3,bylength,,14,2.745377
u128,zmij_x64_v4,bylength,,14,2.517441
u128,fmt,bylength,,15,6.990196
u128,naive,bylength,,15,51.720247
u128,null,bylength,,15,0.863150
u128,zmij_scalar,bylength,,15,5.282395
u128,zmij_x64_native,bylength,,15,2.307089
u128,zmij_x64_v1,bylength,,15,3.361530
u128,zmij_x64_v2,bylength,,15,2.792636
u128,zmij_x64_v3,bylength,,15,2.736739
u128,zmij_x64_v4,bylength,,15,2.547742
u128,fmt,bylength,,16,6.915219
u128,naive,bylength,,16,53.563967
u128,null,bylength,,16,0.869036
u128,zmij_scalar,bylength,,16,5.320015
u128,zmij_x64_native,bylength,,16,2.314322
u128,zmij_x64_v1,bylength,,16,3.405588
u128,zmij_x64_v2,bylength,,16,2.795281
u128,zmij_x64_v3,bylength,,16,2.721184
u128,zmij_x64_v4,bylength,,16,2.566497
u128,fmt,bylength,,17,7.543622
u128,naive,bylength,,17,57.406476
u128,null,bylength,,17,0.928333
u128,zmij_scalar,bylength,,17,5.331777
u128,zmij_x64_native,bylength,,17,2.318469
u128,zmij_x64_v1,bylength,,17,3.434672
u128,zmij_x64_v2,bylength,,17,2.819112
u128,zmij_x64_v3,bylength,,17,2.787752
u128,zmij_x64_v4,bylength,,17,2.557602
u128,fmt,bylength,,18,7.448750
u128,naive,bylength,,18,61.039502
u128,null,bylength,,18,0.976300
u128,zmij_scalar,bylength,,18,5.285043
u128,zmij_x64_native,bylength,,18,2.298939
u128,zmij_x64_v1,bylength,,18,3.393940
u128,zmij_x64_v2,bylength,,18,2.815261
u128,zmij_x64_v3,bylength,,18,2.709698
u128,zmij_x64_v4,bylength,,18,2.545610
u128,fmt,bylength,,19,7.985712
u128,naive,bylength,,19,64.559701
u128,null,bylength,,19,1.020243
u128,zmij_scalar,bylength,,19,5.287002
u128,zmij_x64_native,bylength,,19,2.299292
u128,zmij_x64_v1,bylength,,19,3.364128
u128,zmij_x64_v2,bylength,,19,2.781341
u128,zmij_x64_v3,bylength,,19,2.746714
u128,zmij_x64_v4,bylength,,19,2.539237
u128,fmt,bylength,,20,12.678919
u128,naive,bylength,,20,68.324557
u128,null,bylength,,20,1.062390
u128,zmij_scalar,bylength,,20,8.962919
u128,zmij_x64_native,bylength,,20,4.041424
u128,zmij_x64_v1,bylength,,20,5.225143
u128,zmij_x64_v2,bylength,,20,4.483590
u128,zmij_x64_v3,bylength,,20,4.055776
u128,zmij_x64_v4,bylength,,20,4.083237
u128,fmt,bylength,,21,13.040480
u128,naive,bylength,,21,72.174461
u128,null,bylength,,21,0.800201
u128,zmij_scalar,bylength,,21,8.919196
u128,zmij_x64_native,bylength,,21,3.793061
u128,zmij_x64_v1,bylength,,21,5.085468
u128,zmij_x64_v2,bylength,,21,4.193119
u128,zmij_x64_v3,bylength,,21,3.804900
u128,zmij_x64_v4,bylength,,21,3.856124
u128,fmt,bylength,,22,13.467062
u128,naive,bylength,,22,75.826902
u128,null,bylength,,22,0.805976
u128,zmij_scalar,bylength,,22,8.905875
u128,zmij_x64_native,bylength,,22,3.789984
u128,zmij_x64_v1,bylength,,22,5.083003
u128,zmij_x64_v2,bylength,,22,4.200686
u128,zmij_x64_v3,bylength,,22,3.796329
u128,zmij_x64_v4,bylength,,22,3.857711
u128,fmt,bylength,,23,13.686085
u128,naive,bylength,,23,79.543892
u128,null,bylength,,23,0.879280
u128,zmij_scalar,bylength,,23,8.982567
u128,zmij_x64_native,bylength,,23,3.786943
u128,zmij_x64_v1,bylength,,23,5.064034
u128,zmij_x64_v2,bylength,,23,4.170621
u128,zmij_x64_v3,bylength,,23,3.784678
u128,zmij_x64_v4,bylength,,23,3.852280
u128,fmt,bylength,,24,14.433831
u128,naive,bylength,,24,83.376871
u128,null,bylength,,24,0.866755
u128,zmij_scalar,bylength,,24,8.889397
u128,zmij_x64_native,bylength,,24,3.774006
u128,zmij_x64_v1,bylength,,24,5.046252
u128,zmij_x64_v2,bylength,,24,4.216943
u128,zmij_x64_v3,bylength,,24,3.804496
u128,zmij_x64_v4,bylength,,24,3.925893
u128,fmt,bylength,,25,14.879473
u128,naive,bylength,,25,87.123275
u128,null,bylength,,25,0.777826
u128,zmij_scalar,bylength,,25,8.866380
u128,zmij_x64_native,bylength,,25,3.761261
u128,zmij_x64_v1,bylength,,25,5.046997
u128,zmij_x64_v2,bylength,,25,4.184905
u128,zmij_x64_v3,bylength,,25,3.810925
u128,zmij_x64_v4,bylength,,25,3.831777
u128,fmt,bylength,,26,16.233253
u128,naive,bylength,,26,89.360102
u128,null,bylength,,26,0.738876
u128,zmij_scalar,bylength,,26,9.063830
u128,zmij_x64_native,bylength,,26,3.747289
u128,zmij_x64_v1,bylength,,26,5.116612
u128,zmij_x64_v2,bylength,,26,4.345830
u128,zmij_x64_v3,bylength,,26,3.834679
u128,zmij_x64_v4,bylength,,26,3.842217
u128,fmt,bylength,,27,15.893957
u128,naive,bylength,,27,94.333200
u128,null,bylength,,27,1.081393
u128,zmij_scalar,bylength,,27,8.854147
u128,zmij_x64_native,bylength,,27,3.768835
u128,zmij_x64_v1,bylength,,27,5.136850
u128,zmij_x64_v2,bylength,,27,4.251086
u128,zmij_x64_v3,bylength,,27,3.790449
u128,zmij_x64_v4,bylength,,27,3.855805
u128,fmt,bylength,,28,16.504213
u128,naive,bylength,,28,97.339176
u128,null,bylength,,28,1.010362
u128,zmij_scalar,bylength,,28,8.907301
u128,zmij_x64_native,bylength,,28,3.809177
u128,zmij_x64_v1,bylength,,28,5.110450
u128,zmij_x64_v2,bylength,,28,4.210810
u128,zmij_x64_v3,bylength,,28,3.794797
u128,zmij_x64_v4,bylength,,28,3.868752
u128,fmt,bylength,,29,16.674301
u128,naive,bylength,,29,100.925390
u128,null,bylength,,29,0.945025
u128,zmij_scalar,bylength,,29,9.037374
u128,zmij_x64_native,bylength,,29,3.817212
u128,zmij_x64_v1,bylength,,29,5.151393
u128,zmij_x64_v2,bylength,,29,4.288732
u128,zmij_x64_v3,bylength,,29,3.899080
u128,zmij_x64_v4,bylength,,29,3.906877
u128,fmt,bylength,,30,17.215543
u128,naive,bylength,,30,104.816473
u128,null,bylength,,30,0.842787
u128,zmij_scalar,bylength,,30,8.861896
u128,zmij_x64_native,bylength,,30,3.779232
u128,zmij_x64_v1,bylength,,30,5.101326
u128,zmij_x64_v2,bylength,,30,4.216754
u128,zmij_x64_v3,bylength,,30,3.831220
u128,zmij_x64_v4,bylength,,30,3.858299
u128,fmt,bylength,,31,17.181451
u128,naive,bylength,,31,108.876384
u128,null,bylength,,31,0.943248
u128,zmij_scalar,bylength,,31,8.887982
u128,zmij_x64_native,bylength,,31,3.770223
u128,zmij_x64_v1,bylength,,31,5.092068
u128,zmij_x64_v2,bylength,,31,4.228944
u128,zmij_x64_v3,bylength,,31,3.814700
u128,zmij_x64_v4,bylength,,31,3.849252
u128,fmt,bylength,,32,17.856332
u128,naive,bylength,,32,111.607845
u128,null,bylength,,32,0.803720
u128,zmij_scalar,bylength,,32,8.888940
u128,zmij_x64_native,bylength,,32,3.753893
u128,zmij_x64_v1,bylength,,32,5.096128
u128,zmij_x64_v2,bylength,,32,4.209347
u128,zmij_x64_v3,bylength,,32,3.798830
u128,zmij_x64_v4,bylength,,32,3.862533
u128,fmt,bylength,,33,18.570486
u128,naive,bylength,,33,115.232262
u128,null,bylength,,33,0.767030
u128,zmij_scalar,bylength,,33,11.725809
u128,zmij_x64_native,bylength,,33,4.387575
u128,zmij_x64_v1,bylength,,33,5.630191
u128,zmij_x64_v2,bylength,,33,4.805736
u128,zmij_x64_v3,bylength,,33,4.571324
u128,zmij_x64_v4,bylength,,33,4.484796
u128,fmt,bylength,,34,19.732512
u128,naive,bylength,,34,122.025713
u128,null,bylength,,34,0.790578
u128,zmij_scalar,bylength,,34,11.849663
u128,zmij_x64_native,bylength,,34,4.490244
u128,zmij_x64_v1,bylength,,34,5.708282
u128,zmij_x64_v2,bylength,,34,4.853522
u128,zmij_x64_v3,bylength,,34,4.612299
u128,zmij_x64_v4,bylength,,34,4.485723
u128,fmt,bylength,,35,19.786040
u128,naive,bylength,,35,124.176232
u128,null,bylength,,35,0.795948
u128,zmij_scalar,bylength,,35,11.798562
u128,zmij_x64_native,bylength,,35,4.458549
u128,zmij_x64_v1,bylength,,35,5.681691
u128,zmij_x64_v2,bylength,,35,4.972435
u128,zmij_x64_v3,bylength,,35,4.654436
u128,zmij_x64_v4,bylength,,35,4.575406
u128,fmt,bylength,,36,19.569399
u128,naive,bylength,,36,126.011458
u128,null,bylength,,36,0.744161
u128,zmij_scalar,bylength,,36,11.687400
u128,zmij_x64_native,bylength,,36,4.452425
u128,zmij_x64_v1,bylength,,36,5.680774
u128,zmij_x64_v2,bylength,,36,4.852396
u128,zmij_x64_v3,bylength,,36,4.549676
u128,zmij_x64_v4,bylength,,36,4.479026
u128,fmt,bylength,,37,19.583388
u128,naive,bylength,,37,130.484065
u128,null,bylength,,37,0.985538
u128,zmij_scalar,bylength,,37,11.678495
u128,zmij_x64_native,bylength,,37,4.499043
u128,zmij_x64_v1,bylength,,37,5.690395
u128,zmij_x64_v2,bylength,,37,4.823854
u128,zmij_x64_v3,bylength,,37,4.552322
u128,zmij_x64_v4,bylength,,37,4.496140
u128,fmt,bylength,,38,20.437050
u128,naive,bylength,,38,135.107125
u128,null,bylength,,38,0.772443
u128,zmij_scalar,bylength,,38,11.601893
u128,zmij_x64_native,bylength,,38,4.434011
u128,zmij_x64_v1,bylength,,38,5.629177
u128,zmij_x64_v2,bylength,,38,4.804592
u128,zmij_x64_v3,bylength,,38,4.499196
u128,zmij_x64_v4,bylength,,38,4.484568
u128,fmt,bylength,,39,26.275094
u128,naive,bylength,,39,137.009008
u128,null,bylength,,39,0.763840
u128,zmij_scalar,bylength,,39,11.627783
u128,zmij_x64_native,bylength,,39,4.446835
u128,zmij_x64_v1,bylength,,39,5.677538
u128,zmij_x64_v2,bylength,,39,4.791538
u128,zmij_x64_v3,bylength,,39,4.527383
u128,zmij_x64_v4,bylength,,39,4.494226
u128,fmt,loguniform,1-39,39,21.444276
u128,naive,loguniform,1-39,39,75.723514
u128,null,loguniform,1-39,39,1.084863
u128,zmij_scalar,loguniform,1-39,39,9.854653
u128,zmij_x64_native,loguniform,1-39,39,6.501011
u128,zmij_x64_v1,loguniform,1-39,39,6.979361
u128,zmij_x64_v2,loguniform,1-39,39,6.730796
u128,zmij_x64_v3,loguniform,1-39,39,6.554370
u128,zmij_x64_v4,loguniform,1-39,39,6.457153
u128,fmt,loguniform,1-4,4,7.729526
u128,naive,loguniform,1-4,4,10.551325
u128,null,loguniform,1-4,4,1.087379
u128,zmij_scalar,loguniform,1-4,4,5.513718
u128,zmij_x64_native,loguniform,1-4,4,2.301849
u128,zmij_x64_v1,loguniform,1-4,4,3.323795
u128,zmij_x64_v2,loguniform,1-4,4,2.785614
u128,zmij_x64_v3,loguniform,1-4,4,2.737802
u128,zmij_x64_v4,loguniform,1-4,4,2.549484
u128,fmt,uniform,0-255,0,5.342255
u128,naive,uniform,0-255,0,8.710865
u128,null,uniform,0-255,0,0.783524
u128,zmij_scalar,uniform,0-255,0,5.501354
u128,zmij_x64_native,uniform,0-255,0,2.274245
u128,zmij_x64_v1,uniform,0-255,0,3.365809
u128,zmij_x64_v2,uniform,0-255,0,2.788978
u128,zmij_x64_v3,uniform,0-255,0,2.741537
u128,zmij_x64_v4,uniform,0-255,0,2.543741
u128,fmt,unpredictable,,1,4.538197
u128,naive,unpredictable,,1,5.545044
u128,null,unpredictable,,1,0.964851
u128,zmij_scalar,unpredictable,,1,5.081799
u128,zmij_x64_native,unpredictable,,1,2.567687
u128,zmij_x64_v1,unpredictable,,1,3.337349
u128,zmij_x64_v2,unpredictable,,1,2.711756
u128,zmij_x64_v3,unpredictable,,1,2.781691
u128,zmij_x64_v4,unpredictable,,1,2.575513
u128,fmt,unpredictable,,2,4.584387
u128,naive,unpredictable,,2,8.310650
u128,null,unpredictable,,2,0.588289
u128,zmij_scalar,unpredictable,,2,5.093266
u128,zmij_x64_native,unpredictable,,2,2.457593
u128,zmij_x64_v1,unpredictable,,2,3.380594
u128,zmij_x64_v2,unpredictable,,2,2.802528
u128,zmij_x64_v3,unpredictable,,2,2.777580
u128,zmij_x64_v4,unpredictable,,2,2.516253
u128,fmt,unpredictable,,3,4.113403
u128,naive,unpredictable,,3,11.365910
u128,null,unpredictable,,3,0.505484
u128,zmij_scalar,unpredictable,,3,5.178112
u128,zmij_x64_native,unpredictable,,3,2.385205
u128,zmij_x64_v1,unpredictable,,3,3.134153
u128,zmij_x64_v2,unpredictable,,3,2.668758
u128,zmij_x64_v3,unpredictable,,3,2.652334
u128,zmij_x64_v4,unpredictable,,3,2.456840
u128,fmt,unpredictable,,4,4.671776
u128,naive,unpredictable,,4,16.246414
u128,null,unpredictable,,4,0.515406
u128,zmij_scalar,unpredictable,,4,5.188221
u128,zmij_x64_native,unpredictable,,4,2.389831
u128,zmij_x64_v1,unpredictable,,4,3.242144
u128,zmij_x64_v2,unpredictable,,4,2.692877
u128,zmij_x64_v3,unpredictable,,4,2.664297
u128,zmij_x64_v4,unpredictable,,4,2.499743
u128,fmt,unpredictable,,5,4.111015
u128,naive,unpredictable,,5,18.548531
u128,null,unpredictable,,5,0.598820
u128,zmij_scalar,unpredictable,,5,5.110271
u128,zmij_x64_native,unpredictable,,5,2.378633
u128,zmij_x64_v1,unpredictable,,5,3.155977
u128,zmij_x64_v2,unpredictable,,5,2.685137
u128,zmij_x64_v3,unpredictable,,5,2.619579
u128,zmij_x64_v4,unpredictable,,5,2.479428
u128,fmt,unpredictable,,6,4.251741
u128,naive,unpredictable,,6,23.161917
u128,null,unpredictable,,6,0.826725
u128,zmij_scalar,unpredictable,,6,5.093647
u128,zmij_x64_native,unpredictable,,6,2.451804
u128,zmij_x64_v1,unpredictable,,6,3.098415
u128,zmij_x64_v2,unpredictable,,6,2.617506
u128,zmij_x64_v3,unpredictable,,6,2.839691
u128,zmij_x64_v4,unpredictable,,6,2.772119
u128,fmt,unpredictable,,7,4.411423
u128,naive,unpredictable,,7,25.684021
u128,null,unpredictable,,7,0.560045
u128,zmij_scalar,unpredictable,,7,5.092213
u128,zmij_x64_native,unpredictable,,7,2.408885
u128,zmij_x64_v1,unpredictable,,7,3.162836
u128,zmij_x64_v2,unpredictable,,7,2.677378
u128,zmij_x64_v3,unpredictable,,7,2.664068
u128,zmij_x64_v4,unpredictable,,7,2.479066
u128,fmt,unpredictable,,8,4.476774
u128,naive,unpredictable,,8,27.222517
u128,null,unpredictable,,8,1.080822
u128,zmij_scalar,unpredictable,,8,5.029295
u128,zmij_x64_native,unpredictable,,8,2.447457
u128,zmij_x64_v1,unpredictable,,8,3.166342
u128,zmij_x64_v2,unpredictable,,8,2.664410
u128,zmij_x64_v3,unpredictable,,8,2.680836
u128,zmij_x64_v4,unpredictable,,8,2.545789
u128,fmt,unpredictable,,9,5.542667
u128,naive,unpredictable,,9,30.921503
u128,null,unpredictable,,9,1.364050
u128,zmij_scalar,unpredictable,,9,5.039883
u128,zmij_x64_native,unpredictable,,9,2.512795
u128,zmij_x64_v1,unpredictable,,9,3.300457
u128,zmij_x64_v2,unpredictable,,9,2.654684
u128,zmij_x64_v3,unpredictable,,9,2.730217
u128,zmij_x64_v4,unpredictable,,9,2.612292
u128,fmt,unpredictable,,10,5.633688
u128,naive,unpredictable,,10,34.907364
u128,null,unpredictable,,10,0.838223
u128,zmij_scalar,unpredictable,,10,5.060312
u128,zmij_x64_native,unpredictable,,10,2.496207
u128,zmij_x64_v1,unpredictable,,10,3.287899
u128,zmij_x64_v2,unpredictable,,10,2.714079
u128,zmij_x64_v3,unpredictable,,10,2.823589
u128,zmij_x64_v4,unpredictable,,10,2.610724
u128,fmt,unpredictable,,11,6.047434
u128,naive,unpredictable,,11,37.989883
u128,null,unpredictable,,11,1.103811
u128,zmij_scalar,unpredictable,,11,5.204803
u128,zmij_x64_native,unpredictable,,11,2.520516
u128,zmij_x64_v1,unpredictable,,11,3.334412
u128,zmij_x64_v2,unpredictable,,11,2.701904
u128,zmij_x64_v3,unpredictable,,11,2.756874
u128,zmij_x64_v4,unpredictable,,11,2.637000
u128,fmt,unpredictable,,12,6.186747
u128,naive,unpredictable,,12,41.413897
u128,null,unpredictable,,12,0.607643
u128,zmij_scalar,unpredictable,,12,5.017813
u128,zmij_x64_native,unpredictable,,12,2.492444
u128,zmij_x64_v1,unpredictable,,12,3.255352
u128,zmij_x64_v2,unpredictable,,12,2.684896
u128,zmij_x64_v3,unpredictable,,12,2.716650
u128,zmij_x64_v4,unpredictable,,12,2.563981
u128,fmt,unpredictable,,13,6.654518
u128,naive,unpredictable,,13,45.481035
u128,null,unpredictable,,13,0.664515
u128,zmij_scalar,unpredictable,,13,5.037325
u128,zmij_x64_native,unpredictable,,13,2.482074
u128,zmij_x64_v1,unpredictable,,13,3.348133
u128,zmij_x64_v2,unpredictable,,13,2.699423
u128,zmij_x64_v3,unpredictable,,13,2.733356
u128,zmij_x64_v4,unpredictable,,13,2.636008
u128,fmt,unpredictable,,14,6.523619
u128,naive,unpredictable,,14,49.051785
u128,null,unpredictable,,14,1.146662
u128,zmij_scalar,unpredictable,,14,4.983091
u128,zmij_x64_native,unpredictable,,14,2.511462
u128,zmij_x64_v1,unpredictable,,14,3.341530
u128,zmij_x64_v2,unpredictable,,14,2.747221
u128,zmij_x64_v3,unpredictable,,14,2.799019
u128,zmij_x64_v4,unpredictable,,14,2.577210
u128,fmt,unpredictable,,15,7.179811
u128,naive,unpredictable,,15,53.281559
u128,null,unpredictable,,15,0.926746
u128,zmij_scalar,unpredictable,,15,5.241934
u128,zmij_x64_native,unpredictable,,15,2.574584
u128,zmij_x64_v1,unpredictable,,15,3.280361
u128,zmij_x64_v2,unpredictable,,15,2.935722
u128,zmij_x64_v3,unpredictable,,15,2.971296
u128,zmij_x64_v4,unpredictable,,15,2.785508
u128,fmt,unpredictable,,16,7.011362
u128,naive,unpredictable,,16,55.994959
u128,null,unpredictable,,16,0.447412
u128,zmij_scalar,unpredictable,,16,5.154274
u128,zmij_x64_native,unpredictable,,16,2.357532
u128,zmij_x64_v1,unpredictable,,16,3.255787
u128,zmij_x64_v2,unpredictable,,16,2.662374
u128,zmij_x64_v3,unpredictable,,16,2.693666
u128,zmij_x64_v4,unpredictable,,16,2.506448
u128,fmt,unpredictable,,17,7.585192
u128,naive,unpredictable,,17,59.399067
u128,null,unpredictable,,17,0.677094
u128,zmij_scalar,unpredictable,,17,5.083475
u128,zmij_x64_native,unpredictable,,17,2.419337
u128,zmij_x64_v1,unpredictable,,17,3.312733
u128,zmij_x64_v2,unpredictable,,17,2.602407
u128,zmij_x64_v3,unpredictable,,17,2.661678
u128,zmij_x64_v4,unpredictable,,17,2.604671
u128,fmt,unpredictable,,18,7.788692
u128,naive,unpredictable,,18,63.574780
u128,null,unpredictable,,18,0.937199
u128,zmij_scalar,unpredictable,,18,5.026815
u128,zmij_x64_native,unpredictable,,18,2.589355
u128,zmij_x64_v1,unpredictable,,18,3.308069
u128,zmij_x64_v2,unpredictable,,18,2.930811
u128,zmij_x64_v3,unpredictable,,18,2.865141
u128,zmij_x64_v4,unpredictable,,18,2.524793
u128,fmt,unpredictable,,19,8.079729
u128,naive,unpredictable,,19,67.799770
u128,null,unpredictable,,19,0.444006
u128,zmij_scalar,unpredictable,,19,5.049761
u128,zmij_x64_native,unpredictable,,19,2.501157
u128,zmij_x64_v1,unpredictable,,19,3.159159
u128,zmij_x64_v2,unpredictable,,19,2.772820
u128,zmij_x64_v3,unpredictable,,19,2.761116
u128,zmij_x64_v4,unpredictable,,19,2.518136
u128,fmt,unpredictable,,20,15.021370
u128,naive,unpredictable,,20,69.700878
u128,null,unpredictable,,20,1.094084
u128,zmij_scalar,unpredictable,,20,9.221254
u128,zmij_x64_native,unpredictable,,20,4.045424
u128,zmij_x64_v1,unpredictable,,20,5.075607
u128,zmij_x64_v2,unpredictable,,20,4.335320
u128,zmij_x64_v3,unpredictable,,20,3.968515
u128,zmij_x64_v4,unpredictable,,20,3.850802
u128,fmt,unpredictable,,21,15.161999
u128,naive,unpredictable,,21,73.947554
u128,null,unpredictable,,21,1.244747
u128,zmij_scalar,unpredictable,,21,9.554205
u128,zmij_x64_native,unpredictable,,21,3.774905
u128,zmij_x64_v1,unpredictable,,21,5.073238
u128,zmij_x64_v2,unpredictable,,21,4.475986
u128,zmij_x64_v3,unpredictable,,21,3.842659
u128,zmij_x64_v4,unpredictable,,21,3.844228
u128,fmt,unpredictable,,22,14.757097
u128,naive,unpredictable,,22,76.557962
u128,null,unpredictable,,22,0.997599
u128,zmij_scalar,unpredictable,,22,9.293547
u128,zmij_x64_native,unpredictable,,22,3.618377
u128,zmij_x64_v1,unpredictable,,22,4.902699
u128,zmij_x64_v2,unpredictable,,22,4.291636
u128,zmij_x64_v3,unpredictable,,22,3.713247
u128,zmij_x64_v4,unpredictable,,22,3.737748
u128,fmt,unpredictable,,23,15.157909
u128,naive,unpredictable,,23,80.337217
u128,null,unpredictable,,23,0.671280
u128,zmij_scalar,unpredictable,,23,9.215017
u128,zmij_x64_native,unpredictable,,23,3.703174
u128,zmij_x64_v1,unpredictable,,23,4.901917
u128,zmij_x64_v2,unpredictable,,23,4.309313
u128,zmij_x64_v3,unpredictable,,23,3.721281
u128,zmij_x64_v4,unpredictable,,23,3.734391
u128,fmt,unpredictable,,24,15.733137
u128,naive,unpredictable,,24,82.330933
u128,null,unpredictable,,24,0.835955
u128,zmij_scalar,unpredictable,,24,9.123749
u128,zmij_x64_native,unpredictable,,24,3.675294
u128,zmij_x64_v1,unpredictable,,24,4.873209
u128,zmij_x64_v2,unpredictable,,24,4.432428
u128,zmij_x64_v3,unpredictable,,24,3.723383
u128,zmij_x64_v4,unpredictable,,24,3.719064
u128,fmt,unpredictable,,25,16.090649
u128,naive,unpredictable,,25,87.607891
u128,null,unpredictable,,25,0.585939
u128,zmij_scalar,unpredictable,,25,9.261513
u128,zmij_x64_native,unpredictable,,25,3.387155
u128,zmij_x64_v1,unpredictable,,25,4.763784
u128,zmij_x64_v2,unpredictable,,25,4.030375
u128,zmij_x64_v3,unpredictable,,25,3.502016
u128,zmij_x64_v4,unpredictable,,25,3.530316
u128,fmt,unpredictable,,26,16.642866
u128,naive,unpredictable,,26,90.013468
u128,null,unpredictable,,26,0.806831
u128,zmij_scalar,unpredictable,,26,9.319433
u128,zmij_x64_native,unpredictable,,26,3.418532
u128,zmij_x64_v1,unpredictable,,26,4.885706
u128,zmij_x64_v2,unpredictable,,26,4.197014
u128,zmij_x64_v3,unpredictable,,26,3.481623
u128,zmij_x64_v4,unpredictable,,26,3.538648
u128,fmt,unpredictable,,27,16.418861
u128,naive,unpredictable,,27,95.976702
u128,null,unpredictable,,27,0.522589
u128,zmij_scalar,unpredictable,,27,9.159868
u128,zmij_x64_native,unpredictable,,27,3.409226
u128,zmij_x64_v1,unpredictable,,27,4.851040
u128,zmij_x64_v2,unpredictable,,27,4.130512
u128,zmij_x64_v3,unpredictable,,27,3.432779
u128,zmij_x64_v4,unpredictable,,27,3.560721
u128,fmt,unpredictable,,28,17.040766
u128,naive,unpredictable,,28,98.388063
u128,null,unpredictable,,28,0.543591
u128,zmij_scalar,unpredictable,,28,9.116905
u128,zmij_x64_native,unpredictable,,28,3.399747
u128,zmij_x64_v1,unpredictable,,28,4.903896
u128,zmij_x64_v2,unpredictable,,28,4.077385
u128,zmij_x64_v3,unpredictable,,28,3.462971
u128,zmij_x64_v4,unpredictable,,28,3.419976
u128,fmt,unpredictable,,29,17.473339
u128,naive,unpredictable,,29,101.292978
u128,null,unpredictable,,29,0.750246
u128,zmij_scalar,unpredictable,,29,9.174368
u128,zmij_x64_native,unpredictable,,29,3.632239
u128,zmij_x64_v1,unpredictable,,29,4.890997
u128,zmij_x64_v2,unpredictable,,29,4.370222
u128,zmij_x64_v3,unpredictable,,29,3.731142
u128,zmij_x64_v4,unpredictable,,29,3.744634
u128,fmt,unpredictable,,30,17.657524
u128,naive,unpredictable,,30,104.745056
u128,null,unpredictable,,30,1.112856
u128,zmij_scalar,unpredictable,,30,9.168941
u128,zmij_x64_native,unpredictable,,30,3.689721
u128,zmij_x64_v1,unpredictable,,30,4.837013
u128,zmij_x64_v2,unpredictable,,30,4.309225
u128,zmij_x64_v3,unpredictable,,30,3.672915
u128,zmij_x64_v4,unpredictable,,30,3.690913
u128,fmt,unpredictable,,31,17.689512
u128,naive,unpredictable,,31,108.520567
u128,null,unpredictable,,31,0.674473
u128,zmij_scalar,unpredictable,,31,9.164030
u128,zmij_x64_native,unpredictable,,31,3.699656
u128,zmij_x64_v1,unpredictable,,31,4.903648
u128,zmij_x64_v2,unpredictable,,31,4.342590
u128,zmij_x64_v3,unpredictable,,31,3.743315
u128,zmij_x64_v4,unpredictable,,31,3.731811
u128,fmt,unpredictable,,32,18.147196
u128,naive,unpredictable,,32,110.945425
u128,null,unpredictable,,32,0.959497
u128,zmij_scalar,unpredictable,,32,9.172497
u128,zmij_x64_native,unpredictable,,32,3.643762
u128,zmij_x64_v1,unpredictable,,32,4.861303
u128,zmij_x64_v2,unpredictable,,32,4.296457
u128,zmij_x64_v3,unpredictable,,32,3.674538
u128,zmij_x64_v4,unpredictable,,32,3.708629
u128,fmt,unpredictable,,33,18.665190
u128,naive,unpredictable,,33,115.428785
u128,null,unpredictable,,33,0.785580
u128,zmij_scalar,unpredictable,,33,13.105700
u128,zmij_x64_native,unpredictable,,33,5.056062
u128,zmij_x64_v1,unpredictable,,33,6.637833
u128,zmij_x64_v2,unpredictable,,33,6.035635
u128,zmij_x64_v3,unpredictable,,33,5.072065
u128,zmij_x64_v4,unpredictable,,33,5.354663
u128,fmt,unpredictable,,34,19.413958
u128,naive,unpredictable,,34,122.322556
u128,null,unpredictable,,34,0.632702
u128,zmij_scalar,unpredictable,,34,12.675423
u128,zmij_x64_native,unpredictable,,34,5.110927
u128,zmij_x64_v1,unpredictable,,34,6.435844
u128,zmij_x64_v2,unpredictable,,34,5.538355
u128,zmij_x64_v3,unpredictable,,34,5.097616
u128,zmij_x64_v4,unpredictable,,34,5.102162
u128,fmt,unpredictable,,35,18.987190
u128,naive,unpredictable,,35,122.099260
u128,null,unpredictable,,35,0.463253
u128,zmij_scalar,unpredictable,,35,12.747219
u128,zmij_x64_native,unpredictable,,35,5.092004
u128,zmij_x64_v1,unpredictable,,35,6.450615
u128,zmij_x64_v2,unpredictable,,35,5.638359
u128,zmij_x64_v3,unpredictable,,35,5.065664
u128,zmij_x64_v4,unpredictable,,35,5.187530
u128,fmt,unpredictable,,36,19.699896
u128,naive,unpredictable,,36,130.444983
u128,null,unpredictable,,36,0.654867
u128,zmij_scalar,unpredictable,,36,12.979462
u128,zmij_x64_native,unpredictable,,36,5.056521
u128,zmij_x64_v1,unpredictable,,36,6.263672
u128,zmij_x64_v2,unpredictable,,36,5.740892
u128,zmij_x64_v3,unpredictable,,36,5.042252
u128,zmij_x64_v4,unpredictable,,36,5.268268
u128,fmt,unpredictable,,37,19.683176
u128,naive,unpredictable,,37,129.504932
u128,null,unpredictable,,37,0.480217
u128,zmij_scalar,unpredictable,,37,12.904026
u128,zmij_x64_native,unpredictable,,37,5.200410
u128,zmij_x64_v1,unpredictable,,37,6.301472
u128,zmij_x64_v2,unpredictable,,37,6.037611
u128,zmij_x64_v3,unpredictable,,37,5.070990
u128,zmij_x64_v4,unpredictable,,37,5.208068
u128,fmt,unpredictable,,38,20.742455
u128,naive,unpredictable,,38,133.815084
u128,null,unpredictable,,38,0.915348
u128,zmij_scalar,unpredictable,,38,12.986809
u128,zmij_x64_native,unpredictable,,38,5.407811
u128,zmij_x64_v1,unpredictable,,38,6.653952
u128,zmij_x64_v2,unpredictable,,38,6.055252
u128,zmij_x64_v3,unpredictable,,38,5.420471
u128,zmij_x64_v4,unpredictable,,38,5.443711
u128,fmt,unpredictable,,39,26.918091
u128,naive,unpredictable,,39,137.390066
u128,null,unpredictable,,39,0.909239
u128,zmij_scalar,unpredictable,,39,12.756140
u128,zmij_x64_native,unpredictable,,39,5.292411
u128,zmij_x64_v1,unpredictable,,39,6.443850
u128,zmij_x64_v2,unpredictable,,39,5.929897
u128,zmij_x64_v3,unpredictable,,39,5.304670
u128,zmij_x64_v4,unpredictable,,39,5.331368
u128,fmt,admixture,5x6,0,3.348440
u128,naive,admixture,5x6,0,18.533792
u128,null,admixture,5x6,0,0.816462
u128,zmij_scalar,admixture,5x6,0,5.514673
u128,zmij_x64_native,admixture,5x6,0,2.317746
u128,zmij_x64_v1,admixture,5x6,0,3.418802
u128,zmij_x64_v2,admixture,5x6,0,2.850139
u128,zmij_x64_v3,admixture,5x6,0,2.771550
u128,zmij_x64_v4,admixture,5x6,0,2.599560
u128,fmt,admixture,5x6,10,4.119420
u128,naive,admixture,5x6,10,18.850444
u128,null,admixture,5x6,10,0.980062
u128,zmij_scalar,admixture,5x6,10,5.485159
u128,zmij_x64_native,admixture,5x6,10,2.317718
u128,zmij_x64_v1,admixture,5x6,10,3.408426
u128,zmij_x64_v2,admixture,5x6,10,2.864281
u128,zmij_x64_v3,admixture,5x6,10,2.754638
u128,zmij_x64_v4,admixture,5x6,10,2.596636
u128,fmt,admixture,5x6,20,4.854110
u128,naive,admixture,5x6,20,19.247738
u128,null,admixture,5x6,20,0.923439
u128,zmij_scalar,admixture,5x6,20,5.499251
u128,zmij_x64_native,admixture,5x6,20,2.349144
u128,zmij_x64_v1,admixture,5x6,20,3.402166
u128,zmij_x64_v2,admixture,5x6,20,2.810562
u128,zmij_x64_v3,admixture,5x6,20,2.760849
u128,zmij_x64_v4,admixture,5x6,20,2.588706
u128,fmt,admixture,5x6,30,5.607040
u128,naive,admixture,5x6,30,19.405367
u128,null,admixture,5x6,30,0.893713
u128,zmij_scalar,admixture,5x6,30,5.434728
u128,zmij_x64_native,admixture,5x6,30,2.316227
u128,zmij_x64_v1,admixture,5x6,30,3.346280
u128,zmij_x64_v2,admixture,5x6,30,2.810486
u128,zmij_x64_v3,admixture,5x6,30,2.759788
u128,zmij_x64_v4,admixture,5x6,30,2.556611
u128,fmt,admixture,5x6,40,6.314384
u128,naive,admixture,5x6,40,19.877640
u128,null,admixture,5x6,40,0.853010
u128,zmij_scalar,admixture,5x6,40,5.536344
u128,zmij_x64_native,admixture,5x6,40,2.263474
u128,zmij_x64_v1,admixture,5x6,40,3.343634
u128,zmij_x64_v2,admixture,5x6,40,2.803462
u128,zmij_x64_v3,admixture,5x6,40,2.717297
u128,zmij_x64_v4,admixture,5x6,40,2.575521
u128,fmt,admixture,5x6,50,6.796471
u128,naive,admixture,5x6,50,19.628494
u128,null,admixture,5x6,50,0.923954
u128,zmij_scalar,admixture,5x6,50,5.462494
u128,zmij_x64_native,admixture,5x6,50,2.273974
u128,zmij_x64_v1,admixture,5x6,50,3.377113
u128,zmij_x64_v2,admixture,5x6,50,2.792065
u128,zmij_x64_v3,admixture,5x6,50,2.714354
u128,zmij_x64_v4,admixture,5x6,50,2.536105
u128,fmt,admixture,5x6,60,6.321581
u128,naive,admixture,5x6,60,18.507096
u128,null,admixture,5x6,60,0.938918
u128,zmij_scalar,admixture,5x6,60,5.502395
u128,zmij_x64_native,admixture,5x6,60,2.283769
u128,zmij_x64_v1,admixture,5x6,60,3.361329
u128,zmij_x64_v2,admixture,5x6,60,2.785490
u128,zmij_x64_v3,admixture,5x6,60,2.753654
u128,zmij_x64_v4,admixture,5x6,60,2.532963
u128,fmt,admixture,5x6,70,5.503580
u128,naive,admixture,5x6,70,17.550396
u128,null,admixture,5x6,70,0.791953
u128,zmij_scalar,admixture,5x6,70,5.518084
u128,zmij_x64_native,admixture,5x6,70,2.307828
u128,zmij_x64_v1,admixture,5x6,70,3.400878
u128,zmij_x64_v2,admixture,5x6,70,2.778095
u128,zmij_x64_v3,admixture,5x6,70,2.724825
u128,zmij_x64_v4,admixture,5x6,70,2.525472
u128,fmt,admixture,5x6,80,4.765154
u128,naive,admixture,5x6,80,16.272497
u128,null,admixture,5x6,80,0.952219
u128,zmij_scalar,admixture,5x6,80,5.445457
u128,zmij_x64_native,admixture,5x6,80,2.310093
u128,zmij_x64_v1,admixture,5x6,80,3.357899
u128,zmij_x64_v2,admixture,5x6,80,2.805938
u128,zmij_x64_v3,admixture,5x6,80,2.741241
u128,zmij_x64_v4,admixture,5x6,80,2.559707
u128,fmt,admixture,5x6,90,4.007952
u128,naive,admixture,5x6,90,15.418102
u128,null,admixture,5x6,90,0.734681
u128,zmij_scalar,admixture,5x6,90,5.454946
u128,zmij_x64_native,admixture,5x6,90,2.292999
u128,zmij_x64_v1,admixture,5x6,90,3.437510
u128,zmij_x64_v2,admixture,5x6,90,2.846347
u128,zmij_x64_v3,admixture,5x6,90,2.769123
u128,zmij_x64_v4,admixture,5x6,90,2.530766
u128,fmt,admixture,5x6,100,3.288815
u128,naive,admixture,5x6,100,14.747344
u128,null,admixture,5x6,100,0.988126
u128,zmij_scalar,admixture,5x6,100,5.507345
u128,zmij_x64_native,admixture,5x6,100,2.328515
u128,zmij_x64_v1,admixture,5x6,100,3.441696
u128,zmij_x64_v2,admixture,5x6,100,2.867233
u128,zmij_x64_v3,admixture,5x6,100,2.770489
u128,zmij_x64_v4,admixture,5x6,100,2.597248
u128,fmt,admixture,straddle64,0,15.126131
u128,naive,admixture,straddle64,0,76.815299
u128,null,admixture,straddle64,0,0.862373
u128,zmij_scalar,admixture,straddle64,0,8.880542
u128,zmij_x64_native,admixture,straddle64,0,3.812371
u128,zmij_x64_v1,admixture,straddle64,0,5.069441
u128,zmij_x64_v2,admixture,straddle64,0,4.217521
u128,zmij_x64_v3,admixture,straddle64,0,3.806581
u128,zmij_x64_v4,admixture,straddle64,0,3.862631
u128,fmt,admixture,straddle64,10,15.580300
u128,naive,admixture,straddle64,10,76.494629
u128,null,admixture,straddle64,10,0.773025
u128,zmij_scalar,admixture,straddle64,10,9.018961
u128,zmij_x64_native,admixture,straddle64,10,4.012374
u128,zmij_x64_v1,admixture,straddle64,10,5.310482
u128,zmij_x64_v2,admixture,straddle64,10,4.474298
u128,zmij_x64_v3,admixture,straddle64,10,4.088584
u128,zmij_x64_v4,admixture,straddle64,10,4.068663
u128,fmt,admixture,straddle64,20,15.763457
u128,naive,admixture,straddle64,20,76.178255
u128,null,admixture,straddle64,20,0.895270
u128,zmij_scalar,admixture,straddle64,20,9.027072
u128,zmij_x64_native,admixture,straddle64,20,4.221141
u128,zmij_x64_v1,admixture,straddle64,20,5.476670
u128,zmij_x64_v2,admixture,straddle64,20,4.712447
u128,zmij_x64_v3,admixture,straddle64,20,4.286582
u128,zmij_x64_v4,admixture,straddle64,20,4.330076
u128,fmt,admixture,straddle64,30,16.118417
u128,naive,admixture,straddle64,30,75.867481
u128,null,admixture,straddle64,30,0.864045
u128,zmij_scalar,admixture,straddle64,30,9.133887
u128,zmij_x64_native,admixture,straddle64,30,4.570899
u128,zmij_x64_v1,admixture,straddle64,30,5.546412
u128,zmij_x64_v2,admixture,straddle64,30,5.128823
u128,zmij_x64_v3,admixture,straddle64,30,4.555162
u128,zmij_x64_v4,admixture,straddle64,30,4.580598
u128,fmt,admixture,straddle64,40,16.506137
u128,naive,admixture,straddle64,40,75.499674
u128,null,admixture,straddle64,40,0.830774
u128,zmij_scalar,admixture,straddle64,40,9.167779
u128,zmij_x64_native,admixture,straddle64,40,4.854835
u128,zmij_x64_v1,admixture,straddle64,40,5.738029
u128,zmij_x64_v2,admixture,straddle64,40,5.405076
u128,zmij_x64_v3,admixture,straddle64,40,5.004312
u128,zmij_x64_v4,admixture,straddle64,40,4.897105
u128,fmt,admixture,straddle64,50,16.852266
u128,naive,admixture,straddle64,50,75.604913
u128,null,admixture,straddle64,50,0.780172
u128,zmij_scalar,admixture,straddle64,50,9.049459
u128,zmij_x64_native,admixture,straddle64,50,5.119526
u128,zmij_x64_v1,admixture,straddle64,50,5.903223
u128,zmij_x64_v2,admixture,straddle64,50,5.592812
u128,zmij_x64_v3,admixture,straddle64,50,5.233049
u128,zmij_x64_v4,admixture,straddle64,50,5.140814
u128,fmt,admixture,straddle64,60,16.455649
u128,naive,admixture,straddle64,60,74.856941
u128,null,admixture,straddle64,60,0.911934
u128,zmij_scalar,admixture,straddle64,60,8.198085
u128,zmij_x64_native,admixture,straddle64,60,4.620767
u128,zmij_x64_v1,admixture,straddle64,60,5.499450
u128,zmij_x64_v2,admixture,straddle64,60,4.998589
u128,zmij_x64_v3,admixture,straddle64,60,4.783574
u128,zmij_x64_v4,admixture,straddle64,60,4.664081
u128,fmt,admixture,straddle64,70,15.657934
u128,naive,admixture,straddle64,70,73.356385
u128,null,admixture,straddle64,70,0.835676
u128,zmij_scalar,admixture,straddle64,70,7.255441
u128,zmij_x64_native,admixture,straddle64,70,4.076946
u128,zmij_x64_v1,admixture,straddle64,70,4.735111
u128,zmij_x64_v2,admixture,straddle64,70,4.394010
u128,zmij_x64_v3,admixture,straddle64,70,4.247159
u128,zmij_x64_v4,admixture,straddle64,70,4.137314
u128,fmt,admixture,straddle64,80,14.848382
u128,naive,admixture,straddle64,80,72.006060
u128,null,admixture,straddle64,80,0.837807
u128,zmij_scalar,admixture,straddle64,80,6.485064
u128,zmij_x64_native,admixture,straddle64,80,3.473169
u128,zmij_x64_v1,admixture,straddle64,80,4.238760
u128,zmij_x64_v2,admixture,straddle64,80,3.848832
u128,zmij_x64_v3,admixture,straddle64,80,3.729595
u128,zmij_x64_v4,admixture,straddle64,80,3.551997
u128,fmt,admixture,straddle64,90,13.822716
u128,naive,admixture,straddle64,90,70.932962
u128,null,admixture,straddle64,90,0.797070
u128,zmij_scalar,admixture,straddle64,90,5.849726
u128,zmij_x64_native,admixture,straddle64,90,2.920272
u128,zmij_x64_v1,admixture,straddle64,90,3.833725
u128,zmij_x64_v2,admixture,straddle64,90,3.332759
u128,zmij_x64_v3,admixture,straddle64,90,3.255822
u128,zmij_x64_v4,admixture,straddle64,90,3.075014
u128,fmt,admixture,straddle64,100,12.996050
u128,naive,admixture,straddle64,100,70.607740
u128,null,admixture,straddle64,100,0.771296
u128,zmij_scalar,admixture,straddle64,100,5.292690
u128,zmij_x64_native,admixture,straddle64,100,2.297260
u128,zmij_x64_v1,admixture,straddle64,100,3.376684
u128,zmij_x64_v2,admixture,straddle64,100,2.768855
u128,zmij_x64_v3,admixture,straddle64,100,2.719016
u128,zmij_x64_v4,admixture,straddle64,100,2.533745
u128,fmt,admixture,straddle1e32,0,19.529565
u128,naive,admixture,straddle1e32,0,118.984827
u128,null,admixture,straddle1e32,0,0.756179
u128,zmij_scalar,admixture,straddle1e32,0,11.592131
u128,zmij_x64_native,admixture,straddle1e32,0,4.427001
u128,zmij_x64_v1,admixture,straddle1e32,0,5.708101
u128,zmij_x64_v2,admixture,straddle1e32,0,4.754918
u128,zmij_x64_v3,admixture,straddle1e32,0,4.563198
u128,zmij_x64_v4,admixture,straddle1e32,0,4.473477
u128,fmt,admixture,straddle1e32,10,20.241343
u128,naive,admixture,straddle1e32,10,118.809542
u128,null,admixture,straddle1e32,10,0.841830
u128,zmij_scalar,admixture,straddle1e32,10,11.703550
u128,zmij_x64_native,admixture,straddle1e32,10,4.881875
u128,zmij_x64_v1,admixture,straddle1e32,10,6.004908
u128,zmij_x64_v2,admixture,straddle1e32,10,5.240300
u128,zmij_x64_v3,admixture,straddle1e32,10,4.992541
u128,zmij_x64_v4,admixture,straddle1e32,10,4.941193
u128,fmt,admixture,straddle1e32,20,20.709153
u128,naive,admixture,straddle1e32,20,118.409095
u128,null,admixture,straddle1e32,20,0.874775
u128,zmij_scalar,admixture,straddle1e32,20,11.674952
u128,zmij_x64_native,admixture,straddle1e32,20,5.344220
u128,zmij_x64_v1,admixture,straddle1e32,20,6.394330
u128,zmij_x64_v2,admixture,straddle1e32,20,5.758649
u128,zmij_x64_v3,admixture,straddle1e32,20,5.423976
u128,zmij_x64_v4,admixture,straddle1e32,20,5.371768
u128,fmt,admixture,straddle1e32,30,21.224185
u128,naive,admixture,straddle1e32,30,118.478608
u128,null,admixture,straddle1e32,30,0.808664
u128,zmij_scalar,admixture,straddle1e32,30,11.862210
u128,zmij_x64_native,admixture,straddle1e32,30,5.842111
u128,zmij_x64_v1,admixture,straddle1e32,30,6.823090
u128,zmij_x64_v2,admixture,straddle1e32,30,6.392982
u128,zmij_x64_v3,admixture,straddle1e32,30,6.008653
u128,zmij_x64_v4,admixture,straddle1e32,30,5.951600
u128,fmt,admixture,straddle1e32,40,22.081036
u128,naive,admixture,straddle1e32,40,118.633810
u128,null,admixture,straddle1e32,40,1.140727
u128,zmij_scalar,admixture,straddle1e32,40,12.042159
u128,zmij_x64_native,admixture,straddle1e32,40,6.462896
u128,zmij_x64_v1,admixture,straddle1e32,40,7.322279
u128,zmij_x64_v2,admixture,straddle1e32,40,6.886151
u128,zmij_x64_v3,admixture,straddle1e32,40,6.533880
u128,zmij_x64_v4,admixture,straddle1e32,40,6.535208
u128,fmt,admixture,straddle1e32,50,21.779645
u128,naive,admixture,straddle1e32,50,118.361401
u128,null,admixture,straddle1e32,50,0.876648
u128,zmij_scalar,admixture,straddle1e32,50,11.732130
u128,zmij_x64_native,admixture,straddle1e32,50,6.564522
u128,zmij_x64_v1,admixture,straddle1e32,50,7.379169
u128,zmij_x64_v2,admixture,straddle1e32,50,6.966882
u128,zmij_x64_v3,admixture,straddle1e32,50,6.759577
u128,zmij_x64_v4,admixture,straddle1e32,50,6.644660
u128,fmt,admixture,straddle1e32,60,21.235086
u128,naive,admixture,straddle1e32,60,117.691446
u128,null,admixture,straddle1e32,60,0.848212
u128,zmij_scalar,admixture,straddle1e32,60,11.231230
u128,zmij_x64_native,admixture,straddle1e32,60,6.128242
u128,zmij_x64_v1,admixture,straddle1e32,60,6.927391
u128,zmij_x64_v2,admixture,straddle1e32,60,6.518755
u128,zmij_x64_v3,admixture,straddle1e32,60,6.225924
u128,zmij_x64_v4,admixture,straddle1e32,60,6.176448
u128,fmt,admixture,straddle1e32,70,20.395398
u128,naive,admixture,straddle1e32,70,115.195334
u128,null,admixture,straddle1e32,70,0.815744
u128,zmij_scalar,admixture,straddle1e32,70,10.609495
u128,zmij_x64_native,admixture,straddle1e32,70,5.491918
u128,zmij_x64_v1,admixture,straddle1e32,70,6.351778
u128,zmij_x64_v2,admixture,straddle1e32,70,5.880825
u128,zmij_x64_v3,admixture,straddle1e32,70,5.533789
u128,zmij_x64_v4,admixture,straddle1e32,70,5.545197
u128,fmt,admixture,straddle1e32,80,19.682877
u128,naive,admixture,straddle1e32,80,113.463424
u128,null,admixture,straddle1e32,80,0.979422
u128,zmij_scalar,admixture,straddle1e32,80,9.960254
u128,zmij_x64_native,admixture,straddle1e32,80,4.935010
u128,zmij_x64_v1,admixture,straddle1e32,80,5.889300
u128,zmij_x64_v2,admixture,straddle1e32,80,5.242620
u128,zmij_x64_v3,admixture,straddle1e32,80,4.976028
u128,zmij_x64_v4,admixture,straddle1e32,80,4.987629
u128,fmt,admixture,straddle1e32,90,18.937246
u128,naive,admixture,straddle1e32,90,112.036582
u128,null,admixture,straddle1e32,90,0.934980
u128,zmij_scalar,admixture,straddle1e32,90,9.392996
u128,zmij_x64_native,admixture,straddle1e32,90,4.380735
u128,zmij_x64_v1,admixture,straddle1e32,90,5.477376
u128,zmij_x64_v2,admixture,straddle1e32,90,4.726710
u128,zmij_x64_v3,admixture,straddle1e32,90,4.394113
u128,zmij_x64_v4,admixture,straddle1e32,90,4.422949
u128,fmt,admixture,straddle1e32,100,18.475600
u128,naive,admixture,straddle1e32,100,111.555922
u128,null,admixture,straddle1e32,100,1.088346
u128,zmij_scalar,admixture,straddle1e32,100,8.870025
u128,zmij_x64_native,admixture,straddle1e32,100,3.782424
u128,zmij_x64_v1,admixture,straddle1e32,100,5.062682
u128,zmij_x64_v2,admixture,straddle1e32,100,4.185232
u128,zmij_x64_v3,admixture,straddle1e32,100,3.813535
u128,zmij_x64_v4,admixture,straddle1e32,100,3.875097
i128,fmt,bylength,,1,6.081765
i128,naive,bylength,,1,5.621455
i128,null,bylength,,1,0.970134
i128,zmij_scalar,bylength,,1,5.294036
i128,zmij_x64_native,bylength,,1,2.680299
i128,zmij_x64_v1,bylength,,1,3.871887
i128,zmij_x64_v2,bylength,,1,3.303988
i128,zmij_x64_v3,bylength,,1,3.237332
i128,zmij_x64_v4,bylength,,1,2.919612
i128,fmt,bylength,,2,6.224669
i128,naive,bylength,,2,7.389638
i128,null,bylength,,2,0.757173
i128,zmij_scalar,bylength,,2,5.308063
i128,zmij_x64_native,bylength,,2,2.672444
i128,zmij_x64_v1,bylength,,2,3.876741
i128,zmij_x64_v2,bylength,,2,3.318377
i128,zmij_x64_v3,bylength,,2,3.226909
i128,zmij_x64_v4,bylength,,2,2.921895
i128,fmt,bylength,,3,6.244228
i128,naive,bylength,,3,10.115179
i128,null,bylength,,3,0.852751
i128,zmij_scalar,bylength,,3,5.283258
i128,zmij_x64_native,bylength,,3,2.672071
i128,zmij_x64_v1,bylength,,3,3.876969
i128,zmij_x64_v2,bylength,,3,3.298522
i128,zmij_x64_v3,bylength,,3,3.235202
i128,zmij_x64_v4,bylength,,3,2.899431
i128,fmt,bylength,,4,6.397679
i128,naive,bylength,,4,13.386556
i128,null,bylength,,4,0.866596
i128,zmij_scalar,bylength,,4,5.368631
i128,zmij_x64_native,bylength,,4,2.719053
i128,zmij_x64_v1,bylength,,4,3.929456
i128,zmij_x64_v2,bylength,,4,3.372631
i128,zmij_x64_v3,bylength,,4,3.267011
i128,zmij_x64_v4,bylength,,4,2.984881
i128,fmt,bylength,,5,6.581318
i128,naive,bylength,,5,16.987779
i128,null,bylength,,5,0.811388
i128,zmij_scalar,bylength,,5,5.363377
i128,zmij_x64_native,bylength,,5,2.672539
i128,zmij_x64_v1,bylength,,5,3.821551
i128,zmij_x64_v2,bylength,,5,3.285719
i128,zmij_x64_v3,bylength,,5,3.199876
i128,zmij_x64_v4,bylength,,5,2.915073
i128,fmt,bylength,,6,6.600017
i128,naive,bylength,,6,20.642968
i128,null,bylength,,6,0.848011
i128,zmij_scalar,bylength,,6,5.329486
i128,zmij_x64_native,bylength,,6,2.671775
i128,zmij_x64_v1,bylength,,6,3.921802
i128,zmij_x64_v2,bylength,,6,3.264622
i128,zmij_x64_v3,bylength,,6,3.212690
i128,zmij_x64_v4,bylength,,6,2.916525
i128,fmt,bylength,,7,7.244785
i128,naive,bylength,,7,24.779556
i128,null,bylength,,7,0.907921
i128,zmij_scalar,bylength,,7,5.293367
i128,zmij_x64_native,bylength,,7,2.710845
i128,zmij_x64_v1,bylength,,7,3.849309
i128,zmij_x64_v2,bylength,,7,3.335059
i128,zmij_x64_v3,bylength,,7,3.202342
i128,zmij_x64_v4,bylength,,7,2.940938
i128,fmt,bylength,,8,7.055676
i128,naive,bylength,,8,26.844311
i128,null,bylength,,8,0.789010
i128,zmij_scalar,bylength,,8,5.259383
i128,zmij_x64_native,bylength,,8,2.664686
i128,zmij_x64_v1,bylength,,8,3.836775
i128,zmij_x64_v2,bylength,,8,3.310239
i128,zmij_x64_v3,bylength,,8,3.220757
i128,zmij_x64_v4,bylength,,8,2.921410
i128,fmt,bylength,,9,7.644119
i128,naive,bylength,,9,30.716181
i128,null,bylength,,9,0.801976
i128,zmij_scalar,bylength,,9,5.275799
i128,zmij_x64_native,bylength,,9,2.685105
i128,zmij_x64_v1,bylength,,9,3.868343
i128,zmij_x64_v2,bylength,,9,3.297148
i128,zmij_x64_v3,bylength,,9,3.210132
i128,zmij_x64_v4,bylength,,9,2.919508
i128,fmt,bylength,,10,7.797784
i128,naive,bylength,,10,34.896503
i128,null,bylength,,10,0.770226
i128,zmij_scalar,bylength,,10,5.262345
i128,zmij_x64_native,bylength,,10,2.683473
i128,zmij_x64_v1,bylength,,10,3.862668
i128,zmij_x64_v2,bylength,,10,3.337011
i128,zmij_x64_v3,bylength,,10,3.205488
i128,zmij_x64_v4,bylength,,10,2.937184
i128,fmt,bylength,,11,8.240588
i128,naive,bylength,,11,39.156610
i128,null,bylength,,11,0.952754
i128,zmij_scalar,bylength,,11,5.334504
i128,zmij_x64_native,bylength,,11,2.654740
i128,zmij_x64_v1,bylength,,11,3.886173
i128,zmij_x64_v2,bylength,,11,3.262263
i128,zmij_x64_v3,bylength,,11,3.231459
i128,zmij_x64_v4,bylength,,11,2.913116
i128,fmt,bylength,,12,8.370623
i128,naive,bylength,,12,42.664551
i128,null,bylength,,12,0.852264
i128,zmij_scalar,bylength,,12,5.256345
i128,zmij_x64_native,bylength,,12,2.677758
i128,zmij_x64_v1,bylength,,12,3.872854
i128,zmij_x64_v2,bylength,,12,3.304879
i128,zmij_x64_v3,bylength,,12,3.232405
i128,zmij_x64_v4,bylength,,12,2.911731
i128,fmt,bylength,,13,8.783397
i128,naive,bylength,,13,46.242162
i128,null,bylength,,13,0.811723
i128,zmij_scalar,bylength,,13,5.259728
i128,zmij_x64_native,bylength,,13,2.673631
i128,zmij_x64_v1,bylength,,13,3.881817
i128,zmij_x64_v2,bylength,,13,3.345763
i128,zmij_x64_v3,bylength,,13,3.207600
i128,zmij_x64_v4,bylength,,13,2.950457
i128,fmt,bylength,,14,8.842340
i128,naive,bylength,,14,50.117395
i128,null,bylength,,14,0.767616
i128,zmij_scalar,bylength,,14,5.307980
i128,zmij_x64_native,bylength,,14,2.642930
i128,zmij_x64_v1,bylength,,14,3.875654
i128,zmij_x64_v2,bylength,,14,3.295955
i128,zmij_x64_v3,bylength,,14,3.201399
i128,zmij_x64_v4,bylength,,14,2.905940
i128,fmt,bylength,,15,9.417913
i128,naive,bylength,,15,53.325426
i128,null,bylength,,15,0.814301
i128,zmij_scalar,bylength,,15,5.272311
i128,zmij_x64_native,bylength,,15,2.660436
i128,zmij_x64_v1,bylength,,15,3.880766
i128,zmij_x64_v2,bylength,,15,3.289047
i128,zmij_x64_v3,bylength,,15,3.216372
i128,zmij_x64_v4,bylength,,15,2.921066
i128,fmt,bylength,,16,9.629957
i128,naive,bylength,,16,55.466711
i128,null,bylength,,16,0.799053
i128,zmij_scalar,bylength,,16,5.282928
i128,zmij_x64_native,bylength,,16,2.668386
i128,zmij_x64_v1,bylength,,16,3.908829
i128,zmij_x64_v2,bylength,,16,3.310029
i128,zmij_x64_v3,bylength,,16,3.205096
i128,zmij_x64_v4,bylength,,16,2.914368
i128,fmt,bylength,,17,10.016912
i128,naive,bylength,,17,59.759593
i128,null,bylength,,17,0.858170
i128,zmij_scalar,bylength,,17,5.332689
i128,zmij_x64_native,bylength,,17,2.721692
i128,zmij_x64_v1,bylength,,17,3.904921
i128,zmij_x64_v2,bylength,,17,3.335340
i128,zmij_x64_v3,bylength,,17,3.249738
i128,zmij_x64_v4,bylength,,17,2.963681
i128,fmt,bylength,,18,10.173558
i128,naive,bylength,,18,63.461757
i128,null,bylength,,18,0.738130
i128,zmij_scalar,bylength,,18,5.283615
i128,zmij_x64_native,bylength,,18,2.678169
i128,zmij_x64_v1,bylength,,18,3.867379
i128,zmij_x64_v2,bylength,,18,3.312924
i128,zmij_x64_v3,bylength,,18,3.237898
i128,zmij_x64_v4,bylength,,18,2.899614
i128,fmt,bylength,,19,10.688159
i128,naive,bylength,,19,67.475912
i128,null,bylength,,19,1.002430
i128,zmij_scalar,bylength,,19,5.825009
i128,zmij_x64_native,bylength,,19,3.267128
i128,zmij_x64_v1,bylength,,19,4.342061
i128,zmij_x64_v2,bylength,,19,3.874364
i128,zmij_x64_v3,bylength,,19,3.696107
i128,zmij_x64_v4,bylength,,19,3.503985
i128,fmt,bylength,,20,16.082115
i128,naive,bylength,,20,70.962555
i128,null,bylength,,20,0.871785
i128,zmij_scalar,bylength,,20,9.429599
i128,zmij_x64_native,bylength,,20,4.397326
i128,zmij_x64_v1,bylength,,20,5.460488
i128,zmij_x64_v2,bylength,,20,5.203630
i128,zmij_x64_v3,bylength,,20,4.423421
i128,zmij_x64_v4,bylength,,20,4.394403
i128,fmt,bylength,,21,16.206635
i128,naive,bylength,,21,74.484370
i128,null,bylength,,21,0.854939
i128,zmij_scalar,bylength,,21,9.445603
i128,zmij_x64_native,bylength,,21,4.399754
i128,zmij_x64_v1,bylength,,21,5.474648
i128,zmij_x64_v2,bylength,,21,5.229650
i128,zmij_x64_v3,bylength,,21,4.411190
i128,zmij_x64_v4,bylength,,21,4.414458
i128,fmt,bylength,,22,17.257108
i128,naive,bylength,,22,78.786100
i128,null,bylength,,22,0.766738
i128,zmij_scalar,bylength,,22,9.423847
i128,zmij_x64_native,bylength,,22,4.473872
i128,zmij_x64_v1,bylength,,22,5.529914
i128,zmij_x64_v2,bylength,,22,5.386828
i128,zmij_x64_v3,bylength,,22,4.426401
i128,zmij_x64_v4,bylength,,22,4.396189
i128,fmt,bylength,,23,17.391758
i128,naive,bylength,,23,82.026102
i128,null,bylength,,23,1.081353
i128,zmij_scalar,bylength,,23,9.476208
i128,zmij_x64_native,bylength,,23,4.400298
i128,zmij_x64_v1,bylength,,23,5.470196
i128,zmij_x64_v2,bylength,,23,5.217696
i128,zmij_x64_v3,bylength,,23,4.426660
i128,zmij_x64_v4,bylength,,23,4.415318
i128,fmt,bylength,,24,18.233323
i128,naive,bylength,,24,84.343142
i128,null,bylength,,24,0.853822
i128,zmij_scalar,bylength,,24,9.527972
i128,zmij_x64_native,bylength,,24,4.415876
i128,zmij_x64_v1,bylength,,24,5.460842
i128,zmij_x64_v2,bylength,,24,5.185040
i128,zmij_x64_v3,bylength,,24,4.437289
i128,zmij_x64_v4,bylength,,24,4.420052
i128,fmt,bylength,,25,18.569361
i128,naive,bylength,,25,88.862477
i128,null,bylength,,25,0.749338
i128,zmij_scalar,bylength,,25,9.488654
i128,zmij_x64_native,bylength,,25,4.405911
i128,zmij_x64_v1,bylength,,25,5.490025
i128,zmij_x64_v2,bylength,,25,5.197068
i128,zmij_x64_v3,bylength,,25,4.431746
i128,zmij_x64_v4,bylength,,25,4.402107
i128,fmt,bylength,,26,19.056597
i128,naive,bylength,,26,91.764784
i128,null,bylength,,26,0.916845
i128,zmij_scalar,bylength,,26,9.425134
i128,zmij_x64_native,bylength,,26,4.394100
i128,zmij_x64_v1,bylength,,26,5.465793
i128,zmij_x64_v2,bylength,,26,5.212903
i128,zmij_x64_v3,bylength,,26,4.415961
i128,zmij_x64_v4,bylength,,26,4.407000
i128,fmt,bylength,,27,19.210718
i128,naive,bylength,,27,95.548009
i128,null,bylength,,27,0.801058
i128,zmij_scalar,bylength,,27,9.452471
i128,zmij_x64_native,bylength,,27,4.413546
i128,zmij_x64_v1,bylength,,27,5.465219
i128,zmij_x64_v2,bylength,,27,5.190438
i128,zmij_x64_v3,bylength,,27,4.420118
i128,zmij_x64_v4,bylength,,27,4.416986
i128,fmt,bylength,,28,19.664893
i128,naive,bylength,,28,99.444976
i128,null,bylength,,28,0.800638
i128,zmij_scalar,bylength,,28,9.440718
i128,zmij_x64_native,bylength,,28,4.427007
i128,zmij_x64_v1,bylength,,28,5.481483
i128,zmij_x64_v2,bylength,,28,5.215444
i128,zmij_x64_v3,bylength,,28,4.434805
i128,zmij_x64_v4,bylength,,28,4.417567
i128,fmt,bylength,,29,19.859738
i128,naive,bylength,,29,103.822099
i128,null,bylength,,29,0.808178
i128,zmij_scalar,bylength,,29,9.437127
i128,zmij_x64_native,bylength,,29,4.422025
i128,zmij_x64_v1,bylength,,29,5.474179
i128,zmij_x64_v2,bylength,,29,5.237608
i128,zmij_x64_v3,bylength,,29,4.427931
i128,zmij_x64_v4,bylength,,29,4.411897
i128,fmt,bylength,,30,20.532431
i128,naive,bylength,,30,107.282340
i128,null,bylength,,30,0.761187
i128,zmij_scalar,bylength,,30,9.460193
i128,zmij_x64_native,bylength,,30,4.411353
i128,zmij_x64_v1,bylength,,30,5.627393
i128,zmij_x64_v2,bylength,,30,5.230652
i128,zmij_x64_v3,bylength,,30,4.423602
i128,zmij_x64_v4,bylength,,30,4.466379
i128,fmt,bylength,,31,20.670777
i128,naive,bylength,,31,111.742892
i128,null,bylength,,31,0.829600
i128,zmij_scalar,bylength,,31,9.566788
i128,zmij_x64_native,bylength,,31,4.387694
i128,zmij_x64_v1,bylength,,31,5.477591
i128,zmij_x64_v2,bylength,,31,5.205972
i128,zmij_x64_v3,bylength,,31,4.459921
i128,zmij_x64_v4,bylength,,31,4.442635
i128,fmt,bylength,,32,21.012959
i128,naive,bylength,,32,114.720076
i128,null,bylength,,32,0.736821
i128,zmij_scalar,bylength,,32,9.468056
i128,zmij_x64_native,bylength,,32,4.401845
i128,zmij_x64_v1,bylength,,32,5.520415
i128,zmij_x64_v2,bylength,,32,5.325294
i128,zmij_x64_v3,bylength,,32,4.436796
i128,zmij_x64_v4,bylength,,32,4.478362
i128,fmt,bylength,,33,21.414132
i128,naive,bylength,,33,116.987180
i128,null,bylength,,33,0.810452
i128,zmij_scalar,bylength,,33,11.452725
i128,zmij_x64_native,bylength,,33,5.011375
i128,zmij_x64_v1,bylength,,33,5.975356
i128,zmij_x64_v2,bylength,,33,5.900416
i128,zmij_x64_v3,bylength,,33,5.219616
i128,zmij_x64_v4,bylength,,33,5.084317
i128,fmt,bylength,,34,21.982451
i128,naive,bylength,,34,120.658865
i128,null,bylength,,34,0.875100
i128,zmij_scalar,bylength,,34,11.406614
i128,zmij_x64_native,bylength,,34,5.002297
i128,zmij_x64_v1,bylength,,34,5.964176
i128,zmij_x64_v2,bylength,,34,5.897406
i128,zmij_x64_v3,bylength,,34,5.156562
i128,zmij_x64_v4,bylength,,34,5.065589
i128,fmt,bylength,,35,21.966276
i128,naive,bylength,,35,124.436399
i128,null,bylength,,35,1.026174
i128,zmij_scalar,bylength,,35,11.483617
i128,zmij_x64_native,bylength,,35,5.008365
i128,zmij_x64_v1,bylength,,35,5.948067
i128,zmij_x64_v2,bylength,,35,5.916440
i128,zmij_x64_v3,bylength,,35,5.082512
i128,zmij_x64_v4,bylength,,35,5.116517
i128,fmt,bylength,,36,22.632973
i128,naive,bylength,,36,128.282767
i128,null,bylength,,36,0.817789
i128,zmij_scalar,bylength,,36,11.389319
i128,zmij_x64_native,bylength,,36,4.994817
i128,zmij_x64_v1,bylength,,36,5.979703
i128,zmij_x64_v2,bylength,,36,5.898754
i128,zmij_x64_v3,bylength,,36,5.172223
i128,zmij_x64_v4,bylength,,36,5.092668
i128,fmt,bylength,,37,22.681352
i128,naive,bylength,,37,132.710806
i128,null,bylength,,37,1.055354
i128,zmij_scalar,bylength,,37,11.462978
i128,zmij_x64_native,bylength,,37,5.013581
i128,zmij_x64_v1,bylength,,37,5.959571
i128,zmij_x64_v2,bylength,,37,5.899967
i128,zmij_x64_v3,bylength,,37,5.164808
i128,zmij_x64_v4,bylength,,37,5.077075
i128,fmt,bylength,,38,23.238750
i128,naive,bylength,,38,135.921388
i128,null,bylength,,38,0.786201
i128,zmij_scalar,bylength,,38,11.501265
i128,zmij_x64_native,bylength,,38,5.018121
i128,zmij_x64_v1,bylength,,38,5.968438
i128,zmij_x64_v2,bylength,,38,5.914270
i128,zmij_x64_v3,bylength,,38,5.075088
i128,zmij_x64_v4,bylength,,38,5.081977
i128,fmt,bylength,,39,23.456210
i128,naive,bylength,,39,140.810078
i128,null,bylength,,39,0.746548
i128,zmij_scalar,bylength,,39,11.385621
i128,zmij_x64_native,bylength,,39,4.990474
i128,zmij_x64_v1,bylength,,39,5.932817
i128,zmij_x64_v2,bylength,,39,5.913473
i128,zmij_x64_v3,bylength,,39,5.092715
i128,zmij_x64_v4,bylength,,39,5.075868
i128,fmt,loguniform,1-39,39,23.962711
i128,naive,loguniform,1-39,39,78.772006
i128,null,loguniform,1-39,39,0.832898
i128,zmij_scalar,loguniform,1-39,39,9.970064
i128,zmij_x64_native,loguniform,1-39,39,6.804547
i128,zmij_x64_v1,loguniform,1-39,39,7.290555
i128,zmij_x64_v2,loguniform,1-39,39,7.493715
i128,zmij_x64_v3,loguniform,1-39,39,6.926680
i128,zmij_x64_v4,loguniform,1-39,39,6.910136
i128,fmt,loguniform,1-4,4,11.116411
i128,naive,loguniform,1-4,4,13.239206
i128,null,loguniform,1-4,4,0.953422
i128,zmij_scalar,loguniform,1-4,4,5.310613
i128,zmij_x64_native,loguniform,1-4,4,2.689690
i128,zmij_x64_v1,loguniform,1-4,4,3.894092
i128,zmij_x64_v2,loguniform,1-4,4,3.320346
i128,zmij_x64_v3,loguniform,1-4,4,3.238049
i128,zmij_x64_v4,loguniform,1-4,4,2.926577
i128,fmt,uniform,0-255,0,5.779322
i128,naive,uniform,0-255,0,8.761060
i128,null,uniform,0-255,0,1.045236
i128,zmij_scalar,uniform,0-255,0,5.289381
i128,zmij_x64_native,uniform,0-255,0,2.676945
i128,zmij_x64_v1,uniform,0-255,0,3.871819
i128,zmij_x64_v2,uniform,0-255,0,3.316542
i128,zmij_x64_v3,uniform,0-255,0,3.224624
i128,zmij_x64_v4,uniform,0-255,0,2.907686
i128,fmt,unpredictable,,1,8.361020
i128,naive,unpredictable,,1,9.153549
i128,null,unpredictable,,1,1.276065
i128,zmij_scalar,unpredictable,,1,5.254660
i128,zmij_x64_native,unpredictable,,1,2.779650
i128,zmij_x64_v1,unpredictable,,1,3.849891
i128,zmij_x64_v2,unpredictable,,1,3.223334
i128,zmij_x64_v3,unpredictable,,1,3.217362
i128,zmij_x64_v4,unpredictable,,1,2.990577
i128,fmt,unpredictable,,2,8.569568
i128,naive,unpredictable,,2,10.547388
i128,null,unpredictable,,2,1.585320
i128,zmij_scalar,unpredictable,,2,5.171474
i128,zmij_x64_native,unpredictable,,2,2.759911
i128,zmij_x64_v1,unpredictable,,2,3.832976
i128,zmij_x64_v2,unpredictable,,2,3.233636
i128,zmij_x64_v3,unpredictable,,2,3.202092
i128,zmij_x64_v4,unpredictable,,2,2.943278
i128,fmt,unpredictable,,3,7.787648
i128,naive,unpredictable,,3,13.397190
i128,null,unpredictable,,3,0.703034
i128,zmij_scalar,unpredictable,,3,5.254049
i128,zmij_x64_native,unpredictable,,3,2.728092
i128,zmij_x64_v1,unpredictable,,3,3.807811
i128,zmij_x64_v2,unpredictable,,3,3.185956
i128,zmij_x64_v3,unpredictable,,3,3.132285
i128,zmij_x64_v4,unpredictable,,3,2.928334
i128,fmt,unpredictable,,4,7.918574
i128,naive,unpredictable,,4,17.456207
i128,null,unpredictable,,4,0.888383
i128,zmij_scalar,unpredictable,,4,5.242308
i128,zmij_x64_native,unpredictable,,4,2.723417
i128,zmij_x64_v1,unpredictable,,4,3.556064
i128,zmij_x64_v2,unpredictable,,4,3.339456
i128,zmij_x64_v3,unpredictable,,4,3.163596
i128,zmij_x64_v4,unpredictable,,4,2.983514
i128,fmt,unpredictable,,5,7.719316
i128,naive,unpredictable,,5,20.195768
i128,null,unpredictable,,5,1.156972
i128,zmij_scalar,unpredictable,,5,5.293388
i128,zmij_x64_native,unpredictable,,5,2.688946
i128,zmij_x64_v1,unpredictable,,5,3.779498
i128,zmij_x64_v2,unpredictable,,5,3.221738
i128,zmij_x64_v3,unpredictable,,5,3.124669
i128,zmij_x64_v4,unpredictable,,5,2.980628
i128,fmt,unpredictable,,6,8.109328
i128,naive,unpredictable,,6,25.075794
i128,null,unpredictable,,6,1.005031
i128,zmij_scalar,unpredictable,,6,5.536314
i128,zmij_x64_native,unpredictable,,6,2.624851
i128,zmij_x64_v1,unpredictable,,6,3.561952
i128,zmij_x64_v2,unpredictable,,6,3.171630
i128,zmij_x64_v3,unpredictable,,6,3.380687
i128,zmij_x64_v4,unpredictable,,6,3.205380
i128,fmt,unpredictable,,7,8.193416
i128,naive,unpredictable,,7,28.779181
i128,null,unpredictable,,7,0.934802
i128,zmij_scalar,unpredictable,,7,5.344927
i128,zmij_x64_native,unpredictable,,7,2.624199
i128,zmij_x64_v1,unpredictable,,7,3.570855
i128,zmij_x64_v2,unpredictable,,7,3.327571
i128,zmij_x64_v3,unpredictable,,7,3.119870
i128,zmij_x64_v4,unpredictable,,7,2.838870
i128,fmt,unpredictable,,8,8.192969
i128,naive,unpredictable,,8,30.270420
i128,null,unpredictable,,8,1.040339
i128,zmij_scalar,unpredictable,,8,5.493851
i128,zmij_x64_native,unpredictable,,8,2.672750
i128,zmij_x64_v1,unpredictable,,8,3.747592
i128,zmij_x64_v2,unpredictable,,8,3.241164
i128,zmij_x64_v3,unpredictable,,8,3.035993
i128,zmij_x64_v4,unpredictable,,8,3.037950
i128,fmt,unpredictable,,9,8.711667
i128,naive,unpredictable,,9,33.321676
i128,null,unpredictable,,9,0.893176
i128,zmij_scalar,unpredictable,,9,5.364416
i128,zmij_x64_native,unpredictable,,9,2.746611
i128,zmij_x64_v1,unpredictable,,9,3.806127
i128,zmij_x64_v2,unpredictable,,9,3.254254
i128,zmij_x64_v3,unpredictable,,9,3.148473
i128,zmij_x64_v4,unpredictable,,9,2.958491
i128,fmt,unpredictable,,10,8.840009
i128,naive,unpredictable,,10,37.644941
i128,null,unpredictable,,10,0.708249
i128,zmij_scalar,unpredictable,,10,5.513416
i128,zmij_x64_native,unpredictable,,10,2.656698
i128,zmij_x64_v1,unpredictable,,10,3.936229
i128,zmij_x64_v2,unpredictable,,10,3.392341
i128,zmij_x64_v3,unpredictable,,10,3.129651
i128,zmij_x64_v4,unpredictable,,10,2.998601
i128,fmt,unpredictable,,11,9.446040
i128,naive,unpredictable,,11,41.371519
i128,null,unpredictable,,11,1.371993
i128,zmij_scalar,unpredictable,,11,5.435278
i128,zmij_x64_native,unpredictable,,11,2.900675
i128,zmij_x64_v1,unpredictable,,11,3.944407
i128,zmij_x64_v2,unpredictable,,11,3.308391
i128,zmij_x64_v3,unpredictable,,11,3.264358
i128,zmij_x64_v4,unpredictable,,11,3.037990
i128,fmt,unpredictable,,12,9.003745
i128,naive,unpredictable,,12,44.572655
i128,null,unpredictable,,12,1.035703
i128,zmij_scalar,unpredictable,,12,5.231298
i128,zmij_x64_native,unpredictable,,12,2.774841
i128,zmij_x64_v1,unpredictable,,12,3.805564
i128,zmij_x64_v2,unpredictable,,12,3.227029
i128,zmij_x64_v3,unpredictable,,12,3.198087
i128,zmij_x64_v4,unpredictable,,12,3.013419
i128,fmt,unpredictable,,13,9.446546
i128,naive,unpredictable,,13,47.746792
i128,null,unpredictable,,13,0.936196
i128,zmij_scalar,unpredictable,,13,5.230381
i128,zmij_x64_native,unpredictable,,13,2.709429
i128,zmij_x64_v1,unpredictable,,13,3.800672
i128,zmij_x64_v2,unpredictable,,13,3.183764
i128,zmij_x64_v3,unpredictable,,13,3.162141
i128,zmij_x64_v4,unpredictable,,13,2.956203
i128,fmt,unpredictable,,14,9.427167
i128,naive,unpredictable,,14,51.601376
i128,null,unpredictable,,14,0.888421
i128,zmij_scalar,unpredictable,,14,5.214005
i128,zmij_x64_native,unpredictable,,14,2.756554
i128,zmij_x64_v1,unpredictable,,14,3.843879
i128,zmij_x64_v2,unpredictable,,14,3.155961
i128,zmij_x64_v3,unpredictable,,14,3.230920
i128,zmij_x64_v4,unpredictable,,14,2.970536
i128,fmt,unpredictable,,15,9.690179
i128,naive,unpredictable,,15,55.014524
i128,null,unpredictable,,15,1.378991
i128,zmij_scalar,unpredictable,,15,5.167206
i128,zmij_x64_native,unpredictable,,15,2.799551
i128,zmij_x64_v1,unpredictable,,15,3.835107
i128,zmij_x64_v2,unpredictable,,15,3.236394
i128,zmij_x64_v3,unpredictable,,15,3.234550
i128,zmij_x64_v4,unpredictable,,15,2.919665
i128,fmt,unpredictable,,16,9.866008
i128,naive,unpredictable,,16,56.961884
i128,null,unpredictable,,16,1.126454
i128,zmij_scalar,unpredictable,,16,5.165751
i128,zmij_x64_native,unpredictable,,16,2.619173
i128,zmij_x64_v1,unpredictable,,16,3.866010
i128,zmij_x64_v2,unpredictable,,16,3.202743
i128,zmij_x64_v3,unpredictable,,16,3.177526
i128,zmij_x64_v4,unpredictable,,16,2.984277
i128,fmt,unpredictable,,17,10.621709
i128,naive,unpredictable,,17,61.767704
i128,null,unpredictable,,17,0.953471
i128,zmij_scalar,unpredictable,,17,5.390524
i128,zmij_x64_native,unpredictable,,17,2.955278
i128,zmij_x64_v1,unpredictable,,17,4.050132
i128,zmij_x64_v2,unpredictable,,17,3.350654
i128,zmij_x64_v3,unpredictable,,17,3.367038
i128,zmij_x64_v4,unpredictable,,17,3.151162
i128,fmt,unpredictable,,18,10.480273
i128,naive,unpredictable,,18,65.054338
i128,null,unpredictable,,18,0.782382
i128,zmij_scalar,unpredictable,,18,5.173872
i128,zmij_x64_native,unpredictable,,18,2.740997
i128,zmij_x64_v1,unpredictable,,18,3.824386
i128,zmij_x64_v2,unpredictable,,18,3.233394
i128,zmij_x64_v3,unpredictable,,18,3.162353
i128,zmij_x64_v4,unpredictable,,18,2.958058
i128,fmt,unpredictable,,19,11.183862
i128,naive,unpredictable,,19,68.275143
i128,null,unpredictable,,19,1.343122
i128,zmij_scalar,unpredictable,,19,6.100550
i128,zmij_x64_native,unpredictable,,19,3.306479
i128,zmij_x64_v1,unpredictable,,19,4.217359
i128,zmij_x64_v2,unpredictable,,19,3.765832
i128,zmij_x64_v3,unpredictable,,19,3.642776
i128,zmij_x64_v4,unpredictable,,19,3.465404
i128,fmt,unpredictable,,20,18.322312
i128,naive,unpredictable,,20,72.132135
i128,null,unpredictable,,20,1.114684
i128,zmij_scalar,unpredictable,,20,9.591702
i128,zmij_x64_native,unpredictable,,20,4.332014
i128,zmij_x64_v1,unpredictable,,20,5.439326
i128,zmij_x64_v2,unpredictable,,20,5.372651
i128,zmij_x64_v3,unpredictable,,20,4.355880
i128,zmij_x64_v4,unpredictable,,20,4.280902
i128,fmt,unpredictable,,21,17.685094
i128,naive,unpredictable,,21,75.868162
i128,null,unpredictable,,21,1.072946
i128,zmij_scalar,unpredictable,,21,9.650560
i128,zmij_x64_native,unpredictable,,21,4.002918
i128,zmij_x64_v1,unpredictable,,21,5.543723
i128,zmij_x64_v2,unpredictable,,21,5.386737
i128,zmij_x64_v3,unpredictable,,21,4.169177
i128,zmij_x64_v4,unpredictable,,21,4.060029
i128,fmt,unpredictable,,22,18.214095
i128,naive,unpredictable,,22,80.949625
i128,null,unpredictable,,22,0.881349
i128,zmij_scalar,unpredictable,,22,9.664434
i128,zmij_x64_native,unpredictable,,22,4.123884
i128,zmij_x64_v1,unpredictable,,22,5.374278
i128,zmij_x64_v2,unpredictable,,22,5.350390
i128,zmij_x64_v3,unpredictable,,22,4.169404
i128,zmij_x64_v4,unpredictable,,22,4.081376
i128,fmt,unpredictable,,23,19.395297
i128,naive,unpredictable,,23,86.377434
i128,null,unpredictable,,23,0.957887
i128,zmij_scalar,unpredictable,,23,9.634413
i128,zmij_x64_native,unpredictable,,23,3.995066
i128,zmij_x64_v1,unpredictable,,23,5.417773
i128,zmij_x64_v2,unpredictable,,23,5.373206
i128,zmij_x64_v3,unpredictable,,23,4.123618
i128,zmij_x64_v4,unpredictable,,23,4.061444
i128,fmt,unpredictable,,24,19.655362
i128,naive,unpredictable,,24,86.192566
i128,null,unpredictable,,24,0.782437
i128,zmij_scalar,unpredictable,,24,9.944490
i128,zmij_x64_native,unpredictable,,24,3.984558
i128,zmij_x64_v1,unpredictable,,24,5.386125
i128,zmij_x64_v2,unpredictable,,24,5.416911
i128,zmij_x64_v3,unpredictable,,24,4.155149
i128,zmij_x64_v4,unpredictable,,24,3.999280
i128,fmt,unpredictable,,25,20.005208
i128,naive,unpredictable,,25,88.682589
i128,null,unpredictable,,25,0.793618
i128,zmij_scalar,unpredictable,,25,9.872696
i128,zmij_x64_native,unpredictable,,25,4.127075
i128,zmij_x64_v1,unpredictable,,25,5.588061
i128,zmij_x64_v2,unpredictable,,25,5.365830
i128,zmij_x64_v3,unpredictable,,25,4.204053
i128,zmij_x64_v4,unpredictable,,25,4.057488
i128,fmt,unpredictable,,26,19.905017
i128,naive,unpredictable,,26,92.218708
i128,null,unpredictable,,26,1.223800
i128,zmij_scalar,unpredictable,,26,9.623386
i128,zmij_x64_native,unpredictable,,26,4.312311
i128,zmij_x64_v1,unpredictable,,26,5.374085
i128,zmij_x64_v2,unpredictable,,26,5.394113
i128,zmij_x64_v3,unpredictable,,26,4.286454
i128,zmij_x64_v4,unpredictable,,26,4.266723
i128,fmt,unpredictable,,27,20.567079
i128,naive,unpredictable,,27,97.372036
i128,null,unpredictable,,27,0.869311
i128,zmij_scalar,unpredictable,,27,10.089745
i128,zmij_x64_native,unpredictable,,27,4.436401
i128,zmij_x64_v1,unpredictable,,27,5.632873
i128,zmij_x64_v2,unpredictable,,27,5.549579
i128,zmij_x64_v3,unpredictable,,27,4.596417
i128,zmij_x64_v4,unpredictable,,27,4.497790
i128,fmt,unpredictable,,28,20.587926
i128,naive,unpredictable,,28,100.307678
i128,null,unpredictable,,28,0.843722
i128,zmij_scalar,unpredictable,,28,9.641695
i128,zmij_x64_native,unpredictable,,28,4.292349
i128,zmij_x64_v1,unpredictable,,28,5.362245
i128,zmij_x64_v2,unpredictable,,28,5.402129
i128,zmij_x64_v3,unpredictable,,28,4.332576
i128,zmij_x64_v4,unpredictable,,28,4.278081
i128,fmt,unpredictable,,29,20.609368
i128,naive,unpredictable,,29,103.726976
i128,null,unpredictable,,29,1.102260
i128,zmij_scalar,unpredictable,,29,9.714581
i128,zmij_x64_native,unpredictable,,29,4.286407
i128,zmij_x64_v1,unpredictable,,29,5.399070
i128,zmij_x64_v2,unpredictable,,29,5.366260
i128,zmij_x64_v3,unpredictable,,29,4.311307
i128,zmij_x64_v4,unpredictable,,29,4.252879
i128,fmt,unpredictable,,30,21.251994
i128,naive,unpredictable,,30,110.236689
i128,null,unpredictable,,30,0.722718
i128,zmij_scalar,unpredictable,,30,9.831667
i128,zmij_x64_native,unpredictable,,30,4.129572
i128,zmij_x64_v1,unpredictable,,30,5.327197
i128,zmij_x64_v2,unpredictable,,30,5.364900
i128,zmij_x64_v3,unpredictable,,30,4.392083
i128,zmij_x64_v4,unpredictable,,30,4.044255
i128,fmt,unpredictable,,31,21.245482
i128,naive,unpredictable,,31,112.288445
i128,null,unpredictable,,31,0.994803
i128,zmij_scalar,unpredictable,,31,9.672062
i128,zmij_x64_native,unpredictable,,31,4.027601
i128,zmij_x64_v1,unpredictable,,31,5.397923
i128,zmij_x64_v2,unpredictable,,31,5.407498
i128,zmij_x64_v3,unpredictable,,31,4.093186
i128,zmij_x64_v4,unpredictable,,31,4.137227
i128,fmt,unpredictable,,32,22.142268
i128,naive,unpredictable,,32,117.566311
i128,null,unpredictable,,32,1.199147
i128,zmij_scalar,unpredictable,,32,9.677202
i128,zmij_x64_native,unpredictable,,32,4.227764
i128,zmij_x64_v1,unpredictable,,32,5.423024
i128,zmij_x64_v2,unpredictable,,32,5.542777
i128,zmij_x64_v3,unpredictable,,32,4.226901
i128,zmij_x64_v4,unpredictable,,32,4.018342
i128,fmt,unpredictable,,33,21.666778
i128,naive,unpredictable,,33,119.285295
i128,null,unpredictable,,33,0.808427
i128,zmij_scalar,unpredictable,,33,12.875683
i128,zmij_x64_native,unpredictable,,33,5.512844
i128,zmij_x64_v1,unpredictable,,33,6.868615
i128,zmij_x64_v2,unpredictable,,33,7.109649
i128,zmij_x64_v3,unpredictable,,33,5.851651
i128,zmij_x64_v4,unpredictable,,33,6.122371
i128,fmt,unpredictable,,34,22.884690
i128,naive,unpredictable,,34,122.156487
i128,null,unpredictable,,34,0.911448
i128,zmij_scalar,unpredictable,,34,12.591671
i128,zmij_x64_native,unpredictable,,34,5.731089
i128,zmij_x64_v1,unpredictable,,34,7.030686
i128,zmij_x64_v2,unpredictable,,34,7.126445
i128,zmij_x64_v3,unpredictable,,34,5.923524
i128,zmij_x64_v4,unpredictable,,34,5.984246
i128,fmt,unpredictable,,35,22.318908
i128,naive,unpredictable,,35,126.091709
i128,null,unpredictable,,35,1.125556
i128,zmij_scalar,unpredictable,,35,12.745317
i128,zmij_x64_native,unpredictable,,35,5.899673
i128,zmij_x64_v1,unpredictable,,35,7.160825
i128,zmij_x64_v2,unpredictable,,35,7.133727
i128,zmij_x64_v3,unpredictable,,35,6.046248
i128,zmij_x64_v4,unpredictable,,35,6.034390
i128,fmt,unpredictable,,36,23.465236
i128,naive,unpredictable,,36,129.253027
i128,null,unpredictable,,36,1.338956
i128,zmij_scalar,unpredictable,,36,12.524673
i128,zmij_x64_native,unpredictable,,36,5.829449
i128,zmij_x64_v1,unpredictable,,36,6.958699
i128,zmij_x64_v2,unpredictable,,36,6.951953
i128,zmij_x64_v3,unpredictable,,36,5.811139
i128,zmij_x64_v4,unpredictable,,36,5.963454
i128,fmt,unpredictable,,37,22.956223
i128,naive,unpredictable,,37,132.311169
i128,null,unpredictable,,37,0.962205
i128,zmij_scalar,unpredictable,,37,12.413549
i128,zmij_x64_native,unpredictable,,37,5.889797
i128,zmij_x64_v1,unpredictable,,37,6.892484
i128,zmij_x64_v2,unpredictable,,37,6.913201
i128,zmij_x64_v3,unpredictable,,37,5.556367
i128,zmij_x64_v4,unpredictable,,37,5.746518
i128,fmt,unpredictable,,38,23.956111
i128,naive,unpredictable,,38,138.559462
i128,null,unpredictable,,38,0.845290
i128,zmij_scalar,unpredictable,,38,12.619078
i128,zmij_x64_native,unpredictable,,38,5.595238
i128,zmij_x64_v1,unpredictable,,38,7.130254
i128,zmij_x64_v2,unpredictable,,38,6.889369
i128,zmij_x64_v3,unpredictable,,38,5.679912
i128,zmij_x64_v4,unpredictable,,38,5.605926
i128,fmt,unpredictable,,39,24.274331
i128,naive,unpredictable,,39,141.164915
i128,null,unpredictable,,39,0.946057
i128,zmij_scalar,unpredictable,,39,12.861603
i128,zmij_x64_native,unpredictable,,39,5.494661
i128,zmij_x64_v1,unpredictable,,39,6.974540
i128,zmij_x64_v2,unpredictable,,39,7.005176
i128,zmij_x64_v3,unpredictable,,39,5.581056
i128,zmij_x64_v4,unpredictable,,39,5.622132
i128,fmt,admixture,5x6,0,6.591420
i128,naive,admixture,5x6,0,20.697415
i128,null,admixture,5x6,0,0.768229
i128,zmij_scalar,admixture,5x6,0,5.294661
i128,zmij_x64_native,admixture,5x6,0,2.670516
i128,zmij_x64_v1,admixture,5x6,0,3.849568
i128,zmij_x64_v2,admixture,5x6,0,3.286791
i128,zmij_x64_v3,admixture,5x6,0,3.197910
i128,zmij_x64_v4,admixture,5x6,0,2.907220
i128,fmt,admixture,5x6,10,7.085431
i128,naive,admixture,5x6,10,21.094568
i128,null,admixture,5x6,10,0.771237
i128,zmij_scalar,admixture,5x6,10,5.380989
i128,zmij_x64_native,admixture,5x6,10,2.666015
i128,zmij_x64_v1,admixture,5x6,10,3.866586
i128,zmij_x64_v2,admixture,5x6,10,3.299747
i128,zmij_x64_v3,admixture,5x6,10,3.211336
i128,zmij_x64_v4,admixture,5x6,10,2.932455
i128,fmt,admixture,5x6,20,7.815707
i128,naive,admixture,5x6,20,21.555957
i128,null,admixture,5x6,20,0.838782
i128,zmij_scalar,admixture,5x6,20,5.334266
i128,zmij_x64_native,admixture,5x6,20,2.699228
i128,zmij_x64_v1,admixture,5x6,20,3.899771
i128,zmij_x64_v2,admixture,5x6,20,3.348574
i128,zmij_x64_v3,admixture,5x6,20,3.190687
i128,zmij_x64_v4,admixture,5x6,20,2.947170
i128,fmt,admixture,5x6,30,8.515570
i128,naive,admixture,5x6,30,21.806402
i128,null,admixture,5x6,30,0.748717
i128,zmij_scalar,admixture,5x6,30,5.322915
i128,zmij_x64_native,admixture,5x6,30,2.663941
i128,zmij_x64_v1,admixture,5x6,30,3.850725
i128,zmij_x64_v2,admixture,5x6,30,3.326501
i128,zmij_x64_v3,admixture,5x6,30,3.216150
i128,zmij_x64_v4,admixture,5x6,30,2.908548
i128,fmt,admixture,5x6,40,9.286626
i128,naive,admixture,5x6,40,22.023577
i128,null,admixture,5x6,40,0.766757
i128,zmij_scalar,admixture,5x6,40,5.307971
i128,zmij_x64_native,admixture,5x6,40,2.680758
i128,zmij_x64_v1,admixture,5x6,40,3.874439
i128,zmij_x64_v2,admixture,5x6,40,3.317606
i128,zmij_x64_v3,admixture,5x6,40,3.226422
i128,zmij_x64_v4,admixture,5x6,40,2.919919
i128,fmt,admixture,5x6,50,9.705152
i128,naive,admixture,5x6,50,21.723102
i128,null,admixture,5x6,50,0.919837
i128,zmij_scalar,admixture,5x6,50,5.316570
i128,zmij_x64_native,admixture,5x6,50,2.690877
i128,zmij_x64_v1,admixture,5x6,50,3.885170
i128,zmij_x64_v2,admixture,5x6,50,3.303952
i128,zmij_x64_v3,admixture,5x6,50,3.228065
i128,zmij_x64_v4,admixture,5x6,50,2.922776
i128,fmt,admixture,5x6,60,9.307705
i128,naive,admixture,5x6,60,20.736926
i128,null,admixture,5x6,60,1.086323
i128,zmij_scalar,admixture,5x6,60,5.324825
i128,zmij_x64_native,admixture,5x6,60,2.675962
i128,zmij_x64_v1,admixture,5x6,60,3.863625
i128,zmij_x64_v2,admixture,5x6,60,3.291415
i128,zmij_x64_v3,admixture,5x6,60,3.219037
i128,zmij_x64_v4,admixture,5x6,60,2.932857
i128,fmt,admixture,5x6,70,8.601639
i128,naive,admixture,5x6,70,19.602024
i128,null,admixture,5x6,70,0.769814
i128,zmij_scalar,admixture,5x6,70,5.344995
i128,zmij_x64_native,admixture,5x6,70,2.663645
i128,zmij_x64_v1,admixture,5x6,70,3.870809
i128,zmij_x64_v2,admixture,5x6,70,3.319908
i128,zmij_x64_v3,admixture,5x6,70,3.234132
i128,zmij_x64_v4,admixture,5x6,70,2.902557
i128,fmt,admixture,5x6,80,7.849023
i128,naive,admixture,5x6,80,18.646249
i128,null,admixture,5x6,80,0.800982
i128,zmij_scalar,admixture,5x6,80,5.314743
i128,zmij_x64_native,admixture,5x6,80,2.670362
i128,zmij_x64_v1,admixture,5x6,80,3.876168
i128,zmij_x64_v2,admixture,5x6,80,3.308748
i128,zmij_x64_v3,admixture,5x6,80,3.235890
i128,zmij_x64_v4,admixture,5x6,80,2.913200
i128,fmt,admixture,5x6,90,7.193582
i128,naive,admixture,5x6,90,17.828219
i128,null,admixture,5x6,90,0.768945
i128,zmij_scalar,admixture,5x6,90,5.350966
i128,zmij_x64_native,admixture,5x6,90,2.673553
i128,zmij_x64_v1,admixture,5x6,90,3.888972
i128,zmij_x64_v2,admixture,5x6,90,3.300539
i128,zmij_x64_v3,admixture,5x6,90,3.218338
i128,zmij_x64_v4,admixture,5x6,90,2.932243
i128,fmt,admixture,5x6,100,6.593559
i128,naive,admixture,5x6,100,17.026864
i128,null,admixture,5x6,100,1.021176
i128,zmij_scalar,admixture,5x6,100,5.335956
i128,zmij_x64_native,admixture,5x6,100,2.705160
i128,zmij_x64_v1,admixture,5x6,100,3.891113
i128,zmij_x64_v2,admixture,5x6,100,3.308584
i128,zmij_x64_v3,admixture,5x6,100,3.228754
i128,zmij_x64_v4,admixture,5x6,100,2.930448
i128,fmt,admixture,straddle64,0,18.719000
i128,naive,admixture,straddle64,0,79.617250
i128,null,admixture,straddle64,0,0.961611
i128,zmij_scalar,admixture,straddle64,0,9.419868
i128,zmij_x64_native,admixture,straddle64,0,4.405580
i128,zmij_x64_v1,admixture,straddle64,0,5.465053
i128,zmij_x64_v2,admixture,straddle64,0,5.236135
i128,zmij_x64_v3,admixture,straddle64,0,4.417199
i128,zmij_x64_v4,admixture,straddle64,0,4.415308
i128,fmt,admixture,straddle64,10,18.712130
i128,naive,admixture,straddle64,10,78.903822
i128,null,admixture,straddle64,10,0.751353
i128,zmij_scalar,admixture,straddle64,10,9.456377
i128,zmij_x64_native,admixture,straddle64,10,4.531687
i128,zmij_x64_v1,admixture,straddle64,10,5.598735
i128,zmij_x64_v2,admixture,straddle64,10,5.379726
i128,zmij_x64_v3,admixture,straddle64,10,4.550862
i128,zmij_x64_v4,admixture,straddle64,10,4.543936
i128,fmt,admixture,straddle64,20,18.812599
i128,naive,admixture,straddle64,20,79.727929
i128,null,admixture,straddle64,20,0.782321
i128,zmij_scalar,admixture,straddle64,20,9.391299
i128,zmij_x64_native,admixture,straddle64,20,4.629614
i128,zmij_x64_v1,admixture,straddle64,20,5.690770
i128,zmij_x64_v2,admixture,straddle64,20,5.516401
i128,zmij_x64_v3,admixture,straddle64,20,4.636199
i128,zmij_x64_v4,admixture,straddle64,20,4.637823
i128,fmt,admixture,straddle64,30,19.107285
i128,naive,admixture,straddle64,30,78.192045
i128,null,admixture,straddle64,30,0.856899
i128,zmij_scalar,admixture,straddle64,30,9.358543
i128,zmij_x64_native,admixture,straddle64,30,4.665752
i128,zmij_x64_v1,admixture,straddle64,30,5.805266
i128,zmij_x64_v2,admixture,straddle64,30,5.634949
i128,zmij_x64_v3,admixture,straddle64,30,4.742191
i128,zmij_x64_v4,admixture,straddle64,30,4.669421
i128,fmt,admixture,straddle64,40,19.493303
i128,naive,admixture,straddle64,40,77.844934
i128,null,admixture,straddle64,40,0.883298
i128,zmij_scalar,admixture,straddle64,40,9.375725
i128,zmij_x64_native,admixture,straddle64,40,4.729216
i128,zmij_x64_v1,admixture,straddle64,40,5.889378
i128,zmij_x64_v2,admixture,straddle64,40,5.794736
i128,zmij_x64_v3,admixture,straddle64,40,4.840559
i128,zmij_x64_v4,admixture,straddle64,40,4.755435
i128,fmt,admixture,straddle64,50,19.720310
i128,naive,admixture,straddle64,50,79.495725
i128,null,admixture,straddle64,50,1.035919
i128,zmij_scalar,admixture,straddle64,50,9.351990
i128,zmij_x64_native,admixture,straddle64,50,4.845567
i128,zmij_x64_v1,admixture,straddle64,50,5.943707
i128,zmij_x64_v2,admixture,straddle64,50,5.923335
i128,zmij_x64_v3,admixture,straddle64,50,5.022170
i128,zmij_x64_v4,admixture,straddle64,50,4.892328
i128,fmt,admixture,straddle64,60,18.959612
i128,naive,admixture,straddle64,60,76.893117
i128,null,admixture,straddle64,60,1.044080
i128,zmij_scalar,admixture,straddle64,60,9.316961
i128,zmij_x64_native,admixture,straddle64,60,5.043517
i128,zmij_x64_v1,admixture,straddle64,60,6.021973
i128,zmij_x64_v2,admixture,straddle64,60,6.035694
i128,zmij_x64_v3,admixture,straddle64,60,5.072995
i128,zmij_x64_v4,admixture,straddle64,60,5.112514
i128,fmt,admixture,straddle64,70,18.171387
i128,naive,admixture,straddle64,70,76.045536
i128,null,admixture,straddle64,70,0.914848
i128,zmij_scalar,admixture,straddle64,70,9.430790
i128,zmij_x64_native,admixture,straddle64,70,5.168514
i128,zmij_x64_v1,admixture,straddle64,70,6.186929
i128,zmij_x64_v2,admixture,straddle64,70,6.157958
i128,zmij_x64_v3,admixture,straddle64,70,5.312633
i128,zmij_x64_v4,admixture,straddle64,70,5.243980
i128,fmt,admixture,straddle64,80,17.502447
i128,naive,admixture,straddle64,80,75.010550
i128,null,admixture,straddle64,80,0.722154
i128,zmij_scalar,admixture,straddle64,80,9.304131
i128,zmij_x64_native,admixture,straddle64,80,5.285826
i128,zmij_x64_v1,admixture,straddle64,80,6.360680
i128,zmij_x64_v2,admixture,straddle64,80,6.252070
i128,zmij_x64_v3,admixture,straddle64,80,5.479934
i128,zmij_x64_v4,admixture,straddle64,80,5.397256
i128,fmt,admixture,straddle64,90,16.563090
i128,naive,admixture,straddle64,90,73.122130
i128,null,admixture,straddle64,90,0.891735
i128,zmij_scalar,admixture,straddle64,90,9.220295
i128,zmij_x64_native,admixture,straddle64,90,5.377831
i128,zmij_x64_v1,admixture,straddle64,90,6.390779
i128,zmij_x64_v2,admixture,straddle64,90,6.259962
i128,zmij_x64_v3,admixture,straddle64,90,5.499265
i128,zmij_x64_v4,admixture,straddle64,90,5.458426
i128,fmt,admixture,straddle64,100,15.980286
i128,naive,admixture,straddle64,100,71.936802
i128,null,admixture,straddle64,100,1.108937
i128,zmij_scalar,admixture,straddle64,100,9.090395
i128,zmij_x64_native,admixture,straddle64,100,5.462420
i128,zmij_x64_v1,admixture,straddle64,100,6.509269
i128,zmij_x64_v2,admixture,straddle64,100,6.246461
i128,zmij_x64_v3,admixture,straddle64,100,5.567925
i128,zmij_x64_v4,admixture,straddle64,100,5.560311
i128,fmt,admixture,straddle1e32,0,22.364234
i128,naive,admixture,straddle1e32,0,122.278602
i128,null,admixture,straddle1e32,0,0.917992
i128,zmij_scalar,admixture,straddle1e32,0,11.427784
i128,zmij_x64_native,admixture,straddle1e32,0,4.996434
i128,zmij_x64_v1,admixture,straddle1e32,0,5.922147
i128,zmij_x64_v2,admixture,straddle1e32,0,5.891944
i128,zmij_x64_v3,admixture,straddle1e32,0,5.154406
i128,zmij_x64_v4,admixture,straddle1e32,0,5.067060
i128,fmt,admixture,straddle1e32,10,23.108842
i128,naive,admixture,straddle1e32,10,122.565187
i128,null,admixture,straddle1e32,10,0.972760
i128,zmij_scalar,admixture,straddle1e32,10,11.705558
i128,zmij_x64_native,admixture,straddle1e32,10,5.485132
i128,zmij_x64_v1,admixture,straddle1e32,10,6.352989
i128,zmij_x64_v2,admixture,straddle1e32,10,6.414224
i128,zmij_x64_v3,admixture,straddle1e32,10,5.537599
i128,zmij_x64_v4,admixture,straddle1e32,10,5.507812
i128,fmt,admixture,straddle1e32,20,23.506783
i128,naive,admixture,straddle1e32,20,121.917686
i128,null,admixture,straddle1e32,20,0.762792
i128,zmij_scalar,admixture,straddle1e32,20,11.778854
i128,zmij_x64_native,admixture,straddle1e32,20,5.787275
i128,zmij_x64_v1,admixture,straddle1e32,20,6.790708
i128,zmij_x64_v2,admixture,straddle1e32,20,6.818159
i128,zmij_x64_v3,admixture,straddle1e32,20,5.918312
i128,zmij_x64_v4,admixture,straddle1e32,20,5.938511
i128,fmt,admixture,straddle1e32,30,24.496560
i128,naive,admixture,straddle1e32,30,121.160283
i128,null,admixture,straddle1e32,30,0.748669
i128,zmij_scalar,admixture,straddle1e32,30,11.948638
i128,zmij_x64_native,admixture,straddle1e32,30,6.266198
i128,zmij_x64_v1,admixture,straddle1e32,30,7.249804
i128,zmij_x64_v2,admixture,straddle1e32,30,7.314287
i128,zmij_x64_v3,admixture,straddle1e32,30,6.323012
i128,zmij_x64_v4,admixture,straddle1e32,30,6.406761
i128,fmt,admixture,straddle1e32,40,24.688357
i128,naive,admixture,straddle1e32,40,120.702067
i128,null,admixture,straddle1e32,40,0.882133
i128,zmij_scalar,admixture,straddle1e32,40,12.112839
i128,zmij_x64_native,admixture,straddle1e32,40,6.851880
i128,zmij_x64_v1,admixture,straddle1e32,40,7.830460
i128,zmij_x64_v2,admixture,straddle1e32,40,7.988383
i128,zmij_x64_v3,admixture,straddle1e32,40,6.997344
i128,zmij_x64_v4,admixture,straddle1e32,40,7.075341
i128,fmt,admixture,straddle1e32,50,24.706789
i128,naive,admixture,straddle1e32,50,119.567385
i128,null,admixture,straddle1e32,50,0.955075
i128,zmij_scalar,admixture,straddle1e32,50,12.071351
i128,zmij_x64_native,admixture,straddle1e32,50,7.159138
i128,zmij_x64_v1,admixture,straddle1e32,50,7.829915
i128,zmij_x64_v2,admixture,straddle1e32,50,8.137842
i128,zmij_x64_v3,admixture,straddle1e32,50,7.218092
i128,zmij_x64_v4,admixture,straddle1e32,50,7.223596
i128,fmt,admixture,straddle1e32,60,24.312799
i128,naive,admixture,straddle1e32,60,118.684010
i128,null,admixture,straddle1e32,60,0.940437
i128,zmij_scalar,admixture,straddle1e32,60,11.665390
i128,zmij_x64_native,admixture,straddle1e32,60,6.828938
i128,zmij_x64_v1,admixture,straddle1e32,60,7.482726
i128,zmij_x64_v2,admixture,straddle1e32,60,7.662264
i128,zmij_x64_v3,admixture,straddle1e32,60,6.753367
i128,zmij_x64_v4,admixture,straddle1e32,60,6.780045
i128,fmt,admixture,straddle1e32,70,23.590073
i128,naive,admixture,straddle1e32,70,118.289325
i128,null,admixture,straddle1e32,70,0.781108
i128,zmij_scalar,admixture,straddle1e32,70,11.044795
i128,zmij_x64_native,admixture,straddle1e32,70,5.957401
i128,zmij_x64_v1,admixture,straddle1e32,70,6.776462
i128,zmij_x64_v2,admixture,straddle1e32,70,7.009383
i128,zmij_x64_v3,admixture,straddle1e32,70,6.093290
i128,zmij_x64_v4,admixture,straddle1e32,70,6.021792
i128,fmt,admixture,straddle1e32,80,22.885756
i128,naive,admixture,straddle1e32,80,117.906105
i128,null,admixture,straddle1e32,80,0.794925
i128,zmij_scalar,admixture,straddle1e32,80,10.497124
i128,zmij_x64_native,admixture,straddle1e32,80,5.421435
i128,zmij_x64_v1,admixture,straddle1e32,80,6.295580
i128,zmij_x64_v2,admixture,straddle1e32,80,6.340938
i128,zmij_x64_v3,admixture,straddle1e32,80,5.490384
i128,zmij_x64_v4,admixture,straddle1e32,80,5.444968
i128,fmt,admixture,straddle1e32,90,22.539227
i128,naive,admixture,straddle1e32,90,116.178407
i128,null,admixture,straddle1e32,90,0.820227
i128,zmij_scalar,admixture,straddle1e32,90,9.955444
i128,zmij_x64_native,admixture,straddle1e32,90,4.918195
i128,zmij_x64_v1,admixture,straddle1e32,90,5.890201
i128,zmij_x64_v2,admixture,straddle1e32,90,5.793849
i128,zmij_x64_v3,admixture,straddle1e32,90,4.979356
i128,zmij_x64_v4,admixture,straddle1e32,90,4.969294
i128,fmt,admixture,straddle1e32,100,21.671715
i128,naive,admixture,straddle1e32,100,114.162513
i128,null,admixture,straddle1e32,100,1.005305
i128,zmij_scalar,admixture,straddle1e32,100,9.598423
i128,zmij_x64_native,admixture,straddle1e32,100,4.429841
i128,zmij_x64_v1,admixture,straddle1e32,100,5.473730
i128,zmij_x64_v2,admixture,straddle1e32,100,5.226104
i128,zmij_x64_v3,admixture,straddle1e32,100,4.484420
i128,zmij_x64_v4,admixture,straddle1e32,100,4.523068
