Type,Function,Mode,Series,X,Time_ns
u32,amartin,bylength,,1,0.761192
u32,branchlut,bylength,,1,1.155822
u32,branchlut2,bylength,,1,0.757184
u32,countlut,bylength,,1,0.965312
u32,fmt,bylength,,1,0.938418
u32,jeaiii,bylength,,1,0.768623
u32,naive,bylength,,1,1.285832
u32,null,bylength,,1,0.832692
u32,sse2,bylength,,1,1.158440
u32,tmueller,bylength,,1,0.753008
u32,unrolledlut,bylength,,1,1.102407
u32,yy,bylength,,1,0.981207
u32,zmij_scalar,bylength,,1,2.227902
u32,zmij_x64_native,bylength,,1,1.308885
u32,zmij_x64_v1,bylength,,1,1.900991
u32,zmij_x64_v2,bylength,,1,1.349818
u32,zmij_x64_v3,bylength,,1,1.276520
u32,zmij_x64_v3_nokernel,bylength,,1,1.897064
u32,zmij_x64_v4,bylength,,1,1.290212
u32,amartin,bylength,,2,0.790936
u32,branchlut,bylength,,2,1.156974
u32,branchlut2,bylength,,2,0.789548
u32,countlut,bylength,,2,1.083189
u32,fmt,bylength,,2,0.995959
u32,jeaiii,bylength,,2,0.739335
u32,naive,bylength,,2,2.015980
u32,null,bylength,,2,0.737200
u32,sse2,bylength,,2,1.156706
u32,tmueller,bylength,,2,1.346294
u32,unrolledlut,bylength,,2,0.945854
u32,yy,bylength,,2,0.915523
u32,zmij_scalar,bylength,,2,2.244243
u32,zmij_x64_native,bylength,,2,1.299273
u32,zmij_x64_v1,bylength,,2,1.905931
u32,zmij_x64_v2,bylength,,2,1.352748
u32,zmij_x64_v3,bylength,,2,1.275095
u32,zmij_x64_v3_nokernel,bylength,,2,1.282760
u32,zmij_x64_v4,bylength,,2,1.293396
u32,amartin,bylength,,3,0.924817
u32,branchlut,bylength,,3,1.231780
u32,branchlut2,bylength,,3,1.156204
u32,countlut,bylength,,3,1.279514
u32,fmt,bylength,,3,1.247144
u32,jeaiii,bylength,,3,0.921645
u32,naive,bylength,,3,2.675937
u32,null,bylength,,3,0.774217
u32,sse2,bylength,,3,1.203037
u32,tmueller,bylength,,3,1.343891
u32,unrolledlut,bylength,,3,1.328446
u32,yy,bylength,,3,1.096404
u32,zmij_scalar,bylength,,3,2.240982
u32,zmij_x64_native,bylength,,3,1.293354
u32,zmij_x64_v1,bylength,,3,1.907739
u32,zmij_x64_v2,bylength,,3,1.358959
u32,zmij_x64_v3,bylength,,3,1.293003
u32,zmij_x64_v3_nokernel,bylength,,3,1.282597
u32,zmij_x64_v4,bylength,,3,1.310442
u32,amartin,bylength,,4,0.918520
u32,branchlut,bylength,,4,1.329401
u32,branchlut2,bylength,,4,1.301705
u32,countlut,bylength,,4,1.350770
u32,fmt,bylength,,4,1.235659
u32,jeaiii,bylength,,4,0.938798
u32,naive,bylength,,4,3.462950
u32,null,bylength,,4,0.846704
u32,sse2,bylength,,4,1.273436
u32,tmueller,bylength,,4,0.945646
u32,unrolledlut,bylength,,4,1.191891
u32,yy,bylength,,4,1.109114
u32,zmij_scalar,bylength,,4,2.252809
u32,zmij_x64_native,bylength,,4,1.299700
u32,zmij_x64_v1,bylength,,4,1.911938
u32,zmij_x64_v2,bylength,,4,1.352144
u32,zmij_x64_v3,bylength,,4,1.282599
u32,zmij_x64_v3_nokernel,bylength,,4,1.304688
u32,zmij_x64_v4,bylength,,4,1.297534
u32,amartin,bylength,,5,1.339465
u32,branchlut,bylength,,5,1.814496
u32,branchlut2,bylength,,5,1.295140
u32,countlut,bylength,,5,1.681587
u32,fmt,bylength,,5,1.792630
u32,jeaiii,bylength,,5,1.109381
u32,naive,bylength,,5,4.210598
u32,null,bylength,,5,0.762661
u32,sse2,bylength,,5,1.780498
u32,tmueller,bylength,,5,0.928959
u32,unrolledlut,bylength,,5,1.358980
u32,yy,bylength,,5,1.210910
u32,zmij_scalar,bylength,,5,2.252412
u32,zmij_x64_native,bylength,,5,1.306408
u32,zmij_x64_v1,bylength,,5,1.911195
u32,zmij_x64_v2,bylength,,5,1.357561
u32,zmij_x64_v3,bylength,,5,1.302371
u32,zmij_x64_v3_nokernel,bylength,,5,1.289964
u32,zmij_x64_v4,bylength,,5,1.299961
u32,amartin,bylength,,6,1.321277
u32,branchlut,bylength,,6,1.978489
u32,branchlut2,bylength,,6,1.479838
u32,countlut,bylength,,6,1.779504
u32,fmt,bylength,,6,1.793774
u32,jeaiii,bylength,,6,1.129026
u32,naive,bylength,,6,4.998673
u32,null,bylength,,6,0.824523
u32,sse2,bylength,,6,1.946108
u32,tmueller,bylength,,6,1.388089
u32,unrolledlut,bylength,,6,1.396354
u32,yy,bylength,,6,1.224213
u32,zmij_scalar,bylength,,6,2.257889
u32,zmij_x64_native,bylength,,6,1.300966
u32,zmij_x64_v1,bylength,,6,1.902455
u32,zmij_x64_v2,bylength,,6,1.358980
u32,zmij_x64_v3,bylength,,6,1.285918
u32,zmij_x64_v3_nokernel,bylength,,6,1.351898
u32,zmij_x64_v4,bylength,,6,1.269899
u32,amartin,bylength,,7,1.826917
u32,branchlut,bylength,,7,2.041849
u32,branchlut2,bylength,,7,1.772801
u32,countlut,bylength,,7,2.126437
u32,fmt,bylength,,7,2.263844
u32,jeaiii,bylength,,7,1.312919
u32,naive,bylength,,7,5.789105
u32,null,bylength,,7,0.858036
u32,sse2,bylength,,7,2.037994
u32,tmueller,bylength,,7,1.407380
u32,unrolledlut,bylength,,7,1.427684
u32,yy,bylength,,7,1.607870
u32,zmij_scalar,bylength,,7,2.227230
u32,zmij_x64_native,bylength,,7,1.300830
u32,zmij_x64_v1,bylength,,7,1.891371
u32,zmij_x64_v2,bylength,,7,1.354607
u32,zmij_x64_v3,bylength,,7,1.295542
u32,zmij_x64_v3_nokernel,bylength,,7,1.285748
u32,zmij_x64_v4,bylength,,7,1.301379
u32,amartin,bylength,,8,1.828248
u32,branchlut,bylength,,8,2.136305
u32,branchlut2,bylength,,8,1.833966
u32,countlut,bylength,,8,2.204404
u32,fmt,bylength,,8,2.254739
u32,jeaiii,bylength,,8,1.280947
u32,naive,bylength,,8,5.830535
u32,null,bylength,,8,0.767154
u32,sse2,bylength,,8,2.107715
u32,tmueller,bylength,,8,1.851595
u32,unrolledlut,bylength,,8,1.407600
u32,yy,bylength,,8,1.597610
u32,zmij_scalar,bylength,,8,2.241517
u32,zmij_x64_native,bylength,,8,1.286665
u32,zmij_x64_v1,bylength,,8,1.904175
u32,zmij_x64_v2,bylength,,8,1.364835
u32,zmij_x64_v3,bylength,,8,1.290348
u32,zmij_x64_v3_nokernel,bylength,,8,1.290203
u32,zmij_x64_v4,bylength,,8,1.292367
u32,amartin,bylength,,9,2.147615
u32,branchlut,bylength,,9,1.931179
u32,branchlut2,bylength,,9,1.937320
u32,countlut,bylength,,9,2.589122
u32,fmt,bylength,,9,2.809292
u32,jeaiii,bylength,,9,1.538192
u32,naive,bylength,,9,6.665026
u32,null,bylength,,9,0.750846
u32,sse2,bylength,,9,1.202464
u32,tmueller,bylength,,9,1.875407
u32,unrolledlut,bylength,,9,1.848284
u32,yy,bylength,,9,1.970759
u32,zmij_scalar,bylength,,9,2.309588
u32,zmij_x64_native,bylength,,9,1.303317
u32,zmij_x64_v1,bylength,,9,1.902586
u32,zmij_x64_v2,bylength,,9,1.359432
u32,zmij_x64_v3,bylength,,9,1.318779
u32,zmij_x64_v3_nokernel,bylength,,9,1.285700
u32,zmij_x64_v4,bylength,,9,1.299487
u32,amartin,bylength,,10,2.220604
u32,branchlut,bylength,,10,2.003943
u32,branchlut2,bylength,,10,1.949156
u32,countlut,bylength,,10,2.758893
u32,fmt,bylength,,10,2.812328
u32,jeaiii,bylength,,10,1.512568
u32,naive,bylength,,10,7.647302
u32,null,bylength,,10,0.823988
u32,sse2,bylength,,10,1.297206
u32,tmueller,bylength,,10,1.871189
u32,unrolledlut,bylength,,10,1.782038
u32,yy,bylength,,10,1.952579
u32,zmij_scalar,bylength,,10,2.261353
u32,zmij_x64_native,bylength,,10,1.295895
u32,zmij_x64_v1,bylength,,10,1.903427
u32,zmij_x64_v2,bylength,,10,1.359412
u32,zmij_x64_v3,bylength,,10,1.279449
u32,zmij_x64_v3_nokernel,bylength,,10,1.291204
u32,zmij_x64_v4,bylength,,10,1.300273
u32,amartin,loguniform,1-10,10,6.031531
u32,branchlut,loguniform,1-10,10,8.228084
u32,branchlut2,loguniform,1-10,10,8.819322
u32,countlut,loguniform,1-10,10,8.596815
u32,fmt,loguniform,1-10,10,9.266007
u32,jeaiii,loguniform,1-10,10,8.649667
u32,naive,loguniform,1-10,10,10.240777
u32,null,loguniform,1-10,10,0.849843
u32,sse2,loguniform,1-10,10,8.369764
u32,tmueller,loguniform,1-10,10,6.535753
u32,unrolledlut,loguniform,1-10,10,7.718659
u32,yy,loguniform,1-10,10,5.827942
u32,zmij_scalar,loguniform,1-10,10,2.243600
u32,zmij_x64_native,loguniform,1-10,10,1.295598
u32,zmij_x64_v1,loguniform,1-10,10,1.909263
u32,zmij_x64_v2,loguniform,1-10,10,1.358464
u32,zmij_x64_v3,loguniform,1-10,10,1.314219
u32,zmij_x64_v3_nokernel,loguniform,1-10,10,1.303792
u32,zmij_x64_v4,loguniform,1-10,10,1.292311
u32,amartin,loguniform,1-4,4,3.594972
u32,branchlut,loguniform,1-4,4,5.415356
u32,branchlut2,loguniform,1-4,4,6.105850
u32,countlut,loguniform,1-4,4,6.033680
u32,fmt,loguniform,1-4,4,5.929444
u32,jeaiii,loguniform,1-4,4,5.930911
u32,naive,loguniform,1-4,4,6.484146
u32,null,loguniform,1-4,4,0.882645
u32,sse2,loguniform,1-4,4,5.312625
u32,tmueller,loguniform,1-4,4,3.988555
u32,unrolledlut,loguniform,1-4,4,6.294033
u32,yy,loguniform,1-4,4,3.615428
u32,zmij_scalar,loguniform,1-4,4,2.251951
u32,zmij_x64_native,loguniform,1-4,4,1.281716
u32,zmij_x64_v1,loguniform,1-4,4,1.888219
u32,zmij_x64_v2,loguniform,1-4,4,1.350486
u32,zmij_x64_v3,loguniform,1-4,4,1.286754
u32,zmij_x64_v3_nokernel,loguniform,1-4,4,1.331649
u32,zmij_x64_v4,loguniform,1-4,4,1.302184
u32,amartin,uniform,0-255,0,3.091949
u32,branchlut,uniform,0-255,0,3.348814
u32,branchlut2,uniform,0-255,0,3.419101
u32,countlut,uniform,0-255,0,3.326810
u32,fmt,uniform,0-255,0,3.235583
u32,jeaiii,uniform,0-255,0,3.278995
u32,naive,uniform,0-255,0,4.547179
u32,null,uniform,0-255,0,0.854463
u32,sse2,uniform,0-255,0,3.373105
u32,tmueller,uniform,0-255,0,1.569821
u32,unrolledlut,uniform,0-255,0,3.302507
u32,yy,uniform,0-255,0,3.179482
u32,zmij_scalar,uniform,0-255,0,2.232087
u32,zmij_x64_native,uniform,0-255,0,1.292083
u32,zmij_x64_v1,uniform,0-255,0,1.903776
u32,zmij_x64_v2,uniform,0-255,0,1.351406
u32,zmij_x64_v3,uniform,0-255,0,1.280885
u32,zmij_x64_v3_nokernel,uniform,0-255,0,1.301705
u32,zmij_x64_v4,uniform,0-255,0,1.289154
u32,amartin,unpredictable,,1,3.042909
u32,branchlut,unpredictable,,1,2.678662
u32,branchlut2,unpredictable,,1,1.239916
u32,countlut,unpredictable,,1,3.953874
u32,fmt,unpredictable,,1,3.553873
u32,jeaiii,unpredictable,,1,3.575720
u32,naive,unpredictable,,1,4.425267
u32,null,unpredictable,,1,0.980387
u32,sse2,unpredictable,,1,2.370737
u32,tmueller,unpredictable,,1,1.683219
u32,unrolledlut,unpredictable,,1,2.357938
u32,yy,unpredictable,,1,4.236859
u32,zmij_scalar,unpredictable,,1,2.250167
u32,zmij_x64_native,unpredictable,,1,1.298410
u32,zmij_x64_v1,unpredictable,,1,1.913660
u32,zmij_x64_v2,unpredictable,,1,1.362269
u32,zmij_x64_v3,unpredictable,,1,1.282222
u32,zmij_x64_v3_nokernel,unpredictable,,1,1.607514
u32,zmij_x64_v4,unpredictable,,1,1.309988
u32,amartin,unpredictable,,2,3.135487
u32,branchlut,unpredictable,,2,2.650689
u32,branchlut2,unpredictable,,2,1.646288
u32,countlut,unpredictable,,2,4.613110
u32,fmt,unpredictable,,2,4.175410
u32,jeaiii,unpredictable,,2,3.864393
u32,naive,unpredictable,,2,5.003595
u32,null,unpredictable,,2,0.748777
u32,sse2,unpredictable,,2,2.414180
u32,tmueller,unpredictable,,2,1.650194
u32,unrolledlut,unpredictable,,2,2.207615
u32,yy,unpredictable,,2,4.027532
u32,zmij_scalar,unpredictable,,2,2.219208
u32,zmij_x64_native,unpredictable,,2,1.323823
u32,zmij_x64_v1,unpredictable,,2,1.897344
u32,zmij_x64_v2,unpredictable,,2,1.349679
u32,zmij_x64_v3,unpredictable,,2,1.272431
u32,zmij_x64_v3_nokernel,unpredictable,,2,1.324518
u32,zmij_x64_v4,unpredictable,,2,1.305514
u32,amartin,unpredictable,,3,2.155976
u32,branchlut,unpredictable,,3,3.268662
u32,branchlut2,unpredictable,,3,1.572185
u32,countlut,unpredictable,,3,2.760598
u32,fmt,unpredictable,,3,2.905453
u32,jeaiii,unpredictable,,3,1.394423
u32,naive,unpredictable,,3,5.108611
u32,null,unpredictable,,3,0.750449
u32,sse2,unpredictable,,3,2.397383
u32,tmueller,unpredictable,,3,1.589617
u32,unrolledlut,unpredictable,,3,1.377058
u32,yy,unpredictable,,3,3.034939
u32,zmij_scalar,unpredictable,,3,2.281492
u32,zmij_x64_native,unpredictable,,3,1.298689
u32,zmij_x64_v1,unpredictable,,3,1.905026
u32,zmij_x64_v2,unpredictable,,3,1.359381
u32,zmij_x64_v3,unpredictable,,3,1.270438
u32,zmij_x64_v3_nokernel,unpredictable,,3,1.305327
u32,zmij_x64_v4,unpredictable,,3,1.266898
u32,amartin,unpredictable,,4,2.263820
u32,branchlut,unpredictable,,4,3.411860
u32,branchlut2,unpredictable,,4,1.718794
u32,countlut,unpredictable,,4,3.179469
u32,fmt,unpredictable,,4,2.819628
u32,jeaiii,unpredictable,,4,1.236837
u32,naive,unpredictable,,4,5.208430
u32,null,unpredictable,,4,0.730283
u32,sse2,unpredictable,,4,2.840810
u32,tmueller,unpredictable,,4,1.338040
u32,unrolledlut,unpredictable,,4,1.292665
u32,yy,unpredictable,,4,3.054837
u32,zmij_scalar,unpredictable,,4,2.225353
u32,zmij_x64_native,unpredictable,,4,1.301627
u32,zmij_x64_v1,unpredictable,,4,1.900759
u32,zmij_x64_v2,unpredictable,,4,1.352387
u32,zmij_x64_v3,unpredictable,,4,1.298496
u32,zmij_x64_v3_nokernel,unpredictable,,4,1.316870
u32,zmij_x64_v4,unpredictable,,4,1.297459
u32,amartin,unpredictable,,5,1.996243
u32,branchlut,unpredictable,,5,2.112440
u32,branchlut2,unpredictable,,5,1.460319
u32,countlut,unpredictable,,5,2.812948
u32,fmt,unpredictable,,5,2.841713
u32,jeaiii,unpredictable,,5,1.727823
u32,naive,unpredictable,,5,5.635146
u32,null,unpredictable,,5,0.852842
u32,sse2,unpredictable,,5,1.580971
u32,tmueller,unpredictable,,5,1.392722
u32,unrolledlut,unpredictable,,5,1.369270
u32,yy,unpredictable,,5,2.343891
u32,zmij_scalar,unpredictable,,5,2.262850
u32,zmij_x64_native,unpredictable,,5,1.323532
u32,zmij_x64_v1,unpredictable,,5,1.931971
u32,zmij_x64_v2,unpredictable,,5,1.371210
u32,zmij_x64_v3,unpredictable,,5,1.265771
u32,zmij_x64_v3_nokernel,unpredictable,,5,1.306393
u32,zmij_x64_v4,unpredictable,,5,1.315059
u32,amartin,unpredictable,,6,1.957582
u32,branchlut,unpredictable,,6,2.433844
u32,branchlut2,unpredictable,,6,1.960682
u32,countlut,unpredictable,,6,2.457185
u32,fmt,unpredictable,,6,2.381897
u32,jeaiii,unpredictable,,6,1.585654
u32,naive,unpredictable,,6,6.200264
u32,null,unpredictable,,6,0.844119
u32,sse2,unpredictable,,6,2.144315
u32,tmueller,unpredictable,,6,1.862898
u32,unrolledlut,unpredictable,,6,1.595778
u32,yy,unpredictable,,6,2.518338
u32,zmij_scalar,unpredictable,,6,2.319099
u32,zmij_x64_native,unpredictable,,6,1.305031
u32,zmij_x64_v1,unpredictable,,6,1.957353
u32,zmij_x64_v2,unpredictable,,6,1.362446
u32,zmij_x64_v3,unpredictable,,6,1.245744
u32,zmij_x64_v3_nokernel,unpredictable,,6,1.425524
u32,zmij_x64_v4,unpredictable,,6,1.287183
u32,amartin,unpredictable,,7,2.081727
u32,branchlut,unpredictable,,7,2.421809
u32,branchlut2,unpredictable,,7,1.927675
u32,countlut,unpredictable,,7,2.267629
u32,fmt,unpredictable,,7,2.023045
u32,jeaiii,unpredictable,,7,1.423524
u32,naive,unpredictable,,7,6.169446
u32,null,unpredictable,,7,1.144749
u32,sse2,unpredictable,,7,1.961829
u32,tmueller,unpredictable,,7,1.725797
u32,unrolledlut,unpredictable,,7,3.023013
u32,yy,unpredictable,,7,1.916514
u32,zmij_scalar,unpredictable,,7,2.289710
u32,zmij_x64_native,unpredictable,,7,1.323936
u32,zmij_x64_v1,unpredictable,,7,1.949230
u32,zmij_x64_v2,unpredictable,,7,1.375296
u32,zmij_x64_v3,unpredictable,,7,1.278715
u32,zmij_x64_v3_nokernel,unpredictable,,7,1.321597
u32,zmij_x64_v4,unpredictable,,7,1.287563
u32,amartin,unpredictable,,8,2.060014
u32,branchlut,unpredictable,,8,2.855499
u32,branchlut2,unpredictable,,8,1.892007
u32,countlut,unpredictable,,8,2.259890
u32,fmt,unpredictable,,8,2.077802
u32,jeaiii,unpredictable,,8,1.247526
u32,naive,unpredictable,,8,5.714454
u32,null,unpredictable,,8,0.915761
u32,sse2,unpredictable,,8,2.504911
u32,tmueller,unpredictable,,8,1.669653
u32,unrolledlut,unpredictable,,8,2.961681
u32,yy,unpredictable,,8,1.907022
u32,zmij_scalar,unpredictable,,8,2.251013
u32,zmij_x64_native,unpredictable,,8,1.280050
u32,zmij_x64_v1,unpredictable,,8,1.936952
u32,zmij_x64_v2,unpredictable,,8,1.351888
u32,zmij_x64_v3,unpredictable,,8,1.280416
u32,zmij_x64_v3_nokernel,unpredictable,,8,1.300906
u32,zmij_x64_v4,unpredictable,,8,1.284873
u32,amartin,unpredictable,,9,4.624200
u32,branchlut,unpredictable,,9,2.959732
u32,branchlut2,unpredictable,,9,4.308897
u32,countlut,unpredictable,,9,2.608613
u32,fmt,unpredictable,,9,2.569217
u32,jeaiii,unpredictable,,9,1.530853
u32,naive,unpredictable,,9,6.430825
u32,null,unpredictable,,9,1.009001
u32,sse2,unpredictable,,9,2.415613
u32,tmueller,unpredictable,,9,1.756506
u32,unrolledlut,unpredictable,,9,4.367389
u32,yy,unpredictable,,9,2.389531
u32,zmij_scalar,unpredictable,,9,2.246680
u32,zmij_x64_native,unpredictable,,9,1.285077
u32,zmij_x64_v1,unpredictable,,9,1.909502
u32,zmij_x64_v2,unpredictable,,9,1.350087
u32,zmij_x64_v3,unpredictable,,9,1.299024
u32,zmij_x64_v3_nokernel,unpredictable,,9,1.295403
u32,zmij_x64_v4,unpredictable,,9,1.265833
u32,amartin,unpredictable,,10,4.970370
u32,branchlut,unpredictable,,10,3.334822
u32,branchlut2,unpredictable,,10,4.738276
u32,countlut,unpredictable,,10,3.123275
u32,fmt,unpredictable,,10,3.058033
u32,jeaiii,unpredictable,,10,1.950033
u32,naive,unpredictable,,10,7.638263
u32,null,unpredictable,,10,0.839232
u32,sse2,unpredictable,,10,2.768216
u32,tmueller,unpredictable,,10,1.933777
u32,unrolledlut,unpredictable,,10,4.509224
u32,yy,unpredictable,,10,2.425452
u32,zmij_scalar,unpredictable,,10,2.315943
u32,zmij_x64_native,unpredictable,,10,1.275208
u32,zmij_x64_v1,unpredictable,,10,1.895323
u32,zmij_x64_v2,unpredictable,,10,1.358129
u32,zmij_x64_v3,unpredictable,,10,1.262546
u32,zmij_x64_v3_nokernel,unpredictable,,10,1.306201
u32,zmij_x64_v4,unpredictable,,10,1.295424
u32,amartin,admixture,5x6,0,1.320662
u32,branchlut,admixture,5x6,0,1.975063
u32,branchlut2,admixture,5x6,0,1.499762
u32,countlut,admixture,5x6,0,1.794355
u32,fmt,admixture,5x6,0,1.787175
u32,jeaiii,admixture,5x6,0,1.130347
u32,naive,admixture,5x6,0,5.074938
u32,null,admixture,5x6,0,0.805539
u32,sse2,admixture,5x6,0,1.938772
u32,tmueller,admixture,5x6,0,1.404528
u32,unrolledlut,admixture,5x6,0,1.330379
u32,yy,admixture,5x6,0,1.219802
u32,zmij_scalar,admixture,5x6,0,2.280784
u32,zmij_x64_native,admixture,5x6,0,1.287091
u32,zmij_x64_v1,admixture,5x6,0,1.910385
u32,zmij_x64_v2,admixture,5x6,0,1.363249
u32,zmij_x64_v3,admixture,5x6,0,1.300716
u32,zmij_x64_v3_nokernel,admixture,5x6,0,1.354686
u32,zmij_x64_v4,admixture,5x6,0,1.297317
u32,amartin,admixture,5x6,10,1.325059
u32,branchlut,admixture,5x6,10,2.501187
u32,branchlut2,admixture,5x6,10,2.031665
u32,countlut,admixture,5x6,10,2.395011
u32,fmt,admixture,5x6,10,2.436144
u32,jeaiii,admixture,5x6,10,1.735842
u32,naive,admixture,5x6,10,5.579394
u32,null,admixture,5x6,10,0.809414
u32,sse2,admixture,5x6,10,2.444779
u32,tmueller,admixture,5x6,10,1.921165
u32,unrolledlut,admixture,5x6,10,1.973811
u32,yy,admixture,5x6,10,1.223426
u32,zmij_scalar,admixture,5x6,10,2.255634
u32,zmij_x64_native,admixture,5x6,10,1.315371
u32,zmij_x64_v1,admixture,5x6,10,1.905665
u32,zmij_x64_v2,admixture,5x6,10,1.372484
u32,zmij_x64_v3,admixture,5x6,10,1.306055
u32,zmij_x64_v3_nokernel,admixture,5x6,10,1.345096
u32,zmij_x64_v4,admixture,5x6,10,1.298046
u32,amartin,admixture,5x6,20,1.343548
u32,branchlut,admixture,5x6,20,3.138658
u32,branchlut2,admixture,5x6,20,2.584781
u32,countlut,admixture,5x6,20,2.824229
u32,fmt,admixture,5x6,20,2.961556
u32,jeaiii,admixture,5x6,20,2.141014
u32,naive,admixture,5x6,20,6.105824
u32,null,admixture,5x6,20,0.833793
u32,sse2,admixture,5x6,20,2.886695
u32,tmueller,admixture,5x6,20,2.375225
u32,unrolledlut,admixture,5x6,20,2.461927
u32,yy,admixture,5x6,20,1.249548
u32,zmij_scalar,admixture,5x6,20,2.248437
u32,zmij_x64_native,admixture,5x6,20,1.320328
u32,zmij_x64_v1,admixture,5x6,20,1.905189
u32,zmij_x64_v2,admixture,5x6,20,1.361114
u32,zmij_x64_v3,admixture,5x6,20,1.290273
u32,zmij_x64_v3_nokernel,admixture,5x6,20,1.349457
u32,zmij_x64_v4,admixture,5x6,20,1.292442
u32,amartin,admixture,5x6,30,1.319453
u32,branchlut,admixture,5x6,30,3.501155
u32,branchlut2,admixture,5x6,30,3.071504
u32,countlut,admixture,5x6,30,3.344552
u32,fmt,admixture,5x6,30,3.595532
u32,jeaiii,admixture,5x6,30,2.725121
u32,naive,admixture,5x6,30,6.618725
u32,null,admixture,5x6,30,0.775196
u32,sse2,admixture,5x6,30,3.401449
u32,tmueller,admixture,5x6,30,2.989955
u32,unrolledlut,admixture,5x6,30,3.008584
u32,yy,admixture,5x6,30,1.243037
u32,zmij_scalar,admixture,5x6,30,2.226177
u32,zmij_x64_native,admixture,5x6,30,1.321213
u32,zmij_x64_v1,admixture,5x6,30,1.945594
u32,zmij_x64_v2,admixture,5x6,30,1.373086
u32,zmij_x64_v3,admixture,5x6,30,1.319071
u32,zmij_x64_v3_nokernel,admixture,5x6,30,1.363123
u32,zmij_x64_v4,admixture,5x6,30,1.320901
u32,amartin,admixture,5x6,40,1.351469
u32,branchlut,admixture,5x6,40,4.192566
u32,branchlut2,admixture,5x6,40,3.614696
u32,countlut,admixture,5x6,40,4.088420
u32,fmt,admixture,5x6,40,4.346263
u32,jeaiii,admixture,5x6,40,3.353960
u32,naive,admixture,5x6,40,7.606332
u32,null,admixture,5x6,40,0.776699
u32,sse2,admixture,5x6,40,4.080239
u32,tmueller,admixture,5x6,40,3.543358
u32,unrolledlut,admixture,5x6,40,3.575725
u32,yy,admixture,5x6,40,1.254942
u32,zmij_scalar,admixture,5x6,40,2.265738
u32,zmij_x64_native,admixture,5x6,40,1.327522
u32,zmij_x64_v1,admixture,5x6,40,1.878049
u32,zmij_x64_v2,admixture,5x6,40,1.350542
u32,zmij_x64_v3,admixture,5x6,40,1.290223
u32,zmij_x64_v3_nokernel,admixture,5x6,40,1.317325
u32,zmij_x64_v4,admixture,5x6,40,1.288049
u32,amartin,admixture,5x6,50,1.327245
u32,branchlut,admixture,5x6,50,4.247561
u32,branchlut2,admixture,5x6,50,3.697478
u32,countlut,admixture,5x6,50,4.480120
u32,fmt,admixture,5x6,50,4.804798
u32,jeaiii,admixture,5x6,50,3.583557
u32,naive,admixture,5x6,50,7.615973
u32,null,admixture,5x6,50,0.832687
u32,sse2,admixture,5x6,50,4.148297
u32,tmueller,admixture,5x6,50,3.882545
u32,unrolledlut,admixture,5x6,50,4.071568
u32,yy,admixture,5x6,50,1.201417
u32,zmij_scalar,admixture,5x6,50,2.239090
u32,zmij_x64_native,admixture,5x6,50,1.308128
u32,zmij_x64_v1,admixture,5x6,50,1.908342
u32,zmij_x64_v2,admixture,5x6,50,1.372902
u32,zmij_x64_v3,admixture,5x6,50,1.307818
u32,zmij_x64_v3_nokernel,admixture,5x6,50,1.327070
u32,zmij_x64_v4,admixture,5x6,50,1.297912
u32,amartin,admixture,5x6,60,1.345257
u32,branchlut,admixture,5x6,60,3.969157
u32,branchlut2,admixture,5x6,60,3.319390
u32,countlut,admixture,5x6,60,4.228540
u32,fmt,admixture,5x6,60,4.382074
u32,jeaiii,admixture,5x6,60,3.301279
u32,naive,admixture,5x6,60,7.214315
u32,null,admixture,5x6,60,0.815030
u32,sse2,admixture,5x6,60,3.907946
u32,tmueller,admixture,5x6,60,3.518483
u32,unrolledlut,admixture,5x6,60,3.637073
u32,yy,admixture,5x6,60,1.230644
u32,zmij_scalar,admixture,5x6,60,2.259734
u32,zmij_x64_native,admixture,5x6,60,1.304525
u32,zmij_x64_v1,admixture,5x6,60,1.885507
u32,zmij_x64_v2,admixture,5x6,60,1.361125
u32,zmij_x64_v3,admixture,5x6,60,1.281330
u32,zmij_x64_v3_nokernel,admixture,5x6,60,1.310217
u32,zmij_x64_v4,admixture,5x6,60,1.294824
u32,amartin,admixture,5x6,70,1.330652
u32,branchlut,admixture,5x6,70,3.485895
u32,branchlut2,admixture,5x6,70,2.881534
u32,countlut,admixture,5x6,70,3.509949
u32,fmt,admixture,5x6,70,3.729610
u32,jeaiii,admixture,5x6,70,2.801615
u32,naive,admixture,5x6,70,6.448363
u32,null,admixture,5x6,70,0.872216
u32,sse2,admixture,5x6,70,3.416386
u32,tmueller,admixture,5x6,70,2.800304
u32,unrolledlut,admixture,5x6,70,3.197267
u32,yy,admixture,5x6,70,1.236372
u32,zmij_scalar,admixture,5x6,70,2.251885
u32,zmij_x64_native,admixture,5x6,70,1.326563
u32,zmij_x64_v1,admixture,5x6,70,1.924792
u32,zmij_x64_v2,admixture,5x6,70,1.383502
u32,zmij_x64_v3,admixture,5x6,70,1.311559
u32,zmij_x64_v3_nokernel,admixture,5x6,70,1.319003
u32,zmij_x64_v4,admixture,5x6,70,1.301909
u32,amartin,admixture,5x6,80,1.312661
u32,branchlut,admixture,5x6,80,2.925642
u32,branchlut2,admixture,5x6,80,2.380505
u32,countlut,admixture,5x6,80,2.765699
u32,fmt,admixture,5x6,80,3.001290
u32,jeaiii,admixture,5x6,80,2.138791
u32,naive,admixture,5x6,80,5.564395
u32,null,admixture,5x6,80,0.848276
u32,sse2,admixture,5x6,80,2.797581
u32,tmueller,admixture,5x6,80,2.139107
u32,unrolledlut,admixture,5x6,80,2.547695
u32,yy,admixture,5x6,80,1.203881
u32,zmij_scalar,admixture,5x6,80,2.235527
u32,zmij_x64_native,admixture,5x6,80,1.307728
u32,zmij_x64_v1,admixture,5x6,80,1.897116
u32,zmij_x64_v2,admixture,5x6,80,1.349483
u32,zmij_x64_v3,admixture,5x6,80,1.279737
u32,zmij_x64_v3_nokernel,admixture,5x6,80,1.288977
u32,zmij_x64_v4,admixture,5x6,80,1.299599
u32,amartin,admixture,5x6,90,1.329952
u32,branchlut,admixture,5x6,90,2.350190
u32,branchlut2,admixture,5x6,90,1.904315
u32,countlut,admixture,5x6,90,2.268190
u32,fmt,admixture,5x6,90,2.446359
u32,jeaiii,admixture,5x6,90,1.683675
u32,naive,admixture,5x6,90,4.897565
u32,null,admixture,5x6,90,0.850503
u32,sse2,admixture,5x6,90,2.324504
u32,tmueller,admixture,5x6,90,1.597418
u32,unrolledlut,admixture,5x6,90,2.029176
u32,yy,admixture,5x6,90,1.242808
u32,zmij_scalar,admixture,5x6,90,2.249130
u32,zmij_x64_native,admixture,5x6,90,1.305430
u32,zmij_x64_v1,admixture,5x6,90,1.917353
u32,zmij_x64_v2,admixture,5x6,90,1.358125
u32,zmij_x64_v3,admixture,5x6,90,1.292605
u32,zmij_x64_v3_nokernel,admixture,5x6,90,1.310291
u32,zmij_x64_v4,admixture,5x6,90,1.301804
u32,amartin,admixture,5x6,100,1.341338
u32,branchlut,admixture,5x6,100,1.869842
u32,branchlut2,admixture,5x6,100,1.337647
u32,countlut,admixture,5x6,100,1.724056
u32,fmt,admixture,5x6,100,1.809100
u32,jeaiii,admixture,5x6,100,1.127461
u32,naive,admixture,5x6,100,4.235701
u32,null,admixture,5x6,100,0.723680
u32,sse2,admixture,5x6,100,1.781016
u32,tmueller,admixture,5x6,100,1.016533
u32,unrolledlut,admixture,5x6,100,1.383199
u32,yy,admixture,5x6,100,1.221503
u32,zmij_scalar,admixture,5x6,100,2.227911
u32,zmij_x64_native,admixture,5x6,100,1.305474
u32,zmij_x64_v1,admixture,5x6,100,1.916547
u32,zmij_x64_v2,admixture,5x6,100,1.361147
u32,zmij_x64_v3,admixture,5x6,100,1.293777
u32,zmij_x64_v3_nokernel,admixture,5x6,100,1.291792
u32,zmij_x64_v4,admixture,5x6,100,1.293459
i32,amartin,bylength,,1,0.813737
i32,branchlut,bylength,,1,4.000631
i32,branchlut2,bylength,,1,3.542644
i32,countlut,bylength,,1,3.658456
i32,fmt,bylength,,1,0.968600
i32,jeaiii,bylength,,1,3.593718
i32,naive,bylength,,1,3.866101
i32,null,bylength,,1,0.801672
i32,sse2,bylength,,1,3.752887
i32,tmueller,bylength,,1,0.754243
i32,unrolledlut,bylength,,1,3.725779
i32,yy,bylength,,1,0.969696
i32,zmij_scalar,bylength,,1,2.495557
i32,zmij_x64_native,bylength,,1,1.609815
i32,zmij_x64_v1,bylength,,1,2.156595
i32,zmij_x64_v2,bylength,,1,1.634961
i32,zmij_x64_v3,bylength,,1,1.576775
i32,zmij_x64_v3_nokernel,bylength,,1,1.783964
i32,zmij_x64_v4,bylength,,1,1.597511
i32,amartin,bylength,,2,0.893440
i32,branchlut,bylength,,2,4.101151
i32,branchlut2,bylength,,2,3.877992
i32,countlut,bylength,,2,3.841285
i32,fmt,bylength,,2,0.950797
i32,jeaiii,bylength,,2,3.586574
i32,naive,bylength,,2,4.708514
i32,null,bylength,,2,0.910149
i32,sse2,bylength,,2,3.847164
i32,tmueller,bylength,,2,1.729435
i32,unrolledlut,bylength,,2,3.423021
i32,yy,bylength,,2,0.951719
i32,zmij_scalar,bylength,,2,2.490517
i32,zmij_x64_native,bylength,,2,1.610508
i32,zmij_x64_v1,bylength,,2,2.156516
i32,zmij_x64_v2,bylength,,2,1.638283
i32,zmij_x64_v3,bylength,,2,1.582878
i32,zmij_x64_v3_nokernel,bylength,,2,1.580910
i32,zmij_x64_v4,bylength,,2,1.593567
i32,amartin,bylength,,3,1.183955
i32,branchlut,bylength,,3,3.822352
i32,branchlut2,bylength,,3,3.727064
i32,countlut,bylength,,3,3.745674
i32,fmt,bylength,,3,1.389263
i32,jeaiii,bylength,,3,3.877270
i32,naive,bylength,,3,5.370746
i32,null,bylength,,3,0.876388
i32,sse2,bylength,,3,3.697925
i32,tmueller,bylength,,3,1.757161
i32,unrolledlut,bylength,,3,4.098665
i32,yy,bylength,,3,1.094800
i32,zmij_scalar,bylength,,3,2.498682
i32,zmij_x64_native,bylength,,3,1.586166
i32,zmij_x64_v1,bylength,,3,2.164019
i32,zmij_x64_v2,bylength,,3,1.637385
i32,zmij_x64_v3,bylength,,3,1.583014
i32,zmij_x64_v3_nokernel,bylength,,3,1.585326
i32,zmij_x64_v4,bylength,,3,1.600422
i32,amartin,bylength,,4,1.191854
i32,branchlut,bylength,,4,3.853832
i32,branchlut2,bylength,,4,3.786738
i32,countlut,bylength,,4,3.851869
i32,fmt,bylength,,4,1.459888
i32,jeaiii,bylength,,4,3.603713
i32,naive,bylength,,4,5.993075
i32,null,bylength,,4,0.882850
i32,sse2,bylength,,4,3.828677
i32,tmueller,bylength,,4,1.230198
i32,unrolledlut,bylength,,4,3.919018
i32,yy,bylength,,4,1.068813
i32,zmij_scalar,bylength,,4,2.507994
i32,zmij_x64_native,bylength,,4,1.596266
i32,zmij_x64_v1,bylength,,4,2.179990
i32,zmij_x64_v2,bylength,,4,1.641320
i32,zmij_x64_v3,bylength,,4,1.591367
i32,zmij_x64_v3_nokernel,bylength,,4,1.581485
i32,zmij_x64_v4,bylength,,4,1.578360
i32,amartin,bylength,,5,1.678023
i32,branchlut,bylength,,5,4.472625
i32,branchlut2,bylength,,5,3.717013
i32,countlut,bylength,,5,3.893336
i32,fmt,bylength,,5,1.763640
i32,jeaiii,bylength,,5,3.693790
i32,naive,bylength,,5,6.675705
i32,null,bylength,,5,0.827850
i32,sse2,bylength,,5,4.286386
i32,tmueller,bylength,,5,1.217089
i32,unrolledlut,bylength,,5,4.216615
i32,yy,bylength,,5,1.434788
i32,zmij_scalar,bylength,,5,2.489911
i32,zmij_x64_native,bylength,,5,1.576996
i32,zmij_x64_v1,bylength,,5,2.151272
i32,zmij_x64_v2,bylength,,5,1.648128
i32,zmij_x64_v3,bylength,,5,1.577214
i32,zmij_x64_v3_nokernel,bylength,,5,1.582538
i32,zmij_x64_v4,bylength,,5,1.587882
i32,amartin,bylength,,6,1.675455
i32,branchlut,bylength,,6,4.762249
i32,branchlut2,bylength,,6,4.491702
i32,countlut,bylength,,6,4.239644
i32,fmt,bylength,,6,1.784575
i32,jeaiii,bylength,,6,3.792152
i32,naive,bylength,,6,7.350805
i32,null,bylength,,6,0.765980
i32,sse2,bylength,,6,4.369392
i32,tmueller,bylength,,6,1.677015
i32,unrolledlut,bylength,,6,4.159950
i32,yy,bylength,,6,1.416845
i32,zmij_scalar,bylength,,6,2.602434
i32,zmij_x64_native,bylength,,6,1.636137
i32,zmij_x64_v1,bylength,,6,2.159848
i32,zmij_x64_v2,bylength,,6,1.645496
i32,zmij_x64_v3,bylength,,6,1.658182
i32,zmij_x64_v3_nokernel,bylength,,6,1.657198
i32,zmij_x64_v4,bylength,,6,1.634093
i32,amartin,bylength,,7,2.164336
i32,branchlut,bylength,,7,4.097597
i32,branchlut2,bylength,,7,4.431648
i32,countlut,bylength,,7,4.123432
i32,fmt,bylength,,7,2.115514
i32,jeaiii,bylength,,7,3.862391
i32,naive,bylength,,7,8.201277
i32,null,bylength,,7,0.860634
i32,sse2,bylength,,7,4.318955
i32,tmueller,bylength,,7,1.678472
i32,unrolledlut,bylength,,7,3.898173
i32,yy,bylength,,7,1.847308
i32,zmij_scalar,bylength,,7,2.495992
i32,zmij_x64_native,bylength,,7,1.605548
i32,zmij_x64_v1,bylength,,7,2.163245
i32,zmij_x64_v2,bylength,,7,1.674146
i32,zmij_x64_v3,bylength,,7,1.589582
i32,zmij_x64_v3_nokernel,bylength,,7,1.584384
i32,zmij_x64_v4,bylength,,7,1.625916
i32,amartin,bylength,,8,2.164766
i32,branchlut,bylength,,8,4.222264
i32,branchlut2,bylength,,8,4.697031
i32,countlut,bylength,,8,4.614160
i32,fmt,bylength,,8,2.099493
i32,jeaiii,bylength,,8,4.170202
i32,naive,bylength,,8,8.140170
i32,null,bylength,,8,0.770624
i32,sse2,bylength,,8,4.393790
i32,tmueller,bylength,,8,2.319175
i32,unrolledlut,bylength,,8,4.207762
i32,yy,bylength,,8,1.849946
i32,zmij_scalar,bylength,,8,2.524929
i32,zmij_x64_native,bylength,,8,1.598284
i32,zmij_x64_v1,bylength,,8,2.204626
i32,zmij_x64_v2,bylength,,8,1.644237
i32,zmij_x64_v3,bylength,,8,1.610256
i32,zmij_x64_v3_nokernel,bylength,,8,1.611689
i32,zmij_x64_v4,bylength,,8,1.604072
i32,amartin,bylength,,9,2.555386
i32,branchlut,bylength,,9,4.418769
i32,branchlut2,bylength,,9,3.961907
i32,countlut,bylength,,9,4.762880
i32,fmt,bylength,,9,2.447662
i32,jeaiii,bylength,,9,4.137188
i32,naive,bylength,,9,9.099107
i32,null,bylength,,9,0.819185
i32,sse2,bylength,,9,3.963928
i32,tmueller,bylength,,9,2.339895
i32,unrolledlut,bylength,,9,4.180034
i32,yy,bylength,,9,2.198819
i32,zmij_scalar,bylength,,9,2.494036
i32,zmij_x64_native,bylength,,9,1.590869
i32,zmij_x64_v1,bylength,,9,2.180593
i32,zmij_x64_v2,bylength,,9,1.643124
i32,zmij_x64_v3,bylength,,9,1.595320
i32,zmij_x64_v3_nokernel,bylength,,9,1.573957
i32,zmij_x64_v4,bylength,,9,1.588975
i32,amartin,bylength,,10,2.540867
i32,branchlut,bylength,,10,4.302475
i32,branchlut2,bylength,,10,4.092861
i32,countlut,bylength,,10,4.833686
i32,fmt,bylength,,10,2.429085
i32,jeaiii,bylength,,10,4.186940
i32,naive,bylength,,10,9.891925
i32,null,bylength,,10,0.831451
i32,sse2,bylength,,10,3.977113
i32,tmueller,bylength,,10,2.313866
i32,unrolledlut,bylength,,10,4.104233
i32,yy,bylength,,10,2.173933
i32,zmij_scalar,bylength,,10,2.539766
i32,zmij_x64_native,bylength,,10,1.613078
i32,zmij_x64_v1,bylength,,10,2.180700
i32,zmij_x64_v2,bylength,,10,1.662500
i32,zmij_x64_v3,bylength,,10,1.597995
i32,zmij_x64_v3_nokernel,bylength,,10,1.587177
i32,zmij_x64_v4,bylength,,10,1.607156
i32,amartin,loguniform,1-10,10,6.136751
i32,branchlut,loguniform,1-10,10,10.192310
i32,branchlut2,loguniform,1-10,10,10.848576
i32,countlut,loguniform,1-10,10,10.779159
i32,fmt,loguniform,1-10,10,8.396867
i32,jeaiii,loguniform,1-10,10,10.125162
i32,naive,loguniform,1-10,10,11.763086
i32,null,loguniform,1-10,10,0.806538
i32,sse2,loguniform,1-10,10,10.232579
i32,tmueller,loguniform,1-10,10,6.989779
i32,unrolledlut,loguniform,1-10,10,9.613782
i32,yy,loguniform,1-10,10,5.951145
i32,zmij_scalar,loguniform,1-10,10,2.485780
i32,zmij_x64_native,loguniform,1-10,10,1.582277
i32,zmij_x64_v1,loguniform,1-10,10,2.162497
i32,zmij_x64_v2,loguniform,1-10,10,1.631291
i32,zmij_x64_v3,loguniform,1-10,10,1.585934
i32,zmij_x64_v3_nokernel,loguniform,1-10,10,1.585872
i32,zmij_x64_v4,loguniform,1-10,10,1.589718
i32,amartin,loguniform,1-4,4,3.890382
i32,branchlut,loguniform,1-4,4,7.482052
i32,branchlut2,loguniform,1-4,4,8.153563
i32,countlut,loguniform,1-4,4,8.257960
i32,fmt,loguniform,1-4,4,6.075892
i32,jeaiii,loguniform,1-4,4,8.097042
i32,naive,loguniform,1-4,4,8.606581
i32,null,loguniform,1-4,4,0.787238
i32,sse2,loguniform,1-4,4,7.188208
i32,tmueller,loguniform,1-4,4,4.343782
i32,unrolledlut,loguniform,1-4,4,8.028405
i32,yy,loguniform,1-4,4,3.888076
i32,zmij_scalar,loguniform,1-4,4,2.569861
i32,zmij_x64_native,loguniform,1-4,4,1.605065
i32,zmij_x64_v1,loguniform,1-4,4,2.169047
i32,zmij_x64_v2,loguniform,1-4,4,1.655462
i32,zmij_x64_v3,loguniform,1-4,4,1.595174
i32,zmij_x64_v3_nokernel,loguniform,1-4,4,1.613963
i32,zmij_x64_v4,loguniform,1-4,4,1.613536
i32,amartin,uniform,0-255,0,3.527300
i32,branchlut,uniform,0-255,0,3.405410
i32,branchlut2,uniform,0-255,0,3.493701
i32,countlut,uniform,0-255,0,3.509259
i32,fmt,uniform,0-255,0,3.534432
i32,jeaiii,uniform,0-255,0,3.473890
i32,naive,uniform,0-255,0,4.662213
i32,null,uniform,0-255,0,0.752453
i32,sse2,uniform,0-255,0,3.366988
i32,tmueller,uniform,0-255,0,1.969454
i32,unrolledlut,uniform,0-255,0,3.272136
i32,yy,uniform,0-255,0,3.173348
i32,zmij_scalar,uniform,0-255,0,2.501122
i32,zmij_x64_native,uniform,0-255,0,1.603763
i32,zmij_x64_v1,uniform,0-255,0,2.169693
i32,zmij_x64_v2,uniform,0-255,0,1.658139
i32,zmij_x64_v3,uniform,0-255,0,1.583679
i32,zmij_x64_v3_nokernel,uniform,0-255,0,1.595393
i32,zmij_x64_v4,uniform,0-255,0,1.597292
i32,amartin,unpredictable,,1,2.741345
i32,branchlut,unpredictable,,1,4.750999
i32,branchlut2,unpredictable,,1,3.983115
i32,countlut,unpredictable,,1,6.136794
i32,fmt,unpredictable,,1,3.724566
i32,jeaiii,unpredictable,,1,5.927756
i32,naive,unpredictable,,1,7.129286
i32,null,unpredictable,,1,0.763142
i32,sse2,unpredictable,,1,4.401043
i32,tmueller,unpredictable,,1,1.790076
i32,unrolledlut,unpredictable,,1,4.281632
i32,yy,unpredictable,,1,3.755562
i32,zmij_scalar,unpredictable,,1,2.511142
i32,zmij_x64_native,unpredictable,,1,1.615335
i32,zmij_x64_v1,unpredictable,,1,2.174868
i32,zmij_x64_v2,unpredictable,,1,1.638149
i32,zmij_x64_v3,unpredictable,,1,1.625430
i32,zmij_x64_v3_nokernel,unpredictable,,1,1.717027
i32,zmij_x64_v4,unpredictable,,1,1.578793
i32,amartin,unpredictable,,2,2.769340
i32,branchlut,unpredictable,,2,4.482134
i32,branchlut2,unpredictable,,2,4.135465
i32,countlut,unpredictable,,2,7.004010
i32,fmt,unpredictable,,2,4.398537
i32,jeaiii,unpredictable,,2,6.933640
i32,naive,unpredictable,,2,7.911790
i32,null,unpredictable,,2,0.758436
i32,sse2,unpredictable,,2,4.289989
i32,tmueller,unpredictable,,2,1.898107
i32,unrolledlut,unpredictable,,2,4.223210
i32,yy,unpredictable,,2,3.901304
i32,zmij_scalar,unpredictable,,2,2.517644
i32,zmij_x64_native,unpredictable,,2,1.603607
i32,zmij_x64_v1,unpredictable,,2,2.235074
i32,zmij_x64_v2,unpredictable,,2,1.673211
i32,zmij_x64_v3,unpredictable,,2,1.627100
i32,zmij_x64_v3_nokernel,unpredictable,,2,1.610415
i32,zmij_x64_v4,unpredictable,,2,1.621923
i32,amartin,unpredictable,,3,2.296739
i32,branchlut,unpredictable,,3,5.874349
i32,branchlut2,unpredictable,,3,4.904571
i32,countlut,unpredictable,,3,6.021112
i32,fmt,unpredictable,,3,3.094980
i32,jeaiii,unpredictable,,3,4.837558
i32,naive,unpredictable,,3,8.036970
i32,null,unpredictable,,3,1.085665
i32,sse2,unpredictable,,3,5.739594
i32,tmueller,unpredictable,,3,2.062512
i32,unrolledlut,unpredictable,,3,4.523388
i32,yy,unpredictable,,3,2.946850
i32,zmij_scalar,unpredictable,,3,2.434419
i32,zmij_x64_native,unpredictable,,3,1.624348
i32,zmij_x64_v1,unpredictable,,3,2.154589
i32,zmij_x64_v2,unpredictable,,3,1.672473
i32,zmij_x64_v3,unpredictable,,3,1.635213
i32,zmij_x64_v3_nokernel,unpredictable,,3,1.620656
i32,zmij_x64_v4,unpredictable,,3,1.573933
i32,amartin,unpredictable,,4,2.039286
i32,branchlut,unpredictable,,4,5.634166
i32,branchlut2,unpredictable,,4,4.511003
i32,countlut,unpredictable,,4,5.274521
i32,fmt,unpredictable,,4,2.609901
i32,jeaiii,unpredictable,,4,3.865937
i32,naive,unpredictable,,4,7.520964
i32,null,unpredictable,,4,0.794763
i32,sse2,unpredictable,,4,5.502024
i32,tmueller,unpredictable,,4,1.666204
i32,unrolledlut,unpredictable,,4,3.740210
i32,yy,unpredictable,,4,2.764860
i32,zmij_scalar,unpredictable,,4,2.452435
i32,zmij_x64_native,unpredictable,,4,1.595582
i32,zmij_x64_v1,unpredictable,,4,2.170565
i32,zmij_x64_v2,unpredictable,,4,1.637983
i32,zmij_x64_v3,unpredictable,,4,1.601803
i32,zmij_x64_v3_nokernel,unpredictable,,4,1.573731
i32,zmij_x64_v4,unpredictable,,4,1.572063
i32,amartin,unpredictable,,5,1.748946
i32,branchlut,unpredictable,,5,4.480183
i32,branchlut2,unpredictable,,5,4.492127
i32,countlut,unpredictable,,5,4.929280
i32,fmt,unpredictable,,5,2.502072
i32,jeaiii,unpredictable,,5,4.043168
i32,naive,unpredictable,,5,8.130351
i32,null,unpredictable,,5,0.851624
i32,sse2,unpredictable,,5,4.199011
i32,tmueller,unpredictable,,5,1.772538
i32,unrolledlut,unpredictable,,5,3.838314
i32,yy,unpredictable,,5,2.215739
i32,zmij_scalar,unpredictable,,5,2.484874
i32,zmij_x64_native,unpredictable,,5,1.595859
i32,zmij_x64_v1,unpredictable,,5,2.202985
i32,zmij_x64_v2,unpredictable,,5,1.649077
i32,zmij_x64_v3,unpredictable,,5,1.578861
i32,zmij_x64_v3_nokernel,unpredictable,,5,1.587141
i32,zmij_x64_v4,unpredictable,,5,1.589697
i32,amartin,unpredictable,,6,1.757075
i32,branchlut,unpredictable,,6,4.690865
i32,branchlut2,unpredictable,,6,5.270855
i32,countlut,unpredictable,,6,5.398480
i32,fmt,unpredictable,,6,2.835188
i32,jeaiii,unpredictable,,6,4.693244
i32,naive,unpredictable,,6,8.616960
i32,null,unpredictable,,6,0.814717
i32,sse2,unpredictable,,6,4.835454
i32,tmueller,unpredictable,,6,2.311875
i32,unrolledlut,unpredictable,,6,4.418044
i32,yy,unpredictable,,6,2.386588
i32,zmij_scalar,unpredictable,,6,2.469301
i32,zmij_x64_native,unpredictable,,6,1.592115
i32,zmij_x64_v1,unpredictable,,6,2.186983
i32,zmij_x64_v2,unpredictable,,6,1.644158
i32,zmij_x64_v3,unpredictable,,6,1.591437
i32,zmij_x64_v3_nokernel,unpredictable,,6,1.650424
i32,zmij_x64_v4,unpredictable,,6,1.608397
i32,amartin,unpredictable,,7,2.385274
i32,branchlut,unpredictable,,7,5.314712
i32,branchlut2,unpredictable,,7,5.406652
i32,countlut,unpredictable,,7,4.705451
i32,fmt,unpredictable,,7,1.863991
i32,jeaiii,unpredictable,,7,4.297657
i32,naive,unpredictable,,7,8.524785
i32,null,unpredictable,,7,0.779754
i32,sse2,unpredictable,,7,5.278758
i32,tmueller,unpredictable,,7,2.360500
i32,unrolledlut,unpredictable,,7,6.131130
i32,yy,unpredictable,,7,1.784664
i32,zmij_scalar,unpredictable,,7,2.482489
i32,zmij_x64_native,unpredictable,,7,1.606252
i32,zmij_x64_v1,unpredictable,,7,2.165868
i32,zmij_x64_v2,unpredictable,,7,1.628240
i32,zmij_x64_v3,unpredictable,,7,1.613328
i32,zmij_x64_v3_nokernel,unpredictable,,7,1.581066
i32,zmij_x64_v4,unpredictable,,7,1.588409
i32,amartin,unpredictable,,8,2.055234
i32,branchlut,unpredictable,,8,5.094463
i32,branchlut2,unpredictable,,8,5.298554
i32,countlut,unpredictable,,8,4.687035
i32,fmt,unpredictable,,8,1.949198
i32,jeaiii,unpredictable,,8,4.323238
i32,naive,unpredictable,,8,8.014423
i32,null,unpredictable,,8,0.732578
i32,sse2,unpredictable,,8,4.913401
i32,tmueller,unpredictable,,8,2.307582
i32,unrolledlut,unpredictable,,8,5.733174
i32,yy,unpredictable,,8,1.906587
i32,zmij_scalar,unpredictable,,8,2.441432
i32,zmij_x64_native,unpredictable,,8,1.580483
i32,zmij_x64_v1,unpredictable,,8,2.154847
i32,zmij_x64_v2,unpredictable,,8,1.628570
i32,zmij_x64_v3,unpredictable,,8,1.600964
i32,zmij_x64_v3_nokernel,unpredictable,,8,1.586737
i32,zmij_x64_v4,unpredictable,,8,1.576284
i32,amartin,unpredictable,,9,5.070966
i32,branchlut,unpredictable,,9,5.732429
i32,branchlut2,unpredictable,,9,7.654285
i32,countlut,unpredictable,,9,5.204419
i32,fmt,unpredictable,,9,2.716421
i32,jeaiii,unpredictable,,9,4.849763
i32,naive,unpredictable,,9,9.050096
i32,null,unpredictable,,9,0.954602
i32,sse2,unpredictable,,9,5.427504
i32,tmueller,unpredictable,,9,2.231230
i32,unrolledlut,unpredictable,,9,6.618968
i32,yy,unpredictable,,9,2.278787
i32,zmij_scalar,unpredictable,,9,2.509351
i32,zmij_x64_native,unpredictable,,9,1.590307
i32,zmij_x64_v1,unpredictable,,9,2.205646
i32,zmij_x64_v2,unpredictable,,9,1.645684
i32,zmij_x64_v3,unpredictable,,9,1.591133
i32,zmij_x64_v3_nokernel,unpredictable,,9,1.583838
i32,zmij_x64_v4,unpredictable,,9,1.596473
i32,amartin,unpredictable,,10,4.704895
i32,branchlut,unpredictable,,10,5.050150
i32,branchlut2,unpredictable,,10,6.829887
i32,countlut,unpredictable,,10,5.334844
i32,fmt,unpredictable,,10,2.677772
i32,jeaiii,unpredictable,,10,5.225170
i32,naive,unpredictable,,10,10.097965
i32,null,unpredictable,,10,0.871805
i32,sse2,unpredictable,,10,4.741241
i32,tmueller,unpredictable,,10,2.249058
i32,unrolledlut,unpredictable,,10,6.432469
i32,yy,unpredictable,,10,2.204962
i32,zmij_scalar,unpredictable,,10,2.475339
i32,zmij_x64_native,unpredictable,,10,1.547989
i32,zmij_x64_v1,unpredictable,,10,2.169610
i32,zmij_x64_v2,unpredictable,,10,1.610207
i32,zmij_x64_v3,unpredictable,,10,1.589447
i32,zmij_x64_v3_nokernel,unpredictable,,10,1.568842
i32,zmij_x64_v4,unpredictable,,10,1.574819
i32,amartin,admixture,5x6,0,1.670627
i32,branchlut,admixture,5x6,0,4.563166
i32,branchlut2,admixture,5x6,0,4.258598
i32,countlut,admixture,5x6,0,4.038263
i32,fmt,admixture,5x6,0,1.770030
i32,jeaiii,admixture,5x6,0,3.620162
i32,naive,admixture,5x6,0,7.345741
i32,null,admixture,5x6,0,0.747022
i32,sse2,admixture,5x6,0,4.391221
i32,tmueller,admixture,5x6,0,1.667025
i32,unrolledlut,admixture,5x6,0,4.151107
i32,yy,admixture,5x6,0,1.414994
i32,zmij_scalar,admixture,5x6,0,2.488896
i32,zmij_x64_native,admixture,5x6,0,1.606605
i32,zmij_x64_v1,admixture,5x6,0,2.156438
i32,zmij_x64_v2,admixture,5x6,0,1.615864
i32,zmij_x64_v3,admixture,5x6,0,1.577076
i32,zmij_x64_v3_nokernel,admixture,5x6,0,1.594593
i32,zmij_x64_v4,admixture,5x6,0,1.573003
i32,amartin,admixture,5x6,10,1.668871
i32,branchlut,admixture,5x6,10,4.683326
i32,branchlut2,admixture,5x6,10,4.638937
i32,countlut,admixture,5x6,10,4.655460
i32,fmt,admixture,5x6,10,2.342632
i32,jeaiii,admixture,5x6,10,4.127815
i32,naive,admixture,5x6,10,7.813790
i32,null,admixture,5x6,10,0.845741
i32,sse2,admixture,5x6,10,4.785581
i32,tmueller,admixture,5x6,10,2.204754
i32,unrolledlut,admixture,5x6,10,4.263201
i32,yy,admixture,5x6,10,1.409512
i32,zmij_scalar,admixture,5x6,10,2.509756
i32,zmij_x64_native,admixture,5x6,10,1.594115
i32,zmij_x64_v1,admixture,5x6,10,2.165632
i32,zmij_x64_v2,admixture,5x6,10,1.633853
i32,zmij_x64_v3,admixture,5x6,10,1.581128
i32,zmij_x64_v3_nokernel,admixture,5x6,10,1.612751
i32,zmij_x64_v4,admixture,5x6,10,1.596726
i32,amartin,admixture,5x6,20,1.672222
i32,branchlut,admixture,5x6,20,5.403222
i32,branchlut2,admixture,5x6,20,5.310041
i32,countlut,admixture,5x6,20,5.301005
i32,fmt,admixture,5x6,20,2.903840
i32,jeaiii,admixture,5x6,20,4.677030
i32,naive,admixture,5x6,20,8.327562
i32,null,admixture,5x6,20,0.842970
i32,sse2,admixture,5x6,20,5.376623
i32,tmueller,admixture,5x6,20,2.715343
i32,unrolledlut,admixture,5x6,20,4.755285
i32,yy,admixture,5x6,20,1.409923
i32,zmij_scalar,admixture,5x6,20,2.497292
i32,zmij_x64_native,admixture,5x6,20,1.605886
i32,zmij_x64_v1,admixture,5x6,20,2.160196
i32,zmij_x64_v2,admixture,5x6,20,1.641937
i32,zmij_x64_v3,admixture,5x6,20,1.579565
i32,zmij_x64_v3_nokernel,admixture,5x6,20,1.607021
i32,zmij_x64_v4,admixture,5x6,20,1.593042
i32,amartin,admixture,5x6,30,1.667964
i32,branchlut,admixture,5x6,30,6.151199
i32,branchlut2,admixture,5x6,30,5.999039
i32,countlut,admixture,5x6,30,6.296817
i32,fmt,admixture,5x6,30,3.690820
i32,jeaiii,admixture,5x6,30,5.544305
i32,naive,admixture,5x6,30,9.083124
i32,null,admixture,5x6,30,0.784346
i32,sse2,admixture,5x6,30,6.173287
i32,tmueller,admixture,5x6,30,3.343735
i32,unrolledlut,admixture,5x6,30,5.726859
i32,yy,admixture,5x6,30,1.444628
i32,zmij_scalar,admixture,5x6,30,2.501952
i32,zmij_x64_native,admixture,5x6,30,1.592161
i32,zmij_x64_v1,admixture,5x6,30,2.175252
i32,zmij_x64_v2,admixture,5x6,30,1.642912
i32,zmij_x64_v3,admixture,5x6,30,1.588843
i32,zmij_x64_v3_nokernel,admixture,5x6,30,1.627368
i32,zmij_x64_v4,admixture,5x6,30,1.611828
i32,amartin,admixture,5x6,40,1.670444
i32,branchlut,admixture,5x6,40,6.399490
i32,branchlut2,admixture,5x6,40,6.615703
i32,countlut,admixture,5x6,40,6.935570
i32,fmt,admixture,5x6,40,4.435500
i32,jeaiii,admixture,5x6,40,6.079208
i32,naive,admixture,5x6,40,9.364054
i32,null,admixture,5x6,40,0.788917
i32,sse2,admixture,5x6,40,6.599492
i32,tmueller,admixture,5x6,40,3.953142
i32,unrolledlut,admixture,5x6,40,5.984803
i32,yy,admixture,5x6,40,1.403552
i32,zmij_scalar,admixture,5x6,40,2.503593
i32,zmij_x64_native,admixture,5x6,40,1.595271
i32,zmij_x64_v1,admixture,5x6,40,2.158419
i32,zmij_x64_v2,admixture,5x6,40,1.637828
i32,zmij_x64_v3,admixture,5x6,40,1.571432
i32,zmij_x64_v3_nokernel,admixture,5x6,40,1.606813
i32,zmij_x64_v4,admixture,5x6,40,1.595880
i32,amartin,admixture,5x6,50,1.674738
i32,branchlut,admixture,5x6,50,6.716929
i32,branchlut2,admixture,5x6,50,6.757019
i32,countlut,admixture,5x6,50,6.970075
i32,fmt,admixture,5x6,50,4.681781
i32,jeaiii,admixture,5x6,50,6.142607
i32,naive,admixture,5x6,50,9.508264
i32,null,admixture,5x6,50,0.743494
i32,sse2,admixture,5x6,50,6.727145
i32,tmueller,admixture,5x6,50,4.243614
i32,unrolledlut,admixture,5x6,50,6.140814
i32,yy,admixture,5x6,50,1.427222
i32,zmij_scalar,admixture,5x6,50,2.493657
i32,zmij_x64_native,admixture,5x6,50,1.593141
i32,zmij_x64_v1,admixture,5x6,50,2.156484
i32,zmij_x64_v2,admixture,5x6,50,1.641800
i32,zmij_x64_v3,admixture,5x6,50,1.578729
i32,zmij_x64_v3_nokernel,admixture,5x6,50,1.635640
i32,zmij_x64_v4,admixture,5x6,50,1.612386
i32,amartin,admixture,5x6,60,1.720145
i32,branchlut,admixture,5x6,60,6.733373
i32,branchlut2,admixture,5x6,60,6.414882
i32,countlut,admixture,5x6,60,6.996883
i32,fmt,admixture,5x6,60,4.413285
i32,jeaiii,admixture,5x6,60,6.165909
i32,naive,admixture,5x6,60,9.464496
i32,null,admixture,5x6,60,0.803113
i32,sse2,admixture,5x6,60,6.755571
i32,tmueller,admixture,5x6,60,4.016094
i32,unrolledlut,admixture,5x6,60,6.200839
i32,yy,admixture,5x6,60,1.430948
i32,zmij_scalar,admixture,5x6,60,2.687893
i32,zmij_x64_native,admixture,5x6,60,1.638277
i32,zmij_x64_v1,admixture,5x6,60,2.232680
i32,zmij_x64_v2,admixture,5x6,60,1.666621
i32,zmij_x64_v3,admixture,5x6,60,1.646948
i32,zmij_x64_v3_nokernel,admixture,5x6,60,1.644459
i32,zmij_x64_v4,admixture,5x6,60,1.623470
i32,amartin,admixture,5x6,70,1.690804
i32,branchlut,admixture,5x6,70,6.034753
i32,branchlut2,admixture,5x6,70,5.745850
i32,countlut,admixture,5x6,70,6.197759
i32,fmt,admixture,5x6,70,3.658997
i32,jeaiii,admixture,5x6,70,5.563634
i32,naive,admixture,5x6,70,8.650732
i32,null,admixture,5x6,70,0.789569
i32,sse2,admixture,5x6,70,6.027092
i32,tmueller,admixture,5x6,70,3.178957
i32,unrolledlut,admixture,5x6,70,5.636272
i32,yy,admixture,5x6,70,1.465847
i32,zmij_scalar,admixture,5x6,70,2.524311
i32,zmij_x64_native,admixture,5x6,70,1.629066
i32,zmij_x64_v1,admixture,5x6,70,2.182826
i32,zmij_x64_v2,admixture,5x6,70,1.689027
i32,zmij_x64_v3,admixture,5x6,70,1.613936
i32,zmij_x64_v3_nokernel,admixture,5x6,70,1.619877
i32,zmij_x64_v4,admixture,5x6,70,1.617548
i32,amartin,admixture,5x6,80,1.688143
i32,branchlut,admixture,5x6,80,5.452947
i32,branchlut2,admixture,5x6,80,5.179230
i32,countlut,admixture,5x6,80,5.510940
i32,fmt,admixture,5x6,80,2.998881
i32,jeaiii,admixture,5x6,80,4.949643
i32,naive,admixture,5x6,80,7.968128
i32,null,admixture,5x6,80,0.932525
i32,sse2,admixture,5x6,80,5.402515
i32,tmueller,admixture,5x6,80,2.454962
i32,unrolledlut,admixture,5x6,80,5.156327
i32,yy,admixture,5x6,80,1.407191
i32,zmij_scalar,admixture,5x6,80,2.534747
i32,zmij_x64_native,admixture,5x6,80,1.603879
i32,zmij_x64_v1,admixture,5x6,80,2.184527
i32,zmij_x64_v2,admixture,5x6,80,1.646766
i32,zmij_x64_v3,admixture,5x6,80,1.607804
i32,zmij_x64_v3_nokernel,admixture,5x6,80,1.612486
i32,zmij_x64_v4,admixture,5x6,80,1.611722
i32,amartin,admixture,5x6,90,1.701365
i32,branchlut,admixture,5x6,90,4.776010
i32,branchlut2,admixture,5x6,90,4.542761
i32,countlut,admixture,5x6,90,4.631499
i32,fmt,admixture,5x6,90,2.431682
i32,jeaiii,admixture,5x6,90,4.301466
i32,naive,admixture,5x6,90,7.179586
i32,null,admixture,5x6,90,0.872984
i32,sse2,admixture,5x6,90,4.670642
i32,tmueller,admixture,5x6,90,1.855920
i32,unrolledlut,admixture,5x6,90,4.425921
i32,yy,admixture,5x6,90,1.418771
i32,zmij_scalar,admixture,5x6,90,2.493181
i32,zmij_x64_native,admixture,5x6,90,1.597081
i32,zmij_x64_v1,admixture,5x6,90,2.150414
i32,zmij_x64_v2,admixture,5x6,90,1.643446
i32,zmij_x64_v3,admixture,5x6,90,1.577272
i32,zmij_x64_v3_nokernel,admixture,5x6,90,1.582157
i32,zmij_x64_v4,admixture,5x6,90,1.573013
i32,amartin,admixture,5x6,100,1.672440
i32,branchlut,admixture,5x6,100,4.663772
i32,branchlut2,admixture,5x6,100,3.736424
i32,countlut,admixture,5x6,100,3.877813
i32,fmt,admixture,5x6,100,1.778825
i32,jeaiii,admixture,5x6,100,3.703656
i32,naive,admixture,5x6,100,6.650650
i32,null,admixture,5x6,100,0.770887
i32,sse2,admixture,5x6,100,4.250207
i32,tmueller,admixture,5x6,100,1.231328
i32,unrolledlut,admixture,5x6,100,4.214959
i32,yy,admixture,5x6,100,1.406952
i32,zmij_scalar,admixture,5x6,100,2.485363
i32,zmij_x64_native,admixture,5x6,100,1.590279
i32,zmij_x64_v1,admixture,5x6,100,2.154917
i32,zmij_x64_v2,admixture,5x6,100,1.637940
i32,zmij_x64_v3,admixture,5x6,100,1.586428
i32,zmij_x64_v3_nokernel,admixture,5x6,100,1.577982
i32,zmij_x64_v4,admixture,5x6,100,1.583201
u64,amartin,bylength,,1,0.996441
u64,branchlut,bylength,,1,1.248335
u64,branchlut2,bylength,,1,0.984495
u64,countlut,bylength,,1,1.146038
u64,fmt,bylength,,1,0.811394
u64,jeaiii,bylength,,1,0.767631
u64,naive,bylength,,1,1.335129
u64,null,bylength,,1,0.849876
u64,sse2,bylength,,1,1.194912
u64,tmueller,bylength,,1,0.765923
u64,unrolledlut,bylength,,1,1.326407
u64,yy,bylength,,1,0.930399
u64,zmij_scalar,bylength,,1,4.664522
u64,zmij_x64_native,bylength,,1,2.078493
u64,zmij_x64_v1,bylength,,1,3.591947
u64,zmij_x64_v2,bylength,,1,2.301054
u64,zmij_x64_v3,bylength,,1,2.058929
u64,zmij_x64_v3_nokernel,bylength,,1,2.185303
u64,zmij_x64_v4,bylength,,1,2.030270
u64,amartin,bylength,,2,0.968283
u64,branchlut,bylength,,2,1.267299
u64,branchlut2,bylength,,2,1.160401
u64,countlut,bylength,,2,1.295961
u64,fmt,bylength,,2,1.046699
u64,jeaiii,bylength,,2,0.940085
u64,naive,bylength,,2,2.041815
u64,null,bylength,,2,0.814328
u64,sse2,bylength,,2,1.144692
u64,tmueller,bylength,,2,0.934469
u64,unrolledlut,bylength,,2,1.322342
u64,yy,bylength,,2,0.930874
u64,zmij_scalar,bylength,,2,4.675028
u64,zmij_x64_native,bylength,,2,2.081866
u64,zmij_x64_v1,bylength,,2,3.598955
u64,zmij_x64_v2,bylength,,2,2.298044
u64,zmij_x64_v3,bylength,,2,2.058803
u64,zmij_x64_v3_nokernel,bylength,,2,2.189046
u64,zmij_x64_v4,bylength,,2,2.033741
u64,amartin,bylength,,3,1.008213
u64,branchlut,bylength,,3,1.132336
u64,branchlut2,bylength,,3,0.977189
u64,countlut,bylength,,3,1.396532
u64,fmt,bylength,,3,1.261129
u64,jeaiii,bylength,,3,0.960814
u64,naive,bylength,,3,2.958353
u64,null,bylength,,3,0.864046
u64,sse2,bylength,,3,1.010072
u64,tmueller,bylength,,3,1.308304
u64,unrolledlut,bylength,,3,1.591014
u64,yy,bylength,,3,1.147156
u64,zmij_scalar,bylength,,3,4.682651
u64,zmij_x64_native,bylength,,3,2.081369
u64,zmij_x64_v1,bylength,,3,3.598631
u64,zmij_x64_v2,bylength,,3,2.318597
u64,zmij_x64_v3,bylength,,3,2.060939
u64,zmij_x64_v3_nokernel,bylength,,3,2.205935
u64,zmij_x64_v4,bylength,,3,2.034398
u64,amartin,bylength,,4,0.979730
u64,branchlut,bylength,,4,1.323066
u64,branchlut2,bylength,,4,1.155593
u64,countlut,bylength,,4,1.473959
u64,fmt,bylength,,4,1.246291
u64,jeaiii,bylength,,4,1.237962
u64,naive,bylength,,4,3.659667
u64,null,bylength,,4,0.907962
u64,sse2,bylength,,4,1.106283
u64,tmueller,bylength,,4,1.304769
u64,unrolledlut,bylength,,4,1.500763
u64,yy,bylength,,4,1.173465
u64,zmij_scalar,bylength,,4,4.707893
u64,zmij_x64_native,bylength,,4,2.105273
u64,zmij_x64_v1,bylength,,4,3.622035
u64,zmij_x64_v2,bylength,,4,2.312917
u64,zmij_x64_v3,bylength,,4,2.057879
u64,zmij_x64_v3_nokernel,bylength,,4,2.206508
u64,zmij_x64_v4,bylength,,4,2.037298
u64,amartin,bylength,,5,1.472500
u64,branchlut,bylength,,5,1.937059
u64,branchlut2,bylength,,5,1.288745
u64,countlut,bylength,,5,1.790919
u64,fmt,bylength,,5,1.747959
u64,jeaiii,bylength,,5,1.109080
u64,naive,bylength,,5,4.557694
u64,null,bylength,,5,0.764418
u64,sse2,bylength,,5,1.828620
u64,tmueller,bylength,,5,1.753716
u64,unrolledlut,bylength,,5,1.684780
u64,yy,bylength,,5,1.416784
u64,zmij_scalar,bylength,,5,4.691810
u64,zmij_x64_native,bylength,,5,2.096853
u64,zmij_x64_v1,bylength,,5,3.606702
u64,zmij_x64_v2,bylength,,5,2.313502
u64,zmij_x64_v3,bylength,,5,2.080512
u64,zmij_x64_v3_nokernel,bylength,,5,2.198902
u64,zmij_x64_v4,bylength,,5,2.048238
u64,amartin,bylength,,6,1.440155
u64,branchlut,bylength,,6,2.081393
u64,branchlut2,bylength,,6,1.346454
u64,countlut,bylength,,6,1.929422
u64,fmt,bylength,,6,1.762052
u64,jeaiii,bylength,,6,1.121267
u64,naive,bylength,,6,5.344884
u64,null,bylength,,6,0.751166
u64,sse2,bylength,,6,1.937830
u64,tmueller,bylength,,6,1.753875
u64,unrolledlut,bylength,,6,1.850791
u64,yy,bylength,,6,1.413107
u64,zmij_scalar,bylength,,6,4.704582
u64,zmij_x64_native,bylength,,6,2.105951
u64,zmij_x64_v1,bylength,,6,3.599061
u64,zmij_x64_v2,bylength,,6,2.309745
u64,zmij_x64_v3,bylength,,6,2.063791
u64,zmij_x64_v3_nokernel,bylength,,6,2.192016
u64,zmij_x64_v4,bylength,,6,2.043535
u64,amartin,bylength,,7,1.923749
u64,branchlut,bylength,,7,2.133013
u64,branchlut2,bylength,,7,1.839015
u64,countlut,bylength,,7,2.229626
u64,fmt,bylength,,7,2.291889
u64,jeaiii,bylength,,7,1.379284
u64,naive,bylength,,7,6.190706
u64,null,bylength,,7,0.833824
u64,sse2,bylength,,7,1.993826
u64,tmueller,bylength,,7,2.290222
u64,unrolledlut,bylength,,7,1.851883
u64,yy,bylength,,7,1.599444
u64,zmij_scalar,bylength,,7,4.682680
u64,zmij_x64_native,bylength,,7,2.079977
u64,zmij_x64_v1,bylength,,7,3.589033
u64,zmij_x64_v2,bylength,,7,2.300866
u64,zmij_x64_v3,bylength,,7,2.044163
u64,zmij_x64_v3_nokernel,bylength,,7,2.188235
u64,zmij_x64_v4,bylength,,7,2.030777
u64,amartin,bylength,,8,1.948377
u64,branchlut,bylength,,8,2.283197
u64,branchlut2,bylength,,8,1.945011
u64,countlut,bylength,,8,2.413689
u64,fmt,bylength,,8,2.326243
u64,jeaiii,bylength,,8,1.395899
u64,naive,bylength,,8,7.266778
u64,null,bylength,,8,0.793073
u64,sse2,bylength,,8,2.109138
u64,tmueller,bylength,,8,2.305930
u64,unrolledlut,bylength,,8,1.882341
u64,yy,bylength,,8,1.645957
u64,zmij_scalar,bylength,,8,4.720192
u64,zmij_x64_native,bylength,,8,2.125445
u64,zmij_x64_v1,bylength,,8,3.671739
u64,zmij_x64_v2,bylength,,8,2.319916
u64,zmij_x64_v3,bylength,,8,2.105471
u64,zmij_x64_v3_nokernel,bylength,,8,2.215360
u64,zmij_x64_v4,bylength,,8,2.025295
u64,amartin,bylength,,9,2.267697
u64,branchlut,bylength,,9,4.339416
u64,branchlut2,bylength,,9,2.198176
u64,countlut,bylength,,9,2.451879
u64,fmt,bylength,,9,2.971402
u64,jeaiii,bylength,,9,1.628185
u64,naive,bylength,,9,8.039695
u64,null,bylength,,9,0.806046
u64,sse2,bylength,,9,2.222933
u64,tmueller,bylength,,9,2.819209
u64,unrolledlut,bylength,,9,2.136044
u64,yy,bylength,,9,2.214505
u64,zmij_scalar,bylength,,9,4.791002
u64,zmij_x64_native,bylength,,9,2.128436
u64,zmij_x64_v1,bylength,,9,3.659227
u64,zmij_x64_v2,bylength,,9,2.382485
u64,zmij_x64_v3,bylength,,9,2.104172
u64,zmij_x64_v3_nokernel,bylength,,9,2.299285
u64,zmij_x64_v4,bylength,,9,2.073236
u64,amartin,bylength,,10,4.327875
u64,branchlut,bylength,,10,4.568617
u64,branchlut2,bylength,,10,2.269125
u64,countlut,bylength,,10,2.512728
u64,fmt,bylength,,10,2.900116
u64,jeaiii,bylength,,10,3.913116
u64,naive,bylength,,10,8.544955
u64,null,bylength,,10,0.912950
u64,sse2,bylength,,10,2.291607
u64,tmueller,bylength,,10,2.803765
u64,unrolledlut,bylength,,10,4.399655
u64,yy,bylength,,10,2.171631
u64,zmij_scalar,bylength,,10,4.690861
u64,zmij_x64_native,bylength,,10,2.114915
u64,zmij_x64_v1,bylength,,10,3.650616
u64,zmij_x64_v2,bylength,,10,2.338815
u64,zmij_x64_v3,bylength,,10,2.052994
u64,zmij_x64_v3_nokernel,bylength,,10,2.184105
u64,zmij_x64_v4,bylength,,10,2.028926
u64,amartin,bylength,,11,2.867050
u64,branchlut,bylength,,11,4.942970
u64,branchlut2,bylength,,11,2.617709
u64,countlut,bylength,,11,2.797797
u64,fmt,bylength,,11,3.492824
u64,jeaiii,bylength,,11,2.213165
u64,naive,bylength,,11,9.454320
u64,null,bylength,,11,0.867570
u64,sse2,bylength,,11,2.266674
u64,tmueller,bylength,,11,3.405076
u64,unrolledlut,bylength,,11,2.829958
u64,yy,bylength,,11,2.539950
u64,zmij_scalar,bylength,,11,4.681253
u64,zmij_x64_native,bylength,,11,2.099869
u64,zmij_x64_v1,bylength,,11,3.595540
u64,zmij_x64_v2,bylength,,11,2.301671
u64,zmij_x64_v3,bylength,,11,2.067158
u64,zmij_x64_v3_nokernel,bylength,,11,2.193904
u64,zmij_x64_v4,bylength,,11,2.041692
u64,amartin,bylength,,12,2.875737
u64,branchlut,bylength,,12,4.840246
u64,branchlut2,bylength,,12,2.729478
u64,countlut,bylength,,12,2.879915
u64,fmt,bylength,,12,3.498899
u64,jeaiii,bylength,,12,2.159720
u64,naive,bylength,,12,10.354364
u64,null,bylength,,12,0.874626
u64,sse2,bylength,,12,2.270271
u64,tmueller,bylength,,12,3.355518
u64,unrolledlut,bylength,,12,2.813784
u64,yy,bylength,,12,2.524681
u64,zmij_scalar,bylength,,12,4.680526
u64,zmij_x64_native,bylength,,12,2.099317
u64,zmij_x64_v1,bylength,,12,3.598619
u64,zmij_x64_v2,bylength,,12,2.302810
u64,zmij_x64_v3,bylength,,12,2.059285
u64,zmij_x64_v3_nokernel,bylength,,12,2.187653
u64,zmij_x64_v4,bylength,,12,2.045436
u64,amartin,bylength,,13,3.337512
u64,branchlut,bylength,,13,4.880445
u64,branchlut2,bylength,,13,2.911443
u64,countlut,bylength,,13,3.196008
u64,fmt,bylength,,13,4.126329
u64,jeaiii,bylength,,13,2.390921
u64,naive,bylength,,13,11.538182
u64,null,bylength,,13,0.780894
u64,sse2,bylength,,13,2.251229
u64,tmueller,bylength,,13,3.984768
u64,unrolledlut,bylength,,13,3.071689
u64,yy,bylength,,13,2.930823
u64,zmij_scalar,bylength,,13,4.660110
u64,zmij_x64_native,bylength,,13,2.085059
u64,zmij_x64_v1,bylength,,13,3.595698
u64,zmij_x64_v2,bylength,,13,2.309410
u64,zmij_x64_v3,bylength,,13,2.048192
u64,zmij_x64_v3_nokernel,bylength,,13,2.182960
u64,zmij_x64_v4,bylength,,13,2.034135
u64,amartin,bylength,,14,3.329923
u64,branchlut,bylength,,14,4.906705
u64,branchlut2,bylength,,14,2.876989
u64,countlut,bylength,,14,3.268189
u64,fmt,bylength,,14,4.078918
u64,jeaiii,bylength,,14,2.334195
u64,naive,bylength,,14,12.545932
u64,null,bylength,,14,0.825520
u64,sse2,bylength,,14,2.266861
u64,tmueller,bylength,,14,3.950205
u64,unrolledlut,bylength,,14,3.019728
u64,yy,bylength,,14,2.941379
u64,zmij_scalar,bylength,,14,4.653906
u64,zmij_x64_native,bylength,,14,2.077724
u64,zmij_x64_v1,bylength,,14,3.623880
u64,zmij_x64_v2,bylength,,14,2.321858
u64,zmij_x64_v3,bylength,,14,2.063457
u64,zmij_x64_v3_nokernel,bylength,,14,2.196464
u64,zmij_x64_v4,bylength,,14,2.035442
u64,amartin,bylength,,15,3.804783
u64,branchlut,bylength,,15,5.002769
u64,branchlut2,bylength,,15,3.442738
u64,countlut,bylength,,15,3.681761
u64,fmt,bylength,,15,4.987988
u64,jeaiii,bylength,,15,2.727752
u64,naive,bylength,,15,13.778141
u64,null,bylength,,15,0.761741
u64,sse2,bylength,,15,2.266831
u64,tmueller,bylength,,15,4.584113
u64,unrolledlut,bylength,,15,3.350820
u64,yy,bylength,,15,3.200368
u64,zmij_scalar,bylength,,15,4.656906
u64,zmij_x64_native,bylength,,15,2.092139
u64,zmij_x64_v1,bylength,,15,3.588246
u64,zmij_x64_v2,bylength,,15,2.311774
u64,zmij_x64_v3,bylength,,15,2.048179
u64,zmij_x64_v3_nokernel,bylength,,15,2.213038
u64,zmij_x64_v4,bylength,,15,2.034895
u64,amartin,bylength,,16,3.809696
u64,branchlut,bylength,,16,4.972748
u64,branchlut2,bylength,,16,3.509008
u64,countlut,bylength,,16,3.732362
u64,fmt,bylength,,16,4.943668
u64,jeaiii,bylength,,16,2.649523
u64,naive,bylength,,16,13.790139
u64,null,bylength,,16,0.788358
u64,sse2,bylength,,16,2.120863
u64,tmueller,bylength,,16,4.592211
u64,unrolledlut,bylength,,16,3.279931
u64,yy,bylength,,16,3.226818
u64,zmij_scalar,bylength,,16,4.696038
u64,zmij_x64_native,bylength,,16,2.114552
u64,zmij_x64_v1,bylength,,16,3.603407
u64,zmij_x64_v2,bylength,,16,2.316384
u64,zmij_x64_v3,bylength,,16,2.050583
u64,zmij_x64_v3_nokernel,bylength,,16,2.185647
u64,zmij_x64_v4,bylength,,16,2.044325
u64,amartin,bylength,,17,4.049258
u64,branchlut,bylength,,17,3.482771
u64,branchlut2,bylength,,17,3.525710
u64,countlut,bylength,,17,3.799382
u64,fmt,bylength,,17,5.656247
u64,jeaiii,bylength,,17,2.930757
u64,naive,bylength,,17,15.149357
u64,null,bylength,,17,0.796742
u64,sse2,bylength,,17,2.013599
u64,tmueller,bylength,,17,5.273756
u64,unrolledlut,bylength,,17,3.805609
u64,yy,bylength,,17,3.343040
u64,zmij_scalar,bylength,,17,4.726300
u64,zmij_x64_native,bylength,,17,2.134240
u64,zmij_x64_v1,bylength,,17,3.626825
u64,zmij_x64_v2,bylength,,17,2.332269
u64,zmij_x64_v3,bylength,,17,2.058564
u64,zmij_x64_v3_nokernel,bylength,,17,2.202668
u64,zmij_x64_v4,bylength,,17,2.054424
u64,amartin,bylength,,18,5.512510
u64,branchlut,bylength,,18,3.566628
u64,branchlut2,bylength,,18,3.523140
u64,countlut,bylength,,18,3.951756
u64,fmt,bylength,,18,5.851006
u64,jeaiii,bylength,,18,5.062428
u64,naive,bylength,,18,16.071199
u64,null,bylength,,18,0.807116
u64,sse2,bylength,,18,2.115020
u64,tmueller,bylength,,18,5.280000
u64,unrolledlut,bylength,,18,5.744397
u64,yy,bylength,,18,3.339225
u64,zmij_scalar,bylength,,18,4.700982
u64,zmij_x64_native,bylength,,18,2.127632
u64,zmij_x64_v1,bylength,,18,3.642034
u64,zmij_x64_v2,bylength,,18,2.312020
u64,zmij_x64_v3,bylength,,18,2.077458
u64,zmij_x64_v3_nokernel,bylength,,18,2.182685
u64,zmij_x64_v4,bylength,,18,2.064841
u64,amartin,bylength,,19,4.385991
u64,branchlut,bylength,,19,4.013265
u64,branchlut2,bylength,,19,3.941265
u64,countlut,bylength,,19,4.225650
u64,fmt,bylength,,19,6.368108
u64,jeaiii,bylength,,19,3.389444
u64,naive,bylength,,19,17.231573
u64,null,bylength,,19,0.754897
u64,sse2,bylength,,19,2.451668
u64,tmueller,bylength,,19,6.139648
u64,unrolledlut,bylength,,19,4.412466
u64,yy,bylength,,19,3.655203
u64,zmij_scalar,bylength,,19,4.694813
u64,zmij_x64_native,bylength,,19,2.108513
u64,zmij_x64_v1,bylength,,19,3.594879
u64,zmij_x64_v2,bylength,,19,2.313448
u64,zmij_x64_v3,bylength,,19,2.070017
u64,zmij_x64_v3_nokernel,bylength,,19,2.193663
u64,zmij_x64_v4,bylength,,19,2.045244
u64,amartin,bylength,,20,4.406179
u64,branchlut,bylength,,20,3.883995
u64,branchlut2,bylength,,20,4.097064
u64,countlut,bylength,,20,4.311012
u64,fmt,bylength,,20,6.311276
u64,jeaiii,bylength,,20,3.338033
u64,naive,bylength,,20,18.315208
u64,null,bylength,,20,0.875613
u64,sse2,bylength,,20,2.315785
u64,tmueller,bylength,,20,6.038982
u64,unrolledlut,bylength,,20,4.400953
u64,yy,bylength,,20,3.666234
u64,zmij_scalar,bylength,,20,4.682599
u64,zmij_x64_native,bylength,,20,2.135539
u64,zmij_x64_v1,bylength,,20,3.649408
u64,zmij_x64_v2,bylength,,20,2.349616
u64,zmij_x64_v3,bylength,,20,2.086262
u64,zmij_x64_v3_nokernel,bylength,,20,2.233059
u64,zmij_x64_v4,bylength,,20,2.080474
u64,amartin,loguniform,1-20,20,8.615785
u64,branchlut,loguniform,1-20,20,10.415452
u64,branchlut2,loguniform,1-20,20,11.183036
u64,countlut,loguniform,1-20,20,10.565506
u64,fmt,loguniform,1-20,20,11.354490
u64,jeaiii,loguniform,1-20,20,11.107129
u64,naive,loguniform,1-20,20,15.702050
u64,null,loguniform,1-20,20,0.849733
u64,sse2,loguniform,1-20,20,13.188624
u64,tmueller,loguniform,1-20,20,10.967569
u64,unrolledlut,loguniform,1-20,20,10.907337
u64,yy,loguniform,1-20,20,8.489051
u64,zmij_scalar,loguniform,1-20,20,4.665206
u64,zmij_x64_native,loguniform,1-20,20,2.106803
u64,zmij_x64_v1,loguniform,1-20,20,3.644484
u64,zmij_x64_v2,loguniform,1-20,20,2.319210
u64,zmij_x64_v3,loguniform,1-20,20,2.054359
u64,zmij_x64_v3_nokernel,loguniform,1-20,20,2.200435
u64,zmij_x64_v4,loguniform,1-20,20,2.046092
u64,amartin,loguniform,1-4,4,3.618570
u64,branchlut,loguniform,1-4,4,5.306446
u64,branchlut2,loguniform,1-4,4,6.024545
u64,countlut,loguniform,1-4,4,6.247876
u64,fmt,loguniform,1-4,4,6.141730
u64,jeaiii,loguniform,1-4,4,6.089544
u64,naive,loguniform,1-4,4,6.457321
u64,null,loguniform,1-4,4,0.827792
u64,sse2,loguniform,1-4,4,5.296473
u64,tmueller,loguniform,1-4,4,4.940675
u64,unrolledlut,loguniform,1-4,4,5.947897
u64,yy,loguniform,1-4,4,3.627482
u64,zmij_scalar,loguniform,1-4,4,4.725251
u64,zmij_x64_native,loguniform,1-4,4,2.116447
u64,zmij_x64_v1,loguniform,1-4,4,3.622963
u64,zmij_x64_v2,loguniform,1-4,4,2.324129
u64,zmij_x64_v3,loguniform,1-4,4,2.068293
u64,zmij_x64_v3_nokernel,loguniform,1-4,4,2.196831
u64,zmij_x64_v4,loguniform,1-4,4,2.053237
u64,amartin,uniform,0-255,0,3.260162
u64,branchlut,uniform,0-255,0,3.605994
u64,branchlut2,uniform,0-255,0,3.476491
u64,countlut,uniform,0-255,0,3.654871
u64,fmt,uniform,0-255,0,3.509993
u64,jeaiii,uniform,0-255,0,3.497677
u64,naive,uniform,0-255,0,5.038167
u64,null,uniform,0-255,0,1.037020
u64,sse2,uniform,0-255,0,3.567185
u64,tmueller,uniform,0-255,0,3.408285
u64,unrolledlut,uniform,0-255,0,3.958548
u64,yy,uniform,0-255,0,3.451780
u64,zmij_scalar,uniform,0-255,0,4.810626
u64,zmij_x64_native,uniform,0-255,0,2.127174
u64,zmij_x64_v1,uniform,0-255,0,3.666679
u64,zmij_x64_v2,uniform,0-255,0,2.357057
u64,zmij_x64_v3,uniform,0-255,0,2.102251
u64,zmij_x64_v3_nokernel,uniform,0-255,0,2.241580
u64,zmij_x64_v4,uniform,0-255,0,2.093257
u64,amartin,unpredictable,,1,2.567589
u64,branchlut,unpredictable,,1,2.853751
u64,branchlut2,unpredictable,,1,2.180344
u64,countlut,unpredictable,,1,3.290637
u64,fmt,unpredictable,,1,4.928830
u64,jeaiii,unpredictable,,1,2.371803
u64,naive,unpredictable,,1,4.971933
u64,null,unpredictable,,1,0.700581
u64,sse2,unpredictable,,1,2.390944
u64,tmueller,unpredictable,,1,5.712613
u64,unrolledlut,unpredictable,,1,2.279181
u64,yy,unpredictable,,1,3.054128
u64,zmij_scalar,unpredictable,,1,4.766737
u64,zmij_x64_native,unpredictable,,1,2.143683
u64,zmij_x64_v1,unpredictable,,1,3.650034
u64,zmij_x64_v2,unpredictable,,1,2.375340
u64,zmij_x64_v3,unpredictable,,1,2.087584
u64,zmij_x64_v3_nokernel,unpredictable,,1,2.286680
u64,zmij_x64_v4,unpredictable,,1,2.081507
u64,amartin,unpredictable,,2,2.341347
u64,branchlut,unpredictable,,2,2.900403
u64,branchlut2,unpredictable,,2,2.148547
u64,countlut,unpredictable,,2,3.762653
u64,fmt,unpredictable,,2,5.593389
u64,jeaiii,unpredictable,,2,2.869859
u64,naive,unpredictable,,2,6.207367
u64,null,unpredictable,,2,0.739632
u64,sse2,unpredictable,,2,2.934796
u64,tmueller,unpredictable,,2,5.834324
u64,unrolledlut,unpredictable,,2,2.689553
u64,yy,unpredictable,,2,3.278938
u64,zmij_scalar,unpredictable,,2,4.691026
u64,zmij_x64_native,unpredictable,,2,2.131268
u64,zmij_x64_v1,unpredictable,,2,3.817489
u64,zmij_x64_v2,unpredictable,,2,2.355938
u64,zmij_x64_v3,unpredictable,,2,2.139009
u64,zmij_x64_v3_nokernel,unpredictable,,2,2.277823
u64,zmij_x64_v4,unpredictable,,2,2.105773
u64,amartin,unpredictable,,3,2.215658
u64,branchlut,unpredictable,,3,2.817033
u64,branchlut2,unpredictable,,3,2.091428
u64,countlut,unpredictable,,3,2.806504
u64,fmt,unpredictable,,3,3.680565
u64,jeaiii,unpredictable,,3,1.486813
u64,naive,unpredictable,,3,6.574771
u64,null,unpredictable,,3,0.741954
u64,sse2,unpredictable,,3,2.348531
u64,tmueller,unpredictable,,3,4.037653
u64,unrolledlut,unpredictable,,3,2.247559
u64,yy,unpredictable,,3,2.941163
u64,zmij_scalar,unpredictable,,3,4.640801
u64,zmij_x64_native,unpredictable,,3,2.109292
u64,zmij_x64_v1,unpredictable,,3,3.628692
u64,zmij_x64_v2,unpredictable,,3,2.345037
u64,zmij_x64_v3,unpredictable,,3,2.085130
u64,zmij_x64_v3_nokernel,unpredictable,,3,2.247754
u64,zmij_x64_v4,unpredictable,,3,2.060827
u64,amartin,unpredictable,,4,1.935565
u64,branchlut,unpredictable,,4,2.815404
u64,branchlut2,unpredictable,,4,2.020757
u64,countlut,unpredictable,,4,2.927843
u64,fmt,unpredictable,,4,3.806713
u64,jeaiii,unpredictable,,4,1.583039
u64,naive,unpredictable,,4,6.928307
u64,null,unpredictable,,4,0.700184
u64,sse2,unpredictable,,4,2.603934
u64,tmueller,unpredictable,,4,4.257947
u64,unrolledlut,unpredictable,,4,1.922966
u64,yy,unpredictable,,4,3.000029
u64,zmij_scalar,unpredictable,,4,4.591298
u64,zmij_x64_native,unpredictable,,4,2.091279
u64,zmij_x64_v1,unpredictable,,4,3.540626
u64,zmij_x64_v2,unpredictable,,4,2.347511
u64,zmij_x64_v3,unpredictable,,4,2.038854
u64,zmij_x64_v3_nokernel,unpredictable,,4,2.165024
u64,zmij_x64_v4,unpredictable,,4,1.982622
u64,amartin,unpredictable,,5,2.420673
u64,branchlut,unpredictable,,5,3.096681
u64,branchlut2,unpredictable,,5,2.382733
u64,countlut,unpredictable,,5,3.080118
u64,fmt,unpredictable,,5,4.738417
u64,jeaiii,unpredictable,,5,1.838571
u64,naive,unpredictable,,5,8.090840
u64,null,unpredictable,,5,0.705718
u64,sse2,unpredictable,,5,3.005398
u64,tmueller,unpredictable,,5,4.385523
u64,unrolledlut,unpredictable,,5,2.419106
u64,yy,unpredictable,,5,2.966376
u64,zmij_scalar,unpredictable,,5,4.603385
u64,zmij_x64_native,unpredictable,,5,2.108363
u64,zmij_x64_v1,unpredictable,,5,3.597601
u64,zmij_x64_v2,unpredictable,,5,2.371315
u64,zmij_x64_v3,unpredictable,,5,2.129252
u64,zmij_x64_v3_nokernel,unpredictable,,5,2.193506
u64,zmij_x64_v4,unpredictable,,5,2.020194
u64,amartin,unpredictable,,6,2.257630
u64,branchlut,unpredictable,,6,3.252772
u64,branchlut2,unpredictable,,6,2.460748
u64,countlut,unpredictable,,6,2.998945
u64,fmt,unpredictable,,6,3.846652
u64,jeaiii,unpredictable,,6,1.710633
u64,naive,unpredictable,,6,8.807514
u64,null,unpredictable,,6,0.937063
u64,sse2,unpredictable,,6,2.719935
u64,tmueller,unpredictable,,6,4.054995
u64,unrolledlut,unpredictable,,6,2.396647
u64,yy,unpredictable,,6,2.728696
u64,zmij_scalar,unpredictable,,6,4.608221
u64,zmij_x64_native,unpredictable,,6,2.128561
u64,zmij_x64_v1,unpredictable,,6,3.707251
u64,zmij_x64_v2,unpredictable,,6,2.279910
u64,zmij_x64_v3,unpredictable,,6,2.053067
u64,zmij_x64_v3_nokernel,unpredictable,,6,2.185093
u64,zmij_x64_v4,unpredictable,,6,2.019492
u64,amartin,unpredictable,,7,2.550111
u64,branchlut,unpredictable,,7,3.225555
u64,branchlut2,unpredictable,,7,2.867543
u64,countlut,unpredictable,,7,3.247063
u64,fmt,unpredictable,,7,4.405242
u64,jeaiii,unpredictable,,7,2.177721
u64,naive,unpredictable,,7,9.647358
u64,null,unpredictable,,7,0.837894
u64,sse2,unpredictable,,7,3.098154
u64,tmueller,unpredictable,,7,4.479747
u64,unrolledlut,unpredictable,,7,3.657891
u64,yy,unpredictable,,7,2.954528
u64,zmij_scalar,unpredictable,,7,4.608932
u64,zmij_x64_native,unpredictable,,7,2.042263
u64,zmij_x64_v1,unpredictable,,7,3.518610
u64,zmij_x64_v2,unpredictable,,7,2.383533
u64,zmij_x64_v3,unpredictable,,7,2.115534
u64,zmij_x64_v3_nokernel,unpredictable,,7,2.252207
u64,zmij_x64_v4,unpredictable,,7,2.095416
u64,amartin,unpredictable,,8,2.658598
u64,branchlut,unpredictable,,8,3.642493
u64,branchlut2,unpredictable,,8,2.920098
u64,countlut,unpredictable,,8,3.675576
u64,fmt,unpredictable,,8,4.308117
u64,jeaiii,unpredictable,,8,2.445017
u64,naive,unpredictable,,8,9.712224
u64,null,unpredictable,,8,0.892904
u64,sse2,unpredictable,,8,3.445818
u64,tmueller,unpredictable,,8,4.203863
u64,unrolledlut,unpredictable,,8,3.281944
u64,yy,unpredictable,,8,3.178303
u64,zmij_scalar,unpredictable,,8,4.644752
u64,zmij_x64_native,unpredictable,,8,2.154372
u64,zmij_x64_v1,unpredictable,,8,3.694013
u64,zmij_x64_v2,unpredictable,,8,2.380160
u64,zmij_x64_v3,unpredictable,,8,2.089444
u64,zmij_x64_v3_nokernel,unpredictable,,8,2.225177
u64,zmij_x64_v4,unpredictable,,8,2.046691
u64,amartin,unpredictable,,9,4.165617
u64,branchlut,unpredictable,,9,3.960135
u64,branchlut2,unpredictable,,9,1.745408
u64,countlut,unpredictable,,9,2.909728
u64,fmt,unpredictable,,9,3.898711
u64,jeaiii,unpredictable,,9,2.259741
u64,naive,unpredictable,,9,10.200831
u64,null,unpredictable,,9,0.757738
u64,sse2,unpredictable,,9,3.893659
u64,tmueller,unpredictable,,9,4.372806
u64,unrolledlut,unpredictable,,9,3.937964
u64,yy,unpredictable,,9,2.792763
u64,zmij_scalar,unpredictable,,9,4.632455
u64,zmij_x64_native,unpredictable,,9,2.085482
u64,zmij_x64_v1,unpredictable,,9,3.765401
u64,zmij_x64_v2,unpredictable,,9,2.478999
u64,zmij_x64_v3,unpredictable,,9,2.283706
u64,zmij_x64_v3_nokernel,unpredictable,,9,2.381999
u64,zmij_x64_v4,unpredictable,,9,2.225170
u64,amartin,unpredictable,,10,7.134962
u64,branchlut,unpredictable,,10,4.628968
u64,branchlut2,unpredictable,,10,2.350030
u64,countlut,unpredictable,,10,3.435927
u64,fmt,unpredictable,,10,4.009928
u64,jeaiii,unpredictable,,10,6.012867
u64,naive,unpredictable,,10,11.146726
u64,null,unpredictable,,10,0.881178
u64,sse2,unpredictable,,10,4.225538
u64,tmueller,unpredictable,,10,4.393993
u64,unrolledlut,unpredictable,,10,7.181394
u64,yy,unpredictable,,10,3.043203
u64,zmij_scalar,unpredictable,,10,4.772042
u64,zmij_x64_native,unpredictable,,10,2.189055
u64,zmij_x64_v1,unpredictable,,10,3.855789
u64,zmij_x64_v2,unpredictable,,10,2.623009
u64,zmij_x64_v3,unpredictable,,10,2.062122
u64,zmij_x64_v3_nokernel,unpredictable,,10,2.281966
u64,zmij_x64_v4,unpredictable,,10,2.067832
u64,amartin,unpredictable,,11,3.859441
u64,branchlut,unpredictable,,11,5.745299
u64,branchlut2,unpredictable,,11,3.051431
u64,countlut,unpredictable,,11,3.733954
u64,fmt,unpredictable,,11,5.666284
u64,jeaiii,unpredictable,,11,2.975117
u64,naive,unpredictable,,11,12.840078
u64,null,unpredictable,,11,0.827270
u64,sse2,unpredictable,,11,4.013401
u64,tmueller,unpredictable,,11,4.636144
u64,unrolledlut,unpredictable,,11,3.060376
u64,yy,unpredictable,,11,2.897101
u64,zmij_scalar,unpredictable,,11,4.578291
u64,zmij_x64_native,unpredictable,,11,2.148061
u64,zmij_x64_v1,unpredictable,,11,3.578901
u64,zmij_x64_v2,unpredictable,,11,2.362618
u64,zmij_x64_v3,unpredictable,,11,2.060498
u64,zmij_x64_v3_nokernel,unpredictable,,11,2.218790
u64,zmij_x64_v4,unpredictable,,11,2.081762
u64,amartin,unpredictable,,12,3.438739
u64,branchlut,unpredictable,,12,5.592933
u64,branchlut2,unpredictable,,12,2.955533
u64,countlut,unpredictable,,12,3.184187
u64,fmt,unpredictable,,12,4.630616
u64,jeaiii,unpredictable,,12,2.661057
u64,naive,unpredictable,,12,13.141509
u64,null,unpredictable,,12,0.681171
u64,sse2,unpredictable,,12,4.336166
u64,tmueller,unpredictable,,12,4.678793
u64,unrolledlut,unpredictable,,12,3.178496
u64,yy,unpredictable,,12,3.080315
u64,zmij_scalar,unpredictable,,12,4.800577
u64,zmij_x64_native,unpredictable,,12,2.297338
u64,zmij_x64_v1,unpredictable,,12,3.858881
u64,zmij_x64_v2,unpredictable,,12,2.446125
u64,zmij_x64_v3,unpredictable,,12,2.176522
u64,zmij_x64_v3_nokernel,unpredictable,,12,2.296580
u64,zmij_x64_v4,unpredictable,,12,2.139955
u64,amartin,unpredictable,,13,3.506571
u64,branchlut,unpredictable,,13,5.434345
u64,branchlut2,unpredictable,,13,2.761085
u64,countlut,unpredictable,,13,3.266228
u64,fmt,unpredictable,,13,4.855807
u64,jeaiii,unpredictable,,13,2.553394
u64,naive,unpredictable,,13,13.230299
u64,null,unpredictable,,13,1.030034
u64,sse2,unpredictable,,13,4.064031
u64,tmueller,unpredictable,,13,4.927785
u64,unrolledlut,unpredictable,,13,3.397205
u64,yy,unpredictable,,13,2.907991
u64,zmij_scalar,unpredictable,,13,4.660950
u64,zmij_x64_native,unpredictable,,13,2.110347
u64,zmij_x64_v1,unpredictable,,13,3.695894
u64,zmij_x64_v2,unpredictable,,13,2.383484
u64,zmij_x64_v3,unpredictable,,13,2.124591
u64,zmij_x64_v3_nokernel,unpredictable,,13,2.285968
u64,zmij_x64_v4,unpredictable,,13,2.159977
u64,amartin,unpredictable,,14,3.387031
u64,branchlut,unpredictable,,14,5.630466
u64,branchlut2,unpredictable,,14,2.641608
u64,countlut,unpredictable,,14,3.339527
u64,fmt,unpredictable,,14,4.847709
u64,jeaiii,unpredictable,,14,2.625345
u64,naive,unpredictable,,14,14.145352
u64,null,unpredictable,,14,0.826102
u64,sse2,unpredictable,,14,4.127494
u64,tmueller,unpredictable,,14,4.878225
u64,unrolledlut,unpredictable,,14,3.178926
u64,yy,unpredictable,,14,2.880884
u64,zmij_scalar,unpredictable,,14,4.581092
u64,zmij_x64_native,unpredictable,,14,2.104638
u64,zmij_x64_v1,unpredictable,,14,3.602740
u64,zmij_x64_v2,unpredictable,,14,2.370537
u64,zmij_x64_v3,unpredictable,,14,2.102730
u64,zmij_x64_v3_nokernel,unpredictable,,14,2.269300
u64,zmij_x64_v4,unpredictable,,14,2.094440
u64,amartin,unpredictable,,15,3.895361
u64,branchlut,unpredictable,,15,6.140189
u64,branchlut2,unpredictable,,15,3.397107
u64,countlut,unpredictable,,15,3.634464
u64,fmt,unpredictable,,15,5.321831
u64,jeaiii,unpredictable,,15,2.817516
u64,naive,unpredictable,,15,15.384073
u64,null,unpredictable,,15,0.845577
u64,sse2,unpredictable,,15,4.018970
u64,tmueller,unpredictable,,15,5.140789
u64,unrolledlut,unpredictable,,15,4.315072
u64,yy,unpredictable,,15,3.445976
u64,zmij_scalar,unpredictable,,15,4.818938
u64,zmij_x64_native,unpredictable,,15,2.117829
u64,zmij_x64_v1,unpredictable,,15,3.746054
u64,zmij_x64_v2,unpredictable,,15,2.426888
u64,zmij_x64_v3,unpredictable,,15,2.171916
u64,zmij_x64_v3_nokernel,unpredictable,,15,2.316893
u64,zmij_x64_v4,unpredictable,,15,2.074611
u64,amartin,unpredictable,,16,3.796111
u64,branchlut,unpredictable,,16,6.372496
u64,branchlut2,unpredictable,,16,3.618895
u64,countlut,unpredictable,,16,3.860685
u64,fmt,unpredictable,,16,5.103738
u64,jeaiii,unpredictable,,16,3.087995
u64,naive,unpredictable,,16,14.791992
u64,null,unpredictable,,16,0.854265
u64,sse2,unpredictable,,16,3.900549
u64,tmueller,unpredictable,,16,5.160104
u64,unrolledlut,unpredictable,,16,3.989373
u64,yy,unpredictable,,16,3.355797
u64,zmij_scalar,unpredictable,,16,4.545866
u64,zmij_x64_native,unpredictable,,16,2.110238
u64,zmij_x64_v1,unpredictable,,16,3.608981
u64,zmij_x64_v2,unpredictable,,16,2.406115
u64,zmij_x64_v3,unpredictable,,16,2.077468
u64,zmij_x64_v3_nokernel,unpredictable,,16,2.189294
u64,zmij_x64_v4,unpredictable,,16,2.044958
u64,amartin,unpredictable,,17,5.230495
u64,branchlut,unpredictable,,17,4.872380
u64,branchlut2,unpredictable,,17,4.158352
u64,countlut,unpredictable,,17,4.703104
u64,fmt,unpredictable,,17,5.722628
u64,jeaiii,unpredictable,,17,4.016860
u64,naive,unpredictable,,17,16.939879
u64,null,unpredictable,,17,0.798413
u64,sse2,unpredictable,,17,3.461560
u64,tmueller,unpredictable,,17,5.587132
u64,unrolledlut,unpredictable,,17,5.217188
u64,yy,unpredictable,,17,4.317999
u64,zmij_scalar,unpredictable,,17,4.893033
u64,zmij_x64_native,unpredictable,,17,2.243003
u64,zmij_x64_v1,unpredictable,,17,3.771343
u64,zmij_x64_v2,unpredictable,,17,2.465484
u64,zmij_x64_v3,unpredictable,,17,2.108174
u64,zmij_x64_v3_nokernel,unpredictable,,17,2.325464
u64,zmij_x64_v4,unpredictable,,17,2.191136
u64,amartin,unpredictable,,18,7.893776
u64,branchlut,unpredictable,,18,4.494988
u64,branchlut2,unpredictable,,18,3.879011
u64,countlut,unpredictable,,18,4.614739
u64,fmt,unpredictable,,18,5.482185
u64,jeaiii,unpredictable,,18,7.074385
u64,naive,unpredictable,,18,16.394543
u64,null,unpredictable,,18,0.722861
u64,sse2,unpredictable,,18,3.451683
u64,tmueller,unpredictable,,18,5.671558
u64,unrolledlut,unpredictable,,18,8.763344
u64,yy,unpredictable,,18,4.315042
u64,zmij_scalar,unpredictable,,18,4.613240
u64,zmij_x64_native,unpredictable,,18,2.176354
u64,zmij_x64_v1,unpredictable,,18,3.599381
u64,zmij_x64_v2,unpredictable,,18,2.377362
u64,zmij_x64_v3,unpredictable,,18,2.139102
u64,zmij_x64_v3_nokernel,unpredictable,,18,2.219919
u64,zmij_x64_v4,unpredictable,,18,2.114614
u64,amartin,unpredictable,,19,5.434643
u64,branchlut,unpredictable,,19,4.595045
u64,branchlut2,unpredictable,,19,4.166203
u64,countlut,unpredictable,,19,5.068165
u64,fmt,unpredictable,,19,6.425884
u64,jeaiii,unpredictable,,19,4.443252
u64,naive,unpredictable,,19,17.424699
u64,null,unpredictable,,19,1.069840
u64,sse2,unpredictable,,19,3.466703
u64,tmueller,unpredictable,,19,6.392163
u64,unrolledlut,unpredictable,,19,5.644269
u64,yy,unpredictable,,19,4.594978
u64,zmij_scalar,unpredictable,,19,4.572341
u64,zmij_x64_native,unpredictable,,19,2.113780
u64,zmij_x64_v1,unpredictable,,19,3.603208
u64,zmij_x64_v2,unpredictable,,19,2.351842
u64,zmij_x64_v3,unpredictable,,19,2.105599
u64,zmij_x64_v3_nokernel,unpredictable,,19,2.248569
u64,zmij_x64_v4,unpredictable,,19,2.061250
u64,amartin,unpredictable,,20,5.207674
u64,branchlut,unpredictable,,20,4.613749
u64,branchlut2,unpredictable,,20,4.436759
u64,countlut,unpredictable,,20,5.207190
u64,fmt,unpredictable,,20,6.294108
u64,jeaiii,unpredictable,,20,4.188813
u64,naive,unpredictable,,20,19.211866
u64,null,unpredictable,,20,1.064895
u64,sse2,unpredictable,,20,3.287445
u64,tmueller,unpredictable,,20,6.079764
u64,unrolledlut,unpredictable,,20,5.894560
u64,yy,unpredictable,,20,4.500089
u64,zmij_scalar,unpredictable,,20,4.822246
u64,zmij_x64_native,unpredictable,,20,2.141287
u64,zmij_x64_v1,unpredictable,,20,3.696541
u64,zmij_x64_v2,unpredictable,,20,2.393871
u64,zmij_x64_v3,unpredictable,,20,2.094977
u64,zmij_x64_v3_nokernel,unpredictable,,20,2.226061
u64,zmij_x64_v4,unpredictable,,20,2.023651
u64,amartin,admixture,5x6,0,1.455321
u64,branchlut,admixture,5x6,0,2.111412
u64,branchlut2,admixture,5x6,0,1.327925
u64,countlut,admixture,5x6,0,1.953119
u64,fmt,admixture,5x6,0,1.774875
u64,jeaiii,admixture,5x6,0,1.136275
u64,naive,admixture,5x6,0,5.537361
u64,null,admixture,5x6,0,0.802430
u64,sse2,admixture,5x6,0,1.987607
u64,tmueller,admixture,5x6,0,1.787427
u64,unrolledlut,admixture,5x6,0,1.883560
u64,yy,admixture,5x6,0,1.464305
u64,zmij_scalar,admixture,5x6,0,4.807736
u64,zmij_x64_native,admixture,5x6,0,2.142807
u64,zmij_x64_v1,admixture,5x6,0,3.702714
u64,zmij_x64_v2,admixture,5x6,0,2.341918
u64,zmij_x64_v3,admixture,5x6,0,2.094472
u64,zmij_x64_v3_nokernel,admixture,5x6,0,2.222429
u64,zmij_x64_v4,admixture,5x6,0,2.077656
u64,amartin,admixture,5x6,10,1.459205
u64,branchlut,admixture,5x6,10,2.675516
u64,branchlut2,admixture,5x6,10,2.109301
u64,countlut,admixture,5x6,10,2.629263
u64,fmt,admixture,5x6,10,2.509036
u64,jeaiii,admixture,5x6,10,1.844440
u64,naive,admixture,5x6,10,6.305664
u64,null,admixture,5x6,10,0.980645
u64,sse2,admixture,5x6,10,2.522088
u64,tmueller,admixture,5x6,10,2.461613
u64,unrolledlut,admixture,5x6,10,2.489714
u64,yy,admixture,5x6,10,1.386201
u64,zmij_scalar,admixture,5x6,10,4.787910
u64,zmij_x64_native,admixture,5x6,10,2.139279
u64,zmij_x64_v1,admixture,5x6,10,3.740701
u64,zmij_x64_v2,admixture,5x6,10,2.352980
u64,zmij_x64_v3,admixture,5x6,10,2.106282
u64,zmij_x64_v3_nokernel,admixture,5x6,10,2.201774
u64,zmij_x64_v4,admixture,5x6,10,2.054447
u64,amartin,admixture,5x6,20,1.463658
u64,branchlut,admixture,5x6,20,3.177166
u64,branchlut2,admixture,5x6,20,2.598702
u64,countlut,admixture,5x6,20,3.136172
u64,fmt,admixture,5x6,20,3.090156
u64,jeaiii,admixture,5x6,20,2.325033
u64,naive,admixture,5x6,20,6.910948
u64,null,admixture,5x6,20,0.796582
u64,sse2,admixture,5x6,20,3.026583
u64,tmueller,admixture,5x6,20,3.042399
u64,unrolledlut,admixture,5x6,20,3.059951
u64,yy,admixture,5x6,20,1.410478
u64,zmij_scalar,admixture,5x6,20,4.757795
u64,zmij_x64_native,admixture,5x6,20,2.128460
u64,zmij_x64_v1,admixture,5x6,20,3.668940
u64,zmij_x64_v2,admixture,5x6,20,2.387246
u64,zmij_x64_v3,admixture,5x6,20,2.109712
u64,zmij_x64_v3_nokernel,admixture,5x6,20,2.249727
u64,zmij_x64_v4,admixture,5x6,20,2.066531
u64,amartin,admixture,5x6,30,1.506028
u64,branchlut,admixture,5x6,30,3.904469
u64,branchlut2,admixture,5x6,30,3.150072
u64,countlut,admixture,5x6,30,3.794824
u64,fmt,admixture,5x6,30,3.752979
u64,jeaiii,admixture,5x6,30,2.908233
u64,naive,admixture,5x6,30,7.645183
u64,null,admixture,5x6,30,0.748584
u64,sse2,admixture,5x6,30,3.479247
u64,tmueller,admixture,5x6,30,3.730229
u64,unrolledlut,admixture,5x6,30,3.606352
u64,yy,admixture,5x6,30,1.418224
u64,zmij_scalar,admixture,5x6,30,4.794913
u64,zmij_x64_native,admixture,5x6,30,2.155319
u64,zmij_x64_v1,admixture,5x6,30,3.724561
u64,zmij_x64_v2,admixture,5x6,30,2.394510
u64,zmij_x64_v3,admixture,5x6,30,2.134669
u64,zmij_x64_v3_nokernel,admixture,5x6,30,2.216543
u64,zmij_x64_v4,admixture,5x6,30,2.095423
u64,amartin,admixture,5x6,40,1.455904
u64,branchlut,admixture,5x6,40,4.290148
u64,branchlut2,admixture,5x6,40,3.686321
u64,countlut,admixture,5x6,40,4.304272
u64,fmt,admixture,5x6,40,4.439461
u64,jeaiii,admixture,5x6,40,3.408309
u64,naive,admixture,5x6,40,7.992173
u64,null,admixture,5x6,40,0.762623
u64,sse2,admixture,5x6,40,4.060719
u64,tmueller,admixture,5x6,40,4.259653
u64,unrolledlut,admixture,5x6,40,4.204251
u64,yy,admixture,5x6,40,1.443872
u64,zmij_scalar,admixture,5x6,40,4.792952
u64,zmij_x64_native,admixture,5x6,40,2.200652
u64,zmij_x64_v1,admixture,5x6,40,3.681295
u64,zmij_x64_v2,admixture,5x6,40,2.328284
u64,zmij_x64_v3,admixture,5x6,40,2.075294
u64,zmij_x64_v3_nokernel,admixture,5x6,40,2.240211
u64,zmij_x64_v4,admixture,5x6,40,2.072496
u64,amartin,admixture,5x6,50,1.470473
u64,branchlut,admixture,5x6,50,4.530632
u64,branchlut2,admixture,5x6,50,3.777796
u64,countlut,admixture,5x6,50,4.639391
u64,fmt,admixture,5x6,50,5.128120
u64,jeaiii,admixture,5x6,50,3.759587
u64,naive,admixture,5x6,50,8.402034
u64,null,admixture,5x6,50,0.821282
u64,sse2,admixture,5x6,50,4.307982
u64,tmueller,admixture,5x6,50,4.564845
u64,unrolledlut,admixture,5x6,50,4.344668
u64,yy,admixture,5x6,50,1.420642
u64,zmij_scalar,admixture,5x6,50,4.757928
u64,zmij_x64_native,admixture,5x6,50,2.109459
u64,zmij_x64_v1,admixture,5x6,50,3.637981
u64,zmij_x64_v2,admixture,5x6,50,2.347435
u64,zmij_x64_v3,admixture,5x6,50,2.052670
u64,zmij_x64_v3_nokernel,admixture,5x6,50,2.333711
u64,zmij_x64_v4,admixture,5x6,50,2.094747
u64,amartin,admixture,5x6,60,1.490779
u64,branchlut,admixture,5x6,60,4.247210
u64,branchlut2,admixture,5x6,60,3.565477
u64,countlut,admixture,5x6,60,4.235197
u64,fmt,admixture,5x6,60,4.541539
u64,jeaiii,admixture,5x6,60,3.415188
u64,naive,admixture,5x6,60,8.104296
u64,null,admixture,5x6,60,0.750180
u64,sse2,admixture,5x6,60,4.075517
u64,tmueller,admixture,5x6,60,4.326208
u64,unrolledlut,admixture,5x6,60,4.224555
u64,yy,admixture,5x6,60,1.419075
u64,zmij_scalar,admixture,5x6,60,4.818770
u64,zmij_x64_native,admixture,5x6,60,2.130618
u64,zmij_x64_v1,admixture,5x6,60,3.761474
u64,zmij_x64_v2,admixture,5x6,60,2.401767
u64,zmij_x64_v3,admixture,5x6,60,2.102718
u64,zmij_x64_v3_nokernel,admixture,5x6,60,2.203394
u64,zmij_x64_v4,admixture,5x6,60,2.064981
u64,amartin,admixture,5x6,70,1.434016
u64,branchlut,admixture,5x6,70,3.565804
u64,branchlut2,admixture,5x6,70,3.043138
u64,countlut,admixture,5x6,70,3.693377
u64,fmt,admixture,5x6,70,3.744159
u64,jeaiii,admixture,5x6,70,2.899356
u64,naive,admixture,5x6,70,7.213797
u64,null,admixture,5x6,70,0.766786
u64,sse2,admixture,5x6,70,3.505185
u64,tmueller,admixture,5x6,70,3.664312
u64,unrolledlut,admixture,5x6,70,3.564348
u64,yy,admixture,5x6,70,1.515330
u64,zmij_scalar,admixture,5x6,70,4.739327
u64,zmij_x64_native,admixture,5x6,70,2.105816
u64,zmij_x64_v1,admixture,5x6,70,3.668377
u64,zmij_x64_v2,admixture,5x6,70,2.339365
u64,zmij_x64_v3,admixture,5x6,70,2.126562
u64,zmij_x64_v3_nokernel,admixture,5x6,70,2.202503
u64,zmij_x64_v4,admixture,5x6,70,2.075052
u64,amartin,admixture,5x6,80,1.505634
u64,branchlut,admixture,5x6,80,3.006269
u64,branchlut2,admixture,5x6,80,2.500057
u64,countlut,admixture,5x6,80,3.069387
u64,fmt,admixture,5x6,80,3.148486
u64,jeaiii,admixture,5x6,80,2.330475
u64,naive,admixture,5x6,80,6.405335
u64,null,admixture,5x6,80,0.795988
u64,sse2,admixture,5x6,80,2.958103
u64,tmueller,admixture,5x6,80,3.016210
u64,unrolledlut,admixture,5x6,80,2.953799
u64,yy,admixture,5x6,80,1.461489
u64,zmij_scalar,admixture,5x6,80,4.739005
u64,zmij_x64_native,admixture,5x6,80,2.129529
u64,zmij_x64_v1,admixture,5x6,80,3.654664
u64,zmij_x64_v2,admixture,5x6,80,2.356387
u64,zmij_x64_v3,admixture,5x6,80,2.057830
u64,zmij_x64_v3_nokernel,admixture,5x6,80,2.232345
u64,zmij_x64_v4,admixture,5x6,80,2.052751
u64,amartin,admixture,5x6,90,1.618791
u64,branchlut,admixture,5x6,90,2.632061
u64,branchlut2,admixture,5x6,90,2.076841
u64,countlut,admixture,5x6,90,2.561467
u64,fmt,admixture,5x6,90,2.589098
u64,jeaiii,admixture,5x6,90,1.796863
u64,naive,admixture,5x6,90,5.694300
u64,null,admixture,5x6,90,0.822428
u64,sse2,admixture,5x6,90,2.385787
u64,tmueller,admixture,5x6,90,2.400964
u64,unrolledlut,admixture,5x6,90,2.335371
u64,yy,admixture,5x6,90,1.393642
u64,zmij_scalar,admixture,5x6,90,4.759647
u64,zmij_x64_native,admixture,5x6,90,2.173681
u64,zmij_x64_v1,admixture,5x6,90,3.771270
u64,zmij_x64_v2,admixture,5x6,90,2.465024
u64,zmij_x64_v3,admixture,5x6,90,2.168853
u64,zmij_x64_v3_nokernel,admixture,5x6,90,2.326591
u64,zmij_x64_v4,admixture,5x6,90,2.148889
u64,amartin,admixture,5x6,100,1.475703
u64,branchlut,admixture,5x6,100,2.008304
u64,branchlut2,admixture,5x6,100,1.391034
u64,countlut,admixture,5x6,100,1.805133
u64,fmt,admixture,5x6,100,1.807046
u64,jeaiii,admixture,5x6,100,1.152232
u64,naive,admixture,5x6,100,4.841003
u64,null,admixture,5x6,100,0.766688
u64,sse2,admixture,5x6,100,1.858221
u64,tmueller,admixture,5x6,100,1.830230
u64,unrolledlut,admixture,5x6,100,1.728721
u64,yy,admixture,5x6,100,1.464563
u64,zmij_scalar,admixture,5x6,100,4.833964
u64,zmij_x64_native,admixture,5x6,100,2.157832
u64,zmij_x64_v1,admixture,5x6,100,3.707953
u64,zmij_x64_v2,admixture,5x6,100,2.364547
u64,zmij_x64_v3,admixture,5x6,100,2.081138
u64,zmij_x64_v3_nokernel,admixture,5x6,100,2.238151
u64,zmij_x64_v4,admixture,5x6,100,2.083673
i64,amartin,bylength,,1,1.042044
i64,branchlut,bylength,,1,4.247302
i64,branchlut2,bylength,,1,4.041084
i64,countlut,bylength,,1,3.957609
i64,fmt,bylength,,1,0.973945
i64,jeaiii,bylength,,1,3.881185
i64,naive,bylength,,1,3.917832
i64,null,bylength,,1,0.761387
i64,sse2,bylength,,1,4.151341
i64,tmueller,bylength,,1,0.789577
i64,unrolledlut,bylength,,1,4.419559
i64,yy,bylength,,1,0.935301
i64,zmij_scalar,bylength,,1,5.109592
i64,zmij_x64_native,bylength,,1,2.438171
i64,zmij_x64_v1,bylength,,1,4.220130
i64,zmij_x64_v2,bylength,,1,2.575363
i64,zmij_x64_v3,bylength,,1,2.331960
i64,zmij_x64_v3_nokernel,bylength,,1,2.569391
i64,zmij_x64_v4,bylength,,1,2.399020
i64,amartin,bylength,,2,0.973190
i64,branchlut,bylength,,2,4.398981
i64,branchlut2,bylength,,2,4.114061
i64,countlut,bylength,,2,3.698887
i64,fmt,bylength,,2,1.014770
i64,jeaiii,bylength,,2,3.926570
i64,naive,bylength,,2,4.872006
i64,null,bylength,,2,0.920204
i64,sse2,bylength,,2,4.215097
i64,tmueller,bylength,,2,1.104499
i64,unrolledlut,bylength,,2,3.953307
i64,yy,bylength,,2,0.960170
i64,zmij_scalar,bylength,,2,4.938344
i64,zmij_x64_native,bylength,,2,2.397487
i64,zmij_x64_v1,bylength,,2,4.073271
i64,zmij_x64_v2,bylength,,2,2.584426
i64,zmij_x64_v3,bylength,,2,2.305613
i64,zmij_x64_v3_nokernel,bylength,,2,2.522437
i64,zmij_x64_v4,bylength,,2,2.344787
i64,amartin,bylength,,3,1.351895
i64,branchlut,bylength,,3,4.068427
i64,branchlut2,bylength,,3,4.021317
i64,countlut,bylength,,3,3.973931
i64,fmt,bylength,,3,1.507024
i64,jeaiii,bylength,,3,4.110275
i64,naive,bylength,,3,5.835799
i64,null,bylength,,3,0.907167
i64,sse2,bylength,,3,4.009615
i64,tmueller,bylength,,3,1.657303
i64,unrolledlut,bylength,,3,4.652705
i64,yy,bylength,,3,1.125204
i64,zmij_scalar,bylength,,3,4.945167
i64,zmij_x64_native,bylength,,3,2.408749
i64,zmij_x64_v1,bylength,,3,4.147092
i64,zmij_x64_v2,bylength,,3,2.586946
i64,zmij_x64_v3,bylength,,3,2.332142
i64,zmij_x64_v3_nokernel,bylength,,3,2.564781
i64,zmij_x64_v4,bylength,,3,2.380656
i64,amartin,bylength,,4,1.341832
i64,branchlut,bylength,,4,4.289181
i64,branchlut2,bylength,,4,4.120561
i64,countlut,bylength,,4,3.957490
i64,fmt,bylength,,4,1.443588
i64,jeaiii,bylength,,4,4.146359
i64,naive,bylength,,4,6.680701
i64,null,bylength,,4,0.834938
i64,sse2,bylength,,4,3.692873
i64,tmueller,bylength,,4,1.656260
i64,unrolledlut,bylength,,4,4.539690
i64,yy,bylength,,4,1.164367
i64,zmij_scalar,bylength,,4,4.941985
i64,zmij_x64_native,bylength,,4,2.393316
i64,zmij_x64_v1,bylength,,4,4.088643
i64,zmij_x64_v2,bylength,,4,2.598328
i64,zmij_x64_v3,bylength,,4,2.351170
i64,zmij_x64_v3_nokernel,bylength,,4,2.535013
i64,zmij_x64_v4,bylength,,4,2.351605
i64,amartin,bylength,,5,1.828618
i64,branchlut,bylength,,5,4.695330
i64,branchlut2,bylength,,5,3.939269
i64,countlut,bylength,,5,4.050864
i64,fmt,bylength,,5,2.065595
i64,jeaiii,bylength,,5,4.183467
i64,naive,bylength,,5,7.482341
i64,null,bylength,,5,0.919311
i64,sse2,bylength,,5,4.725215
i64,tmueller,bylength,,5,2.208086
i64,unrolledlut,bylength,,5,4.636425
i64,yy,bylength,,5,1.527512
i64,zmij_scalar,bylength,,5,4.963563
i64,zmij_x64_native,bylength,,5,2.411709
i64,zmij_x64_v1,bylength,,5,4.087334
i64,zmij_x64_v2,bylength,,5,2.626395
i64,zmij_x64_v3,bylength,,5,2.354804
i64,zmij_x64_v3_nokernel,bylength,,5,2.552033
i64,zmij_x64_v4,bylength,,5,2.363818
i64,amartin,bylength,,6,1.794601
i64,branchlut,bylength,,6,5.020977
i64,branchlut2,bylength,,6,4.188051
i64,countlut,bylength,,6,4.525360
i64,fmt,bylength,,6,1.996682
i64,jeaiii,bylength,,6,4.194357
i64,naive,bylength,,6,8.718752
i64,null,bylength,,6,0.781178
i64,sse2,bylength,,6,4.985279
i64,tmueller,bylength,,6,2.175714
i64,unrolledlut,bylength,,6,4.842318
i64,yy,bylength,,6,1.503401
i64,zmij_scalar,bylength,,6,5.000346
i64,zmij_x64_native,bylength,,6,2.461392
i64,zmij_x64_v1,bylength,,6,4.102624
i64,zmij_x64_v2,bylength,,6,2.666253
i64,zmij_x64_v3,bylength,,6,2.478284
i64,zmij_x64_v3_nokernel,bylength,,6,2.606046
i64,zmij_x64_v4,bylength,,6,2.499013
i64,amartin,bylength,,7,2.369745
i64,branchlut,bylength,,7,4.765964
i64,branchlut2,bylength,,7,4.505735
i64,countlut,bylength,,7,4.679751
i64,fmt,bylength,,7,2.565218
i64,jeaiii,bylength,,7,4.403339
i64,naive,bylength,,7,9.449125
i64,null,bylength,,7,0.862912
i64,sse2,bylength,,7,4.473666
i64,tmueller,bylength,,7,2.741365
i64,unrolledlut,bylength,,7,4.354738
i64,yy,bylength,,7,1.871154
i64,zmij_scalar,bylength,,7,4.919097
i64,zmij_x64_native,bylength,,7,2.406273
i64,zmij_x64_v1,bylength,,7,4.075033
i64,zmij_x64_v2,bylength,,7,2.567557
i64,zmij_x64_v3,bylength,,7,2.349962
i64,zmij_x64_v3_nokernel,bylength,,7,2.549164
i64,zmij_x64_v4,bylength,,7,2.370077
i64,amartin,bylength,,8,2.321467
i64,branchlut,bylength,,8,4.845870
i64,branchlut2,bylength,,8,4.608226
i64,countlut,bylength,,8,5.032472
i64,fmt,bylength,,8,2.542332
i64,jeaiii,bylength,,8,4.724334
i64,naive,bylength,,8,9.909722
i64,null,bylength,,8,0.810637
i64,sse2,bylength,,8,4.658432
i64,tmueller,bylength,,8,2.738750
i64,unrolledlut,bylength,,8,4.126134
i64,yy,bylength,,8,1.881726
i64,zmij_scalar,bylength,,8,4.966986
i64,zmij_x64_native,bylength,,8,2.414086
i64,zmij_x64_v1,bylength,,8,4.104798
i64,zmij_x64_v2,bylength,,8,2.581476
i64,zmij_x64_v3,bylength,,8,2.351166
i64,zmij_x64_v3_nokernel,bylength,,8,2.550239
i64,zmij_x64_v4,bylength,,8,2.380723
i64,amartin,bylength,,9,2.669899
i64,branchlut,bylength,,9,6.551821
i64,branchlut2,bylength,,9,4.641493
i64,countlut,bylength,,9,4.541664
i64,fmt,bylength,,9,3.278704
i64,jeaiii,bylength,,9,4.350199
i64,naive,bylength,,9,10.768850
i64,null,bylength,,9,0.776341
i64,sse2,bylength,,9,4.539344
i64,tmueller,bylength,,9,3.374342
i64,unrolledlut,bylength,,9,4.160230
i64,yy,bylength,,9,2.441637
i64,zmij_scalar,bylength,,9,5.566279
i64,zmij_x64_native,bylength,,9,2.399425
i64,zmij_x64_v1,bylength,,9,4.130264
i64,zmij_x64_v2,bylength,,9,2.611557
i64,zmij_x64_v3,bylength,,9,2.350765
i64,zmij_x64_v3_nokernel,bylength,,9,2.588379
i64,zmij_x64_v4,bylength,,9,2.384056
i64,amartin,bylength,,10,4.772737
i64,branchlut,bylength,,10,6.881217
i64,branchlut2,bylength,,10,4.800622
i64,countlut,bylength,,10,4.680784
i64,fmt,bylength,,10,3.190996
i64,jeaiii,bylength,,10,6.522882
i64,naive,bylength,,10,11.586370
i64,null,bylength,,10,0.886419
i64,sse2,bylength,,10,4.634066
i64,tmueller,bylength,,10,3.290791
i64,unrolledlut,bylength,,10,6.747706
i64,yy,bylength,,10,2.378462
i64,zmij_scalar,bylength,,10,5.526760
i64,zmij_x64_native,bylength,,10,2.445687
i64,zmij_x64_v1,bylength,,10,4.045815
i64,zmij_x64_v2,bylength,,10,2.535048
i64,zmij_x64_v3,bylength,,10,2.379487
i64,zmij_x64_v3_nokernel,bylength,,10,2.570192
i64,zmij_x64_v4,bylength,,10,2.351384
i64,amartin,bylength,,11,3.413969
i64,branchlut,bylength,,11,7.290825
i64,branchlut2,bylength,,11,5.295941
i64,countlut,bylength,,11,5.038015
i64,fmt,bylength,,11,3.938604
i64,jeaiii,bylength,,11,4.793900
i64,naive,bylength,,11,12.762253
i64,null,bylength,,11,0.875221
i64,sse2,bylength,,11,4.677650
i64,tmueller,bylength,,11,3.859574
i64,unrolledlut,bylength,,11,5.651017
i64,yy,bylength,,11,2.869715
i64,zmij_scalar,bylength,,11,5.529192
i64,zmij_x64_native,bylength,,11,2.444330
i64,zmij_x64_v1,bylength,,11,4.184022
i64,zmij_x64_v2,bylength,,11,2.627449
i64,zmij_x64_v3,bylength,,11,2.304721
i64,zmij_x64_v3_nokernel,bylength,,11,2.590303
i64,zmij_x64_v4,bylength,,11,2.351912
i64,amartin,bylength,,12,3.343213
i64,branchlut,bylength,,12,7.170953
i64,branchlut2,bylength,,12,5.350422
i64,countlut,bylength,,12,4.879733
i64,fmt,bylength,,12,3.824319
i64,jeaiii,bylength,,12,5.105758
i64,naive,bylength,,12,13.555986
i64,null,bylength,,12,0.822488
i64,sse2,bylength,,12,4.776423
i64,tmueller,bylength,,12,3.904006
i64,unrolledlut,bylength,,12,5.277147
i64,yy,bylength,,12,2.822393
i64,zmij_scalar,bylength,,12,5.107055
i64,zmij_x64_native,bylength,,12,2.399592
i64,zmij_x64_v1,bylength,,12,4.104185
i64,zmij_x64_v2,bylength,,12,2.589978
i64,zmij_x64_v3,bylength,,12,2.346463
i64,zmij_x64_v3_nokernel,bylength,,12,2.530282
i64,zmij_x64_v4,bylength,,12,2.344344
i64,amartin,bylength,,13,3.923113
i64,branchlut,bylength,,13,7.340484
i64,branchlut2,bylength,,13,5.191861
i64,countlut,bylength,,13,5.348934
i64,fmt,bylength,,13,4.533254
i64,jeaiii,bylength,,13,5.350680
i64,naive,bylength,,13,14.680395
i64,null,bylength,,13,0.793140
i64,sse2,bylength,,13,4.804277
i64,tmueller,bylength,,13,4.589720
i64,unrolledlut,bylength,,13,5.881772
i64,yy,bylength,,13,3.280174
i64,zmij_scalar,bylength,,13,5.164465
i64,zmij_x64_native,bylength,,13,2.406372
i64,zmij_x64_v1,bylength,,13,4.133361
i64,zmij_x64_v2,bylength,,13,2.619737
i64,zmij_x64_v3,bylength,,13,2.366885
i64,zmij_x64_v3_nokernel,bylength,,13,2.541682
i64,zmij_x64_v4,bylength,,13,2.413863
i64,amartin,bylength,,14,3.929049
i64,branchlut,bylength,,14,7.319781
i64,branchlut2,bylength,,14,5.466928
i64,countlut,bylength,,14,5.446636
i64,fmt,bylength,,14,4.393052
i64,jeaiii,bylength,,14,5.294723
i64,naive,bylength,,14,15.477135
i64,null,bylength,,14,0.852033
i64,sse2,bylength,,14,4.911995
i64,tmueller,bylength,,14,4.546270
i64,unrolledlut,bylength,,14,5.760988
i64,yy,bylength,,14,3.295755
i64,zmij_scalar,bylength,,14,5.128948
i64,zmij_x64_native,bylength,,14,2.434576
i64,zmij_x64_v1,bylength,,14,4.130597
i64,zmij_x64_v2,bylength,,14,2.572603
i64,zmij_x64_v3,bylength,,14,2.319085
i64,zmij_x64_v3_nokernel,bylength,,14,2.536102
i64,zmij_x64_v4,bylength,,14,2.364276
i64,amartin,bylength,,15,4.377893
i64,branchlut,bylength,,15,7.344784
i64,branchlut2,bylength,,15,5.959079
i64,countlut,bylength,,15,5.974032
i64,fmt,bylength,,15,5.324564
i64,jeaiii,bylength,,15,5.580302
i64,naive,bylength,,15,16.851348
i64,null,bylength,,15,0.805908
i64,sse2,bylength,,15,4.805302
i64,tmueller,bylength,,15,5.220420
i64,unrolledlut,bylength,,15,5.865796
i64,yy,bylength,,15,3.600263
i64,zmij_scalar,bylength,,15,5.121650
i64,zmij_x64_native,bylength,,15,2.401710
i64,zmij_x64_v1,bylength,,15,4.108998
i64,zmij_x64_v2,bylength,,15,2.544250
i64,zmij_x64_v3,bylength,,15,2.339154
i64,zmij_x64_v3_nokernel,bylength,,15,2.542893
i64,zmij_x64_v4,bylength,,15,2.387807
i64,amartin,bylength,,16,4.428038
i64,branchlut,bylength,,16,7.277812
i64,branchlut2,bylength,,16,6.025257
i64,countlut,bylength,,16,6.179683
i64,fmt,bylength,,16,5.231175
i64,jeaiii,bylength,,16,5.624370
i64,naive,bylength,,16,16.957573
i64,null,bylength,,16,0.811452
i64,sse2,bylength,,16,4.490794
i64,tmueller,bylength,,16,5.152843
i64,unrolledlut,bylength,,16,5.913817
i64,yy,bylength,,16,3.573480
i64,zmij_scalar,bylength,,16,5.126599
i64,zmij_x64_native,bylength,,16,2.418481
i64,zmij_x64_v1,bylength,,16,4.075187
i64,zmij_x64_v2,bylength,,16,2.586733
i64,zmij_x64_v3,bylength,,16,2.344747
i64,zmij_x64_v3_nokernel,bylength,,16,2.544425
i64,zmij_x64_v4,bylength,,16,2.364678
i64,amartin,bylength,,17,4.765562
i64,branchlut,bylength,,17,5.516084
i64,branchlut2,bylength,,17,5.597204
i64,countlut,bylength,,17,5.979157
i64,fmt,bylength,,17,6.081449
i64,jeaiii,bylength,,17,5.766404
i64,naive,bylength,,17,17.758844
i64,null,bylength,,17,0.863270
i64,sse2,bylength,,17,4.585114
i64,tmueller,bylength,,17,5.863963
i64,unrolledlut,bylength,,17,6.131709
i64,yy,bylength,,17,3.721091
i64,zmij_scalar,bylength,,17,5.456319
i64,zmij_x64_native,bylength,,17,2.385873
i64,zmij_x64_v1,bylength,,17,4.065478
i64,zmij_x64_v2,bylength,,17,2.583337
i64,zmij_x64_v3,bylength,,17,2.330071
i64,zmij_x64_v3_nokernel,bylength,,17,2.504426
i64,zmij_x64_v4,bylength,,17,2.490216
i64,amartin,bylength,,18,6.236412
i64,branchlut,bylength,,18,5.687902
i64,branchlut2,bylength,,18,5.793370
i64,countlut,bylength,,18,5.773155
i64,fmt,bylength,,18,6.084152
i64,jeaiii,bylength,,18,7.865233
i64,naive,bylength,,18,19.450744
i64,null,bylength,,18,0.851195
i64,sse2,bylength,,18,4.930573
i64,tmueller,bylength,,18,5.918678
i64,unrolledlut,bylength,,18,7.865422
i64,yy,bylength,,18,3.731895
i64,zmij_scalar,bylength,,18,5.508483
i64,zmij_x64_native,bylength,,18,2.436480
i64,zmij_x64_v1,bylength,,18,4.109442
i64,zmij_x64_v2,bylength,,18,2.597203
i64,zmij_x64_v3,bylength,,18,2.367452
i64,zmij_x64_v3_nokernel,bylength,,18,2.550659
i64,zmij_x64_v4,bylength,,18,2.333360
i64,amartin,bylength,,19,4.874613
i64,branchlut,bylength,,19,6.288931
i64,branchlut2,bylength,,19,6.300359
i64,countlut,bylength,,19,6.122573
i64,fmt,bylength,,19,6.754816
i64,jeaiii,bylength,,19,6.202377
i64,naive,bylength,,19,20.070272
i64,null,bylength,,19,0.934417
i64,sse2,bylength,,19,5.281731
i64,tmueller,bylength,,19,6.747742
i64,unrolledlut,bylength,,19,6.970302
i64,yy,bylength,,19,3.810106
i64,zmij_scalar,bylength,,19,5.516749
i64,zmij_x64_native,bylength,,19,2.409645
i64,zmij_x64_v1,bylength,,19,4.127847
i64,zmij_x64_v2,bylength,,19,2.646947
i64,zmij_x64_v3,bylength,,19,2.353419
i64,zmij_x64_v3_nokernel,bylength,,19,2.574448
i64,zmij_x64_v4,bylength,,19,2.369248
i64,amartin,loguniform,1-19,19,9.580029
i64,branchlut,loguniform,1-19,19,13.102520
i64,branchlut2,loguniform,1-19,19,13.307662
i64,countlut,loguniform,1-19,19,12.905667
i64,fmt,loguniform,1-19,19,11.745566
i64,jeaiii,loguniform,1-19,19,13.761165
i64,naive,loguniform,1-19,19,18.193183
i64,null,loguniform,1-19,19,0.807947
i64,sse2,loguniform,1-19,19,15.764434
i64,tmueller,loguniform,1-19,19,11.880923
i64,unrolledlut,loguniform,1-19,19,13.295760
i64,yy,loguniform,1-19,19,8.713196
i64,zmij_scalar,loguniform,1-19,19,5.138218
i64,zmij_x64_native,loguniform,1-19,19,2.443110
i64,zmij_x64_v1,loguniform,1-19,19,4.097891
i64,zmij_x64_v2,loguniform,1-19,19,2.590779
i64,zmij_x64_v3,loguniform,1-19,19,2.350396
i64,zmij_x64_v3_nokernel,loguniform,1-19,19,2.531473
i64,zmij_x64_v4,loguniform,1-19,19,2.399695
i64,amartin,loguniform,1-4,4,4.038817
i64,branchlut,loguniform,1-4,4,7.978752
i64,branchlut2,loguniform,1-4,4,8.521617
i64,countlut,loguniform,1-4,4,8.721515
i64,fmt,loguniform,1-4,4,6.562553
i64,jeaiii,loguniform,1-4,4,8.880198
i64,naive,loguniform,1-4,4,9.482486
i64,null,loguniform,1-4,4,0.788401
i64,sse2,loguniform,1-4,4,8.127410
i64,tmueller,loguniform,1-4,4,6.022552
i64,unrolledlut,loguniform,1-4,4,8.895352
i64,yy,loguniform,1-4,4,3.869676
i64,zmij_scalar,loguniform,1-4,4,4.907189
i64,zmij_x64_native,loguniform,1-4,4,2.421183
i64,zmij_x64_v1,loguniform,1-4,4,4.089204
i64,zmij_x64_v2,loguniform,1-4,4,2.565717
i64,zmij_x64_v3,loguniform,1-4,4,2.365440
i64,zmij_x64_v3_nokernel,loguniform,1-4,4,2.543319
i64,zmij_x64_v4,loguniform,1-4,4,2.377596
i64,amartin,uniform,0-255,0,3.557436
i64,branchlut,uniform,0-255,0,3.595749
i64,branchlut2,uniform,0-255,0,3.512035
i64,countlut,uniform,0-255,0,3.572304
i64,fmt,uniform,0-255,0,3.711225
i64,jeaiii,uniform,0-255,0,3.493721
i64,naive,uniform,0-255,0,5.171221
i64,null,uniform,0-255,0,0.770777
i64,sse2,uniform,0-255,0,3.533793
i64,tmueller,uniform,0-255,0,3.750908
i64,unrolledlut,uniform,0-255,0,3.941187
i64,yy,uniform,0-255,0,3.476885
i64,zmij_scalar,uniform,0-255,0,4.914014
i64,zmij_x64_native,uniform,0-255,0,2.408076
i64,zmij_x64_v1,uniform,0-255,0,4.090647
i64,zmij_x64_v2,uniform,0-255,0,2.606863
i64,zmij_x64_v3,uniform,0-255,0,2.357433
i64,zmij_x64_v3_nokernel,uniform,0-255,0,2.552797
i64,zmij_x64_v4,uniform,0-255,0,2.380443
i64,amartin,unpredictable,,1,2.790102
i64,branchlut,unpredictable,,1,5.737092
i64,branchlut2,unpredictable,,1,5.317302
i64,countlut,unpredictable,,1,6.291248
i64,fmt,unpredictable,,1,5.058087
i64,jeaiii,unpredictable,,1,5.778636
i64,naive,unpredictable,,1,8.285713
i64,null,unpredictable,,1,0.766376
i64,sse2,unpredictable,,1,5.433219
i64,tmueller,unpredictable,,1,5.974803
i64,unrolledlut,unpredictable,,1,4.639412
i64,yy,unpredictable,,1,2.763030
i64,zmij_scalar,unpredictable,,1,5.038876
i64,zmij_x64_native,unpredictable,,1,2.643005
i64,zmij_x64_v1,unpredictable,,1,4.359029
i64,zmij_x64_v2,unpredictable,,1,2.565068
i64,zmij_x64_v3,unpredictable,,1,2.337477
i64,zmij_x64_v3_nokernel,unpredictable,,1,2.819556
i64,zmij_x64_v4,unpredictable,,1,2.622423
i64,amartin,unpredictable,,2,2.655632
i64,branchlut,unpredictable,,2,6.122653
i64,branchlut2,unpredictable,,2,5.805469
i64,countlut,unpredictable,,2,6.803321
i64,fmt,unpredictable,,2,5.280006
i64,jeaiii,unpredictable,,2,6.434416
i64,naive,unpredictable,,2,9.663214
i64,null,unpredictable,,2,0.859735
i64,sse2,unpredictable,,2,6.432298
i64,tmueller,unpredictable,,2,6.124240
i64,unrolledlut,unpredictable,,2,5.063882
i64,yy,unpredictable,,2,3.210327
i64,zmij_scalar,unpredictable,,2,5.246754
i64,zmij_x64_native,unpredictable,,2,2.533144
i64,zmij_x64_v1,unpredictable,,2,4.249336
i64,zmij_x64_v2,unpredictable,,2,2.669301
i64,zmij_x64_v3,unpredictable,,2,2.534056
i64,zmij_x64_v3_nokernel,unpredictable,,2,2.768713
i64,zmij_x64_v4,unpredictable,,2,2.436243
i64,amartin,unpredictable,,3,2.379204
i64,branchlut,unpredictable,,3,5.742952
i64,branchlut2,unpredictable,,3,5.258197
i64,countlut,unpredictable,,3,6.255900
i64,fmt,unpredictable,,3,4.600021
i64,jeaiii,unpredictable,,3,5.240334
i64,naive,unpredictable,,3,9.364222
i64,null,unpredictable,,3,1.013400
i64,sse2,unpredictable,,3,5.977740
i64,tmueller,unpredictable,,3,4.618830
i64,unrolledlut,unpredictable,,3,4.706630
i64,yy,unpredictable,,3,2.994694
i64,zmij_scalar,unpredictable,,3,4.877357
i64,zmij_x64_native,unpredictable,,3,2.340611
i64,zmij_x64_v1,unpredictable,,3,3.956330
i64,zmij_x64_v2,unpredictable,,3,2.577646
i64,zmij_x64_v3,unpredictable,,3,2.396964
i64,zmij_x64_v3_nokernel,unpredictable,,3,2.553381
i64,zmij_x64_v4,unpredictable,,3,2.456986
i64,amartin,unpredictable,,4,2.292691
i64,branchlut,unpredictable,,4,6.009725
i64,branchlut2,unpredictable,,4,5.718266
i64,countlut,unpredictable,,4,6.254800
i64,fmt,unpredictable,,4,4.313617
i64,jeaiii,unpredictable,,4,5.334524
i64,naive,unpredictable,,4,9.849676
i64,null,unpredictable,,4,0.812089
i64,sse2,unpredictable,,4,5.883165
i64,tmueller,unpredictable,,4,4.430577
i64,unrolledlut,unpredictable,,4,4.497446
i64,yy,unpredictable,,4,3.008302
i64,zmij_scalar,unpredictable,,4,5.210227
i64,zmij_x64_native,unpredictable,,4,2.433926
i64,zmij_x64_v1,unpredictable,,4,4.234500
i64,zmij_x64_v2,unpredictable,,4,2.761393
i64,zmij_x64_v3,unpredictable,,4,2.581714
i64,zmij_x64_v3_nokernel,unpredictable,,4,2.680340
i64,zmij_x64_v4,unpredictable,,4,2.577309
i64,amartin,unpredictable,,5,2.568909
i64,branchlut,unpredictable,,5,5.967650
i64,branchlut2,unpredictable,,5,5.501899
i64,countlut,unpredictable,,5,5.907365
i64,fmt,unpredictable,,5,4.394809
i64,jeaiii,unpredictable,,5,5.470120
i64,naive,unpredictable,,5,10.704363
i64,null,unpredictable,,5,1.262333
i64,sse2,unpredictable,,5,5.953153
i64,tmueller,unpredictable,,5,4.302209
i64,unrolledlut,unpredictable,,5,4.947805
i64,yy,unpredictable,,5,2.932542
i64,zmij_scalar,unpredictable,,5,4.983440
i64,zmij_x64_native,unpredictable,,5,2.422359
i64,zmij_x64_v1,unpredictable,,5,3.981089
i64,zmij_x64_v2,unpredictable,,5,2.668621
i64,zmij_x64_v3,unpredictable,,5,2.426607
i64,zmij_x64_v3_nokernel,unpredictable,,5,2.588662
i64,zmij_x64_v4,unpredictable,,5,2.487728
i64,amartin,unpredictable,,6,2.617663
i64,branchlut,unpredictable,,6,6.374378
i64,branchlut2,unpredictable,,6,5.809419
i64,countlut,unpredictable,,6,6.560982
i64,fmt,unpredictable,,6,4.889297
i64,jeaiii,unpredictable,,6,5.892345
i64,naive,unpredictable,,6,11.741718
i64,null,unpredictable,,6,1.166065
i64,sse2,unpredictable,,6,6.079797
i64,tmueller,unpredictable,,6,4.365934
i64,unrolledlut,unpredictable,,6,4.816307
i64,yy,unpredictable,,6,2.948030
i64,zmij_scalar,unpredictable,,6,4.941925
i64,zmij_x64_native,unpredictable,,6,2.416870
i64,zmij_x64_v1,unpredictable,,6,4.341542
i64,zmij_x64_v2,unpredictable,,6,2.739102
i64,zmij_x64_v3,unpredictable,,6,2.407115
i64,zmij_x64_v3_nokernel,unpredictable,,6,2.752398
i64,zmij_x64_v4,unpredictable,,6,2.445367
i64,amartin,unpredictable,,7,3.029239
i64,branchlut,unpredictable,,7,6.543539
i64,branchlut2,unpredictable,,7,6.437515
i64,countlut,unpredictable,,7,6.440635
i64,fmt,unpredictable,,7,4.840142
i64,jeaiii,unpredictable,,7,5.731419
i64,naive,unpredictable,,7,12.313804
i64,null,unpredictable,,7,0.817211
i64,sse2,unpredictable,,7,6.607659
i64,tmueller,unpredictable,,7,4.758850
i64,unrolledlut,unpredictable,,7,6.064220
i64,yy,unpredictable,,7,3.327154
i64,zmij_scalar,unpredictable,,7,5.181611
i64,zmij_x64_native,unpredictable,,7,2.457053
i64,zmij_x64_v1,unpredictable,,7,4.151717
i64,zmij_x64_v2,unpredictable,,7,2.702904
i64,zmij_x64_v3,unpredictable,,7,2.473038
i64,zmij_x64_v3_nokernel,unpredictable,,7,2.640994
i64,zmij_x64_v4,unpredictable,,7,2.465638
i64,amartin,unpredictable,,8,2.843464
i64,branchlut,unpredictable,,8,6.425409
i64,branchlut2,unpredictable,,8,6.055596
i64,countlut,unpredictable,,8,6.265209
i64,fmt,unpredictable,,8,4.538393
i64,jeaiii,unpredictable,,8,5.578309
i64,naive,unpredictable,,8,11.899838
i64,null,unpredictable,,8,0.900031
i64,sse2,unpredictable,,8,6.698544
i64,tmueller,unpredictable,,8,4.524037
i64,unrolledlut,unpredictable,,8,5.514539
i64,yy,unpredictable,,8,3.101029
i64,zmij_scalar,unpredictable,,8,4.817077
i64,zmij_x64_native,unpredictable,,8,2.404295
i64,zmij_x64_v1,unpredictable,,8,4.007417
i64,zmij_x64_v2,unpredictable,,8,2.564606
i64,zmij_x64_v3,unpredictable,,8,2.306162
i64,zmij_x64_v3_nokernel,unpredictable,,8,2.478781
i64,zmij_x64_v4,unpredictable,,8,2.375166
i64,amartin,unpredictable,,9,4.574618
i64,branchlut,unpredictable,,9,6.643353
i64,branchlut2,unpredictable,,9,4.958277
i64,countlut,unpredictable,,9,5.932632
i64,fmt,unpredictable,,9,4.454637
i64,jeaiii,unpredictable,,9,5.505959
i64,naive,unpredictable,,9,12.482406
i64,null,unpredictable,,9,0.852396
i64,sse2,unpredictable,,9,6.759998
i64,tmueller,unpredictable,,9,4.363169
i64,unrolledlut,unpredictable,,9,6.285197
i64,yy,unpredictable,,9,3.419456
i64,zmij_scalar,unpredictable,,9,5.350700
i64,zmij_x64_native,unpredictable,,9,2.384592
i64,zmij_x64_v1,unpredictable,,9,3.962357
i64,zmij_x64_v2,unpredictable,,9,2.601291
i64,zmij_x64_v3,unpredictable,,9,2.383073
i64,zmij_x64_v3_nokernel,unpredictable,,9,2.604215
i64,zmij_x64_v4,unpredictable,,9,2.386149
i64,amartin,unpredictable,,10,8.119654
i64,branchlut,unpredictable,,10,7.127339
i64,branchlut2,unpredictable,,10,5.138388
i64,countlut,unpredictable,,10,6.051856
i64,fmt,unpredictable,,10,4.477597
i64,jeaiii,unpredictable,,10,9.397495
i64,naive,unpredictable,,10,13.218003
i64,null,unpredictable,,10,0.953009
i64,sse2,unpredictable,,10,6.797328
i64,tmueller,unpredictable,,10,4.415563
i64,unrolledlut,unpredictable,,10,9.273113
i64,yy,unpredictable,,10,3.417962
i64,zmij_scalar,unpredictable,,10,5.446702
i64,zmij_x64_native,unpredictable,,10,2.402084
i64,zmij_x64_v1,unpredictable,,10,3.975953
i64,zmij_x64_v2,unpredictable,,10,2.523033
i64,zmij_x64_v3,unpredictable,,10,2.397460
i64,zmij_x64_v3_nokernel,unpredictable,,10,2.608956
i64,zmij_x64_v4,unpredictable,,10,2.411252
i64,amartin,unpredictable,,11,3.791244
i64,branchlut,unpredictable,,11,7.410303
i64,branchlut2,unpredictable,,11,6.066312
i64,countlut,unpredictable,,11,5.998063
i64,fmt,unpredictable,,11,4.911529
i64,jeaiii,unpredictable,,11,6.144059
i64,naive,unpredictable,,11,15.536254
i64,null,unpredictable,,11,0.729589
i64,sse2,unpredictable,,11,7.282907
i64,tmueller,unpredictable,,11,4.773052
i64,unrolledlut,unpredictable,,11,5.991173
i64,yy,unpredictable,,11,3.603238
i64,zmij_scalar,unpredictable,,11,5.424000
i64,zmij_x64_native,unpredictable,,11,2.419421
i64,zmij_x64_v1,unpredictable,,11,3.993840
i64,zmij_x64_v2,unpredictable,,11,2.576938
i64,zmij_x64_v3,unpredictable,,11,2.407368
i64,zmij_x64_v3_nokernel,unpredictable,,11,2.590568
i64,zmij_x64_v4,unpredictable,,11,2.416612
i64,amartin,unpredictable,,12,3.930906
i64,branchlut,unpredictable,,12,8.439292
i64,branchlut2,unpredictable,,12,6.002443
i64,countlut,unpredictable,,12,6.103026
i64,fmt,unpredictable,,12,4.950040
i64,jeaiii,unpredictable,,12,6.029865
i64,naive,unpredictable,,12,15.984176
i64,null,unpredictable,,12,0.786598
i64,sse2,unpredictable,,12,7.611752
i64,tmueller,unpredictable,,12,4.939067
i64,unrolledlut,unpredictable,,12,5.775642
i64,yy,unpredictable,,12,3.604446
i64,zmij_scalar,unpredictable,,12,5.334132
i64,zmij_x64_native,unpredictable,,12,2.400814
i64,zmij_x64_v1,unpredictable,,12,4.138536
i64,zmij_x64_v2,unpredictable,,12,2.703305
i64,zmij_x64_v3,unpredictable,,12,2.442481
i64,zmij_x64_v3_nokernel,unpredictable,,12,2.745092
i64,zmij_x64_v4,unpredictable,,12,2.460631
i64,amartin,unpredictable,,13,3.968829
i64,branchlut,unpredictable,,13,7.900367
i64,branchlut2,unpredictable,,13,5.585865
i64,countlut,unpredictable,,13,5.843424
i64,fmt,unpredictable,,13,5.088111
i64,jeaiii,unpredictable,,13,5.934848
i64,naive,unpredictable,,13,15.547017
i64,null,unpredictable,,13,0.853500
i64,sse2,unpredictable,,13,7.333006
i64,tmueller,unpredictable,,13,5.057492
i64,unrolledlut,unpredictable,,13,6.249266
i64,yy,unpredictable,,13,3.540262
i64,zmij_scalar,unpredictable,,13,5.200036
i64,zmij_x64_native,unpredictable,,13,2.394890
i64,zmij_x64_v1,unpredictable,,13,4.010130
i64,zmij_x64_v2,unpredictable,,13,2.626843
i64,zmij_x64_v3,unpredictable,,13,2.347909
i64,zmij_x64_v3_nokernel,unpredictable,,13,2.579360
i64,zmij_x64_v4,unpredictable,,13,2.377576
i64,amartin,unpredictable,,14,4.006407
i64,branchlut,unpredictable,,14,8.210346
i64,branchlut2,unpredictable,,14,5.693418
i64,countlut,unpredictable,,14,5.919484
i64,fmt,unpredictable,,14,4.979182
i64,jeaiii,unpredictable,,14,6.077548
i64,naive,unpredictable,,14,16.853209
i64,null,unpredictable,,14,0.854342
i64,sse2,unpredictable,,14,6.978865
i64,tmueller,unpredictable,,14,4.777184
i64,unrolledlut,unpredictable,,14,5.683438
i64,yy,unpredictable,,14,3.693019
i64,zmij_scalar,unpredictable,,14,5.372070
i64,zmij_x64_native,unpredictable,,14,2.466192
i64,zmij_x64_v1,unpredictable,,14,4.007546
i64,zmij_x64_v2,unpredictable,,14,2.632614
i64,zmij_x64_v3,unpredictable,,14,2.423009
i64,zmij_x64_v3_nokernel,unpredictable,,14,2.549812
i64,zmij_x64_v4,unpredictable,,14,2.402003
i64,amartin,unpredictable,,15,4.548854
i64,branchlut,unpredictable,,15,8.742994
i64,branchlut2,unpredictable,,15,6.119010
i64,countlut,unpredictable,,15,5.928742
i64,fmt,unpredictable,,15,5.410808
i64,jeaiii,unpredictable,,15,6.212828
i64,naive,unpredictable,,15,17.448841
i64,null,unpredictable,,15,1.077507
i64,sse2,unpredictable,,15,6.915434
i64,tmueller,unpredictable,,15,5.257731
i64,unrolledlut,unpredictable,,15,6.667348
i64,yy,unpredictable,,15,3.948713
i64,zmij_scalar,unpredictable,,15,5.200155
i64,zmij_x64_native,unpredictable,,15,2.508147
i64,zmij_x64_v1,unpredictable,,15,4.099376
i64,zmij_x64_v2,unpredictable,,15,2.610624
i64,zmij_x64_v3,unpredictable,,15,2.418437
i64,zmij_x64_v3_nokernel,unpredictable,,15,2.563442
i64,zmij_x64_v4,unpredictable,,15,2.365083
i64,amartin,unpredictable,,16,4.826692
i64,branchlut,unpredictable,,16,9.116194
i64,branchlut2,unpredictable,,16,6.683333
i64,countlut,unpredictable,,16,6.749519
i64,fmt,unpredictable,,16,5.425908
i64,jeaiii,unpredictable,,16,6.479984
i64,naive,unpredictable,,16,18.300648
i64,null,unpredictable,,16,0.843300
i64,sse2,unpredictable,,16,7.422706
i64,tmueller,unpredictable,,16,5.367056
i64,unrolledlut,unpredictable,,16,6.968691
i64,yy,unpredictable,,16,4.008143
i64,zmij_scalar,unpredictable,,16,5.355860
i64,zmij_x64_native,unpredictable,,16,2.509436
i64,zmij_x64_v1,unpredictable,,16,4.147445
i64,zmij_x64_v2,unpredictable,,16,2.755822
i64,zmij_x64_v3,unpredictable,,16,2.461491
i64,zmij_x64_v3_nokernel,unpredictable,,16,2.668946
i64,zmij_x64_v4,unpredictable,,16,2.437642
i64,amartin,unpredictable,,17,5.820363
i64,branchlut,unpredictable,,17,7.169298
i64,branchlut2,unpredictable,,17,6.949453
i64,countlut,unpredictable,,17,7.463222
i64,fmt,unpredictable,,17,6.059987
i64,jeaiii,unpredictable,,17,6.731896
i64,naive,unpredictable,,17,18.151475
i64,null,unpredictable,,17,0.838437
i64,sse2,unpredictable,,17,6.683533
i64,tmueller,unpredictable,,17,5.857425
i64,unrolledlut,unpredictable,,17,7.270913
i64,yy,unpredictable,,17,4.723752
i64,zmij_scalar,unpredictable,,17,5.365109
i64,zmij_x64_native,unpredictable,,17,2.431188
i64,zmij_x64_v1,unpredictable,,17,3.868476
i64,zmij_x64_v2,unpredictable,,17,2.598102
i64,zmij_x64_v3,unpredictable,,17,2.375378
i64,zmij_x64_v3_nokernel,unpredictable,,17,2.542021
i64,zmij_x64_v4,unpredictable,,17,2.403670
i64,amartin,unpredictable,,18,8.883121
i64,branchlut,unpredictable,,18,6.894259
i64,branchlut2,unpredictable,,18,6.551774
i64,countlut,unpredictable,,18,7.134815
i64,fmt,unpredictable,,18,5.911792
i64,jeaiii,unpredictable,,18,10.009215
i64,naive,unpredictable,,18,18.788910
i64,null,unpredictable,,18,0.943439
i64,sse2,unpredictable,,18,6.711350
i64,tmueller,unpredictable,,18,5.882067
i64,unrolledlut,unpredictable,,18,10.545513
i64,yy,unpredictable,,18,4.604833
i64,zmij_scalar,unpredictable,,18,5.564363
i64,zmij_x64_native,unpredictable,,18,2.443036
i64,zmij_x64_v1,unpredictable,,18,4.034413
i64,zmij_x64_v2,unpredictable,,18,2.609635
i64,zmij_x64_v3,unpredictable,,18,2.378130
i64,zmij_x64_v3_nokernel,unpredictable,,18,2.648030
i64,zmij_x64_v4,unpredictable,,18,2.360081
i64,amartin,unpredictable,,19,5.977204
i64,branchlut,unpredictable,,19,7.152911
i64,branchlut2,unpredictable,,19,7.164228
i64,countlut,unpredictable,,19,7.516637
i64,fmt,unpredictable,,19,6.497283
i64,jeaiii,unpredictable,,19,7.561620
i64,naive,unpredictable,,19,20.011359
i64,null,unpredictable,,19,0.831782
i64,sse2,unpredictable,,19,6.754900
i64,tmueller,unpredictable,,19,7.108071
i64,unrolledlut,unpredictable,,19,8.322699
i64,yy,unpredictable,,19,5.065736
i64,zmij_scalar,unpredictable,,19,5.323971
i64,zmij_x64_native,unpredictable,,19,2.276172
i64,zmij_x64_v1,unpredictable,,19,4.005777
i64,zmij_x64_v2,unpredictable,,19,2.523063
i64,zmij_x64_v3,unpredictable,,19,2.308543
i64,zmij_x64_v3_nokernel,unpredictable,,19,2.520040
i64,zmij_x64_v4,unpredictable,,19,2.299752
i64,amartin,admixture,5x6,0,1.803267
i64,branchlut,admixture,5x6,0,4.846482
i64,branchlut2,admixture,5x6,0,4.335510
i64,countlut,admixture,5x6,0,4.467294
i64,fmt,admixture,5x6,0,1.954752
i64,jeaiii,admixture,5x6,0,4.045977
i64,naive,admixture,5x6,0,8.450248
i64,null,admixture,5x6,0,0.879073
i64,sse2,admixture,5x6,0,4.847175
i64,tmueller,admixture,5x6,0,2.126265
i64,unrolledlut,admixture,5x6,0,4.736588
i64,yy,admixture,5x6,0,1.525017
i64,zmij_scalar,admixture,5x6,0,4.932456
i64,zmij_x64_native,admixture,5x6,0,2.410782
i64,zmij_x64_v1,admixture,5x6,0,4.077494
i64,zmij_x64_v2,admixture,5x6,0,2.604045
i64,zmij_x64_v3,admixture,5x6,0,2.357361
i64,zmij_x64_v3_nokernel,admixture,5x6,0,2.554124
i64,zmij_x64_v4,admixture,5x6,0,2.363201
i64,amartin,admixture,5x6,10,1.804652
i64,branchlut,admixture,5x6,10,5.044103
i64,branchlut2,admixture,5x6,10,4.737954
i64,countlut,admixture,5x6,10,5.025672
i64,fmt,admixture,5x6,10,2.654306
i64,jeaiii,admixture,5x6,10,4.493668
i64,naive,admixture,5x6,10,8.881567
i64,null,admixture,5x6,10,0.830547
i64,sse2,admixture,5x6,10,4.958110
i64,tmueller,admixture,5x6,10,2.817090
i64,unrolledlut,admixture,5x6,10,4.832417
i64,yy,admixture,5x6,10,1.503006
i64,zmij_scalar,admixture,5x6,10,4.903285
i64,zmij_x64_native,admixture,5x6,10,2.365299
i64,zmij_x64_v1,admixture,5x6,10,4.068785
i64,zmij_x64_v2,admixture,5x6,10,2.552906
i64,zmij_x64_v3,admixture,5x6,10,2.326062
i64,zmij_x64_v3_nokernel,admixture,5x6,10,2.535512
i64,zmij_x64_v4,admixture,5x6,10,2.340540
i64,amartin,admixture,5x6,20,1.789037
i64,branchlut,admixture,5x6,20,5.412431
i64,branchlut2,admixture,5x6,20,5.135348
i64,countlut,admixture,5x6,20,5.590580
i64,fmt,admixture,5x6,20,3.250322
i64,jeaiii,admixture,5x6,20,5.056672
i64,naive,admixture,5x6,20,9.418045
i64,null,admixture,5x6,20,0.851257
i64,sse2,admixture,5x6,20,5.382898
i64,tmueller,admixture,5x6,20,3.328059
i64,unrolledlut,admixture,5x6,20,5.300218
i64,yy,admixture,5x6,20,1.492228
i64,zmij_scalar,admixture,5x6,20,4.872315
i64,zmij_x64_native,admixture,5x6,20,2.480782
i64,zmij_x64_v1,admixture,5x6,20,4.164805
i64,zmij_x64_v2,admixture,5x6,20,2.611677
i64,zmij_x64_v3,admixture,5x6,20,2.396798
i64,zmij_x64_v3_nokernel,admixture,5x6,20,2.571942
i64,zmij_x64_v4,admixture,5x6,20,2.411572
i64,amartin,admixture,5x6,30,1.812568
i64,branchlut,admixture,5x6,30,6.073198
i64,branchlut2,admixture,5x6,30,5.920388
i64,countlut,admixture,5x6,30,6.410378
i64,fmt,admixture,5x6,30,4.057866
i64,jeaiii,admixture,5x6,30,5.870044
i64,naive,admixture,5x6,30,10.221390
i64,null,admixture,5x6,30,0.804840
i64,sse2,admixture,5x6,30,6.090680
i64,tmueller,admixture,5x6,30,4.101244
i64,unrolledlut,admixture,5x6,30,5.898112
i64,yy,admixture,5x6,30,1.537140
i64,zmij_scalar,admixture,5x6,30,4.911440
i64,zmij_x64_native,admixture,5x6,30,2.399660
i64,zmij_x64_v1,admixture,5x6,30,4.076001
i64,zmij_x64_v2,admixture,5x6,30,2.561379
i64,zmij_x64_v3,admixture,5x6,30,2.333204
i64,zmij_x64_v3_nokernel,admixture,5x6,30,2.532320
i64,zmij_x64_v4,admixture,5x6,30,2.376805
i64,amartin,admixture,5x6,40,1.819108
i64,branchlut,admixture,5x6,40,6.455018
i64,branchlut2,admixture,5x6,40,6.376434
i64,countlut,admixture,5x6,40,7.102811
i64,fmt,admixture,5x6,40,4.819189
i64,jeaiii,admixture,5x6,40,6.332538
i64,naive,admixture,5x6,40,10.585717
i64,null,admixture,5x6,40,0.735867
i64,sse2,admixture,5x6,40,6.816154
i64,tmueller,admixture,5x6,40,4.703418
i64,unrolledlut,admixture,5x6,40,6.542960
i64,yy,admixture,5x6,40,1.501092
i64,zmij_scalar,admixture,5x6,40,4.904852
i64,zmij_x64_native,admixture,5x6,40,2.402689
i64,zmij_x64_v1,admixture,5x6,40,4.065395
i64,zmij_x64_v2,admixture,5x6,40,2.589143
i64,zmij_x64_v3,admixture,5x6,40,2.357731
i64,zmij_x64_v3_nokernel,admixture,5x6,40,2.514131
i64,zmij_x64_v4,admixture,5x6,40,2.373212
i64,amartin,admixture,5x6,50,1.816430
i64,branchlut,admixture,5x6,50,6.766610
i64,branchlut2,admixture,5x6,50,6.679058
i64,countlut,admixture,5x6,50,7.512055
i64,fmt,admixture,5x6,50,5.445367
i64,jeaiii,admixture,5x6,50,6.856461
i64,naive,admixture,5x6,50,10.773619
i64,null,admixture,5x6,50,0.832408
i64,sse2,admixture,5x6,50,6.931282
i64,tmueller,admixture,5x6,50,4.924434
i64,unrolledlut,admixture,5x6,50,6.637800
i64,yy,admixture,5x6,50,1.523914
i64,zmij_scalar,admixture,5x6,50,4.921195
i64,zmij_x64_native,admixture,5x6,50,2.436238
i64,zmij_x64_v1,admixture,5x6,50,4.072152
i64,zmij_x64_v2,admixture,5x6,50,2.517637
i64,zmij_x64_v3,admixture,5x6,50,2.329920
i64,zmij_x64_v3_nokernel,admixture,5x6,50,2.535127
i64,zmij_x64_v4,admixture,5x6,50,2.383316
i64,amartin,admixture,5x6,60,1.814558
i64,branchlut,admixture,5x6,60,6.406150
i64,branchlut2,admixture,5x6,60,6.142219
i64,countlut,admixture,5x6,60,6.935307
i64,fmt,admixture,5x6,60,4.711332
i64,jeaiii,admixture,5x6,60,6.387504
i64,naive,admixture,5x6,60,10.183092
i64,null,admixture,5x6,60,0.900070
i64,sse2,admixture,5x6,60,6.674882
i64,tmueller,admixture,5x6,60,4.541356
i64,unrolledlut,admixture,5x6,60,6.319187
i64,yy,admixture,5x6,60,1.487845
i64,zmij_scalar,admixture,5x6,60,4.889987
i64,zmij_x64_native,admixture,5x6,60,2.376215
i64,zmij_x64_v1,admixture,5x6,60,4.025609
i64,zmij_x64_v2,admixture,5x6,60,2.554669
i64,zmij_x64_v3,admixture,5x6,60,2.329132
i64,zmij_x64_v3_nokernel,admixture,5x6,60,2.519135
i64,zmij_x64_v4,admixture,5x6,60,2.344670
i64,amartin,admixture,5x6,70,1.828912
i64,branchlut,admixture,5x6,70,6.036328
i64,branchlut2,admixture,5x6,70,5.737761
i64,countlut,admixture,5x6,70,6.486577
i64,fmt,admixture,5x6,70,4.019191
i64,jeaiii,admixture,5x6,70,5.889797
i64,naive,admixture,5x6,70,9.492457
i64,null,admixture,5x6,70,0.838196
i64,sse2,admixture,5x6,70,6.011106
i64,tmueller,admixture,5x6,70,3.972633
i64,unrolledlut,admixture,5x6,70,5.697452
i64,yy,admixture,5x6,70,1.479957
i64,zmij_scalar,admixture,5x6,70,4.872612
i64,zmij_x64_native,admixture,5x6,70,2.394240
i64,zmij_x64_v1,admixture,5x6,70,4.014851
i64,zmij_x64_v2,admixture,5x6,70,2.568748
i64,zmij_x64_v3,admixture,5x6,70,2.304955
i64,zmij_x64_v3_nokernel,admixture,5x6,70,2.525814
i64,zmij_x64_v4,admixture,5x6,70,2.326735
i64,amartin,admixture,5x6,80,1.813427
i64,branchlut,admixture,5x6,80,5.387056
i64,branchlut2,admixture,5x6,80,5.164411
i64,countlut,admixture,5x6,80,5.776877
i64,fmt,admixture,5x6,80,3.336303
i64,jeaiii,admixture,5x6,80,5.243236
i64,naive,admixture,5x6,80,8.862374
i64,null,admixture,5x6,80,0.747932
i64,sse2,admixture,5x6,80,5.570006
i64,tmueller,admixture,5x6,80,3.414219
i64,unrolledlut,admixture,5x6,80,5.398477
i64,yy,admixture,5x6,80,1.485308
i64,zmij_scalar,admixture,5x6,80,4.931897
i64,zmij_x64_native,admixture,5x6,80,2.397374
i64,zmij_x64_v1,admixture,5x6,80,4.081774
i64,zmij_x64_v2,admixture,5x6,80,2.624184
i64,zmij_x64_v3,admixture,5x6,80,2.347176
i64,zmij_x64_v3_nokernel,admixture,5x6,80,2.526879
i64,zmij_x64_v4,admixture,5x6,80,2.350532
i64,amartin,admixture,5x6,90,1.822042
i64,branchlut,admixture,5x6,90,4.911490
i64,branchlut2,admixture,5x6,90,4.629329
i64,countlut,admixture,5x6,90,5.014395
i64,fmt,admixture,5x6,90,2.711974
i64,jeaiii,admixture,5x6,90,4.535073
i64,naive,admixture,5x6,90,8.001847
i64,null,admixture,5x6,90,0.849688
i64,sse2,admixture,5x6,90,4.951465
i64,tmueller,admixture,5x6,90,2.822981
i64,unrolledlut,admixture,5x6,90,4.935695
i64,yy,admixture,5x6,90,1.496886
i64,zmij_scalar,admixture,5x6,90,4.904200
i64,zmij_x64_native,admixture,5x6,90,2.396241
i64,zmij_x64_v1,admixture,5x6,90,4.015660
i64,zmij_x64_v2,admixture,5x6,90,2.572670
i64,zmij_x64_v3,admixture,5x6,90,2.355885
i64,zmij_x64_v3_nokernel,admixture,5x6,90,2.531759
i64,zmij_x64_v4,admixture,5x6,90,2.426972
i64,amartin,admixture,5x6,100,1.806116
i64,branchlut,admixture,5x6,100,4.678870
i64,branchlut2,admixture,5x6,100,3.922463
i64,countlut,admixture,5x6,100,3.957008
i64,fmt,admixture,5x6,100,2.008082
i64,jeaiii,admixture,5x6,100,4.133131
i64,naive,admixture,5x6,100,7.513660
i64,null,admixture,5x6,100,0.809894
i64,sse2,admixture,5x6,100,4.724718
i64,tmueller,admixture,5x6,100,2.189219
i64,unrolledlut,admixture,5x6,100,4.655105
i64,yy,admixture,5x6,100,1.484699
i64,zmij_scalar,admixture,5x6,100,4.920120
i64,zmij_x64_native,admixture,5x6,100,2.363502
i64,zmij_x64_v1,admixture,5x6,100,4.066425
i64,zmij_x64_v2,admixture,5x6,100,2.566185
i64,zmij_x64_v3,admixture,5x6,100,2.325689
i64,zmij_x64_v3_nokernel,admixture,5x6,100,2.541933
i64,zmij_x64_v4,admixture,5x6,100,2.418958
u128,fmt,bylength,,1,4.800180
u128,naive,bylength,,1,3.178889
u128,null,bylength,,1,0.824050
u128,zmij_scalar,bylength,,1,5.130043
u128,zmij_x64_native,bylength,,1,2.408522
u128,zmij_x64_v1,bylength,,1,3.902742
u128,zmij_x64_v2,bylength,,1,2.500044
u128,zmij_x64_v3,bylength,,1,2.408608
u128,zmij_x64_v3_nokernel,bylength,,1,2.375694
u128,zmij_x64_v4,bylength,,1,2.388858
u128,fmt,bylength,,2,5.037966
u128,naive,bylength,,2,4.980473
u128,null,bylength,,2,0.868515
u128,zmij_scalar,bylength,,2,5.065883
u128,zmij_x64_native,bylength,,2,2.381078
u128,zmij_x64_v1,bylength,,2,3.907011
u128,zmij_x64_v2,bylength,,2,2.496046
u128,zmij_x64_v3,bylength,,2,2.295759
u128,zmij_x64_v3_nokernel,bylength,,2,2.293931
u128,zmij_x64_v4,bylength,,2,2.297630
u128,fmt,bylength,,3,4.924227
u128,naive,bylength,,3,7.654431
u128,null,bylength,,3,0.846014
u128,zmij_scalar,bylength,,3,5.097961
u128,zmij_x64_native,bylength,,3,2.376344
u128,zmij_x64_v1,bylength,,3,3.924376
u128,zmij_x64_v2,bylength,,3,2.484494
u128,zmij_x64_v3,bylength,,3,2.348361
u128,zmij_x64_v3_nokernel,bylength,,3,2.332894
u128,zmij_x64_v4,bylength,,3,2.333149
u128,fmt,bylength,,4,4.911808
u128,naive,bylength,,4,11.080833
u128,null,bylength,,4,0.953142
u128,zmij_scalar,bylength,,4,5.107761
u128,zmij_x64_native,bylength,,4,2.377101
u128,zmij_x64_v1,bylength,,4,3.943782
u128,zmij_x64_v2,bylength,,4,2.532005
u128,zmij_x64_v3,bylength,,4,2.295045
u128,zmij_x64_v3_nokernel,bylength,,4,2.305601
u128,zmij_x64_v4,bylength,,4,2.300632
u128,fmt,bylength,,5,5.137042
u128,naive,bylength,,5,14.696934
u128,null,bylength,,5,0.874391
u128,zmij_scalar,bylength,,5,5.093415
u128,zmij_x64_native,bylength,,5,2.345922
u128,zmij_x64_v1,bylength,,5,3.854235
u128,zmij_x64_v2,bylength,,5,2.555507
u128,zmij_x64_v3,bylength,,5,2.342938
u128,zmij_x64_v3_nokernel,bylength,,5,2.295381
u128,zmij_x64_v4,bylength,,5,2.342033
u128,fmt,bylength,,6,5.114743
u128,naive,bylength,,6,18.258978
u128,null,bylength,,6,0.899697
u128,zmij_scalar,bylength,,6,5.105019
u128,zmij_x64_native,bylength,,6,2.365401
u128,zmij_x64_v1,bylength,,6,3.939655
u128,zmij_x64_v2,bylength,,6,2.518734
u128,zmij_x64_v3,bylength,,6,2.336388
u128,zmij_x64_v3_nokernel,bylength,,6,2.325376
u128,zmij_x64_v4,bylength,,6,2.326141
u128,fmt,bylength,,7,5.380750
u128,naive,bylength,,7,21.830086
u128,null,bylength,,7,0.960174
u128,zmij_scalar,bylength,,7,5.092292
u128,zmij_x64_native,bylength,,7,2.327244
u128,zmij_x64_v1,bylength,,7,3.892277
u128,zmij_x64_v2,bylength,,7,2.473232
u128,zmij_x64_v3,bylength,,7,2.310660
u128,zmij_x64_v3_nokernel,bylength,,7,2.309238
u128,zmij_x64_v4,bylength,,7,2.318569
u128,fmt,bylength,,8,5.346704
u128,naive,bylength,,8,24.388392
u128,null,bylength,,8,0.979668
u128,zmij_scalar,bylength,,8,5.093797
u128,zmij_x64_native,bylength,,8,2.339142
u128,zmij_x64_v1,bylength,,8,3.907598
u128,zmij_x64_v2,bylength,,8,2.541651
u128,zmij_x64_v3,bylength,,8,2.346579
u128,zmij_x64_v3_nokernel,bylength,,8,2.298451
u128,zmij_x64_v4,bylength,,8,2.318311
u128,fmt,bylength,,9,6.071525
u128,naive,bylength,,9,28.063944
u128,null,bylength,,9,0.769368
u128,zmij_scalar,bylength,,9,5.279444
u128,zmij_x64_native,bylength,,9,2.335261
u128,zmij_x64_v1,bylength,,9,3.847838
u128,zmij_x64_v2,bylength,,9,2.449689
u128,zmij_x64_v3,bylength,,9,2.313216
u128,zmij_x64_v3_nokernel,bylength,,9,2.304253
u128,zmij_x64_v4,bylength,,9,2.294505
u128,fmt,bylength,,10,6.090784
u128,naive,bylength,,10,32.414938
u128,null,bylength,,10,0.773355
u128,zmij_scalar,bylength,,10,5.288033
u128,zmij_x64_native,bylength,,10,2.331002
u128,zmij_x64_v1,bylength,,10,3.923710
u128,zmij_x64_v2,bylength,,10,2.504989
u128,zmij_x64_v3,bylength,,10,2.292959
u128,zmij_x64_v3_nokernel,bylength,,10,2.294961
u128,zmij_x64_v4,bylength,,10,2.289809
u128,fmt,bylength,,11,6.437695
u128,naive,bylength,,11,35.632055
u128,null,bylength,,11,0.869323
u128,zmij_scalar,bylength,,11,5.306173
u128,zmij_x64_native,bylength,,11,2.339348
u128,zmij_x64_v1,bylength,,11,3.912142
u128,zmij_x64_v2,bylength,,11,2.494909
u128,zmij_x64_v3,bylength,,11,2.328701
u128,zmij_x64_v3_nokernel,bylength,,11,2.298609
u128,zmij_x64_v4,bylength,,11,2.339143
u128,fmt,bylength,,12,6.420886
u128,naive,bylength,,12,39.142111
u128,null,bylength,,12,0.933437
u128,zmij_scalar,bylength,,12,5.299447
u128,zmij_x64_native,bylength,,12,2.334974
u128,zmij_x64_v1,bylength,,12,3.919812
u128,zmij_x64_v2,bylength,,12,2.512282
u128,zmij_x64_v3,bylength,,12,2.334191
u128,zmij_x64_v3_nokernel,bylength,,12,2.298248
u128,zmij_x64_v4,bylength,,12,2.323661
u128,fmt,bylength,,13,7.016314
u128,naive,bylength,,13,43.418202
u128,null,bylength,,13,0.915673
u128,zmij_scalar,bylength,,13,5.281971
u128,zmij_x64_native,bylength,,13,2.315172
u128,zmij_x64_v1,bylength,,13,4.003844
u128,zmij_x64_v2,bylength,,13,2.533231
u128,zmij_x64_v3,bylength,,13,2.380127
u128,zmij_x64_v3_nokernel,bylength,,13,2.330944
u128,zmij_x64_v4,bylength,,13,2.345835
u128,fmt,bylength,,14,6.884542
u128,naive,bylength,,14,47.330019
u128,null,bylength,,14,0.893334
u128,zmij_scalar,bylength,,14,5.439692
u128,zmij_x64_native,bylength,,14,2.470566
u128,zmij_x64_v1,bylength,,14,4.033470
u128,zmij_x64_v2,bylength,,14,2.603783
u128,zmij_x64_v3,bylength,,14,2.374146
u128,zmij_x64_v3_nokernel,bylength,,14,2.441870
u128,zmij_x64_v4,bylength,,14,2.332175
u128,fmt,bylength,,15,7.675165
u128,naive,bylength,,15,50.600672
u128,null,bylength,,15,0.870147
u128,zmij_scalar,bylength,,15,5.292737
u128,zmij_x64_native,bylength,,15,2.322009
u128,zmij_x64_v1,bylength,,15,3.947198
u128,zmij_x64_v2,bylength,,15,2.525532
u128,zmij_x64_v3,bylength,,15,2.315263
u128,zmij_x64_v3_nokernel,bylength,,15,2.318421
u128,zmij_x64_v4,bylength,,15,2.324567
u128,fmt,bylength,,16,7.872857
u128,naive,bylength,,16,52.999266
u128,null,bylength,,16,0.924673
u128,zmij_scalar,bylength,,16,5.231536
u128,zmij_x64_native,bylength,,16,2.394859
u128,zmij_x64_v1,bylength,,16,3.965844
u128,zmij_x64_v2,bylength,,16,2.504698
u128,zmij_x64_v3,bylength,,16,2.363512
u128,zmij_x64_v3_nokernel,bylength,,16,2.343137
u128,zmij_x64_v4,bylength,,16,2.347378
u128,fmt,bylength,,17,8.755160
u128,naive,bylength,,17,57.170896
u128,null,bylength,,17,0.928586
u128,zmij_scalar,bylength,,17,5.296585
u128,zmij_x64_native,bylength,,17,2.409945
u128,zmij_x64_v1,bylength,,17,3.948411
u128,zmij_x64_v2,bylength,,17,2.570826
u128,zmij_x64_v3,bylength,,17,2.355873
u128,zmij_x64_v3_nokernel,bylength,,17,2.357196
u128,zmij_x64_v4,bylength,,17,2.319923
u128,fmt,bylength,,18,8.505162
u128,naive,bylength,,18,60.713588
u128,null,bylength,,18,0.943640
u128,zmij_scalar,bylength,,18,5.266347
u128,zmij_x64_native,bylength,,18,2.379509
u128,zmij_x64_v1,bylength,,18,3.909283
u128,zmij_x64_v2,bylength,,18,2.530445
u128,zmij_x64_v3,bylength,,18,2.351492
u128,zmij_x64_v3_nokernel,bylength,,18,2.339871
u128,zmij_x64_v4,bylength,,18,2.306319
u128,fmt,bylength,,19,9.199655
u128,naive,bylength,,19,64.199394
u128,null,bylength,,19,0.866631
u128,zmij_scalar,bylength,,19,5.286204
u128,zmij_x64_native,bylength,,19,2.411649
u128,zmij_x64_v1,bylength,,19,3.960723
u128,zmij_x64_v2,bylength,,19,2.532853
u128,zmij_x64_v3,bylength,,19,2.349512
u128,zmij_x64_v3_nokernel,bylength,,19,2.378355
u128,zmij_x64_v4,bylength,,19,2.353112
u128,fmt,bylength,,20,14.864329
u128,naive,bylength,,20,69.343374
u128,null,bylength,,20,0.824774
u128,zmij_scalar,bylength,,20,9.189486
u128,zmij_x64_native,bylength,,20,4.137315
u128,zmij_x64_v1,bylength,,20,5.665582
u128,zmij_x64_v2,bylength,,20,4.474566
u128,zmij_x64_v3,bylength,,20,4.122033
u128,zmij_x64_v3_nokernel,bylength,,20,4.203553
u128,zmij_x64_v4,bylength,,20,4.116911
u128,fmt,bylength,,21,14.482744
u128,naive,bylength,,21,71.791124
u128,null,bylength,,21,0.953579
u128,zmij_scalar,bylength,,21,8.926312
u128,zmij_x64_native,bylength,,21,3.826434
u128,zmij_x64_v1,bylength,,21,5.393364
u128,zmij_x64_v2,bylength,,21,4.159960
u128,zmij_x64_v3,bylength,,21,3.818824
u128,zmij_x64_v3_nokernel,bylength,,21,3.927903
u128,zmij_x64_v4,bylength,,21,3.810287
u128,fmt,bylength,,22,15.088929
u128,naive,bylength,,22,75.521998
u128,null,bylength,,22,0.921969
u128,zmij_scalar,bylength,,22,8.875901
u128,zmij_x64_native,bylength,,22,3.823159
u128,zmij_x64_v1,bylength,,22,5.390538
u128,zmij_x64_v2,bylength,,22,4.151788
u128,zmij_x64_v3,bylength,,22,3.825945
u128,zmij_x64_v3_nokernel,bylength,,22,3.925785
u128,zmij_x64_v4,bylength,,22,3.792476
u128,fmt,bylength,,23,15.071116
u128,naive,bylength,,23,80.740212
u128,null,bylength,,23,0.820161
u128,zmij_scalar,bylength,,23,8.893965
u128,zmij_x64_native,bylength,,23,3.776533
u128,zmij_x64_v1,bylength,,23,5.355490
u128,zmij_x64_v2,bylength,,23,4.134474
u128,zmij_x64_v3,bylength,,23,3.773985
u128,zmij_x64_v3_nokernel,bylength,,23,3.940883
u128,zmij_x64_v4,bylength,,23,3.853695
u128,fmt,bylength,,24,15.838310
u128,naive,bylength,,24,87.354837
u128,null,bylength,,24,0.977688
u128,zmij_scalar,bylength,,24,8.906273
u128,zmij_x64_native,bylength,,24,3.821056
u128,zmij_x64_v1,bylength,,24,5.378613
u128,zmij_x64_v2,bylength,,24,4.145447
u128,zmij_x64_v3,bylength,,24,3.818154
u128,zmij_x64_v3_nokernel,bylength,,24,3.929708
u128,zmij_x64_v4,bylength,,24,3.805740
u128,fmt,bylength,,25,16.078856
u128,naive,bylength,,25,85.177361
u128,null,bylength,,25,0.818160
u128,zmij_scalar,bylength,,25,8.851114
u128,zmij_x64_native,bylength,,25,3.849101
u128,zmij_x64_v1,bylength,,25,5.360198
u128,zmij_x64_v2,bylength,,25,4.086668
u128,zmij_x64_v3,bylength,,25,3.785731
u128,zmij_x64_v3_nokernel,bylength,,25,3.875964
u128,zmij_x64_v4,bylength,,25,3.770625
u128,fmt,bylength,,26,16.618544
u128,naive,bylength,,26,89.117915
u128,null,bylength,,26,0.898307
u128,zmij_scalar,bylength,,26,8.912754
u128,zmij_x64_native,bylength,,26,3.799590
u128,zmij_x64_v1,bylength,,26,5.388085
u128,zmij_x64_v2,bylength,,26,4.159162
u128,zmij_x64_v3,bylength,,26,3.827858
u128,zmij_x64_v3_nokernel,bylength,,26,3.909747
u128,zmij_x64_v4,bylength,,26,3.786827
u128,fmt,bylength,,27,16.703798
u128,naive,bylength,,27,92.292996
u128,null,bylength,,27,0.876821
u128,zmij_scalar,bylength,,27,8.871137
u128,zmij_x64_native,bylength,,27,3.810009
u128,zmij_x64_v1,bylength,,27,5.400484
u128,zmij_x64_v2,bylength,,27,4.089383
u128,zmij_x64_v3,bylength,,27,3.770973
u128,zmij_x64_v3_nokernel,bylength,,27,3.910489
u128,zmij_x64_v4,bylength,,27,3.807271
u128,fmt,bylength,,28,17.483216
u128,naive,bylength,,28,96.501179
u128,null,bylength,,28,0.805535
u128,zmij_scalar,bylength,,28,8.865394
u128,zmij_x64_native,bylength,,28,3.796702
u128,zmij_x64_v1,bylength,,28,5.368151
u128,zmij_x64_v2,bylength,,28,4.089686
u128,zmij_x64_v3,bylength,,28,3.793878
u128,zmij_x64_v3_nokernel,bylength,,28,3.894279
u128,zmij_x64_v4,bylength,,28,3.756524
u128,fmt,bylength,,29,18.358018
u128,naive,bylength,,29,102.636639
u128,null,bylength,,29,0.910272
u128,zmij_scalar,bylength,,29,8.922133
u128,zmij_x64_native,bylength,,29,3.831502
u128,zmij_x64_v1,bylength,,29,5.390160
u128,zmij_x64_v2,bylength,,29,4.184233
u128,zmij_x64_v3,bylength,,29,3.846938
u128,zmij_x64_v3_nokernel,bylength,,29,3.993138
u128,zmij_x64_v4,bylength,,29,3.783234
u128,fmt,bylength,,30,18.248074
u128,naive,bylength,,30,105.247827
u128,null,bylength,,30,0.880659
u128,zmij_scalar,bylength,,30,9.238679
u128,zmij_x64_native,bylength,,30,3.962185
u128,zmij_x64_v1,bylength,,30,5.598085
u128,zmij_x64_v2,bylength,,30,4.236198
u128,zmij_x64_v3,bylength,,30,3.950788
u128,zmij_x64_v3_nokernel,bylength,,30,4.046577
u128,zmij_x64_v4,bylength,,30,3.910833
u128,fmt,bylength,,31,18.278455
u128,naive,bylength,,31,108.114373
u128,null,bylength,,31,1.020914
u128,zmij_scalar,bylength,,31,8.894808
u128,zmij_x64_native,bylength,,31,3.790858
u128,zmij_x64_v1,bylength,,31,5.357119
u128,zmij_x64_v2,bylength,,31,4.080890
u128,zmij_x64_v3,bylength,,31,3.786573
u128,zmij_x64_v3_nokernel,bylength,,31,3.871068
u128,zmij_x64_v4,bylength,,31,3.751796
u128,fmt,bylength,,32,19.737737
u128,naive,bylength,,32,111.787339
u128,null,bylength,,32,0.888753
u128,zmij_scalar,bylength,,32,8.985797
u128,zmij_x64_native,bylength,,32,3.843605
u128,zmij_x64_v1,bylength,,32,5.428238
u128,zmij_x64_v2,bylength,,32,4.271118
u128,zmij_x64_v3,bylength,,32,3.824147
u128,zmij_x64_v3_nokernel,bylength,,32,3.927868
u128,zmij_x64_v4,bylength,,32,3.794536
u128,fmt,bylength,,33,19.869384
u128,naive,bylength,,33,116.100940
u128,null,bylength,,33,0.978125
u128,zmij_scalar,bylength,,33,12.595850
u128,zmij_x64_native,bylength,,33,4.710399
u128,zmij_x64_v1,bylength,,33,6.100009
u128,zmij_x64_v2,bylength,,33,4.867642
u128,zmij_x64_v3,bylength,,33,4.651410
u128,zmij_x64_v3_nokernel,bylength,,33,4.971046
u128,zmij_x64_v4,bylength,,33,4.648004
u128,fmt,bylength,,34,20.131376
u128,naive,bylength,,34,120.318138
u128,null,bylength,,34,1.020558
u128,zmij_scalar,bylength,,34,12.185896
u128,zmij_x64_native,bylength,,34,4.505361
u128,zmij_x64_v1,bylength,,34,5.998102
u128,zmij_x64_v2,bylength,,34,4.752258
u128,zmij_x64_v3,bylength,,34,4.573476
u128,zmij_x64_v3_nokernel,bylength,,34,5.309563
u128,zmij_x64_v4,bylength,,34,4.555098
u128,fmt,bylength,,35,20.132752
u128,naive,bylength,,35,123.167918
u128,null,bylength,,35,1.073106
u128,zmij_scalar,bylength,,35,12.547282
u128,zmij_x64_native,bylength,,35,4.694595
u128,zmij_x64_v1,bylength,,35,6.221096
u128,zmij_x64_v2,bylength,,35,4.960076
u128,zmij_x64_v3,bylength,,35,4.726727
u128,zmij_x64_v3_nokernel,bylength,,35,4.530153
u128,zmij_x64_v4,bylength,,35,4.558796
u128,fmt,bylength,,36,20.695677
u128,naive,bylength,,36,126.634060
u128,null,bylength,,36,0.830839
u128,zmij_scalar,bylength,,36,12.526506
u128,zmij_x64_native,bylength,,36,4.470706
u128,zmij_x64_v1,bylength,,36,5.896410
u128,zmij_x64_v2,bylength,,36,4.704686
u128,zmij_x64_v3,bylength,,36,4.542002
u128,zmij_x64_v3_nokernel,bylength,,36,4.401821
u128,zmij_x64_v4,bylength,,36,4.478374
u128,fmt,bylength,,37,20.763887
u128,naive,bylength,,37,130.048958
u128,null,bylength,,37,0.839514
u128,zmij_scalar,bylength,,37,12.154215
u128,zmij_x64_native,bylength,,37,4.571848
u128,zmij_x64_v1,bylength,,37,5.896162
u128,zmij_x64_v2,bylength,,37,4.672462
u128,zmij_x64_v3,bylength,,37,4.505758
u128,zmij_x64_v3_nokernel,bylength,,37,4.366887
u128,zmij_x64_v4,bylength,,37,4.529621
u128,fmt,bylength,,38,21.157562
u128,naive,bylength,,38,134.297687
u128,null,bylength,,38,0.884080
u128,zmij_scalar,bylength,,38,12.121236
u128,zmij_x64_native,bylength,,38,4.477782
u128,zmij_x64_v1,bylength,,38,5.920158
u128,zmij_x64_v2,bylength,,38,4.711009
u128,zmij_x64_v3,bylength,,38,4.542422
u128,zmij_x64_v3_nokernel,bylength,,38,4.395563
u128,zmij_x64_v4,bylength,,38,4.496712
u128,fmt,bylength,,39,28.133298
u128,naive,bylength,,39,140.615528
u128,null,bylength,,39,0.937142
u128,zmij_scalar,bylength,,39,12.383452
u128,zmij_x64_native,bylength,,39,4.488438
u128,zmij_x64_v1,bylength,,39,5.916067
u128,zmij_x64_v2,bylength,,39,4.706611
u128,zmij_x64_v3,bylength,,39,4.641890
u128,zmij_x64_v3_nokernel,bylength,,39,4.535280
u128,zmij_x64_v4,bylength,,39,4.536152
u128,fmt,loguniform,1-39,39,22.813827
u128,naive,loguniform,1-39,39,74.852493
u128,null,loguniform,1-39,39,0.839048
u128,zmij_scalar,loguniform,1-39,39,10.053017
u128,zmij_x64_native,loguniform,1-39,39,6.550568
u128,zmij_x64_v1,loguniform,1-39,39,7.428131
u128,zmij_x64_v2,loguniform,1-39,39,6.758088
u128,zmij_x64_v3,loguniform,1-39,39,6.292620
u128,zmij_x64_v3_nokernel,loguniform,1-39,39,6.191052
u128,zmij_x64_v4,loguniform,1-39,39,6.342145
u128,fmt,loguniform,1-4,4,10.374452
u128,naive,loguniform,1-4,4,10.427122
u128,null,loguniform,1-4,4,0.783703
u128,zmij_scalar,loguniform,1-4,4,5.114346
u128,zmij_x64_native,loguniform,1-4,4,2.351032
u128,zmij_x64_v1,loguniform,1-4,4,3.950906
u128,zmij_x64_v2,loguniform,1-4,4,2.514752
u128,zmij_x64_v3,loguniform,1-4,4,2.331301
u128,zmij_x64_v3_nokernel,loguniform,1-4,4,2.314621
u128,zmij_x64_v4,loguniform,1-4,4,2.324096
u128,fmt,uniform,0-255,0,7.689030
u128,naive,uniform,0-255,0,8.634193
u128,null,uniform,0-255,0,0.999815
u128,zmij_scalar,uniform,0-255,0,5.102118
u128,zmij_x64_native,uniform,0-255,0,2.362968
u128,zmij_x64_v1,uniform,0-255,0,3.913430
u128,zmij_x64_v2,uniform,0-255,0,2.484315
u128,zmij_x64_v3,uniform,0-255,0,2.310995
u128,zmij_x64_v3_nokernel,uniform,0-255,0,2.296080
u128,zmij_x64_v4,uniform,0-255,0,2.305379
u128,fmt,unpredictable,,1,6.781897
u128,naive,unpredictable,,1,5.516250
u128,null,unpredictable,,1,1.114192
u128,zmij_scalar,unpredictable,,1,4.604019
u128,zmij_x64_native,unpredictable,,1,2.848478
u128,zmij_x64_v1,unpredictable,,1,4.048649
u128,zmij_x64_v2,unpredictable,,1,2.615173
u128,zmij_x64_v3,unpredictable,,1,2.322763
u128,zmij_x64_v3_nokernel,unpredictable,,1,2.529266
u128,zmij_x64_v4,unpredictable,,1,2.449010
u128,fmt,unpredictable,,2,8.105846
u128,naive,unpredictable,,2,7.817921
u128,null,unpredictable,,2,0.961979
u128,zmij_scalar,unpredictable,,2,4.699641
u128,zmij_x64_native,unpredictable,,2,2.840940
u128,zmij_x64_v1,unpredictable,,2,4.162383
u128,zmij_x64_v2,unpredictable,,2,2.643135
u128,zmij_x64_v3,unpredictable,,2,2.345433
u128,zmij_x64_v3_nokernel,unpredictable,,2,2.651070
u128,zmij_x64_v4,unpredictable,,2,2.542934
u128,fmt,unpredictable,,3,6.913236
u128,naive,unpredictable,,3,10.936845
u128,null,unpredictable,,3,0.933420
u128,zmij_scalar,unpredictable,,3,4.598632
u128,zmij_x64_native,unpredictable,,3,2.872594
u128,zmij_x64_v1,unpredictable,,3,4.027719
u128,zmij_x64_v2,unpredictable,,3,2.671871
u128,zmij_x64_v3,unpredictable,,3,2.312479
u128,zmij_x64_v3_nokernel,unpredictable,,3,2.596694
u128,zmij_x64_v4,unpredictable,,3,2.497095
u128,fmt,unpredictable,,4,6.798612
u128,naive,unpredictable,,4,13.556710
u128,null,unpredictable,,4,0.980429
u128,zmij_scalar,unpredictable,,4,4.614536
u128,zmij_x64_native,unpredictable,,4,2.821639
u128,zmij_x64_v1,unpredictable,,4,3.987526
u128,zmij_x64_v2,unpredictable,,4,2.534392
u128,zmij_x64_v3,unpredictable,,4,2.307586
u128,zmij_x64_v3_nokernel,unpredictable,,4,2.570806
u128,zmij_x64_v4,unpredictable,,4,2.425354
u128,fmt,unpredictable,,5,7.081356
u128,naive,unpredictable,,5,17.965623
u128,null,unpredictable,,5,1.281853
u128,zmij_scalar,unpredictable,,5,4.610637
u128,zmij_x64_native,unpredictable,,5,2.892510
u128,zmij_x64_v1,unpredictable,,5,4.117041
u128,zmij_x64_v2,unpredictable,,5,2.692896
u128,zmij_x64_v3,unpredictable,,5,2.306964
u128,zmij_x64_v3_nokernel,unpredictable,,5,2.670896
u128,zmij_x64_v4,unpredictable,,5,2.538012
u128,fmt,unpredictable,,6,7.068788
u128,naive,unpredictable,,6,21.027634
u128,null,unpredictable,,6,1.202382
u128,zmij_scalar,unpredictable,,6,4.514197
u128,zmij_x64_native,unpredictable,,6,2.822889
u128,zmij_x64_v1,unpredictable,,6,4.041319
u128,zmij_x64_v2,unpredictable,,6,2.590601
u128,zmij_x64_v3,unpredictable,,6,2.330736
u128,zmij_x64_v3_nokernel,unpredictable,,6,2.644705
u128,zmij_x64_v4,unpredictable,,6,2.553027
u128,fmt,unpredictable,,7,6.673221
u128,naive,unpredictable,,7,24.258283
u128,null,unpredictable,,7,0.972309
u128,zmij_scalar,unpredictable,,7,4.464178
u128,zmij_x64_native,unpredictable,,7,2.779262
u128,zmij_x64_v1,unpredictable,,7,4.021249
u128,zmij_x64_v2,unpredictable,,7,2.614889
u128,zmij_x64_v3,unpredictable,,7,2.301006
u128,zmij_x64_v3_nokernel,unpredictable,,7,2.534706
u128,zmij_x64_v4,unpredictable,,7,2.471787
u128,fmt,unpredictable,,8,7.424523
u128,naive,unpredictable,,8,27.175295
u128,null,unpredictable,,8,1.247863
u128,zmij_scalar,unpredictable,,8,4.568411
u128,zmij_x64_native,unpredictable,,8,2.960452
u128,zmij_x64_v1,unpredictable,,8,4.143349
u128,zmij_x64_v2,unpredictable,,8,2.654274
u128,zmij_x64_v3,unpredictable,,8,2.414237
u128,zmij_x64_v3_nokernel,unpredictable,,8,2.600263
u128,zmij_x64_v4,unpredictable,,8,2.507348
u128,fmt,unpredictable,,9,7.928367
u128,naive,unpredictable,,9,33.073488
u128,null,unpredictable,,9,1.008224
u128,zmij_scalar,unpredictable,,9,4.732627
u128,zmij_x64_native,unpredictable,,9,2.881712
u128,zmij_x64_v1,unpredictable,,9,4.005846
u128,zmij_x64_v2,unpredictable,,9,2.685169
u128,zmij_x64_v3,unpredictable,,9,2.280988
u128,zmij_x64_v3_nokernel,unpredictable,,9,2.560373
u128,zmij_x64_v4,unpredictable,,9,2.454988
u128,fmt,unpredictable,,10,7.195499
u128,naive,unpredictable,,10,33.607830
u128,null,unpredictable,,10,0.930815
u128,zmij_scalar,unpredictable,,10,4.673290
u128,zmij_x64_native,unpredictable,,10,2.808167
u128,zmij_x64_v1,unpredictable,,10,3.973609
u128,zmij_x64_v2,unpredictable,,10,2.528945
u128,zmij_x64_v3,unpredictable,,10,2.303912
u128,zmij_x64_v3_nokernel,unpredictable,,10,2.485252
u128,zmij_x64_v4,unpredictable,,10,2.515187
u128,fmt,unpredictable,,11,7.580338
u128,naive,unpredictable,,11,38.396793
u128,null,unpredictable,,11,1.131441
u128,zmij_scalar,unpredictable,,11,4.838024
u128,zmij_x64_native,unpredictable,,11,2.915968
u128,zmij_x64_v1,unpredictable,,11,4.048948
u128,zmij_x64_v2,unpredictable,,11,2.638697
u128,zmij_x64_v3,unpredictable,,11,2.244530
u128,zmij_x64_v3_nokernel,unpredictable,,11,2.632452
u128,zmij_x64_v4,unpredictable,,11,2.439375
u128,fmt,unpredictable,,12,8.443330
u128,naive,unpredictable,,12,41.758353
u128,null,unpredictable,,12,1.194703
u128,zmij_scalar,unpredictable,,12,4.666280
u128,zmij_x64_native,unpredictable,,12,2.784500
u128,zmij_x64_v1,unpredictable,,12,4.085514
u128,zmij_x64_v2,unpredictable,,12,2.573189
u128,zmij_x64_v3,unpredictable,,12,2.273112
u128,zmij_x64_v3_nokernel,unpredictable,,12,2.540229
u128,zmij_x64_v4,unpredictable,,12,2.541318
u128,fmt,unpredictable,,13,7.716112
u128,naive,unpredictable,,13,45.629141
u128,null,unpredictable,,13,1.319206
u128,zmij_scalar,unpredictable,,13,4.662854
u128,zmij_x64_native,unpredictable,,13,2.764626
u128,zmij_x64_v1,unpredictable,,13,4.032528
u128,zmij_x64_v2,unpredictable,,13,2.615417
u128,zmij_x64_v3,unpredictable,,13,2.260041
u128,zmij_x64_v3_nokernel,unpredictable,,13,2.559865
u128,zmij_x64_v4,unpredictable,,13,2.441443
u128,fmt,unpredictable,,14,7.984702
u128,naive,unpredictable,,14,48.807740
u128,null,unpredictable,,14,1.053242
u128,zmij_scalar,unpredictable,,14,4.840209
u128,zmij_x64_native,unpredictable,,14,2.891485
u128,zmij_x64_v1,unpredictable,,14,4.113896
u128,zmij_x64_v2,unpredictable,,14,2.685884
u128,zmij_x64_v3,unpredictable,,14,2.321189
u128,zmij_x64_v3_nokernel,unpredictable,,14,2.660828
u128,zmij_x64_v4,unpredictable,,14,2.653247
u128,fmt,unpredictable,,15,8.675390
u128,naive,unpredictable,,15,55.510527
u128,null,unpredictable,,15,1.131563
u128,zmij_scalar,unpredictable,,15,4.576864
u128,zmij_x64_native,unpredictable,,15,2.745533
u128,zmij_x64_v1,unpredictable,,15,4.113529
u128,zmij_x64_v2,unpredictable,,15,2.908351
u128,zmij_x64_v3,unpredictable,,15,2.443720
u128,zmij_x64_v3_nokernel,unpredictable,,15,2.912085
u128,zmij_x64_v4,unpredictable,,15,2.708364
u128,fmt,unpredictable,,16,8.760178
u128,naive,unpredictable,,16,57.609378
u128,null,unpredictable,,16,1.173811
u128,zmij_scalar,unpredictable,,16,4.661381
u128,zmij_x64_native,unpredictable,,16,2.896564
u128,zmij_x64_v1,unpredictable,,16,4.085376
u128,zmij_x64_v2,unpredictable,,16,2.630887
u128,zmij_x64_v3,unpredictable,,16,2.377308
u128,zmij_x64_v3_nokernel,unpredictable,,16,2.637451
u128,zmij_x64_v4,unpredictable,,16,2.601439
u128,fmt,unpredictable,,17,9.198676
u128,naive,unpredictable,,17,58.685039
u128,null,unpredictable,,17,0.865368
u128,zmij_scalar,unpredictable,,17,4.854314
u128,zmij_x64_native,unpredictable,,17,2.952800
u128,zmij_x64_v1,unpredictable,,17,4.093514
u128,zmij_x64_v2,unpredictable,,17,2.731457
u128,zmij_x64_v3,unpredictable,,17,2.405222
u128,zmij_x64_v3_nokernel,unpredictable,,17,2.661629
u128,zmij_x64_v4,unpredictable,,17,2.474189
u128,fmt,unpredictable,,18,8.947756
u128,naive,unpredictable,,18,61.934602
u128,null,unpredictable,,18,1.127840
u128,zmij_scalar,unpredictable,,18,4.806023
u128,zmij_x64_native,unpredictable,,18,2.826321
u128,zmij_x64_v1,unpredictable,,18,4.400480
u128,zmij_x64_v2,unpredictable,,18,2.942924
u128,zmij_x64_v3,unpredictable,,18,2.250613
u128,zmij_x64_v3_nokernel,unpredictable,,18,2.520492
u128,zmij_x64_v4,unpredictable,,18,2.502992
u128,fmt,unpredictable,,19,9.376537
u128,naive,unpredictable,,19,68.083823
u128,null,unpredictable,,19,0.853776
u128,zmij_scalar,unpredictable,,19,4.759833
u128,zmij_x64_native,unpredictable,,19,2.834605
u128,zmij_x64_v1,unpredictable,,19,4.483290
u128,zmij_x64_v2,unpredictable,,19,2.695257
u128,zmij_x64_v3,unpredictable,,19,2.587798
u128,zmij_x64_v3_nokernel,unpredictable,,19,2.683852
u128,zmij_x64_v4,unpredictable,,19,2.595045
u128,fmt,unpredictable,,20,17.434243
u128,naive,unpredictable,,20,72.755784
u128,null,unpredictable,,20,1.138495
u128,zmij_scalar,unpredictable,,20,9.735421
u128,zmij_x64_native,unpredictable,,20,3.658638
u128,zmij_x64_v1,unpredictable,,20,5.495933
u128,zmij_x64_v2,unpredictable,,20,4.434332
u128,zmij_x64_v3,unpredictable,,20,4.200629
u128,zmij_x64_v3_nokernel,unpredictable,,20,4.200643
u128,zmij_x64_v4,unpredictable,,20,3.966365
u128,fmt,unpredictable,,21,16.365263
u128,naive,unpredictable,,21,76.030314
u128,null,unpredictable,,21,0.898386
u128,zmij_scalar,unpredictable,,21,9.429727
u128,zmij_x64_native,unpredictable,,21,3.436816
u128,zmij_x64_v1,unpredictable,,21,5.208054
u128,zmij_x64_v2,unpredictable,,21,4.167922
u128,zmij_x64_v3,unpredictable,,21,3.619128
u128,zmij_x64_v3_nokernel,unpredictable,,21,3.821081
u128,zmij_x64_v4,unpredictable,,21,3.680315
u128,fmt,unpredictable,,22,17.239351
u128,naive,unpredictable,,22,76.381659
u128,null,unpredictable,,22,1.138115
u128,zmij_scalar,unpredictable,,22,9.535914
u128,zmij_x64_native,unpredictable,,22,3.449561
u128,zmij_x64_v1,unpredictable,,22,5.013065
u128,zmij_x64_v2,unpredictable,,22,4.063100
u128,zmij_x64_v3,unpredictable,,22,3.618602
u128,zmij_x64_v3_nokernel,unpredictable,,22,3.799387
u128,zmij_x64_v4,unpredictable,,22,3.581124
u128,fmt,unpredictable,,23,16.839505
u128,naive,unpredictable,,23,79.723216
u128,null,unpredictable,,23,1.015703
u128,zmij_scalar,unpredictable,,23,9.470825
u128,zmij_x64_native,unpredictable,,23,3.387594
u128,zmij_x64_v1,unpredictable,,23,4.951624
u128,zmij_x64_v2,unpredictable,,23,4.022011
u128,zmij_x64_v3,unpredictable,,23,3.501019
u128,zmij_x64_v3_nokernel,unpredictable,,23,3.559462
u128,zmij_x64_v4,unpredictable,,23,3.553772
u128,fmt,unpredictable,,24,17.640665
u128,naive,unpredictable,,24,81.951391
u128,null,unpredictable,,24,0.806922
u128,zmij_scalar,unpredictable,,24,9.517707
u128,zmij_x64_native,unpredictable,,24,3.314228
u128,zmij_x64_v1,unpredictable,,24,5.168127
u128,zmij_x64_v2,unpredictable,,24,4.120421
u128,zmij_x64_v3,unpredictable,,24,3.671498
u128,zmij_x64_v3_nokernel,unpredictable,,24,3.755177
u128,zmij_x64_v4,unpredictable,,24,3.647042
u128,fmt,unpredictable,,25,18.070427
u128,naive,unpredictable,,25,85.164943
u128,null,unpredictable,,25,0.913674
u128,zmij_scalar,unpredictable,,25,9.532880
u128,zmij_x64_native,unpredictable,,25,3.430691
u128,zmij_x64_v1,unpredictable,,25,5.170353
u128,zmij_x64_v2,unpredictable,,25,4.108713
u128,zmij_x64_v3,unpredictable,,25,3.782370
u128,zmij_x64_v3_nokernel,unpredictable,,25,3.807610
u128,zmij_x64_v4,unpredictable,,25,3.594075
u128,fmt,unpredictable,,26,18.499059
u128,naive,unpredictable,,26,90.468457
u128,null,unpredictable,,26,0.836596
u128,zmij_scalar,unpredictable,,26,9.332768
u128,zmij_x64_native,unpredictable,,26,3.482319
u128,zmij_x64_v1,unpredictable,,26,5.296782
u128,zmij_x64_v2,unpredictable,,26,4.130114
u128,zmij_x64_v3,unpredictable,,26,3.642406
u128,zmij_x64_v3_nokernel,unpredictable,,26,3.910627
u128,zmij_x64_v4,unpredictable,,26,3.697728
u128,fmt,unpredictable,,27,17.894166
u128,naive,unpredictable,,27,93.047903
u128,null,unpredictable,,27,1.240653
u128,zmij_scalar,unpredictable,,27,9.354696
u128,zmij_x64_native,unpredictable,,27,3.342351
u128,zmij_x64_v1,unpredictable,,27,4.987991
u128,zmij_x64_v2,unpredictable,,27,3.966059
u128,zmij_x64_v3,unpredictable,,27,3.514101
u128,zmij_x64_v3_nokernel,unpredictable,,27,3.584968
u128,zmij_x64_v4,unpredictable,,27,3.527429
u128,fmt,unpredictable,,28,18.768109
u128,naive,unpredictable,,28,97.217175
u128,null,unpredictable,,28,1.055690
u128,zmij_scalar,unpredictable,,28,9.327183
u128,zmij_x64_native,unpredictable,,28,3.318487
u128,zmij_x64_v1,unpredictable,,28,5.000722
u128,zmij_x64_v2,unpredictable,,28,3.992553
u128,zmij_x64_v3,unpredictable,,28,3.516771
u128,zmij_x64_v3_nokernel,unpredictable,,28,3.583692
u128,zmij_x64_v4,unpredictable,,28,3.503828
u128,fmt,unpredictable,,29,19.098515
u128,naive,unpredictable,,29,101.686223
u128,null,unpredictable,,29,1.218380
u128,zmij_scalar,unpredictable,,29,9.366972
u128,zmij_x64_native,unpredictable,,29,3.363281
u128,zmij_x64_v1,unpredictable,,29,5.137983
u128,zmij_x64_v2,unpredictable,,29,4.032487
u128,zmij_x64_v3,unpredictable,,29,3.690147
u128,zmij_x64_v3_nokernel,unpredictable,,29,3.815706
u128,zmij_x64_v4,unpredictable,,29,3.605237
u128,fmt,unpredictable,,30,19.300308
u128,naive,unpredictable,,30,103.817464
u128,null,unpredictable,,30,0.807487
u128,zmij_scalar,unpredictable,,30,9.542185
u128,zmij_x64_native,unpredictable,,30,3.448107
u128,zmij_x64_v1,unpredictable,,30,4.956664
u128,zmij_x64_v2,unpredictable,,30,4.042701
u128,zmij_x64_v3,unpredictable,,30,3.589266
u128,zmij_x64_v3_nokernel,unpredictable,,30,3.875412
u128,zmij_x64_v4,unpredictable,,30,3.559464
u128,fmt,unpredictable,,31,19.030749
u128,naive,unpredictable,,31,108.091593
u128,null,unpredictable,,31,0.901052
u128,zmij_scalar,unpredictable,,31,9.294249
u128,zmij_x64_native,unpredictable,,31,3.312945
u128,zmij_x64_v1,unpredictable,,31,4.940861
u128,zmij_x64_v2,unpredictable,,31,3.977241
u128,zmij_x64_v3,unpredictable,,31,3.620032
u128,zmij_x64_v3_nokernel,unpredictable,,31,3.801883
u128,zmij_x64_v4,unpredictable,,31,3.567376
u128,fmt,unpredictable,,32,19.539221
u128,naive,unpredictable,,32,109.120580
u128,null,unpredictable,,32,1.107742
u128,zmij_scalar,unpredictable,,32,9.225044
u128,zmij_x64_native,unpredictable,,32,3.275949
u128,zmij_x64_v1,unpredictable,,32,4.908379
u128,zmij_x64_v2,unpredictable,,32,4.030449
u128,zmij_x64_v3,unpredictable,,32,3.573116
u128,zmij_x64_v3_nokernel,unpredictable,,32,3.730091
u128,zmij_x64_v4,unpredictable,,32,3.531300
u128,fmt,unpredictable,,33,19.754992
u128,naive,unpredictable,,33,114.055837
u128,null,unpredictable,,33,0.788484
u128,zmij_scalar,unpredictable,,33,13.190066
u128,zmij_x64_native,unpredictable,,33,5.031489
u128,zmij_x64_v1,unpredictable,,33,6.710286
u128,zmij_x64_v2,unpredictable,,33,5.645681
u128,zmij_x64_v3,unpredictable,,33,5.122357
u128,zmij_x64_v3_nokernel,unpredictable,,33,5.622248
u128,zmij_x64_v4,unpredictable,,33,5.288104
u128,fmt,unpredictable,,34,20.238667
u128,naive,unpredictable,,34,118.030529
u128,null,unpredictable,,34,0.854063
u128,zmij_scalar,unpredictable,,34,13.126312
u128,zmij_x64_native,unpredictable,,34,5.056787
u128,zmij_x64_v1,unpredictable,,34,6.988215
u128,zmij_x64_v2,unpredictable,,34,5.652022
u128,zmij_x64_v3,unpredictable,,34,5.107554
u128,zmij_x64_v3_nokernel,unpredictable,,34,5.728584
u128,zmij_x64_v4,unpredictable,,34,5.362413
u128,fmt,unpredictable,,35,20.138480
u128,naive,unpredictable,,35,123.134295
u128,null,unpredictable,,35,1.190577
u128,zmij_scalar,unpredictable,,35,13.315739
u128,zmij_x64_native,unpredictable,,35,4.868348
u128,zmij_x64_v1,unpredictable,,35,6.725703
u128,zmij_x64_v2,unpredictable,,35,5.514085
u128,zmij_x64_v3,unpredictable,,35,5.015222
u128,zmij_x64_v3_nokernel,unpredictable,,35,5.364271
u128,zmij_x64_v4,unpredictable,,35,5.178221
u128,fmt,unpredictable,,36,20.777277
u128,naive,unpredictable,,36,125.006008
u128,null,unpredictable,,36,0.865958
u128,zmij_scalar,unpredictable,,36,13.129104
u128,zmij_x64_native,unpredictable,,36,4.846242
u128,zmij_x64_v1,unpredictable,,36,6.641438
u128,zmij_x64_v2,unpredictable,,36,5.525353
u128,zmij_x64_v3,unpredictable,,36,5.007429
u128,zmij_x64_v3_nokernel,unpredictable,,36,5.330050
u128,zmij_x64_v4,unpredictable,,36,5.199489
u128,fmt,unpredictable,,37,21.167054
u128,naive,unpredictable,,37,128.569767
u128,null,unpredictable,,37,0.882940
u128,zmij_scalar,unpredictable,,37,13.196579
u128,zmij_x64_native,unpredictable,,37,4.883558
u128,zmij_x64_v1,unpredictable,,37,6.672143
u128,zmij_x64_v2,unpredictable,,37,5.433231
u128,zmij_x64_v3,unpredictable,,37,5.063607
u128,zmij_x64_v3_nokernel,unpredictable,,37,5.457343
u128,zmij_x64_v4,unpredictable,,37,5.416511
u128,fmt,unpredictable,,38,21.957584
u128,naive,unpredictable,,38,132.259302
u128,null,unpredictable,,38,1.207390
u128,zmij_scalar,unpredictable,,38,13.281754
u128,zmij_x64_native,unpredictable,,38,4.948725
u128,zmij_x64_v1,unpredictable,,38,6.669788
u128,zmij_x64_v2,unpredictable,,38,5.499199
u128,zmij_x64_v3,unpredictable,,38,5.048986
u128,zmij_x64_v3_nokernel,unpredictable,,38,5.278142
u128,zmij_x64_v4,unpredictable,,38,5.213264
u128,fmt,unpredictable,,39,27.849243
u128,naive,unpredictable,,39,134.944618
u128,null,unpredictable,,39,1.023176
u128,zmij_scalar,unpredictable,,39,13.114619
u128,zmij_x64_native,unpredictable,,39,4.854388
u128,zmij_x64_v1,unpredictable,,39,6.689772
u128,zmij_x64_v2,unpredictable,,39,5.471056
u128,zmij_x64_v3,unpredictable,,39,4.996393
u128,zmij_x64_v3_nokernel,unpredictable,,39,5.273814
u128,zmij_x64_v4,unpredictable,,39,5.144963
u128,fmt,admixture,5x6,0,4.983119
u128,naive,admixture,5x6,0,18.111915
u128,null,admixture,5x6,0,0.776639
u128,zmij_scalar,admixture,5x6,0,5.051839
u128,zmij_x64_native,admixture,5x6,0,2.346337
u128,zmij_x64_v1,admixture,5x6,0,3.860575
u128,zmij_x64_v2,admixture,5x6,0,2.468485
u128,zmij_x64_v3,admixture,5x6,0,2.308417
u128,zmij_x64_v3_nokernel,admixture,5x6,0,2.292969
u128,zmij_x64_v4,admixture,5x6,0,2.290891
u128,fmt,admixture,5x6,10,5.908050
u128,naive,admixture,5x6,10,18.439827
u128,null,admixture,5x6,10,0.756337
u128,zmij_scalar,admixture,5x6,10,5.069105
u128,zmij_x64_native,admixture,5x6,10,2.347098
u128,zmij_x64_v1,admixture,5x6,10,3.891578
u128,zmij_x64_v2,admixture,5x6,10,2.487826
u128,zmij_x64_v3,admixture,5x6,10,2.294579
u128,zmij_x64_v3_nokernel,admixture,5x6,10,2.302133
u128,zmij_x64_v4,admixture,5x6,10,2.302260
u128,fmt,admixture,5x6,20,6.627671
u128,naive,admixture,5x6,20,18.751422
u128,null,admixture,5x6,20,0.871240
u128,zmij_scalar,admixture,5x6,20,5.079627
u128,zmij_x64_native,admixture,5x6,20,2.356404
u128,zmij_x64_v1,admixture,5x6,20,3.877805
u128,zmij_x64_v2,admixture,5x6,20,2.470891
u128,zmij_x64_v3,admixture,5x6,20,2.307873
u128,zmij_x64_v3_nokernel,admixture,5x6,20,2.297285
u128,zmij_x64_v4,admixture,5x6,20,2.304144
u128,fmt,admixture,5x6,30,7.590419
u128,naive,admixture,5x6,30,19.117882
u128,null,admixture,5x6,30,0.819532
u128,zmij_scalar,admixture,5x6,30,5.078008
u128,zmij_x64_native,admixture,5x6,30,2.326839
u128,zmij_x64_v1,admixture,5x6,30,3.895829
u128,zmij_x64_v2,admixture,5x6,30,2.481161
u128,zmij_x64_v3,admixture,5x6,30,2.326806
u128,zmij_x64_v3_nokernel,admixture,5x6,30,2.301957
u128,zmij_x64_v4,admixture,5x6,30,2.315414
u128,fmt,admixture,5x6,40,8.685446
u128,naive,admixture,5x6,40,19.405932
u128,null,admixture,5x6,40,0.760804
u128,zmij_scalar,admixture,5x6,40,5.121410
u128,zmij_x64_native,admixture,5x6,40,2.401185
u128,zmij_x64_v1,admixture,5x6,40,4.027926
u128,zmij_x64_v2,admixture,5x6,40,2.466110
u128,zmij_x64_v3,admixture,5x6,40,2.305382
u128,zmij_x64_v3_nokernel,admixture,5x6,40,2.309722
u128,zmij_x64_v4,admixture,5x6,40,2.286253
u128,fmt,admixture,5x6,50,8.898532
u128,naive,admixture,5x6,50,19.368290
u128,null,admixture,5x6,50,0.757183
u128,zmij_scalar,admixture,5x6,50,5.041321
u128,zmij_x64_native,admixture,5x6,50,2.365501
u128,zmij_x64_v1,admixture,5x6,50,3.876763
u128,zmij_x64_v2,admixture,5x6,50,2.488315
u128,zmij_x64_v3,admixture,5x6,50,2.314803
u128,zmij_x64_v3_nokernel,admixture,5x6,50,2.346931
u128,zmij_x64_v4,admixture,5x6,50,2.326762
u128,fmt,admixture,5x6,60,8.419617
u128,naive,admixture,5x6,60,18.279068
u128,null,admixture,5x6,60,0.862682
u128,zmij_scalar,admixture,5x6,60,5.108596
u128,zmij_x64_native,admixture,5x6,60,2.386907
u128,zmij_x64_v1,admixture,5x6,60,3.893125
u128,zmij_x64_v2,admixture,5x6,60,2.516743
u128,zmij_x64_v3,admixture,5x6,60,2.348029
u128,zmij_x64_v3_nokernel,admixture,5x6,60,2.349255
u128,zmij_x64_v4,admixture,5x6,60,2.329299
u128,fmt,admixture,5x6,70,7.685324
u128,naive,admixture,5x6,70,17.324923
u128,null,admixture,5x6,70,0.925469
u128,zmij_scalar,admixture,5x6,70,5.074337
u128,zmij_x64_native,admixture,5x6,70,2.331299
u128,zmij_x64_v1,admixture,5x6,70,3.868684
u128,zmij_x64_v2,admixture,5x6,70,2.475525
u128,zmij_x64_v3,admixture,5x6,70,2.314552
u128,zmij_x64_v3_nokernel,admixture,5x6,70,2.313799
u128,zmij_x64_v4,admixture,5x6,70,2.295951
u128,fmt,admixture,5x6,80,6.628660
u128,naive,admixture,5x6,80,16.260102
u128,null,admixture,5x6,80,0.839855
u128,zmij_scalar,admixture,5x6,80,5.059852
u128,zmij_x64_native,admixture,5x6,80,2.327795
u128,zmij_x64_v1,admixture,5x6,80,3.877508
u128,zmij_x64_v2,admixture,5x6,80,2.500835
u128,zmij_x64_v3,admixture,5x6,80,2.316305
u128,zmij_x64_v3_nokernel,admixture,5x6,80,2.332816
u128,zmij_x64_v4,admixture,5x6,80,2.310393
u128,fmt,admixture,5x6,90,5.864214
u128,naive,admixture,5x6,90,15.462951
u128,null,admixture,5x6,90,0.875671
u128,zmij_scalar,admixture,5x6,90,5.022173
u128,zmij_x64_native,admixture,5x6,90,2.388766
u128,zmij_x64_v1,admixture,5x6,90,3.917604
u128,zmij_x64_v2,admixture,5x6,90,2.489618
u128,zmij_x64_v3,admixture,5x6,90,2.274601
u128,zmij_x64_v3_nokernel,admixture,5x6,90,2.347298
u128,zmij_x64_v4,admixture,5x6,90,2.313804
u128,fmt,admixture,5x6,100,5.166636
u128,naive,admixture,5x6,100,14.794296
u128,null,admixture,5x6,100,0.870932
u128,zmij_scalar,admixture,5x6,100,5.155399
u128,zmij_x64_native,admixture,5x6,100,2.366238
u128,zmij_x64_v1,admixture,5x6,100,3.907495
u128,zmij_x64_v2,admixture,5x6,100,2.495110
u128,zmij_x64_v3,admixture,5x6,100,2.325621
u128,zmij_x64_v3_nokernel,admixture,5x6,100,2.320165
u128,zmij_x64_v4,admixture,5x6,100,2.315858
u128,fmt,admixture,straddle64,0,16.802809
u128,naive,admixture,straddle64,0,75.950619
u128,null,admixture,straddle64,0,0.760167
u128,zmij_scalar,admixture,straddle64,0,8.765043
u128,zmij_x64_native,admixture,straddle64,0,3.769927
u128,zmij_x64_v1,admixture,straddle64,0,5.298342
u128,zmij_x64_v2,admixture,straddle64,0,4.092438
u128,zmij_x64_v3,admixture,straddle64,0,3.769253
u128,zmij_x64_v3_nokernel,admixture,straddle64,0,3.857671
u128,zmij_x64_v4,admixture,straddle64,0,3.752334
u128,fmt,admixture,straddle64,10,17.130181
u128,naive,admixture,straddle64,10,76.057565
u128,null,admixture,straddle64,10,0.950712
u128,zmij_scalar,admixture,straddle64,10,8.975362
u128,zmij_x64_native,admixture,straddle64,10,4.060595
u128,zmij_x64_v1,admixture,straddle64,10,5.534904
u128,zmij_x64_v2,admixture,straddle64,10,4.375476
u128,zmij_x64_v3,admixture,straddle64,10,4.033010
u128,zmij_x64_v3_nokernel,admixture,straddle64,10,4.063862
u128,zmij_x64_v4,admixture,straddle64,10,3.977501
u128,fmt,admixture,straddle64,20,17.465408
u128,naive,admixture,straddle64,20,77.068791
u128,null,admixture,straddle64,20,0.929433
u128,zmij_scalar,admixture,straddle64,20,9.110192
u128,zmij_x64_native,admixture,straddle64,20,4.191940
u128,zmij_x64_v1,admixture,straddle64,20,5.636355
u128,zmij_x64_v2,admixture,straddle64,20,4.541927
u128,zmij_x64_v3,admixture,straddle64,20,4.154287
u128,zmij_x64_v3_nokernel,admixture,straddle64,20,4.107976
u128,zmij_x64_v4,admixture,straddle64,20,4.133107
u128,fmt,admixture,straddle64,30,18.013944
u128,naive,admixture,straddle64,30,75.100393
u128,null,admixture,straddle64,30,0.815413
u128,zmij_scalar,admixture,straddle64,30,9.184280
u128,zmij_x64_native,admixture,straddle64,30,4.354537
u128,zmij_x64_v1,admixture,straddle64,30,5.711876
u128,zmij_x64_v2,admixture,straddle64,30,4.905143
u128,zmij_x64_v3,admixture,straddle64,30,4.471270
u128,zmij_x64_v3_nokernel,admixture,straddle64,30,4.486556
u128,zmij_x64_v4,admixture,straddle64,30,4.330826
u128,fmt,admixture,straddle64,40,18.213773
u128,naive,admixture,straddle64,40,74.523098
u128,null,admixture,straddle64,40,0.762033
u128,zmij_scalar,admixture,straddle64,40,9.308091
u128,zmij_x64_native,admixture,straddle64,40,4.710293
u128,zmij_x64_v1,admixture,straddle64,40,6.006592
u128,zmij_x64_v2,admixture,straddle64,40,5.165601
u128,zmij_x64_v3,admixture,straddle64,40,4.741176
u128,zmij_x64_v3_nokernel,admixture,straddle64,40,4.669265
u128,zmij_x64_v4,admixture,straddle64,40,4.628158
u128,fmt,admixture,straddle64,50,18.044928
u128,naive,admixture,straddle64,50,73.699648
u128,null,admixture,straddle64,50,0.848785
u128,zmij_scalar,admixture,straddle64,50,8.932427
u128,zmij_x64_native,admixture,straddle64,50,5.103708
u128,zmij_x64_v1,admixture,straddle64,50,6.210633
u128,zmij_x64_v2,admixture,straddle64,50,5.414636
u128,zmij_x64_v3,admixture,straddle64,50,5.001662
u128,zmij_x64_v3_nokernel,admixture,straddle64,50,4.949373
u128,zmij_x64_v4,admixture,straddle64,50,4.855146
u128,fmt,admixture,straddle64,60,17.822650
u128,naive,admixture,straddle64,60,74.232505
u128,null,admixture,straddle64,60,0.912973
u128,zmij_scalar,admixture,straddle64,60,8.149280
u128,zmij_x64_native,admixture,straddle64,60,4.796434
u128,zmij_x64_v1,admixture,straddle64,60,5.889591
u128,zmij_x64_v2,admixture,straddle64,60,4.945365
u128,zmij_x64_v3,admixture,straddle64,60,4.580689
u128,zmij_x64_v3_nokernel,admixture,straddle64,60,4.603639
u128,zmij_x64_v4,admixture,straddle64,60,4.544658
u128,fmt,admixture,straddle64,70,17.577079
u128,naive,admixture,straddle64,70,74.395960
u128,null,admixture,straddle64,70,0.796083
u128,zmij_scalar,admixture,straddle64,70,7.477994
u128,zmij_x64_native,admixture,straddle64,70,4.329993
u128,zmij_x64_v1,admixture,straddle64,70,5.399154
u128,zmij_x64_v2,admixture,straddle64,70,4.443539
u128,zmij_x64_v3,admixture,straddle64,70,3.968849
u128,zmij_x64_v3_nokernel,admixture,straddle64,70,3.999302
u128,zmij_x64_v4,admixture,straddle64,70,3.905344
u128,fmt,admixture,straddle64,80,16.401812
u128,naive,admixture,straddle64,80,71.127215
u128,null,admixture,straddle64,80,1.016832
u128,zmij_scalar,admixture,straddle64,80,6.511913
u128,zmij_x64_native,admixture,straddle64,80,3.542342
u128,zmij_x64_v1,admixture,straddle64,80,4.876592
u128,zmij_x64_v2,admixture,straddle64,80,3.640524
u128,zmij_x64_v3,admixture,straddle64,80,3.326224
u128,zmij_x64_v3_nokernel,admixture,straddle64,80,3.354838
u128,zmij_x64_v4,admixture,straddle64,80,3.320186
u128,fmt,admixture,straddle64,90,15.717282
u128,naive,admixture,straddle64,90,69.781261
u128,null,admixture,straddle64,90,0.751139
u128,zmij_scalar,admixture,straddle64,90,5.755105
u128,zmij_x64_native,admixture,straddle64,90,2.974828
u128,zmij_x64_v1,admixture,straddle64,90,4.338948
u128,zmij_x64_v2,admixture,straddle64,90,3.051958
u128,zmij_x64_v3,admixture,straddle64,90,2.802630
u128,zmij_x64_v3_nokernel,admixture,straddle64,90,2.856514
u128,zmij_x64_v4,admixture,straddle64,90,2.791836
u128,fmt,admixture,straddle64,100,14.831101
u128,naive,admixture,straddle64,100,69.327868
u128,null,admixture,straddle64,100,0.878856
u128,zmij_scalar,admixture,straddle64,100,5.207482
u128,zmij_x64_native,admixture,straddle64,100,2.379765
u128,zmij_x64_v1,admixture,straddle64,100,3.868593
u128,zmij_x64_v2,admixture,straddle64,100,2.483798
u128,zmij_x64_v3,admixture,straddle64,100,2.329171
u128,zmij_x64_v3_nokernel,admixture,straddle64,100,2.321262
u128,zmij_x64_v4,admixture,straddle64,100,2.310262
u128,fmt,admixture,straddle1e32,0,20.376549
u128,naive,admixture,straddle1e32,0,117.281416
u128,null,admixture,straddle1e32,0,0.792890
u128,zmij_scalar,admixture,straddle1e32,0,12.034801
u128,zmij_x64_native,admixture,straddle1e32,0,4.435614
u128,zmij_x64_v1,admixture,straddle1e32,0,5.842772
u128,zmij_x64_v2,admixture,straddle1e32,0,4.659472
u128,zmij_x64_v3,admixture,straddle1e32,0,4.519571
u128,zmij_x64_v3_nokernel,admixture,straddle1e32,0,5.244094
u128,zmij_x64_v4,admixture,straddle1e32,0,4.448888
u128,fmt,admixture,straddle1e32,10,21.977182
u128,naive,admixture,straddle1e32,10,118.059105
u128,null,admixture,straddle1e32,10,0.798418
u128,zmij_scalar,admixture,straddle1e32,10,11.990261
u128,zmij_x64_native,admixture,straddle1e32,10,4.858485
u128,zmij_x64_v1,admixture,straddle1e32,10,6.264050
u128,zmij_x64_v2,admixture,straddle1e32,10,5.042498
u128,zmij_x64_v3,admixture,straddle1e32,10,4.851476
u128,zmij_x64_v3_nokernel,admixture,straddle1e32,10,5.321546
u128,zmij_x64_v4,admixture,straddle1e32,10,4.924040
u128,fmt,admixture,straddle1e32,20,21.656146
u128,naive,admixture,straddle1e32,20,116.996902
u128,null,admixture,straddle1e32,20,1.011070
u128,zmij_scalar,admixture,straddle1e32,20,12.035244
u128,zmij_x64_native,admixture,straddle1e32,20,5.212117
u128,zmij_x64_v1,admixture,straddle1e32,20,6.769167
u128,zmij_x64_v2,admixture,straddle1e32,20,5.411937
u128,zmij_x64_v3,admixture,straddle1e32,20,5.221493
u128,zmij_x64_v3_nokernel,admixture,straddle1e32,20,5.459620
u128,zmij_x64_v4,admixture,straddle1e32,20,5.292465
u128,fmt,admixture,straddle1e32,30,22.382124
u128,naive,admixture,straddle1e32,30,116.990090
u128,null,admixture,straddle1e32,30,0.857586
u128,zmij_scalar,admixture,straddle1e32,30,11.963371
u128,zmij_x64_native,admixture,straddle1e32,30,5.608258
u128,zmij_x64_v1,admixture,straddle1e32,30,7.261675
u128,zmij_x64_v2,admixture,straddle1e32,30,5.870621
u128,zmij_x64_v3,admixture,straddle1e32,30,5.602453
u128,zmij_x64_v3_nokernel,admixture,straddle1e32,30,5.690715
u128,zmij_x64_v4,admixture,straddle1e32,30,5.718925
u128,fmt,admixture,straddle1e32,40,23.353338
u128,naive,admixture,straddle1e32,40,117.074778
u128,null,admixture,straddle1e32,40,0.874646
u128,zmij_scalar,admixture,straddle1e32,40,12.021024
u128,zmij_x64_native,admixture,straddle1e32,40,6.164654
u128,zmij_x64_v1,admixture,straddle1e32,40,7.775866
u128,zmij_x64_v2,admixture,straddle1e32,40,6.124517
u128,zmij_x64_v3,admixture,straddle1e32,40,6.061040
u128,zmij_x64_v3_nokernel,admixture,straddle1e32,40,6.125090
u128,zmij_x64_v4,admixture,straddle1e32,40,6.337151
u128,fmt,admixture,straddle1e32,50,23.036659
u128,naive,admixture,straddle1e32,50,115.954542
u128,null,admixture,straddle1e32,50,0.964036
u128,zmij_scalar,admixture,straddle1e32,50,11.797266
u128,zmij_x64_native,admixture,straddle1e32,50,6.310231
u128,zmij_x64_v1,admixture,straddle1e32,50,7.896175
u128,zmij_x64_v2,admixture,straddle1e32,50,6.424680
u128,zmij_x64_v3,admixture,straddle1e32,50,6.418942
u128,zmij_x64_v3_nokernel,admixture,straddle1e32,50,6.366937
u128,zmij_x64_v4,admixture,straddle1e32,50,6.589170
u128,fmt,admixture,straddle1e32,60,22.421458
u128,naive,admixture,straddle1e32,60,114.291058
u128,null,admixture,straddle1e32,60,0.878002
u128,zmij_scalar,admixture,straddle1e32,60,11.256806
u128,zmij_x64_native,admixture,straddle1e32,60,6.056043
u128,zmij_x64_v1,admixture,straddle1e32,60,7.535500
u128,zmij_x64_v2,admixture,straddle1e32,60,6.055102
u128,zmij_x64_v3,admixture,straddle1e32,60,6.082827
u128,zmij_x64_v3_nokernel,admixture,straddle1e32,60,5.761652
u128,zmij_x64_v4,admixture,straddle1e32,60,6.122468
u128,fmt,admixture,straddle1e32,70,21.573391
u128,naive,admixture,straddle1e32,70,113.258669
u128,null,admixture,straddle1e32,70,0.810888
u128,zmij_scalar,admixture,straddle1e32,70,10.627104
u128,zmij_x64_native,admixture,straddle1e32,70,5.464996
u128,zmij_x64_v1,admixture,straddle1e32,70,6.731241
u128,zmij_x64_v2,admixture,straddle1e32,70,5.560844
u128,zmij_x64_v3,admixture,straddle1e32,70,5.411374
u128,zmij_x64_v3_nokernel,admixture,straddle1e32,70,5.143108
u128,zmij_x64_v4,admixture,straddle1e32,70,5.465789
u128,fmt,admixture,straddle1e32,80,20.914988
u128,naive,admixture,straddle1e32,80,112.111367
u128,null,admixture,straddle1e32,80,0.802311
u128,zmij_scalar,admixture,straddle1e32,80,10.101487
u128,zmij_x64_native,admixture,straddle1e32,80,4.844563
u128,zmij_x64_v1,admixture,straddle1e32,80,6.284390
u128,zmij_x64_v2,admixture,straddle1e32,80,5.076189
u128,zmij_x64_v3,admixture,straddle1e32,80,4.886649
u128,zmij_x64_v3_nokernel,admixture,straddle1e32,80,4.764229
u128,zmij_x64_v4,admixture,straddle1e32,80,4.983458
u128,fmt,admixture,straddle1e32,90,19.928853
u128,naive,admixture,straddle1e32,90,110.180579
u128,null,admixture,straddle1e32,90,0.885903
u128,zmij_scalar,admixture,straddle1e32,90,9.383096
u128,zmij_x64_native,admixture,straddle1e32,90,4.271349
u128,zmij_x64_v1,admixture,straddle1e32,90,5.709366
u128,zmij_x64_v2,admixture,straddle1e32,90,4.552206
u128,zmij_x64_v3,admixture,straddle1e32,90,4.284714
u128,zmij_x64_v3_nokernel,admixture,straddle1e32,90,4.291319
u128,zmij_x64_v4,admixture,straddle1e32,90,4.268430
u128,fmt,admixture,straddle1e32,100,19.156473
u128,naive,admixture,straddle1e32,100,109.293579
u128,null,admixture,straddle1e32,100,0.856677
u128,zmij_scalar,admixture,straddle1e32,100,8.809266
u128,zmij_x64_native,admixture,straddle1e32,100,3.782527
u128,zmij_x64_v1,admixture,straddle1e32,100,5.262179
u128,zmij_x64_v2,admixture,straddle1e32,100,4.073695
u128,zmij_x64_v3,admixture,straddle1e32,100,3.776264
u128,zmij_x64_v3_nokernel,admixture,straddle1e32,100,3.847314
u128,zmij_x64_v4,admixture,straddle1e32,100,3.730074
i128,fmt,bylength,,1,7.308770
i128,naive,bylength,,1,5.676256
i128,null,bylength,,1,0.740971
i128,zmij_scalar,bylength,,1,5.239272
i128,zmij_x64_native,bylength,,1,2.592607
i128,zmij_x64_v1,bylength,,1,4.410461
i128,zmij_x64_v2,bylength,,1,2.813878
i128,zmij_x64_v3,bylength,,1,2.614659
i128,zmij_x64_v3_nokernel,bylength,,1,2.666517
i128,zmij_x64_v4,bylength,,1,2.603824
i128,fmt,bylength,,2,7.573855
i128,naive,bylength,,2,7.335947
i128,null,bylength,,2,0.742261
i128,zmij_scalar,bylength,,2,5.234244
i128,zmij_x64_native,bylength,,2,2.602548
i128,zmij_x64_v1,bylength,,2,4.425260
i128,zmij_x64_v2,bylength,,2,2.801887
i128,zmij_x64_v3,bylength,,2,2.615507
i128,zmij_x64_v3_nokernel,bylength,,2,2.676376
i128,zmij_x64_v4,bylength,,2,2.592750
i128,fmt,bylength,,3,7.689951
i128,naive,bylength,,3,10.359692
i128,null,bylength,,3,0.766876
i128,zmij_scalar,bylength,,3,5.417322
i128,zmij_x64_native,bylength,,3,2.597561
i128,zmij_x64_v1,bylength,,3,4.402366
i128,zmij_x64_v2,bylength,,3,2.803306
i128,zmij_x64_v3,bylength,,3,2.613986
i128,zmij_x64_v3_nokernel,bylength,,3,2.677121
i128,zmij_x64_v4,bylength,,3,2.597620
i128,fmt,bylength,,4,7.368197
i128,naive,bylength,,4,12.978041
i128,null,bylength,,4,0.752912
i128,zmij_scalar,bylength,,4,5.227496
i128,zmij_x64_native,bylength,,4,2.595623
i128,zmij_x64_v1,bylength,,4,4.415535
i128,zmij_x64_v2,bylength,,4,2.794001
i128,zmij_x64_v3,bylength,,4,2.609967
i128,zmij_x64_v3_nokernel,bylength,,4,2.663731
i128,zmij_x64_v4,bylength,,4,2.582494
i128,fmt,bylength,,5,7.842806
i128,naive,bylength,,5,16.963603
i128,null,bylength,,5,0.822038
i128,zmij_scalar,bylength,,5,5.202109
i128,zmij_x64_native,bylength,,5,2.571869
i128,zmij_x64_v1,bylength,,5,4.422276
i128,zmij_x64_v2,bylength,,5,2.795427
i128,zmij_x64_v3,bylength,,5,2.612551
i128,zmij_x64_v3_nokernel,bylength,,5,2.671492
i128,zmij_x64_v4,bylength,,5,2.579809
i128,fmt,bylength,,6,8.015651
i128,naive,bylength,,6,20.352384
i128,null,bylength,,6,0.836905
i128,zmij_scalar,bylength,,6,5.265868
i128,zmij_x64_native,bylength,,6,2.608913
i128,zmij_x64_v1,bylength,,6,4.466307
i128,zmij_x64_v2,bylength,,6,2.801379
i128,zmij_x64_v3,bylength,,6,2.656001
i128,zmij_x64_v3_nokernel,bylength,,6,2.689113
i128,zmij_x64_v4,bylength,,6,2.583681
i128,fmt,bylength,,7,8.300435
i128,naive,bylength,,7,24.161068
i128,null,bylength,,7,0.842837
i128,zmij_scalar,bylength,,7,5.258515
i128,zmij_x64_native,bylength,,7,2.586761
i128,zmij_x64_v1,bylength,,7,4.431946
i128,zmij_x64_v2,bylength,,7,2.786355
i128,zmij_x64_v3,bylength,,7,2.619579
i128,zmij_x64_v3_nokernel,bylength,,7,2.665334
i128,zmij_x64_v4,bylength,,7,2.586426
i128,fmt,bylength,,8,8.235812
i128,naive,bylength,,8,26.574888
i128,null,bylength,,8,0.848378
i128,zmij_scalar,bylength,,8,5.241532
i128,zmij_x64_native,bylength,,8,2.612097
i128,zmij_x64_v1,bylength,,8,4.466866
i128,zmij_x64_v2,bylength,,8,2.808199
i128,zmij_x64_v3,bylength,,8,2.655134
i128,zmij_x64_v3_nokernel,bylength,,8,2.716509
i128,zmij_x64_v4,bylength,,8,2.602523
i128,fmt,bylength,,9,8.605757
i128,naive,bylength,,9,30.139992
i128,null,bylength,,9,0.836511
i128,zmij_scalar,bylength,,9,5.239654
i128,zmij_x64_native,bylength,,9,2.593174
i128,zmij_x64_v1,bylength,,9,4.405334
i128,zmij_x64_v2,bylength,,9,2.789419
i128,zmij_x64_v3,bylength,,9,2.617981
i128,zmij_x64_v3_nokernel,bylength,,9,2.659484
i128,zmij_x64_v4,bylength,,9,2.582537
i128,fmt,bylength,,10,8.676693
i128,naive,bylength,,10,34.149053
i128,null,bylength,,10,0.883541
i128,zmij_scalar,bylength,,10,5.213863
i128,zmij_x64_native,bylength,,10,2.577081
i128,zmij_x64_v1,bylength,,10,4.395191
i128,zmij_x64_v2,bylength,,10,2.772661
i128,zmij_x64_v3,bylength,,10,2.620097
i128,zmij_x64_v3_nokernel,bylength,,10,2.654384
i128,zmij_x64_v4,bylength,,10,2.585642
i128,fmt,bylength,,11,9.102827
i128,naive,bylength,,11,38.037558
i128,null,bylength,,11,0.779397
i128,zmij_scalar,bylength,,11,5.264513
i128,zmij_x64_native,bylength,,11,2.592283
i128,zmij_x64_v1,bylength,,11,4.440257
i128,zmij_x64_v2,bylength,,11,2.809069
i128,zmij_x64_v3,bylength,,11,2.625226
i128,zmij_x64_v3_nokernel,bylength,,11,2.677213
i128,zmij_x64_v4,bylength,,11,2.583218
i128,fmt,bylength,,12,9.029530
i128,naive,bylength,,12,41.613744
i128,null,bylength,,12,0.820247
i128,zmij_scalar,bylength,,12,5.228513
i128,zmij_x64_native,bylength,,12,2.588781
i128,zmij_x64_v1,bylength,,12,4.425143
i128,zmij_x64_v2,bylength,,12,2.803393
i128,zmij_x64_v3,bylength,,12,2.623551
i128,zmij_x64_v3_nokernel,bylength,,12,2.668745
i128,zmij_x64_v4,bylength,,12,2.597842
i128,fmt,bylength,,13,9.539388
i128,naive,bylength,,13,45.620512
i128,null,bylength,,13,0.842815
i128,zmij_scalar,bylength,,13,5.235311
i128,zmij_x64_native,bylength,,13,2.598065
i128,zmij_x64_v1,bylength,,13,4.398294
i128,zmij_x64_v2,bylength,,13,2.799382
i128,zmij_x64_v3,bylength,,13,2.627545
i128,zmij_x64_v3_nokernel,bylength,,13,2.659570
i128,zmij_x64_v4,bylength,,13,2.589233
i128,fmt,bylength,,14,9.531122
i128,naive,bylength,,14,48.772855
i128,null,bylength,,14,0.772768
i128,zmij_scalar,bylength,,14,5.198017
i128,zmij_x64_native,bylength,,14,2.597425
i128,zmij_x64_v1,bylength,,14,4.425985
i128,zmij_x64_v2,bylength,,14,2.801018
i128,zmij_x64_v3,bylength,,14,2.607854
i128,zmij_x64_v3_nokernel,bylength,,14,2.679653
i128,zmij_x64_v4,bylength,,14,2.590803
i128,fmt,bylength,,15,10.080837
i128,naive,bylength,,15,52.822757
i128,null,bylength,,15,0.771088
i128,zmij_scalar,bylength,,15,5.192899
i128,zmij_x64_native,bylength,,15,2.600454
i128,zmij_x64_v1,bylength,,15,4.411195
i128,zmij_x64_v2,bylength,,15,2.801856
i128,zmij_x64_v3,bylength,,15,2.610223
i128,zmij_x64_v3_nokernel,bylength,,15,2.654718
i128,zmij_x64_v4,bylength,,15,2.593264
i128,fmt,bylength,,16,10.072819
i128,naive,bylength,,16,54.785674
i128,null,bylength,,16,0.795706
i128,zmij_scalar,bylength,,16,5.264383
i128,zmij_x64_native,bylength,,16,2.616088
i128,zmij_x64_v1,bylength,,16,4.452302
i128,zmij_x64_v2,bylength,,16,2.842271
i128,zmij_x64_v3,bylength,,16,2.659464
i128,zmij_x64_v3_nokernel,bylength,,16,2.691644
i128,zmij_x64_v4,bylength,,16,2.627410
i128,fmt,bylength,,17,10.707073
i128,naive,bylength,,17,58.398732
i128,null,bylength,,17,0.900023
i128,zmij_scalar,bylength,,17,5.209425
i128,zmij_x64_native,bylength,,17,2.584158
i128,zmij_x64_v1,bylength,,17,4.414626
i128,zmij_x64_v2,bylength,,17,2.786646
i128,zmij_x64_v3,bylength,,17,2.621656
i128,zmij_x64_v3_nokernel,bylength,,17,2.666722
i128,zmij_x64_v4,bylength,,17,2.594533
i128,fmt,bylength,,18,10.720414
i128,naive,bylength,,18,62.440603
i128,null,bylength,,18,0.759701
i128,zmij_scalar,bylength,,18,5.207819
i128,zmij_x64_native,bylength,,18,2.594327
i128,zmij_x64_v1,bylength,,18,4.543214
i128,zmij_x64_v2,bylength,,18,2.902507
i128,zmij_x64_v3,bylength,,18,2.700815
i128,zmij_x64_v3_nokernel,bylength,,18,2.746078
i128,zmij_x64_v4,bylength,,18,2.684844
i128,fmt,bylength,,19,11.416395
i128,naive,bylength,,19,66.378323
i128,null,bylength,,19,0.828928
i128,zmij_scalar,bylength,,19,5.753929
i128,zmij_x64_native,bylength,,19,3.068079
i128,zmij_x64_v1,bylength,,19,4.826417
i128,zmij_x64_v2,bylength,,19,3.295188
i128,zmij_x64_v3,bylength,,19,3.124839
i128,zmij_x64_v3_nokernel,bylength,,19,3.178749
i128,zmij_x64_v4,bylength,,19,3.061687
i128,fmt,bylength,,20,16.822614
i128,naive,bylength,,20,70.246983
i128,null,bylength,,20,0.808779
i128,zmij_scalar,bylength,,20,9.307676
i128,zmij_x64_native,bylength,,20,4.304734
i128,zmij_x64_v1,bylength,,20,5.835832
i128,zmij_x64_v2,bylength,,20,4.805613
i128,zmij_x64_v3,bylength,,20,4.326188
i128,zmij_x64_v3_nokernel,bylength,,20,4.319849
i128,zmij_x64_v4,bylength,,20,4.312624
i128,fmt,bylength,,21,16.640728
i128,naive,bylength,,21,73.515564
i128,null,bylength,,21,0.767873
i128,zmij_scalar,bylength,,21,9.311163
i128,zmij_x64_native,bylength,,21,4.291428
i128,zmij_x64_v1,bylength,,21,5.820928
i128,zmij_x64_v2,bylength,,21,4.801492
i128,zmij_x64_v3,bylength,,21,4.325871
i128,zmij_x64_v3_nokernel,bylength,,21,4.311667
i128,zmij_x64_v4,bylength,,21,4.301919
i128,fmt,bylength,,22,17.438808
i128,naive,bylength,,22,77.472891
i128,null,bylength,,22,0.943607
i128,zmij_scalar,bylength,,22,9.247645
i128,zmij_x64_native,bylength,,22,4.301327
i128,zmij_x64_v1,bylength,,22,5.833110
i128,zmij_x64_v2,bylength,,22,4.854903
i128,zmij_x64_v3,bylength,,22,4.325460
i128,zmij_x64_v3_nokernel,bylength,,22,4.308414
i128,zmij_x64_v4,bylength,,22,4.281603
i128,fmt,bylength,,23,17.442685
i128,naive,bylength,,23,80.828912
i128,null,bylength,,23,0.890224
i128,zmij_scalar,bylength,,23,9.272866
i128,zmij_x64_native,bylength,,23,4.280222
i128,zmij_x64_v1,bylength,,23,5.810827
i128,zmij_x64_v2,bylength,,23,4.797170
i128,zmij_x64_v3,bylength,,23,4.324250
i128,zmij_x64_v3_nokernel,bylength,,23,4.300397
i128,zmij_x64_v4,bylength,,23,4.287543
i128,fmt,bylength,,24,18.205281
i128,naive,bylength,,24,83.356904
i128,null,bylength,,24,0.761627
i128,zmij_scalar,bylength,,24,9.306869
i128,zmij_x64_native,bylength,,24,4.302785
i128,zmij_x64_v1,bylength,,24,5.815189
i128,zmij_x64_v2,bylength,,24,4.807430
i128,zmij_x64_v3,bylength,,24,4.345927
i128,zmij_x64_v3_nokernel,bylength,,24,4.324410
i128,zmij_x64_v4,bylength,,24,4.305466
i128,fmt,bylength,,25,18.293259
i128,naive,bylength,,25,88.545044
i128,null,bylength,,25,0.778725
i128,zmij_scalar,bylength,,25,9.322279
i128,zmij_x64_native,bylength,,25,4.290879
i128,zmij_x64_v1,bylength,,25,5.807851
i128,zmij_x64_v2,bylength,,25,4.790419
i128,zmij_x64_v3,bylength,,25,4.318576
i128,zmij_x64_v3_nokernel,bylength,,25,4.321363
i128,zmij_x64_v4,bylength,,25,4.463423
i128,fmt,bylength,,26,19.222028
i128,naive,bylength,,26,90.998123
i128,null,bylength,,26,0.978114
i128,zmij_scalar,bylength,,26,9.415010
i128,zmij_x64_native,bylength,,26,4.336828
i128,zmij_x64_v1,bylength,,26,5.923115
i128,zmij_x64_v2,bylength,,26,4.856210
i128,zmij_x64_v3,bylength,,26,4.360939
i128,zmij_x64_v3_nokernel,bylength,,26,4.352772
i128,zmij_x64_v4,bylength,,26,4.351767
i128,fmt,bylength,,27,18.988806
i128,naive,bylength,,27,94.619044
i128,null,bylength,,27,0.853161
i128,zmij_scalar,bylength,,27,9.356794
i128,zmij_x64_native,bylength,,27,4.319806
i128,zmij_x64_v1,bylength,,27,5.804266
i128,zmij_x64_v2,bylength,,27,4.794364
i128,zmij_x64_v3,bylength,,27,4.322964
i128,zmij_x64_v3_nokernel,bylength,,27,4.305658
i128,zmij_x64_v4,bylength,,27,4.291202
i128,fmt,bylength,,28,19.876698
i128,naive,bylength,,28,98.398883
i128,null,bylength,,28,0.731830
i128,zmij_scalar,bylength,,28,9.355187
i128,zmij_x64_native,bylength,,28,4.305512
i128,zmij_x64_v1,bylength,,28,5.781108
i128,zmij_x64_v2,bylength,,28,4.824839
i128,zmij_x64_v3,bylength,,28,4.345848
i128,zmij_x64_v3_nokernel,bylength,,28,4.357258
i128,zmij_x64_v4,bylength,,28,4.329091
i128,fmt,bylength,,29,19.763371
i128,naive,bylength,,29,102.336419
i128,null,bylength,,29,0.768561
i128,zmij_scalar,bylength,,29,9.441208
i128,zmij_x64_native,bylength,,29,4.329063
i128,zmij_x64_v1,bylength,,29,5.822076
i128,zmij_x64_v2,bylength,,29,4.829845
i128,zmij_x64_v3,bylength,,29,4.367094
i128,zmij_x64_v3_nokernel,bylength,,29,4.360804
i128,zmij_x64_v4,bylength,,29,4.334913
i128,fmt,bylength,,30,20.402419
i128,naive,bylength,,30,105.693968
i128,null,bylength,,30,0.821189
i128,zmij_scalar,bylength,,30,9.439560
i128,zmij_x64_native,bylength,,30,4.340799
i128,zmij_x64_v1,bylength,,30,5.949082
i128,zmij_x64_v2,bylength,,30,4.864586
i128,zmij_x64_v3,bylength,,30,4.389155
i128,zmij_x64_v3_nokernel,bylength,,30,4.388621
i128,zmij_x64_v4,bylength,,30,4.332976
i128,fmt,bylength,,31,20.634264
i128,naive,bylength,,31,109.821880
i128,null,bylength,,31,0.838521
i128,zmij_scalar,bylength,,31,9.336262
i128,zmij_x64_native,bylength,,31,4.302804
i128,zmij_x64_v1,bylength,,31,5.836166
i128,zmij_x64_v2,bylength,,31,4.778934
i128,zmij_x64_v3,bylength,,31,4.325802
i128,zmij_x64_v3_nokernel,bylength,,31,4.310202
i128,zmij_x64_v4,bylength,,31,4.290753
i128,fmt,bylength,,32,21.147618
i128,naive,bylength,,32,112.039234
i128,null,bylength,,32,0.837092
i128,zmij_scalar,bylength,,32,9.382061
i128,zmij_x64_native,bylength,,32,4.294059
i128,zmij_x64_v1,bylength,,32,5.813464
i128,zmij_x64_v2,bylength,,32,4.793703
i128,zmij_x64_v3,bylength,,32,4.338593
i128,zmij_x64_v3_nokernel,bylength,,32,4.334033
i128,zmij_x64_v4,bylength,,32,4.307600
i128,fmt,bylength,,33,21.621875
i128,naive,bylength,,33,116.531449
i128,null,bylength,,33,0.812496
i128,zmij_scalar,bylength,,33,12.222899
i128,zmij_x64_native,bylength,,33,4.943381
i128,zmij_x64_v1,bylength,,33,6.255706
i128,zmij_x64_v2,bylength,,33,5.602278
i128,zmij_x64_v3,bylength,,33,5.001469
i128,zmij_x64_v3_nokernel,bylength,,33,4.926261
i128,zmij_x64_v4,bylength,,33,5.141461
i128,fmt,bylength,,34,22.023518
i128,naive,bylength,,34,119.161247
i128,null,bylength,,34,0.925930
i128,zmij_scalar,bylength,,34,12.123405
i128,zmij_x64_native,bylength,,34,4.977635
i128,zmij_x64_v1,bylength,,34,6.254371
i128,zmij_x64_v2,bylength,,34,5.625247
i128,zmij_x64_v3,bylength,,34,4.994502
i128,zmij_x64_v3_nokernel,bylength,,34,4.933222
i128,zmij_x64_v4,bylength,,34,5.126317
i128,fmt,bylength,,35,21.922455
i128,naive,bylength,,35,123.347369
i128,null,bylength,,35,0.845429
i128,zmij_scalar,bylength,,35,12.160531
i128,zmij_x64_native,bylength,,35,4.947746
i128,zmij_x64_v1,bylength,,35,6.263565
i128,zmij_x64_v2,bylength,,35,5.619882
i128,zmij_x64_v3,bylength,,35,4.988781
i128,zmij_x64_v3_nokernel,bylength,,35,4.947330
i128,zmij_x64_v4,bylength,,35,5.149609
i128,fmt,bylength,,36,23.163243
i128,naive,bylength,,36,127.404757
i128,null,bylength,,36,0.778779
i128,zmij_scalar,bylength,,36,12.128202
i128,zmij_x64_native,bylength,,36,4.975649
i128,zmij_x64_v1,bylength,,36,6.270509
i128,zmij_x64_v2,bylength,,36,5.651840
i128,zmij_x64_v3,bylength,,36,5.007101
i128,zmij_x64_v3_nokernel,bylength,,36,4.906621
i128,zmij_x64_v4,bylength,,36,5.127015
i128,fmt,bylength,,37,22.903522
i128,naive,bylength,,37,130.898732
i128,null,bylength,,37,0.793950
i128,zmij_scalar,bylength,,37,12.257515
i128,zmij_x64_native,bylength,,37,5.027721
i128,zmij_x64_v1,bylength,,37,6.343772
i128,zmij_x64_v2,bylength,,37,5.675932
i128,zmij_x64_v3,bylength,,37,5.104610
i128,zmij_x64_v3_nokernel,bylength,,37,4.957629
i128,zmij_x64_v4,bylength,,37,5.163578
i128,fmt,bylength,,38,23.187129
i128,naive,bylength,,38,133.782544
i128,null,bylength,,38,0.763099
i128,zmij_scalar,bylength,,38,12.191776
i128,zmij_x64_native,bylength,,38,4.960502
i128,zmij_x64_v1,bylength,,38,6.304915
i128,zmij_x64_v2,bylength,,38,5.637678
i128,zmij_x64_v3,bylength,,38,5.000276
i128,zmij_x64_v3_nokernel,bylength,,38,4.942136
i128,zmij_x64_v4,bylength,,38,5.120322
i128,fmt,bylength,,39,23.522636
i128,naive,bylength,,39,138.123534
i128,null,bylength,,39,0.859429
i128,zmij_scalar,bylength,,39,12.177193
i128,zmij_x64_native,bylength,,39,4.970752
i128,zmij_x64_v1,bylength,,39,6.262980
i128,zmij_x64_v2,bylength,,39,5.618675
i128,zmij_x64_v3,bylength,,39,4.994548
i128,zmij_x64_v3_nokernel,bylength,,39,4.944500
i128,zmij_x64_v4,bylength,,39,5.157688
i128,fmt,loguniform,1-39,39,25.232276
i128,naive,loguniform,1-39,39,77.537722
i128,null,loguniform,1-39,39,0.855441
i128,zmij_scalar,loguniform,1-39,39,10.139127
i128,zmij_x64_native,loguniform,1-39,39,6.524028
i128,zmij_x64_v1,loguniform,1-39,39,7.682713
i128,zmij_x64_v2,loguniform,1-39,39,7.120089
i128,zmij_x64_v3,loguniform,1-39,39,6.588278
i128,zmij_x64_v3_nokernel,loguniform,1-39,39,6.710843
i128,zmij_x64_v4,loguniform,1-39,39,6.436184
i128,fmt,loguniform,1-4,4,12.328938
i128,naive,loguniform,1-4,4,13.012485
i128,null,loguniform,1-4,4,0.895976
i128,zmij_scalar,loguniform,1-4,4,5.238453
i128,zmij_x64_native,loguniform,1-4,4,2.614678
i128,zmij_x64_v1,loguniform,1-4,4,4.432600
i128,zmij_x64_v2,loguniform,1-4,4,2.815178
i128,zmij_x64_v3,loguniform,1-4,4,2.632013
i128,zmij_x64_v3_nokernel,loguniform,1-4,4,2.676003
i128,zmij_x64_v4,loguniform,1-4,4,2.603070
i128,fmt,uniform,0-255,0,7.315290
i128,naive,uniform,0-255,0,8.562263
i128,null,uniform,0-255,0,0.767328
i128,zmij_scalar,uniform,0-255,0,5.245876
i128,zmij_x64_native,uniform,0-255,0,2.585321
i128,zmij_x64_v1,uniform,0-255,0,4.427626
i128,zmij_x64_v2,uniform,0-255,0,2.797097
i128,zmij_x64_v3,uniform,0-255,0,2.604784
i128,zmij_x64_v3_nokernel,uniform,0-255,0,2.665208
i128,zmij_x64_v4,uniform,0-255,0,2.581413
i128,fmt,unpredictable,,1,9.938787
i128,naive,unpredictable,,1,9.021447
i128,null,unpredictable,,1,0.964595
i128,zmij_scalar,unpredictable,,1,4.968212
i128,zmij_x64_native,unpredictable,,1,2.694350
i128,zmij_x64_v1,unpredictable,,1,4.725495
i128,zmij_x64_v2,unpredictable,,1,2.851827
i128,zmij_x64_v3,unpredictable,,1,2.764310
i128,zmij_x64_v3_nokernel,unpredictable,,1,3.159906
i128,zmij_x64_v4,unpredictable,,1,2.773884
i128,fmt,unpredictable,,2,10.290373
i128,naive,unpredictable,,2,10.542550
i128,null,unpredictable,,2,0.688024
i128,zmij_scalar,unpredictable,,2,4.963133
i128,zmij_x64_native,unpredictable,,2,2.700878
i128,zmij_x64_v1,unpredictable,,2,4.525145
i128,zmij_x64_v2,unpredictable,,2,2.858355
i128,zmij_x64_v3,unpredictable,,2,2.752335
i128,zmij_x64_v3_nokernel,unpredictable,,2,3.137994
i128,zmij_x64_v4,unpredictable,,2,2.727522
i128,fmt,unpredictable,,3,10.254909
i128,naive,unpredictable,,3,14.593053
i128,null,unpredictable,,3,0.972579
i128,zmij_scalar,unpredictable,,3,4.961303
i128,zmij_x64_native,unpredictable,,3,2.721712
i128,zmij_x64_v1,unpredictable,,3,4.562828
i128,zmij_x64_v2,unpredictable,,3,2.883780
i128,zmij_x64_v3,unpredictable,,3,2.763619
i128,zmij_x64_v3_nokernel,unpredictable,,3,3.128382
i128,zmij_x64_v4,unpredictable,,3,2.694013
i128,fmt,unpredictable,,4,9.458214
i128,naive,unpredictable,,4,15.857316
i128,null,unpredictable,,4,1.015681
i128,zmij_scalar,unpredictable,,4,5.024231
i128,zmij_x64_native,unpredictable,,4,2.837359
i128,zmij_x64_v1,unpredictable,,4,4.729143
i128,zmij_x64_v2,unpredictable,,4,2.900845
i128,zmij_x64_v3,unpredictable,,4,2.795107
i128,zmij_x64_v3_nokernel,unpredictable,,4,3.172912
i128,zmij_x64_v4,unpredictable,,4,2.781195
i128,fmt,unpredictable,,5,9.782135
i128,naive,unpredictable,,5,19.818200
i128,null,unpredictable,,5,1.267920
i128,zmij_scalar,unpredictable,,5,4.913380
i128,zmij_x64_native,unpredictable,,5,2.695779
i128,zmij_x64_v1,unpredictable,,5,4.525910
i128,zmij_x64_v2,unpredictable,,5,2.839797
i128,zmij_x64_v3,unpredictable,,5,2.786730
i128,zmij_x64_v3_nokernel,unpredictable,,5,3.124018
i128,zmij_x64_v4,unpredictable,,5,2.714095
i128,fmt,unpredictable,,6,9.638355
i128,naive,unpredictable,,6,22.441922
i128,null,unpredictable,,6,1.056483
i128,zmij_scalar,unpredictable,,6,4.995818
i128,zmij_x64_native,unpredictable,,6,2.704923
i128,zmij_x64_v1,unpredictable,,6,4.528313
i128,zmij_x64_v2,unpredictable,,6,2.835220
i128,zmij_x64_v3,unpredictable,,6,2.745946
i128,zmij_x64_v3_nokernel,unpredictable,,6,3.119360
i128,zmij_x64_v4,unpredictable,,6,2.678399
i128,fmt,unpredictable,,7,9.860082
i128,naive,unpredictable,,7,26.520410
i128,null,unpredictable,,7,1.009254
i128,zmij_scalar,unpredictable,,7,4.994438
i128,zmij_x64_native,unpredictable,,7,2.764191
i128,zmij_x64_v1,unpredictable,,7,4.802936
i128,zmij_x64_v2,unpredictable,,7,2.901855
i128,zmij_x64_v3,unpredictable,,7,2.828810
i128,zmij_x64_v3_nokernel,unpredictable,,7,3.170101
i128,zmij_x64_v4,unpredictable,,7,2.765686
i128,fmt,unpredictable,,8,9.800715
i128,naive,unpredictable,,8,29.846765
i128,null,unpredictable,,8,0.980390
i128,zmij_scalar,unpredictable,,8,5.019385
i128,zmij_x64_native,unpredictable,,8,2.790552
i128,zmij_x64_v1,unpredictable,,8,4.693615
i128,zmij_x64_v2,unpredictable,,8,2.888665
i128,zmij_x64_v3,unpredictable,,8,2.806996
i128,zmij_x64_v3_nokernel,unpredictable,,8,3.162676
i128,zmij_x64_v4,unpredictable,,8,2.735306
i128,fmt,unpredictable,,9,10.270904
i128,naive,unpredictable,,9,33.780233
i128,null,unpredictable,,9,0.923175
i128,zmij_scalar,unpredictable,,9,5.312059
i128,zmij_x64_native,unpredictable,,9,2.876129
i128,zmij_x64_v1,unpredictable,,9,4.803977
i128,zmij_x64_v2,unpredictable,,9,3.059006
i128,zmij_x64_v3,unpredictable,,9,3.009303
i128,zmij_x64_v3_nokernel,unpredictable,,9,3.331828
i128,zmij_x64_v4,unpredictable,,9,2.925125
i128,fmt,unpredictable,,10,10.298631
i128,naive,unpredictable,,10,36.783779
i128,null,unpredictable,,10,0.706813
i128,zmij_scalar,unpredictable,,10,4.994664
i128,zmij_x64_native,unpredictable,,10,2.760899
i128,zmij_x64_v1,unpredictable,,10,4.762830
i128,zmij_x64_v2,unpredictable,,10,2.888373
i128,zmij_x64_v3,unpredictable,,10,2.812036
i128,zmij_x64_v3_nokernel,unpredictable,,10,3.176941
i128,zmij_x64_v4,unpredictable,,10,2.787785
i128,fmt,unpredictable,,11,10.547523
i128,naive,unpredictable,,11,39.672637
i128,null,unpredictable,,11,0.903923
i128,zmij_scalar,unpredictable,,11,5.003660
i128,zmij_x64_native,unpredictable,,11,2.681508
i128,zmij_x64_v1,unpredictable,,11,4.574510
i128,zmij_x64_v2,unpredictable,,11,2.853541
i128,zmij_x64_v3,unpredictable,,11,2.756054
i128,zmij_x64_v3_nokernel,unpredictable,,11,3.091555
i128,zmij_x64_v4,unpredictable,,11,2.750757
i128,fmt,unpredictable,,12,10.287806
i128,naive,unpredictable,,12,42.960753
i128,null,unpredictable,,12,0.792237
i128,zmij_scalar,unpredictable,,12,5.043780
i128,zmij_x64_native,unpredictable,,12,2.725551
i128,zmij_x64_v1,unpredictable,,12,4.574883
i128,zmij_x64_v2,unpredictable,,12,2.819899
i128,zmij_x64_v3,unpredictable,,12,2.779478
i128,zmij_x64_v3_nokernel,unpredictable,,12,3.100125
i128,zmij_x64_v4,unpredictable,,12,2.698812
i128,fmt,unpredictable,,13,10.617885
i128,naive,unpredictable,,13,47.581995
i128,null,unpredictable,,13,0.821150
i128,zmij_scalar,unpredictable,,13,5.004730
i128,zmij_x64_native,unpredictable,,13,2.711477
i128,zmij_x64_v1,unpredictable,,13,4.552372
i128,zmij_x64_v2,unpredictable,,13,2.852715
i128,zmij_x64_v3,unpredictable,,13,2.771031
i128,zmij_x64_v3_nokernel,unpredictable,,13,3.158000
i128,zmij_x64_v4,unpredictable,,13,2.705987
i128,fmt,unpredictable,,14,10.517617
i128,naive,unpredictable,,14,50.606468
i128,null,unpredictable,,14,0.846068
i128,zmij_scalar,unpredictable,,14,5.045572
i128,zmij_x64_native,unpredictable,,14,2.670716
i128,zmij_x64_v1,unpredictable,,14,4.532532
i128,zmij_x64_v2,unpredictable,,14,2.792792
i128,zmij_x64_v3,unpredictable,,14,2.759799
i128,zmij_x64_v3_nokernel,unpredictable,,14,3.117315
i128,zmij_x64_v4,unpredictable,,14,2.696112
i128,fmt,unpredictable,,15,11.017579
i128,naive,unpredictable,,15,54.163592
i128,null,unpredictable,,15,0.888988
i128,zmij_scalar,unpredictable,,15,4.989958
i128,zmij_x64_native,unpredictable,,15,2.762662
i128,zmij_x64_v1,unpredictable,,15,4.738356
i128,zmij_x64_v2,unpredictable,,15,2.880204
i128,zmij_x64_v3,unpredictable,,15,2.817100
i128,zmij_x64_v3_nokernel,unpredictable,,15,3.163669
i128,zmij_x64_v4,unpredictable,,15,2.662661
i128,fmt,unpredictable,,16,10.712359
i128,naive,unpredictable,,16,56.186597
i128,null,unpredictable,,16,1.220640
i128,zmij_scalar,unpredictable,,16,5.050683
i128,zmij_x64_native,unpredictable,,16,2.693566
i128,zmij_x64_v1,unpredictable,,16,4.568037
i128,zmij_x64_v2,unpredictable,,16,2.817305
i128,zmij_x64_v3,unpredictable,,16,2.797799
i128,zmij_x64_v3_nokernel,unpredictable,,16,3.097164
i128,zmij_x64_v4,unpredictable,,16,2.684643
i128,fmt,unpredictable,,17,10.935649
i128,naive,unpredictable,,17,59.081254
i128,null,unpredictable,,17,0.852815
i128,zmij_scalar,unpredictable,,17,5.114629
i128,zmij_x64_native,unpredictable,,17,2.697439
i128,zmij_x64_v1,unpredictable,,17,4.552004
i128,zmij_x64_v2,unpredictable,,17,2.838845
i128,zmij_x64_v3,unpredictable,,17,2.739575
i128,zmij_x64_v3_nokernel,unpredictable,,17,3.120419
i128,zmij_x64_v4,unpredictable,,17,2.682720
i128,fmt,unpredictable,,18,11.429047
i128,naive,unpredictable,,18,63.961051
i128,null,unpredictable,,18,0.739047
i128,zmij_scalar,unpredictable,,18,4.963993
i128,zmij_x64_native,unpredictable,,18,2.761637
i128,zmij_x64_v1,unpredictable,,18,4.727998
i128,zmij_x64_v2,unpredictable,,18,2.857677
i128,zmij_x64_v3,unpredictable,,18,2.803239
i128,zmij_x64_v3_nokernel,unpredictable,,18,3.217901
i128,zmij_x64_v4,unpredictable,,18,2.712263
i128,fmt,unpredictable,,19,11.743825
i128,naive,unpredictable,,19,67.194940
i128,null,unpredictable,,19,0.789537
i128,zmij_scalar,unpredictable,,19,5.855511
i128,zmij_x64_native,unpredictable,,19,3.434126
i128,zmij_x64_v1,unpredictable,,19,5.298754
i128,zmij_x64_v2,unpredictable,,19,3.668847
i128,zmij_x64_v3,unpredictable,,19,3.430776
i128,zmij_x64_v3_nokernel,unpredictable,,19,4.001987
i128,zmij_x64_v4,unpredictable,,19,3.447970
i128,fmt,unpredictable,,20,18.763922
i128,naive,unpredictable,,20,70.346537
i128,null,unpredictable,,20,1.009598
i128,zmij_scalar,unpredictable,,20,9.776543
i128,zmij_x64_native,unpredictable,,20,4.139003
i128,zmij_x64_v1,unpredictable,,20,5.579186
i128,zmij_x64_v2,unpredictable,,20,4.959866
i128,zmij_x64_v3,unpredictable,,20,4.233141
i128,zmij_x64_v3_nokernel,unpredictable,,20,4.074953
i128,zmij_x64_v4,unpredictable,,20,4.082396
i128,fmt,unpredictable,,21,19.159835
i128,naive,unpredictable,,21,73.652489
i128,null,unpredictable,,21,0.937833
i128,zmij_scalar,unpredictable,,21,9.742450
i128,zmij_x64_native,unpredictable,,21,4.061955
i128,zmij_x64_v1,unpredictable,,21,5.596826
i128,zmij_x64_v2,unpredictable,,21,4.817936
i128,zmij_x64_v3,unpredictable,,21,4.072432
i128,zmij_x64_v3_nokernel,unpredictable,,21,3.968280
i128,zmij_x64_v4,unpredictable,,21,3.974816
i128,fmt,unpredictable,,22,19.085384
i128,naive,unpredictable,,22,77.686253
i128,null,unpredictable,,22,1.225215
i128,zmij_scalar,unpredictable,,22,9.735188
i128,zmij_x64_native,unpredictable,,22,4.057115
i128,zmij_x64_v1,unpredictable,,22,5.599588
i128,zmij_x64_v2,unpredictable,,22,4.853203
i128,zmij_x64_v3,unpredictable,,22,4.133405
i128,zmij_x64_v3_nokernel,unpredictable,,22,3.956112
i128,zmij_x64_v4,unpredictable,,22,4.023454
i128,fmt,unpredictable,,23,19.243736
i128,naive,unpredictable,,23,81.819965
i128,null,unpredictable,,23,0.796776
i128,zmij_scalar,unpredictable,,23,9.776303
i128,zmij_x64_native,unpredictable,,23,4.109987
i128,zmij_x64_v1,unpredictable,,23,5.626068
i128,zmij_x64_v2,unpredictable,,23,4.842173
i128,zmij_x64_v3,unpredictable,,23,4.127816
i128,zmij_x64_v3_nokernel,unpredictable,,23,3.941585
i128,zmij_x64_v4,unpredictable,,23,3.991494
i128,fmt,unpredictable,,24,19.837770
i128,naive,unpredictable,,24,83.987565
i128,null,unpredictable,,24,0.836514
i128,zmij_scalar,unpredictable,,24,9.767388
i128,zmij_x64_native,unpredictable,,24,4.059442
i128,zmij_x64_v1,unpredictable,,24,5.559491
i128,zmij_x64_v2,unpredictable,,24,4.879311
i128,zmij_x64_v3,unpredictable,,24,4.141198
i128,zmij_x64_v3_nokernel,unpredictable,,24,3.969862
i128,zmij_x64_v4,unpredictable,,24,3.981156
i128,fmt,unpredictable,,25,20.492532
i128,naive,unpredictable,,25,86.874391
i128,null,unpredictable,,25,1.113110
i128,zmij_scalar,unpredictable,,25,9.704910
i128,zmij_x64_native,unpredictable,,25,4.037175
i128,zmij_x64_v1,unpredictable,,25,5.613165
i128,zmij_x64_v2,unpredictable,,25,4.982479
i128,zmij_x64_v3,unpredictable,,25,4.120951
i128,zmij_x64_v3_nokernel,unpredictable,,25,3.933153
i128,zmij_x64_v4,unpredictable,,25,3.987624
i128,fmt,unpredictable,,26,20.062574
i128,naive,unpredictable,,26,90.533155
i128,null,unpredictable,,26,1.089944
i128,zmij_scalar,unpredictable,,26,9.682026
i128,zmij_x64_native,unpredictable,,26,4.044284
i128,zmij_x64_v1,unpredictable,,26,5.584630
i128,zmij_x64_v2,unpredictable,,26,4.805697
i128,zmij_x64_v3,unpredictable,,26,4.089382
i128,zmij_x64_v3_nokernel,unpredictable,,26,3.976016
i128,zmij_x64_v4,unpredictable,,26,3.969547
i128,fmt,unpredictable,,27,21.132148
i128,naive,unpredictable,,27,95.616037
i128,null,unpredictable,,27,0.896838
i128,zmij_scalar,unpredictable,,27,9.916356
i128,zmij_x64_native,unpredictable,,27,4.137070
i128,zmij_x64_v1,unpredictable,,27,5.594327
i128,zmij_x64_v2,unpredictable,,27,4.874636
i128,zmij_x64_v3,unpredictable,,27,4.163423
i128,zmij_x64_v3_nokernel,unpredictable,,27,3.983110
i128,zmij_x64_v4,unpredictable,,27,4.030549
i128,fmt,unpredictable,,28,20.846613
i128,naive,unpredictable,,28,98.892960
i128,null,unpredictable,,28,0.897784
i128,zmij_scalar,unpredictable,,28,9.888894
i128,zmij_x64_native,unpredictable,,28,4.141690
i128,zmij_x64_v1,unpredictable,,28,5.629452
i128,zmij_x64_v2,unpredictable,,28,4.837090
i128,zmij_x64_v3,unpredictable,,28,4.216543
i128,zmij_x64_v3_nokernel,unpredictable,,28,3.961588
i128,zmij_x64_v4,unpredictable,,28,3.999015
i128,fmt,unpredictable,,29,21.054676
i128,naive,unpredictable,,29,101.643060
i128,null,unpredictable,,29,0.910000
i128,zmij_scalar,unpredictable,,29,9.873998
i128,zmij_x64_native,unpredictable,,29,4.176374
i128,zmij_x64_v1,unpredictable,,29,5.664776
i128,zmij_x64_v2,unpredictable,,29,4.948694
i128,zmij_x64_v3,unpredictable,,29,4.162649
i128,zmij_x64_v3_nokernel,unpredictable,,29,4.008311
i128,zmij_x64_v4,unpredictable,,29,4.084396
i128,fmt,unpredictable,,30,21.154677
i128,naive,unpredictable,,30,105.690826
i128,null,unpredictable,,30,1.022001
i128,zmij_scalar,unpredictable,,30,9.726738
i128,zmij_x64_native,unpredictable,,30,4.073421
i128,zmij_x64_v1,unpredictable,,30,5.587520
i128,zmij_x64_v2,unpredictable,,30,4.850891
i128,zmij_x64_v3,unpredictable,,30,4.137122
i128,zmij_x64_v3_nokernel,unpredictable,,30,3.971859
i128,zmij_x64_v4,unpredictable,,30,4.004239
i128,fmt,unpredictable,,31,22.060696
i128,naive,unpredictable,,31,111.188364
i128,null,unpredictable,,31,1.026233
i128,zmij_scalar,unpredictable,,31,9.779981
i128,zmij_x64_native,unpredictable,,31,4.103494
i128,zmij_x64_v1,unpredictable,,31,5.585748
i128,zmij_x64_v2,unpredictable,,31,4.899329
i128,zmij_x64_v3,unpredictable,,31,4.113101
i128,zmij_x64_v3_nokernel,unpredictable,,31,4.002085
i128,zmij_x64_v4,unpredictable,,31,4.066097
i128,fmt,unpredictable,,32,22.418998
i128,naive,unpredictable,,32,113.554492
i128,null,unpredictable,,32,0.900149
i128,zmij_scalar,unpredictable,,32,9.968723
i128,zmij_x64_native,unpredictable,,32,4.058512
i128,zmij_x64_v1,unpredictable,,32,5.811603
i128,zmij_x64_v2,unpredictable,,32,5.037026
i128,zmij_x64_v3,unpredictable,,32,4.228756
i128,zmij_x64_v3_nokernel,unpredictable,,32,4.100671
i128,zmij_x64_v4,unpredictable,,32,4.128177
i128,fmt,unpredictable,,33,22.248984
i128,naive,unpredictable,,33,115.046036
i128,null,unpredictable,,33,0.915675
i128,zmij_scalar,unpredictable,,33,13.377562
i128,zmij_x64_native,unpredictable,,33,5.476473
i128,zmij_x64_v1,unpredictable,,33,7.236710
i128,zmij_x64_v2,unpredictable,,33,6.497933
i128,zmij_x64_v3,unpredictable,,33,5.500020
i128,zmij_x64_v3_nokernel,unpredictable,,33,5.620528
i128,zmij_x64_v4,unpredictable,,33,5.753034
i128,fmt,unpredictable,,34,22.712430
i128,naive,unpredictable,,34,118.834285
i128,null,unpredictable,,34,0.908202
i128,zmij_scalar,unpredictable,,34,13.318797
i128,zmij_x64_native,unpredictable,,34,5.491493
i128,zmij_x64_v1,unpredictable,,34,7.190501
i128,zmij_x64_v2,unpredictable,,34,6.458618
i128,zmij_x64_v3,unpredictable,,34,5.427734
i128,zmij_x64_v3_nokernel,unpredictable,,34,5.557292
i128,zmij_x64_v4,unpredictable,,34,5.689239
i128,fmt,unpredictable,,35,23.511321
i128,naive,unpredictable,,35,124.628528
i128,null,unpredictable,,35,1.063457
i128,zmij_scalar,unpredictable,,35,13.410079
i128,zmij_x64_native,unpredictable,,35,5.573967
i128,zmij_x64_v1,unpredictable,,35,7.281789
i128,zmij_x64_v2,unpredictable,,35,6.475376
i128,zmij_x64_v3,unpredictable,,35,5.455827
i128,zmij_x64_v3_nokernel,unpredictable,,35,5.620920
i128,zmij_x64_v4,unpredictable,,35,5.731613
i128,fmt,unpredictable,,36,23.755645
i128,naive,unpredictable,,36,128.301314
i128,null,unpredictable,,36,0.982067
i128,zmij_scalar,unpredictable,,36,13.524161
i128,zmij_x64_native,unpredictable,,36,5.602680
i128,zmij_x64_v1,unpredictable,,36,7.373765
i128,zmij_x64_v2,unpredictable,,36,6.509007
i128,zmij_x64_v3,unpredictable,,36,5.494091
i128,zmij_x64_v3_nokernel,unpredictable,,36,5.597787
i128,zmij_x64_v4,unpredictable,,36,5.830381
i128,fmt,unpredictable,,37,22.944933
i128,naive,unpredictable,,37,131.118377
i128,null,unpredictable,,37,0.917379
i128,zmij_scalar,unpredictable,,37,13.357432
i128,zmij_x64_native,unpredictable,,37,5.479711
i128,zmij_x64_v1,unpredictable,,37,7.195697
i128,zmij_x64_v2,unpredictable,,37,6.464851
i128,zmij_x64_v3,unpredictable,,37,5.461287
i128,zmij_x64_v3_nokernel,unpredictable,,37,5.549709
i128,zmij_x64_v4,unpredictable,,37,5.651316
i128,fmt,unpredictable,,38,23.366477
i128,naive,unpredictable,,38,134.537499
i128,null,unpredictable,,38,0.869607
i128,zmij_scalar,unpredictable,,38,13.416741
i128,zmij_x64_native,unpredictable,,38,5.556570
i128,zmij_x64_v1,unpredictable,,38,7.256708
i128,zmij_x64_v2,unpredictable,,38,6.430651
i128,zmij_x64_v3,unpredictable,,38,5.444249
i128,zmij_x64_v3_nokernel,unpredictable,,38,5.562129
i128,zmij_x64_v4,unpredictable,,38,5.658594
i128,fmt,unpredictable,,39,23.647925
i128,naive,unpredictable,,39,136.442986
i128,null,unpredictable,,39,0.896916
i128,zmij_scalar,unpredictable,,39,13.822183
i128,zmij_x64_native,unpredictable,,39,5.743625
i128,zmij_x64_v1,unpredictable,,39,7.180246
i128,zmij_x64_v2,unpredictable,,39,6.423272
i128,zmij_x64_v3,unpredictable,,39,5.411801
i128,zmij_x64_v3_nokernel,unpredictable,,39,5.611554
i128,zmij_x64_v4,unpredictable,,39,5.671734
i128,fmt,admixture,5x6,0,8.003327
i128,naive,admixture,5x6,0,20.342863
i128,null,admixture,5x6,0,0.789651
i128,zmij_scalar,admixture,5x6,0,5.242065
i128,zmij_x64_native,admixture,5x6,0,2.580434
i128,zmij_x64_v1,admixture,5x6,0,4.451208
i128,zmij_x64_v2,admixture,5x6,0,2.825668
i128,zmij_x64_v3,admixture,5x6,0,2.642452
i128,zmij_x64_v3_nokernel,admixture,5x6,0,2.680964
i128,zmij_x64_v4,admixture,5x6,0,2.594890
i128,fmt,admixture,5x6,10,8.564894
i128,naive,admixture,5x6,10,20.625085
i128,null,admixture,5x6,10,0.807433
i128,zmij_scalar,admixture,5x6,10,5.224973
i128,zmij_x64_native,admixture,5x6,10,2.583269
i128,zmij_x64_v1,admixture,5x6,10,4.417653
i128,zmij_x64_v2,admixture,5x6,10,2.801772
i128,zmij_x64_v3,admixture,5x6,10,2.621546
i128,zmij_x64_v3_nokernel,admixture,5x6,10,2.667174
i128,zmij_x64_v4,admixture,5x6,10,2.592007
i128,fmt,admixture,5x6,20,9.289858
i128,naive,admixture,5x6,20,20.976534
i128,null,admixture,5x6,20,0.796153
i128,zmij_scalar,admixture,5x6,20,5.250331
i128,zmij_x64_native,admixture,5x6,20,2.596925
i128,zmij_x64_v1,admixture,5x6,20,4.448997
i128,zmij_x64_v2,admixture,5x6,20,2.789119
i128,zmij_x64_v3,admixture,5x6,20,2.633157
i128,zmij_x64_v3_nokernel,admixture,5x6,20,2.678493
i128,zmij_x64_v4,admixture,5x6,20,2.580507
i128,fmt,admixture,5x6,30,10.051010
i128,naive,admixture,5x6,30,21.251881
i128,null,admixture,5x6,30,0.750322
i128,zmij_scalar,admixture,5x6,30,5.207453
i128,zmij_x64_native,admixture,5x6,30,2.589116
i128,zmij_x64_v1,admixture,5x6,30,4.421517
i128,zmij_x64_v2,admixture,5x6,30,2.827275
i128,zmij_x64_v3,admixture,5x6,30,2.618110
i128,zmij_x64_v3_nokernel,admixture,5x6,30,2.666803
i128,zmij_x64_v4,admixture,5x6,30,2.602134
i128,fmt,admixture,5x6,40,10.878901
i128,naive,admixture,5x6,40,21.548284
i128,null,admixture,5x6,40,0.835897
i128,zmij_scalar,admixture,5x6,40,5.201194
i128,zmij_x64_native,admixture,5x6,40,2.581930
i128,zmij_x64_v1,admixture,5x6,40,4.418932
i128,zmij_x64_v2,admixture,5x6,40,2.792245
i128,zmij_x64_v3,admixture,5x6,40,2.620124
i128,zmij_x64_v3_nokernel,admixture,5x6,40,2.672652
i128,zmij_x64_v4,admixture,5x6,40,2.560701
i128,fmt,admixture,5x6,50,11.424644
i128,naive,admixture,5x6,50,21.552129
i128,null,admixture,5x6,50,0.771207
i128,zmij_scalar,admixture,5x6,50,5.215113
i128,zmij_x64_native,admixture,5x6,50,2.598293
i128,zmij_x64_v1,admixture,5x6,50,4.423069
i128,zmij_x64_v2,admixture,5x6,50,2.802373
i128,zmij_x64_v3,admixture,5x6,50,2.610769
i128,zmij_x64_v3_nokernel,admixture,5x6,50,2.666609
i128,zmij_x64_v4,admixture,5x6,50,2.567199
i128,fmt,admixture,5x6,60,10.965791
i128,naive,admixture,5x6,60,20.743699
i128,null,admixture,5x6,60,0.941365
i128,zmij_scalar,admixture,5x6,60,5.213787
i128,zmij_x64_native,admixture,5x6,60,2.598637
i128,zmij_x64_v1,admixture,5x6,60,4.432659
i128,zmij_x64_v2,admixture,5x6,60,2.824928
i128,zmij_x64_v3,admixture,5x6,60,2.633954
i128,zmij_x64_v3_nokernel,admixture,5x6,60,2.647685
i128,zmij_x64_v4,admixture,5x6,60,2.613057
i128,fmt,admixture,5x6,70,10.230448
i128,naive,admixture,5x6,70,19.744052
i128,null,admixture,5x6,70,0.820882
i128,zmij_scalar,admixture,5x6,70,5.267618
i128,zmij_x64_native,admixture,5x6,70,2.596079
i128,zmij_x64_v1,admixture,5x6,70,4.499861
i128,zmij_x64_v2,admixture,5x6,70,2.833650
i128,zmij_x64_v3,admixture,5x6,70,2.640709
i128,zmij_x64_v3_nokernel,admixture,5x6,70,2.683948
i128,zmij_x64_v4,admixture,5x6,70,2.607307
i128,fmt,admixture,5x6,80,9.432224
i128,naive,admixture,5x6,80,18.722865
i128,null,admixture,5x6,80,0.837969
i128,zmij_scalar,admixture,5x6,80,5.226825
i128,zmij_x64_native,admixture,5x6,80,2.596956
i128,zmij_x64_v1,admixture,5x6,80,4.418664
i128,zmij_x64_v2,admixture,5x6,80,2.801775
i128,zmij_x64_v3,admixture,5x6,80,2.620842
i128,zmij_x64_v3_nokernel,admixture,5x6,80,2.700179
i128,zmij_x64_v4,admixture,5x6,80,2.624473
i128,fmt,admixture,5x6,90,8.667850
i128,naive,admixture,5x6,90,17.948777
i128,null,admixture,5x6,90,0.843367
i128,zmij_scalar,admixture,5x6,90,5.213778
i128,zmij_x64_native,admixture,5x6,90,2.572717
i128,zmij_x64_v1,admixture,5x6,90,4.432158
i128,zmij_x64_v2,admixture,5x6,90,2.793723
i128,zmij_x64_v3,admixture,5x6,90,2.623148
i128,zmij_x64_v3_nokernel,admixture,5x6,90,2.664489
i128,zmij_x64_v4,admixture,5x6,90,2.574970
i128,fmt,admixture,5x6,100,7.867915
i128,naive,admixture,5x6,100,17.010458
i128,null,admixture,5x6,100,0.827060
i128,zmij_scalar,admixture,5x6,100,5.264035
i128,zmij_x64_native,admixture,5x6,100,2.590362
i128,zmij_x64_v1,admixture,5x6,100,4.434967
i128,zmij_x64_v2,admixture,5x6,100,2.796233
i128,zmij_x64_v3,admixture,5x6,100,2.626940
i128,zmij_x64_v3_nokernel,admixture,5x6,100,2.686692
i128,zmij_x64_v4,admixture,5x6,100,2.589371
i128,fmt,admixture,straddle64,0,19.174988
i128,naive,admixture,straddle64,0,78.648835
i128,null,admixture,straddle64,0,0.935813
i128,zmij_scalar,admixture,straddle64,0,9.363582
i128,zmij_x64_native,admixture,straddle64,0,4.325695
i128,zmij_x64_v1,admixture,straddle64,0,5.839995
i128,zmij_x64_v2,admixture,straddle64,0,4.811199
i128,zmij_x64_v3,admixture,straddle64,0,4.337042
i128,zmij_x64_v3_nokernel,admixture,straddle64,0,4.311989
i128,zmij_x64_v4,admixture,straddle64,0,4.290715
i128,fmt,admixture,straddle64,10,19.621113
i128,naive,admixture,straddle64,10,78.187344
i128,null,admixture,straddle64,10,0.788111
i128,zmij_scalar,admixture,straddle64,10,9.380209
i128,zmij_x64_native,admixture,straddle64,10,4.415410
i128,zmij_x64_v1,admixture,straddle64,10,5.964347
i128,zmij_x64_v2,admixture,straddle64,10,4.958688
i128,zmij_x64_v3,admixture,straddle64,10,4.416886
i128,zmij_x64_v3_nokernel,admixture,straddle64,10,4.418628
i128,zmij_x64_v4,admixture,straddle64,10,4.379198
i128,fmt,admixture,straddle64,20,19.761668
i128,naive,admixture,straddle64,20,77.613471
i128,null,admixture,straddle64,20,0.939384
i128,zmij_scalar,admixture,straddle64,20,9.363649
i128,zmij_x64_native,admixture,straddle64,20,4.481524
i128,zmij_x64_v1,admixture,straddle64,20,5.960223
i128,zmij_x64_v2,admixture,straddle64,20,5.038236
i128,zmij_x64_v3,admixture,straddle64,20,4.501620
i128,zmij_x64_v3_nokernel,admixture,straddle64,20,4.478072
i128,zmij_x64_v4,admixture,straddle64,20,4.451366
i128,fmt,admixture,straddle64,30,20.302536
i128,naive,admixture,straddle64,30,77.535217
i128,null,admixture,straddle64,30,0.751312
i128,zmij_scalar,admixture,straddle64,30,9.419086
i128,zmij_x64_native,admixture,straddle64,30,4.548302
i128,zmij_x64_v1,admixture,straddle64,30,6.019631
i128,zmij_x64_v2,admixture,straddle64,30,5.111776
i128,zmij_x64_v3,admixture,straddle64,30,4.559599
i128,zmij_x64_v3_nokernel,admixture,straddle64,30,4.531405
i128,zmij_x64_v4,admixture,straddle64,30,4.501702
i128,fmt,admixture,straddle64,40,20.722948
i128,naive,admixture,straddle64,40,77.427111
i128,null,admixture,straddle64,40,0.849698
i128,zmij_scalar,admixture,straddle64,40,9.451655
i128,zmij_x64_native,admixture,straddle64,40,4.648352
i128,zmij_x64_v1,admixture,straddle64,40,6.041584
i128,zmij_x64_v2,admixture,straddle64,40,5.206820
i128,zmij_x64_v3,admixture,straddle64,40,4.602098
i128,zmij_x64_v3_nokernel,admixture,straddle64,40,4.552780
i128,zmij_x64_v4,admixture,straddle64,40,4.571460
i128,fmt,admixture,straddle64,50,20.584293
i128,naive,admixture,straddle64,50,76.808902
i128,null,admixture,straddle64,50,0.853277
i128,zmij_scalar,admixture,straddle64,50,9.432506
i128,zmij_x64_native,admixture,straddle64,50,4.700511
i128,zmij_x64_v1,admixture,straddle64,50,6.208546
i128,zmij_x64_v2,admixture,straddle64,50,5.398709
i128,zmij_x64_v3,admixture,straddle64,50,4.722032
i128,zmij_x64_v3_nokernel,admixture,straddle64,50,4.747704
i128,zmij_x64_v4,admixture,straddle64,50,4.701678
i128,fmt,admixture,straddle64,60,19.954751
i128,naive,admixture,straddle64,60,75.695457
i128,null,admixture,straddle64,60,0.912132
i128,zmij_scalar,admixture,straddle64,60,9.361166
i128,zmij_x64_native,admixture,straddle64,60,4.766074
i128,zmij_x64_v1,admixture,straddle64,60,6.139960
i128,zmij_x64_v2,admixture,straddle64,60,5.404673
i128,zmij_x64_v3,admixture,straddle64,60,4.750280
i128,zmij_x64_v3_nokernel,admixture,straddle64,60,4.827580
i128,zmij_x64_v4,admixture,straddle64,60,4.712847
i128,fmt,admixture,straddle64,70,19.198881
i128,naive,admixture,straddle64,70,74.942796
i128,null,admixture,straddle64,70,0.778484
i128,zmij_scalar,admixture,straddle64,70,9.435460
i128,zmij_x64_native,admixture,straddle64,70,4.886745
i128,zmij_x64_v1,admixture,straddle64,70,6.210270
i128,zmij_x64_v2,admixture,straddle64,70,5.563018
i128,zmij_x64_v3,admixture,straddle64,70,4.870270
i128,zmij_x64_v3_nokernel,admixture,straddle64,70,5.021902
i128,zmij_x64_v4,admixture,straddle64,70,4.827654
i128,fmt,admixture,straddle64,80,18.812167
i128,naive,admixture,straddle64,80,73.903741
i128,null,admixture,straddle64,80,0.795432
i128,zmij_scalar,admixture,straddle64,80,9.364640
i128,zmij_x64_native,admixture,straddle64,80,5.004755
i128,zmij_x64_v1,admixture,straddle64,80,6.291304
i128,zmij_x64_v2,admixture,straddle64,80,5.651015
i128,zmij_x64_v3,admixture,straddle64,80,4.978641
i128,zmij_x64_v3_nokernel,admixture,straddle64,80,5.171471
i128,zmij_x64_v4,admixture,straddle64,80,4.957900
i128,fmt,admixture,straddle64,90,18.004119
i128,naive,admixture,straddle64,90,72.576385
i128,null,admixture,straddle64,90,0.866146
i128,zmij_scalar,admixture,straddle64,90,9.464778
i128,zmij_x64_native,admixture,straddle64,90,5.195982
i128,zmij_x64_v1,admixture,straddle64,90,6.495880
i128,zmij_x64_v2,admixture,straddle64,90,5.845016
i128,zmij_x64_v3,admixture,straddle64,90,5.163192
i128,zmij_x64_v3_nokernel,admixture,straddle64,90,5.475273
i128,zmij_x64_v4,admixture,straddle64,90,5.179683
i128,fmt,admixture,straddle64,100,17.114912
i128,naive,admixture,straddle64,100,71.440109
i128,null,admixture,straddle64,100,0.909180
i128,zmij_scalar,admixture,straddle64,100,9.086868
i128,zmij_x64_native,admixture,straddle64,100,5.138061
i128,zmij_x64_v1,admixture,straddle64,100,6.471272
i128,zmij_x64_v2,admixture,straddle64,100,5.808353
i128,zmij_x64_v3,admixture,straddle64,100,5.131660
i128,zmij_x64_v3_nokernel,admixture,straddle64,100,5.556178
i128,zmij_x64_v4,admixture,straddle64,100,5.154137
i128,fmt,admixture,straddle1e32,0,22.496564
i128,naive,admixture,straddle1e32,0,119.284518
i128,null,admixture,straddle1e32,0,0.865055
i128,zmij_scalar,admixture,straddle1e32,0,12.193879
i128,zmij_x64_native,admixture,straddle1e32,0,4.958990
i128,zmij_x64_v1,admixture,straddle1e32,0,6.283081
i128,zmij_x64_v2,admixture,straddle1e32,0,5.613851
i128,zmij_x64_v3,admixture,straddle1e32,0,5.016727
i128,zmij_x64_v3_nokernel,admixture,straddle1e32,0,4.906807
i128,zmij_x64_v4,admixture,straddle1e32,0,5.124108
i128,fmt,admixture,straddle1e32,10,23.303511
i128,naive,admixture,straddle1e32,10,119.329707
i128,null,admixture,straddle1e32,10,0.831703
i128,zmij_scalar,admixture,straddle1e32,10,12.337907
i128,zmij_x64_native,admixture,straddle1e32,10,5.324450
i128,zmij_x64_v1,admixture,straddle1e32,10,6.723262
i128,zmij_x64_v2,admixture,straddle1e32,10,6.024709
i128,zmij_x64_v3,admixture,straddle1e32,10,5.399665
i128,zmij_x64_v3_nokernel,admixture,straddle1e32,10,5.306040
i128,zmij_x64_v4,admixture,straddle1e32,10,5.498855
i128,fmt,admixture,straddle1e32,20,24.257547
i128,naive,admixture,straddle1e32,20,119.571580
i128,null,admixture,straddle1e32,20,0.756874
i128,zmij_scalar,admixture,straddle1e32,20,12.366334
i128,zmij_x64_native,admixture,straddle1e32,20,5.653100
i128,zmij_x64_v1,admixture,straddle1e32,20,7.144566
i128,zmij_x64_v2,admixture,straddle1e32,20,6.326019
i128,zmij_x64_v3,admixture,straddle1e32,20,5.743681
i128,zmij_x64_v3_nokernel,admixture,straddle1e32,20,5.666224
i128,zmij_x64_v4,admixture,straddle1e32,20,5.910982
i128,fmt,admixture,straddle1e32,30,24.473333
i128,naive,admixture,straddle1e32,30,119.603858
i128,null,admixture,straddle1e32,30,0.868022
i128,zmij_scalar,admixture,straddle1e32,30,12.423479
i128,zmij_x64_native,admixture,straddle1e32,30,5.995347
i128,zmij_x64_v1,admixture,straddle1e32,30,7.678940
i128,zmij_x64_v2,admixture,straddle1e32,30,6.752619
i128,zmij_x64_v3,admixture,straddle1e32,30,6.113952
i128,zmij_x64_v3_nokernel,admixture,straddle1e32,30,5.961568
i128,zmij_x64_v4,admixture,straddle1e32,30,6.168240
i128,fmt,admixture,straddle1e32,40,25.292157
i128,naive,admixture,straddle1e32,40,119.017500
i128,null,admixture,straddle1e32,40,0.803619
i128,zmij_scalar,admixture,straddle1e32,40,12.534040
i128,zmij_x64_native,admixture,straddle1e32,40,6.466148
i128,zmij_x64_v1,admixture,straddle1e32,40,8.184808
i128,zmij_x64_v2,admixture,straddle1e32,40,7.058167
i128,zmij_x64_v3,admixture,straddle1e32,40,6.648033
i128,zmij_x64_v3_nokernel,admixture,straddle1e32,40,6.402655
i128,zmij_x64_v4,admixture,straddle1e32,40,6.670321
i128,fmt,admixture,straddle1e32,50,25.551764
i128,naive,admixture,straddle1e32,50,118.104970
i128,null,admixture,straddle1e32,50,0.920187
i128,zmij_scalar,admixture,straddle1e32,50,12.385533
i128,zmij_x64_native,admixture,straddle1e32,50,6.642271
i128,zmij_x64_v1,admixture,straddle1e32,50,8.330811
i128,zmij_x64_v2,admixture,straddle1e32,50,7.202220
i128,zmij_x64_v3,admixture,straddle1e32,50,6.972696
i128,zmij_x64_v3_nokernel,admixture,straddle1e32,50,6.660262
i128,zmij_x64_v4,admixture,straddle1e32,50,6.791005
i128,fmt,admixture,straddle1e32,60,24.739091
i128,naive,admixture,straddle1e32,60,116.934165
i128,null,admixture,straddle1e32,60,0.807805
i128,zmij_scalar,admixture,straddle1e32,60,11.858138
i128,zmij_x64_native,admixture,straddle1e32,60,6.348562
i128,zmij_x64_v1,admixture,straddle1e32,60,7.869255
i128,zmij_x64_v2,admixture,straddle1e32,60,6.795964
i128,zmij_x64_v3,admixture,straddle1e32,60,6.674740
i128,zmij_x64_v3_nokernel,admixture,straddle1e32,60,6.177002
i128,zmij_x64_v4,admixture,straddle1e32,60,6.398610
i128,fmt,admixture,straddle1e32,70,23.855040
i128,naive,admixture,straddle1e32,70,115.799997
i128,null,admixture,straddle1e32,70,0.843719
i128,zmij_scalar,admixture,straddle1e32,70,11.218905
i128,zmij_x64_native,admixture,straddle1e32,70,5.789892
i128,zmij_x64_v1,admixture,straddle1e32,70,7.248978
i128,zmij_x64_v2,admixture,straddle1e32,70,6.317563
i128,zmij_x64_v3,admixture,straddle1e32,70,6.082184
i128,zmij_x64_v3_nokernel,admixture,straddle1e32,70,5.615538
i128,zmij_x64_v4,admixture,straddle1e32,70,5.801956
i128,fmt,admixture,straddle1e32,80,23.051951
i128,naive,admixture,straddle1e32,80,114.923939
i128,null,admixture,straddle1e32,80,0.762888
i128,zmij_scalar,admixture,straddle1e32,80,10.525297
i128,zmij_x64_native,admixture,straddle1e32,80,5.208269
i128,zmij_x64_v1,admixture,straddle1e32,80,6.723489
i128,zmij_x64_v2,admixture,straddle1e32,80,5.787844
i128,zmij_x64_v3,admixture,straddle1e32,80,5.412786
i128,zmij_x64_v3_nokernel,admixture,straddle1e32,80,5.156666
i128,zmij_x64_v4,admixture,straddle1e32,80,5.244112
i128,fmt,admixture,straddle1e32,90,22.364249
i128,naive,admixture,straddle1e32,90,113.086291
i128,null,admixture,straddle1e32,90,0.862822
i128,zmij_scalar,admixture,straddle1e32,90,9.882304
i128,zmij_x64_native,admixture,straddle1e32,90,4.748151
i128,zmij_x64_v1,admixture,straddle1e32,90,6.290970
i128,zmij_x64_v2,admixture,straddle1e32,90,5.313424
i128,zmij_x64_v3,admixture,straddle1e32,90,4.867523
i128,zmij_x64_v3_nokernel,admixture,straddle1e32,90,4.731280
i128,zmij_x64_v4,admixture,straddle1e32,90,4.766816
i128,fmt,admixture,straddle1e32,100,21.562367
i128,naive,admixture,straddle1e32,100,112.144218
i128,null,admixture,straddle1e32,100,0.829366
i128,zmij_scalar,admixture,straddle1e32,100,9.297839
i128,zmij_x64_native,admixture,straddle1e32,100,4.314817
i128,zmij_x64_v1,admixture,straddle1e32,100,5.847707
i128,zmij_x64_v2,admixture,straddle1e32,100,4.803202
i128,zmij_x64_v3,admixture,straddle1e32,100,4.329801
i128,zmij_x64_v3_nokernel,admixture,straddle1e32,100,4.312614
i128,zmij_x64_v4,admixture,straddle1e32,100,4.285682
