Type,Function,Mode,Series,X,Time_ns
u32,amartin,bylength,,1,0.741530
u32,branchlut,bylength,,1,1.069452
u32,branchlut2,bylength,,1,0.800227
u32,countlut,bylength,,1,1.058801
u32,fmt,bylength,,1,0.932301
u32,jeaiii,bylength,,1,0.744315
u32,naive,bylength,,1,1.797837
u32,null,bylength,,1,0.756547
u32,sse2,bylength,,1,1.153539
u32,tmueller,bylength,,1,0.744014
u32,unrolledlut,bylength,,1,1.225591
u32,yy,bylength,,1,1.083994
u32,zmij_scalar,bylength,,1,2.144666
u32,zmij_x64_native,bylength,,1,1.188789
u32,zmij_x64_v1,bylength,,1,1.792130
u32,zmij_x64_v2,bylength,,1,1.279172
u32,zmij_x64_v3,bylength,,1,1.201614
u32,zmij_x64_v4,bylength,,1,1.223829
u32,amartin,bylength,,2,0.768288
u32,branchlut,bylength,,2,1.105791
u32,branchlut2,bylength,,2,1.023472
u32,countlut,bylength,,2,1.069736
u32,fmt,bylength,,2,0.929178
u32,jeaiii,bylength,,2,0.753927
u32,naive,bylength,,2,2.180439
u32,null,bylength,,2,0.754304
u32,sse2,bylength,,2,1.175398
u32,tmueller,bylength,,2,1.339797
u32,unrolledlut,bylength,,2,1.113342
u32,yy,bylength,,2,1.088213
u32,zmij_scalar,bylength,,2,2.155711
u32,zmij_x64_native,bylength,,2,1.190086
u32,zmij_x64_v1,bylength,,2,1.789140
u32,zmij_x64_v2,bylength,,2,1.277899
u32,zmij_x64_v3,bylength,,2,1.221767
u32,zmij_x64_v4,bylength,,2,1.208061
u32,amartin,bylength,,3,0.931230
u32,branchlut,bylength,,3,1.198826
u32,branchlut2,bylength,,3,1.159984
u32,countlut,bylength,,3,1.263741
u32,fmt,bylength,,3,1.300255
u32,jeaiii,bylength,,3,1.028591
u32,naive,bylength,,3,2.662310
u32,null,bylength,,3,0.872686
u32,sse2,bylength,,3,1.280013
u32,tmueller,bylength,,3,1.333482
u32,unrolledlut,bylength,,3,1.494797
u32,yy,bylength,,3,1.192200
u32,zmij_scalar,bylength,,3,2.147100
u32,zmij_x64_native,bylength,,3,1.201499
u32,zmij_x64_v1,bylength,,3,1.781868
u32,zmij_x64_v2,bylength,,3,1.295196
u32,zmij_x64_v3,bylength,,3,1.249452
u32,zmij_x64_v4,bylength,,3,1.217446
u32,amartin,bylength,,4,0.933323
u32,branchlut,bylength,,4,1.320432
u32,branchlut2,bylength,,4,1.296201
u32,countlut,bylength,,4,1.366116
u32,fmt,bylength,,4,1.269173
u32,jeaiii,bylength,,4,1.289881
u32,naive,bylength,,4,3.480882
u32,null,bylength,,4,0.803318
u32,sse2,bylength,,4,1.306630
u32,tmueller,bylength,,4,0.994378
u32,unrolledlut,bylength,,4,1.448574
u32,yy,bylength,,4,1.190609
u32,zmij_scalar,bylength,,4,2.178292
u32,zmij_x64_native,bylength,,4,1.208737
u32,zmij_x64_v1,bylength,,4,1.814706
u32,zmij_x64_v2,bylength,,4,1.301698
u32,zmij_x64_v3,bylength,,4,1.217733
u32,zmij_x64_v4,bylength,,4,1.233281
u32,amartin,bylength,,5,1.316646
u32,branchlut,bylength,,5,1.834293
u32,branchlut2,bylength,,5,1.268798
u32,countlut,bylength,,5,1.678400
u32,fmt,bylength,,5,1.789634
u32,jeaiii,bylength,,5,1.306447
u32,naive,bylength,,5,4.200498
u32,null,bylength,,5,0.776073
u32,sse2,bylength,,5,1.783994
u32,tmueller,bylength,,5,0.978127
u32,unrolledlut,bylength,,5,1.635446
u32,yy,bylength,,5,1.452052
u32,zmij_scalar,bylength,,5,2.143983
u32,zmij_x64_native,bylength,,5,1.204858
u32,zmij_x64_v1,bylength,,5,1.789226
u32,zmij_x64_v2,bylength,,5,1.286064
u32,zmij_x64_v3,bylength,,5,1.216402
u32,zmij_x64_v4,bylength,,5,1.207423
u32,amartin,bylength,,6,1.335854
u32,branchlut,bylength,,6,2.003902
u32,branchlut2,bylength,,6,1.274586
u32,countlut,bylength,,6,1.808349
u32,fmt,bylength,,6,1.800937
u32,jeaiii,bylength,,6,1.216940
u32,naive,bylength,,6,5.057218
u32,null,bylength,,6,0.766532
u32,sse2,bylength,,6,1.949008
u32,tmueller,bylength,,6,1.385534
u32,unrolledlut,bylength,,6,1.488556
u32,yy,bylength,,6,1.471828
u32,zmij_scalar,bylength,,6,2.182534
u32,zmij_x64_native,bylength,,6,1.201203
u32,zmij_x64_v1,bylength,,6,1.816578
u32,zmij_x64_v2,bylength,,6,1.286472
u32,zmij_x64_v3,bylength,,6,1.233066
u32,zmij_x64_v4,bylength,,6,1.235005
u32,amartin,bylength,,7,1.832812
u32,branchlut,bylength,,7,2.068958
u32,branchlut2,bylength,,7,1.794399
u32,countlut,bylength,,7,2.138386
u32,fmt,bylength,,7,2.330824
u32,jeaiii,bylength,,7,1.308735
u32,naive,bylength,,7,5.807562
u32,null,bylength,,7,0.746713
u32,sse2,bylength,,7,2.024713
u32,tmueller,bylength,,7,1.387120
u32,unrolledlut,bylength,,7,1.433745
u32,yy,bylength,,7,1.654099
u32,zmij_scalar,bylength,,7,2.173559
u32,zmij_x64_native,bylength,,7,1.199184
u32,zmij_x64_v1,bylength,,7,1.803644
u32,zmij_x64_v2,bylength,,7,1.288677
u32,zmij_x64_v3,bylength,,7,1.226165
u32,zmij_x64_v4,bylength,,7,1.239795
u32,amartin,bylength,,8,1.806059
u32,branchlut,bylength,,8,2.128422
u32,branchlut2,bylength,,8,1.816684
u32,countlut,bylength,,8,2.191561
u32,fmt,bylength,,8,2.245294
u32,jeaiii,bylength,,8,1.516998
u32,naive,bylength,,8,5.800415
u32,null,bylength,,8,0.746166
u32,sse2,bylength,,8,2.110725
u32,tmueller,bylength,,8,1.863550
u32,unrolledlut,bylength,,8,1.403103
u32,yy,bylength,,8,1.640278
u32,zmij_scalar,bylength,,8,2.157997
u32,zmij_x64_native,bylength,,8,1.205173
u32,zmij_x64_v1,bylength,,8,1.793000
u32,zmij_x64_v2,bylength,,8,1.278785
u32,zmij_x64_v3,bylength,,8,1.205720
u32,zmij_x64_v4,bylength,,8,1.228699
u32,amartin,bylength,,9,2.132099
u32,branchlut,bylength,,9,1.916543
u32,branchlut2,bylength,,9,1.916696
u32,countlut,bylength,,9,2.560198
u32,fmt,bylength,,9,2.774266
u32,jeaiii,bylength,,9,1.539222
u32,naive,bylength,,9,6.606291
u32,null,bylength,,9,0.744690
u32,sse2,bylength,,9,1.433310
u32,tmueller,bylength,,9,1.846150
u32,unrolledlut,bylength,,9,1.851217
u32,yy,bylength,,9,1.985908
u32,zmij_scalar,bylength,,9,2.184650
u32,zmij_x64_native,bylength,,9,1.190554
u32,zmij_x64_v1,bylength,,9,1.803842
u32,zmij_x64_v2,bylength,,9,1.293418
u32,zmij_x64_v3,bylength,,9,1.231561
u32,zmij_x64_v4,bylength,,9,1.226217
u32,amartin,bylength,,10,2.138572
u32,branchlut,bylength,,10,2.019287
u32,branchlut2,bylength,,10,1.939369
u32,countlut,bylength,,10,2.745434
u32,fmt,bylength,,10,2.780725
u32,jeaiii,bylength,,10,1.591848
u32,naive,bylength,,10,7.556631
u32,null,bylength,,10,0.863420
u32,sse2,bylength,,10,1.508177
u32,tmueller,bylength,,10,1.868117
u32,unrolledlut,bylength,,10,1.830138
u32,yy,bylength,,10,1.948305
u32,zmij_scalar,bylength,,10,2.170636
u32,zmij_x64_native,bylength,,10,1.202034
u32,zmij_x64_v1,bylength,,10,1.794894
u32,zmij_x64_v2,bylength,,10,1.299791
u32,zmij_x64_v3,bylength,,10,1.219177
u32,zmij_x64_v4,bylength,,10,1.203663
u32,amartin,loguniform,1-10,10,5.992556
u32,branchlut,loguniform,1-10,10,8.389010
u32,branchlut2,loguniform,1-10,10,8.775407
u32,countlut,loguniform,1-10,10,8.562132
u32,fmt,loguniform,1-10,10,9.333013
u32,jeaiii,loguniform,1-10,10,8.512827
u32,naive,loguniform,1-10,10,10.211229
u32,null,loguniform,1-10,10,0.768188
u32,sse2,loguniform,1-10,10,8.351547
u32,tmueller,loguniform,1-10,10,6.619482
u32,unrolledlut,loguniform,1-10,10,7.908836
u32,yy,loguniform,1-10,10,6.019034
u32,zmij_scalar,loguniform,1-10,10,2.170864
u32,zmij_x64_native,loguniform,1-10,10,1.217141
u32,zmij_x64_v1,loguniform,1-10,10,1.802260
u32,zmij_x64_v2,loguniform,1-10,10,1.308835
u32,zmij_x64_v3,loguniform,1-10,10,1.233637
u32,zmij_x64_v4,loguniform,1-10,10,1.252022
u32,amartin,loguniform,1-4,4,3.606139
u32,branchlut,loguniform,1-4,4,5.488716
u32,branchlut2,loguniform,1-4,4,6.159240
u32,countlut,loguniform,1-4,4,6.295500
u32,fmt,loguniform,1-4,4,6.351403
u32,jeaiii,loguniform,1-4,4,6.145010
u32,naive,loguniform,1-4,4,6.664460
u32,null,loguniform,1-4,4,0.835147
u32,sse2,loguniform,1-4,4,5.468262
u32,tmueller,loguniform,1-4,4,4.085643
u32,unrolledlut,loguniform,1-4,4,6.312360
u32,yy,loguniform,1-4,4,3.672676
u32,zmij_scalar,loguniform,1-4,4,2.145704
u32,zmij_x64_native,loguniform,1-4,4,1.206856
u32,zmij_x64_v1,loguniform,1-4,4,1.803972
u32,zmij_x64_v2,loguniform,1-4,4,1.289460
u32,zmij_x64_v3,loguniform,1-4,4,1.229229
u32,zmij_x64_v4,loguniform,1-4,4,1.240578
u32,amartin,unpredictable,,1,2.838995
u32,branchlut,unpredictable,,1,2.461124
u32,branchlut2,unpredictable,,1,1.351428
u32,countlut,unpredictable,,1,3.995765
u32,fmt,unpredictable,,1,4.002948
u32,jeaiii,unpredictable,,1,3.742573
u32,naive,unpredictable,,1,5.053076
u32,null,unpredictable,,1,0.815233
u32,sse2,unpredictable,,1,2.530030
u32,tmueller,unpredictable,,1,1.810299
u32,unrolledlut,unpredictable,,1,2.423781
u32,yy,unpredictable,,1,3.776639
u32,zmij_scalar,unpredictable,,1,2.153722
u32,zmij_x64_native,unpredictable,,1,1.160461
u32,zmij_x64_v1,unpredictable,,1,1.783500
u32,zmij_x64_v2,unpredictable,,1,1.282860
u32,zmij_x64_v3,unpredictable,,1,1.182444
u32,zmij_x64_v4,unpredictable,,1,1.257839
u32,amartin,unpredictable,,2,2.820493
u32,branchlut,unpredictable,,2,2.281092
u32,branchlut2,unpredictable,,2,1.631377
u32,countlut,unpredictable,,2,4.173962
u32,fmt,unpredictable,,2,4.042954
u32,jeaiii,unpredictable,,2,3.845092
u32,naive,unpredictable,,2,5.036890
u32,null,unpredictable,,2,0.882274
u32,sse2,unpredictable,,2,2.523433
u32,tmueller,unpredictable,,2,1.694519
u32,unrolledlut,unpredictable,,2,2.308608
u32,yy,unpredictable,,2,3.803210
u32,zmij_scalar,unpredictable,,2,2.187536
u32,zmij_x64_native,unpredictable,,2,1.196105
u32,zmij_x64_v1,unpredictable,,2,1.770892
u32,zmij_x64_v2,unpredictable,,2,1.302691
u32,zmij_x64_v3,unpredictable,,2,1.197025
u32,zmij_x64_v4,unpredictable,,2,1.239613
u32,amartin,unpredictable,,3,2.068374
u32,branchlut,unpredictable,,3,2.912128
u32,branchlut2,unpredictable,,3,1.684569
u32,countlut,unpredictable,,3,3.074890
u32,fmt,unpredictable,,3,3.446884
u32,jeaiii,unpredictable,,3,1.546781
u32,naive,unpredictable,,3,5.235228
u32,null,unpredictable,,3,0.937089
u32,sse2,unpredictable,,3,2.790317
u32,tmueller,unpredictable,,3,1.751317
u32,unrolledlut,unpredictable,,3,1.690213
u32,yy,unpredictable,,3,2.882555
u32,zmij_scalar,unpredictable,,3,2.141931
u32,zmij_x64_native,unpredictable,,3,1.175839
u32,zmij_x64_v1,unpredictable,,3,1.788411
u32,zmij_x64_v2,unpredictable,,3,1.310010
u32,zmij_x64_v3,unpredictable,,3,1.232622
u32,zmij_x64_v4,unpredictable,,3,1.246822
u32,amartin,unpredictable,,4,2.020638
u32,branchlut,unpredictable,,4,3.202813
u32,branchlut2,unpredictable,,4,1.969890
u32,countlut,unpredictable,,4,3.154400
u32,fmt,unpredictable,,4,3.362797
u32,jeaiii,unpredictable,,4,1.915543
u32,naive,unpredictable,,4,5.789166
u32,null,unpredictable,,4,0.767788
u32,sse2,unpredictable,,4,3.260341
u32,tmueller,unpredictable,,4,1.837573
u32,unrolledlut,unpredictable,,4,1.826193
u32,yy,unpredictable,,4,2.979655
u32,zmij_scalar,unpredictable,,4,2.167433
u32,zmij_x64_native,unpredictable,,4,1.256664
u32,zmij_x64_v1,unpredictable,,4,1.812881
u32,zmij_x64_v2,unpredictable,,4,1.328107
u32,zmij_x64_v3,unpredictable,,4,1.192032
u32,zmij_x64_v4,unpredictable,,4,1.240583
u32,amartin,unpredictable,,5,1.850200
u32,branchlut,unpredictable,,5,1.874126
u32,branchlut2,unpredictable,,5,1.756278
u32,countlut,unpredictable,,5,2.621630
u32,fmt,unpredictable,,5,2.889658
u32,jeaiii,unpredictable,,5,1.791574
u32,naive,unpredictable,,5,5.893704
u32,null,unpredictable,,5,1.261852
u32,sse2,unpredictable,,5,2.004015
u32,tmueller,unpredictable,,5,1.810394
u32,unrolledlut,unpredictable,,5,1.978710
u32,yy,unpredictable,,5,2.658786
u32,zmij_scalar,unpredictable,,5,2.161260
u32,zmij_x64_native,unpredictable,,5,1.229151
u32,zmij_x64_v1,unpredictable,,5,1.790317
u32,zmij_x64_v2,unpredictable,,5,1.315719
u32,zmij_x64_v3,unpredictable,,5,1.231226
u32,zmij_x64_v4,unpredictable,,5,1.294716
u32,amartin,unpredictable,,6,1.867890
u32,branchlut,unpredictable,,6,2.085941
u32,branchlut2,unpredictable,,6,1.883413
u32,countlut,unpredictable,,6,2.753896
u32,fmt,unpredictable,,6,2.859604
u32,jeaiii,unpredictable,,6,1.671317
u32,naive,unpredictable,,6,6.286592
u32,null,unpredictable,,6,0.753662
u32,sse2,unpredictable,,6,2.023192
u32,tmueller,unpredictable,,6,1.964236
u32,unrolledlut,unpredictable,,6,1.826254
u32,yy,unpredictable,,6,2.643054
u32,zmij_scalar,unpredictable,,6,2.162421
u32,zmij_x64_native,unpredictable,,6,1.228042
u32,zmij_x64_v1,unpredictable,,6,1.793571
u32,zmij_x64_v2,unpredictable,,6,1.299930
u32,zmij_x64_v3,unpredictable,,6,1.218590
u32,zmij_x64_v4,unpredictable,,6,1.262923
u32,amartin,unpredictable,,7,1.974197
u32,branchlut,unpredictable,,7,2.314028
u32,branchlut2,unpredictable,,7,2.133233
u32,countlut,unpredictable,,7,2.238732
u32,fmt,unpredictable,,7,2.448143
u32,jeaiii,unpredictable,,7,1.788172
u32,naive,unpredictable,,7,6.748896
u32,null,unpredictable,,7,0.786736
u32,sse2,unpredictable,,7,2.429801
u32,tmueller,unpredictable,,7,1.956075
u32,unrolledlut,unpredictable,,7,3.304827
u32,yy,unpredictable,,7,1.967594
u32,zmij_scalar,unpredictable,,7,2.155881
u32,zmij_x64_native,unpredictable,,7,1.188051
u32,zmij_x64_v1,unpredictable,,7,1.787112
u32,zmij_x64_v2,unpredictable,,7,1.303504
u32,zmij_x64_v3,unpredictable,,7,1.177347
u32,zmij_x64_v4,unpredictable,,7,1.214288
u32,amartin,unpredictable,,8,2.016042
u32,branchlut,unpredictable,,8,2.930268
u32,branchlut2,unpredictable,,8,2.093112
u32,countlut,unpredictable,,8,2.335350
u32,fmt,unpredictable,,8,2.419134
u32,jeaiii,unpredictable,,8,1.959890
u32,naive,unpredictable,,8,6.366714
u32,null,unpredictable,,8,1.105506
u32,sse2,unpredictable,,8,2.992715
u32,tmueller,unpredictable,,8,2.136135
u32,unrolledlut,unpredictable,,8,3.389912
u32,yy,unpredictable,,8,1.993038
u32,zmij_scalar,unpredictable,,8,2.150778
u32,zmij_x64_native,unpredictable,,8,1.209430
u32,zmij_x64_v1,unpredictable,,8,1.808065
u32,zmij_x64_v2,unpredictable,,8,1.309733
u32,zmij_x64_v3,unpredictable,,8,1.281565
u32,zmij_x64_v4,unpredictable,,8,1.247171
u32,amartin,unpredictable,,9,4.755780
u32,branchlut,unpredictable,,9,2.826756
u32,branchlut2,unpredictable,,9,4.672931
u32,countlut,unpredictable,,9,2.663098
u32,fmt,unpredictable,,9,2.978703
u32,jeaiii,unpredictable,,9,1.951496
u32,naive,unpredictable,,9,6.737124
u32,null,unpredictable,,9,0.772571
u32,sse2,unpredictable,,9,2.698146
u32,tmueller,unpredictable,,9,2.230661
u32,unrolledlut,unpredictable,,9,5.001392
u32,yy,unpredictable,,9,2.145412
u32,zmij_scalar,unpredictable,,9,2.152412
u32,zmij_x64_native,unpredictable,,9,1.206124
u32,zmij_x64_v1,unpredictable,,9,1.808457
u32,zmij_x64_v2,unpredictable,,9,1.290351
u32,zmij_x64_v3,unpredictable,,9,1.235750
u32,zmij_x64_v4,unpredictable,,9,1.227450
u32,amartin,unpredictable,,10,4.791609
u32,branchlut,unpredictable,,10,2.978198
u32,branchlut2,unpredictable,,10,4.782762
u32,countlut,unpredictable,,10,2.779870
u32,fmt,unpredictable,,10,2.973057
u32,jeaiii,unpredictable,,10,2.129134
u32,naive,unpredictable,,10,7.805710
u32,null,unpredictable,,10,0.981338
u32,sse2,unpredictable,,10,2.896703
u32,tmueller,unpredictable,,10,2.162257
u32,unrolledlut,unpredictable,,10,4.821986
u32,yy,unpredictable,,10,2.175071
u32,zmij_scalar,unpredictable,,10,2.153649
u32,zmij_x64_native,unpredictable,,10,1.252932
u32,zmij_x64_v1,unpredictable,,10,1.791956
u32,zmij_x64_v2,unpredictable,,10,1.318748
u32,zmij_x64_v3,unpredictable,,10,1.214448
u32,zmij_x64_v4,unpredictable,,10,1.252708
u32,amartin,admixture,5x6,0,1.327956
u32,branchlut,admixture,5x6,0,1.991639
u32,branchlut2,admixture,5x6,0,1.263280
u32,countlut,admixture,5x6,0,1.791409
u32,fmt,admixture,5x6,0,1.775552
u32,jeaiii,admixture,5x6,0,1.190891
u32,naive,admixture,5x6,0,4.974492
u32,null,admixture,5x6,0,0.744494
u32,sse2,admixture,5x6,0,1.947426
u32,tmueller,admixture,5x6,0,1.372546
u32,unrolledlut,admixture,5x6,0,1.507988
u32,yy,admixture,5x6,0,1.460479
u32,zmij_scalar,admixture,5x6,0,2.162471
u32,zmij_x64_native,admixture,5x6,0,1.208094
u32,zmij_x64_v1,admixture,5x6,0,1.791138
u32,zmij_x64_v2,admixture,5x6,0,1.277670
u32,zmij_x64_v3,admixture,5x6,0,1.221416
u32,zmij_x64_v4,admixture,5x6,0,1.211665
u32,amartin,admixture,5x6,10,1.309778
u32,branchlut,admixture,5x6,10,2.505120
u32,branchlut2,admixture,5x6,10,1.888062
u32,countlut,admixture,5x6,10,2.399367
u32,fmt,admixture,5x6,10,2.463991
u32,jeaiii,admixture,5x6,10,1.814964
u32,naive,admixture,5x6,10,5.539376
u32,null,admixture,5x6,10,0.740605
u32,sse2,admixture,5x6,10,2.448044
u32,tmueller,admixture,5x6,10,1.904193
u32,unrolledlut,admixture,5x6,10,2.164465
u32,yy,admixture,5x6,10,1.454328
u32,zmij_scalar,admixture,5x6,10,2.155909
u32,zmij_x64_native,admixture,5x6,10,1.195606
u32,zmij_x64_v1,admixture,5x6,10,1.786037
u32,zmij_x64_v2,admixture,5x6,10,1.284365
u32,zmij_x64_v3,admixture,5x6,10,1.227990
u32,zmij_x64_v4,admixture,5x6,10,1.222496
u32,amartin,admixture,5x6,20,1.316945
u32,branchlut,admixture,5x6,20,3.102224
u32,branchlut2,admixture,5x6,20,2.450354
u32,countlut,admixture,5x6,20,2.992203
u32,fmt,admixture,5x6,20,3.112421
u32,jeaiii,admixture,5x6,20,2.302895
u32,naive,admixture,5x6,20,6.151541
u32,null,admixture,5x6,20,0.751132
u32,sse2,admixture,5x6,20,2.946202
u32,tmueller,admixture,5x6,20,2.360701
u32,unrolledlut,admixture,5x6,20,2.747185
u32,yy,admixture,5x6,20,1.462916
u32,zmij_scalar,admixture,5x6,20,2.170640
u32,zmij_x64_native,admixture,5x6,20,1.218934
u32,zmij_x64_v1,admixture,5x6,20,1.803448
u32,zmij_x64_v2,admixture,5x6,20,1.298764
u32,zmij_x64_v3,admixture,5x6,20,1.217114
u32,zmij_x64_v4,admixture,5x6,20,1.221409
u32,amartin,admixture,5x6,30,1.326019
u32,branchlut,admixture,5x6,30,3.597517
u32,branchlut2,admixture,5x6,30,3.051983
u32,countlut,admixture,5x6,30,3.552724
u32,fmt,admixture,5x6,30,3.786695
u32,jeaiii,admixture,5x6,30,2.864317
u32,naive,admixture,5x6,30,6.699505
u32,null,admixture,5x6,30,0.762001
u32,sse2,admixture,5x6,30,3.492947
u32,tmueller,admixture,5x6,30,2.853943
u32,unrolledlut,admixture,5x6,30,3.311275
u32,yy,admixture,5x6,30,1.448839
u32,zmij_scalar,admixture,5x6,30,2.161468
u32,zmij_x64_native,admixture,5x6,30,1.190776
u32,zmij_x64_v1,admixture,5x6,30,1.794951
u32,zmij_x64_v2,admixture,5x6,30,1.294290
u32,zmij_x64_v3,admixture,5x6,30,1.230357
u32,zmij_x64_v4,admixture,5x6,30,1.215630
u32,amartin,admixture,5x6,40,1.327742
u32,branchlut,admixture,5x6,40,4.179286
u32,branchlut2,admixture,5x6,40,3.568903
u32,countlut,admixture,5x6,40,4.269502
u32,fmt,admixture,5x6,40,4.522864
u32,jeaiii,admixture,5x6,40,3.419466
u32,naive,admixture,5x6,40,7.363452
u32,null,admixture,5x6,40,0.948066
u32,sse2,admixture,5x6,40,4.043664
u32,tmueller,admixture,5x6,40,3.391786
u32,unrolledlut,admixture,5x6,40,3.936499
u32,yy,admixture,5x6,40,1.452651
u32,zmij_scalar,admixture,5x6,40,2.166520
u32,zmij_x64_native,admixture,5x6,40,1.192159
u32,zmij_x64_v1,admixture,5x6,40,1.804649
u32,zmij_x64_v2,admixture,5x6,40,1.292152
u32,zmij_x64_v3,admixture,5x6,40,1.210640
u32,zmij_x64_v4,admixture,5x6,40,1.234848
u32,amartin,admixture,5x6,50,1.320657
u32,branchlut,admixture,5x6,50,4.389768
u32,branchlut2,admixture,5x6,50,3.824618
u32,countlut,admixture,5x6,50,4.726334
u32,fmt,admixture,5x6,50,5.006845
u32,jeaiii,admixture,5x6,50,3.713001
u32,naive,admixture,5x6,50,7.693106
u32,null,admixture,5x6,50,0.776156
u32,sse2,admixture,5x6,50,4.252010
u32,tmueller,admixture,5x6,50,3.700382
u32,unrolledlut,admixture,5x6,50,4.290898
u32,yy,admixture,5x6,50,1.431354
u32,zmij_scalar,admixture,5x6,50,2.136881
u32,zmij_x64_native,admixture,5x6,50,1.204031
u32,zmij_x64_v1,admixture,5x6,50,1.781020
u32,zmij_x64_v2,admixture,5x6,50,1.281497
u32,zmij_x64_v3,admixture,5x6,50,1.217885
u32,zmij_x64_v4,admixture,5x6,50,1.228458
u32,amartin,admixture,5x6,60,1.337932
u32,branchlut,admixture,5x6,60,4.080973
u32,branchlut2,admixture,5x6,60,3.429255
u32,countlut,admixture,5x6,60,4.274041
u32,fmt,admixture,5x6,60,4.471629
u32,jeaiii,admixture,5x6,60,3.394077
u32,naive,admixture,5x6,60,7.185206
u32,null,admixture,5x6,60,0.891991
u32,sse2,admixture,5x6,60,4.054802
u32,tmueller,admixture,5x6,60,3.363437
u32,unrolledlut,admixture,5x6,60,4.064381
u32,yy,admixture,5x6,60,1.466599
u32,zmij_scalar,admixture,5x6,60,2.182751
u32,zmij_x64_native,admixture,5x6,60,1.206905
u32,zmij_x64_v1,admixture,5x6,60,1.811240
u32,zmij_x64_v2,admixture,5x6,60,1.290901
u32,zmij_x64_v3,admixture,5x6,60,1.230971
u32,zmij_x64_v4,admixture,5x6,60,1.230973
u32,amartin,admixture,5x6,70,1.316135
u32,branchlut,admixture,5x6,70,3.495095
u32,branchlut2,admixture,5x6,70,2.881095
u32,countlut,admixture,5x6,70,3.470458
u32,fmt,admixture,5x6,70,3.756430
u32,jeaiii,admixture,5x6,70,2.900107
u32,naive,admixture,5x6,70,6.284641
u32,null,admixture,5x6,70,0.739258
u32,sse2,admixture,5x6,70,3.419662
u32,tmueller,admixture,5x6,70,2.707982
u32,unrolledlut,admixture,5x6,70,3.454979
u32,yy,admixture,5x6,70,1.445870
u32,zmij_scalar,admixture,5x6,70,2.180596
u32,zmij_x64_native,admixture,5x6,70,1.212435
u32,zmij_x64_v1,admixture,5x6,70,1.800354
u32,zmij_x64_v2,admixture,5x6,70,1.318980
u32,zmij_x64_v3,admixture,5x6,70,1.201991
u32,zmij_x64_v4,admixture,5x6,70,1.224431
u32,amartin,admixture,5x6,80,1.331124
u32,branchlut,admixture,5x6,80,2.944367
u32,branchlut2,admixture,5x6,80,2.369112
u32,countlut,admixture,5x6,80,2.861800
u32,fmt,admixture,5x6,80,3.090020
u32,jeaiii,admixture,5x6,80,2.352934
u32,naive,admixture,5x6,80,5.579446
u32,null,admixture,5x6,80,0.791525
u32,sse2,admixture,5x6,80,2.859662
u32,tmueller,admixture,5x6,80,2.120991
u32,unrolledlut,admixture,5x6,80,2.854985
u32,yy,admixture,5x6,80,1.454347
u32,zmij_scalar,admixture,5x6,80,2.162868
u32,zmij_x64_native,admixture,5x6,80,1.197503
u32,zmij_x64_v1,admixture,5x6,80,1.792192
u32,zmij_x64_v2,admixture,5x6,80,1.296911
u32,zmij_x64_v3,admixture,5x6,80,1.206057
u32,zmij_x64_v4,admixture,5x6,80,1.248277
u32,amartin,admixture,5x6,90,1.317611
u32,branchlut,admixture,5x6,90,2.389387
u32,branchlut2,admixture,5x6,90,1.839135
u32,countlut,admixture,5x6,90,2.275122
u32,fmt,admixture,5x6,90,2.504924
u32,jeaiii,admixture,5x6,90,1.846581
u32,naive,admixture,5x6,90,4.873451
u32,null,admixture,5x6,90,0.787526
u32,sse2,admixture,5x6,90,2.336220
u32,tmueller,admixture,5x6,90,1.614218
u32,unrolledlut,admixture,5x6,90,2.242624
u32,yy,admixture,5x6,90,1.455745
u32,zmij_scalar,admixture,5x6,90,2.153091
u32,zmij_x64_native,admixture,5x6,90,1.190640
u32,zmij_x64_v1,admixture,5x6,90,1.800359
u32,zmij_x64_v2,admixture,5x6,90,1.286298
u32,zmij_x64_v3,admixture,5x6,90,1.218709
u32,zmij_x64_v4,admixture,5x6,90,1.236365
u32,amartin,admixture,5x6,100,1.324448
u32,branchlut,admixture,5x6,100,1.846440
u32,branchlut2,admixture,5x6,100,1.278291
u32,countlut,admixture,5x6,100,1.685671
u32,fmt,admixture,5x6,100,1.794302
u32,jeaiii,admixture,5x6,100,1.288378
u32,naive,admixture,5x6,100,4.203699
u32,null,admixture,5x6,100,0.725824
u32,sse2,admixture,5x6,100,1.804432
u32,tmueller,admixture,5x6,100,0.983158
u32,unrolledlut,admixture,5x6,100,1.644291
u32,yy,admixture,5x6,100,1.461561
u32,zmij_scalar,admixture,5x6,100,2.155314
u32,zmij_x64_native,admixture,5x6,100,1.204710
u32,zmij_x64_v1,admixture,5x6,100,1.790396
u32,zmij_x64_v2,admixture,5x6,100,1.277789
u32,zmij_x64_v3,admixture,5x6,100,1.212471
u32,zmij_x64_v4,admixture,5x6,100,1.251206
i32,amartin,bylength,,1,0.814380
i32,branchlut,bylength,,1,3.660278
i32,branchlut2,bylength,,1,3.631442
i32,countlut,bylength,,1,3.300589
i32,fmt,bylength,,1,1.099363
i32,jeaiii,bylength,,1,3.475431
i32,naive,bylength,,1,3.794943
i32,null,bylength,,1,0.782271
i32,sse2,bylength,,1,3.748483
i32,tmueller,bylength,,1,0.758122
i32,unrolledlut,bylength,,1,3.715925
i32,yy,bylength,,1,0.937080
i32,zmij_scalar,bylength,,1,2.363193
i32,zmij_x64_native,bylength,,1,1.413419
i32,zmij_x64_v1,bylength,,1,2.037922
i32,zmij_x64_v2,bylength,,1,1.501992
i32,zmij_x64_v3,bylength,,1,1.442991
i32,zmij_x64_v4,bylength,,1,1.427403
i32,amartin,bylength,,2,0.808368
i32,branchlut,bylength,,2,3.741053
i32,branchlut2,bylength,,2,3.904363
i32,countlut,bylength,,2,3.581443
i32,fmt,bylength,,2,1.127641
i32,jeaiii,bylength,,2,3.681654
i32,naive,bylength,,2,4.863267
i32,null,bylength,,2,1.083560
i32,sse2,bylength,,2,4.199012
i32,tmueller,bylength,,2,1.732995
i32,unrolledlut,bylength,,2,3.674868
i32,yy,bylength,,2,0.919803
i32,zmij_scalar,bylength,,2,2.362985
i32,zmij_x64_native,bylength,,2,1.405625
i32,zmij_x64_v1,bylength,,2,2.032822
i32,zmij_x64_v2,bylength,,2,1.497912
i32,zmij_x64_v3,bylength,,2,1.449393
i32,zmij_x64_v4,bylength,,2,1.426669
i32,amartin,bylength,,3,1.180493
i32,branchlut,bylength,,3,3.943567
i32,branchlut2,bylength,,3,3.843547
i32,countlut,bylength,,3,3.599339
i32,fmt,bylength,,3,1.384798
i32,jeaiii,bylength,,3,3.738946
i32,naive,bylength,,3,5.722654
i32,null,bylength,,3,1.079253
i32,sse2,bylength,,3,3.795238
i32,tmueller,bylength,,3,1.727265
i32,unrolledlut,bylength,,3,4.329448
i32,yy,bylength,,3,1.117778
i32,zmij_scalar,bylength,,3,2.360935
i32,zmij_x64_native,bylength,,3,1.390053
i32,zmij_x64_v1,bylength,,3,2.037417
i32,zmij_x64_v2,bylength,,3,1.499075
i32,zmij_x64_v3,bylength,,3,1.446331
i32,zmij_x64_v4,bylength,,3,1.424916
i32,amartin,bylength,,4,1.186844
i32,branchlut,bylength,,4,3.968846
i32,branchlut2,bylength,,4,3.761441
i32,countlut,bylength,,4,3.750231
i32,fmt,bylength,,4,1.438507
i32,jeaiii,bylength,,4,3.638633
i32,naive,bylength,,4,6.626741
i32,null,bylength,,4,1.077900
i32,sse2,bylength,,4,3.828346
i32,tmueller,bylength,,4,1.222491
i32,unrolledlut,bylength,,4,4.102500
i32,yy,bylength,,4,1.106384
i32,zmij_scalar,bylength,,4,2.358228
i32,zmij_x64_native,bylength,,4,1.408465
i32,zmij_x64_v1,bylength,,4,2.036892
i32,zmij_x64_v2,bylength,,4,1.498958
i32,zmij_x64_v3,bylength,,4,1.448373
i32,zmij_x64_v4,bylength,,4,1.424493
i32,amartin,bylength,,5,1.667965
i32,branchlut,bylength,,5,4.636465
i32,branchlut2,bylength,,5,3.664890
i32,countlut,bylength,,5,3.916629
i32,fmt,bylength,,5,1.774343
i32,jeaiii,bylength,,5,3.564209
i32,naive,bylength,,5,7.521073
i32,null,bylength,,5,0.757032
i32,sse2,bylength,,5,4.268928
i32,tmueller,bylength,,5,1.219765
i32,unrolledlut,bylength,,5,4.424029
i32,yy,bylength,,5,1.405333
i32,zmij_scalar,bylength,,5,2.367244
i32,zmij_x64_native,bylength,,5,1.413261
i32,zmij_x64_v1,bylength,,5,2.020603
i32,zmij_x64_v2,bylength,,5,1.497186
i32,zmij_x64_v3,bylength,,5,1.443115
i32,zmij_x64_v4,bylength,,5,1.405754
i32,amartin,bylength,,6,1.654648
i32,branchlut,bylength,,6,4.741216
i32,branchlut2,bylength,,6,4.011809
i32,countlut,bylength,,6,4.001019
i32,fmt,bylength,,6,1.839027
i32,jeaiii,bylength,,6,3.966697
i32,naive,bylength,,6,8.331086
i32,null,bylength,,6,0.743320
i32,sse2,bylength,,6,4.202792
i32,tmueller,bylength,,6,1.682880
i32,unrolledlut,bylength,,6,4.296544
i32,yy,bylength,,6,1.418853
i32,zmij_scalar,bylength,,6,2.359005
i32,zmij_x64_native,bylength,,6,1.416610
i32,zmij_x64_v1,bylength,,6,2.062119
i32,zmij_x64_v2,bylength,,6,1.517451
i32,zmij_x64_v3,bylength,,6,1.460613
i32,zmij_x64_v4,bylength,,6,1.441558
i32,amartin,bylength,,7,2.154058
i32,branchlut,bylength,,7,4.134712
i32,branchlut2,bylength,,7,4.265591
i32,countlut,bylength,,7,4.098228
i32,fmt,bylength,,7,2.124249
i32,jeaiii,bylength,,7,3.732924
i32,naive,bylength,,7,9.307888
i32,null,bylength,,7,0.750583
i32,sse2,bylength,,7,4.210704
i32,tmueller,bylength,,7,1.693350
i32,unrolledlut,bylength,,7,3.616791
i32,yy,bylength,,7,1.841588
i32,zmij_scalar,bylength,,7,2.384604
i32,zmij_x64_native,bylength,,7,1.414737
i32,zmij_x64_v1,bylength,,7,2.058156
i32,zmij_x64_v2,bylength,,7,1.518944
i32,zmij_x64_v3,bylength,,7,1.452775
i32,zmij_x64_v4,bylength,,7,1.438500
i32,amartin,bylength,,8,2.153627
i32,branchlut,bylength,,8,4.240140
i32,branchlut2,bylength,,8,4.467008
i32,countlut,bylength,,8,4.496313
i32,fmt,bylength,,8,2.130581
i32,jeaiii,bylength,,8,3.946194
i32,naive,bylength,,8,9.747646
i32,null,bylength,,8,0.823533
i32,sse2,bylength,,8,4.361877
i32,tmueller,bylength,,8,2.323148
i32,unrolledlut,bylength,,8,3.887535
i32,yy,bylength,,8,1.838248
i32,zmij_scalar,bylength,,8,2.396178
i32,zmij_x64_native,bylength,,8,1.415447
i32,zmij_x64_v1,bylength,,8,2.060982
i32,zmij_x64_v2,bylength,,8,1.510371
i32,zmij_x64_v3,bylength,,8,1.468342
i32,zmij_x64_v4,bylength,,8,1.445578
i32,amartin,bylength,,9,2.533440
i32,branchlut,bylength,,9,4.274233
i32,branchlut2,bylength,,9,4.061213
i32,countlut,bylength,,9,4.708812
i32,fmt,bylength,,9,2.425567
i32,jeaiii,bylength,,9,3.974303
i32,naive,bylength,,9,10.682117
i32,null,bylength,,9,1.015439
i32,sse2,bylength,,9,3.802967
i32,tmueller,bylength,,9,2.318467
i32,unrolledlut,bylength,,9,4.038965
i32,yy,bylength,,9,2.168808
i32,zmij_scalar,bylength,,9,2.357257
i32,zmij_x64_native,bylength,,9,1.418677
i32,zmij_x64_v1,bylength,,9,2.039408
i32,zmij_x64_v2,bylength,,9,1.507532
i32,zmij_x64_v3,bylength,,9,1.441446
i32,zmij_x64_v4,bylength,,9,1.426722
i32,amartin,bylength,,10,2.543745
i32,branchlut,bylength,,10,4.283025
i32,branchlut2,bylength,,10,4.259313
i32,countlut,bylength,,10,4.936761
i32,fmt,bylength,,10,2.467749
i32,jeaiii,bylength,,10,4.236317
i32,naive,bylength,,10,11.647858
i32,null,bylength,,10,0.965300
i32,sse2,bylength,,10,4.055180
i32,tmueller,bylength,,10,2.330325
i32,unrolledlut,bylength,,10,3.950498
i32,yy,bylength,,10,2.187918
i32,zmij_scalar,bylength,,10,2.383060
i32,zmij_x64_native,bylength,,10,1.421768
i32,zmij_x64_v1,bylength,,10,2.055491
i32,zmij_x64_v2,bylength,,10,1.510976
i32,zmij_x64_v3,bylength,,10,1.456999
i32,zmij_x64_v4,bylength,,10,1.437091
i32,amartin,loguniform,1-10,10,6.130270
i32,branchlut,loguniform,1-10,10,10.163551
i32,branchlut2,loguniform,1-10,10,10.782110
i32,countlut,loguniform,1-10,10,10.127964
i32,fmt,loguniform,1-10,10,8.213015
i32,jeaiii,loguniform,1-10,10,10.114808
i32,naive,loguniform,1-10,10,12.323786
i32,null,loguniform,1-10,10,0.768375
i32,sse2,loguniform,1-10,10,9.838606
i32,tmueller,loguniform,1-10,10,6.744015
i32,unrolledlut,loguniform,1-10,10,9.569887
i32,yy,loguniform,1-10,10,5.838416
i32,zmij_scalar,loguniform,1-10,10,2.345999
i32,zmij_x64_native,loguniform,1-10,10,1.401850
i32,zmij_x64_v1,loguniform,1-10,10,2.024038
i32,zmij_x64_v2,loguniform,1-10,10,1.499624
i32,zmij_x64_v3,loguniform,1-10,10,1.445567
i32,zmij_x64_v4,loguniform,1-10,10,1.423188
i32,amartin,loguniform,1-4,4,3.958977
i32,branchlut,loguniform,1-4,4,7.157483
i32,branchlut2,loguniform,1-4,4,8.225908
i32,countlut,loguniform,1-4,4,8.260742
i32,fmt,loguniform,1-4,4,6.054355
i32,jeaiii,loguniform,1-4,4,7.856625
i32,naive,loguniform,1-4,4,8.814068
i32,null,loguniform,1-4,4,0.728110
i32,sse2,loguniform,1-4,4,7.259165
i32,tmueller,loguniform,1-4,4,4.294326
i32,unrolledlut,loguniform,1-4,4,7.971328
i32,yy,loguniform,1-4,4,3.740832
i32,zmij_scalar,loguniform,1-4,4,2.347578
i32,zmij_x64_native,loguniform,1-4,4,1.410321
i32,zmij_x64_v1,loguniform,1-4,4,2.031532
i32,zmij_x64_v2,loguniform,1-4,4,1.495798
i32,zmij_x64_v3,loguniform,1-4,4,1.437516
i32,zmij_x64_v4,loguniform,1-4,4,1.423777
i32,amartin,unpredictable,,1,3.093919
i32,branchlut,unpredictable,,1,4.885244
i32,branchlut2,unpredictable,,1,4.251531
i32,countlut,unpredictable,,1,6.369068
i32,fmt,unpredictable,,1,4.118936
i32,jeaiii,unpredictable,,1,6.320016
i32,naive,unpredictable,,1,7.592509
i32,null,unpredictable,,1,0.688694
i32,sse2,unpredictable,,1,5.157391
i32,tmueller,unpredictable,,1,1.917413
i32,unrolledlut,unpredictable,,1,5.168115
i32,yy,unpredictable,,1,3.993752
i32,zmij_scalar,unpredictable,,1,2.404950
i32,zmij_x64_native,unpredictable,,1,1.411129
i32,zmij_x64_v1,unpredictable,,1,2.019868
i32,zmij_x64_v2,unpredictable,,1,1.509856
i32,zmij_x64_v3,unpredictable,,1,1.437194
i32,zmij_x64_v4,unpredictable,,1,1.464100
i32,amartin,unpredictable,,2,3.095032
i32,branchlut,unpredictable,,2,4.955983
i32,branchlut2,unpredictable,,2,4.539034
i32,countlut,unpredictable,,2,6.851803
i32,fmt,unpredictable,,2,4.327880
i32,jeaiii,unpredictable,,2,6.742132
i32,naive,unpredictable,,2,8.426475
i32,null,unpredictable,,2,0.976737
i32,sse2,unpredictable,,2,5.686582
i32,tmueller,unpredictable,,2,2.272692
i32,unrolledlut,unpredictable,,2,5.038892
i32,yy,unpredictable,,2,4.085110
i32,zmij_scalar,unpredictable,,2,2.380567
i32,zmij_x64_native,unpredictable,,2,1.420133
i32,zmij_x64_v1,unpredictable,,2,2.080145
i32,zmij_x64_v2,unpredictable,,2,1.531746
i32,zmij_x64_v3,unpredictable,,2,1.469379
i32,zmij_x64_v4,unpredictable,,2,1.447953
i32,amartin,unpredictable,,3,2.342841
i32,branchlut,unpredictable,,3,5.946287
i32,branchlut2,unpredictable,,3,5.072428
i32,countlut,unpredictable,,3,6.523663
i32,fmt,unpredictable,,3,3.437035
i32,jeaiii,unpredictable,,3,4.955111
i32,naive,unpredictable,,3,8.851427
i32,null,unpredictable,,3,0.870330
i32,sse2,unpredictable,,3,6.098683
i32,tmueller,unpredictable,,3,2.370595
i32,unrolledlut,unpredictable,,3,4.769174
i32,yy,unpredictable,,3,3.212624
i32,zmij_scalar,unpredictable,,3,2.395959
i32,zmij_x64_native,unpredictable,,3,1.440256
i32,zmij_x64_v1,unpredictable,,3,2.007270
i32,zmij_x64_v2,unpredictable,,3,1.517628
i32,zmij_x64_v3,unpredictable,,3,1.491011
i32,zmij_x64_v4,unpredictable,,3,1.453570
i32,amartin,unpredictable,,4,2.020897
i32,branchlut,unpredictable,,4,5.574860
i32,branchlut2,unpredictable,,4,4.889273
i32,countlut,unpredictable,,4,5.798809
i32,fmt,unpredictable,,4,3.107352
i32,jeaiii,unpredictable,,4,4.032472
i32,naive,unpredictable,,4,8.714459
i32,null,unpredictable,,4,0.807728
i32,sse2,unpredictable,,4,5.731331
i32,tmueller,unpredictable,,4,1.928668
i32,unrolledlut,unpredictable,,4,4.151988
i32,yy,unpredictable,,4,3.050341
i32,zmij_scalar,unpredictable,,4,2.360840
i32,zmij_x64_native,unpredictable,,4,1.392816
i32,zmij_x64_v1,unpredictable,,4,2.002688
i32,zmij_x64_v2,unpredictable,,4,1.479318
i32,zmij_x64_v3,unpredictable,,4,1.443653
i32,zmij_x64_v4,unpredictable,,4,1.423932
i32,amartin,unpredictable,,5,1.805652
i32,branchlut,unpredictable,,5,4.737698
i32,branchlut2,unpredictable,,5,4.939569
i32,countlut,unpredictable,,5,5.075001
i32,fmt,unpredictable,,5,2.676097
i32,jeaiii,unpredictable,,5,4.129926
i32,naive,unpredictable,,5,9.136350
i32,null,unpredictable,,5,0.724357
i32,sse2,unpredictable,,5,4.453155
i32,tmueller,unpredictable,,5,2.045580
i32,unrolledlut,unpredictable,,5,4.638966
i32,yy,unpredictable,,5,2.472053
i32,zmij_scalar,unpredictable,,5,2.348767
i32,zmij_x64_native,unpredictable,,5,1.420812
i32,zmij_x64_v1,unpredictable,,5,2.057232
i32,zmij_x64_v2,unpredictable,,5,1.517771
i32,zmij_x64_v3,unpredictable,,5,1.443429
i32,zmij_x64_v4,unpredictable,,5,1.454422
i32,amartin,unpredictable,,6,1.898277
i32,branchlut,unpredictable,,6,5.133530
i32,branchlut2,unpredictable,,6,5.316888
i32,countlut,unpredictable,,6,5.716945
i32,fmt,unpredictable,,6,3.073491
i32,jeaiii,unpredictable,,6,5.026572
i32,naive,unpredictable,,6,9.930142
i32,null,unpredictable,,6,1.331998
i32,sse2,unpredictable,,6,5.031004
i32,tmueller,unpredictable,,6,2.527218
i32,unrolledlut,unpredictable,,6,4.925142
i32,yy,unpredictable,,6,2.627562
i32,zmij_scalar,unpredictable,,6,2.351161
i32,zmij_x64_native,unpredictable,,6,1.418309
i32,zmij_x64_v1,unpredictable,,6,2.033317
i32,zmij_x64_v2,unpredictable,,6,1.495160
i32,zmij_x64_v3,unpredictable,,6,1.446749
i32,zmij_x64_v4,unpredictable,,6,1.464889
i32,amartin,unpredictable,,7,2.160929
i32,branchlut,unpredictable,,7,5.062035
i32,branchlut2,unpredictable,,7,5.548984
i32,countlut,unpredictable,,7,4.894317
i32,fmt,unpredictable,,7,2.460919
i32,jeaiii,unpredictable,,7,4.814703
i32,naive,unpredictable,,7,10.215564
i32,null,unpredictable,,7,0.790247
i32,sse2,unpredictable,,7,5.083116
i32,tmueller,unpredictable,,7,2.499628
i32,unrolledlut,unpredictable,,7,5.773845
i32,yy,unpredictable,,7,2.065890
i32,zmij_scalar,unpredictable,,7,2.380237
i32,zmij_x64_native,unpredictable,,7,1.387099
i32,zmij_x64_v1,unpredictable,,7,2.039423
i32,zmij_x64_v2,unpredictable,,7,1.498099
i32,zmij_x64_v3,unpredictable,,7,1.459509
i32,zmij_x64_v4,unpredictable,,7,1.442292
i32,amartin,unpredictable,,8,2.255879
i32,branchlut,unpredictable,,8,5.713171
i32,branchlut2,unpredictable,,8,5.563029
i32,countlut,unpredictable,,8,4.884871
i32,fmt,unpredictable,,8,2.485184
i32,jeaiii,unpredictable,,8,4.767331
i32,naive,unpredictable,,8,9.820846
i32,null,unpredictable,,8,0.756586
i32,sse2,unpredictable,,8,5.217571
i32,tmueller,unpredictable,,8,2.340250
i32,unrolledlut,unpredictable,,8,6.344500
i32,yy,unpredictable,,8,2.153841
i32,zmij_scalar,unpredictable,,8,2.382486
i32,zmij_x64_native,unpredictable,,8,1.433926
i32,zmij_x64_v1,unpredictable,,8,2.073839
i32,zmij_x64_v2,unpredictable,,8,1.513133
i32,zmij_x64_v3,unpredictable,,8,1.481853
i32,zmij_x64_v4,unpredictable,,8,1.468921
i32,amartin,unpredictable,,9,4.809828
i32,branchlut,unpredictable,,9,5.067549
i32,branchlut2,unpredictable,,9,7.841907
i32,countlut,unpredictable,,9,5.320445
i32,fmt,unpredictable,,9,2.664312
i32,jeaiii,unpredictable,,9,4.960538
i32,naive,unpredictable,,9,10.860148
i32,null,unpredictable,,9,0.781161
i32,sse2,unpredictable,,9,5.331689
i32,tmueller,unpredictable,,9,2.526148
i32,unrolledlut,unpredictable,,9,7.398516
i32,yy,unpredictable,,9,2.499122
i32,zmij_scalar,unpredictable,,9,2.408867
i32,zmij_x64_native,unpredictable,,9,1.406741
i32,zmij_x64_v1,unpredictable,,9,2.032666
i32,zmij_x64_v2,unpredictable,,9,1.505288
i32,zmij_x64_v3,unpredictable,,9,1.492764
i32,zmij_x64_v4,unpredictable,,9,1.465973
i32,amartin,unpredictable,,10,5.126202
i32,branchlut,unpredictable,,10,5.741007
i32,branchlut2,unpredictable,,10,7.851300
i32,countlut,unpredictable,,10,5.887620
i32,fmt,unpredictable,,10,2.936681
i32,jeaiii,unpredictable,,10,5.232786
i32,naive,unpredictable,,10,12.027097
i32,null,unpredictable,,10,1.233225
i32,sse2,unpredictable,,10,5.766038
i32,tmueller,unpredictable,,10,2.644919
i32,unrolledlut,unpredictable,,10,7.541879
i32,yy,unpredictable,,10,2.505893
i32,zmij_scalar,unpredictable,,10,2.352182
i32,zmij_x64_native,unpredictable,,10,1.406288
i32,zmij_x64_v1,unpredictable,,10,2.040099
i32,zmij_x64_v2,unpredictable,,10,1.492985
i32,zmij_x64_v3,unpredictable,,10,1.440084
i32,zmij_x64_v4,unpredictable,,10,1.428145
i32,amartin,admixture,5x6,0,1.658389
i32,branchlut,admixture,5x6,0,4.701322
i32,branchlut2,admixture,5x6,0,3.978217
i32,countlut,admixture,5x6,0,3.939766
i32,fmt,admixture,5x6,0,1.817653
i32,jeaiii,admixture,5x6,0,3.931329
i32,naive,admixture,5x6,0,8.327410
i32,null,admixture,5x6,0,0.774809
i32,sse2,admixture,5x6,0,4.159786
i32,tmueller,admixture,5x6,0,1.682090
i32,unrolledlut,admixture,5x6,0,4.196715
i32,yy,admixture,5x6,0,1.382772
i32,zmij_scalar,admixture,5x6,0,2.355271
i32,zmij_x64_native,admixture,5x6,0,1.407349
i32,zmij_x64_v1,admixture,5x6,0,2.030631
i32,zmij_x64_v2,admixture,5x6,0,1.489289
i32,zmij_x64_v3,admixture,5x6,0,1.442468
i32,zmij_x64_v4,admixture,5x6,0,1.428816
i32,amartin,admixture,5x6,10,1.656688
i32,branchlut,admixture,5x6,10,4.837941
i32,branchlut2,admixture,5x6,10,4.230520
i32,countlut,admixture,5x6,10,4.675718
i32,fmt,admixture,5x6,10,2.422255
i32,jeaiii,admixture,5x6,10,4.328576
i32,naive,admixture,5x6,10,8.641896
i32,null,admixture,5x6,10,0.752575
i32,sse2,admixture,5x6,10,4.543253
i32,tmueller,admixture,5x6,10,2.173680
i32,unrolledlut,admixture,5x6,10,4.295249
i32,yy,admixture,5x6,10,1.402488
i32,zmij_scalar,admixture,5x6,10,2.355345
i32,zmij_x64_native,admixture,5x6,10,1.404304
i32,zmij_x64_v1,admixture,5x6,10,2.026833
i32,zmij_x64_v2,admixture,5x6,10,1.496208
i32,zmij_x64_v3,admixture,5x6,10,1.454423
i32,zmij_x64_v4,admixture,5x6,10,1.431516
i32,amartin,admixture,5x6,20,1.656110
i32,branchlut,admixture,5x6,20,5.327315
i32,branchlut2,admixture,5x6,20,5.060209
i32,countlut,admixture,5x6,20,5.252265
i32,fmt,admixture,5x6,20,2.988062
i32,jeaiii,admixture,5x6,20,4.874521
i32,naive,admixture,5x6,20,9.125334
i32,null,admixture,5x6,20,0.728091
i32,sse2,admixture,5x6,20,5.159994
i32,tmueller,admixture,5x6,20,2.596804
i32,unrolledlut,admixture,5x6,20,4.867195
i32,yy,admixture,5x6,20,1.404208
i32,zmij_scalar,admixture,5x6,20,2.352801
i32,zmij_x64_native,admixture,5x6,20,1.408192
i32,zmij_x64_v1,admixture,5x6,20,2.046158
i32,zmij_x64_v2,admixture,5x6,20,1.513111
i32,zmij_x64_v3,admixture,5x6,20,1.462870
i32,zmij_x64_v4,admixture,5x6,20,1.454516
i32,amartin,admixture,5x6,30,1.664653
i32,branchlut,admixture,5x6,30,5.908055
i32,branchlut2,admixture,5x6,30,5.713503
i32,countlut,admixture,5x6,30,5.927959
i32,fmt,admixture,5x6,30,3.669804
i32,jeaiii,admixture,5x6,30,5.443664
i32,naive,admixture,5x6,30,9.689185
i32,null,admixture,5x6,30,0.841592
i32,sse2,admixture,5x6,30,5.788746
i32,tmueller,admixture,5x6,30,3.092238
i32,unrolledlut,admixture,5x6,30,5.606630
i32,yy,admixture,5x6,30,1.402340
i32,zmij_scalar,admixture,5x6,30,2.355532
i32,zmij_x64_native,admixture,5x6,30,1.407614
i32,zmij_x64_v1,admixture,5x6,30,2.029692
i32,zmij_x64_v2,admixture,5x6,30,1.498670
i32,zmij_x64_v3,admixture,5x6,30,1.462715
i32,zmij_x64_v4,admixture,5x6,30,1.397966
i32,amartin,admixture,5x6,40,1.657413
i32,branchlut,admixture,5x6,40,6.597573
i32,branchlut2,admixture,5x6,40,6.428295
i32,countlut,admixture,5x6,40,6.856290
i32,fmt,admixture,5x6,40,4.346853
i32,jeaiii,admixture,5x6,40,6.046312
i32,naive,admixture,5x6,40,10.216218
i32,null,admixture,5x6,40,1.076434
i32,sse2,admixture,5x6,40,6.479167
i32,tmueller,admixture,5x6,40,3.725480
i32,unrolledlut,admixture,5x6,40,6.284697
i32,yy,admixture,5x6,40,1.401029
i32,zmij_scalar,admixture,5x6,40,2.349652
i32,zmij_x64_native,admixture,5x6,40,1.431662
i32,zmij_x64_v1,admixture,5x6,40,2.024400
i32,zmij_x64_v2,admixture,5x6,40,1.496685
i32,zmij_x64_v3,admixture,5x6,40,1.447623
i32,zmij_x64_v4,admixture,5x6,40,1.430573
i32,amartin,admixture,5x6,50,1.674929
i32,branchlut,admixture,5x6,50,6.773159
i32,branchlut2,admixture,5x6,50,6.628091
i32,countlut,admixture,5x6,50,6.844401
i32,fmt,admixture,5x6,50,4.655382
i32,jeaiii,admixture,5x6,50,6.139256
i32,naive,admixture,5x6,50,10.077683
i32,null,admixture,5x6,50,0.732539
i32,sse2,admixture,5x6,50,6.491032
i32,tmueller,admixture,5x6,50,3.953120
i32,unrolledlut,admixture,5x6,50,6.366025
i32,yy,admixture,5x6,50,1.401901
i32,zmij_scalar,admixture,5x6,50,2.358074
i32,zmij_x64_native,admixture,5x6,50,1.415748
i32,zmij_x64_v1,admixture,5x6,50,2.028649
i32,zmij_x64_v2,admixture,5x6,50,1.508060
i32,zmij_x64_v3,admixture,5x6,50,1.448763
i32,zmij_x64_v4,admixture,5x6,50,1.428215
i32,amartin,admixture,5x6,60,1.659235
i32,branchlut,admixture,5x6,60,6.486386
i32,branchlut2,admixture,5x6,60,6.155074
i32,countlut,admixture,5x6,60,6.507638
i32,fmt,admixture,5x6,60,4.172352
i32,jeaiii,admixture,5x6,60,5.740698
i32,naive,admixture,5x6,60,9.716740
i32,null,admixture,5x6,60,0.749114
i32,sse2,admixture,5x6,60,6.245833
i32,tmueller,admixture,5x6,60,3.613140
i32,unrolledlut,admixture,5x6,60,6.070218
i32,yy,admixture,5x6,60,1.383460
i32,zmij_scalar,admixture,5x6,60,2.370269
i32,zmij_x64_native,admixture,5x6,60,1.413049
i32,zmij_x64_v1,admixture,5x6,60,2.028143
i32,zmij_x64_v2,admixture,5x6,60,1.494363
i32,zmij_x64_v3,admixture,5x6,60,1.439547
i32,zmij_x64_v4,admixture,5x6,60,1.424037
i32,amartin,admixture,5x6,70,1.656252
i32,branchlut,admixture,5x6,70,5.900420
i32,branchlut2,admixture,5x6,70,5.596447
i32,countlut,admixture,5x6,70,5.860691
i32,fmt,admixture,5x6,70,3.550193
i32,jeaiii,admixture,5x6,70,5.190658
i32,naive,admixture,5x6,70,9.122289
i32,null,admixture,5x6,70,0.753882
i32,sse2,admixture,5x6,70,5.732860
i32,tmueller,admixture,5x6,70,2.958284
i32,unrolledlut,admixture,5x6,70,5.446373
i32,yy,admixture,5x6,70,1.405033
i32,zmij_scalar,admixture,5x6,70,2.354646
i32,zmij_x64_native,admixture,5x6,70,1.420454
i32,zmij_x64_v1,admixture,5x6,70,2.015965
i32,zmij_x64_v2,admixture,5x6,70,1.511846
i32,zmij_x64_v3,admixture,5x6,70,1.441467
i32,zmij_x64_v4,admixture,5x6,70,1.444947
i32,amartin,admixture,5x6,80,1.654205
i32,branchlut,admixture,5x6,80,5.456703
i32,branchlut2,admixture,5x6,80,5.182276
i32,countlut,admixture,5x6,80,5.445402
i32,fmt,admixture,5x6,80,2.978428
i32,jeaiii,admixture,5x6,80,4.652487
i32,naive,admixture,5x6,80,8.659730
i32,null,admixture,5x6,80,0.970651
i32,sse2,admixture,5x6,80,5.261351
i32,tmueller,admixture,5x6,80,2.359503
i32,unrolledlut,admixture,5x6,80,5.044152
i32,yy,admixture,5x6,80,1.422325
i32,zmij_scalar,admixture,5x6,80,2.363778
i32,zmij_x64_native,admixture,5x6,80,1.415746
i32,zmij_x64_v1,admixture,5x6,80,2.032192
i32,zmij_x64_v2,admixture,5x6,80,1.509722
i32,zmij_x64_v3,admixture,5x6,80,1.454285
i32,zmij_x64_v4,admixture,5x6,80,1.424794
i32,amartin,admixture,5x6,90,1.673792
i32,branchlut,admixture,5x6,90,4.914427
i32,branchlut2,admixture,5x6,90,4.535649
i32,countlut,admixture,5x6,90,4.783949
i32,fmt,admixture,5x6,90,2.441339
i32,jeaiii,admixture,5x6,90,4.305560
i32,naive,admixture,5x6,90,8.111573
i32,null,admixture,5x6,90,0.926529
i32,sse2,admixture,5x6,90,4.648099
i32,tmueller,admixture,5x6,90,1.863151
i32,unrolledlut,admixture,5x6,90,4.642894
i32,yy,admixture,5x6,90,1.412289
i32,zmij_scalar,admixture,5x6,90,2.378818
i32,zmij_x64_native,admixture,5x6,90,1.416601
i32,zmij_x64_v1,admixture,5x6,90,2.057662
i32,zmij_x64_v2,admixture,5x6,90,1.509832
i32,zmij_x64_v3,admixture,5x6,90,1.457493
i32,zmij_x64_v4,admixture,5x6,90,1.440672
i32,amartin,admixture,5x6,100,1.656961
i32,branchlut,admixture,5x6,100,4.634952
i32,branchlut2,admixture,5x6,100,3.677601
i32,countlut,admixture,5x6,100,3.948531
i32,fmt,admixture,5x6,100,1.770524
i32,jeaiii,admixture,5x6,100,3.508238
i32,naive,admixture,5x6,100,7.500344
i32,null,admixture,5x6,100,0.736609
i32,sse2,admixture,5x6,100,4.196750
i32,tmueller,admixture,5x6,100,1.228198
i32,unrolledlut,admixture,5x6,100,4.486814
i32,yy,admixture,5x6,100,1.417657
i32,zmij_scalar,admixture,5x6,100,2.387063
i32,zmij_x64_native,admixture,5x6,100,1.418811
i32,zmij_x64_v1,admixture,5x6,100,2.055818
i32,zmij_x64_v2,admixture,5x6,100,1.510407
i32,zmij_x64_v3,admixture,5x6,100,1.456578
i32,zmij_x64_v4,admixture,5x6,100,1.440868
u64,amartin,bylength,,1,0.940009
u64,branchlut,bylength,,1,1.223990
u64,branchlut2,bylength,,1,0.753033
u64,countlut,bylength,,1,1.200468
u64,fmt,bylength,,1,0.958916
u64,jeaiii,bylength,,1,0.850829
u64,naive,bylength,,1,1.327729
u64,null,bylength,,1,0.785215
u64,sse2,bylength,,1,1.004116
u64,tmueller,bylength,,1,0.963660
u64,unrolledlut,bylength,,1,1.514726
u64,yy,bylength,,1,0.960990
u64,zmij_scalar,bylength,,1,4.897663
u64,zmij_x64_native,bylength,,1,2.074769
u64,zmij_x64_v1,bylength,,1,3.787801
u64,zmij_x64_v2,bylength,,1,2.301542
u64,zmij_x64_v3,bylength,,1,2.230273
u64,zmij_x64_v4,bylength,,1,2.225137
u64,amartin,bylength,,2,0.960221
u64,branchlut,bylength,,2,1.248233
u64,branchlut2,bylength,,2,1.120401
u64,countlut,bylength,,2,1.169531
u64,fmt,bylength,,2,1.019496
u64,jeaiii,bylength,,2,0.789063
u64,naive,bylength,,2,2.064940
u64,null,bylength,,2,0.776073
u64,sse2,bylength,,2,1.006239
u64,tmueller,bylength,,2,0.983611
u64,unrolledlut,bylength,,2,1.291105
u64,yy,bylength,,2,0.951173
u64,zmij_scalar,bylength,,2,4.841310
u64,zmij_x64_native,bylength,,2,2.108913
u64,zmij_x64_v1,bylength,,2,3.794168
u64,zmij_x64_v2,bylength,,2,2.326438
u64,zmij_x64_v3,bylength,,2,2.243508
u64,zmij_x64_v4,bylength,,2,2.251921
u64,amartin,bylength,,3,1.189677
u64,branchlut,bylength,,3,1.139866
u64,branchlut2,bylength,,3,1.201969
u64,countlut,bylength,,3,1.423058
u64,fmt,bylength,,3,1.311681
u64,jeaiii,bylength,,3,0.996650
u64,naive,bylength,,3,2.892501
u64,null,bylength,,3,1.109171
u64,sse2,bylength,,3,1.039886
u64,tmueller,bylength,,3,1.372544
u64,unrolledlut,bylength,,3,1.685573
u64,yy,bylength,,3,0.969121
u64,zmij_scalar,bylength,,3,4.790358
u64,zmij_x64_native,bylength,,3,2.063275
u64,zmij_x64_v1,bylength,,3,3.751041
u64,zmij_x64_v2,bylength,,3,2.285522
u64,zmij_x64_v3,bylength,,3,2.207911
u64,zmij_x64_v4,bylength,,3,2.216594
u64,amartin,bylength,,4,1.278146
u64,branchlut,bylength,,4,1.243847
u64,branchlut2,bylength,,4,1.157719
u64,countlut,bylength,,4,1.523692
u64,fmt,bylength,,4,1.303084
u64,jeaiii,bylength,,4,1.013204
u64,naive,bylength,,4,3.657373
u64,null,bylength,,4,1.019422
u64,sse2,bylength,,4,1.112630
u64,tmueller,bylength,,4,1.304565
u64,unrolledlut,bylength,,4,1.532999
u64,yy,bylength,,4,1.051918
u64,zmij_scalar,bylength,,4,4.773200
u64,zmij_x64_native,bylength,,4,2.071447
u64,zmij_x64_v1,bylength,,4,3.746103
u64,zmij_x64_v2,bylength,,4,2.291343
u64,zmij_x64_v3,bylength,,4,2.197215
u64,zmij_x64_v4,bylength,,4,2.210190
u64,amartin,bylength,,5,1.468965
u64,branchlut,bylength,,5,1.966579
u64,branchlut2,bylength,,5,1.343171
u64,countlut,bylength,,5,1.845492
u64,fmt,bylength,,5,1.807429
u64,jeaiii,bylength,,5,1.115837
u64,naive,bylength,,5,4.486585
u64,null,bylength,,5,1.036326
u64,sse2,bylength,,5,1.871283
u64,tmueller,bylength,,5,1.817304
u64,unrolledlut,bylength,,5,2.055741
u64,yy,bylength,,5,1.328468
u64,zmij_scalar,bylength,,5,4.790102
u64,zmij_x64_native,bylength,,5,2.050073
u64,zmij_x64_v1,bylength,,5,3.750857
u64,zmij_x64_v2,bylength,,5,2.281860
u64,zmij_x64_v3,bylength,,5,2.180394
u64,zmij_x64_v4,bylength,,5,2.210639
u64,amartin,bylength,,6,1.464198
u64,branchlut,bylength,,6,2.134797
u64,branchlut2,bylength,,6,1.340653
u64,countlut,bylength,,6,1.958868
u64,fmt,bylength,,6,1.774190
u64,jeaiii,bylength,,6,1.303629
u64,naive,bylength,,6,5.392833
u64,null,bylength,,6,0.986504
u64,sse2,bylength,,6,1.971313
u64,tmueller,bylength,,6,1.780888
u64,unrolledlut,bylength,,6,1.708086
u64,yy,bylength,,6,1.304794
u64,zmij_scalar,bylength,,6,4.775564
u64,zmij_x64_native,bylength,,6,2.048369
u64,zmij_x64_v1,bylength,,6,3.730951
u64,zmij_x64_v2,bylength,,6,2.280768
u64,zmij_x64_v3,bylength,,6,2.197069
u64,zmij_x64_v4,bylength,,6,2.212003
u64,amartin,bylength,,7,1.957306
u64,branchlut,bylength,,7,2.220361
u64,branchlut2,bylength,,7,1.874737
u64,countlut,bylength,,7,2.294773
u64,fmt,bylength,,7,2.365578
u64,jeaiii,bylength,,7,1.388457
u64,naive,bylength,,7,6.267009
u64,null,bylength,,7,0.829534
u64,sse2,bylength,,7,2.071024
u64,tmueller,bylength,,7,2.310101
u64,unrolledlut,bylength,,7,1.719036
u64,yy,bylength,,7,1.644089
u64,zmij_scalar,bylength,,7,4.855794
u64,zmij_x64_native,bylength,,7,2.104266
u64,zmij_x64_v1,bylength,,7,3.802117
u64,zmij_x64_v2,bylength,,7,2.338130
u64,zmij_x64_v3,bylength,,7,2.224221
u64,zmij_x64_v4,bylength,,7,2.232085
u64,amartin,bylength,,8,2.001911
u64,branchlut,bylength,,8,2.311770
u64,branchlut2,bylength,,8,1.949172
u64,countlut,bylength,,8,2.422223
u64,fmt,bylength,,8,2.337463
u64,jeaiii,bylength,,8,1.418695
u64,naive,bylength,,8,6.541238
u64,null,bylength,,8,0.786871
u64,sse2,bylength,,8,2.198357
u64,tmueller,bylength,,8,2.335631
u64,unrolledlut,bylength,,8,1.704884
u64,yy,bylength,,8,1.649505
u64,zmij_scalar,bylength,,8,4.887233
u64,zmij_x64_native,bylength,,8,2.092961
u64,zmij_x64_v1,bylength,,8,3.811661
u64,zmij_x64_v2,bylength,,8,2.321953
u64,zmij_x64_v3,bylength,,8,2.230457
u64,zmij_x64_v4,bylength,,8,2.248028
u64,amartin,bylength,,9,2.293271
u64,branchlut,bylength,,9,4.490227
u64,branchlut2,bylength,,9,2.277210
u64,countlut,bylength,,9,2.567890
u64,fmt,bylength,,9,3.046778
u64,jeaiii,bylength,,9,1.687029
u64,naive,bylength,,9,7.575676
u64,null,bylength,,9,0.783910
u64,sse2,bylength,,9,2.321805
u64,tmueller,bylength,,9,2.923709
u64,unrolledlut,bylength,,9,2.106718
u64,yy,bylength,,9,2.238843
u64,zmij_scalar,bylength,,9,5.127659
u64,zmij_x64_native,bylength,,9,2.102153
u64,zmij_x64_v1,bylength,,9,3.804927
u64,zmij_x64_v2,bylength,,9,2.331197
u64,zmij_x64_v3,bylength,,9,2.227189
u64,zmij_x64_v4,bylength,,9,2.259759
u64,amartin,bylength,,10,4.437267
u64,branchlut,bylength,,10,4.692121
u64,branchlut2,bylength,,10,2.329919
u64,countlut,bylength,,10,2.551331
u64,fmt,bylength,,10,2.965413
u64,jeaiii,bylength,,10,4.054095
u64,naive,bylength,,10,8.389962
u64,null,bylength,,10,0.803855
u64,sse2,bylength,,10,2.288580
u64,tmueller,bylength,,10,2.819440
u64,unrolledlut,bylength,,10,4.503374
u64,yy,bylength,,10,2.198830
u64,zmij_scalar,bylength,,10,4.962029
u64,zmij_x64_native,bylength,,10,2.072801
u64,zmij_x64_v1,bylength,,10,3.746860
u64,zmij_x64_v2,bylength,,10,2.289949
u64,zmij_x64_v3,bylength,,10,2.207764
u64,zmij_x64_v4,bylength,,10,2.211963
u64,amartin,bylength,,11,2.903541
u64,branchlut,bylength,,11,5.030503
u64,branchlut2,bylength,,11,2.675854
u64,countlut,bylength,,11,2.834862
u64,fmt,bylength,,11,3.576941
u64,jeaiii,bylength,,11,2.228856
u64,naive,bylength,,11,9.495412
u64,null,bylength,,11,1.087248
u64,sse2,bylength,,11,2.315360
u64,tmueller,bylength,,11,3.473201
u64,unrolledlut,bylength,,11,2.935771
u64,yy,bylength,,11,2.584671
u64,zmij_scalar,bylength,,11,4.969088
u64,zmij_x64_native,bylength,,11,2.079551
u64,zmij_x64_v1,bylength,,11,3.744803
u64,zmij_x64_v2,bylength,,11,2.309493
u64,zmij_x64_v3,bylength,,11,2.196396
u64,zmij_x64_v4,bylength,,11,2.224475
u64,amartin,bylength,,12,2.884587
u64,branchlut,bylength,,12,4.944116
u64,branchlut2,bylength,,12,2.777313
u64,countlut,bylength,,12,2.918707
u64,fmt,bylength,,12,3.541084
u64,jeaiii,bylength,,12,2.195708
u64,naive,bylength,,12,10.453977
u64,null,bylength,,12,0.940805
u64,sse2,bylength,,12,2.315489
u64,tmueller,bylength,,12,3.398002
u64,unrolledlut,bylength,,12,2.893117
u64,yy,bylength,,12,2.579421
u64,zmij_scalar,bylength,,12,4.946999
u64,zmij_x64_native,bylength,,12,2.063664
u64,zmij_x64_v1,bylength,,12,3.722557
u64,zmij_x64_v2,bylength,,12,2.277282
u64,zmij_x64_v3,bylength,,12,2.202547
u64,zmij_x64_v4,bylength,,12,2.210021
u64,amartin,bylength,,13,3.359191
u64,branchlut,bylength,,13,4.975525
u64,branchlut2,bylength,,13,2.976926
u64,countlut,bylength,,13,3.301123
u64,fmt,bylength,,13,4.240814
u64,jeaiii,bylength,,13,2.455326
u64,naive,bylength,,13,11.848912
u64,null,bylength,,13,0.790720
u64,sse2,bylength,,13,2.323973
u64,tmueller,bylength,,13,4.096478
u64,unrolledlut,bylength,,13,3.188252
u64,yy,bylength,,13,3.012572
u64,zmij_scalar,bylength,,13,5.029922
u64,zmij_x64_native,bylength,,13,2.101262
u64,zmij_x64_v1,bylength,,13,3.827437
u64,zmij_x64_v2,bylength,,13,2.284058
u64,zmij_x64_v3,bylength,,13,2.239077
u64,zmij_x64_v4,bylength,,13,2.228003
u64,amartin,bylength,,14,3.372031
u64,branchlut,bylength,,14,5.101815
u64,branchlut2,bylength,,14,2.962954
u64,countlut,bylength,,14,3.434761
u64,fmt,bylength,,14,4.206188
u64,jeaiii,bylength,,14,2.398429
u64,naive,bylength,,14,12.976150
u64,null,bylength,,14,0.798653
u64,sse2,bylength,,14,2.339703
u64,tmueller,bylength,,14,4.023058
u64,unrolledlut,bylength,,14,3.097373
u64,yy,bylength,,14,2.972262
u64,zmij_scalar,bylength,,14,5.057789
u64,zmij_x64_native,bylength,,14,2.098700
u64,zmij_x64_v1,bylength,,14,3.804711
u64,zmij_x64_v2,bylength,,14,2.319294
u64,zmij_x64_v3,bylength,,14,2.227006
u64,zmij_x64_v4,bylength,,14,2.245732
u64,amartin,bylength,,15,3.821633
u64,branchlut,bylength,,15,5.106099
u64,branchlut2,bylength,,15,3.497536
u64,countlut,bylength,,15,3.718245
u64,fmt,bylength,,15,5.058449
u64,jeaiii,bylength,,15,2.793630
u64,naive,bylength,,15,14.193098
u64,null,bylength,,15,0.762846
u64,sse2,bylength,,15,2.312640
u64,tmueller,bylength,,15,4.667377
u64,unrolledlut,bylength,,15,3.399758
u64,yy,bylength,,15,3.296526
u64,zmij_scalar,bylength,,15,4.946437
u64,zmij_x64_native,bylength,,15,2.067318
u64,zmij_x64_v1,bylength,,15,3.747386
u64,zmij_x64_v2,bylength,,15,2.305010
u64,zmij_x64_v3,bylength,,15,2.199434
u64,zmij_x64_v4,bylength,,15,2.219979
u64,amartin,bylength,,16,3.824544
u64,branchlut,bylength,,16,5.037042
u64,branchlut2,bylength,,16,3.583870
u64,countlut,bylength,,16,3.839834
u64,fmt,bylength,,16,5.016616
u64,jeaiii,bylength,,16,2.694447
u64,naive,bylength,,16,13.959305
u64,null,bylength,,16,0.840551
u64,sse2,bylength,,16,2.150800
u64,tmueller,bylength,,16,4.633218
u64,unrolledlut,bylength,,16,3.364554
u64,yy,bylength,,16,3.280704
u64,zmij_scalar,bylength,,16,4.934049
u64,zmij_x64_native,bylength,,16,2.052637
u64,zmij_x64_v1,bylength,,16,3.722742
u64,zmij_x64_v2,bylength,,16,2.287347
u64,zmij_x64_v3,bylength,,16,2.191568
u64,zmij_x64_v4,bylength,,16,2.212411
u64,amartin,bylength,,17,4.113434
u64,branchlut,bylength,,17,3.564228
u64,branchlut2,bylength,,17,3.599031
u64,countlut,bylength,,17,3.845937
u64,fmt,bylength,,17,5.815916
u64,jeaiii,bylength,,17,2.967411
u64,naive,bylength,,17,15.373867
u64,null,bylength,,17,0.882682
u64,sse2,bylength,,17,2.045985
u64,tmueller,bylength,,17,5.500054
u64,unrolledlut,bylength,,17,3.861108
u64,yy,bylength,,17,3.414632
u64,zmij_scalar,bylength,,17,4.963441
u64,zmij_x64_native,bylength,,17,2.075016
u64,zmij_x64_v1,bylength,,17,3.744652
u64,zmij_x64_v2,bylength,,17,2.290619
u64,zmij_x64_v3,bylength,,17,2.199969
u64,zmij_x64_v4,bylength,,17,2.211544
u64,amartin,bylength,,18,5.903522
u64,branchlut,bylength,,18,3.598906
u64,branchlut2,bylength,,18,3.587634
u64,countlut,bylength,,18,3.884614
u64,fmt,bylength,,18,5.753538
u64,jeaiii,bylength,,18,5.020858
u64,naive,bylength,,18,16.469551
u64,null,bylength,,18,0.747069
u64,sse2,bylength,,18,2.128719
u64,tmueller,bylength,,18,5.415154
u64,unrolledlut,bylength,,18,6.145271
u64,yy,bylength,,18,3.435375
u64,zmij_scalar,bylength,,18,4.941255
u64,zmij_x64_native,bylength,,18,2.077417
u64,zmij_x64_v1,bylength,,18,3.757344
u64,zmij_x64_v2,bylength,,18,2.340530
u64,zmij_x64_v3,bylength,,18,2.207525
u64,zmij_x64_v4,bylength,,18,2.243819
u64,amartin,bylength,,19,4.422614
u64,branchlut,bylength,,19,4.045895
u64,branchlut2,bylength,,19,3.985597
u64,countlut,bylength,,19,4.336454
u64,fmt,bylength,,19,6.447759
u64,jeaiii,bylength,,19,3.460944
u64,naive,bylength,,19,17.478442
u64,null,bylength,,19,0.763726
u64,sse2,bylength,,19,2.509491
u64,tmueller,bylength,,19,6.206370
u64,unrolledlut,bylength,,19,4.570640
u64,yy,bylength,,19,3.707872
u64,zmij_scalar,bylength,,19,4.975909
u64,zmij_x64_native,bylength,,19,2.067864
u64,zmij_x64_v1,bylength,,19,3.760179
u64,zmij_x64_v2,bylength,,19,2.314378
u64,zmij_x64_v3,bylength,,19,2.215215
u64,zmij_x64_v4,bylength,,19,2.214493
u64,amartin,bylength,,20,4.419959
u64,branchlut,bylength,,20,3.927911
u64,branchlut2,bylength,,20,4.154837
u64,countlut,bylength,,20,4.384638
u64,fmt,bylength,,20,6.418766
u64,jeaiii,bylength,,20,3.387883
u64,naive,bylength,,20,18.738483
u64,null,bylength,,20,1.077664
u64,sse2,bylength,,20,2.344946
u64,tmueller,bylength,,20,6.063017
u64,unrolledlut,bylength,,20,4.471543
u64,yy,bylength,,20,3.704064
u64,zmij_scalar,bylength,,20,4.930691
u64,zmij_x64_native,bylength,,20,2.055624
u64,zmij_x64_v1,bylength,,20,3.739849
u64,zmij_x64_v2,bylength,,20,2.290766
u64,zmij_x64_v3,bylength,,20,2.196494
u64,zmij_x64_v4,bylength,,20,2.215986
u64,amartin,loguniform,1-20,20,9.327880
u64,branchlut,loguniform,1-20,20,10.677141
u64,branchlut2,loguniform,1-20,20,11.550551
u64,countlut,loguniform,1-20,20,10.911607
u64,fmt,loguniform,1-20,20,11.738634
u64,jeaiii,loguniform,1-20,20,11.427390
u64,naive,loguniform,1-20,20,16.177637
u64,null,loguniform,1-20,20,0.775186
u64,sse2,loguniform,1-20,20,13.671849
u64,tmueller,loguniform,1-20,20,11.631795
u64,unrolledlut,loguniform,1-20,20,12.066638
u64,yy,loguniform,1-20,20,8.587658
u64,zmij_scalar,loguniform,1-20,20,4.859488
u64,zmij_x64_native,loguniform,1-20,20,2.067913
u64,zmij_x64_v1,loguniform,1-20,20,3.743278
u64,zmij_x64_v2,loguniform,1-20,20,2.297296
u64,zmij_x64_v3,loguniform,1-20,20,2.212267
u64,zmij_x64_v4,loguniform,1-20,20,2.226244
u64,amartin,loguniform,1-4,4,3.769585
u64,branchlut,loguniform,1-4,4,5.451736
u64,branchlut2,loguniform,1-4,4,5.904488
u64,countlut,loguniform,1-4,4,6.160440
u64,fmt,loguniform,1-4,4,6.109396
u64,jeaiii,loguniform,1-4,4,5.980190
u64,naive,loguniform,1-4,4,6.935339
u64,null,loguniform,1-4,4,0.737581
u64,sse2,loguniform,1-4,4,5.212581
u64,tmueller,loguniform,1-4,4,5.314611
u64,unrolledlut,loguniform,1-4,4,6.446571
u64,yy,loguniform,1-4,4,3.599193
u64,zmij_scalar,loguniform,1-4,4,4.847606
u64,zmij_x64_native,loguniform,1-4,4,2.060703
u64,zmij_x64_v1,loguniform,1-4,4,3.704706
u64,zmij_x64_v2,loguniform,1-4,4,2.315487
u64,zmij_x64_v3,loguniform,1-4,4,2.208343
u64,zmij_x64_v4,loguniform,1-4,4,2.211085
u64,amartin,unpredictable,,1,2.575959
u64,branchlut,unpredictable,,1,3.082477
u64,branchlut2,unpredictable,,1,2.078796
u64,countlut,unpredictable,,1,3.363508
u64,fmt,unpredictable,,1,4.965770
u64,jeaiii,unpredictable,,1,2.458115
u64,naive,unpredictable,,1,5.631813
u64,null,unpredictable,,1,0.710896
u64,sse2,unpredictable,,1,2.345667
u64,tmueller,unpredictable,,1,5.788238
u64,unrolledlut,unpredictable,,1,2.616426
u64,yy,unpredictable,,1,3.173085
u64,zmij_scalar,unpredictable,,1,5.006187
u64,zmij_x64_native,unpredictable,,1,2.105032
u64,zmij_x64_v1,unpredictable,,1,3.887883
u64,zmij_x64_v2,unpredictable,,1,2.407005
u64,zmij_x64_v3,unpredictable,,1,2.271985
u64,zmij_x64_v4,unpredictable,,1,2.296018
u64,amartin,unpredictable,,2,2.394056
u64,branchlut,unpredictable,,2,3.161944
u64,branchlut2,unpredictable,,2,2.232495
u64,countlut,unpredictable,,2,3.556953
u64,fmt,unpredictable,,2,5.256316
u64,jeaiii,unpredictable,,2,2.624697
u64,naive,unpredictable,,2,6.113407
u64,null,unpredictable,,2,0.967638
u64,sse2,unpredictable,,2,2.195589
u64,tmueller,unpredictable,,2,5.746071
u64,unrolledlut,unpredictable,,2,2.276748
u64,yy,unpredictable,,2,2.979328
u64,zmij_scalar,unpredictable,,2,4.788008
u64,zmij_x64_native,unpredictable,,2,2.113102
u64,zmij_x64_v1,unpredictable,,2,3.756929
u64,zmij_x64_v2,unpredictable,,2,2.325079
u64,zmij_x64_v3,unpredictable,,2,2.214884
u64,zmij_x64_v4,unpredictable,,2,2.236248
u64,amartin,unpredictable,,3,2.320971
u64,branchlut,unpredictable,,3,3.090612
u64,branchlut2,unpredictable,,3,2.714684
u64,countlut,unpredictable,,3,3.126895
u64,fmt,unpredictable,,3,4.474782
u64,jeaiii,unpredictable,,3,1.835601
u64,naive,unpredictable,,3,6.645368
u64,null,unpredictable,,3,0.758956
u64,sse2,unpredictable,,3,2.404219
u64,tmueller,unpredictable,,3,4.018656
u64,unrolledlut,unpredictable,,3,2.265312
u64,yy,unpredictable,,3,3.001273
u64,zmij_scalar,unpredictable,,3,4.776135
u64,zmij_x64_native,unpredictable,,3,2.089516
u64,zmij_x64_v1,unpredictable,,3,3.769282
u64,zmij_x64_v2,unpredictable,,3,2.346935
u64,zmij_x64_v3,unpredictable,,3,2.239497
u64,zmij_x64_v4,unpredictable,,3,2.236728
u64,amartin,unpredictable,,4,2.422865
u64,branchlut,unpredictable,,4,3.445335
u64,branchlut2,unpredictable,,4,2.866681
u64,countlut,unpredictable,,4,3.187010
u64,fmt,unpredictable,,4,4.396093
u64,jeaiii,unpredictable,,4,1.907299
u64,naive,unpredictable,,4,7.220173
u64,null,unpredictable,,4,0.764426
u64,sse2,unpredictable,,4,2.638237
u64,tmueller,unpredictable,,4,4.074064
u64,unrolledlut,unpredictable,,4,2.430124
u64,yy,unpredictable,,4,3.201396
u64,zmij_scalar,unpredictable,,4,4.866966
u64,zmij_x64_native,unpredictable,,4,2.118076
u64,zmij_x64_v1,unpredictable,,4,3.838054
u64,zmij_x64_v2,unpredictable,,4,2.380646
u64,zmij_x64_v3,unpredictable,,4,2.223771
u64,zmij_x64_v4,unpredictable,,4,2.266588
u64,amartin,unpredictable,,5,2.228668
u64,branchlut,unpredictable,,5,3.559851
u64,branchlut2,unpredictable,,5,2.417913
u64,countlut,unpredictable,,5,3.307518
u64,fmt,unpredictable,,5,4.526223
u64,jeaiii,unpredictable,,5,2.011497
u64,naive,unpredictable,,5,7.709332
u64,null,unpredictable,,5,1.003127
u64,sse2,unpredictable,,5,2.834562
u64,tmueller,unpredictable,,5,4.065493
u64,unrolledlut,unpredictable,,5,2.490083
u64,yy,unpredictable,,5,2.952350
u64,zmij_scalar,unpredictable,,5,4.766068
u64,zmij_x64_native,unpredictable,,5,2.070684
u64,zmij_x64_v1,unpredictable,,5,3.765418
u64,zmij_x64_v2,unpredictable,,5,2.332394
u64,zmij_x64_v3,unpredictable,,5,2.231916
u64,zmij_x64_v4,unpredictable,,5,2.213186
u64,amartin,unpredictable,,6,2.230170
u64,branchlut,unpredictable,,6,3.654139
u64,branchlut2,unpredictable,,6,2.495964
u64,countlut,unpredictable,,6,3.250041
u64,fmt,unpredictable,,6,4.582504
u64,jeaiii,unpredictable,,6,2.292859
u64,naive,unpredictable,,6,8.299392
u64,null,unpredictable,,6,0.952781
u64,sse2,unpredictable,,6,2.894322
u64,tmueller,unpredictable,,6,4.030584
u64,unrolledlut,unpredictable,,6,2.363653
u64,yy,unpredictable,,6,2.963893
u64,zmij_scalar,unpredictable,,6,4.792334
u64,zmij_x64_native,unpredictable,,6,2.098498
u64,zmij_x64_v1,unpredictable,,6,3.739377
u64,zmij_x64_v2,unpredictable,,6,2.349348
u64,zmij_x64_v3,unpredictable,,6,2.238052
u64,zmij_x64_v4,unpredictable,,6,2.248080
u64,amartin,unpredictable,,7,2.568236
u64,branchlut,unpredictable,,7,3.959028
u64,branchlut2,unpredictable,,7,3.103676
u64,countlut,unpredictable,,7,3.586897
u64,fmt,unpredictable,,7,4.497158
u64,jeaiii,unpredictable,,7,2.239853
u64,naive,unpredictable,,7,8.944929
u64,null,unpredictable,,7,0.898582
u64,sse2,unpredictable,,7,2.970192
u64,tmueller,unpredictable,,7,4.179529
u64,unrolledlut,unpredictable,,7,3.166822
u64,yy,unpredictable,,7,3.140033
u64,zmij_scalar,unpredictable,,7,5.030312
u64,zmij_x64_native,unpredictable,,7,2.127284
u64,zmij_x64_v1,unpredictable,,7,3.911073
u64,zmij_x64_v2,unpredictable,,7,2.414477
u64,zmij_x64_v3,unpredictable,,7,2.304831
u64,zmij_x64_v4,unpredictable,,7,2.309429
u64,amartin,unpredictable,,8,2.463351
u64,branchlut,unpredictable,,8,4.034080
u64,branchlut2,unpredictable,,8,3.151937
u64,countlut,unpredictable,,8,3.827271
u64,fmt,unpredictable,,8,4.535168
u64,jeaiii,unpredictable,,8,2.572854
u64,naive,unpredictable,,8,8.704032
u64,null,unpredictable,,8,0.749723
u64,sse2,unpredictable,,8,3.070271
u64,tmueller,unpredictable,,8,4.264595
u64,unrolledlut,unpredictable,,8,3.118878
u64,yy,unpredictable,,8,3.045053
u64,zmij_scalar,unpredictable,,8,4.754071
u64,zmij_x64_native,unpredictable,,8,2.092570
u64,zmij_x64_v1,unpredictable,,8,3.792125
u64,zmij_x64_v2,unpredictable,,8,2.333801
u64,zmij_x64_v3,unpredictable,,8,2.229400
u64,zmij_x64_v4,unpredictable,,8,2.241521
u64,amartin,unpredictable,,9,3.912783
u64,branchlut,unpredictable,,9,4.255496
u64,branchlut2,unpredictable,,9,2.092468
u64,countlut,unpredictable,,9,3.385347
u64,fmt,unpredictable,,9,4.652165
u64,jeaiii,unpredictable,,9,2.656436
u64,naive,unpredictable,,9,9.431369
u64,null,unpredictable,,9,0.730934
u64,sse2,unpredictable,,9,3.990577
u64,tmueller,unpredictable,,9,4.434521
u64,unrolledlut,unpredictable,,9,3.980815
u64,yy,unpredictable,,9,3.110668
u64,zmij_scalar,unpredictable,,9,4.941110
u64,zmij_x64_native,unpredictable,,9,2.080578
u64,zmij_x64_v1,unpredictable,,9,3.796941
u64,zmij_x64_v2,unpredictable,,9,2.324620
u64,zmij_x64_v3,unpredictable,,9,2.215539
u64,zmij_x64_v4,unpredictable,,9,2.262584
u64,amartin,unpredictable,,10,7.669972
u64,branchlut,unpredictable,,10,4.551048
u64,branchlut2,unpredictable,,10,2.306355
u64,countlut,unpredictable,,10,3.501848
u64,fmt,unpredictable,,10,4.572412
u64,jeaiii,unpredictable,,10,6.643231
u64,naive,unpredictable,,10,10.384196
u64,null,unpredictable,,10,0.813012
u64,sse2,unpredictable,,10,4.094983
u64,tmueller,unpredictable,,10,4.229423
u64,unrolledlut,unpredictable,,10,7.528610
u64,yy,unpredictable,,10,3.159045
u64,zmij_scalar,unpredictable,,10,5.021753
u64,zmij_x64_native,unpredictable,,10,2.066608
u64,zmij_x64_v1,unpredictable,,10,3.813107
u64,zmij_x64_v2,unpredictable,,10,2.361867
u64,zmij_x64_v3,unpredictable,,10,2.254934
u64,zmij_x64_v4,unpredictable,,10,2.225938
u64,amartin,unpredictable,,11,3.313871
u64,branchlut,unpredictable,,11,4.982551
u64,branchlut2,unpredictable,,11,2.660688
u64,countlut,unpredictable,,11,3.293146
u64,fmt,unpredictable,,11,4.709256
u64,jeaiii,unpredictable,,11,2.464986
u64,naive,unpredictable,,11,11.078174
u64,null,unpredictable,,11,1.093760
u64,sse2,unpredictable,,11,4.011231
u64,tmueller,unpredictable,,11,4.554169
u64,unrolledlut,unpredictable,,11,3.257181
u64,yy,unpredictable,,11,3.108052
u64,zmij_scalar,unpredictable,,11,4.947460
u64,zmij_x64_native,unpredictable,,11,2.080778
u64,zmij_x64_v1,unpredictable,,11,3.771325
u64,zmij_x64_v2,unpredictable,,11,2.325544
u64,zmij_x64_v3,unpredictable,,11,2.255177
u64,zmij_x64_v4,unpredictable,,11,2.258199
u64,amartin,unpredictable,,12,3.303288
u64,branchlut,unpredictable,,12,5.222418
u64,branchlut2,unpredictable,,12,2.712557
u64,countlut,unpredictable,,12,3.239259
u64,fmt,unpredictable,,12,4.701922
u64,jeaiii,unpredictable,,12,2.480043
u64,naive,unpredictable,,12,11.915179
u64,null,unpredictable,,12,0.671480
u64,sse2,unpredictable,,12,4.061762
u64,tmueller,unpredictable,,12,4.530781
u64,unrolledlut,unpredictable,,12,3.213510
u64,yy,unpredictable,,12,3.181881
u64,zmij_scalar,unpredictable,,12,4.955362
u64,zmij_x64_native,unpredictable,,12,2.068076
u64,zmij_x64_v1,unpredictable,,12,3.772700
u64,zmij_x64_v2,unpredictable,,12,2.301083
u64,zmij_x64_v3,unpredictable,,12,2.216944
u64,zmij_x64_v4,unpredictable,,12,2.201988
u64,amartin,unpredictable,,13,3.528094
u64,branchlut,unpredictable,,13,5.507379
u64,branchlut2,unpredictable,,13,3.146103
u64,countlut,unpredictable,,13,3.328509
u64,fmt,unpredictable,,13,4.883326
u64,jeaiii,unpredictable,,13,2.602657
u64,naive,unpredictable,,13,13.189825
u64,null,unpredictable,,13,0.747022
u64,sse2,unpredictable,,13,4.155152
u64,tmueller,unpredictable,,13,4.624129
u64,unrolledlut,unpredictable,,13,3.541070
u64,yy,unpredictable,,13,3.329316
u64,zmij_scalar,unpredictable,,13,5.162497
u64,zmij_x64_native,unpredictable,,13,2.208412
u64,zmij_x64_v1,unpredictable,,13,3.897863
u64,zmij_x64_v2,unpredictable,,13,2.373882
u64,zmij_x64_v3,unpredictable,,13,2.340187
u64,zmij_x64_v4,unpredictable,,13,2.313426
u64,amartin,unpredictable,,14,3.455754
u64,branchlut,unpredictable,,14,5.745258
u64,branchlut2,unpredictable,,14,2.948610
u64,countlut,unpredictable,,14,3.579296
u64,fmt,unpredictable,,14,4.880414
u64,jeaiii,unpredictable,,14,2.482099
u64,naive,unpredictable,,14,13.841894
u64,null,unpredictable,,14,0.810465
u64,sse2,unpredictable,,14,4.037906
u64,tmueller,unpredictable,,14,4.698292
u64,unrolledlut,unpredictable,,14,3.425801
u64,yy,unpredictable,,14,3.099213
u64,zmij_scalar,unpredictable,,14,4.952865
u64,zmij_x64_native,unpredictable,,14,2.105803
u64,zmij_x64_v1,unpredictable,,14,3.810413
u64,zmij_x64_v2,unpredictable,,14,2.350749
u64,zmij_x64_v3,unpredictable,,14,2.252593
u64,zmij_x64_v4,unpredictable,,14,2.260134
u64,amartin,unpredictable,,15,3.814305
u64,branchlut,unpredictable,,15,6.049524
u64,branchlut2,unpredictable,,15,3.454804
u64,countlut,unpredictable,,15,3.824678
u64,fmt,unpredictable,,15,5.058910
u64,jeaiii,unpredictable,,15,3.188149
u64,naive,unpredictable,,15,14.854925
u64,null,unpredictable,,15,0.738565
u64,sse2,unpredictable,,15,4.010059
u64,tmueller,unpredictable,,15,5.016510
u64,unrolledlut,unpredictable,,15,4.134585
u64,yy,unpredictable,,15,3.388305
u64,zmij_scalar,unpredictable,,15,4.959858
u64,zmij_x64_native,unpredictable,,15,2.111689
u64,zmij_x64_v1,unpredictable,,15,3.815153
u64,zmij_x64_v2,unpredictable,,15,2.294070
u64,zmij_x64_v3,unpredictable,,15,2.233187
u64,zmij_x64_v4,unpredictable,,15,2.268404
u64,amartin,unpredictable,,16,3.843406
u64,branchlut,unpredictable,,16,6.159807
u64,branchlut2,unpredictable,,16,3.587448
u64,countlut,unpredictable,,16,3.814744
u64,fmt,unpredictable,,16,5.213807
u64,jeaiii,unpredictable,,16,3.109354
u64,naive,unpredictable,,16,14.809295
u64,null,unpredictable,,16,0.700174
u64,sse2,unpredictable,,16,3.764226
u64,tmueller,unpredictable,,16,4.819375
u64,unrolledlut,unpredictable,,16,4.075634
u64,yy,unpredictable,,16,3.509104
u64,zmij_scalar,unpredictable,,16,5.065695
u64,zmij_x64_native,unpredictable,,16,2.141870
u64,zmij_x64_v1,unpredictable,,16,3.722644
u64,zmij_x64_v2,unpredictable,,16,2.301625
u64,zmij_x64_v3,unpredictable,,16,2.247020
u64,zmij_x64_v4,unpredictable,,16,2.228467
u64,amartin,unpredictable,,17,5.115738
u64,branchlut,unpredictable,,17,4.903054
u64,branchlut2,unpredictable,,17,3.898299
u64,countlut,unpredictable,,17,4.530668
u64,fmt,unpredictable,,17,5.496827
u64,jeaiii,unpredictable,,17,3.530947
u64,naive,unpredictable,,17,15.669150
u64,null,unpredictable,,17,0.924970
u64,sse2,unpredictable,,17,3.044880
u64,tmueller,unpredictable,,17,5.377793
u64,unrolledlut,unpredictable,,17,4.892776
u64,yy,unpredictable,,17,4.189192
u64,zmij_scalar,unpredictable,,17,4.937682
u64,zmij_x64_native,unpredictable,,17,2.098719
u64,zmij_x64_v1,unpredictable,,17,3.762653
u64,zmij_x64_v2,unpredictable,,17,2.299594
u64,zmij_x64_v3,unpredictable,,17,2.235096
u64,zmij_x64_v4,unpredictable,,17,2.235851
u64,amartin,unpredictable,,18,8.264735
u64,branchlut,unpredictable,,18,4.649813
u64,branchlut2,unpredictable,,18,4.101551
u64,countlut,unpredictable,,18,4.646744
u64,fmt,unpredictable,,18,5.439884
u64,jeaiii,unpredictable,,18,6.865764
u64,naive,unpredictable,,18,16.606587
u64,null,unpredictable,,18,0.774587
u64,sse2,unpredictable,,18,3.182168
u64,tmueller,unpredictable,,18,5.316962
u64,unrolledlut,unpredictable,,18,9.349233
u64,yy,unpredictable,,18,4.188899
u64,zmij_scalar,unpredictable,,18,4.997575
u64,zmij_x64_native,unpredictable,,18,2.097682
u64,zmij_x64_v1,unpredictable,,18,3.762616
u64,zmij_x64_v2,unpredictable,,18,2.344939
u64,zmij_x64_v3,unpredictable,,18,2.238509
u64,zmij_x64_v4,unpredictable,,18,2.249089
u64,amartin,unpredictable,,19,5.699476
u64,branchlut,unpredictable,,19,5.059991
u64,branchlut2,unpredictable,,19,4.528411
u64,countlut,unpredictable,,19,4.942468
u64,fmt,unpredictable,,19,6.289753
u64,jeaiii,unpredictable,,19,4.253333
u64,naive,unpredictable,,19,17.787291
u64,null,unpredictable,,19,0.715863
u64,sse2,unpredictable,,19,3.283518
u64,tmueller,unpredictable,,19,6.012068
u64,unrolledlut,unpredictable,,19,5.943676
u64,yy,unpredictable,,19,4.637841
u64,zmij_scalar,unpredictable,,19,5.003673
u64,zmij_x64_native,unpredictable,,19,2.111769
u64,zmij_x64_v1,unpredictable,,19,3.775072
u64,zmij_x64_v2,unpredictable,,19,2.438685
u64,zmij_x64_v3,unpredictable,,19,2.264525
u64,zmij_x64_v4,unpredictable,,19,2.321774
u64,amartin,unpredictable,,20,5.582395
u64,branchlut,unpredictable,,20,4.722262
u64,branchlut2,unpredictable,,20,4.481434
u64,countlut,unpredictable,,20,5.363370
u64,fmt,unpredictable,,20,6.166193
u64,jeaiii,unpredictable,,20,4.224425
u64,naive,unpredictable,,20,18.852230
u64,null,unpredictable,,20,1.093094
u64,sse2,unpredictable,,20,3.072018
u64,tmueller,unpredictable,,20,5.965148
u64,unrolledlut,unpredictable,,20,6.001519
u64,yy,unpredictable,,20,4.495652
u64,zmij_scalar,unpredictable,,20,4.980067
u64,zmij_x64_native,unpredictable,,20,2.081590
u64,zmij_x64_v1,unpredictable,,20,3.805527
u64,zmij_x64_v2,unpredictable,,20,2.353680
u64,zmij_x64_v3,unpredictable,,20,2.253828
u64,zmij_x64_v4,unpredictable,,20,2.245633
u64,amartin,admixture,5x6,0,1.466927
u64,branchlut,admixture,5x6,0,2.145728
u64,branchlut2,admixture,5x6,0,1.333874
u64,countlut,admixture,5x6,0,1.974593
u64,fmt,admixture,5x6,0,1.775914
u64,jeaiii,admixture,5x6,0,1.337708
u64,naive,admixture,5x6,0,5.371011
u64,null,admixture,5x6,0,0.839860
u64,sse2,admixture,5x6,0,1.982071
u64,tmueller,admixture,5x6,0,1.789572
u64,unrolledlut,admixture,5x6,0,1.720750
u64,yy,admixture,5x6,0,1.340718
u64,zmij_scalar,admixture,5x6,0,4.775597
u64,zmij_x64_native,admixture,5x6,0,2.077183
u64,zmij_x64_v1,admixture,5x6,0,3.746561
u64,zmij_x64_v2,admixture,5x6,0,2.310086
u64,zmij_x64_v3,admixture,5x6,0,2.198446
u64,zmij_x64_v4,admixture,5x6,0,2.219362
u64,amartin,admixture,5x6,10,1.459971
u64,branchlut,admixture,5x6,10,2.679355
u64,branchlut2,admixture,5x6,10,1.927016
u64,countlut,admixture,5x6,10,2.574141
u64,fmt,admixture,5x6,10,2.447741
u64,jeaiii,admixture,5x6,10,1.929123
u64,naive,admixture,5x6,10,6.078078
u64,null,admixture,5x6,10,0.807591
u64,sse2,admixture,5x6,10,2.529546
u64,tmueller,admixture,5x6,10,2.396179
u64,unrolledlut,admixture,5x6,10,2.391535
u64,yy,admixture,5x6,10,1.327654
u64,zmij_scalar,admixture,5x6,10,4.892663
u64,zmij_x64_native,admixture,5x6,10,2.093462
u64,zmij_x64_v1,admixture,5x6,10,3.824544
u64,zmij_x64_v2,admixture,5x6,10,2.327095
u64,zmij_x64_v3,admixture,5x6,10,2.231170
u64,zmij_x64_v4,admixture,5x6,10,2.252714
u64,amartin,admixture,5x6,20,1.448302
u64,branchlut,admixture,5x6,20,3.201183
u64,branchlut2,admixture,5x6,20,2.482415
u64,countlut,admixture,5x6,20,3.101238
u64,fmt,admixture,5x6,20,3.062457
u64,jeaiii,admixture,5x6,20,2.425423
u64,naive,admixture,5x6,20,6.652494
u64,null,admixture,5x6,20,0.832298
u64,sse2,admixture,5x6,20,3.006514
u64,tmueller,admixture,5x6,20,2.936151
u64,unrolledlut,admixture,5x6,20,3.027812
u64,yy,admixture,5x6,20,1.325117
u64,zmij_scalar,admixture,5x6,20,4.818374
u64,zmij_x64_native,admixture,5x6,20,2.065581
u64,zmij_x64_v1,admixture,5x6,20,3.773923
u64,zmij_x64_v2,admixture,5x6,20,2.335152
u64,zmij_x64_v3,admixture,5x6,20,2.194002
u64,zmij_x64_v4,admixture,5x6,20,2.215474
u64,amartin,admixture,5x6,30,1.460852
u64,branchlut,admixture,5x6,30,3.730702
u64,branchlut2,admixture,5x6,30,2.962161
u64,countlut,admixture,5x6,30,3.694189
u64,fmt,admixture,5x6,30,3.759598
u64,jeaiii,admixture,5x6,30,2.976572
u64,naive,admixture,5x6,30,7.299950
u64,null,admixture,5x6,30,0.755967
u64,sse2,admixture,5x6,30,3.585603
u64,tmueller,admixture,5x6,30,3.507128
u64,unrolledlut,admixture,5x6,30,3.638090
u64,yy,admixture,5x6,30,1.309997
u64,zmij_scalar,admixture,5x6,30,4.768918
u64,zmij_x64_native,admixture,5x6,30,2.059631
u64,zmij_x64_v1,admixture,5x6,30,3.758203
u64,zmij_x64_v2,admixture,5x6,30,2.301304
u64,zmij_x64_v3,admixture,5x6,30,2.201646
u64,zmij_x64_v4,admixture,5x6,30,2.252092
u64,amartin,admixture,5x6,40,1.480812
u64,branchlut,admixture,5x6,40,4.318627
u64,branchlut2,admixture,5x6,40,3.523428
u64,countlut,admixture,5x6,40,4.303867
u64,fmt,admixture,5x6,40,4.509132
u64,jeaiii,admixture,5x6,40,3.510902
u64,naive,admixture,5x6,40,7.960802
u64,null,admixture,5x6,40,1.098973
u64,sse2,admixture,5x6,40,4.137552
u64,tmueller,admixture,5x6,40,3.981473
u64,unrolledlut,admixture,5x6,40,4.220189
u64,yy,admixture,5x6,40,1.326290
u64,zmij_scalar,admixture,5x6,40,4.758843
u64,zmij_x64_native,admixture,5x6,40,2.065751
u64,zmij_x64_v1,admixture,5x6,40,3.717354
u64,zmij_x64_v2,admixture,5x6,40,2.278280
u64,zmij_x64_v3,admixture,5x6,40,2.192043
u64,zmij_x64_v4,admixture,5x6,40,2.197919
u64,amartin,admixture,5x6,50,1.435160
u64,branchlut,admixture,5x6,50,4.655623
u64,branchlut2,admixture,5x6,50,3.737268
u64,countlut,admixture,5x6,50,4.593089
u64,fmt,admixture,5x6,50,5.034958
u64,jeaiii,admixture,5x6,50,3.791049
u64,naive,admixture,5x6,50,8.258308
u64,null,admixture,5x6,50,0.986690
u64,sse2,admixture,5x6,50,4.354361
u64,tmueller,admixture,5x6,50,4.404756
u64,unrolledlut,admixture,5x6,50,4.613976
u64,yy,admixture,5x6,50,1.330027
u64,zmij_scalar,admixture,5x6,50,4.743999
u64,zmij_x64_native,admixture,5x6,50,2.059199
u64,zmij_x64_v1,admixture,5x6,50,3.730568
u64,zmij_x64_v2,admixture,5x6,50,2.293698
u64,zmij_x64_v3,admixture,5x6,50,2.196116
u64,zmij_x64_v4,admixture,5x6,50,2.211790
u64,amartin,admixture,5x6,60,1.479364
u64,branchlut,admixture,5x6,60,4.269634
u64,branchlut2,admixture,5x6,60,3.443231
u64,countlut,admixture,5x6,60,4.157662
u64,fmt,admixture,5x6,60,4.465324
u64,jeaiii,admixture,5x6,60,3.352607
u64,naive,admixture,5x6,60,7.715565
u64,null,admixture,5x6,60,0.821924
u64,sse2,admixture,5x6,60,4.113955
u64,tmueller,admixture,5x6,60,3.999259
u64,unrolledlut,admixture,5x6,60,4.328179
u64,yy,admixture,5x6,60,1.321218
u64,zmij_scalar,admixture,5x6,60,4.794180
u64,zmij_x64_native,admixture,5x6,60,2.048261
u64,zmij_x64_v1,admixture,5x6,60,3.730363
u64,zmij_x64_v2,admixture,5x6,60,2.283081
u64,zmij_x64_v3,admixture,5x6,60,2.206043
u64,zmij_x64_v4,admixture,5x6,60,2.230551
u64,amartin,admixture,5x6,70,1.464784
u64,branchlut,admixture,5x6,70,3.631648
u64,branchlut2,admixture,5x6,70,2.987653
u64,countlut,admixture,5x6,70,3.634454
u64,fmt,admixture,5x6,70,3.761851
u64,jeaiii,admixture,5x6,70,2.865206
u64,naive,admixture,5x6,70,6.892793
u64,null,admixture,5x6,70,0.775965
u64,sse2,admixture,5x6,70,3.583221
u64,tmueller,admixture,5x6,70,3.516925
u64,unrolledlut,admixture,5x6,70,3.873212
u64,yy,admixture,5x6,70,1.326724
u64,zmij_scalar,admixture,5x6,70,4.894027
u64,zmij_x64_native,admixture,5x6,70,2.099811
u64,zmij_x64_v1,admixture,5x6,70,3.811235
u64,zmij_x64_v2,admixture,5x6,70,2.331056
u64,zmij_x64_v3,admixture,5x6,70,2.234080
u64,zmij_x64_v4,admixture,5x6,70,2.253338
u64,amartin,admixture,5x6,80,1.443479
u64,branchlut,admixture,5x6,80,3.083945
u64,branchlut2,admixture,5x6,80,2.434042
u64,countlut,admixture,5x6,80,2.988709
u64,fmt,admixture,5x6,80,3.092818
u64,jeaiii,admixture,5x6,80,2.282837
u64,naive,admixture,5x6,80,5.963609
u64,null,admixture,5x6,80,0.774008
u64,sse2,admixture,5x6,80,2.993856
u64,tmueller,admixture,5x6,80,2.940784
u64,unrolledlut,admixture,5x6,80,3.292239
u64,yy,admixture,5x6,80,1.333803
u64,zmij_scalar,admixture,5x6,80,4.874455
u64,zmij_x64_native,admixture,5x6,80,2.087476
u64,zmij_x64_v1,admixture,5x6,80,3.810163
u64,zmij_x64_v2,admixture,5x6,80,2.338022
u64,zmij_x64_v3,admixture,5x6,80,2.237293
u64,zmij_x64_v4,admixture,5x6,80,2.248639
u64,amartin,admixture,5x6,90,1.462262
u64,branchlut,admixture,5x6,90,2.535259
u64,branchlut2,admixture,5x6,90,1.894222
u64,countlut,admixture,5x6,90,2.456569
u64,fmt,admixture,5x6,90,2.481874
u64,jeaiii,admixture,5x6,90,1.739118
u64,naive,admixture,5x6,90,5.183326
u64,null,admixture,5x6,90,0.995458
u64,sse2,admixture,5x6,90,2.422234
u64,tmueller,admixture,5x6,90,2.405145
u64,unrolledlut,admixture,5x6,90,2.637101
u64,yy,admixture,5x6,90,1.297531
u64,zmij_scalar,admixture,5x6,90,4.781385
u64,zmij_x64_native,admixture,5x6,90,2.064593
u64,zmij_x64_v1,admixture,5x6,90,3.743726
u64,zmij_x64_v2,admixture,5x6,90,2.294578
u64,zmij_x64_v3,admixture,5x6,90,2.190550
u64,zmij_x64_v4,admixture,5x6,90,2.209390
u64,amartin,admixture,5x6,100,1.496052
u64,branchlut,admixture,5x6,100,1.958213
u64,branchlut2,admixture,5x6,100,1.352645
u64,countlut,admixture,5x6,100,1.839734
u64,fmt,admixture,5x6,100,1.803041
u64,jeaiii,admixture,5x6,100,1.178931
u64,naive,admixture,5x6,100,4.444487
u64,null,admixture,5x6,100,1.044708
u64,sse2,admixture,5x6,100,1.856056
u64,tmueller,admixture,5x6,100,1.816864
u64,unrolledlut,admixture,5x6,100,2.054317
u64,yy,admixture,5x6,100,1.324776
u64,zmij_scalar,admixture,5x6,100,4.750793
u64,zmij_x64_native,admixture,5x6,100,2.078915
u64,zmij_x64_v1,admixture,5x6,100,3.728842
u64,zmij_x64_v2,admixture,5x6,100,2.303633
u64,zmij_x64_v3,admixture,5x6,100,2.200636
u64,zmij_x64_v4,admixture,5x6,100,2.211595
i64,amartin,bylength,,1,0.958364
i64,branchlut,bylength,,1,4.352348
i64,branchlut2,bylength,,1,3.577819
i64,countlut,bylength,,1,4.111143
i64,fmt,bylength,,1,0.980863
i64,jeaiii,bylength,,1,3.708810
i64,naive,bylength,,1,3.839168
i64,null,bylength,,1,0.995943
i64,sse2,bylength,,1,3.865334
i64,tmueller,bylength,,1,0.833374
i64,unrolledlut,bylength,,1,4.469284
i64,yy,bylength,,1,0.938108
i64,zmij_scalar,bylength,,1,5.150907
i64,zmij_x64_native,bylength,,1,2.369014
i64,zmij_x64_v1,bylength,,1,4.112942
i64,zmij_x64_v2,bylength,,1,2.531337
i64,zmij_x64_v3,bylength,,1,2.425833
i64,zmij_x64_v4,bylength,,1,2.442394
i64,amartin,bylength,,2,0.941495
i64,branchlut,bylength,,2,4.267494
i64,branchlut2,bylength,,2,3.694586
i64,countlut,bylength,,2,3.877714
i64,fmt,bylength,,2,1.112424
i64,jeaiii,bylength,,2,3.710142
i64,naive,bylength,,2,4.887872
i64,null,bylength,,2,0.794071
i64,sse2,bylength,,2,3.798925
i64,tmueller,bylength,,2,1.143808
i64,unrolledlut,bylength,,2,4.124247
i64,yy,bylength,,2,0.940968
i64,zmij_scalar,bylength,,2,5.201557
i64,zmij_x64_native,bylength,,2,2.370647
i64,zmij_x64_v1,bylength,,2,4.103918
i64,zmij_x64_v2,bylength,,2,2.568634
i64,zmij_x64_v3,bylength,,2,2.429880
i64,zmij_x64_v4,bylength,,2,2.434923
i64,amartin,bylength,,3,1.349787
i64,branchlut,bylength,,3,3.571923
i64,branchlut2,bylength,,3,3.964105
i64,countlut,bylength,,3,4.057369
i64,fmt,bylength,,3,1.499512
i64,jeaiii,bylength,,3,3.785815
i64,naive,bylength,,3,5.685852
i64,null,bylength,,3,0.856029
i64,sse2,bylength,,3,3.818040
i64,tmueller,bylength,,3,1.635457
i64,unrolledlut,bylength,,3,4.806356
i64,yy,bylength,,3,1.135135
i64,zmij_scalar,bylength,,3,5.255441
i64,zmij_x64_native,bylength,,3,2.381872
i64,zmij_x64_v1,bylength,,3,4.066508
i64,zmij_x64_v2,bylength,,3,2.524983
i64,zmij_x64_v3,bylength,,3,2.430804
i64,zmij_x64_v4,bylength,,3,2.475222
i64,amartin,bylength,,4,1.346381
i64,branchlut,bylength,,4,3.679404
i64,branchlut2,bylength,,4,4.015292
i64,countlut,bylength,,4,4.144386
i64,fmt,bylength,,4,1.444506
i64,jeaiii,bylength,,4,3.883004
i64,naive,bylength,,4,6.379311
i64,null,bylength,,4,0.792433
i64,sse2,bylength,,4,3.805180
i64,tmueller,bylength,,4,1.675984
i64,unrolledlut,bylength,,4,4.731418
i64,yy,bylength,,4,1.102888
i64,zmij_scalar,bylength,,4,5.215623
i64,zmij_x64_native,bylength,,4,2.394353
i64,zmij_x64_v1,bylength,,4,4.111336
i64,zmij_x64_v2,bylength,,4,2.564198
i64,zmij_x64_v3,bylength,,4,2.412853
i64,zmij_x64_v4,bylength,,4,2.470801
i64,amartin,bylength,,5,1.840328
i64,branchlut,bylength,,5,4.934740
i64,branchlut2,bylength,,5,3.870683
i64,countlut,bylength,,5,4.222993
i64,fmt,bylength,,5,2.049992
i64,jeaiii,bylength,,5,4.016476
i64,naive,bylength,,5,7.088963
i64,null,bylength,,5,0.940283
i64,sse2,bylength,,5,4.845867
i64,tmueller,bylength,,5,2.215125
i64,unrolledlut,bylength,,5,5.026468
i64,yy,bylength,,5,1.495831
i64,zmij_scalar,bylength,,5,5.153957
i64,zmij_x64_native,bylength,,5,2.370640
i64,zmij_x64_v1,bylength,,5,4.074175
i64,zmij_x64_v2,bylength,,5,2.548413
i64,zmij_x64_v3,bylength,,5,2.401667
i64,zmij_x64_v4,bylength,,5,2.447599
i64,amartin,bylength,,6,1.838376
i64,branchlut,bylength,,6,5.058985
i64,branchlut2,bylength,,6,4.033118
i64,countlut,bylength,,6,4.431570
i64,fmt,bylength,,6,1.997912
i64,jeaiii,bylength,,6,4.212976
i64,naive,bylength,,6,7.858848
i64,null,bylength,,6,0.996457
i64,sse2,bylength,,6,4.886354
i64,tmueller,bylength,,6,2.180341
i64,unrolledlut,bylength,,6,4.880574
i64,yy,bylength,,6,1.486102
i64,zmij_scalar,bylength,,6,5.132962
i64,zmij_x64_native,bylength,,6,2.353188
i64,zmij_x64_v1,bylength,,6,4.082206
i64,zmij_x64_v2,bylength,,6,2.512988
i64,zmij_x64_v3,bylength,,6,2.414807
i64,zmij_x64_v4,bylength,,6,2.416383
i64,amartin,bylength,,7,2.316493
i64,branchlut,bylength,,7,4.595071
i64,branchlut2,bylength,,7,4.321849
i64,countlut,bylength,,7,4.619000
i64,fmt,bylength,,7,2.575950
i64,jeaiii,bylength,,7,4.041497
i64,naive,bylength,,7,8.751681
i64,null,bylength,,7,1.012842
i64,sse2,bylength,,7,4.222113
i64,tmueller,bylength,,7,2.760244
i64,unrolledlut,bylength,,7,4.305386
i64,yy,bylength,,7,1.871388
i64,zmij_scalar,bylength,,7,5.100865
i64,zmij_x64_native,bylength,,7,2.350771
i64,zmij_x64_v1,bylength,,7,4.070807
i64,zmij_x64_v2,bylength,,7,2.525210
i64,zmij_x64_v3,bylength,,7,2.397548
i64,zmij_x64_v4,bylength,,7,2.422080
i64,amartin,bylength,,8,2.331758
i64,branchlut,bylength,,8,4.600152
i64,branchlut2,bylength,,8,4.475347
i64,countlut,bylength,,8,5.092026
i64,fmt,bylength,,8,2.523808
i64,jeaiii,bylength,,8,4.640349
i64,naive,bylength,,8,8.949110
i64,null,bylength,,8,0.758735
i64,sse2,bylength,,8,4.214761
i64,tmueller,bylength,,8,2.736476
i64,unrolledlut,bylength,,8,4.562353
i64,yy,bylength,,8,1.860418
i64,zmij_scalar,bylength,,8,4.987073
i64,zmij_x64_native,bylength,,8,2.392207
i64,zmij_x64_v1,bylength,,8,4.097727
i64,zmij_x64_v2,bylength,,8,2.542939
i64,zmij_x64_v3,bylength,,8,2.394061
i64,zmij_x64_v4,bylength,,8,2.425493
i64,amartin,bylength,,9,2.638674
i64,branchlut,bylength,,9,6.610656
i64,branchlut2,bylength,,9,4.449496
i64,countlut,bylength,,9,4.702983
i64,fmt,bylength,,9,3.283793
i64,jeaiii,bylength,,9,4.430166
i64,naive,bylength,,9,9.930710
i64,null,bylength,,9,0.799997
i64,sse2,bylength,,9,4.289224
i64,tmueller,bylength,,9,3.370305
i64,unrolledlut,bylength,,9,4.597696
i64,yy,bylength,,9,2.414675
i64,zmij_scalar,bylength,,9,4.972825
i64,zmij_x64_native,bylength,,9,2.364686
i64,zmij_x64_v1,bylength,,9,4.090434
i64,zmij_x64_v2,bylength,,9,2.572782
i64,zmij_x64_v3,bylength,,9,2.425959
i64,zmij_x64_v4,bylength,,9,2.462138
i64,amartin,bylength,,10,4.940689
i64,branchlut,bylength,,10,6.883771
i64,branchlut2,bylength,,10,4.600573
i64,countlut,bylength,,10,4.741859
i64,fmt,bylength,,10,3.208026
i64,jeaiii,bylength,,10,6.679063
i64,naive,bylength,,10,10.755463
i64,null,bylength,,10,0.845676
i64,sse2,bylength,,10,4.488959
i64,tmueller,bylength,,10,3.328361
i64,unrolledlut,bylength,,10,7.147427
i64,yy,bylength,,10,2.415929
i64,zmij_scalar,bylength,,10,4.957411
i64,zmij_x64_native,bylength,,10,2.358570
i64,zmij_x64_v1,bylength,,10,4.074622
i64,zmij_x64_v2,bylength,,10,2.524463
i64,zmij_x64_v3,bylength,,10,2.421260
i64,zmij_x64_v4,bylength,,10,2.416478
i64,amartin,bylength,,11,3.374556
i64,branchlut,bylength,,11,7.159435
i64,branchlut2,bylength,,11,5.228942
i64,countlut,bylength,,11,5.120001
i64,fmt,bylength,,11,3.844357
i64,jeaiii,bylength,,11,4.720291
i64,naive,bylength,,11,11.712172
i64,null,bylength,,11,0.798547
i64,sse2,bylength,,11,4.506931
i64,tmueller,bylength,,11,3.926707
i64,unrolledlut,bylength,,11,6.024105
i64,yy,bylength,,11,2.851627
i64,zmij_scalar,bylength,,11,4.973284
i64,zmij_x64_native,bylength,,11,2.370436
i64,zmij_x64_v1,bylength,,11,4.093211
i64,zmij_x64_v2,bylength,,11,2.527762
i64,zmij_x64_v3,bylength,,11,2.425997
i64,zmij_x64_v4,bylength,,11,2.425423
i64,amartin,bylength,,12,3.379592
i64,branchlut,bylength,,12,7.109591
i64,branchlut2,bylength,,12,5.239859
i64,countlut,bylength,,12,5.253487
i64,fmt,bylength,,12,3.831297
i64,jeaiii,bylength,,12,5.102935
i64,naive,bylength,,12,12.765046
i64,null,bylength,,12,0.845659
i64,sse2,bylength,,12,4.494976
i64,tmueller,bylength,,12,3.923935
i64,unrolledlut,bylength,,12,5.929406
i64,yy,bylength,,12,2.838540
i64,zmij_scalar,bylength,,12,4.967040
i64,zmij_x64_native,bylength,,12,2.363726
i64,zmij_x64_v1,bylength,,12,4.099231
i64,zmij_x64_v2,bylength,,12,2.549177
i64,zmij_x64_v3,bylength,,12,2.419961
i64,zmij_x64_v4,bylength,,12,2.435349
i64,amartin,bylength,,13,3.873590
i64,branchlut,bylength,,13,7.336774
i64,branchlut2,bylength,,13,5.088923
i64,countlut,bylength,,13,5.482153
i64,fmt,bylength,,13,4.571703
i64,jeaiii,bylength,,13,5.479279
i64,naive,bylength,,13,14.185827
i64,null,bylength,,13,0.753520
i64,sse2,bylength,,13,4.553198
i64,tmueller,bylength,,13,4.596797
i64,unrolledlut,bylength,,13,6.253115
i64,yy,bylength,,13,3.338761
i64,zmij_scalar,bylength,,13,5.090640
i64,zmij_x64_native,bylength,,13,2.383533
i64,zmij_x64_v1,bylength,,13,4.141295
i64,zmij_x64_v2,bylength,,13,2.562852
i64,zmij_x64_v3,bylength,,13,2.416855
i64,zmij_x64_v4,bylength,,13,2.457817
i64,amartin,bylength,,14,3.832299
i64,branchlut,bylength,,14,7.230082
i64,branchlut2,bylength,,14,5.403249
i64,countlut,bylength,,14,5.575392
i64,fmt,bylength,,14,4.404970
i64,jeaiii,bylength,,14,5.227480
i64,naive,bylength,,14,15.013269
i64,null,bylength,,14,0.742552
i64,sse2,bylength,,14,4.500541
i64,tmueller,bylength,,14,4.514262
i64,unrolledlut,bylength,,14,6.109161
i64,yy,bylength,,14,3.265474
i64,zmij_scalar,bylength,,14,4.936297
i64,zmij_x64_native,bylength,,14,2.348959
i64,zmij_x64_v1,bylength,,14,4.094520
i64,zmij_x64_v2,bylength,,14,2.519614
i64,zmij_x64_v3,bylength,,14,2.401286
i64,zmij_x64_v4,bylength,,14,2.419406
i64,amartin,bylength,,15,4.364359
i64,branchlut,bylength,,15,7.143444
i64,branchlut2,bylength,,15,5.832338
i64,countlut,bylength,,15,6.001410
i64,fmt,bylength,,15,5.263515
i64,jeaiii,bylength,,15,5.789096
i64,naive,bylength,,15,16.135248
i64,null,bylength,,15,0.862884
i64,sse2,bylength,,15,4.511665
i64,tmueller,bylength,,15,5.198290
i64,unrolledlut,bylength,,15,6.060551
i64,yy,bylength,,15,3.575476
i64,zmij_scalar,bylength,,15,4.943192
i64,zmij_x64_native,bylength,,15,2.358633
i64,zmij_x64_v1,bylength,,15,4.082705
i64,zmij_x64_v2,bylength,,15,2.536552
i64,zmij_x64_v3,bylength,,15,2.406493
i64,zmij_x64_v4,bylength,,15,2.434154
i64,amartin,bylength,,16,4.363512
i64,branchlut,bylength,,16,7.147702
i64,branchlut2,bylength,,16,6.020491
i64,countlut,bylength,,16,6.394110
i64,fmt,bylength,,16,5.302737
i64,jeaiii,bylength,,16,5.623397
i64,naive,bylength,,16,16.527654
i64,null,bylength,,16,0.774043
i64,sse2,bylength,,16,4.186147
i64,tmueller,bylength,,16,5.242819
i64,unrolledlut,bylength,,16,6.184428
i64,yy,bylength,,16,3.660929
i64,zmij_scalar,bylength,,16,5.081898
i64,zmij_x64_native,bylength,,16,2.406378
i64,zmij_x64_v1,bylength,,16,4.152108
i64,zmij_x64_v2,bylength,,16,2.565332
i64,zmij_x64_v3,bylength,,16,2.448356
i64,zmij_x64_v4,bylength,,16,2.473129
i64,amartin,bylength,,17,4.703944
i64,branchlut,bylength,,17,5.531249
i64,branchlut2,bylength,,17,5.565433
i64,countlut,bylength,,17,6.034894
i64,fmt,bylength,,17,6.108843
i64,jeaiii,bylength,,17,5.898918
i64,naive,bylength,,17,17.390675
i64,null,bylength,,17,0.800414
i64,sse2,bylength,,17,4.520166
i64,tmueller,bylength,,17,5.972878
i64,unrolledlut,bylength,,17,6.443959
i64,yy,bylength,,17,3.763451
i64,zmij_scalar,bylength,,17,4.958730
i64,zmij_x64_native,bylength,,17,2.368375
i64,zmij_x64_v1,bylength,,17,4.085246
i64,zmij_x64_v2,bylength,,17,2.542896
i64,zmij_x64_v3,bylength,,17,2.414348
i64,zmij_x64_v4,bylength,,17,2.433417
i64,amartin,bylength,,18,6.514204
i64,branchlut,bylength,,18,5.897226
i64,branchlut2,bylength,,18,5.741381
i64,countlut,bylength,,18,6.061169
i64,fmt,bylength,,18,5.993619
i64,jeaiii,bylength,,18,7.608804
i64,naive,bylength,,18,18.546076
i64,null,bylength,,18,1.009002
i64,sse2,bylength,,18,4.977167
i64,tmueller,bylength,,18,5.927913
i64,unrolledlut,bylength,,18,8.598415
i64,yy,bylength,,18,3.738089
i64,zmij_scalar,bylength,,18,4.947724
i64,zmij_x64_native,bylength,,18,2.369884
i64,zmij_x64_v1,bylength,,18,4.109621
i64,zmij_x64_v2,bylength,,18,2.554288
i64,zmij_x64_v3,bylength,,18,2.405996
i64,zmij_x64_v4,bylength,,18,2.452229
i64,amartin,bylength,,19,4.875626
i64,branchlut,bylength,,19,6.200469
i64,branchlut2,bylength,,19,6.243685
i64,countlut,bylength,,19,6.368309
i64,fmt,bylength,,19,6.791313
i64,jeaiii,bylength,,19,6.084715
i64,naive,bylength,,19,19.773848
i64,null,bylength,,19,0.766145
i64,sse2,bylength,,19,5.266581
i64,tmueller,bylength,,19,6.730045
i64,unrolledlut,bylength,,19,7.582763
i64,yy,bylength,,19,3.806504
i64,zmij_scalar,bylength,,19,4.957845
i64,zmij_x64_native,bylength,,19,2.366464
i64,zmij_x64_v1,bylength,,19,4.103340
i64,zmij_x64_v2,bylength,,19,2.555680
i64,zmij_x64_v3,bylength,,19,2.432526
i64,zmij_x64_v4,bylength,,19,2.430920
i64,amartin,loguniform,1-19,19,10.017628
i64,branchlut,loguniform,1-19,19,13.023033
i64,branchlut2,loguniform,1-19,19,13.539948
i64,countlut,loguniform,1-19,19,13.089203
i64,fmt,loguniform,1-19,19,11.787410
i64,jeaiii,loguniform,1-19,19,13.795307
i64,naive,loguniform,1-19,19,17.930937
i64,null,loguniform,1-19,19,0.802841
i64,sse2,loguniform,1-19,19,15.677318
i64,tmueller,loguniform,1-19,19,11.727172
i64,unrolledlut,loguniform,1-19,19,14.237722
i64,yy,loguniform,1-19,19,9.048557
i64,zmij_scalar,loguniform,1-19,19,5.024528
i64,zmij_x64_native,loguniform,1-19,19,2.364419
i64,zmij_x64_v1,loguniform,1-19,19,4.110803
i64,zmij_x64_v2,loguniform,1-19,19,2.524923
i64,zmij_x64_v3,loguniform,1-19,19,2.422596
i64,zmij_x64_v4,loguniform,1-19,19,2.434898
i64,amartin,loguniform,1-4,4,4.175899
i64,branchlut,loguniform,1-4,4,7.824935
i64,branchlut2,loguniform,1-4,4,8.356391
i64,countlut,loguniform,1-4,4,8.717563
i64,fmt,loguniform,1-4,4,6.476520
i64,jeaiii,loguniform,1-4,4,8.462927
i64,naive,loguniform,1-4,4,9.336128
i64,null,loguniform,1-4,4,0.874672
i64,sse2,loguniform,1-4,4,7.546146
i64,tmueller,loguniform,1-4,4,5.863076
i64,unrolledlut,loguniform,1-4,4,9.215608
i64,yy,loguniform,1-4,4,3.862406
i64,zmij_scalar,loguniform,1-4,4,5.117276
i64,zmij_x64_native,loguniform,1-4,4,2.365765
i64,zmij_x64_v1,loguniform,1-4,4,4.074407
i64,zmij_x64_v2,loguniform,1-4,4,2.544764
i64,zmij_x64_v3,loguniform,1-4,4,2.420791
i64,zmij_x64_v4,loguniform,1-4,4,2.445574
i64,amartin,unpredictable,,1,2.412730
i64,branchlut,unpredictable,,1,5.744911
i64,branchlut2,unpredictable,,1,4.862393
i64,countlut,unpredictable,,1,6.022428
i64,fmt,unpredictable,,1,5.338530
i64,jeaiii,unpredictable,,1,5.633285
i64,naive,unpredictable,,1,8.688832
i64,null,unpredictable,,1,0.760469
i64,sse2,unpredictable,,1,5.071572
i64,tmueller,unpredictable,,1,5.987011
i64,unrolledlut,unpredictable,,1,4.999310
i64,yy,unpredictable,,1,2.946841
i64,zmij_scalar,unpredictable,,1,5.100089
i64,zmij_x64_native,unpredictable,,1,2.334934
i64,zmij_x64_v1,unpredictable,,1,4.089682
i64,zmij_x64_v2,unpredictable,,1,2.543025
i64,zmij_x64_v3,unpredictable,,1,2.445974
i64,zmij_x64_v4,unpredictable,,1,2.462326
i64,amartin,unpredictable,,2,2.490195
i64,branchlut,unpredictable,,2,5.480644
i64,branchlut2,unpredictable,,2,4.817090
i64,countlut,unpredictable,,2,5.939750
i64,fmt,unpredictable,,2,5.525613
i64,jeaiii,unpredictable,,2,5.660585
i64,naive,unpredictable,,2,8.582869
i64,null,unpredictable,,2,0.728931
i64,sse2,unpredictable,,2,4.961285
i64,tmueller,unpredictable,,2,5.823840
i64,unrolledlut,unpredictable,,2,5.137556
i64,yy,unpredictable,,2,3.078497
i64,zmij_scalar,unpredictable,,2,5.400956
i64,zmij_x64_native,unpredictable,,2,2.378450
i64,zmij_x64_v1,unpredictable,,2,4.157832
i64,zmij_x64_v2,unpredictable,,2,2.628899
i64,zmij_x64_v3,unpredictable,,2,2.490673
i64,zmij_x64_v4,unpredictable,,2,2.472887
i64,amartin,unpredictable,,3,2.200967
i64,branchlut,unpredictable,,3,5.686366
i64,branchlut2,unpredictable,,3,5.422190
i64,countlut,unpredictable,,3,5.844496
i64,fmt,unpredictable,,3,4.271805
i64,jeaiii,unpredictable,,3,5.017453
i64,naive,unpredictable,,3,9.024211
i64,null,unpredictable,,3,0.763758
i64,sse2,unpredictable,,3,5.281351
i64,tmueller,unpredictable,,3,4.527451
i64,unrolledlut,unpredictable,,3,5.017475
i64,yy,unpredictable,,3,2.902939
i64,zmij_scalar,unpredictable,,3,5.101424
i64,zmij_x64_native,unpredictable,,3,2.317767
i64,zmij_x64_v1,unpredictable,,3,4.061300
i64,zmij_x64_v2,unpredictable,,3,2.549116
i64,zmij_x64_v3,unpredictable,,3,2.411607
i64,zmij_x64_v4,unpredictable,,3,2.440419
i64,amartin,unpredictable,,4,2.211025
i64,branchlut,unpredictable,,4,6.105491
i64,branchlut2,unpredictable,,4,5.485202
i64,countlut,unpredictable,,4,6.027029
i64,fmt,unpredictable,,4,4.402011
i64,jeaiii,unpredictable,,4,5.459737
i64,naive,unpredictable,,4,9.442986
i64,null,unpredictable,,4,0.758509
i64,sse2,unpredictable,,4,5.500283
i64,tmueller,unpredictable,,4,4.433761
i64,unrolledlut,unpredictable,,4,5.083834
i64,yy,unpredictable,,4,2.876431
i64,zmij_scalar,unpredictable,,4,5.130107
i64,zmij_x64_native,unpredictable,,4,2.323341
i64,zmij_x64_v1,unpredictable,,4,4.098508
i64,zmij_x64_v2,unpredictable,,4,2.542274
i64,zmij_x64_v3,unpredictable,,4,2.428763
i64,zmij_x64_v4,unpredictable,,4,2.420960
i64,amartin,unpredictable,,5,2.259002
i64,branchlut,unpredictable,,5,6.074021
i64,branchlut2,unpredictable,,5,5.476961
i64,countlut,unpredictable,,5,5.700274
i64,fmt,unpredictable,,5,4.576570
i64,jeaiii,unpredictable,,5,5.339539
i64,naive,unpredictable,,5,10.284273
i64,null,unpredictable,,5,0.807492
i64,sse2,unpredictable,,5,5.767326
i64,tmueller,unpredictable,,5,4.512697
i64,unrolledlut,unpredictable,,5,5.173002
i64,yy,unpredictable,,5,2.800612
i64,zmij_scalar,unpredictable,,5,5.102750
i64,zmij_x64_native,unpredictable,,5,2.350238
i64,zmij_x64_v1,unpredictable,,5,4.110088
i64,zmij_x64_v2,unpredictable,,5,2.537358
i64,zmij_x64_v3,unpredictable,,5,2.454387
i64,zmij_x64_v4,unpredictable,,5,2.456589
i64,amartin,unpredictable,,6,2.303957
i64,branchlut,unpredictable,,6,6.236260
i64,branchlut2,unpredictable,,6,5.545905
i64,countlut,unpredictable,,6,5.734823
i64,fmt,unpredictable,,6,4.624562
i64,jeaiii,unpredictable,,6,5.543020
i64,naive,unpredictable,,6,10.653881
i64,null,unpredictable,,6,0.882730
i64,sse2,unpredictable,,6,5.856579
i64,tmueller,unpredictable,,6,4.525948
i64,unrolledlut,unpredictable,,6,5.233596
i64,yy,unpredictable,,6,2.781793
i64,zmij_scalar,unpredictable,,6,5.120149
i64,zmij_x64_native,unpredictable,,6,2.380187
i64,zmij_x64_v1,unpredictable,,6,4.085431
i64,zmij_x64_v2,unpredictable,,6,2.511651
i64,zmij_x64_v3,unpredictable,,6,2.447510
i64,zmij_x64_v4,unpredictable,,6,2.437339
i64,amartin,unpredictable,,7,2.727087
i64,branchlut,unpredictable,,7,6.370989
i64,branchlut2,unpredictable,,7,5.552295
i64,countlut,unpredictable,,7,5.866424
i64,fmt,unpredictable,,7,4.320339
i64,jeaiii,unpredictable,,7,5.110723
i64,naive,unpredictable,,7,11.326269
i64,null,unpredictable,,7,0.752159
i64,sse2,unpredictable,,7,5.824936
i64,tmueller,unpredictable,,7,4.443777
i64,unrolledlut,unpredictable,,7,5.761079
i64,yy,unpredictable,,7,3.383290
i64,zmij_scalar,unpredictable,,7,5.284546
i64,zmij_x64_native,unpredictable,,7,2.415942
i64,zmij_x64_v1,unpredictable,,7,4.258009
i64,zmij_x64_v2,unpredictable,,7,2.576906
i64,zmij_x64_v3,unpredictable,,7,2.508287
i64,zmij_x64_v4,unpredictable,,7,2.498058
i64,amartin,unpredictable,,8,2.530463
i64,branchlut,unpredictable,,8,6.517390
i64,branchlut2,unpredictable,,8,5.844319
i64,countlut,unpredictable,,8,6.094851
i64,fmt,unpredictable,,8,4.363329
i64,jeaiii,unpredictable,,8,5.450904
i64,naive,unpredictable,,8,11.055929
i64,null,unpredictable,,8,0.712440
i64,sse2,unpredictable,,8,5.967616
i64,tmueller,unpredictable,,8,4.562612
i64,unrolledlut,unpredictable,,8,6.180468
i64,yy,unpredictable,,8,3.124782
i64,zmij_scalar,unpredictable,,8,4.967743
i64,zmij_x64_native,unpredictable,,8,2.320447
i64,zmij_x64_v1,unpredictable,,8,4.051191
i64,zmij_x64_v2,unpredictable,,8,2.555785
i64,zmij_x64_v3,unpredictable,,8,2.414841
i64,zmij_x64_v4,unpredictable,,8,2.437963
i64,amartin,unpredictable,,9,4.093280
i64,branchlut,unpredictable,,9,6.591673
i64,branchlut2,unpredictable,,9,5.004832
i64,countlut,unpredictable,,9,6.123892
i64,fmt,unpredictable,,9,4.613774
i64,jeaiii,unpredictable,,9,5.579503
i64,naive,unpredictable,,9,11.939513
i64,null,unpredictable,,9,0.697505
i64,sse2,unpredictable,,9,6.780164
i64,tmueller,unpredictable,,9,4.579374
i64,unrolledlut,unpredictable,,9,6.858181
i64,yy,unpredictable,,9,3.435098
i64,zmij_scalar,unpredictable,,9,4.947585
i64,zmij_x64_native,unpredictable,,9,2.316025
i64,zmij_x64_v1,unpredictable,,9,4.109166
i64,zmij_x64_v2,unpredictable,,9,2.557417
i64,zmij_x64_v3,unpredictable,,9,2.461113
i64,zmij_x64_v4,unpredictable,,9,2.461366
i64,amartin,unpredictable,,10,8.715936
i64,branchlut,unpredictable,,10,6.880801
i64,branchlut2,unpredictable,,10,5.191063
i64,countlut,unpredictable,,10,6.244638
i64,fmt,unpredictable,,10,4.338811
i64,jeaiii,unpredictable,,10,10.067234
i64,naive,unpredictable,,10,12.402791
i64,null,unpredictable,,10,0.740911
i64,sse2,unpredictable,,10,6.968529
i64,tmueller,unpredictable,,10,4.577762
i64,unrolledlut,unpredictable,,10,10.241314
i64,yy,unpredictable,,10,3.566742
i64,zmij_scalar,unpredictable,,10,5.182544
i64,zmij_x64_native,unpredictable,,10,2.398564
i64,zmij_x64_v1,unpredictable,,10,4.177529
i64,zmij_x64_v2,unpredictable,,10,2.633444
i64,zmij_x64_v3,unpredictable,,10,2.476400
i64,zmij_x64_v4,unpredictable,,10,2.439012
i64,amartin,unpredictable,,11,3.798556
i64,branchlut,unpredictable,,11,7.414040
i64,branchlut2,unpredictable,,11,5.379323
i64,countlut,unpredictable,,11,5.762079
i64,fmt,unpredictable,,11,4.724232
i64,jeaiii,unpredictable,,11,5.791570
i64,naive,unpredictable,,11,13.324593
i64,null,unpredictable,,11,0.984058
i64,sse2,unpredictable,,11,6.782086
i64,tmueller,unpredictable,,11,4.785688
i64,unrolledlut,unpredictable,,11,6.306754
i64,yy,unpredictable,,11,3.476517
i64,zmij_scalar,unpredictable,,11,4.944901
i64,zmij_x64_native,unpredictable,,11,2.377173
i64,zmij_x64_v1,unpredictable,,11,4.090464
i64,zmij_x64_v2,unpredictable,,11,2.545612
i64,zmij_x64_v3,unpredictable,,11,2.407703
i64,zmij_x64_v4,unpredictable,,11,2.464886
i64,amartin,unpredictable,,12,3.829445
i64,branchlut,unpredictable,,12,7.651632
i64,branchlut2,unpredictable,,12,5.522451
i64,countlut,unpredictable,,12,5.610409
i64,fmt,unpredictable,,12,4.496328
i64,jeaiii,unpredictable,,12,5.766223
i64,naive,unpredictable,,12,14.265491
i64,null,unpredictable,,12,0.883489
i64,sse2,unpredictable,,12,6.615231
i64,tmueller,unpredictable,,12,4.807249
i64,unrolledlut,unpredictable,,12,6.328274
i64,yy,unpredictable,,12,3.490886
i64,zmij_scalar,unpredictable,,12,5.150808
i64,zmij_x64_native,unpredictable,,12,2.409992
i64,zmij_x64_v1,unpredictable,,12,4.160161
i64,zmij_x64_v2,unpredictable,,12,2.610675
i64,zmij_x64_v3,unpredictable,,12,2.458518
i64,zmij_x64_v4,unpredictable,,12,2.503750
i64,amartin,unpredictable,,13,3.833599
i64,branchlut,unpredictable,,13,7.898074
i64,branchlut2,unpredictable,,13,5.566798
i64,countlut,unpredictable,,13,5.799677
i64,fmt,unpredictable,,13,4.972416
i64,jeaiii,unpredictable,,13,6.068453
i64,naive,unpredictable,,13,14.909240
i64,null,unpredictable,,13,0.715584
i64,sse2,unpredictable,,13,6.811124
i64,tmueller,unpredictable,,13,5.044773
i64,unrolledlut,unpredictable,,13,6.492035
i64,yy,unpredictable,,13,3.571546
i64,zmij_scalar,unpredictable,,13,4.909248
i64,zmij_x64_native,unpredictable,,13,2.338020
i64,zmij_x64_v1,unpredictable,,13,4.065182
i64,zmij_x64_v2,unpredictable,,13,2.552896
i64,zmij_x64_v3,unpredictable,,13,2.444730
i64,zmij_x64_v4,unpredictable,,13,2.408073
i64,amartin,unpredictable,,14,3.878984
i64,branchlut,unpredictable,,14,8.003512
i64,branchlut2,unpredictable,,14,5.642529
i64,countlut,unpredictable,,14,5.650558
i64,fmt,unpredictable,,14,4.812396
i64,jeaiii,unpredictable,,14,5.714392
i64,naive,unpredictable,,14,15.703566
i64,null,unpredictable,,14,0.821665
i64,sse2,unpredictable,,14,6.738511
i64,tmueller,unpredictable,,14,4.951743
i64,unrolledlut,unpredictable,,14,6.431126
i64,yy,unpredictable,,14,3.582173
i64,zmij_scalar,unpredictable,,14,4.902184
i64,zmij_x64_native,unpredictable,,14,2.352245
i64,zmij_x64_v1,unpredictable,,14,4.099261
i64,zmij_x64_v2,unpredictable,,14,2.588731
i64,zmij_x64_v3,unpredictable,,14,2.433405
i64,zmij_x64_v4,unpredictable,,14,2.439525
i64,amartin,unpredictable,,15,4.302857
i64,branchlut,unpredictable,,15,8.468563
i64,branchlut2,unpredictable,,15,5.966681
i64,countlut,unpredictable,,15,6.142104
i64,fmt,unpredictable,,15,5.233002
i64,jeaiii,unpredictable,,15,6.362215
i64,naive,unpredictable,,15,16.673820
i64,null,unpredictable,,15,0.702250
i64,sse2,unpredictable,,15,6.511340
i64,tmueller,unpredictable,,15,5.264661
i64,unrolledlut,unpredictable,,15,6.999875
i64,yy,unpredictable,,15,3.747511
i64,zmij_scalar,unpredictable,,15,4.930466
i64,zmij_x64_native,unpredictable,,15,2.405594
i64,zmij_x64_v1,unpredictable,,15,4.105983
i64,zmij_x64_v2,unpredictable,,15,2.541014
i64,zmij_x64_v3,unpredictable,,15,2.434935
i64,zmij_x64_v4,unpredictable,,15,2.479546
i64,amartin,unpredictable,,16,4.271077
i64,branchlut,unpredictable,,16,8.421907
i64,branchlut2,unpredictable,,16,5.970365
i64,countlut,unpredictable,,16,6.392271
i64,fmt,unpredictable,,16,5.305782
i64,jeaiii,unpredictable,,16,6.429800
i64,naive,unpredictable,,16,16.441732
i64,null,unpredictable,,16,0.755632
i64,sse2,unpredictable,,16,6.728664
i64,tmueller,unpredictable,,16,5.299315
i64,unrolledlut,unpredictable,,16,6.977683
i64,yy,unpredictable,,16,3.721245
i64,zmij_scalar,unpredictable,,16,4.958926
i64,zmij_x64_native,unpredictable,,16,2.349250
i64,zmij_x64_v1,unpredictable,,16,4.105285
i64,zmij_x64_v2,unpredictable,,16,2.570873
i64,zmij_x64_v3,unpredictable,,16,2.450897
i64,zmij_x64_v4,unpredictable,,16,2.450121
i64,amartin,unpredictable,,17,5.927826
i64,branchlut,unpredictable,,17,7.294133
i64,branchlut2,unpredictable,,17,6.737426
i64,countlut,unpredictable,,17,7.062495
i64,fmt,unpredictable,,17,5.759064
i64,jeaiii,unpredictable,,17,6.809907
i64,naive,unpredictable,,17,18.211975
i64,null,unpredictable,,17,0.697024
i64,sse2,unpredictable,,17,6.330191
i64,tmueller,unpredictable,,17,5.649471
i64,unrolledlut,unpredictable,,17,7.894051
i64,yy,unpredictable,,17,4.709837
i64,zmij_scalar,unpredictable,,17,4.931989
i64,zmij_x64_native,unpredictable,,17,2.362767
i64,zmij_x64_v1,unpredictable,,17,4.133398
i64,zmij_x64_v2,unpredictable,,17,2.580362
i64,zmij_x64_v3,unpredictable,,17,2.416100
i64,zmij_x64_v4,unpredictable,,17,2.471574
i64,amartin,unpredictable,,18,9.138741
i64,branchlut,unpredictable,,18,7.105250
i64,branchlut2,unpredictable,,18,6.716498
i64,countlut,unpredictable,,18,7.421309
i64,fmt,unpredictable,,18,5.830569
i64,jeaiii,unpredictable,,18,9.790374
i64,naive,unpredictable,,18,18.639184
i64,null,unpredictable,,18,0.914671
i64,sse2,unpredictable,,18,6.148048
i64,tmueller,unpredictable,,18,5.940120
i64,unrolledlut,unpredictable,,18,12.036886
i64,yy,unpredictable,,18,4.723150
i64,zmij_scalar,unpredictable,,18,4.932423
i64,zmij_x64_native,unpredictable,,18,2.399968
i64,zmij_x64_v1,unpredictable,,18,4.101667
i64,zmij_x64_v2,unpredictable,,18,2.566144
i64,zmij_x64_v3,unpredictable,,18,2.389766
i64,zmij_x64_v4,unpredictable,,18,2.443951
i64,amartin,unpredictable,,19,6.504603
i64,branchlut,unpredictable,,19,7.437669
i64,branchlut2,unpredictable,,19,7.379461
i64,countlut,unpredictable,,19,7.786111
i64,fmt,unpredictable,,19,6.758305
i64,jeaiii,unpredictable,,19,7.812335
i64,naive,unpredictable,,19,20.057970
i64,null,unpredictable,,19,0.774149
i64,sse2,unpredictable,,19,6.335321
i64,tmueller,unpredictable,,19,6.840333
i64,unrolledlut,unpredictable,,19,9.295745
i64,yy,unpredictable,,19,5.125094
i64,zmij_scalar,unpredictable,,19,4.929623
i64,zmij_x64_native,unpredictable,,19,2.396729
i64,zmij_x64_v1,unpredictable,,19,4.107175
i64,zmij_x64_v2,unpredictable,,19,2.647101
i64,zmij_x64_v3,unpredictable,,19,2.414427
i64,zmij_x64_v4,unpredictable,,19,2.457299
i64,amartin,admixture,5x6,0,1.848276
i64,branchlut,admixture,5x6,0,5.042297
i64,branchlut2,admixture,5x6,0,4.011271
i64,countlut,admixture,5x6,0,4.353824
i64,fmt,admixture,5x6,0,2.017579
i64,jeaiii,admixture,5x6,0,4.257485
i64,naive,admixture,5x6,0,7.964871
i64,null,admixture,5x6,0,0.769522
i64,sse2,admixture,5x6,0,5.055020
i64,tmueller,admixture,5x6,0,2.187527
i64,unrolledlut,admixture,5x6,0,4.970181
i64,yy,admixture,5x6,0,1.474335
i64,zmij_scalar,admixture,5x6,0,5.267419
i64,zmij_x64_native,admixture,5x6,0,2.415527
i64,zmij_x64_v1,admixture,5x6,0,4.124596
i64,zmij_x64_v2,admixture,5x6,0,2.542734
i64,zmij_x64_v3,admixture,5x6,0,2.423895
i64,zmij_x64_v4,admixture,5x6,0,2.470312
i64,amartin,admixture,5x6,10,1.839156
i64,branchlut,admixture,5x6,10,5.165248
i64,branchlut2,admixture,5x6,10,4.458178
i64,countlut,admixture,5x6,10,4.936175
i64,fmt,admixture,5x6,10,2.649234
i64,jeaiii,admixture,5x6,10,4.688817
i64,naive,admixture,5x6,10,8.385874
i64,null,admixture,5x6,10,1.058575
i64,sse2,admixture,5x6,10,5.023964
i64,tmueller,admixture,5x6,10,2.822026
i64,unrolledlut,admixture,5x6,10,5.001038
i64,yy,admixture,5x6,10,1.489321
i64,zmij_scalar,admixture,5x6,10,5.140580
i64,zmij_x64_native,admixture,5x6,10,2.363688
i64,zmij_x64_v1,admixture,5x6,10,4.092350
i64,zmij_x64_v2,admixture,5x6,10,2.537603
i64,zmij_x64_v3,admixture,5x6,10,2.397421
i64,zmij_x64_v4,admixture,5x6,10,2.431608
i64,amartin,admixture,5x6,20,1.813451
i64,branchlut,admixture,5x6,20,5.601073
i64,branchlut2,admixture,5x6,20,5.123677
i64,countlut,admixture,5x6,20,5.751053
i64,fmt,admixture,5x6,20,3.306373
i64,jeaiii,admixture,5x6,20,5.340488
i64,naive,admixture,5x6,20,9.033523
i64,null,admixture,5x6,20,1.068427
i64,sse2,admixture,5x6,20,5.634893
i64,tmueller,admixture,5x6,20,3.431810
i64,unrolledlut,admixture,5x6,20,5.518577
i64,yy,admixture,5x6,20,1.483467
i64,zmij_scalar,admixture,5x6,20,5.143452
i64,zmij_x64_native,admixture,5x6,20,2.370039
i64,zmij_x64_v1,admixture,5x6,20,4.094173
i64,zmij_x64_v2,admixture,5x6,20,2.528380
i64,zmij_x64_v3,admixture,5x6,20,2.421204
i64,zmij_x64_v4,admixture,5x6,20,2.441985
i64,amartin,admixture,5x6,30,1.847829
i64,branchlut,admixture,5x6,30,6.184198
i64,branchlut2,admixture,5x6,30,5.550729
i64,countlut,admixture,5x6,30,6.336532
i64,fmt,admixture,5x6,30,3.916903
i64,jeaiii,admixture,5x6,30,5.961816
i64,naive,admixture,5x6,30,9.588098
i64,null,admixture,5x6,30,0.772164
i64,sse2,admixture,5x6,30,6.188245
i64,tmueller,admixture,5x6,30,4.061952
i64,unrolledlut,admixture,5x6,30,6.126882
i64,yy,admixture,5x6,30,1.473475
i64,zmij_scalar,admixture,5x6,30,5.157024
i64,zmij_x64_native,admixture,5x6,30,2.369359
i64,zmij_x64_v1,admixture,5x6,30,4.084095
i64,zmij_x64_v2,admixture,5x6,30,2.558895
i64,zmij_x64_v3,admixture,5x6,30,2.415836
i64,zmij_x64_v4,admixture,5x6,30,2.446252
i64,amartin,admixture,5x6,40,1.851974
i64,branchlut,admixture,5x6,40,6.801692
i64,branchlut2,admixture,5x6,40,6.099837
i64,countlut,admixture,5x6,40,6.922751
i64,fmt,admixture,5x6,40,4.731106
i64,jeaiii,admixture,5x6,40,6.439904
i64,naive,admixture,5x6,40,10.244184
i64,null,admixture,5x6,40,0.759509
i64,sse2,admixture,5x6,40,6.822096
i64,tmueller,admixture,5x6,40,4.548426
i64,unrolledlut,admixture,5x6,40,6.841079
i64,yy,admixture,5x6,40,1.485218
i64,zmij_scalar,admixture,5x6,40,5.192918
i64,zmij_x64_native,admixture,5x6,40,2.359730
i64,zmij_x64_v1,admixture,5x6,40,4.112821
i64,zmij_x64_v2,admixture,5x6,40,2.557544
i64,zmij_x64_v3,admixture,5x6,40,2.421607
i64,zmij_x64_v4,admixture,5x6,40,2.412710
i64,amartin,admixture,5x6,50,1.821434
i64,branchlut,admixture,5x6,50,7.150361
i64,branchlut2,admixture,5x6,50,6.469567
i64,countlut,admixture,5x6,50,7.420739
i64,fmt,admixture,5x6,50,5.283683
i64,jeaiii,admixture,5x6,50,6.714555
i64,naive,admixture,5x6,50,10.370036
i64,null,admixture,5x6,50,0.876354
i64,sse2,admixture,5x6,50,7.039989
i64,tmueller,admixture,5x6,50,4.971785
i64,unrolledlut,admixture,5x6,50,7.186330
i64,yy,admixture,5x6,50,1.492250
i64,zmij_scalar,admixture,5x6,50,5.139220
i64,zmij_x64_native,admixture,5x6,50,2.353215
i64,zmij_x64_v1,admixture,5x6,50,4.067396
i64,zmij_x64_v2,admixture,5x6,50,2.530998
i64,zmij_x64_v3,admixture,5x6,50,2.410654
i64,zmij_x64_v4,admixture,5x6,50,2.438616
i64,amartin,admixture,5x6,60,1.818671
i64,branchlut,admixture,5x6,60,6.768224
i64,branchlut2,admixture,5x6,60,6.321610
i64,countlut,admixture,5x6,60,7.089169
i64,fmt,admixture,5x6,60,4.751777
i64,jeaiii,admixture,5x6,60,6.392597
i64,naive,admixture,5x6,60,9.907804
i64,null,admixture,5x6,60,1.097916
i64,sse2,admixture,5x6,60,6.855020
i64,tmueller,admixture,5x6,60,4.597972
i64,unrolledlut,admixture,5x6,60,6.839697
i64,yy,admixture,5x6,60,1.473929
i64,zmij_scalar,admixture,5x6,60,5.161666
i64,zmij_x64_native,admixture,5x6,60,2.361964
i64,zmij_x64_v1,admixture,5x6,60,4.084326
i64,zmij_x64_v2,admixture,5x6,60,2.526088
i64,zmij_x64_v3,admixture,5x6,60,2.425763
i64,zmij_x64_v4,admixture,5x6,60,2.426750
i64,amartin,admixture,5x6,70,1.825599
i64,branchlut,admixture,5x6,70,6.125047
i64,branchlut2,admixture,5x6,70,5.600637
i64,countlut,admixture,5x6,70,6.320458
i64,fmt,admixture,5x6,70,4.029436
i64,jeaiii,admixture,5x6,70,5.624681
i64,naive,admixture,5x6,70,9.105709
i64,null,admixture,5x6,70,0.739585
i64,sse2,admixture,5x6,70,6.248105
i64,tmueller,admixture,5x6,70,4.016482
i64,unrolledlut,admixture,5x6,70,6.218274
i64,yy,admixture,5x6,70,1.500384
i64,zmij_scalar,admixture,5x6,70,5.308754
i64,zmij_x64_native,admixture,5x6,70,2.406512
i64,zmij_x64_v1,admixture,5x6,70,4.153373
i64,zmij_x64_v2,admixture,5x6,70,2.578348
i64,zmij_x64_v3,admixture,5x6,70,2.402177
i64,zmij_x64_v4,admixture,5x6,70,2.478548
i64,amartin,admixture,5x6,80,1.823494
i64,branchlut,admixture,5x6,80,5.494696
i64,branchlut2,admixture,5x6,80,5.033463
i64,countlut,admixture,5x6,80,5.663710
i64,fmt,admixture,5x6,80,3.339027
i64,jeaiii,admixture,5x6,80,5.154155
i64,naive,admixture,5x6,80,8.426779
i64,null,admixture,5x6,80,0.763675
i64,sse2,admixture,5x6,80,5.740977
i64,tmueller,admixture,5x6,80,3.418603
i64,unrolledlut,admixture,5x6,80,5.691180
i64,yy,admixture,5x6,80,1.480144
i64,zmij_scalar,admixture,5x6,80,5.169890
i64,zmij_x64_native,admixture,5x6,80,2.366024
i64,zmij_x64_v1,admixture,5x6,80,4.142067
i64,zmij_x64_v2,admixture,5x6,80,2.535905
i64,zmij_x64_v3,admixture,5x6,80,2.440537
i64,zmij_x64_v4,admixture,5x6,80,2.442067
i64,amartin,admixture,5x6,90,1.815439
i64,branchlut,admixture,5x6,90,5.042405
i64,branchlut2,admixture,5x6,90,4.452156
i64,countlut,admixture,5x6,90,4.933627
i64,fmt,admixture,5x6,90,2.707504
i64,jeaiii,admixture,5x6,90,4.509535
i64,naive,admixture,5x6,90,7.683217
i64,null,admixture,5x6,90,0.944596
i64,sse2,admixture,5x6,90,4.976986
i64,tmueller,admixture,5x6,90,2.848216
i64,unrolledlut,admixture,5x6,90,5.197895
i64,yy,admixture,5x6,90,1.487690
i64,zmij_scalar,admixture,5x6,90,5.145654
i64,zmij_x64_native,admixture,5x6,90,2.374365
i64,zmij_x64_v1,admixture,5x6,90,4.088594
i64,zmij_x64_v2,admixture,5x6,90,2.547175
i64,zmij_x64_v3,admixture,5x6,90,2.424967
i64,zmij_x64_v4,admixture,5x6,90,2.440310
i64,amartin,admixture,5x6,100,1.839763
i64,branchlut,admixture,5x6,100,4.907045
i64,branchlut2,admixture,5x6,100,3.930593
i64,countlut,admixture,5x6,100,4.270542
i64,fmt,admixture,5x6,100,2.030509
i64,jeaiii,admixture,5x6,100,4.090217
i64,naive,admixture,5x6,100,7.021730
i64,null,admixture,5x6,100,1.052252
i64,sse2,admixture,5x6,100,4.830441
i64,tmueller,admixture,5x6,100,2.198169
i64,unrolledlut,admixture,5x6,100,5.027286
i64,yy,admixture,5x6,100,1.486977
i64,zmij_scalar,admixture,5x6,100,5.136719
i64,zmij_x64_native,admixture,5x6,100,2.364985
i64,zmij_x64_v1,admixture,5x6,100,4.090378
i64,zmij_x64_v2,admixture,5x6,100,2.533331
i64,zmij_x64_v3,admixture,5x6,100,2.411873
i64,zmij_x64_v4,admixture,5x6,100,2.427421
u32,amartin,uniform,0-255,0,3.431684
u32,branchlut,uniform,0-255,0,3.646753
u32,branchlut2,uniform,0-255,0,3.747834
u32,countlut,uniform,0-255,0,3.745312
u32,fmt,uniform,0-255,0,3.881907
u32,jeaiii,uniform,0-255,0,3.607664
u32,naive,uniform,0-255,0,4.825826
u32,null,uniform,0-255,0,0.821454
u32,sse2,uniform,0-255,0,3.733692
u32,tmueller,uniform,0-255,0,1.613834
u32,toy256,uniform,0-255,0,0.930093
u32,unrolledlut,uniform,0-255,0,3.840831
u32,yy,uniform,0-255,0,3.563493
u32,zmij_scalar,uniform,0-255,0,2.249172
u32,zmij_x64_native,uniform,0-255,0,1.221286
u32,zmij_x64_v1,uniform,0-255,0,1.832152
u32,zmij_x64_v2,uniform,0-255,0,1.302464
u32,zmij_x64_v3,uniform,0-255,0,1.292928
u32,zmij_x64_v4,uniform,0-255,0,1.270245
i32,amartin,uniform,0-255,0,3.596074
i32,branchlut,uniform,0-255,0,3.588746
i32,branchlut2,uniform,0-255,0,3.758048
i32,countlut,uniform,0-255,0,3.589386
i32,fmt,uniform,0-255,0,3.744528
i32,jeaiii,uniform,0-255,0,3.474308
i32,naive,uniform,0-255,0,4.939145
i32,null,uniform,0-255,0,0.897864
i32,sse2,uniform,0-255,0,3.546619
i32,tmueller,uniform,0-255,0,2.019436
i32,toy256,uniform,0-255,0,1.024915
i32,unrolledlut,uniform,0-255,0,3.663503
i32,yy,uniform,0-255,0,3.599514
i32,zmij_scalar,uniform,0-255,0,2.450644
i32,zmij_x64_native,uniform,0-255,0,1.445737
i32,zmij_x64_v1,uniform,0-255,0,2.094718
i32,zmij_x64_v2,uniform,0-255,0,1.525500
i32,zmij_x64_v3,uniform,0-255,0,1.480765
i32,zmij_x64_v4,uniform,0-255,0,1.471803
u64,amartin,uniform,0-255,0,3.529964
u64,branchlut,uniform,0-255,0,3.446934
u64,branchlut2,uniform,0-255,0,3.580720
u64,countlut,uniform,0-255,0,3.589214
u64,fmt,uniform,0-255,0,3.454281
u64,jeaiii,uniform,0-255,0,3.375262
u64,naive,uniform,0-255,0,4.962430
u64,null,uniform,0-255,0,0.828630
u64,sse2,uniform,0-255,0,3.451214
u64,tmueller,uniform,0-255,0,3.451014
u64,toy256,uniform,0-255,0,0.829137
u64,unrolledlut,uniform,0-255,0,3.995494
u64,yy,uniform,0-255,0,3.279056
u64,zmij_scalar,uniform,0-255,0,4.848958
u64,zmij_x64_native,uniform,0-255,0,2.083435
u64,zmij_x64_v1,uniform,0-255,0,3.696439
u64,zmij_x64_v2,uniform,0-255,0,2.306721
u64,zmij_x64_v3,uniform,0-255,0,2.185584
u64,zmij_x64_v4,uniform,0-255,0,2.222294
i64,amartin,uniform,0-255,0,3.870144
i64,branchlut,uniform,0-255,0,3.574471
i64,branchlut2,uniform,0-255,0,3.643667
i64,countlut,uniform,0-255,0,3.599524
i64,fmt,uniform,0-255,0,3.616173
i64,jeaiii,uniform,0-255,0,3.569540
i64,naive,uniform,0-255,0,4.966578
i64,null,uniform,0-255,0,0.855757
i64,sse2,uniform,0-255,0,3.469597
i64,tmueller,uniform,0-255,0,3.788317
i64,toy256,uniform,0-255,0,0.948629
i64,unrolledlut,uniform,0-255,0,4.032969
i64,yy,uniform,0-255,0,3.335094
i64,zmij_scalar,uniform,0-255,0,5.182689
i64,zmij_x64_native,uniform,0-255,0,2.353481
i64,zmij_x64_v1,uniform,0-255,0,4.073318
i64,zmij_x64_v2,uniform,0-255,0,2.498419
i64,zmij_x64_v3,uniform,0-255,0,2.386589
i64,zmij_x64_v4,uniform,0-255,0,2.401800
u128,fmt,bylength,,1,2.597754
u128,naive,bylength,,1,3.098585
u128,null,bylength,,1,0.819844
u128,zmij_scalar,bylength,,1,5.173618
u128,zmij_x64_native,bylength,,1,2.184053
u128,zmij_x64_v1,bylength,,1,3.832150
u128,zmij_x64_v2,bylength,,1,2.492604
u128,zmij_x64_v3,bylength,,1,2.323227
u128,zmij_x64_v4,bylength,,1,2.309755
u128,fmt,bylength,,2,2.839794
u128,naive,bylength,,2,4.971822
u128,null,bylength,,2,0.758485
u128,zmij_scalar,bylength,,2,5.152597
u128,zmij_x64_native,bylength,,2,2.208417
u128,zmij_x64_v1,bylength,,2,3.827393
u128,zmij_x64_v2,bylength,,2,2.477173
u128,zmij_x64_v3,bylength,,2,2.329314
u128,zmij_x64_v4,bylength,,2,2.332782
u128,fmt,bylength,,3,2.924947
u128,naive,bylength,,3,7.706237
u128,null,bylength,,3,0.983297
u128,zmij_scalar,bylength,,3,5.149091
u128,zmij_x64_native,bylength,,3,2.186499
u128,zmij_x64_v1,bylength,,3,3.849463
u128,zmij_x64_v2,bylength,,3,2.480700
u128,zmij_x64_v3,bylength,,3,2.333785
u128,zmij_x64_v4,bylength,,3,2.326389
u128,fmt,bylength,,4,3.019607
u128,naive,bylength,,4,11.340213
u128,null,bylength,,4,0.926991
u128,zmij_scalar,bylength,,4,5.195594
u128,zmij_x64_native,bylength,,4,2.242614
u128,zmij_x64_v1,bylength,,4,3.924191
u128,zmij_x64_v2,bylength,,4,2.543684
u128,zmij_x64_v3,bylength,,4,2.403735
u128,zmij_x64_v4,bylength,,4,2.343512
u128,fmt,bylength,,5,3.259754
u128,naive,bylength,,5,14.650284
u128,null,bylength,,5,0.923552
u128,zmij_scalar,bylength,,5,5.081616
u128,zmij_x64_native,bylength,,5,2.183355
u128,zmij_x64_v1,bylength,,5,3.845002
u128,zmij_x64_v2,bylength,,5,2.490063
u128,zmij_x64_v3,bylength,,5,2.454080
u128,zmij_x64_v4,bylength,,5,2.312487
u128,fmt,bylength,,6,3.302808
u128,naive,bylength,,6,18.360600
u128,null,bylength,,6,0.919406
u128,zmij_scalar,bylength,,6,5.099311
u128,zmij_x64_native,bylength,,6,2.187167
u128,zmij_x64_v1,bylength,,6,3.831731
u128,zmij_x64_v2,bylength,,6,2.476849
u128,zmij_x64_v3,bylength,,6,2.330250
u128,zmij_x64_v4,bylength,,6,2.312096
u128,fmt,bylength,,7,3.735782
u128,naive,bylength,,7,22.003483
u128,null,bylength,,7,0.853563
u128,zmij_scalar,bylength,,7,5.103333
u128,zmij_x64_native,bylength,,7,2.174345
u128,zmij_x64_v1,bylength,,7,3.828529
u128,zmij_x64_v2,bylength,,7,2.468344
u128,zmij_x64_v3,bylength,,7,2.336030
u128,zmij_x64_v4,bylength,,7,2.316223
u128,fmt,bylength,,8,3.756201
u128,naive,bylength,,8,24.654848
u128,null,bylength,,8,0.984435
u128,zmij_scalar,bylength,,8,5.115974
u128,zmij_x64_native,bylength,,8,2.182103
u128,zmij_x64_v1,bylength,,8,3.823733
u128,zmij_x64_v2,bylength,,8,2.433546
u128,zmij_x64_v3,bylength,,8,2.326141
u128,zmij_x64_v4,bylength,,8,2.310280
u128,fmt,bylength,,9,4.334100
u128,naive,bylength,,9,28.583807
u128,null,bylength,,9,0.921011
u128,zmij_scalar,bylength,,9,5.279007
u128,zmij_x64_native,bylength,,9,2.180163
u128,zmij_x64_v1,bylength,,9,3.800209
u128,zmij_x64_v2,bylength,,9,2.445260
u128,zmij_x64_v3,bylength,,9,2.320819
u128,zmij_x64_v4,bylength,,9,2.312745
u128,fmt,bylength,,10,4.322424
u128,naive,bylength,,10,32.600431
u128,null,bylength,,10,0.780394
u128,zmij_scalar,bylength,,10,5.321802
u128,zmij_x64_native,bylength,,10,2.211207
u128,zmij_x64_v1,bylength,,10,3.822119
u128,zmij_x64_v2,bylength,,10,2.452197
u128,zmij_x64_v3,bylength,,10,2.332055
u128,zmij_x64_v4,bylength,,10,2.326868
u128,fmt,bylength,,11,5.170900
u128,naive,bylength,,11,36.190867
u128,null,bylength,,11,0.815488
u128,zmij_scalar,bylength,,11,5.308990
u128,zmij_x64_native,bylength,,11,2.184092
u128,zmij_x64_v1,bylength,,11,3.828949
u128,zmij_x64_v2,bylength,,11,2.446063
u128,zmij_x64_v3,bylength,,11,2.327670
u128,zmij_x64_v4,bylength,,11,2.293072
u128,fmt,bylength,,12,5.150089
u128,naive,bylength,,12,39.898128
u128,null,bylength,,12,1.018951
u128,zmij_scalar,bylength,,12,5.301972
u128,zmij_x64_native,bylength,,12,2.171956
u128,zmij_x64_v1,bylength,,12,3.819804
u128,zmij_x64_v2,bylength,,12,2.457215
u128,zmij_x64_v3,bylength,,12,2.326745
u128,zmij_x64_v4,bylength,,12,2.316043
u128,fmt,bylength,,13,5.786171
u128,naive,bylength,,13,43.829591
u128,null,bylength,,13,0.786503
u128,zmij_scalar,bylength,,13,5.294578
u128,zmij_x64_native,bylength,,13,2.212804
u128,zmij_x64_v1,bylength,,13,3.822900
u128,zmij_x64_v2,bylength,,13,2.446924
u128,zmij_x64_v3,bylength,,13,2.340789
u128,zmij_x64_v4,bylength,,13,2.308648
u128,fmt,bylength,,14,5.805748
u128,naive,bylength,,14,47.531709
u128,null,bylength,,14,0.903396
u128,zmij_scalar,bylength,,14,5.321120
u128,zmij_x64_native,bylength,,14,2.169548
u128,zmij_x64_v1,bylength,,14,3.847934
u128,zmij_x64_v2,bylength,,14,2.470620
u128,zmij_x64_v3,bylength,,14,2.326228
u128,zmij_x64_v4,bylength,,14,2.327948
u128,fmt,bylength,,15,6.934371
u128,naive,bylength,,15,51.307199
u128,null,bylength,,15,0.936704
u128,zmij_scalar,bylength,,15,5.308336
u128,zmij_x64_native,bylength,,15,2.174355
u128,zmij_x64_v1,bylength,,15,3.824476
u128,zmij_x64_v2,bylength,,15,2.447164
u128,zmij_x64_v3,bylength,,15,2.328809
u128,zmij_x64_v4,bylength,,15,2.306765
u128,fmt,bylength,,16,6.940466
u128,naive,bylength,,16,53.416582
u128,null,bylength,,16,0.855164
u128,zmij_scalar,bylength,,16,5.297299
u128,zmij_x64_native,bylength,,16,2.181798
u128,zmij_x64_v1,bylength,,16,3.836669
u128,zmij_x64_v2,bylength,,16,2.463148
u128,zmij_x64_v3,bylength,,16,2.325531
u128,zmij_x64_v4,bylength,,16,2.311763
u128,fmt,bylength,,17,7.482174
u128,naive,bylength,,17,57.388651
u128,null,bylength,,17,0.804027
u128,zmij_scalar,bylength,,17,5.322208
u128,zmij_x64_native,bylength,,17,2.195031
u128,zmij_x64_v1,bylength,,17,3.816135
u128,zmij_x64_v2,bylength,,17,2.451091
u128,zmij_x64_v3,bylength,,17,2.332305
u128,zmij_x64_v4,bylength,,17,2.322904
u128,fmt,bylength,,18,7.471358
u128,naive,bylength,,18,61.297153
u128,null,bylength,,18,0.770801
u128,zmij_scalar,bylength,,18,5.299869
u128,zmij_x64_native,bylength,,18,2.195578
u128,zmij_x64_v1,bylength,,18,3.821757
u128,zmij_x64_v2,bylength,,18,2.448539
u128,zmij_x64_v3,bylength,,18,2.329782
u128,zmij_x64_v4,bylength,,18,2.309670
u128,fmt,bylength,,19,8.000099
u128,naive,bylength,,19,64.962775
u128,null,bylength,,19,0.813187
u128,zmij_scalar,bylength,,19,5.340095
u128,zmij_x64_native,bylength,,19,2.196294
u128,zmij_x64_v1,bylength,,19,3.832431
u128,zmij_x64_v2,bylength,,19,2.444172
u128,zmij_x64_v3,bylength,,19,2.322808
u128,zmij_x64_v4,bylength,,19,2.290189
u128,fmt,bylength,,20,12.708949
u128,naive,bylength,,20,68.803623
u128,null,bylength,,20,0.866453
u128,zmij_scalar,bylength,,20,8.994157
u128,zmij_x64_native,bylength,,20,3.904999
u128,zmij_x64_v1,bylength,,20,5.462882
u128,zmij_x64_v2,bylength,,20,4.342807
u128,zmij_x64_v3,bylength,,20,3.932086
u128,zmij_x64_v4,bylength,,20,3.933969
u128,fmt,bylength,,21,13.029453
u128,naive,bylength,,21,72.712749
u128,null,bylength,,21,1.112784
u128,zmij_scalar,bylength,,21,8.943459
u128,zmij_x64_native,bylength,,21,3.731818
u128,zmij_x64_v1,bylength,,21,5.322083
u128,zmij_x64_v2,bylength,,21,4.094813
u128,zmij_x64_v3,bylength,,21,3.729678
u128,zmij_x64_v4,bylength,,21,3.760397
u128,fmt,bylength,,22,13.547580
u128,naive,bylength,,22,76.300941
u128,null,bylength,,22,0.779793
u128,zmij_scalar,bylength,,22,8.962586
u128,zmij_x64_native,bylength,,22,3.690886
u128,zmij_x64_v1,bylength,,22,5.312968
u128,zmij_x64_v2,bylength,,22,4.084570
u128,zmij_x64_v3,bylength,,22,3.744460
u128,zmij_x64_v4,bylength,,22,3.745588
u128,fmt,bylength,,23,13.657927
u128,naive,bylength,,23,80.115744
u128,null,bylength,,23,0.844276
u128,zmij_scalar,bylength,,23,8.943765
u128,zmij_x64_native,bylength,,23,3.710798
u128,zmij_x64_v1,bylength,,23,5.300949
u128,zmij_x64_v2,bylength,,23,4.096409
u128,zmij_x64_v3,bylength,,23,3.737810
u128,zmij_x64_v4,bylength,,23,3.750078
u128,fmt,bylength,,24,14.480457
u128,naive,bylength,,24,82.336335
u128,null,bylength,,24,0.961505
u128,zmij_scalar,bylength,,24,8.937899
u128,zmij_x64_native,bylength,,24,3.713942
u128,zmij_x64_v1,bylength,,24,5.330912
u128,zmij_x64_v2,bylength,,24,4.086586
u128,zmij_x64_v3,bylength,,24,3.729965
u128,zmij_x64_v4,bylength,,24,3.757196
u128,fmt,bylength,,25,15.007314
u128,naive,bylength,,25,86.165345
u128,null,bylength,,25,0.972888
u128,zmij_scalar,bylength,,25,8.986323
u128,zmij_x64_native,bylength,,25,3.703545
u128,zmij_x64_v1,bylength,,25,5.371505
u128,zmij_x64_v2,bylength,,25,4.078426
u128,zmij_x64_v3,bylength,,25,3.721631
u128,zmij_x64_v4,bylength,,25,3.737100
u128,fmt,bylength,,26,15.873056
u128,naive,bylength,,26,90.285498
u128,null,bylength,,26,0.842838
u128,zmij_scalar,bylength,,26,9.080677
u128,zmij_x64_native,bylength,,26,3.707290
u128,zmij_x64_v1,bylength,,26,5.312324
u128,zmij_x64_v2,bylength,,26,4.113540
u128,zmij_x64_v3,bylength,,26,3.728234
u128,zmij_x64_v4,bylength,,26,3.752511
u128,fmt,bylength,,27,15.822301
u128,naive,bylength,,27,93.867933
u128,null,bylength,,27,0.968693
u128,zmij_scalar,bylength,,27,8.973597
u128,zmij_x64_native,bylength,,27,3.716710
u128,zmij_x64_v1,bylength,,27,5.330820
u128,zmij_x64_v2,bylength,,27,4.100335
u128,zmij_x64_v3,bylength,,27,3.742317
u128,zmij_x64_v4,bylength,,27,3.736642
u128,fmt,bylength,,28,16.680083
u128,naive,bylength,,28,97.876084
u128,null,bylength,,28,1.031813
u128,zmij_scalar,bylength,,28,8.971332
u128,zmij_x64_native,bylength,,28,3.708732
u128,zmij_x64_v1,bylength,,28,5.331786
u128,zmij_x64_v2,bylength,,28,4.076992
u128,zmij_x64_v3,bylength,,28,3.714140
u128,zmij_x64_v4,bylength,,28,3.770820
u128,fmt,bylength,,29,16.496221
u128,naive,bylength,,29,101.540389
u128,null,bylength,,29,0.880672
u128,zmij_scalar,bylength,,29,8.975137
u128,zmij_x64_native,bylength,,29,3.701942
u128,zmij_x64_v1,bylength,,29,5.310019
u128,zmij_x64_v2,bylength,,29,4.084639
u128,zmij_x64_v3,bylength,,29,3.730195
u128,zmij_x64_v4,bylength,,29,3.759377
u128,fmt,bylength,,30,17.014624
u128,naive,bylength,,30,105.168243
u128,null,bylength,,30,0.773907
u128,zmij_scalar,bylength,,30,8.970368
u128,zmij_x64_native,bylength,,30,3.709214
u128,zmij_x64_v1,bylength,,30,5.324063
u128,zmij_x64_v2,bylength,,30,4.079671
u128,zmij_x64_v3,bylength,,30,3.727358
u128,zmij_x64_v4,bylength,,30,3.750357
u128,fmt,bylength,,31,17.107477
u128,naive,bylength,,31,109.053332
u128,null,bylength,,31,0.803583
u128,zmij_scalar,bylength,,31,8.982676
u128,zmij_x64_native,bylength,,31,3.693534
u128,zmij_x64_v1,bylength,,31,5.353511
u128,zmij_x64_v2,bylength,,31,4.078657
u128,zmij_x64_v3,bylength,,31,3.726890
u128,zmij_x64_v4,bylength,,31,3.752497
u128,fmt,bylength,,32,17.835033
u128,naive,bylength,,32,111.372005
u128,null,bylength,,32,1.059145
u128,zmij_scalar,bylength,,32,8.975987
u128,zmij_x64_native,bylength,,32,3.708938
u128,zmij_x64_v1,bylength,,32,5.315091
u128,zmij_x64_v2,bylength,,32,4.083512
u128,zmij_x64_v3,bylength,,32,3.723451
u128,zmij_x64_v4,bylength,,32,3.748054
u128,fmt,bylength,,33,18.420913
u128,naive,bylength,,33,114.973890
u128,null,bylength,,33,0.829085
u128,zmij_scalar,bylength,,33,11.932421
u128,zmij_x64_native,bylength,,33,4.278372
u128,zmij_x64_v1,bylength,,33,5.879940
u128,zmij_x64_v2,bylength,,33,4.652088
u128,zmij_x64_v3,bylength,,33,4.372944
u128,zmij_x64_v4,bylength,,33,4.399565
u128,fmt,bylength,,34,19.303653
u128,naive,bylength,,34,119.630946
u128,null,bylength,,34,1.122885
u128,zmij_scalar,bylength,,34,11.872524
u128,zmij_x64_native,bylength,,34,4.351764
u128,zmij_x64_v1,bylength,,34,5.843576
u128,zmij_x64_v2,bylength,,34,4.697627
u128,zmij_x64_v3,bylength,,34,4.386658
u128,zmij_x64_v4,bylength,,34,4.351991
u128,fmt,bylength,,35,18.938355
u128,naive,bylength,,35,122.821215
u128,null,bylength,,35,0.882449
u128,zmij_scalar,bylength,,35,11.919868
u128,zmij_x64_native,bylength,,35,4.299078
u128,zmij_x64_v1,bylength,,35,5.802491
u128,zmij_x64_v2,bylength,,35,4.649050
u128,zmij_x64_v3,bylength,,35,4.372343
u128,zmij_x64_v4,bylength,,35,4.382988
u128,fmt,bylength,,36,19.649658
u128,naive,bylength,,36,126.467674
u128,null,bylength,,36,0.765804
u128,zmij_scalar,bylength,,36,11.947224
u128,zmij_x64_native,bylength,,36,4.275736
u128,zmij_x64_v1,bylength,,36,5.809370
u128,zmij_x64_v2,bylength,,36,4.654562
u128,zmij_x64_v3,bylength,,36,4.342093
u128,zmij_x64_v4,bylength,,36,4.352221
u128,fmt,bylength,,37,19.692110
u128,naive,bylength,,37,130.364163
u128,null,bylength,,37,0.852122
u128,zmij_scalar,bylength,,37,11.960667
u128,zmij_x64_native,bylength,,37,4.290899
u128,zmij_x64_v1,bylength,,37,5.825240
u128,zmij_x64_v2,bylength,,37,4.672765
u128,zmij_x64_v3,bylength,,37,4.329949
u128,zmij_x64_v4,bylength,,37,4.342705
u128,fmt,bylength,,38,20.254820
u128,naive,bylength,,38,134.337386
u128,null,bylength,,38,1.085660
u128,zmij_scalar,bylength,,38,12.145828
u128,zmij_x64_native,bylength,,38,4.363716
u128,zmij_x64_v1,bylength,,38,5.920902
u128,zmij_x64_v2,bylength,,38,4.783495
u128,zmij_x64_v3,bylength,,38,4.461356
u128,zmij_x64_v4,bylength,,38,4.439552
u128,fmt,bylength,,39,26.153498
u128,naive,bylength,,39,137.609833
u128,null,bylength,,39,0.867476
u128,zmij_scalar,bylength,,39,11.831506
u128,zmij_x64_native,bylength,,39,4.299861
u128,zmij_x64_v1,bylength,,39,5.800007
u128,zmij_x64_v2,bylength,,39,4.640498
u128,zmij_x64_v3,bylength,,39,4.359512
u128,zmij_x64_v4,bylength,,39,4.346518
u128,fmt,loguniform,1-39,39,21.002025
u128,naive,loguniform,1-39,39,76.066023
u128,null,loguniform,1-39,39,0.920493
u128,zmij_scalar,loguniform,1-39,39,9.551024
u128,zmij_x64_native,loguniform,1-39,39,6.255948
u128,zmij_x64_v1,loguniform,1-39,39,7.261067
u128,zmij_x64_v2,loguniform,1-39,39,6.801963
u128,zmij_x64_v3,loguniform,1-39,39,6.461090
u128,zmij_x64_v4,loguniform,1-39,39,6.279009
u128,fmt,loguniform,1-4,4,7.830488
u128,naive,loguniform,1-4,4,10.492076
u128,null,loguniform,1-4,4,0.934380
u128,zmij_scalar,loguniform,1-4,4,5.175562
u128,zmij_x64_native,loguniform,1-4,4,2.182463
u128,zmij_x64_v1,loguniform,1-4,4,3.837694
u128,zmij_x64_v2,loguniform,1-4,4,2.465332
u128,zmij_x64_v3,loguniform,1-4,4,2.339572
u128,zmij_x64_v4,loguniform,1-4,4,2.311357
u128,fmt,uniform,0-255,0,5.232776
u128,naive,uniform,0-255,0,8.673584
u128,null,uniform,0-255,0,0.771491
u128,toy256,uniform,0-255,0,0.804607
u128,zmij_scalar,uniform,0-255,0,5.136922
u128,zmij_x64_native,uniform,0-255,0,2.180226
u128,zmij_x64_v1,uniform,0-255,0,3.816683
u128,zmij_x64_v2,uniform,0-255,0,2.465475
u128,zmij_x64_v3,uniform,0-255,0,2.340756
u128,zmij_x64_v4,uniform,0-255,0,2.319994
u128,fmt,unpredictable,,1,4.828762
u128,naive,unpredictable,,1,5.207895
u128,null,unpredictable,,1,0.821720
u128,zmij_scalar,unpredictable,,1,4.813378
u128,zmij_x64_native,unpredictable,,1,2.459408
u128,zmij_x64_v1,unpredictable,,1,3.904960
u128,zmij_x64_v2,unpredictable,,1,2.604507
u128,zmij_x64_v3,unpredictable,,1,2.685797
u128,zmij_x64_v4,unpredictable,,1,2.536163
u128,fmt,unpredictable,,2,5.185501
u128,naive,unpredictable,,2,7.836317
u128,null,unpredictable,,2,1.469936
u128,zmij_scalar,unpredictable,,2,4.861171
u128,zmij_x64_native,unpredictable,,2,2.505424
u128,zmij_x64_v1,unpredictable,,2,4.211093
u128,zmij_x64_v2,unpredictable,,2,2.651783
u128,zmij_x64_v3,unpredictable,,2,2.708635
u128,zmij_x64_v4,unpredictable,,2,2.615465
u128,fmt,unpredictable,,3,4.383682
u128,naive,unpredictable,,3,10.891319
u128,null,unpredictable,,3,1.137831
u128,zmij_scalar,unpredictable,,3,4.931474
u128,zmij_x64_native,unpredictable,,3,2.423655
u128,zmij_x64_v1,unpredictable,,3,4.095042
u128,zmij_x64_v2,unpredictable,,3,2.593805
u128,zmij_x64_v3,unpredictable,,3,2.651897
u128,zmij_x64_v4,unpredictable,,3,2.555346
u128,fmt,unpredictable,,4,5.306480
u128,naive,unpredictable,,4,14.062742
u128,null,unpredictable,,4,1.000338
u128,zmij_scalar,unpredictable,,4,4.980432
u128,zmij_x64_native,unpredictable,,4,2.451305
u128,zmij_x64_v1,unpredictable,,4,4.210158
u128,zmij_x64_v2,unpredictable,,4,2.684004
u128,zmij_x64_v3,unpredictable,,4,2.727533
u128,zmij_x64_v4,unpredictable,,4,2.601707
u128,fmt,unpredictable,,5,5.491081
u128,naive,unpredictable,,5,17.938751
u128,null,unpredictable,,5,0.772343
u128,zmij_scalar,unpredictable,,5,4.965949
u128,zmij_x64_native,unpredictable,,5,2.521780
u128,zmij_x64_v1,unpredictable,,5,4.169320
u128,zmij_x64_v2,unpredictable,,5,2.688169
u128,zmij_x64_v3,unpredictable,,5,2.817003
u128,zmij_x64_v4,unpredictable,,5,2.637249
u128,fmt,unpredictable,,6,4.689329
u128,naive,unpredictable,,6,21.261518
u128,null,unpredictable,,6,1.175415
u128,zmij_scalar,unpredictable,,6,4.884677
u128,zmij_x64_native,unpredictable,,6,2.426262
u128,zmij_x64_v1,unpredictable,,6,3.998487
u128,zmij_x64_v2,unpredictable,,6,2.600044
u128,zmij_x64_v3,unpredictable,,6,2.674093
u128,zmij_x64_v4,unpredictable,,6,2.576395
u128,fmt,unpredictable,,7,4.737886
u128,naive,unpredictable,,7,24.921509
u128,null,unpredictable,,7,0.720819
u128,zmij_scalar,unpredictable,,7,4.915978
u128,zmij_x64_native,unpredictable,,7,2.435894
u128,zmij_x64_v1,unpredictable,,7,3.923387
u128,zmij_x64_v2,unpredictable,,7,2.640842
u128,zmij_x64_v3,unpredictable,,7,2.624943
u128,zmij_x64_v4,unpredictable,,7,2.498619
u128,fmt,unpredictable,,8,4.724873
u128,naive,unpredictable,,8,27.024035
u128,null,unpredictable,,8,0.856861
u128,zmij_scalar,unpredictable,,8,4.904304
u128,zmij_x64_native,unpredictable,,8,2.465244
u128,zmij_x64_v1,unpredictable,,8,3.965219
u128,zmij_x64_v2,unpredictable,,8,2.620701
u128,zmij_x64_v3,unpredictable,,8,2.597750
u128,zmij_x64_v4,unpredictable,,8,2.514771
u128,fmt,unpredictable,,9,5.276009
u128,naive,unpredictable,,9,30.856466
u128,null,unpredictable,,9,0.842451
u128,zmij_scalar,unpredictable,,9,4.978486
u128,zmij_x64_native,unpredictable,,9,2.440615
u128,zmij_x64_v1,unpredictable,,9,3.921340
u128,zmij_x64_v2,unpredictable,,9,2.597233
u128,zmij_x64_v3,unpredictable,,9,2.642714
u128,zmij_x64_v4,unpredictable,,9,2.547388
u128,fmt,unpredictable,,10,5.380333
u128,naive,unpredictable,,10,34.855555
u128,null,unpredictable,,10,0.879143
u128,zmij_scalar,unpredictable,,10,4.956052
u128,zmij_x64_native,unpredictable,,10,2.404840
u128,zmij_x64_v1,unpredictable,,10,3.923520
u128,zmij_x64_v2,unpredictable,,10,2.636257
u128,zmij_x64_v3,unpredictable,,10,2.606434
u128,zmij_x64_v4,unpredictable,,10,2.529242
u128,fmt,unpredictable,,11,5.714905
u128,naive,unpredictable,,11,38.123074
u128,null,unpredictable,,11,0.762825
u128,zmij_scalar,unpredictable,,11,4.996730
u128,zmij_x64_native,unpredictable,,11,2.446487
u128,zmij_x64_v1,unpredictable,,11,3.938357
u128,zmij_x64_v2,unpredictable,,11,2.595102
u128,zmij_x64_v3,unpredictable,,11,2.545835
u128,zmij_x64_v4,unpredictable,,11,2.510054
u128,fmt,unpredictable,,12,5.825396
u128,naive,unpredictable,,12,41.693825
u128,null,unpredictable,,12,0.776373
u128,zmij_scalar,unpredictable,,12,4.972692
u128,zmij_x64_native,unpredictable,,12,2.418720
u128,zmij_x64_v1,unpredictable,,12,3.950246
u128,zmij_x64_v2,unpredictable,,12,2.621931
u128,zmij_x64_v3,unpredictable,,12,2.602627
u128,zmij_x64_v4,unpredictable,,12,2.502468
u128,fmt,unpredictable,,13,6.266214
u128,naive,unpredictable,,13,45.664385
u128,null,unpredictable,,13,1.070105
u128,zmij_scalar,unpredictable,,13,4.988933
u128,zmij_x64_native,unpredictable,,13,2.490746
u128,zmij_x64_v1,unpredictable,,13,3.967788
u128,zmij_x64_v2,unpredictable,,13,2.627951
u128,zmij_x64_v3,unpredictable,,13,2.537716
u128,zmij_x64_v4,unpredictable,,13,2.565224
u128,fmt,unpredictable,,14,7.121117
u128,naive,unpredictable,,14,49.092464
u128,null,unpredictable,,14,0.833071
u128,zmij_scalar,unpredictable,,14,4.946700
u128,zmij_x64_native,unpredictable,,14,2.470621
u128,zmij_x64_v1,unpredictable,,14,4.161387
u128,zmij_x64_v2,unpredictable,,14,2.643105
u128,zmij_x64_v3,unpredictable,,14,2.624567
u128,zmij_x64_v4,unpredictable,,14,2.582672
u128,fmt,unpredictable,,15,8.036884
u128,naive,unpredictable,,15,53.435776
u128,null,unpredictable,,15,0.714153
u128,zmij_scalar,unpredictable,,15,5.305844
u128,zmij_x64_native,unpredictable,,15,2.615108
u128,zmij_x64_v1,unpredictable,,15,4.529704
u128,zmij_x64_v2,unpredictable,,15,2.842552
u128,zmij_x64_v3,unpredictable,,15,2.804159
u128,zmij_x64_v4,unpredictable,,15,2.734381
u128,fmt,unpredictable,,16,7.658760
u128,naive,unpredictable,,16,54.809982
u128,null,unpredictable,,16,0.621872
u128,zmij_scalar,unpredictable,,16,4.941255
u128,zmij_x64_native,unpredictable,,16,2.499937
u128,zmij_x64_v1,unpredictable,,16,4.276616
u128,zmij_x64_v2,unpredictable,,16,2.698599
u128,zmij_x64_v3,unpredictable,,16,2.662498
u128,zmij_x64_v4,unpredictable,,16,2.672218
u128,fmt,unpredictable,,17,8.227463
u128,naive,unpredictable,,17,58.586578
u128,null,unpredictable,,17,1.082949
u128,zmij_scalar,unpredictable,,17,4.971736
u128,zmij_x64_native,unpredictable,,17,2.472439
u128,zmij_x64_v1,unpredictable,,17,4.277476
u128,zmij_x64_v2,unpredictable,,17,2.650635
u128,zmij_x64_v3,unpredictable,,17,2.660704
u128,zmij_x64_v4,unpredictable,,17,2.580664
u128,fmt,unpredictable,,18,8.315865
u128,naive,unpredictable,,18,62.490622
u128,null,unpredictable,,18,1.425657
u128,zmij_scalar,unpredictable,,18,4.957173
u128,zmij_x64_native,unpredictable,,18,2.487612
u128,zmij_x64_v1,unpredictable,,18,4.159534
u128,zmij_x64_v2,unpredictable,,18,2.616064
u128,zmij_x64_v3,unpredictable,,18,2.636837
u128,zmij_x64_v4,unpredictable,,18,2.563122
u128,fmt,unpredictable,,19,8.221786
u128,naive,unpredictable,,19,66.082108
u128,null,unpredictable,,19,0.810158
u128,zmij_scalar,unpredictable,,19,4.948211
u128,zmij_x64_native,unpredictable,,19,2.424492
u128,zmij_x64_v1,unpredictable,,19,3.928880
u128,zmij_x64_v2,unpredictable,,19,2.640316
u128,zmij_x64_v3,unpredictable,,19,2.580406
u128,zmij_x64_v4,unpredictable,,19,2.563580
u128,fmt,unpredictable,,20,15.058964
u128,naive,unpredictable,,20,69.755850
u128,null,unpredictable,,20,0.657015
u128,zmij_scalar,unpredictable,,20,9.726632
u128,zmij_x64_native,unpredictable,,20,3.759399
u128,zmij_x64_v1,unpredictable,,20,5.374192
u128,zmij_x64_v2,unpredictable,,20,4.423496
u128,zmij_x64_v3,unpredictable,,20,3.727983
u128,zmij_x64_v4,unpredictable,,20,3.903114
u128,fmt,unpredictable,,21,14.940178
u128,naive,unpredictable,,21,73.286354
u128,null,unpredictable,,21,1.010176
u128,zmij_scalar,unpredictable,,21,9.399936
u128,zmij_x64_native,unpredictable,,21,3.420319
u128,zmij_x64_v1,unpredictable,,21,5.051883
u128,zmij_x64_v2,unpredictable,,21,4.064693
u128,zmij_x64_v3,unpredictable,,21,3.406565
u128,zmij_x64_v4,unpredictable,,21,3.428356
u128,fmt,unpredictable,,22,15.216940
u128,naive,unpredictable,,22,77.003073
u128,null,unpredictable,,22,0.941381
u128,zmij_scalar,unpredictable,,22,9.411019
u128,zmij_x64_native,unpredictable,,22,3.387129
u128,zmij_x64_v1,unpredictable,,22,4.960233
u128,zmij_x64_v2,unpredictable,,22,4.008204
u128,zmij_x64_v3,unpredictable,,22,3.390873
u128,zmij_x64_v4,unpredictable,,22,3.465544
u128,fmt,unpredictable,,23,15.278875
u128,naive,unpredictable,,23,80.606804
u128,null,unpredictable,,23,0.897469
u128,zmij_scalar,unpredictable,,23,9.437905
u128,zmij_x64_native,unpredictable,,23,3.408875
u128,zmij_x64_v1,unpredictable,,23,4.997382
u128,zmij_x64_v2,unpredictable,,23,4.025883
u128,zmij_x64_v3,unpredictable,,23,3.418276
u128,zmij_x64_v4,unpredictable,,23,3.436401
u128,fmt,unpredictable,,24,16.164028
u128,naive,unpredictable,,24,82.779596
u128,null,unpredictable,,24,0.823324
u128,zmij_scalar,unpredictable,,24,9.405705
u128,zmij_x64_native,unpredictable,,24,3.405224
u128,zmij_x64_v1,unpredictable,,24,5.049819
u128,zmij_x64_v2,unpredictable,,24,4.071306
u128,zmij_x64_v3,unpredictable,,24,3.392038
u128,zmij_x64_v4,unpredictable,,24,3.471964
u128,fmt,unpredictable,,25,16.585106
u128,naive,unpredictable,,25,86.757605
u128,null,unpredictable,,25,0.861313
u128,zmij_scalar,unpredictable,,25,9.517209
u128,zmij_x64_native,unpredictable,,25,3.434328
u128,zmij_x64_v1,unpredictable,,25,5.051709
u128,zmij_x64_v2,unpredictable,,25,4.027277
u128,zmij_x64_v3,unpredictable,,25,3.388025
u128,zmij_x64_v4,unpredictable,,25,3.466690
u128,fmt,unpredictable,,26,16.933395
u128,naive,unpredictable,,26,90.219564
u128,null,unpredictable,,26,0.920572
u128,zmij_scalar,unpredictable,,26,9.443486
u128,zmij_x64_native,unpredictable,,26,3.391161
u128,zmij_x64_v1,unpredictable,,26,5.041869
u128,zmij_x64_v2,unpredictable,,26,3.996607
u128,zmij_x64_v3,unpredictable,,26,3.468227
u128,zmij_x64_v4,unpredictable,,26,3.443300
u128,fmt,unpredictable,,27,17.134754
u128,naive,unpredictable,,27,94.927673
u128,null,unpredictable,,27,0.800009
u128,zmij_scalar,unpredictable,,27,9.617879
u128,zmij_x64_native,unpredictable,,27,3.482523
u128,zmij_x64_v1,unpredictable,,27,5.239518
u128,zmij_x64_v2,unpredictable,,27,3.986191
u128,zmij_x64_v3,unpredictable,,27,3.405531
u128,zmij_x64_v4,unpredictable,,27,3.493595
u128,fmt,unpredictable,,28,17.594433
u128,naive,unpredictable,,28,98.868887
u128,null,unpredictable,,28,0.893896
u128,zmij_scalar,unpredictable,,28,9.458655
u128,zmij_x64_native,unpredictable,,28,3.401632
u128,zmij_x64_v1,unpredictable,,28,5.083375
u128,zmij_x64_v2,unpredictable,,28,4.033373
u128,zmij_x64_v3,unpredictable,,28,3.497885
u128,zmij_x64_v4,unpredictable,,28,3.462927
u128,fmt,unpredictable,,29,17.533627
u128,naive,unpredictable,,29,101.730146
u128,null,unpredictable,,29,1.271137
u128,zmij_scalar,unpredictable,,29,9.496993
u128,zmij_x64_native,unpredictable,,29,3.389021
u128,zmij_x64_v1,unpredictable,,29,5.022740
u128,zmij_x64_v2,unpredictable,,29,3.999569
u128,zmij_x64_v3,unpredictable,,29,3.418064
u128,zmij_x64_v4,unpredictable,,29,3.481577
u128,fmt,unpredictable,,30,17.867376
u128,naive,unpredictable,,30,105.575003
u128,null,unpredictable,,30,0.873697
u128,zmij_scalar,unpredictable,,30,9.486615
u128,zmij_x64_native,unpredictable,,30,3.371363
u128,zmij_x64_v1,unpredictable,,30,5.019261
u128,zmij_x64_v2,unpredictable,,30,3.983459
u128,zmij_x64_v3,unpredictable,,30,3.398766
u128,zmij_x64_v4,unpredictable,,30,3.471046
u128,fmt,unpredictable,,31,17.939100
u128,naive,unpredictable,,31,110.068352
u128,null,unpredictable,,31,0.791470
u128,zmij_scalar,unpredictable,,31,9.615264
u128,zmij_x64_native,unpredictable,,31,3.445633
u128,zmij_x64_v1,unpredictable,,31,5.059388
u128,zmij_x64_v2,unpredictable,,31,4.012346
u128,zmij_x64_v3,unpredictable,,31,3.455608
u128,zmij_x64_v4,unpredictable,,31,3.467142
u128,fmt,unpredictable,,32,18.842085
u128,naive,unpredictable,,32,111.500954
u128,null,unpredictable,,32,0.901331
u128,zmij_scalar,unpredictable,,32,9.640012
u128,zmij_x64_native,unpredictable,,32,3.400383
u128,zmij_x64_v1,unpredictable,,32,5.044808
u128,zmij_x64_v2,unpredictable,,32,4.007854
u128,zmij_x64_v3,unpredictable,,32,3.401167
u128,zmij_x64_v4,unpredictable,,32,3.462191
u128,fmt,unpredictable,,33,18.872908
u128,naive,unpredictable,,33,114.928310
u128,null,unpredictable,,33,0.611389
u128,zmij_scalar,unpredictable,,33,13.129109
u128,zmij_x64_native,unpredictable,,33,4.872791
u128,zmij_x64_v1,unpredictable,,33,6.337169
u128,zmij_x64_v2,unpredictable,,33,5.581755
u128,zmij_x64_v3,unpredictable,,33,4.838203
u128,zmij_x64_v4,unpredictable,,33,4.915169
u128,fmt,unpredictable,,34,19.400005
u128,naive,unpredictable,,34,118.972483
u128,null,unpredictable,,34,0.986942
u128,zmij_scalar,unpredictable,,34,12.958632
u128,zmij_x64_native,unpredictable,,34,4.879593
u128,zmij_x64_v1,unpredictable,,34,6.462848
u128,zmij_x64_v2,unpredictable,,34,5.552443
u128,zmij_x64_v3,unpredictable,,34,4.906479
u128,zmij_x64_v4,unpredictable,,34,4.921703
u128,fmt,unpredictable,,35,19.222572
u128,naive,unpredictable,,35,122.814554
u128,null,unpredictable,,35,0.947519
u128,zmij_scalar,unpredictable,,35,13.114739
u128,zmij_x64_native,unpredictable,,35,4.889627
u128,zmij_x64_v1,unpredictable,,35,6.489087
u128,zmij_x64_v2,unpredictable,,35,5.591541
u128,zmij_x64_v3,unpredictable,,35,4.909786
u128,zmij_x64_v4,unpredictable,,35,4.892254
u128,fmt,unpredictable,,36,20.159781
u128,naive,unpredictable,,36,126.178614
u128,null,unpredictable,,36,1.102285
u128,zmij_scalar,unpredictable,,36,12.958001
u128,zmij_x64_native,unpredictable,,36,4.860800
u128,zmij_x64_v1,unpredictable,,36,6.439256
u128,zmij_x64_v2,unpredictable,,36,5.572437
u128,zmij_x64_v3,unpredictable,,36,4.918089
u128,zmij_x64_v4,unpredictable,,36,4.948847
u128,fmt,unpredictable,,37,20.286724
u128,naive,unpredictable,,37,131.188025
u128,null,unpredictable,,37,0.751530
u128,zmij_scalar,unpredictable,,37,12.962491
u128,zmij_x64_native,unpredictable,,37,4.892981
u128,zmij_x64_v1,unpredictable,,37,6.460908
u128,zmij_x64_v2,unpredictable,,37,5.604773
u128,zmij_x64_v3,unpredictable,,37,4.929132
u128,zmij_x64_v4,unpredictable,,37,4.970783
u128,fmt,unpredictable,,38,21.608269
u128,naive,unpredictable,,38,133.967604
u128,null,unpredictable,,38,0.868994
u128,zmij_scalar,unpredictable,,38,13.060132
u128,zmij_x64_native,unpredictable,,38,4.989317
u128,zmij_x64_v1,unpredictable,,38,6.439639
u128,zmij_x64_v2,unpredictable,,38,5.710295
u128,zmij_x64_v3,unpredictable,,38,4.895105
u128,zmij_x64_v4,unpredictable,,38,5.103752
u128,fmt,unpredictable,,39,26.919966
u128,naive,unpredictable,,39,137.455242
u128,null,unpredictable,,39,0.997484
u128,zmij_scalar,unpredictable,,39,12.897355
u128,zmij_x64_native,unpredictable,,39,4.849989
u128,zmij_x64_v1,unpredictable,,39,6.415771
u128,zmij_x64_v2,unpredictable,,39,5.564396
u128,zmij_x64_v3,unpredictable,,39,4.881767
u128,zmij_x64_v4,unpredictable,,39,4.945431
u128,fmt,admixture,5x6,0,3.273229
u128,naive,admixture,5x6,0,18.349633
u128,null,admixture,5x6,0,0.810721
u128,zmij_scalar,admixture,5x6,0,5.137676
u128,zmij_x64_native,admixture,5x6,0,2.202552
u128,zmij_x64_v1,admixture,5x6,0,3.816827
u128,zmij_x64_v2,admixture,5x6,0,2.471155
u128,zmij_x64_v3,admixture,5x6,0,2.317868
u128,zmij_x64_v4,admixture,5x6,0,2.330576
u128,fmt,admixture,5x6,10,4.021758
u128,naive,admixture,5x6,10,18.724085
u128,null,admixture,5x6,10,0.805991
u128,zmij_scalar,admixture,5x6,10,5.098750
u128,zmij_x64_native,admixture,5x6,10,2.206632
u128,zmij_x64_v1,admixture,5x6,10,3.810540
u128,zmij_x64_v2,admixture,5x6,10,2.466970
u128,zmij_x64_v3,admixture,5x6,10,2.355391
u128,zmij_x64_v4,admixture,5x6,10,2.301912
u128,fmt,admixture,5x6,20,4.795148
u128,naive,admixture,5x6,20,19.073817
u128,null,admixture,5x6,20,0.860873
u128,zmij_scalar,admixture,5x6,20,5.106088
u128,zmij_x64_native,admixture,5x6,20,2.200575
u128,zmij_x64_v1,admixture,5x6,20,3.814467
u128,zmij_x64_v2,admixture,5x6,20,2.452293
u128,zmij_x64_v3,admixture,5x6,20,2.359144
u128,zmij_x64_v4,admixture,5x6,20,2.313214
u128,fmt,admixture,5x6,30,5.524281
u128,naive,admixture,5x6,30,19.442364
u128,null,admixture,5x6,30,0.799389
u128,zmij_scalar,admixture,5x6,30,5.097642
u128,zmij_x64_native,admixture,5x6,30,2.196686
u128,zmij_x64_v1,admixture,5x6,30,3.829287
u128,zmij_x64_v2,admixture,5x6,30,2.467926
u128,zmij_x64_v3,admixture,5x6,30,2.374518
u128,zmij_x64_v4,admixture,5x6,30,2.319856
u128,fmt,admixture,5x6,40,6.290514
u128,naive,admixture,5x6,40,19.771315
u128,null,admixture,5x6,40,0.833213
u128,zmij_scalar,admixture,5x6,40,5.098291
u128,zmij_x64_native,admixture,5x6,40,2.196026
u128,zmij_x64_v1,admixture,5x6,40,3.830156
u128,zmij_x64_v2,admixture,5x6,40,2.480948
u128,zmij_x64_v3,admixture,5x6,40,2.384235
u128,zmij_x64_v4,admixture,5x6,40,2.308553
u128,fmt,admixture,5x6,50,6.764153
u128,naive,admixture,5x6,50,19.500647
u128,null,admixture,5x6,50,1.043369
u128,zmij_scalar,admixture,5x6,50,5.112385
u128,zmij_x64_native,admixture,5x6,50,2.181837
u128,zmij_x64_v1,admixture,5x6,50,3.818509
u128,zmij_x64_v2,admixture,5x6,50,2.455935
u128,zmij_x64_v3,admixture,5x6,50,2.396189
u128,zmij_x64_v4,admixture,5x6,50,2.316091
u128,fmt,admixture,5x6,60,6.380261
u128,naive,admixture,5x6,60,18.379836
u128,null,admixture,5x6,60,0.913788
u128,zmij_scalar,admixture,5x6,60,5.146358
u128,zmij_x64_native,admixture,5x6,60,2.198156
u128,zmij_x64_v1,admixture,5x6,60,3.831742
u128,zmij_x64_v2,admixture,5x6,60,2.479343
u128,zmij_x64_v3,admixture,5x6,60,2.426487
u128,zmij_x64_v4,admixture,5x6,60,2.323209
u128,fmt,admixture,5x6,70,5.492788
u128,naive,admixture,5x6,70,17.302214
u128,null,admixture,5x6,70,0.929926
u128,zmij_scalar,admixture,5x6,70,5.105247
u128,zmij_x64_native,admixture,5x6,70,2.209489
u128,zmij_x64_v1,admixture,5x6,70,3.829449
u128,zmij_x64_v2,admixture,5x6,70,2.472454
u128,zmij_x64_v3,admixture,5x6,70,2.420734
u128,zmij_x64_v4,admixture,5x6,70,2.317247
u128,fmt,admixture,5x6,80,4.738574
u128,naive,admixture,5x6,80,16.371246
u128,null,admixture,5x6,80,0.946035
u128,zmij_scalar,admixture,5x6,80,5.118242
u128,zmij_x64_native,admixture,5x6,80,2.179238
u128,zmij_x64_v1,admixture,5x6,80,3.815900
u128,zmij_x64_v2,admixture,5x6,80,2.463559
u128,zmij_x64_v3,admixture,5x6,80,2.417372
u128,zmij_x64_v4,admixture,5x6,80,2.348062
u128,fmt,admixture,5x6,90,4.023850
u128,naive,admixture,5x6,90,15.522546
u128,null,admixture,5x6,90,0.867840
u128,zmij_scalar,admixture,5x6,90,5.134800
u128,zmij_x64_native,admixture,5x6,90,2.217047
u128,zmij_x64_v1,admixture,5x6,90,3.836864
u128,zmij_x64_v2,admixture,5x6,90,2.497689
u128,zmij_x64_v3,admixture,5x6,90,2.434991
u128,zmij_x64_v4,admixture,5x6,90,2.331541
u128,fmt,admixture,5x6,100,3.377882
u128,naive,admixture,5x6,100,14.662818
u128,null,admixture,5x6,100,0.831285
u128,zmij_scalar,admixture,5x6,100,5.148540
u128,zmij_x64_native,admixture,5x6,100,2.176008
u128,zmij_x64_v1,admixture,5x6,100,3.858018
u128,zmij_x64_v2,admixture,5x6,100,2.493656
u128,zmij_x64_v3,admixture,5x6,100,2.473563
u128,zmij_x64_v4,admixture,5x6,100,2.320677
u128,fmt,admixture,straddle64,0,15.182519
u128,naive,admixture,straddle64,0,77.227116
u128,null,admixture,straddle64,0,0.828274
u128,zmij_scalar,admixture,straddle64,0,8.934658
u128,zmij_x64_native,admixture,straddle64,0,3.704263
u128,zmij_x64_v1,admixture,straddle64,0,5.297457
u128,zmij_x64_v2,admixture,straddle64,0,4.060335
u128,zmij_x64_v3,admixture,straddle64,0,3.719121
u128,zmij_x64_v4,admixture,straddle64,0,3.740829
u128,fmt,admixture,straddle64,10,15.519162
u128,naive,admixture,straddle64,10,76.843352
u128,null,admixture,straddle64,10,0.770935
u128,zmij_scalar,admixture,straddle64,10,9.054911
u128,zmij_x64_native,admixture,straddle64,10,3.937075
u128,zmij_x64_v1,admixture,straddle64,10,5.459114
u128,zmij_x64_v2,admixture,straddle64,10,4.369479
u128,zmij_x64_v3,admixture,straddle64,10,3.946757
u128,zmij_x64_v4,admixture,straddle64,10,3.950369
u128,fmt,admixture,straddle64,20,15.783552
u128,naive,admixture,straddle64,20,76.547518
u128,null,admixture,straddle64,20,0.837351
u128,zmij_scalar,admixture,straddle64,20,9.098848
u128,zmij_x64_native,admixture,straddle64,20,4.090977
u128,zmij_x64_v1,admixture,straddle64,20,5.645204
u128,zmij_x64_v2,admixture,straddle64,20,4.577935
u128,zmij_x64_v3,admixture,straddle64,20,4.087040
u128,zmij_x64_v4,admixture,straddle64,20,4.114445
u128,fmt,admixture,straddle64,30,16.499366
u128,naive,admixture,straddle64,30,76.542731
u128,null,admixture,straddle64,30,1.028991
u128,zmij_scalar,admixture,straddle64,30,9.268408
u128,zmij_x64_native,admixture,straddle64,30,4.451030
u128,zmij_x64_v1,admixture,straddle64,30,5.962946
u128,zmij_x64_v2,admixture,straddle64,30,4.997199
u128,zmij_x64_v3,admixture,straddle64,30,4.466967
u128,zmij_x64_v4,admixture,straddle64,30,4.418323
u128,fmt,admixture,straddle64,40,16.852876
u128,naive,admixture,straddle64,40,76.302639
u128,null,admixture,straddle64,40,0.962461
u128,zmij_scalar,admixture,straddle64,40,9.236963
u128,zmij_x64_native,admixture,straddle64,40,4.772327
u128,zmij_x64_v1,admixture,straddle64,40,6.150211
u128,zmij_x64_v2,admixture,straddle64,40,5.422318
u128,zmij_x64_v3,admixture,straddle64,40,4.874372
u128,zmij_x64_v4,admixture,straddle64,40,4.775949
u128,fmt,admixture,straddle64,50,16.772453
u128,naive,admixture,straddle64,50,75.402867
u128,null,admixture,straddle64,50,0.766474
u128,zmij_scalar,admixture,straddle64,50,8.776806
u128,zmij_x64_native,admixture,straddle64,50,4.961875
u128,zmij_x64_v1,admixture,straddle64,50,6.341774
u128,zmij_x64_v2,admixture,straddle64,50,5.497725
u128,zmij_x64_v3,admixture,straddle64,50,5.016634
u128,zmij_x64_v4,admixture,straddle64,50,4.943932
u128,fmt,admixture,straddle64,60,16.431544
u128,naive,admixture,straddle64,60,75.089872
u128,null,admixture,straddle64,60,1.105219
u128,zmij_scalar,admixture,straddle64,60,7.984047
u128,zmij_x64_native,admixture,straddle64,60,4.701461
u128,zmij_x64_v1,admixture,straddle64,60,6.170916
u128,zmij_x64_v2,admixture,straddle64,60,5.138686
u128,zmij_x64_v3,admixture,straddle64,60,4.773637
u128,zmij_x64_v4,admixture,straddle64,60,4.703123
u128,fmt,admixture,straddle64,70,15.335063
u128,naive,admixture,straddle64,70,73.721257
u128,null,admixture,straddle64,70,1.099543
u128,zmij_scalar,admixture,straddle64,70,7.142530
u128,zmij_x64_native,admixture,straddle64,70,3.935990
u128,zmij_x64_v1,admixture,straddle64,70,5.292078
u128,zmij_x64_v2,admixture,straddle64,70,4.316403
u128,zmij_x64_v3,admixture,straddle64,70,4.019450
u128,zmij_x64_v4,admixture,straddle64,70,3.981318
u128,fmt,admixture,straddle64,80,14.479949
u128,naive,admixture,straddle64,80,72.382090
u128,null,admixture,straddle64,80,0.916799
u128,zmij_scalar,admixture,straddle64,80,6.371193
u128,zmij_x64_native,admixture,straddle64,80,3.273148
u128,zmij_x64_v1,admixture,straddle64,80,4.782781
u128,zmij_x64_v2,admixture,straddle64,80,3.630725
u128,zmij_x64_v3,admixture,straddle64,80,3.418207
u128,zmij_x64_v4,admixture,straddle64,80,3.338578
u128,fmt,admixture,straddle64,90,13.686741
u128,naive,admixture,straddle64,90,71.067595
u128,null,admixture,straddle64,90,0.805476
u128,zmij_scalar,admixture,straddle64,90,5.750984
u128,zmij_x64_native,admixture,straddle64,90,2.771770
u128,zmij_x64_v1,admixture,straddle64,90,4.311244
u128,zmij_x64_v2,admixture,straddle64,90,3.099538
u128,zmij_x64_v3,admixture,straddle64,90,2.915082
u128,zmij_x64_v4,admixture,straddle64,90,2.845572
u128,fmt,admixture,straddle64,100,12.952008
u128,naive,admixture,straddle64,100,69.862050
u128,null,admixture,straddle64,100,0.989674
u128,zmij_scalar,admixture,straddle64,100,5.307022
u128,zmij_x64_native,admixture,straddle64,100,2.179098
u128,zmij_x64_v1,admixture,straddle64,100,3.837748
u128,zmij_x64_v2,admixture,straddle64,100,2.461709
u128,zmij_x64_v3,admixture,straddle64,100,2.322391
u128,zmij_x64_v4,admixture,straddle64,100,2.307619
u128,fmt,admixture,straddle1e32,0,19.452812
u128,naive,admixture,straddle1e32,0,119.122174
u128,null,admixture,straddle1e32,0,0.812719
u128,zmij_scalar,admixture,straddle1e32,0,11.835850
u128,zmij_x64_native,admixture,straddle1e32,0,4.257211
u128,zmij_x64_v1,admixture,straddle1e32,0,5.811571
u128,zmij_x64_v2,admixture,straddle1e32,0,4.679227
u128,zmij_x64_v3,admixture,straddle1e32,0,4.337252
u128,zmij_x64_v4,admixture,straddle1e32,0,4.349358
u128,fmt,admixture,straddle1e32,10,20.270405
u128,naive,admixture,straddle1e32,10,119.115878
u128,null,admixture,straddle1e32,10,0.778484
u128,zmij_scalar,admixture,straddle1e32,10,11.858351
u128,zmij_x64_native,admixture,straddle1e32,10,4.714034
u128,zmij_x64_v1,admixture,straddle1e32,10,6.192319
u128,zmij_x64_v2,admixture,straddle1e32,10,5.056601
u128,zmij_x64_v3,admixture,straddle1e32,10,4.758454
u128,zmij_x64_v4,admixture,straddle1e32,10,4.733315
u128,fmt,admixture,straddle1e32,20,20.800265
u128,naive,admixture,straddle1e32,20,119.015638
u128,null,admixture,straddle1e32,20,1.068958
u128,zmij_scalar,admixture,straddle1e32,20,11.860646
u128,zmij_x64_native,admixture,straddle1e32,20,5.106277
u128,zmij_x64_v1,admixture,straddle1e32,20,6.581207
u128,zmij_x64_v2,admixture,straddle1e32,20,5.490368
u128,zmij_x64_v3,admixture,straddle1e32,20,5.134320
u128,zmij_x64_v4,admixture,straddle1e32,20,5.135839
u128,fmt,admixture,straddle1e32,30,21.295002
u128,naive,admixture,straddle1e32,30,118.962285
u128,null,admixture,straddle1e32,30,0.882536
u128,zmij_scalar,admixture,straddle1e32,30,11.853766
u128,zmij_x64_native,admixture,straddle1e32,30,5.556899
u128,zmij_x64_v1,admixture,straddle1e32,30,7.015949
u128,zmij_x64_v2,admixture,straddle1e32,30,5.929602
u128,zmij_x64_v3,admixture,straddle1e32,30,5.607041
u128,zmij_x64_v4,admixture,straddle1e32,30,5.552198
u128,fmt,admixture,straddle1e32,40,21.799408
u128,naive,admixture,straddle1e32,40,118.585560
u128,null,admixture,straddle1e32,40,1.044096
u128,zmij_scalar,admixture,straddle1e32,40,11.823974
u128,zmij_x64_native,admixture,straddle1e32,40,6.096370
u128,zmij_x64_v1,admixture,straddle1e32,40,7.461747
u128,zmij_x64_v2,admixture,straddle1e32,40,6.311687
u128,zmij_x64_v3,admixture,straddle1e32,40,6.114256
u128,zmij_x64_v4,admixture,straddle1e32,40,6.038048
u128,fmt,admixture,straddle1e32,50,21.740550
u128,naive,admixture,straddle1e32,50,118.120128
u128,null,admixture,straddle1e32,50,0.817687
u128,zmij_scalar,admixture,straddle1e32,50,11.595464
u128,zmij_x64_native,admixture,straddle1e32,50,6.323067
u128,zmij_x64_v1,admixture,straddle1e32,50,7.666486
u128,zmij_x64_v2,admixture,straddle1e32,50,6.527825
u128,zmij_x64_v3,admixture,straddle1e32,50,6.372254
u128,zmij_x64_v4,admixture,straddle1e32,50,6.310942
u128,fmt,admixture,straddle1e32,60,21.153831
u128,naive,admixture,straddle1e32,60,116.503539
u128,null,admixture,straddle1e32,60,0.793781
u128,zmij_scalar,admixture,straddle1e32,60,11.054233
u128,zmij_x64_native,admixture,straddle1e32,60,5.956260
u128,zmij_x64_v1,admixture,straddle1e32,60,7.274340
u128,zmij_x64_v2,admixture,straddle1e32,60,6.109355
u128,zmij_x64_v3,admixture,straddle1e32,60,5.994746
u128,zmij_x64_v4,admixture,straddle1e32,60,5.930556
u128,fmt,admixture,straddle1e32,70,20.432187
u128,naive,admixture,straddle1e32,70,115.085392
u128,null,admixture,straddle1e32,70,0.793313
u128,zmij_scalar,admixture,straddle1e32,70,10.562584
u128,zmij_x64_native,admixture,straddle1e32,70,5.376629
u128,zmij_x64_v1,admixture,straddle1e32,70,6.700203
u128,zmij_x64_v2,admixture,straddle1e32,70,5.568871
u128,zmij_x64_v3,admixture,straddle1e32,70,5.381569
u128,zmij_x64_v4,admixture,straddle1e32,70,5.332744
u128,fmt,admixture,straddle1e32,80,19.667922
u128,naive,admixture,straddle1e32,80,113.859745
u128,null,admixture,straddle1e32,80,0.850202
u128,zmij_scalar,admixture,straddle1e32,80,9.989727
u128,zmij_x64_native,admixture,straddle1e32,80,4.757346
u128,zmij_x64_v1,admixture,straddle1e32,80,6.186577
u128,zmij_x64_v2,admixture,straddle1e32,80,5.058446
u128,zmij_x64_v3,admixture,straddle1e32,80,4.762784
u128,zmij_x64_v4,admixture,straddle1e32,80,4.785725
u128,fmt,admixture,straddle1e32,90,18.967467
u128,naive,admixture,straddle1e32,90,112.626957
u128,null,admixture,straddle1e32,90,0.816971
u128,zmij_scalar,admixture,straddle1e32,90,9.447483
u128,zmij_x64_native,admixture,straddle1e32,90,4.238015
u128,zmij_x64_v1,admixture,straddle1e32,90,5.778665
u128,zmij_x64_v2,admixture,straddle1e32,90,4.595737
u128,zmij_x64_v3,admixture,straddle1e32,90,4.235321
u128,zmij_x64_v4,admixture,straddle1e32,90,4.246930
u128,fmt,admixture,straddle1e32,100,18.299120
u128,naive,admixture,straddle1e32,100,111.818013
u128,null,admixture,straddle1e32,100,0.773879
u128,zmij_scalar,admixture,straddle1e32,100,8.973060
u128,zmij_x64_native,admixture,straddle1e32,100,3.680076
u128,zmij_x64_v1,admixture,straddle1e32,100,5.330707
u128,zmij_x64_v2,admixture,straddle1e32,100,4.101105
u128,zmij_x64_v3,admixture,straddle1e32,100,3.740441
u128,zmij_x64_v4,admixture,straddle1e32,100,3.742610
i128,fmt,bylength,,1,6.091888
i128,naive,bylength,,1,5.601825
i128,null,bylength,,1,0.805992
i128,zmij_scalar,bylength,,1,5.264513
i128,zmij_x64_native,bylength,,1,2.523003
i128,zmij_x64_v1,bylength,,1,4.361635
i128,zmij_x64_v2,bylength,,1,2.789236
i128,zmij_x64_v3,bylength,,1,2.696298
i128,zmij_x64_v4,bylength,,1,2.672400
i128,fmt,bylength,,2,6.259660
i128,naive,bylength,,2,7.424596
i128,null,bylength,,2,0.866101
i128,zmij_scalar,bylength,,2,5.271889
i128,zmij_x64_native,bylength,,2,2.521922
i128,zmij_x64_v1,bylength,,2,4.369765
i128,zmij_x64_v2,bylength,,2,2.800396
i128,zmij_x64_v3,bylength,,2,2.671703
i128,zmij_x64_v4,bylength,,2,2.669811
i128,fmt,bylength,,3,6.234512
i128,naive,bylength,,3,10.179406
i128,null,bylength,,3,0.799046
i128,zmij_scalar,bylength,,3,5.448203
i128,zmij_x64_native,bylength,,3,2.506224
i128,zmij_x64_v1,bylength,,3,4.367224
i128,zmij_x64_v2,bylength,,3,2.795753
i128,zmij_x64_v3,bylength,,3,2.673099
i128,zmij_x64_v4,bylength,,3,2.649727
i128,fmt,bylength,,4,6.268517
i128,naive,bylength,,4,13.284914
i128,null,bylength,,4,0.768031
i128,zmij_scalar,bylength,,4,5.326914
i128,zmij_x64_native,bylength,,4,2.495638
i128,zmij_x64_v1,bylength,,4,4.366766
i128,zmij_x64_v2,bylength,,4,2.795685
i128,zmij_x64_v3,bylength,,4,2.688396
i128,zmij_x64_v4,bylength,,4,2.683579
i128,fmt,bylength,,5,6.625790
i128,naive,bylength,,5,17.068974
i128,null,bylength,,5,0.858218
i128,zmij_scalar,bylength,,5,5.283240
i128,zmij_x64_native,bylength,,5,2.504294
i128,zmij_x64_v1,bylength,,5,4.371324
i128,zmij_x64_v2,bylength,,5,2.835740
i128,zmij_x64_v3,bylength,,5,2.780857
i128,zmij_x64_v4,bylength,,5,2.662435
i128,fmt,bylength,,6,6.557510
i128,naive,bylength,,6,20.702144
i128,null,bylength,,6,0.747183
i128,zmij_scalar,bylength,,6,5.196654
i128,zmij_x64_native,bylength,,6,2.507552
i128,zmij_x64_v1,bylength,,6,4.358511
i128,zmij_x64_v2,bylength,,6,2.782816
i128,zmij_x64_v3,bylength,,6,2.674253
i128,zmij_x64_v4,bylength,,6,2.660361
i128,fmt,bylength,,7,7.217190
i128,naive,bylength,,7,24.459937
i128,null,bylength,,7,0.796772
i128,zmij_scalar,bylength,,7,5.265123
i128,zmij_x64_native,bylength,,7,2.510495
i128,zmij_x64_v1,bylength,,7,4.365582
i128,zmij_x64_v2,bylength,,7,2.785348
i128,zmij_x64_v3,bylength,,7,2.675305
i128,zmij_x64_v4,bylength,,7,2.676547
i128,fmt,bylength,,8,7.088469
i128,naive,bylength,,8,26.929519
i128,null,bylength,,8,0.777041
i128,zmij_scalar,bylength,,8,5.210585
i128,zmij_x64_native,bylength,,8,2.495532
i128,zmij_x64_v1,bylength,,8,4.357508
i128,zmij_x64_v2,bylength,,8,2.738377
i128,zmij_x64_v3,bylength,,8,2.674607
i128,zmij_x64_v4,bylength,,8,2.655575
i128,fmt,bylength,,9,8.140181
i128,naive,bylength,,9,32.205364
i128,null,bylength,,9,0.880128
i128,zmij_scalar,bylength,,9,5.458283
i128,zmij_x64_native,bylength,,9,2.504762
i128,zmij_x64_v1,bylength,,9,4.358748
i128,zmij_x64_v2,bylength,,9,2.796555
i128,zmij_x64_v3,bylength,,9,2.663439
i128,zmij_x64_v4,bylength,,9,2.743946
i128,fmt,bylength,,10,7.801083
i128,naive,bylength,,10,35.104728
i128,null,bylength,,10,0.953365
i128,zmij_scalar,bylength,,10,5.514026
i128,zmij_x64_native,bylength,,10,2.567804
i128,zmij_x64_v1,bylength,,10,4.448058
i128,zmij_x64_v2,bylength,,10,2.831420
i128,zmij_x64_v3,bylength,,10,2.702985
i128,zmij_x64_v4,bylength,,10,2.708622
i128,fmt,bylength,,11,8.229872
i128,naive,bylength,,11,38.671444
i128,null,bylength,,11,0.857148
i128,zmij_scalar,bylength,,11,5.409717
i128,zmij_x64_native,bylength,,11,2.509740
i128,zmij_x64_v1,bylength,,11,4.365600
i128,zmij_x64_v2,bylength,,11,2.747472
i128,zmij_x64_v3,bylength,,11,2.676729
i128,zmij_x64_v4,bylength,,11,2.652603
i128,fmt,bylength,,12,8.312569
i128,naive,bylength,,12,42.270408
i128,null,bylength,,12,0.807837
i128,zmij_scalar,bylength,,12,5.380192
i128,zmij_x64_native,bylength,,12,2.513906
i128,zmij_x64_v1,bylength,,12,4.357316
i128,zmij_x64_v2,bylength,,12,2.753100
i128,zmij_x64_v3,bylength,,12,2.676452
i128,zmij_x64_v4,bylength,,12,2.650854
i128,fmt,bylength,,13,8.865397
i128,naive,bylength,,13,46.365342
i128,null,bylength,,13,0.955104
i128,zmij_scalar,bylength,,13,5.420656
i128,zmij_x64_native,bylength,,13,2.518893
i128,zmij_x64_v1,bylength,,13,4.377142
i128,zmij_x64_v2,bylength,,13,2.755412
i128,zmij_x64_v3,bylength,,13,2.666219
i128,zmij_x64_v4,bylength,,13,2.663620
i128,fmt,bylength,,14,8.852679
i128,naive,bylength,,14,49.982460
i128,null,bylength,,14,0.885851
i128,zmij_scalar,bylength,,14,5.387148
i128,zmij_x64_native,bylength,,14,2.502536
i128,zmij_x64_v1,bylength,,14,4.371047
i128,zmij_x64_v2,bylength,,14,2.742198
i128,zmij_x64_v3,bylength,,14,2.679366
i128,zmij_x64_v4,bylength,,14,2.653157
i128,fmt,bylength,,15,9.408834
i128,naive,bylength,,15,53.648173
i128,null,bylength,,15,1.105544
i128,zmij_scalar,bylength,,15,5.472052
i128,zmij_x64_native,bylength,,15,2.500750
i128,zmij_x64_v1,bylength,,15,4.359237
i128,zmij_x64_v2,bylength,,15,2.752049
i128,zmij_x64_v3,bylength,,15,2.672946
i128,zmij_x64_v4,bylength,,15,2.665922
i128,fmt,bylength,,16,9.538960
i128,naive,bylength,,16,55.772714
i128,null,bylength,,16,0.901760
i128,zmij_scalar,bylength,,16,5.462363
i128,zmij_x64_native,bylength,,16,2.513658
i128,zmij_x64_v1,bylength,,16,4.351277
i128,zmij_x64_v2,bylength,,16,2.747511
i128,zmij_x64_v3,bylength,,16,2.670967
i128,zmij_x64_v4,bylength,,16,2.674139
i128,fmt,bylength,,17,10.022024
i128,naive,bylength,,17,59.741855
i128,null,bylength,,17,0.852677
i128,zmij_scalar,bylength,,17,5.430805
i128,zmij_x64_native,bylength,,17,2.534144
i128,zmij_x64_v1,bylength,,17,4.400229
i128,zmij_x64_v2,bylength,,17,2.751487
i128,zmij_x64_v3,bylength,,17,2.701974
i128,zmij_x64_v4,bylength,,17,2.755193
i128,fmt,bylength,,18,10.133997
i128,naive,bylength,,18,63.796295
i128,null,bylength,,18,0.965375
i128,zmij_scalar,bylength,,18,5.394918
i128,zmij_x64_native,bylength,,18,2.506617
i128,zmij_x64_v1,bylength,,18,4.382246
i128,zmij_x64_v2,bylength,,18,2.765904
i128,zmij_x64_v3,bylength,,18,2.679454
i128,zmij_x64_v4,bylength,,18,2.659493
i128,fmt,bylength,,19,10.773221
i128,naive,bylength,,19,67.400936
i128,null,bylength,,19,0.829803
i128,zmij_scalar,bylength,,19,6.055634
i128,zmij_x64_native,bylength,,19,3.015972
i128,zmij_x64_v1,bylength,,19,4.803334
i128,zmij_x64_v2,bylength,,19,3.295926
i128,zmij_x64_v3,bylength,,19,3.162495
i128,zmij_x64_v4,bylength,,19,3.166641
i128,fmt,bylength,,20,16.172047
i128,naive,bylength,,20,71.290606
i128,null,bylength,,20,0.813494
i128,zmij_scalar,bylength,,20,9.454137
i128,zmij_x64_native,bylength,,20,4.358379
i128,zmij_x64_v1,bylength,,20,5.813608
i128,zmij_x64_v2,bylength,,20,4.824136
i128,zmij_x64_v3,bylength,,20,4.290788
i128,zmij_x64_v4,bylength,,20,4.366434
i128,fmt,bylength,,21,16.370546
i128,naive,bylength,,21,74.936926
i128,null,bylength,,21,0.936166
i128,zmij_scalar,bylength,,21,9.483661
i128,zmij_x64_native,bylength,,21,4.337082
i128,zmij_x64_v1,bylength,,21,5.785918
i128,zmij_x64_v2,bylength,,21,4.839958
i128,zmij_x64_v3,bylength,,21,4.261006
i128,zmij_x64_v4,bylength,,21,4.358780
i128,fmt,bylength,,22,17.415341
i128,naive,bylength,,22,78.897607
i128,null,bylength,,22,0.982049
i128,zmij_scalar,bylength,,22,9.440350
i128,zmij_x64_native,bylength,,22,4.310575
i128,zmij_x64_v1,bylength,,22,5.901006
i128,zmij_x64_v2,bylength,,22,4.795328
i128,zmij_x64_v3,bylength,,22,4.307881
i128,zmij_x64_v4,bylength,,22,4.352340
i128,fmt,bylength,,23,17.478048
i128,naive,bylength,,23,82.676852
i128,null,bylength,,23,0.971147
i128,zmij_scalar,bylength,,23,9.467484
i128,zmij_x64_native,bylength,,23,4.306019
i128,zmij_x64_v1,bylength,,23,5.801005
i128,zmij_x64_v2,bylength,,23,4.822139
i128,zmij_x64_v3,bylength,,23,4.291132
i128,zmij_x64_v4,bylength,,23,4.381072
i128,fmt,bylength,,24,18.222749
i128,naive,bylength,,24,84.833052
i128,null,bylength,,24,0.879344
i128,zmij_scalar,bylength,,24,9.505427
i128,zmij_x64_native,bylength,,24,4.320724
i128,zmij_x64_v1,bylength,,24,5.814038
i128,zmij_x64_v2,bylength,,24,4.799169
i128,zmij_x64_v3,bylength,,24,4.288170
i128,zmij_x64_v4,bylength,,24,4.383536
i128,fmt,bylength,,25,18.988515
i128,naive,bylength,,25,88.768303
i128,null,bylength,,25,1.050155
i128,zmij_scalar,bylength,,25,9.501385
i128,zmij_x64_native,bylength,,25,4.385571
i128,zmij_x64_v1,bylength,,25,5.846437
i128,zmij_x64_v2,bylength,,25,4.818145
i128,zmij_x64_v3,bylength,,25,4.340893
i128,zmij_x64_v4,bylength,,25,4.365593
i128,fmt,bylength,,26,19.018966
i128,naive,bylength,,26,92.395168
i128,null,bylength,,26,0.867582
i128,zmij_scalar,bylength,,26,9.530957
i128,zmij_x64_native,bylength,,26,4.318211
i128,zmij_x64_v1,bylength,,26,5.763589
i128,zmij_x64_v2,bylength,,26,4.822463
i128,zmij_x64_v3,bylength,,26,4.271297
i128,zmij_x64_v4,bylength,,26,4.353582
i128,fmt,bylength,,27,19.277372
i128,naive,bylength,,27,96.051040
i128,null,bylength,,27,1.092778
i128,zmij_scalar,bylength,,27,9.495140
i128,zmij_x64_native,bylength,,27,4.322508
i128,zmij_x64_v1,bylength,,27,5.786087
i128,zmij_x64_v2,bylength,,27,4.795402
i128,zmij_x64_v3,bylength,,27,4.287212
i128,zmij_x64_v4,bylength,,27,4.359093
i128,fmt,bylength,,28,19.658847
i128,naive,bylength,,28,100.135098
i128,null,bylength,,28,0.870916
i128,zmij_scalar,bylength,,28,9.608861
i128,zmij_x64_native,bylength,,28,4.328307
i128,zmij_x64_v1,bylength,,28,5.800447
i128,zmij_x64_v2,bylength,,28,4.796070
i128,zmij_x64_v3,bylength,,28,4.281880
i128,zmij_x64_v4,bylength,,28,4.364185
i128,fmt,bylength,,29,19.795259
i128,naive,bylength,,29,103.948796
i128,null,bylength,,29,0.924155
i128,zmij_scalar,bylength,,29,9.515845
i128,zmij_x64_native,bylength,,29,4.324667
i128,zmij_x64_v1,bylength,,29,5.768249
i128,zmij_x64_v2,bylength,,29,4.815992
i128,zmij_x64_v3,bylength,,29,4.290891
i128,zmij_x64_v4,bylength,,29,4.352490
i128,fmt,bylength,,30,20.450076
i128,naive,bylength,,30,107.646519
i128,null,bylength,,30,0.774700
i128,zmij_scalar,bylength,,30,9.523422
i128,zmij_x64_native,bylength,,30,4.336849
i128,zmij_x64_v1,bylength,,30,5.790061
i128,zmij_x64_v2,bylength,,30,4.811013
i128,zmij_x64_v3,bylength,,30,4.300235
i128,zmij_x64_v4,bylength,,30,4.364347
i128,fmt,bylength,,31,20.659048
i128,naive,bylength,,31,111.504445
i128,null,bylength,,31,0.815566
i128,zmij_scalar,bylength,,31,9.496058
i128,zmij_x64_native,bylength,,31,4.350962
i128,zmij_x64_v1,bylength,,31,5.800553
i128,zmij_x64_v2,bylength,,31,4.789506
i128,zmij_x64_v3,bylength,,31,4.295391
i128,zmij_x64_v4,bylength,,31,4.356207
i128,fmt,bylength,,32,21.138345
i128,naive,bylength,,32,113.885711
i128,null,bylength,,32,0.758476
i128,zmij_scalar,bylength,,32,9.533857
i128,zmij_x64_native,bylength,,32,4.334403
i128,zmij_x64_v1,bylength,,32,5.788743
i128,zmij_x64_v2,bylength,,32,4.811711
i128,zmij_x64_v3,bylength,,32,4.286438
i128,zmij_x64_v4,bylength,,32,4.370062
i128,fmt,bylength,,33,21.495061
i128,naive,bylength,,33,117.202694
i128,null,bylength,,33,0.816139
i128,zmij_scalar,bylength,,33,11.463230
i128,zmij_x64_native,bylength,,33,4.979206
i128,zmij_x64_v1,bylength,,33,6.285122
i128,zmij_x64_v2,bylength,,33,5.611665
i128,zmij_x64_v3,bylength,,33,5.004669
i128,zmij_x64_v4,bylength,,33,4.977027
i128,fmt,bylength,,34,21.864073
i128,naive,bylength,,34,121.443768
i128,null,bylength,,34,0.882860
i128,zmij_scalar,bylength,,34,11.401306
i128,zmij_x64_native,bylength,,34,4.944752
i128,zmij_x64_v1,bylength,,34,6.324143
i128,zmij_x64_v2,bylength,,34,5.594571
i128,zmij_x64_v3,bylength,,34,4.984797
i128,zmij_x64_v4,bylength,,34,5.015189
i128,fmt,bylength,,35,21.958771
i128,naive,bylength,,35,125.174187
i128,null,bylength,,35,0.892272
i128,zmij_scalar,bylength,,35,11.377566
i128,zmij_x64_native,bylength,,35,4.948643
i128,zmij_x64_v1,bylength,,35,6.272504
i128,zmij_x64_v2,bylength,,35,5.601233
i128,zmij_x64_v3,bylength,,35,4.978988
i128,zmij_x64_v4,bylength,,35,4.979571
i128,fmt,bylength,,36,22.657501
i128,naive,bylength,,36,128.837350
i128,null,bylength,,36,0.862298
i128,zmij_scalar,bylength,,36,11.402370
i128,zmij_x64_native,bylength,,36,4.930689
i128,zmij_x64_v1,bylength,,36,6.290016
i128,zmij_x64_v2,bylength,,36,5.609001
i128,zmij_x64_v3,bylength,,36,4.995212
i128,zmij_x64_v4,bylength,,36,4.985829
i128,fmt,bylength,,37,22.742970
i128,naive,bylength,,37,132.580928
i128,null,bylength,,37,1.064716
i128,zmij_scalar,bylength,,37,11.425483
i128,zmij_x64_native,bylength,,37,4.991744
i128,zmij_x64_v1,bylength,,37,6.257033
i128,zmij_x64_v2,bylength,,37,5.608877
i128,zmij_x64_v3,bylength,,37,4.983469
i128,zmij_x64_v4,bylength,,37,5.003344
i128,fmt,bylength,,38,23.159393
i128,naive,bylength,,38,136.393211
i128,null,bylength,,38,0.906365
i128,zmij_scalar,bylength,,38,11.374681
i128,zmij_x64_native,bylength,,38,4.952741
i128,zmij_x64_v1,bylength,,38,6.295109
i128,zmij_x64_v2,bylength,,38,5.617485
i128,zmij_x64_v3,bylength,,38,5.001871
i128,zmij_x64_v4,bylength,,38,5.002102
i128,fmt,bylength,,39,23.396792
i128,naive,bylength,,39,140.119293
i128,null,bylength,,39,1.087581
i128,zmij_scalar,bylength,,39,11.386968
i128,zmij_x64_native,bylength,,39,4.963825
i128,zmij_x64_v1,bylength,,39,6.269101
i128,zmij_x64_v2,bylength,,39,5.614686
i128,zmij_x64_v3,bylength,,39,4.982285
i128,zmij_x64_v4,bylength,,39,5.003478
i128,fmt,loguniform,1-39,39,23.768934
i128,naive,loguniform,1-39,39,78.910726
i128,null,loguniform,1-39,39,0.900814
i128,zmij_scalar,loguniform,1-39,39,10.068327
i128,zmij_x64_native,loguniform,1-39,39,6.708883
i128,zmij_x64_v1,loguniform,1-39,39,7.542251
i128,zmij_x64_v2,loguniform,1-39,39,7.282242
i128,zmij_x64_v3,loguniform,1-39,39,6.615987
i128,zmij_x64_v4,loguniform,1-39,39,6.583578
i128,fmt,loguniform,1-4,4,10.983078
i128,naive,loguniform,1-4,4,13.084581
i128,null,loguniform,1-4,4,0.822034
i128,zmij_scalar,loguniform,1-4,4,5.341218
i128,zmij_x64_native,loguniform,1-4,4,2.526004
i128,zmij_x64_v1,loguniform,1-4,4,4.352271
i128,zmij_x64_v2,loguniform,1-4,4,2.785807
i128,zmij_x64_v3,loguniform,1-4,4,2.689237
i128,zmij_x64_v4,loguniform,1-4,4,2.654810
i128,fmt,uniform,0-255,0,5.671479
i128,naive,uniform,0-255,0,8.836946
i128,null,uniform,0-255,0,0.874930
i128,toy256,uniform,0-255,0,0.921270
i128,zmij_scalar,uniform,0-255,0,5.338937
i128,zmij_x64_native,uniform,0-255,0,2.534191
i128,zmij_x64_v1,uniform,0-255,0,4.377660
i128,zmij_x64_v2,uniform,0-255,0,2.803110
i128,zmij_x64_v3,uniform,0-255,0,2.705919
i128,zmij_x64_v4,uniform,0-255,0,2.660114
i128,fmt,unpredictable,,1,8.403952
i128,naive,unpredictable,,1,8.225192
i128,null,unpredictable,,1,1.358096
i128,zmij_scalar,unpredictable,,1,5.282065
i128,zmij_x64_native,unpredictable,,1,2.715503
i128,zmij_x64_v1,unpredictable,,1,4.565307
i128,zmij_x64_v2,unpredictable,,1,2.816287
i128,zmij_x64_v3,unpredictable,,1,2.905565
i128,zmij_x64_v4,unpredictable,,1,2.947473
i128,fmt,unpredictable,,2,8.769394
i128,naive,unpredictable,,2,10.424624
i128,null,unpredictable,,2,1.531955
i128,zmij_scalar,unpredictable,,2,5.141383
i128,zmij_x64_native,unpredictable,,2,2.761325
i128,zmij_x64_v1,unpredictable,,2,4.603698
i128,zmij_x64_v2,unpredictable,,2,2.793796
i128,zmij_x64_v3,unpredictable,,2,2.853319
i128,zmij_x64_v4,unpredictable,,2,2.891196
i128,fmt,unpredictable,,3,8.175232
i128,naive,unpredictable,,3,13.511310
i128,null,unpredictable,,3,1.213819
i128,zmij_scalar,unpredictable,,3,5.392289
i128,zmij_x64_native,unpredictable,,3,2.876634
i128,zmij_x64_v1,unpredictable,,3,4.627910
i128,zmij_x64_v2,unpredictable,,3,2.974973
i128,zmij_x64_v3,unpredictable,,3,3.093739
i128,zmij_x64_v4,unpredictable,,3,2.927274
i128,fmt,unpredictable,,4,8.389322
i128,naive,unpredictable,,4,16.512521
i128,null,unpredictable,,4,1.104436
i128,zmij_scalar,unpredictable,,4,5.320552
i128,zmij_x64_native,unpredictable,,4,2.761844
i128,zmij_x64_v1,unpredictable,,4,4.757224
i128,zmij_x64_v2,unpredictable,,4,2.796470
i128,zmij_x64_v3,unpredictable,,4,2.880283
i128,zmij_x64_v4,unpredictable,,4,2.886056
i128,fmt,unpredictable,,5,8.274811
i128,naive,unpredictable,,5,19.525290
i128,null,unpredictable,,5,1.254254
i128,zmij_scalar,unpredictable,,5,5.105725
i128,zmij_x64_native,unpredictable,,5,2.762437
i128,zmij_x64_v1,unpredictable,,5,4.693971
i128,zmij_x64_v2,unpredictable,,5,2.778583
i128,zmij_x64_v3,unpredictable,,5,2.971247
i128,zmij_x64_v4,unpredictable,,5,2.886971
i128,fmt,unpredictable,,6,8.709476
i128,naive,unpredictable,,6,23.161433
i128,null,unpredictable,,6,0.707797
i128,zmij_scalar,unpredictable,,6,5.039565
i128,zmij_x64_native,unpredictable,,6,2.786838
i128,zmij_x64_v1,unpredictable,,6,4.590358
i128,zmij_x64_v2,unpredictable,,6,2.750531
i128,zmij_x64_v3,unpredictable,,6,2.825535
i128,zmij_x64_v4,unpredictable,,6,2.822898
i128,fmt,unpredictable,,7,8.318018
i128,naive,unpredictable,,7,26.707379
i128,null,unpredictable,,7,1.335355
i128,zmij_scalar,unpredictable,,7,5.063739
i128,zmij_x64_native,unpredictable,,7,2.793853
i128,zmij_x64_v1,unpredictable,,7,4.488713
i128,zmij_x64_v2,unpredictable,,7,2.789744
i128,zmij_x64_v3,unpredictable,,7,2.861691
i128,zmij_x64_v4,unpredictable,,7,2.813630
i128,fmt,unpredictable,,8,8.232443
i128,naive,unpredictable,,8,28.548352
i128,null,unpredictable,,8,0.871127
i128,zmij_scalar,unpredictable,,8,5.058045
i128,zmij_x64_native,unpredictable,,8,2.747149
i128,zmij_x64_v1,unpredictable,,8,4.477630
i128,zmij_x64_v2,unpredictable,,8,2.712771
i128,zmij_x64_v3,unpredictable,,8,2.913837
i128,zmij_x64_v4,unpredictable,,8,2.818274
i128,fmt,unpredictable,,9,8.742403
i128,naive,unpredictable,,9,32.446641
i128,null,unpredictable,,9,0.773019
i128,zmij_scalar,unpredictable,,9,5.254014
i128,zmij_x64_native,unpredictable,,9,2.707765
i128,zmij_x64_v1,unpredictable,,9,4.478930
i128,zmij_x64_v2,unpredictable,,9,2.720357
i128,zmij_x64_v3,unpredictable,,9,2.824314
i128,zmij_x64_v4,unpredictable,,9,2.825519
i128,fmt,unpredictable,,10,8.737186
i128,naive,unpredictable,,10,36.510360
i128,null,unpredictable,,10,0.947928
i128,zmij_scalar,unpredictable,,10,5.189080
i128,zmij_x64_native,unpredictable,,10,2.709521
i128,zmij_x64_v1,unpredictable,,10,4.461980
i128,zmij_x64_v2,unpredictable,,10,2.708911
i128,zmij_x64_v3,unpredictable,,10,2.810535
i128,zmij_x64_v4,unpredictable,,10,2.845563
i128,fmt,unpredictable,,11,9.134333
i128,naive,unpredictable,,11,39.893594
i128,null,unpredictable,,11,0.994365
i128,zmij_scalar,unpredictable,,11,5.297999
i128,zmij_x64_native,unpredictable,,11,2.769679
i128,zmij_x64_v1,unpredictable,,11,4.560147
i128,zmij_x64_v2,unpredictable,,11,2.662549
i128,zmij_x64_v3,unpredictable,,11,2.835432
i128,zmij_x64_v4,unpredictable,,11,2.852824
i128,fmt,unpredictable,,12,9.066248
i128,naive,unpredictable,,12,43.458858
i128,null,unpredictable,,12,0.903117
i128,zmij_scalar,unpredictable,,12,5.180839
i128,zmij_x64_native,unpredictable,,12,2.708240
i128,zmij_x64_v1,unpredictable,,12,4.474669
i128,zmij_x64_v2,unpredictable,,12,2.782100
i128,zmij_x64_v3,unpredictable,,12,2.803675
i128,zmij_x64_v4,unpredictable,,12,2.804132
i128,fmt,unpredictable,,13,9.794340
i128,naive,unpredictable,,13,47.687661
i128,null,unpredictable,,13,1.118840
i128,zmij_scalar,unpredictable,,13,5.511819
i128,zmij_x64_native,unpredictable,,13,2.902947
i128,zmij_x64_v1,unpredictable,,13,4.949330
i128,zmij_x64_v2,unpredictable,,13,2.891328
i128,zmij_x64_v3,unpredictable,,13,2.987221
i128,zmij_x64_v4,unpredictable,,13,3.088138
i128,fmt,unpredictable,,14,9.847044
i128,naive,unpredictable,,14,51.028621
i128,null,unpredictable,,14,0.952189
i128,zmij_scalar,unpredictable,,14,5.266643
i128,zmij_x64_native,unpredictable,,14,2.772294
i128,zmij_x64_v1,unpredictable,,14,4.858981
i128,zmij_x64_v2,unpredictable,,14,2.798440
i128,zmij_x64_v3,unpredictable,,14,2.857656
i128,zmij_x64_v4,unpredictable,,14,2.915599
i128,fmt,unpredictable,,15,10.369652
i128,naive,unpredictable,,15,55.390008
i128,null,unpredictable,,15,1.084676
i128,zmij_scalar,unpredictable,,15,5.523570
i128,zmij_x64_native,unpredictable,,15,2.910895
i128,zmij_x64_v1,unpredictable,,15,4.926858
i128,zmij_x64_v2,unpredictable,,15,2.945504
i128,zmij_x64_v3,unpredictable,,15,3.180380
i128,zmij_x64_v4,unpredictable,,15,2.974782
i128,fmt,unpredictable,,16,10.245211
i128,naive,unpredictable,,16,56.604398
i128,null,unpredictable,,16,1.172177
i128,zmij_scalar,unpredictable,,16,5.259057
i128,zmij_x64_native,unpredictable,,16,2.765664
i128,zmij_x64_v1,unpredictable,,16,4.744397
i128,zmij_x64_v2,unpredictable,,16,2.768073
i128,zmij_x64_v3,unpredictable,,16,2.840822
i128,zmij_x64_v4,unpredictable,,16,2.839980
i128,fmt,unpredictable,,17,10.237356
i128,naive,unpredictable,,17,60.408381
i128,null,unpredictable,,17,0.695205
i128,zmij_scalar,unpredictable,,17,5.245946
i128,zmij_x64_native,unpredictable,,17,2.736884
i128,zmij_x64_v1,unpredictable,,17,4.718278
i128,zmij_x64_v2,unpredictable,,17,2.688043
i128,zmij_x64_v3,unpredictable,,17,2.827923
i128,zmij_x64_v4,unpredictable,,17,2.859588
i128,fmt,unpredictable,,18,10.342421
i128,naive,unpredictable,,18,64.506421
i128,null,unpredictable,,18,0.847795
i128,zmij_scalar,unpredictable,,18,5.218047
i128,zmij_x64_native,unpredictable,,18,2.718541
i128,zmij_x64_v1,unpredictable,,18,4.499320
i128,zmij_x64_v2,unpredictable,,18,2.696393
i128,zmij_x64_v3,unpredictable,,18,2.852652
i128,zmij_x64_v4,unpredictable,,18,2.791425
i128,fmt,unpredictable,,19,11.155647
i128,naive,unpredictable,,19,67.861348
i128,null,unpredictable,,19,0.710835
i128,zmij_scalar,unpredictable,,19,6.178283
i128,zmij_x64_native,unpredictable,,19,3.376081
i128,zmij_x64_v1,unpredictable,,19,5.195939
i128,zmij_x64_v2,unpredictable,,19,3.391770
i128,zmij_x64_v3,unpredictable,,19,3.408798
i128,zmij_x64_v4,unpredictable,,19,3.410897
i128,fmt,unpredictable,,20,18.189270
i128,naive,unpredictable,,20,71.699363
i128,null,unpredictable,,20,1.174798
i128,zmij_scalar,unpredictable,,20,9.805978
i128,zmij_x64_native,unpredictable,,20,4.122937
i128,zmij_x64_v1,unpredictable,,20,5.512067
i128,zmij_x64_v2,unpredictable,,20,4.896453
i128,zmij_x64_v3,unpredictable,,20,3.920931
i128,zmij_x64_v4,unpredictable,,20,4.035264
i128,fmt,unpredictable,,21,17.916220
i128,naive,unpredictable,,21,74.927110
i128,null,unpredictable,,21,0.771682
i128,zmij_scalar,unpredictable,,21,9.808417
i128,zmij_x64_native,unpredictable,,21,4.023479
i128,zmij_x64_v1,unpredictable,,21,5.548480
i128,zmij_x64_v2,unpredictable,,21,4.857076
i128,zmij_x64_v3,unpredictable,,21,3.937504
i128,zmij_x64_v4,unpredictable,,21,4.044747
i128,fmt,unpredictable,,22,18.625011
i128,naive,unpredictable,,22,78.611352
i128,null,unpredictable,,22,1.319419
i128,zmij_scalar,unpredictable,,22,9.923991
i128,zmij_x64_native,unpredictable,,22,4.027053
i128,zmij_x64_v1,unpredictable,,22,5.556046
i128,zmij_x64_v2,unpredictable,,22,4.803052
i128,zmij_x64_v3,unpredictable,,22,4.033033
i128,zmij_x64_v4,unpredictable,,22,4.017289
i128,fmt,unpredictable,,23,19.052475
i128,naive,unpredictable,,23,82.868880
i128,null,unpredictable,,23,1.116876
i128,zmij_scalar,unpredictable,,23,9.848968
i128,zmij_x64_native,unpredictable,,23,4.031199
i128,zmij_x64_v1,unpredictable,,23,5.554936
i128,zmij_x64_v2,unpredictable,,23,4.893344
i128,zmij_x64_v3,unpredictable,,23,3.972818
i128,zmij_x64_v4,unpredictable,,23,4.073089
i128,fmt,unpredictable,,24,19.850353
i128,naive,unpredictable,,24,84.605596
i128,null,unpredictable,,24,1.152173
i128,zmij_scalar,unpredictable,,24,9.881032
i128,zmij_x64_native,unpredictable,,24,4.074790
i128,zmij_x64_v1,unpredictable,,24,5.532731
i128,zmij_x64_v2,unpredictable,,24,4.889447
i128,zmij_x64_v3,unpredictable,,24,3.977196
i128,zmij_x64_v4,unpredictable,,24,4.074347
i128,fmt,unpredictable,,25,19.869293
i128,naive,unpredictable,,25,88.981681
i128,null,unpredictable,,25,1.309367
i128,zmij_scalar,unpredictable,,25,10.315030
i128,zmij_x64_native,unpredictable,,25,4.106988
i128,zmij_x64_v1,unpredictable,,25,5.551126
i128,zmij_x64_v2,unpredictable,,25,5.183181
i128,zmij_x64_v3,unpredictable,,25,4.176584
i128,zmij_x64_v4,unpredictable,,25,4.258412
i128,fmt,unpredictable,,26,20.001070
i128,naive,unpredictable,,26,91.876605
i128,null,unpredictable,,26,0.827579
i128,zmij_scalar,unpredictable,,26,9.931140
i128,zmij_x64_native,unpredictable,,26,3.982947
i128,zmij_x64_v1,unpredictable,,26,5.506398
i128,zmij_x64_v2,unpredictable,,26,4.838788
i128,zmij_x64_v3,unpredictable,,26,4.002420
i128,zmij_x64_v4,unpredictable,,26,4.031314
i128,fmt,unpredictable,,27,20.122915
i128,naive,unpredictable,,27,95.956317
i128,null,unpredictable,,27,0.699887
i128,zmij_scalar,unpredictable,,27,9.858581
i128,zmij_x64_native,unpredictable,,27,4.046447
i128,zmij_x64_v1,unpredictable,,27,5.551307
i128,zmij_x64_v2,unpredictable,,27,4.827094
i128,zmij_x64_v3,unpredictable,,27,4.015415
i128,zmij_x64_v4,unpredictable,,27,4.016160
i128,fmt,unpredictable,,28,20.672958
i128,naive,unpredictable,,28,99.855182
i128,null,unpredictable,,28,0.946591
i128,zmij_scalar,unpredictable,,28,9.894343
i128,zmij_x64_native,unpredictable,,28,4.069547
i128,zmij_x64_v1,unpredictable,,28,5.545928
i128,zmij_x64_v2,unpredictable,,28,4.885102
i128,zmij_x64_v3,unpredictable,,28,3.930716
i128,zmij_x64_v4,unpredictable,,28,4.049884
i128,fmt,unpredictable,,29,20.679972
i128,naive,unpredictable,,29,103.824384
i128,null,unpredictable,,29,0.956107
i128,zmij_scalar,unpredictable,,29,9.910890
i128,zmij_x64_native,unpredictable,,29,4.024888
i128,zmij_x64_v1,unpredictable,,29,5.529782
i128,zmij_x64_v2,unpredictable,,29,4.837481
i128,zmij_x64_v3,unpredictable,,29,3.937595
i128,zmij_x64_v4,unpredictable,,29,4.022462
i128,fmt,unpredictable,,30,21.165884
i128,naive,unpredictable,,30,107.579135
i128,null,unpredictable,,30,0.951018
i128,zmij_scalar,unpredictable,,30,10.091485
i128,zmij_x64_native,unpredictable,,30,4.243438
i128,zmij_x64_v1,unpredictable,,30,5.602544
i128,zmij_x64_v2,unpredictable,,30,4.938203
i128,zmij_x64_v3,unpredictable,,30,4.027941
i128,zmij_x64_v4,unpredictable,,30,4.119435
i128,fmt,unpredictable,,31,22.088013
i128,naive,unpredictable,,31,111.002683
i128,null,unpredictable,,31,1.328282
i128,zmij_scalar,unpredictable,,31,9.980708
i128,zmij_x64_native,unpredictable,,31,4.076056
i128,zmij_x64_v1,unpredictable,,31,5.606959
i128,zmij_x64_v2,unpredictable,,31,4.885364
i128,zmij_x64_v3,unpredictable,,31,3.985077
i128,zmij_x64_v4,unpredictable,,31,4.015059
i128,fmt,unpredictable,,32,21.877159
i128,naive,unpredictable,,32,114.652514
i128,null,unpredictable,,32,0.923430
i128,zmij_scalar,unpredictable,,32,9.960124
i128,zmij_x64_native,unpredictable,,32,3.999331
i128,zmij_x64_v1,unpredictable,,32,5.513741
i128,zmij_x64_v2,unpredictable,,32,4.903117
i128,zmij_x64_v3,unpredictable,,32,3.971529
i128,zmij_x64_v4,unpredictable,,32,4.043227
i128,fmt,unpredictable,,33,22.368139
i128,naive,unpredictable,,33,117.137469
i128,null,unpredictable,,33,0.807626
i128,zmij_scalar,unpredictable,,33,12.590512
i128,zmij_x64_native,unpredictable,,33,5.580548
i128,zmij_x64_v1,unpredictable,,33,6.811049
i128,zmij_x64_v2,unpredictable,,33,6.366906
i128,zmij_x64_v3,unpredictable,,33,5.430540
i128,zmij_x64_v4,unpredictable,,33,5.510800
i128,fmt,unpredictable,,34,22.734013
i128,naive,unpredictable,,34,121.265145
i128,null,unpredictable,,34,0.749053
i128,zmij_scalar,unpredictable,,34,12.694333
i128,zmij_x64_native,unpredictable,,34,5.618615
i128,zmij_x64_v1,unpredictable,,34,6.933810
i128,zmij_x64_v2,unpredictable,,34,6.335988
i128,zmij_x64_v3,unpredictable,,34,5.442846
i128,zmij_x64_v4,unpredictable,,34,5.509213
i128,fmt,unpredictable,,35,22.679417
i128,naive,unpredictable,,35,124.638953
i128,null,unpredictable,,35,0.951385
i128,zmij_scalar,unpredictable,,35,12.506909
i128,zmij_x64_native,unpredictable,,35,5.733962
i128,zmij_x64_v1,unpredictable,,35,6.849364
i128,zmij_x64_v2,unpredictable,,35,6.350492
i128,zmij_x64_v3,unpredictable,,35,5.441586
i128,zmij_x64_v4,unpredictable,,35,5.481469
i128,fmt,unpredictable,,36,23.067057
i128,naive,unpredictable,,36,128.421729
i128,null,unpredictable,,36,1.102981
i128,zmij_scalar,unpredictable,,36,12.604226
i128,zmij_x64_native,unpredictable,,36,5.610061
i128,zmij_x64_v1,unpredictable,,36,6.865188
i128,zmij_x64_v2,unpredictable,,36,6.314782
i128,zmij_x64_v3,unpredictable,,36,5.394352
i128,zmij_x64_v4,unpredictable,,36,5.463275
i128,fmt,unpredictable,,37,23.046818
i128,naive,unpredictable,,37,131.938130
i128,null,unpredictable,,37,0.807569
i128,zmij_scalar,unpredictable,,37,12.660808
i128,zmij_x64_native,unpredictable,,37,5.601748
i128,zmij_x64_v1,unpredictable,,37,6.860990
i128,zmij_x64_v2,unpredictable,,37,6.253823
i128,zmij_x64_v3,unpredictable,,37,5.459326
i128,zmij_x64_v4,unpredictable,,37,5.499377
i128,fmt,unpredictable,,38,23.394154
i128,naive,unpredictable,,38,135.611861
i128,null,unpredictable,,38,0.879478
i128,zmij_scalar,unpredictable,,38,12.547088
i128,zmij_x64_native,unpredictable,,38,5.703067
i128,zmij_x64_v1,unpredictable,,38,6.820001
i128,zmij_x64_v2,unpredictable,,38,6.362824
i128,zmij_x64_v3,unpredictable,,38,5.404423
i128,zmij_x64_v4,unpredictable,,38,5.470620
i128,fmt,unpredictable,,39,23.888098
i128,naive,unpredictable,,39,139.472445
i128,null,unpredictable,,39,0.898950
i128,zmij_scalar,unpredictable,,39,12.714429
i128,zmij_x64_native,unpredictable,,39,5.625653
i128,zmij_x64_v1,unpredictable,,39,6.938708
i128,zmij_x64_v2,unpredictable,,39,6.338115
i128,zmij_x64_v3,unpredictable,,39,5.434847
i128,zmij_x64_v4,unpredictable,,39,5.512660
i128,fmt,admixture,5x6,0,6.625791
i128,naive,admixture,5x6,0,20.698298
i128,null,admixture,5x6,0,1.085374
i128,zmij_scalar,admixture,5x6,0,5.233146
i128,zmij_x64_native,admixture,5x6,0,2.548146
i128,zmij_x64_v1,admixture,5x6,0,4.387634
i128,zmij_x64_v2,admixture,5x6,0,2.824963
i128,zmij_x64_v3,admixture,5x6,0,2.669935
i128,zmij_x64_v4,admixture,5x6,0,2.638368
i128,fmt,admixture,5x6,10,7.165185
i128,naive,admixture,5x6,10,21.060041
i128,null,admixture,5x6,10,0.833758
i128,zmij_scalar,admixture,5x6,10,5.258828
i128,zmij_x64_native,admixture,5x6,10,2.509809
i128,zmij_x64_v1,admixture,5x6,10,4.365735
i128,zmij_x64_v2,admixture,5x6,10,2.800349
i128,zmij_x64_v3,admixture,5x6,10,2.683599
i128,zmij_x64_v4,admixture,5x6,10,2.665637
i128,fmt,admixture,5x6,20,7.878277
i128,naive,admixture,5x6,20,21.444124
i128,null,admixture,5x6,20,0.878350
i128,zmij_scalar,admixture,5x6,20,5.260156
i128,zmij_x64_native,admixture,5x6,20,2.523930
i128,zmij_x64_v1,admixture,5x6,20,4.382483
i128,zmij_x64_v2,admixture,5x6,20,2.835319
i128,zmij_x64_v3,admixture,5x6,20,2.697874
i128,zmij_x64_v4,admixture,5x6,20,2.667709
i128,fmt,admixture,5x6,30,8.613269
i128,naive,admixture,5x6,30,21.850584
i128,null,admixture,5x6,30,1.101416
i128,zmij_scalar,admixture,5x6,30,5.274546
i128,zmij_x64_native,admixture,5x6,30,2.492944
i128,zmij_x64_v1,admixture,5x6,30,4.337204
i128,zmij_x64_v2,admixture,5x6,30,2.785759
i128,zmij_x64_v3,admixture,5x6,30,2.704438
i128,zmij_x64_v4,admixture,5x6,30,2.672449
i128,fmt,admixture,5x6,40,9.348793
i128,naive,admixture,5x6,40,22.190293
i128,null,admixture,5x6,40,0.981170
i128,zmij_scalar,admixture,5x6,40,5.248882
i128,zmij_x64_native,admixture,5x6,40,2.523796
i128,zmij_x64_v1,admixture,5x6,40,4.361646
i128,zmij_x64_v2,admixture,5x6,40,2.795811
i128,zmij_x64_v3,admixture,5x6,40,2.723433
i128,zmij_x64_v4,admixture,5x6,40,2.648113
i128,fmt,admixture,5x6,50,9.708273
i128,naive,admixture,5x6,50,21.835124
i128,null,admixture,5x6,50,0.754703
i128,zmij_scalar,admixture,5x6,50,5.261657
i128,zmij_x64_native,admixture,5x6,50,2.492017
i128,zmij_x64_v1,admixture,5x6,50,4.375051
i128,zmij_x64_v2,admixture,5x6,50,2.790718
i128,zmij_x64_v3,admixture,5x6,50,2.729720
i128,zmij_x64_v4,admixture,5x6,50,2.671130
i128,fmt,admixture,5x6,60,9.308167
i128,naive,admixture,5x6,60,20.836106
i128,null,admixture,5x6,60,0.853776
i128,zmij_scalar,admixture,5x6,60,5.261675
i128,zmij_x64_native,admixture,5x6,60,2.501524
i128,zmij_x64_v1,admixture,5x6,60,4.378997
i128,zmij_x64_v2,admixture,5x6,60,2.805279
i128,zmij_x64_v3,admixture,5x6,60,2.735930
i128,zmij_x64_v4,admixture,5x6,60,2.657430
i128,fmt,admixture,5x6,70,8.607325
i128,naive,admixture,5x6,70,19.699673
i128,null,admixture,5x6,70,0.812547
i128,zmij_scalar,admixture,5x6,70,5.287320
i128,zmij_x64_native,admixture,5x6,70,2.511967
i128,zmij_x64_v1,admixture,5x6,70,4.378892
i128,zmij_x64_v2,admixture,5x6,70,2.793326
i128,zmij_x64_v3,admixture,5x6,70,2.738434
i128,zmij_x64_v4,admixture,5x6,70,2.675010
i128,fmt,admixture,5x6,80,7.916983
i128,naive,admixture,5x6,80,18.810008
i128,null,admixture,5x6,80,0.975589
i128,zmij_scalar,admixture,5x6,80,5.279630
i128,zmij_x64_native,admixture,5x6,80,2.511097
i128,zmij_x64_v1,admixture,5x6,80,4.375472
i128,zmij_x64_v2,admixture,5x6,80,2.794588
i128,zmij_x64_v3,admixture,5x6,80,2.747252
i128,zmij_x64_v4,admixture,5x6,80,2.673663
i128,fmt,admixture,5x6,90,7.150681
i128,naive,admixture,5x6,90,17.946228
i128,null,admixture,5x6,90,0.909690
i128,zmij_scalar,admixture,5x6,90,5.386948
i128,zmij_x64_native,admixture,5x6,90,2.513515
i128,zmij_x64_v1,admixture,5x6,90,4.400046
i128,zmij_x64_v2,admixture,5x6,90,2.791893
i128,zmij_x64_v3,admixture,5x6,90,2.746403
i128,zmij_x64_v4,admixture,5x6,90,2.693135
i128,fmt,admixture,5x6,100,6.570402
i128,naive,admixture,5x6,100,17.115824
i128,null,admixture,5x6,100,1.024128
i128,zmij_scalar,admixture,5x6,100,5.333231
i128,zmij_x64_native,admixture,5x6,100,2.520634
i128,zmij_x64_v1,admixture,5x6,100,4.348365
i128,zmij_x64_v2,admixture,5x6,100,2.819114
i128,zmij_x64_v3,admixture,5x6,100,2.787211
i128,zmij_x64_v4,admixture,5x6,100,2.669764
i128,fmt,admixture,straddle64,0,18.547071
i128,naive,admixture,straddle64,0,79.776389
i128,null,admixture,straddle64,0,0.862652
i128,zmij_scalar,admixture,straddle64,0,9.460240
i128,zmij_x64_native,admixture,straddle64,0,4.313098
i128,zmij_x64_v1,admixture,straddle64,0,5.780891
i128,zmij_x64_v2,admixture,straddle64,0,4.829858
i128,zmij_x64_v3,admixture,straddle64,0,4.269365
i128,zmij_x64_v4,admixture,straddle64,0,4.362305
i128,fmt,admixture,straddle64,10,18.596384
i128,naive,admixture,straddle64,10,79.412961
i128,null,admixture,straddle64,10,0.877539
i128,zmij_scalar,admixture,straddle64,10,9.515696
i128,zmij_x64_native,admixture,straddle64,10,4.409094
i128,zmij_x64_v1,admixture,straddle64,10,5.907874
i128,zmij_x64_v2,admixture,straddle64,10,4.988752
i128,zmij_x64_v3,admixture,straddle64,10,4.379464
i128,zmij_x64_v4,admixture,straddle64,10,4.453821
i128,fmt,admixture,straddle64,20,18.719668
i128,naive,admixture,straddle64,20,79.031794
i128,null,admixture,straddle64,20,0.882774
i128,zmij_scalar,admixture,straddle64,20,9.480639
i128,zmij_x64_native,admixture,straddle64,20,4.479044
i128,zmij_x64_v1,admixture,straddle64,20,5.966407
i128,zmij_x64_v2,admixture,straddle64,20,5.161733
i128,zmij_x64_v3,admixture,straddle64,20,4.459133
i128,zmij_x64_v4,admixture,straddle64,20,4.513051
i128,fmt,admixture,straddle64,30,19.031153
i128,naive,admixture,straddle64,30,78.657475
i128,null,admixture,straddle64,30,0.899838
i128,zmij_scalar,admixture,straddle64,30,9.495087
i128,zmij_x64_native,admixture,straddle64,30,4.547246
i128,zmij_x64_v1,admixture,straddle64,30,5.996505
i128,zmij_x64_v2,admixture,straddle64,30,5.222769
i128,zmij_x64_v3,admixture,straddle64,30,4.543921
i128,zmij_x64_v4,admixture,straddle64,30,4.578320
i128,fmt,admixture,straddle64,40,19.339056
i128,naive,admixture,straddle64,40,78.340697
i128,null,admixture,straddle64,40,0.841813
i128,zmij_scalar,admixture,straddle64,40,9.578012
i128,zmij_x64_native,admixture,straddle64,40,4.636326
i128,zmij_x64_v1,admixture,straddle64,40,6.029612
i128,zmij_x64_v2,admixture,straddle64,40,5.351968
i128,zmij_x64_v3,admixture,straddle64,40,4.611273
i128,zmij_x64_v4,admixture,straddle64,40,4.637806
i128,fmt,admixture,straddle64,50,19.342505
i128,naive,admixture,straddle64,50,77.804790
i128,null,admixture,straddle64,50,0.864563
i128,zmij_scalar,admixture,straddle64,50,9.490930
i128,zmij_x64_native,admixture,straddle64,50,4.732619
i128,zmij_x64_v1,admixture,straddle64,50,6.092491
i128,zmij_x64_v2,admixture,straddle64,50,5.499389
i128,zmij_x64_v3,admixture,straddle64,50,4.717073
i128,zmij_x64_v4,admixture,straddle64,50,4.708550
i128,fmt,admixture,straddle64,60,18.904639
i128,naive,admixture,straddle64,60,77.338460
i128,null,admixture,straddle64,60,0.854473
i128,zmij_scalar,admixture,straddle64,60,9.540539
i128,zmij_x64_native,admixture,straddle64,60,4.815536
i128,zmij_x64_v1,admixture,straddle64,60,6.124978
i128,zmij_x64_v2,admixture,straddle64,60,5.641114
i128,zmij_x64_v3,admixture,straddle64,60,4.817245
i128,zmij_x64_v4,admixture,straddle64,60,4.863348
i128,fmt,admixture,straddle64,70,18.097462
i128,naive,admixture,straddle64,70,76.195653
i128,null,admixture,straddle64,70,0.879563
i128,zmij_scalar,admixture,straddle64,70,9.555407
i128,zmij_x64_native,admixture,straddle64,70,4.938170
i128,zmij_x64_v1,admixture,straddle64,70,6.194536
i128,zmij_x64_v2,admixture,straddle64,70,5.783203
i128,zmij_x64_v3,admixture,straddle64,70,4.921468
i128,zmij_x64_v4,admixture,straddle64,70,4.956534
i128,fmt,admixture,straddle64,80,17.265834
i128,naive,admixture,straddle64,80,74.876455
i128,null,admixture,straddle64,80,0.991641
i128,zmij_scalar,admixture,straddle64,80,9.491942
i128,zmij_x64_native,admixture,straddle64,80,5.069510
i128,zmij_x64_v1,admixture,straddle64,80,6.313207
i128,zmij_x64_v2,admixture,straddle64,80,5.924356
i128,zmij_x64_v3,admixture,straddle64,80,5.110175
i128,zmij_x64_v4,admixture,straddle64,80,5.101279
i128,fmt,admixture,straddle64,90,16.490426
i128,naive,admixture,straddle64,90,73.584327
i128,null,admixture,straddle64,90,0.890647
i128,zmij_scalar,admixture,straddle64,90,9.561320
i128,zmij_x64_native,admixture,straddle64,90,5.256334
i128,zmij_x64_v1,admixture,straddle64,90,6.453289
i128,zmij_x64_v2,admixture,straddle64,90,6.087943
i128,zmij_x64_v3,admixture,straddle64,90,5.307901
i128,zmij_x64_v4,admixture,straddle64,90,5.264542
i128,fmt,admixture,straddle64,100,16.175301
i128,naive,admixture,straddle64,100,72.262156
i128,null,admixture,straddle64,100,0.960560
i128,zmij_scalar,admixture,straddle64,100,9.305262
i128,zmij_x64_native,admixture,straddle64,100,5.331273
i128,zmij_x64_v1,admixture,straddle64,100,6.649600
i128,zmij_x64_v2,admixture,straddle64,100,6.083558
i128,zmij_x64_v3,admixture,straddle64,100,5.331340
i128,zmij_x64_v4,admixture,straddle64,100,5.371422
i128,fmt,admixture,straddle1e32,0,22.555696
i128,naive,admixture,straddle1e32,0,121.854653
i128,null,admixture,straddle1e32,0,0.957311
i128,zmij_scalar,admixture,straddle1e32,0,11.387045
i128,zmij_x64_native,admixture,straddle1e32,0,4.933641
i128,zmij_x64_v1,admixture,straddle1e32,0,6.287589
i128,zmij_x64_v2,admixture,straddle1e32,0,5.622769
i128,zmij_x64_v3,admixture,straddle1e32,0,4.967293
i128,zmij_x64_v4,admixture,straddle1e32,0,4.994468
i128,fmt,admixture,straddle1e32,10,23.238890
i128,naive,admixture,straddle1e32,10,122.033739
i128,null,admixture,straddle1e32,10,0.945626
i128,zmij_scalar,admixture,straddle1e32,10,11.675273
i128,zmij_x64_native,admixture,straddle1e32,10,5.405370
i128,zmij_x64_v1,admixture,straddle1e32,10,6.640227
i128,zmij_x64_v2,admixture,straddle1e32,10,6.060101
i128,zmij_x64_v3,admixture,straddle1e32,10,5.364963
i128,zmij_x64_v4,admixture,straddle1e32,10,5.370313
i128,fmt,admixture,straddle1e32,20,23.980855
i128,naive,admixture,straddle1e32,20,121.538859
i128,null,admixture,straddle1e32,20,0.793055
i128,zmij_scalar,admixture,straddle1e32,20,11.758648
i128,zmij_x64_native,admixture,straddle1e32,20,5.784551
i128,zmij_x64_v1,admixture,straddle1e32,20,7.026718
i128,zmij_x64_v2,admixture,straddle1e32,20,6.382650
i128,zmij_x64_v3,admixture,straddle1e32,20,5.736633
i128,zmij_x64_v4,admixture,straddle1e32,20,5.743361
i128,fmt,admixture,straddle1e32,30,24.368598
i128,naive,admixture,straddle1e32,30,121.314017
i128,null,admixture,straddle1e32,30,0.880376
i128,zmij_scalar,admixture,straddle1e32,30,12.026468
i128,zmij_x64_native,admixture,straddle1e32,30,6.246017
i128,zmij_x64_v1,admixture,straddle1e32,30,7.416619
i128,zmij_x64_v2,admixture,straddle1e32,30,6.731046
i128,zmij_x64_v3,admixture,straddle1e32,30,6.094355
i128,zmij_x64_v4,admixture,straddle1e32,30,6.090772
i128,fmt,admixture,straddle1e32,40,24.816763
i128,naive,admixture,straddle1e32,40,121.531886
i128,null,admixture,straddle1e32,40,0.746227
i128,zmij_scalar,admixture,straddle1e32,40,12.164201
i128,zmij_x64_native,admixture,straddle1e32,40,6.753203
i128,zmij_x64_v1,admixture,straddle1e32,40,7.865655
i128,zmij_x64_v2,admixture,straddle1e32,40,7.051837
i128,zmij_x64_v3,admixture,straddle1e32,40,6.605984
i128,zmij_x64_v4,admixture,straddle1e32,40,6.563713
i128,fmt,admixture,straddle1e32,50,24.812186
i128,naive,admixture,straddle1e32,50,120.484426
i128,null,admixture,straddle1e32,50,1.029870
i128,zmij_scalar,admixture,straddle1e32,50,12.047193
i128,zmij_x64_native,admixture,straddle1e32,50,7.040161
i128,zmij_x64_v1,admixture,straddle1e32,50,8.121675
i128,zmij_x64_v2,admixture,straddle1e32,50,7.263467
i128,zmij_x64_v3,admixture,straddle1e32,50,6.824281
i128,zmij_x64_v4,admixture,straddle1e32,50,6.816092
i128,fmt,admixture,straddle1e32,60,24.094369
i128,naive,admixture,straddle1e32,60,119.155642
i128,null,admixture,straddle1e32,60,0.984332
i128,zmij_scalar,admixture,straddle1e32,60,11.633463
i128,zmij_x64_native,admixture,straddle1e32,60,6.580683
i128,zmij_x64_v1,admixture,straddle1e32,60,7.786006
i128,zmij_x64_v2,admixture,straddle1e32,60,6.846095
i128,zmij_x64_v3,admixture,straddle1e32,60,6.439615
i128,zmij_x64_v4,admixture,straddle1e32,60,6.468777
i128,fmt,admixture,straddle1e32,70,23.427608
i128,naive,admixture,straddle1e32,70,117.782738
i128,null,admixture,straddle1e32,70,0.943352
i128,zmij_scalar,admixture,straddle1e32,70,11.067094
i128,zmij_x64_native,admixture,straddle1e32,70,6.009489
i128,zmij_x64_v1,admixture,straddle1e32,70,7.232940
i128,zmij_x64_v2,admixture,straddle1e32,70,6.364411
i128,zmij_x64_v3,admixture,straddle1e32,70,5.844345
i128,zmij_x64_v4,admixture,straddle1e32,70,5.889576
i128,fmt,admixture,straddle1e32,80,22.731715
i128,naive,admixture,straddle1e32,80,116.377977
i128,null,admixture,straddle1e32,80,0.822322
i128,zmij_scalar,admixture,straddle1e32,80,10.486795
i128,zmij_x64_native,admixture,straddle1e32,80,5.389901
i128,zmij_x64_v1,admixture,straddle1e32,80,6.746706
i128,zmij_x64_v2,admixture,straddle1e32,80,5.862738
i128,zmij_x64_v3,admixture,straddle1e32,80,5.284407
i128,zmij_x64_v4,admixture,straddle1e32,80,5.326582
i128,fmt,admixture,straddle1e32,90,22.628552
i128,naive,admixture,straddle1e32,90,115.850984
i128,null,admixture,straddle1e32,90,0.870134
i128,zmij_scalar,admixture,straddle1e32,90,9.998881
i128,zmij_x64_native,admixture,straddle1e32,90,4.914828
i128,zmij_x64_v1,admixture,straddle1e32,90,6.296773
i128,zmij_x64_v2,admixture,straddle1e32,90,5.388524
i128,zmij_x64_v3,admixture,straddle1e32,90,4.803277
i128,zmij_x64_v4,admixture,straddle1e32,90,4.854289
i128,fmt,admixture,straddle1e32,100,21.540924
i128,naive,admixture,straddle1e32,100,114.258214
i128,null,admixture,straddle1e32,100,0.784781
i128,zmij_scalar,admixture,straddle1e32,100,9.560106
i128,zmij_x64_native,admixture,straddle1e32,100,4.326083
i128,zmij_x64_v1,admixture,straddle1e32,100,5.767819
i128,zmij_x64_v2,admixture,straddle1e32,100,4.808378
i128,zmij_x64_v3,admixture,straddle1e32,100,4.294169
i128,zmij_x64_v4,admixture,straddle1e32,100,4.343950
