Type,Function,Mode,Series,X,Time_ns
u32,amartin,bylength,,1,0.741530
u32,branchlut,bylength,,1,1.069452
u32,branchlut2,bylength,,1,0.800227
u32,countlut,bylength,,1,1.058801
u32,fmt,bylength,,1,0.932301
u32,jeaiii,bylength,,1,0.744315
u32,naive,bylength,,1,1.797837
u32,null,bylength,,1,0.756547
u32,sse2,bylength,,1,1.153539
u32,tmueller,bylength,,1,0.744014
u32,unrolledlut,bylength,,1,1.225591
u32,yy,bylength,,1,1.083994
u32,zmij_scalar,bylength,,1,2.144666
u32,zmij_x64_native,bylength,,1,1.188789
u32,zmij_x64_v1,bylength,,1,1.792130
u32,zmij_x64_v2,bylength,,1,1.279172
u32,zmij_x64_v3,bylength,,1,1.201614
u32,zmij_x64_v4,bylength,,1,1.223829
u32,amartin,bylength,,2,0.768288
u32,branchlut,bylength,,2,1.105791
u32,branchlut2,bylength,,2,1.023472
u32,countlut,bylength,,2,1.069736
u32,fmt,bylength,,2,0.929178
u32,jeaiii,bylength,,2,0.753927
u32,naive,bylength,,2,2.180439
u32,null,bylength,,2,0.754304
u32,sse2,bylength,,2,1.175398
u32,tmueller,bylength,,2,1.339797
u32,unrolledlut,bylength,,2,1.113342
u32,yy,bylength,,2,1.088213
u32,zmij_scalar,bylength,,2,2.155711
u32,zmij_x64_native,bylength,,2,1.190086
u32,zmij_x64_v1,bylength,,2,1.789140
u32,zmij_x64_v2,bylength,,2,1.277899
u32,zmij_x64_v3,bylength,,2,1.221767
u32,zmij_x64_v4,bylength,,2,1.208061
u32,amartin,bylength,,3,0.931230
u32,branchlut,bylength,,3,1.198826
u32,branchlut2,bylength,,3,1.159984
u32,countlut,bylength,,3,1.263741
u32,fmt,bylength,,3,1.300255
u32,jeaiii,bylength,,3,1.028591
u32,naive,bylength,,3,2.662310
u32,null,bylength,,3,0.872686
u32,sse2,bylength,,3,1.280013
u32,tmueller,bylength,,3,1.333482
u32,unrolledlut,bylength,,3,1.494797
u32,yy,bylength,,3,1.192200
u32,zmij_scalar,bylength,,3,2.147100
u32,zmij_x64_native,bylength,,3,1.201499
u32,zmij_x64_v1,bylength,,3,1.781868
u32,zmij_x64_v2,bylength,,3,1.295196
u32,zmij_x64_v3,bylength,,3,1.249452
u32,zmij_x64_v4,bylength,,3,1.217446
u32,amartin,bylength,,4,0.933323
u32,branchlut,bylength,,4,1.320432
u32,branchlut2,bylength,,4,1.296201
u32,countlut,bylength,,4,1.366116
u32,fmt,bylength,,4,1.269173
u32,jeaiii,bylength,,4,1.289881
u32,naive,bylength,,4,3.480882
u32,null,bylength,,4,0.803318
u32,sse2,bylength,,4,1.306630
u32,tmueller,bylength,,4,0.994378
u32,unrolledlut,bylength,,4,1.448574
u32,yy,bylength,,4,1.190609
u32,zmij_scalar,bylength,,4,2.178292
u32,zmij_x64_native,bylength,,4,1.208737
u32,zmij_x64_v1,bylength,,4,1.814706
u32,zmij_x64_v2,bylength,,4,1.301698
u32,zmij_x64_v3,bylength,,4,1.217733
u32,zmij_x64_v4,bylength,,4,1.233281
u32,amartin,bylength,,5,1.316646
u32,branchlut,bylength,,5,1.834293
u32,branchlut2,bylength,,5,1.268798
u32,countlut,bylength,,5,1.678400
u32,fmt,bylength,,5,1.789634
u32,jeaiii,bylength,,5,1.306447
u32,naive,bylength,,5,4.200498
u32,null,bylength,,5,0.776073
u32,sse2,bylength,,5,1.783994
u32,tmueller,bylength,,5,0.978127
u32,unrolledlut,bylength,,5,1.635446
u32,yy,bylength,,5,1.452052
u32,zmij_scalar,bylength,,5,2.143983
u32,zmij_x64_native,bylength,,5,1.204858
u32,zmij_x64_v1,bylength,,5,1.789226
u32,zmij_x64_v2,bylength,,5,1.286064
u32,zmij_x64_v3,bylength,,5,1.216402
u32,zmij_x64_v4,bylength,,5,1.207423
u32,amartin,bylength,,6,1.335854
u32,branchlut,bylength,,6,2.003902
u32,branchlut2,bylength,,6,1.274586
u32,countlut,bylength,,6,1.808349
u32,fmt,bylength,,6,1.800937
u32,jeaiii,bylength,,6,1.216940
u32,naive,bylength,,6,5.057218
u32,null,bylength,,6,0.766532
u32,sse2,bylength,,6,1.949008
u32,tmueller,bylength,,6,1.385534
u32,unrolledlut,bylength,,6,1.488556
u32,yy,bylength,,6,1.471828
u32,zmij_scalar,bylength,,6,2.182534
u32,zmij_x64_native,bylength,,6,1.201203
u32,zmij_x64_v1,bylength,,6,1.816578
u32,zmij_x64_v2,bylength,,6,1.286472
u32,zmij_x64_v3,bylength,,6,1.233066
u32,zmij_x64_v4,bylength,,6,1.235005
u32,amartin,bylength,,7,1.832812
u32,branchlut,bylength,,7,2.068958
u32,branchlut2,bylength,,7,1.794399
u32,countlut,bylength,,7,2.138386
u32,fmt,bylength,,7,2.330824
u32,jeaiii,bylength,,7,1.308735
u32,naive,bylength,,7,5.807562
u32,null,bylength,,7,0.746713
u32,sse2,bylength,,7,2.024713
u32,tmueller,bylength,,7,1.387120
u32,unrolledlut,bylength,,7,1.433745
u32,yy,bylength,,7,1.654099
u32,zmij_scalar,bylength,,7,2.173559
u32,zmij_x64_native,bylength,,7,1.199184
u32,zmij_x64_v1,bylength,,7,1.803644
u32,zmij_x64_v2,bylength,,7,1.288677
u32,zmij_x64_v3,bylength,,7,1.226165
u32,zmij_x64_v4,bylength,,7,1.239795
u32,amartin,bylength,,8,1.806059
u32,branchlut,bylength,,8,2.128422
u32,branchlut2,bylength,,8,1.816684
u32,countlut,bylength,,8,2.191561
u32,fmt,bylength,,8,2.245294
u32,jeaiii,bylength,,8,1.516998
u32,naive,bylength,,8,5.800415
u32,null,bylength,,8,0.746166
u32,sse2,bylength,,8,2.110725
u32,tmueller,bylength,,8,1.863550
u32,unrolledlut,bylength,,8,1.403103
u32,yy,bylength,,8,1.640278
u32,zmij_scalar,bylength,,8,2.157997
u32,zmij_x64_native,bylength,,8,1.205173
u32,zmij_x64_v1,bylength,,8,1.793000
u32,zmij_x64_v2,bylength,,8,1.278785
u32,zmij_x64_v3,bylength,,8,1.205720
u32,zmij_x64_v4,bylength,,8,1.228699
u32,amartin,bylength,,9,2.132099
u32,branchlut,bylength,,9,1.916543
u32,branchlut2,bylength,,9,1.916696
u32,countlut,bylength,,9,2.560198
u32,fmt,bylength,,9,2.774266
u32,jeaiii,bylength,,9,1.539222
u32,naive,bylength,,9,6.606291
u32,null,bylength,,9,0.744690
u32,sse2,bylength,,9,1.433310
u32,tmueller,bylength,,9,1.846150
u32,unrolledlut,bylength,,9,1.851217
u32,yy,bylength,,9,1.985908
u32,zmij_scalar,bylength,,9,2.184650
u32,zmij_x64_native,bylength,,9,1.190554
u32,zmij_x64_v1,bylength,,9,1.803842
u32,zmij_x64_v2,bylength,,9,1.293418
u32,zmij_x64_v3,bylength,,9,1.231561
u32,zmij_x64_v4,bylength,,9,1.226217
u32,amartin,bylength,,10,2.138572
u32,branchlut,bylength,,10,2.019287
u32,branchlut2,bylength,,10,1.939369
u32,countlut,bylength,,10,2.745434
u32,fmt,bylength,,10,2.780725
u32,jeaiii,bylength,,10,1.591848
u32,naive,bylength,,10,7.556631
u32,null,bylength,,10,0.863420
u32,sse2,bylength,,10,1.508177
u32,tmueller,bylength,,10,1.868117
u32,unrolledlut,bylength,,10,1.830138
u32,yy,bylength,,10,1.948305
u32,zmij_scalar,bylength,,10,2.170636
u32,zmij_x64_native,bylength,,10,1.202034
u32,zmij_x64_v1,bylength,,10,1.794894
u32,zmij_x64_v2,bylength,,10,1.299791
u32,zmij_x64_v3,bylength,,10,1.219177
u32,zmij_x64_v4,bylength,,10,1.203663
u32,amartin,loguniform,1-10,10,5.992556
u32,branchlut,loguniform,1-10,10,8.389010
u32,branchlut2,loguniform,1-10,10,8.775407
u32,countlut,loguniform,1-10,10,8.562132
u32,fmt,loguniform,1-10,10,9.333013
u32,jeaiii,loguniform,1-10,10,8.512827
u32,naive,loguniform,1-10,10,10.211229
u32,null,loguniform,1-10,10,0.768188
u32,sse2,loguniform,1-10,10,8.351547
u32,tmueller,loguniform,1-10,10,6.619482
u32,unrolledlut,loguniform,1-10,10,7.908836
u32,yy,loguniform,1-10,10,6.019034
u32,zmij_scalar,loguniform,1-10,10,2.170864
u32,zmij_x64_native,loguniform,1-10,10,1.217141
u32,zmij_x64_v1,loguniform,1-10,10,1.802260
u32,zmij_x64_v2,loguniform,1-10,10,1.308835
u32,zmij_x64_v3,loguniform,1-10,10,1.233637
u32,zmij_x64_v4,loguniform,1-10,10,1.252022
u32,amartin,loguniform,1-4,4,3.606139
u32,branchlut,loguniform,1-4,4,5.488716
u32,branchlut2,loguniform,1-4,4,6.159240
u32,countlut,loguniform,1-4,4,6.295500
u32,fmt,loguniform,1-4,4,6.351403
u32,jeaiii,loguniform,1-4,4,6.145010
u32,naive,loguniform,1-4,4,6.664460
u32,null,loguniform,1-4,4,0.835147
u32,sse2,loguniform,1-4,4,5.468262
u32,tmueller,loguniform,1-4,4,4.085643
u32,unrolledlut,loguniform,1-4,4,6.312360
u32,yy,loguniform,1-4,4,3.672676
u32,zmij_scalar,loguniform,1-4,4,2.145704
u32,zmij_x64_native,loguniform,1-4,4,1.206856
u32,zmij_x64_v1,loguniform,1-4,4,1.803972
u32,zmij_x64_v2,loguniform,1-4,4,1.289460
u32,zmij_x64_v3,loguniform,1-4,4,1.229229
u32,zmij_x64_v4,loguniform,1-4,4,1.240578
u32,amartin,uniform,0-255,0,3.202627
u32,branchlut,uniform,0-255,0,3.414306
u32,branchlut2,uniform,0-255,0,3.448555
u32,countlut,uniform,0-255,0,3.480656
u32,fmt,uniform,0-255,0,3.538752
u32,jeaiii,uniform,0-255,0,3.427264
u32,naive,uniform,0-255,0,4.586949
u32,null,uniform,0-255,0,0.748308
u32,sse2,uniform,0-255,0,3.479866
u32,tmueller,uniform,0-255,0,1.552804
u32,unrolledlut,uniform,0-255,0,3.605530
u32,yy,uniform,0-255,0,3.220843
u32,zmij_scalar,uniform,0-255,0,2.144507
u32,zmij_x64_native,uniform,0-255,0,1.195407
u32,zmij_x64_v1,uniform,0-255,0,1.774482
u32,zmij_x64_v2,uniform,0-255,0,1.288590
u32,zmij_x64_v3,uniform,0-255,0,1.221578
u32,zmij_x64_v4,uniform,0-255,0,1.215405
u32,amartin,unpredictable,,1,2.838995
u32,branchlut,unpredictable,,1,2.461124
u32,branchlut2,unpredictable,,1,1.351428
u32,countlut,unpredictable,,1,3.995765
u32,fmt,unpredictable,,1,4.002948
u32,jeaiii,unpredictable,,1,3.742573
u32,naive,unpredictable,,1,5.053076
u32,null,unpredictable,,1,0.815233
u32,sse2,unpredictable,,1,2.530030
u32,tmueller,unpredictable,,1,1.810299
u32,unrolledlut,unpredictable,,1,2.423781
u32,yy,unpredictable,,1,3.776639
u32,zmij_scalar,unpredictable,,1,2.153722
u32,zmij_x64_native,unpredictable,,1,1.160461
u32,zmij_x64_v1,unpredictable,,1,1.783500
u32,zmij_x64_v2,unpredictable,,1,1.282860
u32,zmij_x64_v3,unpredictable,,1,1.182444
u32,zmij_x64_v4,unpredictable,,1,1.257839
u32,amartin,unpredictable,,2,2.820493
u32,branchlut,unpredictable,,2,2.281092
u32,branchlut2,unpredictable,,2,1.631377
u32,countlut,unpredictable,,2,4.173962
u32,fmt,unpredictable,,2,4.042954
u32,jeaiii,unpredictable,,2,3.845092
u32,naive,unpredictable,,2,5.036890
u32,null,unpredictable,,2,0.882274
u32,sse2,unpredictable,,2,2.523433
u32,tmueller,unpredictable,,2,1.694519
u32,unrolledlut,unpredictable,,2,2.308608
u32,yy,unpredictable,,2,3.803210
u32,zmij_scalar,unpredictable,,2,2.187536
u32,zmij_x64_native,unpredictable,,2,1.196105
u32,zmij_x64_v1,unpredictable,,2,1.770892
u32,zmij_x64_v2,unpredictable,,2,1.302691
u32,zmij_x64_v3,unpredictable,,2,1.197025
u32,zmij_x64_v4,unpredictable,,2,1.239613
u32,amartin,unpredictable,,3,2.068374
u32,branchlut,unpredictable,,3,2.912128
u32,branchlut2,unpredictable,,3,1.684569
u32,countlut,unpredictable,,3,3.074890
u32,fmt,unpredictable,,3,3.446884
u32,jeaiii,unpredictable,,3,1.546781
u32,naive,unpredictable,,3,5.235228
u32,null,unpredictable,,3,0.937089
u32,sse2,unpredictable,,3,2.790317
u32,tmueller,unpredictable,,3,1.751317
u32,unrolledlut,unpredictable,,3,1.690213
u32,yy,unpredictable,,3,2.882555
u32,zmij_scalar,unpredictable,,3,2.141931
u32,zmij_x64_native,unpredictable,,3,1.175839
u32,zmij_x64_v1,unpredictable,,3,1.788411
u32,zmij_x64_v2,unpredictable,,3,1.310010
u32,zmij_x64_v3,unpredictable,,3,1.232622
u32,zmij_x64_v4,unpredictable,,3,1.246822
u32,amartin,unpredictable,,4,2.020638
u32,branchlut,unpredictable,,4,3.202813
u32,branchlut2,unpredictable,,4,1.969890
u32,countlut,unpredictable,,4,3.154400
u32,fmt,unpredictable,,4,3.362797
u32,jeaiii,unpredictable,,4,1.915543
u32,naive,unpredictable,,4,5.789166
u32,null,unpredictable,,4,0.767788
u32,sse2,unpredictable,,4,3.260341
u32,tmueller,unpredictable,,4,1.837573
u32,unrolledlut,unpredictable,,4,1.826193
u32,yy,unpredictable,,4,2.979655
u32,zmij_scalar,unpredictable,,4,2.167433
u32,zmij_x64_native,unpredictable,,4,1.256664
u32,zmij_x64_v1,unpredictable,,4,1.812881
u32,zmij_x64_v2,unpredictable,,4,1.328107
u32,zmij_x64_v3,unpredictable,,4,1.192032
u32,zmij_x64_v4,unpredictable,,4,1.240583
u32,amartin,unpredictable,,5,1.850200
u32,branchlut,unpredictable,,5,1.874126
u32,branchlut2,unpredictable,,5,1.756278
u32,countlut,unpredictable,,5,2.621630
u32,fmt,unpredictable,,5,2.889658
u32,jeaiii,unpredictable,,5,1.791574
u32,naive,unpredictable,,5,5.893704
u32,null,unpredictable,,5,1.261852
u32,sse2,unpredictable,,5,2.004015
u32,tmueller,unpredictable,,5,1.810394
u32,unrolledlut,unpredictable,,5,1.978710
u32,yy,unpredictable,,5,2.658786
u32,zmij_scalar,unpredictable,,5,2.161260
u32,zmij_x64_native,unpredictable,,5,1.229151
u32,zmij_x64_v1,unpredictable,,5,1.790317
u32,zmij_x64_v2,unpredictable,,5,1.315719
u32,zmij_x64_v3,unpredictable,,5,1.231226
u32,zmij_x64_v4,unpredictable,,5,1.294716
u32,amartin,unpredictable,,6,1.867890
u32,branchlut,unpredictable,,6,2.085941
u32,branchlut2,unpredictable,,6,1.883413
u32,countlut,unpredictable,,6,2.753896
u32,fmt,unpredictable,,6,2.859604
u32,jeaiii,unpredictable,,6,1.671317
u32,naive,unpredictable,,6,6.286592
u32,null,unpredictable,,6,0.753662
u32,sse2,unpredictable,,6,2.023192
u32,tmueller,unpredictable,,6,1.964236
u32,unrolledlut,unpredictable,,6,1.826254
u32,yy,unpredictable,,6,2.643054
u32,zmij_scalar,unpredictable,,6,2.162421
u32,zmij_x64_native,unpredictable,,6,1.228042
u32,zmij_x64_v1,unpredictable,,6,1.793571
u32,zmij_x64_v2,unpredictable,,6,1.299930
u32,zmij_x64_v3,unpredictable,,6,1.218590
u32,zmij_x64_v4,unpredictable,,6,1.262923
u32,amartin,unpredictable,,7,1.974197
u32,branchlut,unpredictable,,7,2.314028
u32,branchlut2,unpredictable,,7,2.133233
u32,countlut,unpredictable,,7,2.238732
u32,fmt,unpredictable,,7,2.448143
u32,jeaiii,unpredictable,,7,1.788172
u32,naive,unpredictable,,7,6.748896
u32,null,unpredictable,,7,0.786736
u32,sse2,unpredictable,,7,2.429801
u32,tmueller,unpredictable,,7,1.956075
u32,unrolledlut,unpredictable,,7,3.304827
u32,yy,unpredictable,,7,1.967594
u32,zmij_scalar,unpredictable,,7,2.155881
u32,zmij_x64_native,unpredictable,,7,1.188051
u32,zmij_x64_v1,unpredictable,,7,1.787112
u32,zmij_x64_v2,unpredictable,,7,1.303504
u32,zmij_x64_v3,unpredictable,,7,1.177347
u32,zmij_x64_v4,unpredictable,,7,1.214288
u32,amartin,unpredictable,,8,2.016042
u32,branchlut,unpredictable,,8,2.930268
u32,branchlut2,unpredictable,,8,2.093112
u32,countlut,unpredictable,,8,2.335350
u32,fmt,unpredictable,,8,2.419134
u32,jeaiii,unpredictable,,8,1.959890
u32,naive,unpredictable,,8,6.366714
u32,null,unpredictable,,8,1.105506
u32,sse2,unpredictable,,8,2.992715
u32,tmueller,unpredictable,,8,2.136135
u32,unrolledlut,unpredictable,,8,3.389912
u32,yy,unpredictable,,8,1.993038
u32,zmij_scalar,unpredictable,,8,2.150778
u32,zmij_x64_native,unpredictable,,8,1.209430
u32,zmij_x64_v1,unpredictable,,8,1.808065
u32,zmij_x64_v2,unpredictable,,8,1.309733
u32,zmij_x64_v3,unpredictable,,8,1.281565
u32,zmij_x64_v4,unpredictable,,8,1.247171
u32,amartin,unpredictable,,9,4.755780
u32,branchlut,unpredictable,,9,2.826756
u32,branchlut2,unpredictable,,9,4.672931
u32,countlut,unpredictable,,9,2.663098
u32,fmt,unpredictable,,9,2.978703
u32,jeaiii,unpredictable,,9,1.951496
u32,naive,unpredictable,,9,6.737124
u32,null,unpredictable,,9,0.772571
u32,sse2,unpredictable,,9,2.698146
u32,tmueller,unpredictable,,9,2.230661
u32,unrolledlut,unpredictable,,9,5.001392
u32,yy,unpredictable,,9,2.145412
u32,zmij_scalar,unpredictable,,9,2.152412
u32,zmij_x64_native,unpredictable,,9,1.206124
u32,zmij_x64_v1,unpredictable,,9,1.808457
u32,zmij_x64_v2,unpredictable,,9,1.290351
u32,zmij_x64_v3,unpredictable,,9,1.235750
u32,zmij_x64_v4,unpredictable,,9,1.227450
u32,amartin,unpredictable,,10,4.791609
u32,branchlut,unpredictable,,10,2.978198
u32,branchlut2,unpredictable,,10,4.782762
u32,countlut,unpredictable,,10,2.779870
u32,fmt,unpredictable,,10,2.973057
u32,jeaiii,unpredictable,,10,2.129134
u32,naive,unpredictable,,10,7.805710
u32,null,unpredictable,,10,0.981338
u32,sse2,unpredictable,,10,2.896703
u32,tmueller,unpredictable,,10,2.162257
u32,unrolledlut,unpredictable,,10,4.821986
u32,yy,unpredictable,,10,2.175071
u32,zmij_scalar,unpredictable,,10,2.153649
u32,zmij_x64_native,unpredictable,,10,1.252932
u32,zmij_x64_v1,unpredictable,,10,1.791956
u32,zmij_x64_v2,unpredictable,,10,1.318748
u32,zmij_x64_v3,unpredictable,,10,1.214448
u32,zmij_x64_v4,unpredictable,,10,1.252708
u32,amartin,admixture,5x6,0,1.327956
u32,branchlut,admixture,5x6,0,1.991639
u32,branchlut2,admixture,5x6,0,1.263280
u32,countlut,admixture,5x6,0,1.791409
u32,fmt,admixture,5x6,0,1.775552
u32,jeaiii,admixture,5x6,0,1.190891
u32,naive,admixture,5x6,0,4.974492
u32,null,admixture,5x6,0,0.744494
u32,sse2,admixture,5x6,0,1.947426
u32,tmueller,admixture,5x6,0,1.372546
u32,unrolledlut,admixture,5x6,0,1.507988
u32,yy,admixture,5x6,0,1.460479
u32,zmij_scalar,admixture,5x6,0,2.162471
u32,zmij_x64_native,admixture,5x6,0,1.208094
u32,zmij_x64_v1,admixture,5x6,0,1.791138
u32,zmij_x64_v2,admixture,5x6,0,1.277670
u32,zmij_x64_v3,admixture,5x6,0,1.221416
u32,zmij_x64_v4,admixture,5x6,0,1.211665
u32,amartin,admixture,5x6,10,1.309778
u32,branchlut,admixture,5x6,10,2.505120
u32,branchlut2,admixture,5x6,10,1.888062
u32,countlut,admixture,5x6,10,2.399367
u32,fmt,admixture,5x6,10,2.463991
u32,jeaiii,admixture,5x6,10,1.814964
u32,naive,admixture,5x6,10,5.539376
u32,null,admixture,5x6,10,0.740605
u32,sse2,admixture,5x6,10,2.448044
u32,tmueller,admixture,5x6,10,1.904193
u32,unrolledlut,admixture,5x6,10,2.164465
u32,yy,admixture,5x6,10,1.454328
u32,zmij_scalar,admixture,5x6,10,2.155909
u32,zmij_x64_native,admixture,5x6,10,1.195606
u32,zmij_x64_v1,admixture,5x6,10,1.786037
u32,zmij_x64_v2,admixture,5x6,10,1.284365
u32,zmij_x64_v3,admixture,5x6,10,1.227990
u32,zmij_x64_v4,admixture,5x6,10,1.222496
u32,amartin,admixture,5x6,20,1.316945
u32,branchlut,admixture,5x6,20,3.102224
u32,branchlut2,admixture,5x6,20,2.450354
u32,countlut,admixture,5x6,20,2.992203
u32,fmt,admixture,5x6,20,3.112421
u32,jeaiii,admixture,5x6,20,2.302895
u32,naive,admixture,5x6,20,6.151541
u32,null,admixture,5x6,20,0.751132
u32,sse2,admixture,5x6,20,2.946202
u32,tmueller,admixture,5x6,20,2.360701
u32,unrolledlut,admixture,5x6,20,2.747185
u32,yy,admixture,5x6,20,1.462916
u32,zmij_scalar,admixture,5x6,20,2.170640
u32,zmij_x64_native,admixture,5x6,20,1.218934
u32,zmij_x64_v1,admixture,5x6,20,1.803448
u32,zmij_x64_v2,admixture,5x6,20,1.298764
u32,zmij_x64_v3,admixture,5x6,20,1.217114
u32,zmij_x64_v4,admixture,5x6,20,1.221409
u32,amartin,admixture,5x6,30,1.326019
u32,branchlut,admixture,5x6,30,3.597517
u32,branchlut2,admixture,5x6,30,3.051983
u32,countlut,admixture,5x6,30,3.552724
u32,fmt,admixture,5x6,30,3.786695
u32,jeaiii,admixture,5x6,30,2.864317
u32,naive,admixture,5x6,30,6.699505
u32,null,admixture,5x6,30,0.762001
u32,sse2,admixture,5x6,30,3.492947
u32,tmueller,admixture,5x6,30,2.853943
u32,unrolledlut,admixture,5x6,30,3.311275
u32,yy,admixture,5x6,30,1.448839
u32,zmij_scalar,admixture,5x6,30,2.161468
u32,zmij_x64_native,admixture,5x6,30,1.190776
u32,zmij_x64_v1,admixture,5x6,30,1.794951
u32,zmij_x64_v2,admixture,5x6,30,1.294290
u32,zmij_x64_v3,admixture,5x6,30,1.230357
u32,zmij_x64_v4,admixture,5x6,30,1.215630
u32,amartin,admixture,5x6,40,1.327742
u32,branchlut,admixture,5x6,40,4.179286
u32,branchlut2,admixture,5x6,40,3.568903
u32,countlut,admixture,5x6,40,4.269502
u32,fmt,admixture,5x6,40,4.522864
u32,jeaiii,admixture,5x6,40,3.419466
u32,naive,admixture,5x6,40,7.363452
u32,null,admixture,5x6,40,0.948066
u32,sse2,admixture,5x6,40,4.043664
u32,tmueller,admixture,5x6,40,3.391786
u32,unrolledlut,admixture,5x6,40,3.936499
u32,yy,admixture,5x6,40,1.452651
u32,zmij_scalar,admixture,5x6,40,2.166520
u32,zmij_x64_native,admixture,5x6,40,1.192159
u32,zmij_x64_v1,admixture,5x6,40,1.804649
u32,zmij_x64_v2,admixture,5x6,40,1.292152
u32,zmij_x64_v3,admixture,5x6,40,1.210640
u32,zmij_x64_v4,admixture,5x6,40,1.234848
u32,amartin,admixture,5x6,50,1.320657
u32,branchlut,admixture,5x6,50,4.389768
u32,branchlut2,admixture,5x6,50,3.824618
u32,countlut,admixture,5x6,50,4.726334
u32,fmt,admixture,5x6,50,5.006845
u32,jeaiii,admixture,5x6,50,3.713001
u32,naive,admixture,5x6,50,7.693106
u32,null,admixture,5x6,50,0.776156
u32,sse2,admixture,5x6,50,4.252010
u32,tmueller,admixture,5x6,50,3.700382
u32,unrolledlut,admixture,5x6,50,4.290898
u32,yy,admixture,5x6,50,1.431354
u32,zmij_scalar,admixture,5x6,50,2.136881
u32,zmij_x64_native,admixture,5x6,50,1.204031
u32,zmij_x64_v1,admixture,5x6,50,1.781020
u32,zmij_x64_v2,admixture,5x6,50,1.281497
u32,zmij_x64_v3,admixture,5x6,50,1.217885
u32,zmij_x64_v4,admixture,5x6,50,1.228458
u32,amartin,admixture,5x6,60,1.337932
u32,branchlut,admixture,5x6,60,4.080973
u32,branchlut2,admixture,5x6,60,3.429255
u32,countlut,admixture,5x6,60,4.274041
u32,fmt,admixture,5x6,60,4.471629
u32,jeaiii,admixture,5x6,60,3.394077
u32,naive,admixture,5x6,60,7.185206
u32,null,admixture,5x6,60,0.891991
u32,sse2,admixture,5x6,60,4.054802
u32,tmueller,admixture,5x6,60,3.363437
u32,unrolledlut,admixture,5x6,60,4.064381
u32,yy,admixture,5x6,60,1.466599
u32,zmij_scalar,admixture,5x6,60,2.182751
u32,zmij_x64_native,admixture,5x6,60,1.206905
u32,zmij_x64_v1,admixture,5x6,60,1.811240
u32,zmij_x64_v2,admixture,5x6,60,1.290901
u32,zmij_x64_v3,admixture,5x6,60,1.230971
u32,zmij_x64_v4,admixture,5x6,60,1.230973
u32,amartin,admixture,5x6,70,1.316135
u32,branchlut,admixture,5x6,70,3.495095
u32,branchlut2,admixture,5x6,70,2.881095
u32,countlut,admixture,5x6,70,3.470458
u32,fmt,admixture,5x6,70,3.756430
u32,jeaiii,admixture,5x6,70,2.900107
u32,naive,admixture,5x6,70,6.284641
u32,null,admixture,5x6,70,0.739258
u32,sse2,admixture,5x6,70,3.419662
u32,tmueller,admixture,5x6,70,2.707982
u32,unrolledlut,admixture,5x6,70,3.454979
u32,yy,admixture,5x6,70,1.445870
u32,zmij_scalar,admixture,5x6,70,2.180596
u32,zmij_x64_native,admixture,5x6,70,1.212435
u32,zmij_x64_v1,admixture,5x6,70,1.800354
u32,zmij_x64_v2,admixture,5x6,70,1.318980
u32,zmij_x64_v3,admixture,5x6,70,1.201991
u32,zmij_x64_v4,admixture,5x6,70,1.224431
u32,amartin,admixture,5x6,80,1.331124
u32,branchlut,admixture,5x6,80,2.944367
u32,branchlut2,admixture,5x6,80,2.369112
u32,countlut,admixture,5x6,80,2.861800
u32,fmt,admixture,5x6,80,3.090020
u32,jeaiii,admixture,5x6,80,2.352934
u32,naive,admixture,5x6,80,5.579446
u32,null,admixture,5x6,80,0.791525
u32,sse2,admixture,5x6,80,2.859662
u32,tmueller,admixture,5x6,80,2.120991
u32,unrolledlut,admixture,5x6,80,2.854985
u32,yy,admixture,5x6,80,1.454347
u32,zmij_scalar,admixture,5x6,80,2.162868
u32,zmij_x64_native,admixture,5x6,80,1.197503
u32,zmij_x64_v1,admixture,5x6,80,1.792192
u32,zmij_x64_v2,admixture,5x6,80,1.296911
u32,zmij_x64_v3,admixture,5x6,80,1.206057
u32,zmij_x64_v4,admixture,5x6,80,1.248277
u32,amartin,admixture,5x6,90,1.317611
u32,branchlut,admixture,5x6,90,2.389387
u32,branchlut2,admixture,5x6,90,1.839135
u32,countlut,admixture,5x6,90,2.275122
u32,fmt,admixture,5x6,90,2.504924
u32,jeaiii,admixture,5x6,90,1.846581
u32,naive,admixture,5x6,90,4.873451
u32,null,admixture,5x6,90,0.787526
u32,sse2,admixture,5x6,90,2.336220
u32,tmueller,admixture,5x6,90,1.614218
u32,unrolledlut,admixture,5x6,90,2.242624
u32,yy,admixture,5x6,90,1.455745
u32,zmij_scalar,admixture,5x6,90,2.153091
u32,zmij_x64_native,admixture,5x6,90,1.190640
u32,zmij_x64_v1,admixture,5x6,90,1.800359
u32,zmij_x64_v2,admixture,5x6,90,1.286298
u32,zmij_x64_v3,admixture,5x6,90,1.218709
u32,zmij_x64_v4,admixture,5x6,90,1.236365
u32,amartin,admixture,5x6,100,1.324448
u32,branchlut,admixture,5x6,100,1.846440
u32,branchlut2,admixture,5x6,100,1.278291
u32,countlut,admixture,5x6,100,1.685671
u32,fmt,admixture,5x6,100,1.794302
u32,jeaiii,admixture,5x6,100,1.288378
u32,naive,admixture,5x6,100,4.203699
u32,null,admixture,5x6,100,0.725824
u32,sse2,admixture,5x6,100,1.804432
u32,tmueller,admixture,5x6,100,0.983158
u32,unrolledlut,admixture,5x6,100,1.644291
u32,yy,admixture,5x6,100,1.461561
u32,zmij_scalar,admixture,5x6,100,2.155314
u32,zmij_x64_native,admixture,5x6,100,1.204710
u32,zmij_x64_v1,admixture,5x6,100,1.790396
u32,zmij_x64_v2,admixture,5x6,100,1.277789
u32,zmij_x64_v3,admixture,5x6,100,1.212471
u32,zmij_x64_v4,admixture,5x6,100,1.251206
i32,amartin,bylength,,1,0.814380
i32,branchlut,bylength,,1,3.660278
i32,branchlut2,bylength,,1,3.631442
i32,countlut,bylength,,1,3.300589
i32,fmt,bylength,,1,1.099363
i32,jeaiii,bylength,,1,3.475431
i32,naive,bylength,,1,3.794943
i32,null,bylength,,1,0.782271
i32,sse2,bylength,,1,3.748483
i32,tmueller,bylength,,1,0.758122
i32,unrolledlut,bylength,,1,3.715925
i32,yy,bylength,,1,0.937080
i32,zmij_scalar,bylength,,1,2.363193
i32,zmij_x64_native,bylength,,1,1.413419
i32,zmij_x64_v1,bylength,,1,2.037922
i32,zmij_x64_v2,bylength,,1,1.501992
i32,zmij_x64_v3,bylength,,1,1.442991
i32,zmij_x64_v4,bylength,,1,1.427403
i32,amartin,bylength,,2,0.808368
i32,branchlut,bylength,,2,3.741053
i32,branchlut2,bylength,,2,3.904363
i32,countlut,bylength,,2,3.581443
i32,fmt,bylength,,2,1.127641
i32,jeaiii,bylength,,2,3.681654
i32,naive,bylength,,2,4.863267
i32,null,bylength,,2,1.083560
i32,sse2,bylength,,2,4.199012
i32,tmueller,bylength,,2,1.732995
i32,unrolledlut,bylength,,2,3.674868
i32,yy,bylength,,2,0.919803
i32,zmij_scalar,bylength,,2,2.362985
i32,zmij_x64_native,bylength,,2,1.405625
i32,zmij_x64_v1,bylength,,2,2.032822
i32,zmij_x64_v2,bylength,,2,1.497912
i32,zmij_x64_v3,bylength,,2,1.449393
i32,zmij_x64_v4,bylength,,2,1.426669
i32,amartin,bylength,,3,1.180493
i32,branchlut,bylength,,3,3.943567
i32,branchlut2,bylength,,3,3.843547
i32,countlut,bylength,,3,3.599339
i32,fmt,bylength,,3,1.384798
i32,jeaiii,bylength,,3,3.738946
i32,naive,bylength,,3,5.722654
i32,null,bylength,,3,1.079253
i32,sse2,bylength,,3,3.795238
i32,tmueller,bylength,,3,1.727265
i32,unrolledlut,bylength,,3,4.329448
i32,yy,bylength,,3,1.117778
i32,zmij_scalar,bylength,,3,2.360935
i32,zmij_x64_native,bylength,,3,1.390053
i32,zmij_x64_v1,bylength,,3,2.037417
i32,zmij_x64_v2,bylength,,3,1.499075
i32,zmij_x64_v3,bylength,,3,1.446331
i32,zmij_x64_v4,bylength,,3,1.424916
i32,amartin,bylength,,4,1.186844
i32,branchlut,bylength,,4,3.968846
i32,branchlut2,bylength,,4,3.761441
i32,countlut,bylength,,4,3.750231
i32,fmt,bylength,,4,1.438507
i32,jeaiii,bylength,,4,3.638633
i32,naive,bylength,,4,6.626741
i32,null,bylength,,4,1.077900
i32,sse2,bylength,,4,3.828346
i32,tmueller,bylength,,4,1.222491
i32,unrolledlut,bylength,,4,4.102500
i32,yy,bylength,,4,1.106384
i32,zmij_scalar,bylength,,4,2.358228
i32,zmij_x64_native,bylength,,4,1.408465
i32,zmij_x64_v1,bylength,,4,2.036892
i32,zmij_x64_v2,bylength,,4,1.498958
i32,zmij_x64_v3,bylength,,4,1.448373
i32,zmij_x64_v4,bylength,,4,1.424493
i32,amartin,bylength,,5,1.667965
i32,branchlut,bylength,,5,4.636465
i32,branchlut2,bylength,,5,3.664890
i32,countlut,bylength,,5,3.916629
i32,fmt,bylength,,5,1.774343
i32,jeaiii,bylength,,5,3.564209
i32,naive,bylength,,5,7.521073
i32,null,bylength,,5,0.757032
i32,sse2,bylength,,5,4.268928
i32,tmueller,bylength,,5,1.219765
i32,unrolledlut,bylength,,5,4.424029
i32,yy,bylength,,5,1.405333
i32,zmij_scalar,bylength,,5,2.367244
i32,zmij_x64_native,bylength,,5,1.413261
i32,zmij_x64_v1,bylength,,5,2.020603
i32,zmij_x64_v2,bylength,,5,1.497186
i32,zmij_x64_v3,bylength,,5,1.443115
i32,zmij_x64_v4,bylength,,5,1.405754
i32,amartin,bylength,,6,1.654648
i32,branchlut,bylength,,6,4.741216
i32,branchlut2,bylength,,6,4.011809
i32,countlut,bylength,,6,4.001019
i32,fmt,bylength,,6,1.839027
i32,jeaiii,bylength,,6,3.966697
i32,naive,bylength,,6,8.331086
i32,null,bylength,,6,0.743320
i32,sse2,bylength,,6,4.202792
i32,tmueller,bylength,,6,1.682880
i32,unrolledlut,bylength,,6,4.296544
i32,yy,bylength,,6,1.418853
i32,zmij_scalar,bylength,,6,2.359005
i32,zmij_x64_native,bylength,,6,1.416610
i32,zmij_x64_v1,bylength,,6,2.062119
i32,zmij_x64_v2,bylength,,6,1.517451
i32,zmij_x64_v3,bylength,,6,1.460613
i32,zmij_x64_v4,bylength,,6,1.441558
i32,amartin,bylength,,7,2.154058
i32,branchlut,bylength,,7,4.134712
i32,branchlut2,bylength,,7,4.265591
i32,countlut,bylength,,7,4.098228
i32,fmt,bylength,,7,2.124249
i32,jeaiii,bylength,,7,3.732924
i32,naive,bylength,,7,9.307888
i32,null,bylength,,7,0.750583
i32,sse2,bylength,,7,4.210704
i32,tmueller,bylength,,7,1.693350
i32,unrolledlut,bylength,,7,3.616791
i32,yy,bylength,,7,1.841588
i32,zmij_scalar,bylength,,7,2.384604
i32,zmij_x64_native,bylength,,7,1.414737
i32,zmij_x64_v1,bylength,,7,2.058156
i32,zmij_x64_v2,bylength,,7,1.518944
i32,zmij_x64_v3,bylength,,7,1.452775
i32,zmij_x64_v4,bylength,,7,1.438500
i32,amartin,bylength,,8,2.153627
i32,branchlut,bylength,,8,4.240140
i32,branchlut2,bylength,,8,4.467008
i32,countlut,bylength,,8,4.496313
i32,fmt,bylength,,8,2.130581
i32,jeaiii,bylength,,8,3.946194
i32,naive,bylength,,8,9.747646
i32,null,bylength,,8,0.823533
i32,sse2,bylength,,8,4.361877
i32,tmueller,bylength,,8,2.323148
i32,unrolledlut,bylength,,8,3.887535
i32,yy,bylength,,8,1.838248
i32,zmij_scalar,bylength,,8,2.396178
i32,zmij_x64_native,bylength,,8,1.415447
i32,zmij_x64_v1,bylength,,8,2.060982
i32,zmij_x64_v2,bylength,,8,1.510371
i32,zmij_x64_v3,bylength,,8,1.468342
i32,zmij_x64_v4,bylength,,8,1.445578
i32,amartin,bylength,,9,2.533440
i32,branchlut,bylength,,9,4.274233
i32,branchlut2,bylength,,9,4.061213
i32,countlut,bylength,,9,4.708812
i32,fmt,bylength,,9,2.425567
i32,jeaiii,bylength,,9,3.974303
i32,naive,bylength,,9,10.682117
i32,null,bylength,,9,1.015439
i32,sse2,bylength,,9,3.802967
i32,tmueller,bylength,,9,2.318467
i32,unrolledlut,bylength,,9,4.038965
i32,yy,bylength,,9,2.168808
i32,zmij_scalar,bylength,,9,2.357257
i32,zmij_x64_native,bylength,,9,1.418677
i32,zmij_x64_v1,bylength,,9,2.039408
i32,zmij_x64_v2,bylength,,9,1.507532
i32,zmij_x64_v3,bylength,,9,1.441446
i32,zmij_x64_v4,bylength,,9,1.426722
i32,amartin,bylength,,10,2.543745
i32,branchlut,bylength,,10,4.283025
i32,branchlut2,bylength,,10,4.259313
i32,countlut,bylength,,10,4.936761
i32,fmt,bylength,,10,2.467749
i32,jeaiii,bylength,,10,4.236317
i32,naive,bylength,,10,11.647858
i32,null,bylength,,10,0.965300
i32,sse2,bylength,,10,4.055180
i32,tmueller,bylength,,10,2.330325
i32,unrolledlut,bylength,,10,3.950498
i32,yy,bylength,,10,2.187918
i32,zmij_scalar,bylength,,10,2.383060
i32,zmij_x64_native,bylength,,10,1.421768
i32,zmij_x64_v1,bylength,,10,2.055491
i32,zmij_x64_v2,bylength,,10,1.510976
i32,zmij_x64_v3,bylength,,10,1.456999
i32,zmij_x64_v4,bylength,,10,1.437091
i32,amartin,loguniform,1-10,10,6.130270
i32,branchlut,loguniform,1-10,10,10.163551
i32,branchlut2,loguniform,1-10,10,10.782110
i32,countlut,loguniform,1-10,10,10.127964
i32,fmt,loguniform,1-10,10,8.213015
i32,jeaiii,loguniform,1-10,10,10.114808
i32,naive,loguniform,1-10,10,12.323786
i32,null,loguniform,1-10,10,0.768375
i32,sse2,loguniform,1-10,10,9.838606
i32,tmueller,loguniform,1-10,10,6.744015
i32,unrolledlut,loguniform,1-10,10,9.569887
i32,yy,loguniform,1-10,10,5.838416
i32,zmij_scalar,loguniform,1-10,10,2.345999
i32,zmij_x64_native,loguniform,1-10,10,1.401850
i32,zmij_x64_v1,loguniform,1-10,10,2.024038
i32,zmij_x64_v2,loguniform,1-10,10,1.499624
i32,zmij_x64_v3,loguniform,1-10,10,1.445567
i32,zmij_x64_v4,loguniform,1-10,10,1.423188
i32,amartin,loguniform,1-4,4,3.958977
i32,branchlut,loguniform,1-4,4,7.157483
i32,branchlut2,loguniform,1-4,4,8.225908
i32,countlut,loguniform,1-4,4,8.260742
i32,fmt,loguniform,1-4,4,6.054355
i32,jeaiii,loguniform,1-4,4,7.856625
i32,naive,loguniform,1-4,4,8.814068
i32,null,loguniform,1-4,4,0.728110
i32,sse2,loguniform,1-4,4,7.259165
i32,tmueller,loguniform,1-4,4,4.294326
i32,unrolledlut,loguniform,1-4,4,7.971328
i32,yy,loguniform,1-4,4,3.740832
i32,zmij_scalar,loguniform,1-4,4,2.347578
i32,zmij_x64_native,loguniform,1-4,4,1.410321
i32,zmij_x64_v1,loguniform,1-4,4,2.031532
i32,zmij_x64_v2,loguniform,1-4,4,1.495798
i32,zmij_x64_v3,loguniform,1-4,4,1.437516
i32,zmij_x64_v4,loguniform,1-4,4,1.423777
i32,amartin,uniform,0-255,0,3.467443
i32,branchlut,uniform,0-255,0,3.427665
i32,branchlut2,uniform,0-255,0,3.472622
i32,countlut,uniform,0-255,0,3.494305
i32,fmt,uniform,0-255,0,3.597869
i32,jeaiii,uniform,0-255,0,3.350424
i32,naive,uniform,0-255,0,4.858373
i32,null,uniform,0-255,0,0.995352
i32,sse2,uniform,0-255,0,3.392236
i32,tmueller,uniform,0-255,0,1.919073
i32,unrolledlut,uniform,0-255,0,3.466689
i32,yy,uniform,0-255,0,3.314097
i32,zmij_scalar,uniform,0-255,0,2.355002
i32,zmij_x64_native,uniform,0-255,0,1.400661
i32,zmij_x64_v1,uniform,0-255,0,2.038725
i32,zmij_x64_v2,uniform,0-255,0,1.491155
i32,zmij_x64_v3,uniform,0-255,0,1.445915
i32,zmij_x64_v4,uniform,0-255,0,1.421937
i32,amartin,unpredictable,,1,3.093919
i32,branchlut,unpredictable,,1,4.885244
i32,branchlut2,unpredictable,,1,4.251531
i32,countlut,unpredictable,,1,6.369068
i32,fmt,unpredictable,,1,4.118936
i32,jeaiii,unpredictable,,1,6.320016
i32,naive,unpredictable,,1,7.592509
i32,null,unpredictable,,1,0.688694
i32,sse2,unpredictable,,1,5.157391
i32,tmueller,unpredictable,,1,1.917413
i32,unrolledlut,unpredictable,,1,5.168115
i32,yy,unpredictable,,1,3.993752
i32,zmij_scalar,unpredictable,,1,2.404950
i32,zmij_x64_native,unpredictable,,1,1.411129
i32,zmij_x64_v1,unpredictable,,1,2.019868
i32,zmij_x64_v2,unpredictable,,1,1.509856
i32,zmij_x64_v3,unpredictable,,1,1.437194
i32,zmij_x64_v4,unpredictable,,1,1.464100
i32,amartin,unpredictable,,2,3.095032
i32,branchlut,unpredictable,,2,4.955983
i32,branchlut2,unpredictable,,2,4.539034
i32,countlut,unpredictable,,2,6.851803
i32,fmt,unpredictable,,2,4.327880
i32,jeaiii,unpredictable,,2,6.742132
i32,naive,unpredictable,,2,8.426475
i32,null,unpredictable,,2,0.976737
i32,sse2,unpredictable,,2,5.686582
i32,tmueller,unpredictable,,2,2.272692
i32,unrolledlut,unpredictable,,2,5.038892
i32,yy,unpredictable,,2,4.085110
i32,zmij_scalar,unpredictable,,2,2.380567
i32,zmij_x64_native,unpredictable,,2,1.420133
i32,zmij_x64_v1,unpredictable,,2,2.080145
i32,zmij_x64_v2,unpredictable,,2,1.531746
i32,zmij_x64_v3,unpredictable,,2,1.469379
i32,zmij_x64_v4,unpredictable,,2,1.447953
i32,amartin,unpredictable,,3,2.342841
i32,branchlut,unpredictable,,3,5.946287
i32,branchlut2,unpredictable,,3,5.072428
i32,countlut,unpredictable,,3,6.523663
i32,fmt,unpredictable,,3,3.437035
i32,jeaiii,unpredictable,,3,4.955111
i32,naive,unpredictable,,3,8.851427
i32,null,unpredictable,,3,0.870330
i32,sse2,unpredictable,,3,6.098683
i32,tmueller,unpredictable,,3,2.370595
i32,unrolledlut,unpredictable,,3,4.769174
i32,yy,unpredictable,,3,3.212624
i32,zmij_scalar,unpredictable,,3,2.395959
i32,zmij_x64_native,unpredictable,,3,1.440256
i32,zmij_x64_v1,unpredictable,,3,2.007270
i32,zmij_x64_v2,unpredictable,,3,1.517628
i32,zmij_x64_v3,unpredictable,,3,1.491011
i32,zmij_x64_v4,unpredictable,,3,1.453570
i32,amartin,unpredictable,,4,2.020897
i32,branchlut,unpredictable,,4,5.574860
i32,branchlut2,unpredictable,,4,4.889273
i32,countlut,unpredictable,,4,5.798809
i32,fmt,unpredictable,,4,3.107352
i32,jeaiii,unpredictable,,4,4.032472
i32,naive,unpredictable,,4,8.714459
i32,null,unpredictable,,4,0.807728
i32,sse2,unpredictable,,4,5.731331
i32,tmueller,unpredictable,,4,1.928668
i32,unrolledlut,unpredictable,,4,4.151988
i32,yy,unpredictable,,4,3.050341
i32,zmij_scalar,unpredictable,,4,2.360840
i32,zmij_x64_native,unpredictable,,4,1.392816
i32,zmij_x64_v1,unpredictable,,4,2.002688
i32,zmij_x64_v2,unpredictable,,4,1.479318
i32,zmij_x64_v3,unpredictable,,4,1.443653
i32,zmij_x64_v4,unpredictable,,4,1.423932
i32,amartin,unpredictable,,5,1.805652
i32,branchlut,unpredictable,,5,4.737698
i32,branchlut2,unpredictable,,5,4.939569
i32,countlut,unpredictable,,5,5.075001
i32,fmt,unpredictable,,5,2.676097
i32,jeaiii,unpredictable,,5,4.129926
i32,naive,unpredictable,,5,9.136350
i32,null,unpredictable,,5,0.724357
i32,sse2,unpredictable,,5,4.453155
i32,tmueller,unpredictable,,5,2.045580
i32,unrolledlut,unpredictable,,5,4.638966
i32,yy,unpredictable,,5,2.472053
i32,zmij_scalar,unpredictable,,5,2.348767
i32,zmij_x64_native,unpredictable,,5,1.420812
i32,zmij_x64_v1,unpredictable,,5,2.057232
i32,zmij_x64_v2,unpredictable,,5,1.517771
i32,zmij_x64_v3,unpredictable,,5,1.443429
i32,zmij_x64_v4,unpredictable,,5,1.454422
i32,amartin,unpredictable,,6,1.898277
i32,branchlut,unpredictable,,6,5.133530
i32,branchlut2,unpredictable,,6,5.316888
i32,countlut,unpredictable,,6,5.716945
i32,fmt,unpredictable,,6,3.073491
i32,jeaiii,unpredictable,,6,5.026572
i32,naive,unpredictable,,6,9.930142
i32,null,unpredictable,,6,1.331998
i32,sse2,unpredictable,,6,5.031004
i32,tmueller,unpredictable,,6,2.527218
i32,unrolledlut,unpredictable,,6,4.925142
i32,yy,unpredictable,,6,2.627562
i32,zmij_scalar,unpredictable,,6,2.351161
i32,zmij_x64_native,unpredictable,,6,1.418309
i32,zmij_x64_v1,unpredictable,,6,2.033317
i32,zmij_x64_v2,unpredictable,,6,1.495160
i32,zmij_x64_v3,unpredictable,,6,1.446749
i32,zmij_x64_v4,unpredictable,,6,1.464889
i32,amartin,unpredictable,,7,2.160929
i32,branchlut,unpredictable,,7,5.062035
i32,branchlut2,unpredictable,,7,5.548984
i32,countlut,unpredictable,,7,4.894317
i32,fmt,unpredictable,,7,2.460919
i32,jeaiii,unpredictable,,7,4.814703
i32,naive,unpredictable,,7,10.215564
i32,null,unpredictable,,7,0.790247
i32,sse2,unpredictable,,7,5.083116
i32,tmueller,unpredictable,,7,2.499628
i32,unrolledlut,unpredictable,,7,5.773845
i32,yy,unpredictable,,7,2.065890
i32,zmij_scalar,unpredictable,,7,2.380237
i32,zmij_x64_native,unpredictable,,7,1.387099
i32,zmij_x64_v1,unpredictable,,7,2.039423
i32,zmij_x64_v2,unpredictable,,7,1.498099
i32,zmij_x64_v3,unpredictable,,7,1.459509
i32,zmij_x64_v4,unpredictable,,7,1.442292
i32,amartin,unpredictable,,8,2.255879
i32,branchlut,unpredictable,,8,5.713171
i32,branchlut2,unpredictable,,8,5.563029
i32,countlut,unpredictable,,8,4.884871
i32,fmt,unpredictable,,8,2.485184
i32,jeaiii,unpredictable,,8,4.767331
i32,naive,unpredictable,,8,9.820846
i32,null,unpredictable,,8,0.756586
i32,sse2,unpredictable,,8,5.217571
i32,tmueller,unpredictable,,8,2.340250
i32,unrolledlut,unpredictable,,8,6.344500
i32,yy,unpredictable,,8,2.153841
i32,zmij_scalar,unpredictable,,8,2.382486
i32,zmij_x64_native,unpredictable,,8,1.433926
i32,zmij_x64_v1,unpredictable,,8,2.073839
i32,zmij_x64_v2,unpredictable,,8,1.513133
i32,zmij_x64_v3,unpredictable,,8,1.481853
i32,zmij_x64_v4,unpredictable,,8,1.468921
i32,amartin,unpredictable,,9,4.809828
i32,branchlut,unpredictable,,9,5.067549
i32,branchlut2,unpredictable,,9,7.841907
i32,countlut,unpredictable,,9,5.320445
i32,fmt,unpredictable,,9,2.664312
i32,jeaiii,unpredictable,,9,4.960538
i32,naive,unpredictable,,9,10.860148
i32,null,unpredictable,,9,0.781161
i32,sse2,unpredictable,,9,5.331689
i32,tmueller,unpredictable,,9,2.526148
i32,unrolledlut,unpredictable,,9,7.398516
i32,yy,unpredictable,,9,2.499122
i32,zmij_scalar,unpredictable,,9,2.408867
i32,zmij_x64_native,unpredictable,,9,1.406741
i32,zmij_x64_v1,unpredictable,,9,2.032666
i32,zmij_x64_v2,unpredictable,,9,1.505288
i32,zmij_x64_v3,unpredictable,,9,1.492764
i32,zmij_x64_v4,unpredictable,,9,1.465973
i32,amartin,unpredictable,,10,5.126202
i32,branchlut,unpredictable,,10,5.741007
i32,branchlut2,unpredictable,,10,7.851300
i32,countlut,unpredictable,,10,5.887620
i32,fmt,unpredictable,,10,2.936681
i32,jeaiii,unpredictable,,10,5.232786
i32,naive,unpredictable,,10,12.027097
i32,null,unpredictable,,10,1.233225
i32,sse2,unpredictable,,10,5.766038
i32,tmueller,unpredictable,,10,2.644919
i32,unrolledlut,unpredictable,,10,7.541879
i32,yy,unpredictable,,10,2.505893
i32,zmij_scalar,unpredictable,,10,2.352182
i32,zmij_x64_native,unpredictable,,10,1.406288
i32,zmij_x64_v1,unpredictable,,10,2.040099
i32,zmij_x64_v2,unpredictable,,10,1.492985
i32,zmij_x64_v3,unpredictable,,10,1.440084
i32,zmij_x64_v4,unpredictable,,10,1.428145
i32,amartin,admixture,5x6,0,1.658389
i32,branchlut,admixture,5x6,0,4.701322
i32,branchlut2,admixture,5x6,0,3.978217
i32,countlut,admixture,5x6,0,3.939766
i32,fmt,admixture,5x6,0,1.817653
i32,jeaiii,admixture,5x6,0,3.931329
i32,naive,admixture,5x6,0,8.327410
i32,null,admixture,5x6,0,0.774809
i32,sse2,admixture,5x6,0,4.159786
i32,tmueller,admixture,5x6,0,1.682090
i32,unrolledlut,admixture,5x6,0,4.196715
i32,yy,admixture,5x6,0,1.382772
i32,zmij_scalar,admixture,5x6,0,2.355271
i32,zmij_x64_native,admixture,5x6,0,1.407349
i32,zmij_x64_v1,admixture,5x6,0,2.030631
i32,zmij_x64_v2,admixture,5x6,0,1.489289
i32,zmij_x64_v3,admixture,5x6,0,1.442468
i32,zmij_x64_v4,admixture,5x6,0,1.428816
i32,amartin,admixture,5x6,10,1.656688
i32,branchlut,admixture,5x6,10,4.837941
i32,branchlut2,admixture,5x6,10,4.230520
i32,countlut,admixture,5x6,10,4.675718
i32,fmt,admixture,5x6,10,2.422255
i32,jeaiii,admixture,5x6,10,4.328576
i32,naive,admixture,5x6,10,8.641896
i32,null,admixture,5x6,10,0.752575
i32,sse2,admixture,5x6,10,4.543253
i32,tmueller,admixture,5x6,10,2.173680
i32,unrolledlut,admixture,5x6,10,4.295249
i32,yy,admixture,5x6,10,1.402488
i32,zmij_scalar,admixture,5x6,10,2.355345
i32,zmij_x64_native,admixture,5x6,10,1.404304
i32,zmij_x64_v1,admixture,5x6,10,2.026833
i32,zmij_x64_v2,admixture,5x6,10,1.496208
i32,zmij_x64_v3,admixture,5x6,10,1.454423
i32,zmij_x64_v4,admixture,5x6,10,1.431516
i32,amartin,admixture,5x6,20,1.656110
i32,branchlut,admixture,5x6,20,5.327315
i32,branchlut2,admixture,5x6,20,5.060209
i32,countlut,admixture,5x6,20,5.252265
i32,fmt,admixture,5x6,20,2.988062
i32,jeaiii,admixture,5x6,20,4.874521
i32,naive,admixture,5x6,20,9.125334
i32,null,admixture,5x6,20,0.728091
i32,sse2,admixture,5x6,20,5.159994
i32,tmueller,admixture,5x6,20,2.596804
i32,unrolledlut,admixture,5x6,20,4.867195
i32,yy,admixture,5x6,20,1.404208
i32,zmij_scalar,admixture,5x6,20,2.352801
i32,zmij_x64_native,admixture,5x6,20,1.408192
i32,zmij_x64_v1,admixture,5x6,20,2.046158
i32,zmij_x64_v2,admixture,5x6,20,1.513111
i32,zmij_x64_v3,admixture,5x6,20,1.462870
i32,zmij_x64_v4,admixture,5x6,20,1.454516
i32,amartin,admixture,5x6,30,1.664653
i32,branchlut,admixture,5x6,30,5.908055
i32,branchlut2,admixture,5x6,30,5.713503
i32,countlut,admixture,5x6,30,5.927959
i32,fmt,admixture,5x6,30,3.669804
i32,jeaiii,admixture,5x6,30,5.443664
i32,naive,admixture,5x6,30,9.689185
i32,null,admixture,5x6,30,0.841592
i32,sse2,admixture,5x6,30,5.788746
i32,tmueller,admixture,5x6,30,3.092238
i32,unrolledlut,admixture,5x6,30,5.606630
i32,yy,admixture,5x6,30,1.402340
i32,zmij_scalar,admixture,5x6,30,2.355532
i32,zmij_x64_native,admixture,5x6,30,1.407614
i32,zmij_x64_v1,admixture,5x6,30,2.029692
i32,zmij_x64_v2,admixture,5x6,30,1.498670
i32,zmij_x64_v3,admixture,5x6,30,1.462715
i32,zmij_x64_v4,admixture,5x6,30,1.397966
i32,amartin,admixture,5x6,40,1.657413
i32,branchlut,admixture,5x6,40,6.597573
i32,branchlut2,admixture,5x6,40,6.428295
i32,countlut,admixture,5x6,40,6.856290
i32,fmt,admixture,5x6,40,4.346853
i32,jeaiii,admixture,5x6,40,6.046312
i32,naive,admixture,5x6,40,10.216218
i32,null,admixture,5x6,40,1.076434
i32,sse2,admixture,5x6,40,6.479167
i32,tmueller,admixture,5x6,40,3.725480
i32,unrolledlut,admixture,5x6,40,6.284697
i32,yy,admixture,5x6,40,1.401029
i32,zmij_scalar,admixture,5x6,40,2.349652
i32,zmij_x64_native,admixture,5x6,40,1.431662
i32,zmij_x64_v1,admixture,5x6,40,2.024400
i32,zmij_x64_v2,admixture,5x6,40,1.496685
i32,zmij_x64_v3,admixture,5x6,40,1.447623
i32,zmij_x64_v4,admixture,5x6,40,1.430573
i32,amartin,admixture,5x6,50,1.674929
i32,branchlut,admixture,5x6,50,6.773159
i32,branchlut2,admixture,5x6,50,6.628091
i32,countlut,admixture,5x6,50,6.844401
i32,fmt,admixture,5x6,50,4.655382
i32,jeaiii,admixture,5x6,50,6.139256
i32,naive,admixture,5x6,50,10.077683
i32,null,admixture,5x6,50,0.732539
i32,sse2,admixture,5x6,50,6.491032
i32,tmueller,admixture,5x6,50,3.953120
i32,unrolledlut,admixture,5x6,50,6.366025
i32,yy,admixture,5x6,50,1.401901
i32,zmij_scalar,admixture,5x6,50,2.358074
i32,zmij_x64_native,admixture,5x6,50,1.415748
i32,zmij_x64_v1,admixture,5x6,50,2.028649
i32,zmij_x64_v2,admixture,5x6,50,1.508060
i32,zmij_x64_v3,admixture,5x6,50,1.448763
i32,zmij_x64_v4,admixture,5x6,50,1.428215
i32,amartin,admixture,5x6,60,1.659235
i32,branchlut,admixture,5x6,60,6.486386
i32,branchlut2,admixture,5x6,60,6.155074
i32,countlut,admixture,5x6,60,6.507638
i32,fmt,admixture,5x6,60,4.172352
i32,jeaiii,admixture,5x6,60,5.740698
i32,naive,admixture,5x6,60,9.716740
i32,null,admixture,5x6,60,0.749114
i32,sse2,admixture,5x6,60,6.245833
i32,tmueller,admixture,5x6,60,3.613140
i32,unrolledlut,admixture,5x6,60,6.070218
i32,yy,admixture,5x6,60,1.383460
i32,zmij_scalar,admixture,5x6,60,2.370269
i32,zmij_x64_native,admixture,5x6,60,1.413049
i32,zmij_x64_v1,admixture,5x6,60,2.028143
i32,zmij_x64_v2,admixture,5x6,60,1.494363
i32,zmij_x64_v3,admixture,5x6,60,1.439547
i32,zmij_x64_v4,admixture,5x6,60,1.424037
i32,amartin,admixture,5x6,70,1.656252
i32,branchlut,admixture,5x6,70,5.900420
i32,branchlut2,admixture,5x6,70,5.596447
i32,countlut,admixture,5x6,70,5.860691
i32,fmt,admixture,5x6,70,3.550193
i32,jeaiii,admixture,5x6,70,5.190658
i32,naive,admixture,5x6,70,9.122289
i32,null,admixture,5x6,70,0.753882
i32,sse2,admixture,5x6,70,5.732860
i32,tmueller,admixture,5x6,70,2.958284
i32,unrolledlut,admixture,5x6,70,5.446373
i32,yy,admixture,5x6,70,1.405033
i32,zmij_scalar,admixture,5x6,70,2.354646
i32,zmij_x64_native,admixture,5x6,70,1.420454
i32,zmij_x64_v1,admixture,5x6,70,2.015965
i32,zmij_x64_v2,admixture,5x6,70,1.511846
i32,zmij_x64_v3,admixture,5x6,70,1.441467
i32,zmij_x64_v4,admixture,5x6,70,1.444947
i32,amartin,admixture,5x6,80,1.654205
i32,branchlut,admixture,5x6,80,5.456703
i32,branchlut2,admixture,5x6,80,5.182276
i32,countlut,admixture,5x6,80,5.445402
i32,fmt,admixture,5x6,80,2.978428
i32,jeaiii,admixture,5x6,80,4.652487
i32,naive,admixture,5x6,80,8.659730
i32,null,admixture,5x6,80,0.970651
i32,sse2,admixture,5x6,80,5.261351
i32,tmueller,admixture,5x6,80,2.359503
i32,unrolledlut,admixture,5x6,80,5.044152
i32,yy,admixture,5x6,80,1.422325
i32,zmij_scalar,admixture,5x6,80,2.363778
i32,zmij_x64_native,admixture,5x6,80,1.415746
i32,zmij_x64_v1,admixture,5x6,80,2.032192
i32,zmij_x64_v2,admixture,5x6,80,1.509722
i32,zmij_x64_v3,admixture,5x6,80,1.454285
i32,zmij_x64_v4,admixture,5x6,80,1.424794
i32,amartin,admixture,5x6,90,1.673792
i32,branchlut,admixture,5x6,90,4.914427
i32,branchlut2,admixture,5x6,90,4.535649
i32,countlut,admixture,5x6,90,4.783949
i32,fmt,admixture,5x6,90,2.441339
i32,jeaiii,admixture,5x6,90,4.305560
i32,naive,admixture,5x6,90,8.111573
i32,null,admixture,5x6,90,0.926529
i32,sse2,admixture,5x6,90,4.648099
i32,tmueller,admixture,5x6,90,1.863151
i32,unrolledlut,admixture,5x6,90,4.642894
i32,yy,admixture,5x6,90,1.412289
i32,zmij_scalar,admixture,5x6,90,2.378818
i32,zmij_x64_native,admixture,5x6,90,1.416601
i32,zmij_x64_v1,admixture,5x6,90,2.057662
i32,zmij_x64_v2,admixture,5x6,90,1.509832
i32,zmij_x64_v3,admixture,5x6,90,1.457493
i32,zmij_x64_v4,admixture,5x6,90,1.440672
i32,amartin,admixture,5x6,100,1.656961
i32,branchlut,admixture,5x6,100,4.634952
i32,branchlut2,admixture,5x6,100,3.677601
i32,countlut,admixture,5x6,100,3.948531
i32,fmt,admixture,5x6,100,1.770524
i32,jeaiii,admixture,5x6,100,3.508238
i32,naive,admixture,5x6,100,7.500344
i32,null,admixture,5x6,100,0.736609
i32,sse2,admixture,5x6,100,4.196750
i32,tmueller,admixture,5x6,100,1.228198
i32,unrolledlut,admixture,5x6,100,4.486814
i32,yy,admixture,5x6,100,1.417657
i32,zmij_scalar,admixture,5x6,100,2.387063
i32,zmij_x64_native,admixture,5x6,100,1.418811
i32,zmij_x64_v1,admixture,5x6,100,2.055818
i32,zmij_x64_v2,admixture,5x6,100,1.510407
i32,zmij_x64_v3,admixture,5x6,100,1.456578
i32,zmij_x64_v4,admixture,5x6,100,1.440868
u64,amartin,bylength,,1,0.919559
u64,branchlut,bylength,,1,1.201819
u64,branchlut2,bylength,,1,0.756039
u64,countlut,bylength,,1,1.110898
u64,fmt,bylength,,1,0.918520
u64,jeaiii,bylength,,1,0.782059
u64,naive,bylength,,1,1.293430
u64,null,bylength,,1,0.744883
u64,sse2,bylength,,1,0.961302
u64,tmueller,bylength,,1,0.809541
u64,unrolledlut,bylength,,1,1.453234
u64,yy,bylength,,1,0.948020
u64,zmij_scalar,bylength,,1,4.651766
u64,zmij_x64_native,bylength,,1,2.027966
u64,zmij_x64_v1,bylength,,1,3.557010
u64,zmij_x64_v2,bylength,,1,2.277828
u64,zmij_x64_v3,bylength,,1,2.138496
u64,zmij_x64_v4,bylength,,1,2.151005
u64,amartin,bylength,,2,0.907711
u64,branchlut,bylength,,2,1.220384
u64,branchlut2,bylength,,2,1.104934
u64,countlut,bylength,,2,1.119318
u64,fmt,bylength,,2,0.960972
u64,jeaiii,bylength,,2,0.773328
u64,naive,bylength,,2,2.028544
u64,null,bylength,,2,0.748858
u64,sse2,bylength,,2,1.014135
u64,tmueller,bylength,,2,0.987646
u64,unrolledlut,bylength,,2,1.243275
u64,yy,bylength,,2,0.921998
u64,zmij_scalar,bylength,,2,4.702855
u64,zmij_x64_native,bylength,,2,2.051487
u64,zmij_x64_v1,bylength,,2,3.568290
u64,zmij_x64_v2,bylength,,2,2.283551
u64,zmij_x64_v3,bylength,,2,2.143424
u64,zmij_x64_v4,bylength,,2,2.143620
u64,amartin,bylength,,3,1.159332
u64,branchlut,bylength,,3,1.120625
u64,branchlut2,bylength,,3,1.168834
u64,countlut,bylength,,3,1.390388
u64,fmt,bylength,,3,1.254359
u64,jeaiii,bylength,,3,0.936481
u64,naive,bylength,,3,2.826304
u64,null,bylength,,3,0.741915
u64,sse2,bylength,,3,1.011349
u64,tmueller,bylength,,3,1.316945
u64,unrolledlut,bylength,,3,1.575225
u64,yy,bylength,,3,0.971960
u64,zmij_scalar,bylength,,3,4.679097
u64,zmij_x64_native,bylength,,3,2.028377
u64,zmij_x64_v1,bylength,,3,3.563419
u64,zmij_x64_v2,bylength,,3,2.283826
u64,zmij_x64_v3,bylength,,3,2.140170
u64,zmij_x64_v4,bylength,,3,2.121428
u64,amartin,bylength,,4,1.159778
u64,branchlut,bylength,,4,1.204721
u64,branchlut2,bylength,,4,1.122644
u64,countlut,bylength,,4,1.465574
u64,fmt,bylength,,4,1.255013
u64,jeaiii,bylength,,4,0.944626
u64,naive,bylength,,4,3.558752
u64,null,bylength,,4,0.780296
u64,sse2,bylength,,4,1.069129
u64,tmueller,bylength,,4,1.272326
u64,unrolledlut,bylength,,4,1.474379
u64,yy,bylength,,4,0.958091
u64,zmij_scalar,bylength,,4,4.663764
u64,zmij_x64_native,bylength,,4,2.025059
u64,zmij_x64_v1,bylength,,4,3.559430
u64,zmij_x64_v2,bylength,,4,2.281512
u64,zmij_x64_v3,bylength,,4,2.115022
u64,zmij_x64_v4,bylength,,4,2.164898
u64,amartin,bylength,,5,1.417841
u64,branchlut,bylength,,5,1.909114
u64,branchlut2,bylength,,5,1.293490
u64,countlut,bylength,,5,1.784133
u64,fmt,bylength,,5,1.743048
u64,jeaiii,bylength,,5,1.106856
u64,naive,bylength,,5,4.372028
u64,null,bylength,,5,0.947968
u64,sse2,bylength,,5,1.820028
u64,tmueller,bylength,,5,1.771771
u64,unrolledlut,bylength,,5,2.013426
u64,yy,bylength,,5,1.291254
u64,zmij_scalar,bylength,,5,4.672385
u64,zmij_x64_native,bylength,,5,2.030271
u64,zmij_x64_v1,bylength,,5,3.564071
u64,zmij_x64_v2,bylength,,5,2.270810
u64,zmij_x64_v3,bylength,,5,2.138799
u64,zmij_x64_v4,bylength,,5,2.140738
u64,amartin,bylength,,6,1.412249
u64,branchlut,bylength,,6,2.103117
u64,branchlut2,bylength,,6,1.303253
u64,countlut,bylength,,6,1.919531
u64,fmt,bylength,,6,1.714870
u64,jeaiii,bylength,,6,1.311388
u64,naive,bylength,,6,5.230130
u64,null,bylength,,6,1.070670
u64,sse2,bylength,,6,1.931811
u64,tmueller,bylength,,6,1.724466
u64,unrolledlut,bylength,,6,1.668372
u64,yy,bylength,,6,1.294333
u64,zmij_scalar,bylength,,6,4.666993
u64,zmij_x64_native,bylength,,6,2.035751
u64,zmij_x64_v1,bylength,,6,3.577581
u64,zmij_x64_v2,bylength,,6,2.287278
u64,zmij_x64_v3,bylength,,6,2.137010
u64,zmij_x64_v4,bylength,,6,2.143442
u64,amartin,bylength,,7,1.908273
u64,branchlut,bylength,,7,2.152192
u64,branchlut2,bylength,,7,1.834866
u64,countlut,bylength,,7,2.239991
u64,fmt,bylength,,7,2.300127
u64,jeaiii,bylength,,7,1.380286
u64,naive,bylength,,7,6.117595
u64,null,bylength,,7,1.082924
u64,sse2,bylength,,7,2.039606
u64,tmueller,bylength,,7,2.293295
u64,unrolledlut,bylength,,7,1.685740
u64,yy,bylength,,7,1.606246
u64,zmij_scalar,bylength,,7,4.693314
u64,zmij_x64_native,bylength,,7,2.043490
u64,zmij_x64_v1,bylength,,7,3.558990
u64,zmij_x64_v2,bylength,,7,2.261348
u64,zmij_x64_v3,bylength,,7,2.161374
u64,zmij_x64_v4,bylength,,7,2.143670
u64,amartin,bylength,,8,1.906637
u64,branchlut,bylength,,8,2.221025
u64,branchlut2,bylength,,8,1.895928
u64,countlut,bylength,,8,2.310935
u64,fmt,bylength,,8,2.253738
u64,jeaiii,bylength,,8,1.365810
u64,naive,bylength,,8,6.267856
u64,null,bylength,,8,0.745908
u64,sse2,bylength,,8,2.111986
u64,tmueller,bylength,,8,2.234191
u64,unrolledlut,bylength,,8,1.636487
u64,yy,bylength,,8,1.587968
u64,zmij_scalar,bylength,,8,4.643797
u64,zmij_x64_native,bylength,,8,2.021449
u64,zmij_x64_v1,bylength,,8,3.553436
u64,zmij_x64_v2,bylength,,8,2.293828
u64,zmij_x64_v3,bylength,,8,2.140029
u64,zmij_x64_v4,bylength,,8,2.142138
u64,amartin,bylength,,9,2.221856
u64,branchlut,bylength,,9,4.341292
u64,branchlut2,bylength,,9,2.182352
u64,countlut,bylength,,9,2.426247
u64,fmt,bylength,,9,2.872336
u64,jeaiii,bylength,,9,1.647163
u64,naive,bylength,,9,7.199970
u64,null,bylength,,9,0.769984
u64,sse2,bylength,,9,2.223239
u64,tmueller,bylength,,9,2.790220
u64,unrolledlut,bylength,,9,2.002792
u64,yy,bylength,,9,2.147919
u64,zmij_scalar,bylength,,9,4.883861
u64,zmij_x64_native,bylength,,9,2.032839
u64,zmij_x64_v1,bylength,,9,3.562931
u64,zmij_x64_v2,bylength,,9,2.282742
u64,zmij_x64_v3,bylength,,9,2.139962
u64,zmij_x64_v4,bylength,,9,2.152976
u64,amartin,bylength,,10,4.402097
u64,branchlut,bylength,,10,4.621350
u64,branchlut2,bylength,,10,2.282660
u64,countlut,bylength,,10,2.506809
u64,fmt,bylength,,10,2.894486
u64,jeaiii,bylength,,10,3.975034
u64,naive,bylength,,10,8.254545
u64,null,bylength,,10,0.735202
u64,sse2,bylength,,10,2.264583
u64,tmueller,bylength,,10,2.774153
u64,unrolledlut,bylength,,10,4.437743
u64,yy,bylength,,10,2.163949
u64,zmij_scalar,bylength,,10,4.924743
u64,zmij_x64_native,bylength,,10,2.060371
u64,zmij_x64_v1,bylength,,10,3.594828
u64,zmij_x64_v2,bylength,,10,2.294780
u64,zmij_x64_v3,bylength,,10,2.166663
u64,zmij_x64_v4,bylength,,10,2.170846
u64,amartin,bylength,,11,2.828460
u64,branchlut,bylength,,11,4.915673
u64,branchlut2,bylength,,11,2.602442
u64,countlut,bylength,,11,2.782808
u64,fmt,bylength,,11,3.467073
u64,jeaiii,bylength,,11,2.183054
u64,naive,bylength,,11,9.299752
u64,null,bylength,,11,0.860764
u64,sse2,bylength,,11,2.285009
u64,tmueller,bylength,,11,3.375486
u64,unrolledlut,bylength,,11,2.854280
u64,yy,bylength,,11,2.516282
u64,zmij_scalar,bylength,,11,4.890262
u64,zmij_x64_native,bylength,,11,2.039446
u64,zmij_x64_v1,bylength,,11,3.570915
u64,zmij_x64_v2,bylength,,11,2.287424
u64,zmij_x64_v3,bylength,,11,2.136706
u64,zmij_x64_v4,bylength,,11,2.135572
u64,amartin,bylength,,12,2.863760
u64,branchlut,bylength,,12,4.863724
u64,branchlut2,bylength,,12,2.737891
u64,countlut,bylength,,12,2.869453
u64,fmt,bylength,,12,3.490903
u64,jeaiii,bylength,,12,2.156896
u64,naive,bylength,,12,10.276855
u64,null,bylength,,12,0.775975
u64,sse2,bylength,,12,2.252675
u64,tmueller,bylength,,12,3.341607
u64,unrolledlut,bylength,,12,2.813737
u64,yy,bylength,,12,2.530798
u64,zmij_scalar,bylength,,12,4.896566
u64,zmij_x64_native,bylength,,12,2.035110
u64,zmij_x64_v1,bylength,,12,3.574376
u64,zmij_x64_v2,bylength,,12,2.300636
u64,zmij_x64_v3,bylength,,12,2.141957
u64,zmij_x64_v4,bylength,,12,2.145982
u64,amartin,bylength,,13,3.304707
u64,branchlut,bylength,,13,4.902901
u64,branchlut2,bylength,,13,2.930613
u64,countlut,bylength,,13,3.236019
u64,fmt,bylength,,13,4.155834
u64,jeaiii,bylength,,13,2.409118
u64,naive,bylength,,13,11.518255
u64,null,bylength,,13,0.979847
u64,sse2,bylength,,13,2.252878
u64,tmueller,bylength,,13,3.966356
u64,unrolledlut,bylength,,13,3.055590
u64,yy,bylength,,13,2.896791
u64,zmij_scalar,bylength,,13,4.852757
u64,zmij_x64_native,bylength,,13,2.040700
u64,zmij_x64_v1,bylength,,13,3.545511
u64,zmij_x64_v2,bylength,,13,2.272198
u64,zmij_x64_v3,bylength,,13,2.174646
u64,zmij_x64_v4,bylength,,13,2.170772
u64,amartin,bylength,,14,3.266521
u64,branchlut,bylength,,14,4.907746
u64,branchlut2,bylength,,14,2.879939
u64,countlut,bylength,,14,3.291258
u64,fmt,bylength,,14,4.081703
u64,jeaiii,bylength,,14,2.339380
u64,naive,bylength,,14,12.489780
u64,null,bylength,,14,0.782866
u64,sse2,bylength,,14,2.243185
u64,tmueller,bylength,,14,3.873830
u64,unrolledlut,bylength,,14,2.993053
u64,yy,bylength,,14,2.905276
u64,zmij_scalar,bylength,,14,4.841161
u64,zmij_x64_native,bylength,,14,2.023987
u64,zmij_x64_v1,bylength,,14,3.565533
u64,zmij_x64_v2,bylength,,14,2.277217
u64,zmij_x64_v3,bylength,,14,2.137239
u64,zmij_x64_v4,bylength,,14,2.141462
u64,amartin,bylength,,15,3.729110
u64,branchlut,bylength,,15,4.951184
u64,branchlut2,bylength,,15,3.414936
u64,countlut,bylength,,15,3.626251
u64,fmt,bylength,,15,4.959544
u64,jeaiii,bylength,,15,2.719978
u64,naive,bylength,,15,13.791107
u64,null,bylength,,15,0.735372
u64,sse2,bylength,,15,2.255441
u64,tmueller,bylength,,15,4.537951
u64,unrolledlut,bylength,,15,3.324103
u64,yy,bylength,,15,3.197301
u64,zmij_scalar,bylength,,15,4.834936
u64,zmij_x64_native,bylength,,15,2.025353
u64,zmij_x64_v1,bylength,,15,3.568356
u64,zmij_x64_v2,bylength,,15,2.273529
u64,zmij_x64_v3,bylength,,15,2.143371
u64,zmij_x64_v4,bylength,,15,2.150098
u64,amartin,bylength,,16,3.741444
u64,branchlut,bylength,,16,4.902392
u64,branchlut2,bylength,,16,3.482748
u64,countlut,bylength,,16,3.755971
u64,fmt,bylength,,16,4.898618
u64,jeaiii,bylength,,16,2.630280
u64,naive,bylength,,16,13.665916
u64,null,bylength,,16,0.849446
u64,sse2,bylength,,16,2.092489
u64,tmueller,bylength,,16,4.515115
u64,unrolledlut,bylength,,16,3.298978
u64,yy,bylength,,16,3.192928
u64,zmij_scalar,bylength,,16,4.837744
u64,zmij_x64_native,bylength,,16,2.033754
u64,zmij_x64_v1,bylength,,16,3.563538
u64,zmij_x64_v2,bylength,,16,2.279039
u64,zmij_x64_v3,bylength,,16,2.139255
u64,zmij_x64_v4,bylength,,16,2.142542
u64,amartin,bylength,,17,4.023808
u64,branchlut,bylength,,17,3.473520
u64,branchlut2,bylength,,17,3.504123
u64,countlut,bylength,,17,3.749297
u64,fmt,bylength,,17,5.656124
u64,jeaiii,bylength,,17,2.881006
u64,naive,bylength,,17,15.117663
u64,null,bylength,,17,0.831643
u64,sse2,bylength,,17,1.999144
u64,tmueller,bylength,,17,5.341619
u64,unrolledlut,bylength,,17,3.758656
u64,yy,bylength,,17,3.330016
u64,zmij_scalar,bylength,,17,4.837337
u64,zmij_x64_native,bylength,,17,2.052536
u64,zmij_x64_v1,bylength,,17,3.572118
u64,zmij_x64_v2,bylength,,17,2.297530
u64,zmij_x64_v3,bylength,,17,2.141115
u64,zmij_x64_v4,bylength,,17,2.147618
u64,amartin,bylength,,18,5.760952
u64,branchlut,bylength,,18,3.509957
u64,branchlut2,bylength,,18,3.486299
u64,countlut,bylength,,18,3.799593
u64,fmt,bylength,,18,5.596302
u64,jeaiii,bylength,,18,4.910520
u64,naive,bylength,,18,16.073530
u64,null,bylength,,18,0.978428
u64,sse2,bylength,,18,2.070797
u64,tmueller,bylength,,18,5.214020
u64,unrolledlut,bylength,,18,5.958476
u64,yy,bylength,,18,3.336280
u64,zmij_scalar,bylength,,18,4.865457
u64,zmij_x64_native,bylength,,18,2.041251
u64,zmij_x64_v1,bylength,,18,3.564610
u64,zmij_x64_v2,bylength,,18,2.288070
u64,zmij_x64_v3,bylength,,18,2.136071
u64,zmij_x64_v4,bylength,,18,2.140924
u64,amartin,bylength,,19,4.313198
u64,branchlut,bylength,,19,3.973514
u64,branchlut2,bylength,,19,3.893968
u64,countlut,bylength,,19,4.176859
u64,fmt,bylength,,19,6.372362
u64,jeaiii,bylength,,19,3.410623
u64,naive,bylength,,19,17.136936
u64,null,bylength,,19,0.803413
u64,sse2,bylength,,19,2.437978
u64,tmueller,bylength,,19,6.024165
u64,unrolledlut,bylength,,19,4.420123
u64,yy,bylength,,19,3.637276
u64,zmij_scalar,bylength,,19,4.853043
u64,zmij_x64_native,bylength,,19,2.054836
u64,zmij_x64_v1,bylength,,19,3.575877
u64,zmij_x64_v2,bylength,,19,2.315653
u64,zmij_x64_v3,bylength,,19,2.133455
u64,zmij_x64_v4,bylength,,19,2.139639
u64,amartin,bylength,,20,4.361502
u64,branchlut,bylength,,20,3.879970
u64,branchlut2,bylength,,20,4.103999
u64,countlut,bylength,,20,4.328691
u64,fmt,bylength,,20,6.252342
u64,jeaiii,bylength,,20,3.314958
u64,naive,bylength,,20,18.439670
u64,null,bylength,,20,0.746546
u64,sse2,bylength,,20,2.304187
u64,tmueller,bylength,,20,5.908265
u64,unrolledlut,bylength,,20,4.367746
u64,yy,bylength,,20,3.623475
u64,zmij_scalar,bylength,,20,4.833174
u64,zmij_x64_native,bylength,,20,2.036140
u64,zmij_x64_v1,bylength,,20,3.582076
u64,zmij_x64_v2,bylength,,20,2.278716
u64,zmij_x64_v3,bylength,,20,2.135583
u64,zmij_x64_v4,bylength,,20,2.148924
u64,amartin,loguniform,1-20,20,9.128978
u64,branchlut,loguniform,1-20,20,10.341591
u64,branchlut2,loguniform,1-20,20,11.229081
u64,countlut,loguniform,1-20,20,10.461237
u64,fmt,loguniform,1-20,20,11.237191
u64,jeaiii,loguniform,1-20,20,11.267185
u64,naive,loguniform,1-20,20,16.009265
u64,null,loguniform,1-20,20,1.043837
u64,sse2,loguniform,1-20,20,13.605374
u64,tmueller,loguniform,1-20,20,11.535557
u64,unrolledlut,loguniform,1-20,20,11.739909
u64,yy,loguniform,1-20,20,8.422313
u64,zmij_scalar,loguniform,1-20,20,4.767475
u64,zmij_x64_native,loguniform,1-20,20,2.034654
u64,zmij_x64_v1,loguniform,1-20,20,3.574097
u64,zmij_x64_v2,loguniform,1-20,20,2.288157
u64,zmij_x64_v3,loguniform,1-20,20,2.135439
u64,zmij_x64_v4,loguniform,1-20,20,2.156940
u64,amartin,loguniform,1-4,4,3.662930
u64,branchlut,loguniform,1-4,4,5.232147
u64,branchlut2,loguniform,1-4,4,5.710708
u64,countlut,loguniform,1-4,4,5.957018
u64,fmt,loguniform,1-4,4,5.865593
u64,jeaiii,loguniform,1-4,4,5.768736
u64,naive,loguniform,1-4,4,6.648256
u64,null,loguniform,1-4,4,0.797721
u64,sse2,loguniform,1-4,4,5.053002
u64,tmueller,loguniform,1-4,4,5.140927
u64,unrolledlut,loguniform,1-4,4,6.205894
u64,yy,loguniform,1-4,4,3.498072
u64,zmij_scalar,loguniform,1-4,4,4.645452
u64,zmij_x64_native,loguniform,1-4,4,2.041317
u64,zmij_x64_v1,loguniform,1-4,4,3.552895
u64,zmij_x64_v2,loguniform,1-4,4,2.267308
u64,zmij_x64_v3,loguniform,1-4,4,2.116348
u64,zmij_x64_v4,loguniform,1-4,4,2.138668
u64,amartin,uniform,0-255,0,3.420339
u64,branchlut,uniform,0-255,0,3.262728
u64,branchlut2,uniform,0-255,0,3.385222
u64,countlut,uniform,0-255,0,3.327488
u64,fmt,uniform,0-255,0,3.209955
u64,jeaiii,uniform,0-255,0,3.352311
u64,naive,uniform,0-255,0,4.738074
u64,null,uniform,0-255,0,0.745063
u64,sse2,uniform,0-255,0,3.186074
u64,tmueller,uniform,0-255,0,3.257659
u64,unrolledlut,uniform,0-255,0,3.837667
u64,yy,uniform,0-255,0,3.035861
u64,zmij_scalar,uniform,0-255,0,4.644320
u64,zmij_x64_native,uniform,0-255,0,2.030933
u64,zmij_x64_v1,uniform,0-255,0,3.555885
u64,zmij_x64_v2,uniform,0-255,0,2.281801
u64,zmij_x64_v3,uniform,0-255,0,2.126168
u64,zmij_x64_v4,uniform,0-255,0,2.141728
u64,amartin,unpredictable,,1,2.483561
u64,branchlut,unpredictable,,1,3.138443
u64,branchlut2,unpredictable,,1,1.960482
u64,countlut,unpredictable,,1,3.310096
u64,fmt,unpredictable,,1,5.042962
u64,jeaiii,unpredictable,,1,2.623028
u64,naive,unpredictable,,1,5.352293
u64,null,unpredictable,,1,0.737464
u64,sse2,unpredictable,,1,2.316172
u64,tmueller,unpredictable,,1,5.544476
u64,unrolledlut,unpredictable,,1,2.315801
u64,yy,unpredictable,,1,2.973311
u64,zmij_scalar,unpredictable,,1,4.630891
u64,zmij_x64_native,unpredictable,,1,2.029452
u64,zmij_x64_v1,unpredictable,,1,3.551705
u64,zmij_x64_v2,unpredictable,,1,2.304993
u64,zmij_x64_v3,unpredictable,,1,2.198366
u64,zmij_x64_v4,unpredictable,,1,2.158866
u64,amartin,unpredictable,,2,2.355145
u64,branchlut,unpredictable,,2,3.068187
u64,branchlut2,unpredictable,,2,1.924724
u64,countlut,unpredictable,,2,3.212102
u64,fmt,unpredictable,,2,4.858818
u64,jeaiii,unpredictable,,2,2.461963
u64,naive,unpredictable,,2,5.776879
u64,null,unpredictable,,2,0.699718
u64,sse2,unpredictable,,2,2.150061
u64,tmueller,unpredictable,,2,5.446573
u64,unrolledlut,unpredictable,,2,2.256848
u64,yy,unpredictable,,2,3.025777
u64,zmij_scalar,unpredictable,,2,4.638148
u64,zmij_x64_native,unpredictable,,2,2.073743
u64,zmij_x64_v1,unpredictable,,2,3.619023
u64,zmij_x64_v2,unpredictable,,2,2.351620
u64,zmij_x64_v3,unpredictable,,2,2.147559
u64,zmij_x64_v4,unpredictable,,2,2.184392
u64,amartin,unpredictable,,3,2.403732
u64,branchlut,unpredictable,,3,3.221919
u64,branchlut2,unpredictable,,3,2.558574
u64,countlut,unpredictable,,3,3.472697
u64,fmt,unpredictable,,3,4.784377
u64,jeaiii,unpredictable,,3,1.900390
u64,naive,unpredictable,,3,6.489505
u64,null,unpredictable,,3,0.799131
u64,sse2,unpredictable,,3,2.546804
u64,tmueller,unpredictable,,3,3.980163
u64,unrolledlut,unpredictable,,3,2.329206
u64,yy,unpredictable,,3,3.055371
u64,zmij_scalar,unpredictable,,3,4.655039
u64,zmij_x64_native,unpredictable,,3,2.079404
u64,zmij_x64_v1,unpredictable,,3,3.567775
u64,zmij_x64_v2,unpredictable,,3,2.247568
u64,zmij_x64_v3,unpredictable,,3,2.186250
u64,zmij_x64_v4,unpredictable,,3,2.143894
u64,amartin,unpredictable,,4,2.400061
u64,branchlut,unpredictable,,4,3.435089
u64,branchlut2,unpredictable,,4,2.478154
u64,countlut,unpredictable,,4,3.085676
u64,fmt,unpredictable,,4,4.291678
u64,jeaiii,unpredictable,,4,1.819579
u64,naive,unpredictable,,4,6.827466
u64,null,unpredictable,,4,0.783991
u64,sse2,unpredictable,,4,2.547132
u64,tmueller,unpredictable,,4,3.805595
u64,unrolledlut,unpredictable,,4,2.283365
u64,yy,unpredictable,,4,2.981226
u64,zmij_scalar,unpredictable,,4,4.649956
u64,zmij_x64_native,unpredictable,,4,2.039140
u64,zmij_x64_v1,unpredictable,,4,3.562467
u64,zmij_x64_v2,unpredictable,,4,2.330341
u64,zmij_x64_v3,unpredictable,,4,2.158393
u64,zmij_x64_v4,unpredictable,,4,2.175376
u64,amartin,unpredictable,,5,2.114789
u64,branchlut,unpredictable,,5,3.361388
u64,branchlut2,unpredictable,,5,2.155567
u64,countlut,unpredictable,,5,2.922757
u64,fmt,unpredictable,,5,4.502590
u64,jeaiii,unpredictable,,5,1.887203
u64,naive,unpredictable,,5,7.267111
u64,null,unpredictable,,5,0.681014
u64,sse2,unpredictable,,5,2.880699
u64,tmueller,unpredictable,,5,3.778202
u64,unrolledlut,unpredictable,,5,2.385172
u64,yy,unpredictable,,5,2.895472
u64,zmij_scalar,unpredictable,,5,4.686274
u64,zmij_x64_native,unpredictable,,5,2.061613
u64,zmij_x64_v1,unpredictable,,5,3.602827
u64,zmij_x64_v2,unpredictable,,5,2.312808
u64,zmij_x64_v3,unpredictable,,5,2.166897
u64,zmij_x64_v4,unpredictable,,5,2.160801
u64,amartin,unpredictable,,6,2.236747
u64,branchlut,unpredictable,,6,3.529190
u64,branchlut2,unpredictable,,6,2.127901
u64,countlut,unpredictable,,6,2.982031
u64,fmt,unpredictable,,6,4.460234
u64,jeaiii,unpredictable,,6,2.146712
u64,naive,unpredictable,,6,7.875422
u64,null,unpredictable,,6,0.790971
u64,sse2,unpredictable,,6,3.088019
u64,tmueller,unpredictable,,6,3.917210
u64,unrolledlut,unpredictable,,6,2.488096
u64,yy,unpredictable,,6,2.964572
u64,zmij_scalar,unpredictable,,6,4.626194
u64,zmij_x64_native,unpredictable,,6,2.043067
u64,zmij_x64_v1,unpredictable,,6,3.569534
u64,zmij_x64_v2,unpredictable,,6,2.290111
u64,zmij_x64_v3,unpredictable,,6,2.165182
u64,zmij_x64_v4,unpredictable,,6,2.164732
u64,amartin,unpredictable,,7,2.482143
u64,branchlut,unpredictable,,7,4.021171
u64,branchlut2,unpredictable,,7,2.830378
u64,countlut,unpredictable,,7,3.460086
u64,fmt,unpredictable,,7,4.622097
u64,jeaiii,unpredictable,,7,2.189188
u64,naive,unpredictable,,7,8.768317
u64,null,unpredictable,,7,0.721536
u64,sse2,unpredictable,,7,2.958529
u64,tmueller,unpredictable,,7,3.952816
u64,unrolledlut,unpredictable,,7,2.904675
u64,yy,unpredictable,,7,3.024677
u64,zmij_scalar,unpredictable,,7,4.655006
u64,zmij_x64_native,unpredictable,,7,2.046898
u64,zmij_x64_v1,unpredictable,,7,3.580178
u64,zmij_x64_v2,unpredictable,,7,2.285797
u64,zmij_x64_v3,unpredictable,,7,2.168459
u64,zmij_x64_v4,unpredictable,,7,2.098838
u64,amartin,unpredictable,,8,2.566654
u64,branchlut,unpredictable,,8,3.977534
u64,branchlut2,unpredictable,,8,2.944257
u64,countlut,unpredictable,,8,3.617013
u64,fmt,unpredictable,,8,4.533362
u64,jeaiii,unpredictable,,8,2.550114
u64,naive,unpredictable,,8,8.608780
u64,null,unpredictable,,8,0.725396
u64,sse2,unpredictable,,8,3.243505
u64,tmueller,unpredictable,,8,4.085967
u64,unrolledlut,unpredictable,,8,3.173456
u64,yy,unpredictable,,8,3.155992
u64,zmij_scalar,unpredictable,,8,4.772879
u64,zmij_x64_native,unpredictable,,8,2.039680
u64,zmij_x64_v1,unpredictable,,8,3.656410
u64,zmij_x64_v2,unpredictable,,8,2.381483
u64,zmij_x64_v3,unpredictable,,8,2.234903
u64,zmij_x64_v4,unpredictable,,8,2.192356
u64,amartin,unpredictable,,9,4.034635
u64,branchlut,unpredictable,,9,4.340424
u64,branchlut2,unpredictable,,9,2.074528
u64,countlut,unpredictable,,9,3.351267
u64,fmt,unpredictable,,9,4.653212
u64,jeaiii,unpredictable,,9,2.643374
u64,naive,unpredictable,,9,9.417081
u64,null,unpredictable,,9,0.870476
u64,sse2,unpredictable,,9,4.178659
u64,tmueller,unpredictable,,9,4.320307
u64,unrolledlut,unpredictable,,9,4.131082
u64,yy,unpredictable,,9,3.083104
u64,zmij_scalar,unpredictable,,9,4.839343
u64,zmij_x64_native,unpredictable,,9,2.029641
u64,zmij_x64_v1,unpredictable,,9,3.572392
u64,zmij_x64_v2,unpredictable,,9,2.298646
u64,zmij_x64_v3,unpredictable,,9,2.163857
u64,zmij_x64_v4,unpredictable,,9,2.173249
u64,amartin,unpredictable,,10,7.569113
u64,branchlut,unpredictable,,10,4.596294
u64,branchlut2,unpredictable,,10,2.314409
u64,countlut,unpredictable,,10,3.285251
u64,fmt,unpredictable,,10,4.855647
u64,jeaiii,unpredictable,,10,6.389537
u64,naive,unpredictable,,10,10.141035
u64,null,unpredictable,,10,1.130226
u64,sse2,unpredictable,,10,4.350709
u64,tmueller,unpredictable,,10,4.407803
u64,unrolledlut,unpredictable,,10,7.473695
u64,yy,unpredictable,,10,2.944359
u64,zmij_scalar,unpredictable,,10,4.908328
u64,zmij_x64_native,unpredictable,,10,2.035570
u64,zmij_x64_v1,unpredictable,,10,3.579892
u64,zmij_x64_v2,unpredictable,,10,2.367689
u64,zmij_x64_v3,unpredictable,,10,2.206208
u64,zmij_x64_v4,unpredictable,,10,2.220020
u64,amartin,unpredictable,,11,3.300857
u64,branchlut,unpredictable,,11,4.970078
u64,branchlut2,unpredictable,,11,2.366516
u64,countlut,unpredictable,,11,2.875934
u64,fmt,unpredictable,,11,4.589915
u64,jeaiii,unpredictable,,11,2.349931
u64,naive,unpredictable,,11,10.622328
u64,null,unpredictable,,11,0.699966
u64,sse2,unpredictable,,11,3.907205
u64,tmueller,unpredictable,,11,4.218437
u64,unrolledlut,unpredictable,,11,3.215701
u64,yy,unpredictable,,11,3.038750
u64,zmij_scalar,unpredictable,,11,4.860363
u64,zmij_x64_native,unpredictable,,11,2.072498
u64,zmij_x64_v1,unpredictable,,11,3.553225
u64,zmij_x64_v2,unpredictable,,11,2.297246
u64,zmij_x64_v3,unpredictable,,11,2.186913
u64,zmij_x64_v4,unpredictable,,11,2.159977
u64,amartin,unpredictable,,12,3.328633
u64,branchlut,unpredictable,,12,5.340686
u64,branchlut2,unpredictable,,12,2.765793
u64,countlut,unpredictable,,12,3.548516
u64,fmt,unpredictable,,12,4.990124
u64,jeaiii,unpredictable,,12,2.650417
u64,naive,unpredictable,,12,11.496523
u64,null,unpredictable,,12,0.747549
u64,sse2,unpredictable,,12,3.991344
u64,tmueller,unpredictable,,12,4.165153
u64,unrolledlut,unpredictable,,12,3.279349
u64,yy,unpredictable,,12,3.206877
u64,zmij_scalar,unpredictable,,12,5.138837
u64,zmij_x64_native,unpredictable,,12,2.127088
u64,zmij_x64_v1,unpredictable,,12,3.616983
u64,zmij_x64_v2,unpredictable,,12,2.406560
u64,zmij_x64_v3,unpredictable,,12,2.252250
u64,zmij_x64_v4,unpredictable,,12,2.250186
u64,amartin,unpredictable,,13,3.615048
u64,branchlut,unpredictable,,13,5.647629
u64,branchlut2,unpredictable,,13,3.002546
u64,countlut,unpredictable,,13,3.699214
u64,fmt,unpredictable,,13,5.159153
u64,jeaiii,unpredictable,,13,2.815098
u64,naive,unpredictable,,13,12.674645
u64,null,unpredictable,,13,0.839122
u64,sse2,unpredictable,,13,3.992796
u64,tmueller,unpredictable,,13,4.423930
u64,unrolledlut,unpredictable,,13,3.430724
u64,yy,unpredictable,,13,3.233889
u64,zmij_scalar,unpredictable,,13,5.036706
u64,zmij_x64_native,unpredictable,,13,2.081922
u64,zmij_x64_v1,unpredictable,,13,3.686890
u64,zmij_x64_v2,unpredictable,,13,2.409589
u64,zmij_x64_v3,unpredictable,,13,2.201237
u64,zmij_x64_v4,unpredictable,,13,2.229536
u64,amartin,unpredictable,,14,3.401833
u64,branchlut,unpredictable,,14,5.559543
u64,branchlut2,unpredictable,,14,2.641480
u64,countlut,unpredictable,,14,3.109932
u64,fmt,unpredictable,,14,4.682790
u64,jeaiii,unpredictable,,14,2.279065
u64,naive,unpredictable,,14,13.321996
u64,null,unpredictable,,14,0.728225
u64,sse2,unpredictable,,14,4.008203
u64,tmueller,unpredictable,,14,4.405155
u64,unrolledlut,unpredictable,,14,3.371628
u64,yy,unpredictable,,14,2.962905
u64,zmij_scalar,unpredictable,,14,4.887857
u64,zmij_x64_native,unpredictable,,14,2.031631
u64,zmij_x64_v1,unpredictable,,14,3.588362
u64,zmij_x64_v2,unpredictable,,14,2.307209
u64,zmij_x64_v3,unpredictable,,14,2.191296
u64,zmij_x64_v4,unpredictable,,14,2.174617
u64,amartin,unpredictable,,15,3.792222
u64,branchlut,unpredictable,,15,5.881548
u64,branchlut2,unpredictable,,15,3.168800
u64,countlut,unpredictable,,15,3.616364
u64,fmt,unpredictable,,15,5.070059
u64,jeaiii,unpredictable,,15,2.909886
u64,naive,unpredictable,,15,14.826069
u64,null,unpredictable,,15,0.899595
u64,sse2,unpredictable,,15,4.164294
u64,tmueller,unpredictable,,15,4.937552
u64,unrolledlut,unpredictable,,15,4.326402
u64,yy,unpredictable,,15,3.449803
u64,zmij_scalar,unpredictable,,15,4.969015
u64,zmij_x64_native,unpredictable,,15,2.077550
u64,zmij_x64_v1,unpredictable,,15,3.677144
u64,zmij_x64_v2,unpredictable,,15,2.341243
u64,zmij_x64_v3,unpredictable,,15,2.218847
u64,zmij_x64_v4,unpredictable,,15,2.219243
u64,amartin,unpredictable,,16,3.726165
u64,branchlut,unpredictable,,16,5.900815
u64,branchlut2,unpredictable,,16,3.264481
u64,countlut,unpredictable,,16,3.721561
u64,fmt,unpredictable,,16,5.132069
u64,jeaiii,unpredictable,,16,2.926888
u64,naive,unpredictable,,16,14.132588
u64,null,unpredictable,,16,0.766778
u64,sse2,unpredictable,,16,3.663361
u64,tmueller,unpredictable,,16,4.583527
u64,unrolledlut,unpredictable,,16,3.927118
u64,yy,unpredictable,,16,3.281996
u64,zmij_scalar,unpredictable,,16,4.838998
u64,zmij_x64_native,unpredictable,,16,2.024788
u64,zmij_x64_v1,unpredictable,,16,3.592766
u64,zmij_x64_v2,unpredictable,,16,2.335137
u64,zmij_x64_v3,unpredictable,,16,2.195055
u64,zmij_x64_v4,unpredictable,,16,2.186885
u64,amartin,unpredictable,,17,5.015085
u64,branchlut,unpredictable,,17,4.765268
u64,branchlut2,unpredictable,,17,3.583385
u64,countlut,unpredictable,,17,4.256085
u64,fmt,unpredictable,,17,5.409047
u64,jeaiii,unpredictable,,17,3.287246
u64,naive,unpredictable,,17,15.445363
u64,null,unpredictable,,17,0.697745
u64,sse2,unpredictable,,17,3.108797
u64,tmueller,unpredictable,,17,5.099241
u64,unrolledlut,unpredictable,,17,4.736800
u64,yy,unpredictable,,17,4.090646
u64,zmij_scalar,unpredictable,,17,4.883533
u64,zmij_x64_native,unpredictable,,17,2.059138
u64,zmij_x64_v1,unpredictable,,17,3.570284
u64,zmij_x64_v2,unpredictable,,17,2.309186
u64,zmij_x64_v3,unpredictable,,17,2.160925
u64,zmij_x64_v4,unpredictable,,17,2.172606
u64,amartin,unpredictable,,18,8.043019
u64,branchlut,unpredictable,,18,4.554337
u64,branchlut2,unpredictable,,18,3.827295
u64,countlut,unpredictable,,18,4.547902
u64,fmt,unpredictable,,18,5.349694
u64,jeaiii,unpredictable,,18,6.554689
u64,naive,unpredictable,,18,16.449661
u64,null,unpredictable,,18,0.841669
u64,sse2,unpredictable,,18,3.218497
u64,tmueller,unpredictable,,18,5.024320
u64,unrolledlut,unpredictable,,18,8.911531
u64,yy,unpredictable,,18,4.196071
u64,zmij_scalar,unpredictable,,18,4.851368
u64,zmij_x64_native,unpredictable,,18,2.036243
u64,zmij_x64_v1,unpredictable,,18,3.579385
u64,zmij_x64_v2,unpredictable,,18,2.313239
u64,zmij_x64_v3,unpredictable,,18,2.156635
u64,zmij_x64_v4,unpredictable,,18,2.160689
u64,amartin,unpredictable,,19,5.651922
u64,branchlut,unpredictable,,19,4.943207
u64,branchlut2,unpredictable,,19,4.359108
u64,countlut,unpredictable,,19,4.856842
u64,fmt,unpredictable,,19,6.334702
u64,jeaiii,unpredictable,,19,4.210946
u64,naive,unpredictable,,19,17.336943
u64,null,unpredictable,,19,0.766448
u64,sse2,unpredictable,,19,3.480980
u64,tmueller,unpredictable,,19,5.848567
u64,unrolledlut,unpredictable,,19,5.922385
u64,yy,unpredictable,,19,4.482901
u64,zmij_scalar,unpredictable,,19,4.845530
u64,zmij_x64_native,unpredictable,,19,2.106538
u64,zmij_x64_v1,unpredictable,,19,3.638327
u64,zmij_x64_v2,unpredictable,,19,2.337068
u64,zmij_x64_v3,unpredictable,,19,2.171849
u64,zmij_x64_v4,unpredictable,,19,2.208152
u64,amartin,unpredictable,,20,5.625909
u64,branchlut,unpredictable,,20,4.788472
u64,branchlut2,unpredictable,,20,4.413109
u64,countlut,unpredictable,,20,5.010612
u64,fmt,unpredictable,,20,6.104211
u64,jeaiii,unpredictable,,20,3.990780
u64,naive,unpredictable,,20,18.337925
u64,null,unpredictable,,20,0.701858
u64,sse2,unpredictable,,20,3.197126
u64,tmueller,unpredictable,,20,5.697669
u64,unrolledlut,unpredictable,,20,5.927575
u64,yy,unpredictable,,20,4.496734
u64,zmij_scalar,unpredictable,,20,4.914304
u64,zmij_x64_native,unpredictable,,20,2.089107
u64,zmij_x64_v1,unpredictable,,20,3.655589
u64,zmij_x64_v2,unpredictable,,20,2.349188
u64,zmij_x64_v3,unpredictable,,20,2.241186
u64,zmij_x64_v4,unpredictable,,20,2.200052
u64,amartin,admixture,5x6,0,1.433766
u64,branchlut,admixture,5x6,0,2.081045
u64,branchlut2,admixture,5x6,0,1.293106
u64,countlut,admixture,5x6,0,1.914152
u64,fmt,admixture,5x6,0,1.712204
u64,jeaiii,admixture,5x6,0,1.298009
u64,naive,admixture,5x6,0,5.231086
u64,null,admixture,5x6,0,0.818090
u64,sse2,admixture,5x6,0,1.935395
u64,tmueller,admixture,5x6,0,1.724525
u64,unrolledlut,admixture,5x6,0,1.666153
u64,yy,admixture,5x6,0,1.296280
u64,zmij_scalar,admixture,5x6,0,4.656488
u64,zmij_x64_native,admixture,5x6,0,2.024961
u64,zmij_x64_v1,admixture,5x6,0,3.574330
u64,zmij_x64_v2,admixture,5x6,0,2.274229
u64,zmij_x64_v3,admixture,5x6,0,2.163388
u64,zmij_x64_v4,admixture,5x6,0,2.146698
u64,amartin,admixture,5x6,10,1.414979
u64,branchlut,admixture,5x6,10,2.601281
u64,branchlut2,admixture,5x6,10,1.872383
u64,countlut,admixture,5x6,10,2.514151
u64,fmt,admixture,5x6,10,2.380931
u64,jeaiii,admixture,5x6,10,1.877103
u64,naive,admixture,5x6,10,5.860545
u64,null,admixture,5x6,10,1.084047
u64,sse2,admixture,5x6,10,2.449515
u64,tmueller,admixture,5x6,10,2.330334
u64,unrolledlut,admixture,5x6,10,2.296180
u64,yy,admixture,5x6,10,1.280318
u64,zmij_scalar,admixture,5x6,10,4.671620
u64,zmij_x64_native,admixture,5x6,10,2.038323
u64,zmij_x64_v1,admixture,5x6,10,3.566020
u64,zmij_x64_v2,admixture,5x6,10,2.278571
u64,zmij_x64_v3,admixture,5x6,10,2.129586
u64,zmij_x64_v4,admixture,5x6,10,2.125909
u64,amartin,admixture,5x6,20,1.451629
u64,branchlut,admixture,5x6,20,3.139194
u64,branchlut2,admixture,5x6,20,2.400700
u64,countlut,admixture,5x6,20,3.108260
u64,fmt,admixture,5x6,20,3.023364
u64,jeaiii,admixture,5x6,20,2.395137
u64,naive,admixture,5x6,20,6.471385
u64,null,admixture,5x6,20,1.085270
u64,sse2,admixture,5x6,20,2.943751
u64,tmueller,admixture,5x6,20,2.860691
u64,unrolledlut,admixture,5x6,20,2.961136
u64,yy,admixture,5x6,20,1.332457
u64,zmij_scalar,admixture,5x6,20,4.698964
u64,zmij_x64_native,admixture,5x6,20,2.044524
u64,zmij_x64_v1,admixture,5x6,20,3.537542
u64,zmij_x64_v2,admixture,5x6,20,2.267743
u64,zmij_x64_v3,admixture,5x6,20,2.148418
u64,zmij_x64_v4,admixture,5x6,20,2.131296
u64,amartin,admixture,5x6,30,1.396789
u64,branchlut,admixture,5x6,30,3.584678
u64,branchlut2,admixture,5x6,30,2.882854
u64,countlut,admixture,5x6,30,3.563221
u64,fmt,admixture,5x6,30,3.599854
u64,jeaiii,admixture,5x6,30,2.882517
u64,naive,admixture,5x6,30,6.980901
u64,null,admixture,5x6,30,0.755620
u64,sse2,admixture,5x6,30,3.455679
u64,tmueller,admixture,5x6,30,3.429270
u64,unrolledlut,admixture,5x6,30,3.584117
u64,yy,admixture,5x6,30,1.273726
u64,zmij_scalar,admixture,5x6,30,4.662261
u64,zmij_x64_native,admixture,5x6,30,2.029598
u64,zmij_x64_v1,admixture,5x6,30,3.545468
u64,zmij_x64_v2,admixture,5x6,30,2.257484
u64,zmij_x64_v3,admixture,5x6,30,2.130400
u64,zmij_x64_v4,admixture,5x6,30,2.145189
u64,amartin,admixture,5x6,40,1.408109
u64,branchlut,admixture,5x6,40,4.143305
u64,branchlut2,admixture,5x6,40,3.374397
u64,countlut,admixture,5x6,40,4.072894
u64,fmt,admixture,5x6,40,4.295217
u64,jeaiii,admixture,5x6,40,3.315229
u64,naive,admixture,5x6,40,7.695963
u64,null,admixture,5x6,40,0.757543
u64,sse2,admixture,5x6,40,3.997115
u64,tmueller,admixture,5x6,40,3.919327
u64,unrolledlut,admixture,5x6,40,4.142670
u64,yy,admixture,5x6,40,1.310199
u64,zmij_scalar,admixture,5x6,40,4.656383
u64,zmij_x64_native,admixture,5x6,40,2.050389
u64,zmij_x64_v1,admixture,5x6,40,3.561737
u64,zmij_x64_v2,admixture,5x6,40,2.281875
u64,zmij_x64_v3,admixture,5x6,40,2.132846
u64,zmij_x64_v4,admixture,5x6,40,2.139420
u64,amartin,admixture,5x6,50,1.408331
u64,branchlut,admixture,5x6,50,4.514609
u64,branchlut2,admixture,5x6,50,3.599560
u64,countlut,admixture,5x6,50,4.307017
u64,fmt,admixture,5x6,50,4.782912
u64,jeaiii,admixture,5x6,50,3.533075
u64,naive,admixture,5x6,50,7.928295
u64,null,admixture,5x6,50,0.737765
u64,sse2,admixture,5x6,50,4.208311
u64,tmueller,admixture,5x6,50,4.258854
u64,unrolledlut,admixture,5x6,50,4.489748
u64,yy,admixture,5x6,50,1.273927
u64,zmij_scalar,admixture,5x6,50,4.653834
u64,zmij_x64_native,admixture,5x6,50,2.022596
u64,zmij_x64_v1,admixture,5x6,50,3.553802
u64,zmij_x64_v2,admixture,5x6,50,2.281820
u64,zmij_x64_v3,admixture,5x6,50,2.134079
u64,zmij_x64_v4,admixture,5x6,50,2.136055
u64,amartin,admixture,5x6,60,1.406372
u64,branchlut,admixture,5x6,60,4.163860
u64,branchlut2,admixture,5x6,60,3.385473
u64,countlut,admixture,5x6,60,4.111225
u64,fmt,admixture,5x6,60,4.281691
u64,jeaiii,admixture,5x6,60,3.238737
u64,naive,admixture,5x6,60,7.475018
u64,null,admixture,5x6,60,0.973778
u64,sse2,admixture,5x6,60,4.021384
u64,tmueller,admixture,5x6,60,3.908972
u64,unrolledlut,admixture,5x6,60,4.240709
u64,yy,admixture,5x6,60,1.279332
u64,zmij_scalar,admixture,5x6,60,4.655892
u64,zmij_x64_native,admixture,5x6,60,2.034642
u64,zmij_x64_v1,admixture,5x6,60,3.571213
u64,zmij_x64_v2,admixture,5x6,60,2.281375
u64,zmij_x64_v3,admixture,5x6,60,2.146466
u64,zmij_x64_v4,admixture,5x6,60,2.159645
u64,amartin,admixture,5x6,70,1.421495
u64,branchlut,admixture,5x6,70,3.558390
u64,branchlut2,admixture,5x6,70,2.884410
u64,countlut,admixture,5x6,70,3.597703
u64,fmt,admixture,5x6,70,3.669419
u64,jeaiii,admixture,5x6,70,2.794835
u64,naive,admixture,5x6,70,6.619418
u64,null,admixture,5x6,70,0.983893
u64,sse2,admixture,5x6,70,3.445921
u64,tmueller,admixture,5x6,70,3.437572
u64,unrolledlut,admixture,5x6,70,3.733567
u64,yy,admixture,5x6,70,1.301040
u64,zmij_scalar,admixture,5x6,70,4.663875
u64,zmij_x64_native,admixture,5x6,70,2.035848
u64,zmij_x64_v1,admixture,5x6,70,3.586457
u64,zmij_x64_v2,admixture,5x6,70,2.288778
u64,zmij_x64_v3,admixture,5x6,70,2.123470
u64,zmij_x64_v4,admixture,5x6,70,2.123927
u64,amartin,admixture,5x6,80,1.422200
u64,branchlut,admixture,5x6,80,2.983850
u64,branchlut2,admixture,5x6,80,2.380905
u64,countlut,admixture,5x6,80,2.932705
u64,fmt,admixture,5x6,80,3.014857
u64,jeaiii,admixture,5x6,80,2.227520
u64,naive,admixture,5x6,80,5.833132
u64,null,admixture,5x6,80,0.798822
u64,sse2,admixture,5x6,80,2.912628
u64,tmueller,admixture,5x6,80,2.893242
u64,unrolledlut,admixture,5x6,80,3.149622
u64,yy,admixture,5x6,80,1.285344
u64,zmij_scalar,admixture,5x6,80,4.681069
u64,zmij_x64_native,admixture,5x6,80,2.027744
u64,zmij_x64_v1,admixture,5x6,80,3.564269
u64,zmij_x64_v2,admixture,5x6,80,2.280740
u64,zmij_x64_v3,admixture,5x6,80,2.131188
u64,zmij_x64_v4,admixture,5x6,80,2.137879
u64,amartin,admixture,5x6,90,1.432094
u64,branchlut,admixture,5x6,90,2.462883
u64,branchlut2,admixture,5x6,90,1.846513
u64,countlut,admixture,5x6,90,2.366025
u64,fmt,admixture,5x6,90,2.419513
u64,jeaiii,admixture,5x6,90,1.691769
u64,naive,admixture,5x6,90,5.070209
u64,null,admixture,5x6,90,0.811559
u64,sse2,admixture,5x6,90,2.342858
u64,tmueller,admixture,5x6,90,2.363095
u64,unrolledlut,admixture,5x6,90,2.571628
u64,yy,admixture,5x6,90,1.294546
u64,zmij_scalar,admixture,5x6,90,4.674882
u64,zmij_x64_native,admixture,5x6,90,2.039811
u64,zmij_x64_v1,admixture,5x6,90,3.563187
u64,zmij_x64_v2,admixture,5x6,90,2.293316
u64,zmij_x64_v3,admixture,5x6,90,2.151311
u64,zmij_x64_v4,admixture,5x6,90,2.120563
u64,amartin,admixture,5x6,100,1.415600
u64,branchlut,admixture,5x6,100,1.914921
u64,branchlut2,admixture,5x6,100,1.309016
u64,countlut,admixture,5x6,100,1.784044
u64,fmt,admixture,5x6,100,1.750189
u64,jeaiii,admixture,5x6,100,1.125557
u64,naive,admixture,5x6,100,4.371487
u64,null,admixture,5x6,100,0.805403
u64,sse2,admixture,5x6,100,1.808444
u64,tmueller,admixture,5x6,100,1.769375
u64,unrolledlut,admixture,5x6,100,2.014524
u64,yy,admixture,5x6,100,1.277013
u64,zmij_scalar,admixture,5x6,100,4.688359
u64,zmij_x64_native,admixture,5x6,100,2.032055
u64,zmij_x64_v1,admixture,5x6,100,3.572963
u64,zmij_x64_v2,admixture,5x6,100,2.271065
u64,zmij_x64_v3,admixture,5x6,100,2.128062
u64,zmij_x64_v4,admixture,5x6,100,2.134212
i64,amartin,bylength,,1,0.926393
i64,branchlut,bylength,,1,4.093701
i64,branchlut2,bylength,,1,3.389049
i64,countlut,bylength,,1,3.945901
i64,fmt,bylength,,1,0.971164
i64,jeaiii,bylength,,1,3.411858
i64,naive,bylength,,1,3.799092
i64,null,bylength,,1,0.749770
i64,sse2,bylength,,1,3.612874
i64,tmueller,bylength,,1,0.747391
i64,unrolledlut,bylength,,1,4.381379
i64,yy,bylength,,1,0.930590
i64,zmij_scalar,bylength,,1,5.017061
i64,zmij_x64_native,bylength,,1,2.338823
i64,zmij_x64_v1,bylength,,1,4.017108
i64,zmij_x64_v2,bylength,,1,2.511409
i64,zmij_x64_v3,bylength,,1,2.397079
i64,zmij_x64_v4,bylength,,1,2.394683
i64,amartin,bylength,,2,0.924563
i64,branchlut,bylength,,2,4.212326
i64,branchlut2,bylength,,2,3.580369
i64,countlut,bylength,,2,3.796775
i64,fmt,bylength,,2,1.013346
i64,jeaiii,bylength,,2,3.662943
i64,naive,bylength,,2,4.742896
i64,null,bylength,,2,0.743261
i64,sse2,bylength,,2,3.683095
i64,tmueller,bylength,,2,1.087360
i64,unrolledlut,bylength,,2,4.040322
i64,yy,bylength,,2,0.947793
i64,zmij_scalar,bylength,,2,5.008357
i64,zmij_x64_native,bylength,,2,2.344432
i64,zmij_x64_v1,bylength,,2,3.973495
i64,zmij_x64_v2,bylength,,2,2.489572
i64,zmij_x64_v3,bylength,,2,2.362591
i64,zmij_x64_v4,bylength,,2,2.380425
i64,amartin,bylength,,3,1.310061
i64,branchlut,bylength,,3,3.466603
i64,branchlut2,bylength,,3,3.815569
i64,countlut,bylength,,3,3.977310
i64,fmt,bylength,,3,1.450977
i64,jeaiii,bylength,,3,3.660001
i64,naive,bylength,,3,5.471336
i64,null,bylength,,3,0.804512
i64,sse2,bylength,,3,3.651655
i64,tmueller,bylength,,3,1.617724
i64,unrolledlut,bylength,,3,4.649262
i64,yy,bylength,,3,1.096151
i64,zmij_scalar,bylength,,3,5.048661
i64,zmij_x64_native,bylength,,3,2.320650
i64,zmij_x64_v1,bylength,,3,3.959230
i64,zmij_x64_v2,bylength,,3,2.487990
i64,zmij_x64_v3,bylength,,3,2.366761
i64,zmij_x64_v4,bylength,,3,2.379324
i64,amartin,bylength,,4,1.320403
i64,branchlut,bylength,,4,3.596767
i64,branchlut2,bylength,,4,4.010766
i64,countlut,bylength,,4,4.113662
i64,fmt,bylength,,4,1.418271
i64,jeaiii,bylength,,4,3.798380
i64,naive,bylength,,4,6.172239
i64,null,bylength,,4,0.992878
i64,sse2,bylength,,4,3.787782
i64,tmueller,bylength,,4,1.624752
i64,unrolledlut,bylength,,4,4.552885
i64,yy,bylength,,4,1.114058
i64,zmij_scalar,bylength,,4,5.019748
i64,zmij_x64_native,bylength,,4,2.328497
i64,zmij_x64_v1,bylength,,4,3.970682
i64,zmij_x64_v2,bylength,,4,2.498919
i64,zmij_x64_v3,bylength,,4,2.368109
i64,zmij_x64_v4,bylength,,4,2.364669
i64,amartin,bylength,,5,1.773407
i64,branchlut,bylength,,5,4.743324
i64,branchlut2,bylength,,5,3.681977
i64,countlut,bylength,,5,4.100849
i64,fmt,bylength,,5,1.992589
i64,jeaiii,bylength,,5,3.877780
i64,naive,bylength,,5,6.880057
i64,null,bylength,,5,0.744372
i64,sse2,bylength,,5,4.783752
i64,tmueller,bylength,,5,2.144974
i64,unrolledlut,bylength,,5,4.988578
i64,yy,bylength,,5,1.443923
i64,zmij_scalar,bylength,,5,5.042360
i64,zmij_x64_native,bylength,,5,2.326245
i64,zmij_x64_v1,bylength,,5,3.978235
i64,zmij_x64_v2,bylength,,5,2.490821
i64,zmij_x64_v3,bylength,,5,2.365066
i64,zmij_x64_v4,bylength,,5,2.356581
i64,amartin,bylength,,6,1.791882
i64,branchlut,bylength,,6,4.860561
i64,branchlut2,bylength,,6,3.828117
i64,countlut,bylength,,6,4.176030
i64,fmt,bylength,,6,1.943012
i64,jeaiii,bylength,,6,4.139383
i64,naive,bylength,,6,7.694265
i64,null,bylength,,6,0.766047
i64,sse2,bylength,,6,4.791881
i64,tmueller,bylength,,6,2.123858
i64,unrolledlut,bylength,,6,4.746389
i64,yy,bylength,,6,1.456791
i64,zmij_scalar,bylength,,6,5.019350
i64,zmij_x64_native,bylength,,6,2.332520
i64,zmij_x64_v1,bylength,,6,3.974401
i64,zmij_x64_v2,bylength,,6,2.489414
i64,zmij_x64_v3,bylength,,6,2.366045
i64,zmij_x64_v4,bylength,,6,2.375963
i64,amartin,bylength,,7,2.272167
i64,branchlut,bylength,,7,4.475614
i64,branchlut2,bylength,,7,4.114283
i64,countlut,bylength,,7,4.451072
i64,fmt,bylength,,7,2.506273
i64,jeaiii,bylength,,7,3.902270
i64,naive,bylength,,7,8.575421
i64,null,bylength,,7,0.732209
i64,sse2,bylength,,7,4.118895
i64,tmueller,bylength,,7,2.690468
i64,unrolledlut,bylength,,7,4.216435
i64,yy,bylength,,7,1.812026
i64,zmij_scalar,bylength,,7,5.017245
i64,zmij_x64_native,bylength,,7,2.339475
i64,zmij_x64_v1,bylength,,7,3.987214
i64,zmij_x64_v2,bylength,,7,2.485883
i64,zmij_x64_v3,bylength,,7,2.361433
i64,zmij_x64_v4,bylength,,7,2.366463
i64,amartin,bylength,,8,2.263642
i64,branchlut,bylength,,8,4.508984
i64,branchlut2,bylength,,8,4.385639
i64,countlut,bylength,,8,4.954803
i64,fmt,bylength,,8,2.467481
i64,jeaiii,bylength,,8,4.496360
i64,naive,bylength,,8,8.684802
i64,null,bylength,,8,0.839316
i64,sse2,bylength,,8,4.160428
i64,tmueller,bylength,,8,2.651948
i64,unrolledlut,bylength,,8,4.431086
i64,yy,bylength,,8,1.817589
i64,zmij_scalar,bylength,,8,4.833677
i64,zmij_x64_native,bylength,,8,2.345010
i64,zmij_x64_v1,bylength,,8,3.993245
i64,zmij_x64_v2,bylength,,8,2.496133
i64,zmij_x64_v3,bylength,,8,2.366310
i64,zmij_x64_v4,bylength,,8,2.375557
i64,amartin,bylength,,9,2.575538
i64,branchlut,bylength,,9,6.436997
i64,branchlut2,bylength,,9,4.334277
i64,countlut,bylength,,9,4.590720
i64,fmt,bylength,,9,3.172805
i64,jeaiii,bylength,,9,4.339979
i64,naive,bylength,,9,9.620420
i64,null,bylength,,9,1.077481
i64,sse2,bylength,,9,4.093361
i64,tmueller,bylength,,9,3.242701
i64,unrolledlut,bylength,,9,4.516382
i64,yy,bylength,,9,2.356529
i64,zmij_scalar,bylength,,9,4.850393
i64,zmij_x64_native,bylength,,9,2.330334
i64,zmij_x64_v1,bylength,,9,3.975244
i64,zmij_x64_v2,bylength,,9,2.483454
i64,zmij_x64_v3,bylength,,9,2.380779
i64,zmij_x64_v4,bylength,,9,2.379176
i64,amartin,bylength,,10,4.822947
i64,branchlut,bylength,,10,6.710854
i64,branchlut2,bylength,,10,4.420442
i64,countlut,bylength,,10,4.561953
i64,fmt,bylength,,10,3.116535
i64,jeaiii,bylength,,10,6.421915
i64,naive,bylength,,10,10.538042
i64,null,bylength,,10,0.750678
i64,sse2,bylength,,10,4.375047
i64,tmueller,bylength,,10,3.247005
i64,unrolledlut,bylength,,10,6.844210
i64,yy,bylength,,10,2.375089
i64,zmij_scalar,bylength,,10,4.833610
i64,zmij_x64_native,bylength,,10,2.349563
i64,zmij_x64_v1,bylength,,10,4.001214
i64,zmij_x64_v2,bylength,,10,2.494779
i64,zmij_x64_v3,bylength,,10,2.380404
i64,zmij_x64_v4,bylength,,10,2.365840
i64,amartin,bylength,,11,3.313241
i64,branchlut,bylength,,11,7.037947
i64,branchlut2,bylength,,11,5.033159
i64,countlut,bylength,,11,4.968387
i64,fmt,bylength,,11,3.735840
i64,jeaiii,bylength,,11,4.601570
i64,naive,bylength,,11,11.528908
i64,null,bylength,,11,0.756395
i64,sse2,bylength,,11,4.355739
i64,tmueller,bylength,,11,3.832142
i64,unrolledlut,bylength,,11,5.935553
i64,yy,bylength,,11,2.783178
i64,zmij_scalar,bylength,,11,4.904000
i64,zmij_x64_native,bylength,,11,2.344064
i64,zmij_x64_v1,bylength,,11,3.966946
i64,zmij_x64_v2,bylength,,11,2.484035
i64,zmij_x64_v3,bylength,,11,2.354465
i64,zmij_x64_v4,bylength,,11,2.380752
i64,amartin,bylength,,12,3.308421
i64,branchlut,bylength,,12,6.919109
i64,branchlut2,bylength,,12,5.140591
i64,countlut,bylength,,12,5.116386
i64,fmt,bylength,,12,3.720879
i64,jeaiii,bylength,,12,5.039200
i64,naive,bylength,,12,12.598200
i64,null,bylength,,12,0.898104
i64,sse2,bylength,,12,4.412120
i64,tmueller,bylength,,12,3.847492
i64,unrolledlut,bylength,,12,5.863471
i64,yy,bylength,,12,2.812714
i64,zmij_scalar,bylength,,12,4.882424
i64,zmij_x64_native,bylength,,12,2.374379
i64,zmij_x64_v1,bylength,,12,4.021086
i64,zmij_x64_v2,bylength,,12,2.522558
i64,zmij_x64_v3,bylength,,12,2.396136
i64,zmij_x64_v4,bylength,,12,2.397114
i64,amartin,bylength,,13,3.720721
i64,branchlut,bylength,,13,7.091492
i64,branchlut2,bylength,,13,4.960284
i64,countlut,bylength,,13,5.381273
i64,fmt,bylength,,13,4.364842
i64,jeaiii,bylength,,13,5.276894
i64,naive,bylength,,13,13.604237
i64,null,bylength,,13,0.784104
i64,sse2,bylength,,13,4.383917
i64,tmueller,bylength,,13,4.426590
i64,unrolledlut,bylength,,13,6.048068
i64,yy,bylength,,13,3.207181
i64,zmij_scalar,bylength,,13,4.835624
i64,zmij_x64_native,bylength,,13,2.337372
i64,zmij_x64_v1,bylength,,13,3.986362
i64,zmij_x64_v2,bylength,,13,2.492624
i64,zmij_x64_v3,bylength,,13,2.380372
i64,zmij_x64_v4,bylength,,13,2.376804
i64,amartin,bylength,,14,3.734076
i64,branchlut,bylength,,14,7.047690
i64,branchlut2,bylength,,14,5.207153
i64,countlut,bylength,,14,5.423401
i64,fmt,bylength,,14,4.275235
i64,jeaiii,bylength,,14,5.147139
i64,naive,bylength,,14,14.715743
i64,null,bylength,,14,0.748172
i64,sse2,bylength,,14,4.368982
i64,tmueller,bylength,,14,4.405975
i64,unrolledlut,bylength,,14,5.962995
i64,yy,bylength,,14,3.211557
i64,zmij_scalar,bylength,,14,4.852500
i64,zmij_x64_native,bylength,,14,2.330450
i64,zmij_x64_v1,bylength,,14,3.966699
i64,zmij_x64_v2,bylength,,14,2.487966
i64,zmij_x64_v3,bylength,,14,2.363867
i64,zmij_x64_v4,bylength,,14,2.373049
i64,amartin,bylength,,15,4.257497
i64,branchlut,bylength,,15,6.858263
i64,branchlut2,bylength,,15,5.652093
i64,countlut,bylength,,15,5.825035
i64,fmt,bylength,,15,5.141936
i64,jeaiii,bylength,,15,5.530876
i64,naive,bylength,,15,15.829336
i64,null,bylength,,15,0.755152
i64,sse2,bylength,,15,4.402258
i64,tmueller,bylength,,15,5.060352
i64,unrolledlut,bylength,,15,5.915615
i64,yy,bylength,,15,3.508126
i64,zmij_scalar,bylength,,15,4.853663
i64,zmij_x64_native,bylength,,15,2.342277
i64,zmij_x64_v1,bylength,,15,3.983272
i64,zmij_x64_v2,bylength,,15,2.496281
i64,zmij_x64_v3,bylength,,15,2.367882
i64,zmij_x64_v4,bylength,,15,2.380755
i64,amartin,bylength,,16,4.265187
i64,branchlut,bylength,,16,6.872626
i64,branchlut2,bylength,,16,5.725728
i64,countlut,bylength,,16,6.132924
i64,fmt,bylength,,16,5.075478
i64,jeaiii,bylength,,16,5.380087
i64,naive,bylength,,16,15.788655
i64,null,bylength,,16,0.773528
i64,sse2,bylength,,16,3.953254
i64,tmueller,bylength,,16,5.012673
i64,unrolledlut,bylength,,16,5.907112
i64,yy,bylength,,16,3.504522
i64,zmij_scalar,bylength,,16,4.836041
i64,zmij_x64_native,bylength,,16,2.332767
i64,zmij_x64_v1,bylength,,16,3.988203
i64,zmij_x64_v2,bylength,,16,2.499681
i64,zmij_x64_v3,bylength,,16,2.381544
i64,zmij_x64_v4,bylength,,16,2.378147
i64,amartin,bylength,,17,4.609462
i64,branchlut,bylength,,17,5.416720
i64,branchlut2,bylength,,17,5.402056
i64,countlut,bylength,,17,5.894775
i64,fmt,bylength,,17,5.959407
i64,jeaiii,bylength,,17,5.775845
i64,naive,bylength,,17,17.003399
i64,null,bylength,,17,0.769780
i64,sse2,bylength,,17,4.406043
i64,tmueller,bylength,,17,5.753492
i64,unrolledlut,bylength,,17,6.302029
i64,yy,bylength,,17,3.676977
i64,zmij_scalar,bylength,,17,4.829511
i64,zmij_x64_native,bylength,,17,2.332753
i64,zmij_x64_v1,bylength,,17,3.983074
i64,zmij_x64_v2,bylength,,17,2.508641
i64,zmij_x64_v3,bylength,,17,2.369686
i64,zmij_x64_v4,bylength,,17,2.393308
i64,amartin,bylength,,18,6.430085
i64,branchlut,bylength,,18,5.709792
i64,branchlut2,bylength,,18,5.643572
i64,countlut,bylength,,18,5.929970
i64,fmt,bylength,,18,5.912292
i64,jeaiii,bylength,,18,7.493828
i64,naive,bylength,,18,18.234251
i64,null,bylength,,18,0.740338
i64,sse2,bylength,,18,4.853876
i64,tmueller,bylength,,18,5.743087
i64,unrolledlut,bylength,,18,8.306463
i64,yy,bylength,,18,3.669212
i64,zmij_scalar,bylength,,18,4.854896
i64,zmij_x64_native,bylength,,18,2.332259
i64,zmij_x64_v1,bylength,,18,3.978226
i64,zmij_x64_v2,bylength,,18,2.510762
i64,zmij_x64_v3,bylength,,18,2.363603
i64,zmij_x64_v4,bylength,,18,2.375988
i64,amartin,bylength,,19,4.767574
i64,branchlut,bylength,,19,6.110406
i64,branchlut2,bylength,,19,6.138468
i64,countlut,bylength,,19,6.289989
i64,fmt,bylength,,19,6.622067
i64,jeaiii,bylength,,19,5.982439
i64,naive,bylength,,19,19.323118
i64,null,bylength,,19,0.786857
i64,sse2,bylength,,19,5.123026
i64,tmueller,bylength,,19,6.579382
i64,unrolledlut,bylength,,19,7.418187
i64,yy,bylength,,19,3.717078
i64,zmij_scalar,bylength,,19,4.912125
i64,zmij_x64_native,bylength,,19,2.365054
i64,zmij_x64_v1,bylength,,19,4.013291
i64,zmij_x64_v2,bylength,,19,2.531086
i64,zmij_x64_v3,bylength,,19,2.384809
i64,zmij_x64_v4,bylength,,19,2.401391
i64,amartin,loguniform,1-19,19,9.648048
i64,branchlut,loguniform,1-19,19,12.536103
i64,branchlut2,loguniform,1-19,19,12.954857
i64,countlut,loguniform,1-19,19,12.484292
i64,fmt,loguniform,1-19,19,11.254643
i64,jeaiii,loguniform,1-19,19,13.131341
i64,naive,loguniform,1-19,19,17.479694
i64,null,loguniform,1-19,19,0.806692
i64,sse2,loguniform,1-19,19,15.027915
i64,tmueller,loguniform,1-19,19,11.223801
i64,unrolledlut,loguniform,1-19,19,13.713001
i64,yy,loguniform,1-19,19,8.732544
i64,zmij_scalar,loguniform,1-19,19,4.892668
i64,zmij_x64_native,loguniform,1-19,19,2.339701
i64,zmij_x64_v1,loguniform,1-19,19,4.014551
i64,zmij_x64_v2,loguniform,1-19,19,2.515026
i64,zmij_x64_v3,loguniform,1-19,19,2.402366
i64,zmij_x64_v4,loguniform,1-19,19,2.399987
i64,amartin,loguniform,1-4,4,4.013194
i64,branchlut,loguniform,1-4,4,7.459536
i64,branchlut2,loguniform,1-4,4,7.890643
i64,countlut,loguniform,1-4,4,8.217673
i64,fmt,loguniform,1-4,4,6.209269
i64,jeaiii,loguniform,1-4,4,8.171459
i64,naive,loguniform,1-4,4,8.938333
i64,null,loguniform,1-4,4,0.818798
i64,sse2,loguniform,1-4,4,7.270275
i64,tmueller,loguniform,1-4,4,5.580172
i64,unrolledlut,loguniform,1-4,4,8.651952
i64,yy,loguniform,1-4,4,3.650827
i64,zmij_scalar,loguniform,1-4,4,5.016159
i64,zmij_x64_native,loguniform,1-4,4,2.334356
i64,zmij_x64_v1,loguniform,1-4,4,3.977032
i64,zmij_x64_v2,loguniform,1-4,4,2.490905
i64,zmij_x64_v3,loguniform,1-4,4,2.363566
i64,zmij_x64_v4,loguniform,1-4,4,2.394741
i64,amartin,uniform,0-255,0,3.694298
i64,branchlut,uniform,0-255,0,3.452197
i64,branchlut2,uniform,0-255,0,3.506371
i64,countlut,uniform,0-255,0,3.495240
i64,fmt,uniform,0-255,0,3.577639
i64,jeaiii,uniform,0-255,0,3.397248
i64,naive,uniform,0-255,0,4.958936
i64,null,uniform,0-255,0,1.077842
i64,sse2,uniform,0-255,0,3.428652
i64,tmueller,uniform,0-255,0,3.659154
i64,unrolledlut,uniform,0-255,0,3.943579
i64,yy,uniform,0-255,0,3.327349
i64,zmij_scalar,uniform,0-255,0,5.012865
i64,zmij_x64_native,uniform,0-255,0,2.338798
i64,zmij_x64_v1,uniform,0-255,0,3.971641
i64,zmij_x64_v2,uniform,0-255,0,2.485778
i64,zmij_x64_v3,uniform,0-255,0,2.369203
i64,zmij_x64_v4,uniform,0-255,0,2.384767
i64,amartin,unpredictable,,1,2.366340
i64,branchlut,unpredictable,,1,5.536986
i64,branchlut2,unpredictable,,1,5.048637
i64,countlut,unpredictable,,1,6.074684
i64,fmt,unpredictable,,1,5.086781
i64,jeaiii,unpredictable,,1,5.115118
i64,naive,unpredictable,,1,7.776344
i64,null,unpredictable,,1,0.742992
i64,sse2,unpredictable,,1,4.621923
i64,tmueller,unpredictable,,1,5.646001
i64,unrolledlut,unpredictable,,1,4.840739
i64,yy,unpredictable,,1,2.948206
i64,zmij_scalar,unpredictable,,1,5.040979
i64,zmij_x64_native,unpredictable,,1,2.353372
i64,zmij_x64_v1,unpredictable,,1,3.965396
i64,zmij_x64_v2,unpredictable,,1,2.518515
i64,zmij_x64_v3,unpredictable,,1,2.405208
i64,zmij_x64_v4,unpredictable,,1,2.367383
i64,amartin,unpredictable,,2,2.196932
i64,branchlut,unpredictable,,2,5.932226
i64,branchlut2,unpredictable,,2,5.368597
i64,countlut,unpredictable,,2,6.527966
i64,fmt,unpredictable,,2,5.782049
i64,jeaiii,unpredictable,,2,5.905617
i64,naive,unpredictable,,2,8.539867
i64,null,unpredictable,,2,0.782155
i64,sse2,unpredictable,,2,5.449044
i64,tmueller,unpredictable,,2,6.107301
i64,unrolledlut,unpredictable,,2,5.382640
i64,yy,unpredictable,,2,3.171148
i64,zmij_scalar,unpredictable,,2,5.132936
i64,zmij_x64_native,unpredictable,,2,2.431420
i64,zmij_x64_v1,unpredictable,,2,4.108026
i64,zmij_x64_v2,unpredictable,,2,2.627384
i64,zmij_x64_v3,unpredictable,,2,2.488738
i64,zmij_x64_v4,unpredictable,,2,2.480177
i64,amartin,unpredictable,,3,2.067626
i64,branchlut,unpredictable,,3,5.249099
i64,branchlut2,unpredictable,,3,5.157863
i64,countlut,unpredictable,,3,5.577448
i64,fmt,unpredictable,,3,3.918097
i64,jeaiii,unpredictable,,3,4.499131
i64,naive,unpredictable,,3,8.332080
i64,null,unpredictable,,3,0.616547
i64,sse2,unpredictable,,3,4.741959
i64,tmueller,unpredictable,,3,4.089669
i64,unrolledlut,unpredictable,,3,4.616833
i64,yy,unpredictable,,3,2.942478
i64,zmij_scalar,unpredictable,,3,5.049804
i64,zmij_x64_native,unpredictable,,3,2.366455
i64,zmij_x64_v1,unpredictable,,3,3.995110
i64,zmij_x64_v2,unpredictable,,3,2.505562
i64,zmij_x64_v3,unpredictable,,3,2.394537
i64,zmij_x64_v4,unpredictable,,3,2.388071
i64,amartin,unpredictable,,4,2.115810
i64,branchlut,unpredictable,,4,5.744510
i64,branchlut2,unpredictable,,4,5.676911
i64,countlut,unpredictable,,4,5.764594
i64,fmt,unpredictable,,4,4.184991
i64,jeaiii,unpredictable,,4,4.792234
i64,naive,unpredictable,,4,8.904221
i64,null,unpredictable,,4,0.597118
i64,sse2,unpredictable,,4,5.046607
i64,tmueller,unpredictable,,4,4.121927
i64,unrolledlut,unpredictable,,4,4.691643
i64,yy,unpredictable,,4,2.884248
i64,zmij_scalar,unpredictable,,4,5.017557
i64,zmij_x64_native,unpredictable,,4,2.374439
i64,zmij_x64_v1,unpredictable,,4,3.989643
i64,zmij_x64_v2,unpredictable,,4,2.559541
i64,zmij_x64_v3,unpredictable,,4,2.377321
i64,zmij_x64_v4,unpredictable,,4,2.416252
i64,amartin,unpredictable,,5,2.129869
i64,branchlut,unpredictable,,5,5.886698
i64,branchlut2,unpredictable,,5,5.131652
i64,countlut,unpredictable,,5,5.525242
i64,fmt,unpredictable,,5,4.034754
i64,jeaiii,unpredictable,,5,5.111404
i64,naive,unpredictable,,5,9.751890
i64,null,unpredictable,,5,0.652635
i64,sse2,unpredictable,,5,5.902998
i64,tmueller,unpredictable,,5,4.642890
i64,unrolledlut,unpredictable,,5,5.265342
i64,yy,unpredictable,,5,2.909590
i64,zmij_scalar,unpredictable,,5,5.023422
i64,zmij_x64_native,unpredictable,,5,2.365825
i64,zmij_x64_v1,unpredictable,,5,4.008474
i64,zmij_x64_v2,unpredictable,,5,2.514525
i64,zmij_x64_v3,unpredictable,,5,2.397444
i64,zmij_x64_v4,unpredictable,,5,2.396863
i64,amartin,unpredictable,,6,2.148935
i64,branchlut,unpredictable,,6,6.410513
i64,branchlut2,unpredictable,,6,5.182210
i64,countlut,unpredictable,,6,5.498514
i64,fmt,unpredictable,,6,4.072510
i64,jeaiii,unpredictable,,6,5.468495
i64,naive,unpredictable,,6,10.286165
i64,null,unpredictable,,6,0.619896
i64,sse2,unpredictable,,6,5.713864
i64,tmueller,unpredictable,,6,4.185938
i64,unrolledlut,unpredictable,,6,4.825076
i64,yy,unpredictable,,6,2.905531
i64,zmij_scalar,unpredictable,,6,5.138876
i64,zmij_x64_native,unpredictable,,6,2.414186
i64,zmij_x64_v1,unpredictable,,6,4.034979
i64,zmij_x64_v2,unpredictable,,6,2.554321
i64,zmij_x64_v3,unpredictable,,6,2.403712
i64,zmij_x64_v4,unpredictable,,6,2.406485
i64,amartin,unpredictable,,7,2.621043
i64,branchlut,unpredictable,,7,6.568024
i64,branchlut2,unpredictable,,7,6.004804
i64,countlut,unpredictable,,7,6.437815
i64,fmt,unpredictable,,7,4.803235
i64,jeaiii,unpredictable,,7,5.603102
i64,naive,unpredictable,,7,11.072910
i64,null,unpredictable,,7,1.220118
i64,sse2,unpredictable,,7,5.977667
i64,tmueller,unpredictable,,7,4.683029
i64,unrolledlut,unpredictable,,7,6.024665
i64,yy,unpredictable,,7,3.275984
i64,zmij_scalar,unpredictable,,7,5.025982
i64,zmij_x64_native,unpredictable,,7,2.380353
i64,zmij_x64_v1,unpredictable,,7,3.974763
i64,zmij_x64_v2,unpredictable,,7,2.514468
i64,zmij_x64_v3,unpredictable,,7,2.392175
i64,zmij_x64_v4,unpredictable,,7,2.391576
i64,amartin,unpredictable,,8,2.438850
i64,branchlut,unpredictable,,8,6.290934
i64,branchlut2,unpredictable,,8,5.752441
i64,countlut,unpredictable,,8,5.834270
i64,fmt,unpredictable,,8,4.139020
i64,jeaiii,unpredictable,,8,5.312038
i64,naive,unpredictable,,8,10.542234
i64,null,unpredictable,,8,0.668709
i64,sse2,unpredictable,,8,5.588005
i64,tmueller,unpredictable,,8,4.312498
i64,unrolledlut,unpredictable,,8,5.636569
i64,yy,unpredictable,,8,3.192879
i64,zmij_scalar,unpredictable,,8,4.826246
i64,zmij_x64_native,unpredictable,,8,2.376221
i64,zmij_x64_v1,unpredictable,,8,3.976617
i64,zmij_x64_v2,unpredictable,,8,2.532971
i64,zmij_x64_v3,unpredictable,,8,2.394808
i64,zmij_x64_v4,unpredictable,,8,2.372739
i64,amartin,unpredictable,,9,3.927758
i64,branchlut,unpredictable,,9,6.404532
i64,branchlut2,unpredictable,,9,4.763111
i64,countlut,unpredictable,,9,5.888598
i64,fmt,unpredictable,,9,4.376355
i64,jeaiii,unpredictable,,9,5.311404
i64,naive,unpredictable,,9,11.052120
i64,null,unpredictable,,9,0.728103
i64,sse2,unpredictable,,9,6.358409
i64,tmueller,unpredictable,,9,4.363106
i64,unrolledlut,unpredictable,,9,6.360714
i64,yy,unpredictable,,9,3.378423
i64,zmij_scalar,unpredictable,,9,4.841720
i64,zmij_x64_native,unpredictable,,9,2.342943
i64,zmij_x64_v1,unpredictable,,9,3.973465
i64,zmij_x64_v2,unpredictable,,9,2.521626
i64,zmij_x64_v3,unpredictable,,9,2.404068
i64,zmij_x64_v4,unpredictable,,9,2.410887
i64,amartin,unpredictable,,10,8.314435
i64,branchlut,unpredictable,,10,7.025737
i64,branchlut2,unpredictable,,10,5.141034
i64,countlut,unpredictable,,10,6.190990
i64,fmt,unpredictable,,10,4.480458
i64,jeaiii,unpredictable,,10,9.733077
i64,naive,unpredictable,,10,11.926559
i64,null,unpredictable,,10,0.647267
i64,sse2,unpredictable,,10,6.774798
i64,tmueller,unpredictable,,10,4.542314
i64,unrolledlut,unpredictable,,10,10.197366
i64,yy,unpredictable,,10,3.517969
i64,zmij_scalar,unpredictable,,10,4.860914
i64,zmij_x64_native,unpredictable,,10,2.384921
i64,zmij_x64_v1,unpredictable,,10,3.985072
i64,zmij_x64_v2,unpredictable,,10,2.550313
i64,zmij_x64_v3,unpredictable,,10,2.422689
i64,zmij_x64_v4,unpredictable,,10,2.398566
i64,amartin,unpredictable,,11,3.747715
i64,branchlut,unpredictable,,11,7.529386
i64,branchlut2,unpredictable,,11,5.520510
i64,countlut,unpredictable,,11,5.592840
i64,fmt,unpredictable,,11,4.576496
i64,jeaiii,unpredictable,,11,5.697529
i64,naive,unpredictable,,11,12.922417
i64,null,unpredictable,,11,0.667228
i64,sse2,unpredictable,,11,6.542092
i64,tmueller,unpredictable,,11,4.564942
i64,unrolledlut,unpredictable,,11,6.280355
i64,yy,unpredictable,,11,3.527141
i64,zmij_scalar,unpredictable,,11,4.868147
i64,zmij_x64_native,unpredictable,,11,2.376395
i64,zmij_x64_v1,unpredictable,,11,3.992654
i64,zmij_x64_v2,unpredictable,,11,2.515594
i64,zmij_x64_v3,unpredictable,,11,2.451752
i64,zmij_x64_v4,unpredictable,,11,2.393714
i64,amartin,unpredictable,,12,3.784856
i64,branchlut,unpredictable,,12,7.373709
i64,branchlut2,unpredictable,,12,5.714847
i64,countlut,unpredictable,,12,5.724270
i64,fmt,unpredictable,,12,4.768290
i64,jeaiii,unpredictable,,12,5.773357
i64,naive,unpredictable,,12,13.704163
i64,null,unpredictable,,12,0.831107
i64,sse2,unpredictable,,12,7.058399
i64,tmueller,unpredictable,,12,5.008440
i64,unrolledlut,unpredictable,,12,6.815285
i64,yy,unpredictable,,12,3.605789
i64,zmij_scalar,unpredictable,,12,4.963679
i64,zmij_x64_native,unpredictable,,12,2.341318
i64,zmij_x64_v1,unpredictable,,12,4.058063
i64,zmij_x64_v2,unpredictable,,12,2.593063
i64,zmij_x64_v3,unpredictable,,12,2.463852
i64,zmij_x64_v4,unpredictable,,12,2.425315
i64,amartin,unpredictable,,13,3.719646
i64,branchlut,unpredictable,,13,7.791053
i64,branchlut2,unpredictable,,13,5.425509
i64,countlut,unpredictable,,13,5.460765
i64,fmt,unpredictable,,13,4.613580
i64,jeaiii,unpredictable,,13,5.674852
i64,naive,unpredictable,,13,14.165538
i64,null,unpredictable,,13,0.695586
i64,sse2,unpredictable,,13,6.341959
i64,tmueller,unpredictable,,13,4.746408
i64,unrolledlut,unpredictable,,13,6.341678
i64,yy,unpredictable,,13,3.502252
i64,zmij_scalar,unpredictable,,13,4.863115
i64,zmij_x64_native,unpredictable,,13,2.368057
i64,zmij_x64_v1,unpredictable,,13,4.041974
i64,zmij_x64_v2,unpredictable,,13,2.536729
i64,zmij_x64_v3,unpredictable,,13,2.431289
i64,zmij_x64_v4,unpredictable,,13,2.409507
i64,amartin,unpredictable,,14,3.715267
i64,branchlut,unpredictable,,14,7.830704
i64,branchlut2,unpredictable,,14,5.550938
i64,countlut,unpredictable,,14,5.611588
i64,fmt,unpredictable,,14,4.690674
i64,jeaiii,unpredictable,,14,5.357267
i64,naive,unpredictable,,14,15.379349
i64,null,unpredictable,,14,0.677931
i64,sse2,unpredictable,,14,6.235956
i64,tmueller,unpredictable,,14,4.712816
i64,unrolledlut,unpredictable,,14,6.289927
i64,yy,unpredictable,,14,3.506691
i64,zmij_scalar,unpredictable,,14,4.829621
i64,zmij_x64_native,unpredictable,,14,2.375405
i64,zmij_x64_v1,unpredictable,,14,3.945696
i64,zmij_x64_v2,unpredictable,,14,2.496565
i64,zmij_x64_v3,unpredictable,,14,2.370282
i64,zmij_x64_v4,unpredictable,,14,2.393407
i64,amartin,unpredictable,,15,4.196681
i64,branchlut,unpredictable,,15,8.447860
i64,branchlut2,unpredictable,,15,6.110345
i64,countlut,unpredictable,,15,6.531887
i64,fmt,unpredictable,,15,5.502724
i64,jeaiii,unpredictable,,15,6.445696
i64,naive,unpredictable,,15,16.328395
i64,null,unpredictable,,15,0.638833
i64,sse2,unpredictable,,15,6.947165
i64,tmueller,unpredictable,,15,5.378388
i64,unrolledlut,unpredictable,,15,7.333722
i64,yy,unpredictable,,15,3.776990
i64,zmij_scalar,unpredictable,,15,4.847256
i64,zmij_x64_native,unpredictable,,15,2.394437
i64,zmij_x64_v1,unpredictable,,15,3.990638
i64,zmij_x64_v2,unpredictable,,15,2.535845
i64,zmij_x64_v3,unpredictable,,15,2.378506
i64,zmij_x64_v4,unpredictable,,15,2.394436
i64,amartin,unpredictable,,16,4.208955
i64,branchlut,unpredictable,,16,8.432921
i64,branchlut2,unpredictable,,16,5.936826
i64,countlut,unpredictable,,16,6.270880
i64,fmt,unpredictable,,16,5.123021
i64,jeaiii,unpredictable,,16,6.308519
i64,naive,unpredictable,,16,16.043915
i64,null,unpredictable,,16,0.643880
i64,sse2,unpredictable,,16,6.352418
i64,tmueller,unpredictable,,16,4.884144
i64,unrolledlut,unpredictable,,16,6.881877
i64,yy,unpredictable,,16,3.741541
i64,zmij_scalar,unpredictable,,16,4.995247
i64,zmij_x64_native,unpredictable,,16,2.416146
i64,zmij_x64_v1,unpredictable,,16,4.071808
i64,zmij_x64_v2,unpredictable,,16,2.598294
i64,zmij_x64_v3,unpredictable,,16,2.461950
i64,zmij_x64_v4,unpredictable,,16,2.359573
i64,amartin,unpredictable,,17,5.926801
i64,branchlut,unpredictable,,17,7.425604
i64,branchlut2,unpredictable,,17,6.786565
i64,countlut,unpredictable,,17,6.906390
i64,fmt,unpredictable,,17,5.963399
i64,jeaiii,unpredictable,,17,6.849744
i64,naive,unpredictable,,17,16.979701
i64,null,unpredictable,,17,0.605793
i64,sse2,unpredictable,,17,5.906560
i64,tmueller,unpredictable,,17,5.759828
i64,unrolledlut,unpredictable,,17,7.617404
i64,yy,unpredictable,,17,4.729450
i64,zmij_scalar,unpredictable,,17,4.846014
i64,zmij_x64_native,unpredictable,,17,2.349155
i64,zmij_x64_v1,unpredictable,,17,3.949538
i64,zmij_x64_v2,unpredictable,,17,2.542930
i64,zmij_x64_v3,unpredictable,,17,2.398318
i64,zmij_x64_v4,unpredictable,,17,2.389807
i64,amartin,unpredictable,,18,8.769503
i64,branchlut,unpredictable,,18,7.003536
i64,branchlut2,unpredictable,,18,6.579022
i64,countlut,unpredictable,,18,7.004195
i64,fmt,unpredictable,,18,5.375892
i64,jeaiii,unpredictable,,18,9.388033
i64,naive,unpredictable,,18,17.995765
i64,null,unpredictable,,18,0.719295
i64,sse2,unpredictable,,18,5.949715
i64,tmueller,unpredictable,,18,5.495439
i64,unrolledlut,unpredictable,,18,11.264600
i64,yy,unpredictable,,18,4.563249
i64,zmij_scalar,unpredictable,,18,4.842767
i64,zmij_x64_native,unpredictable,,18,2.364204
i64,zmij_x64_v1,unpredictable,,18,3.992601
i64,zmij_x64_v2,unpredictable,,18,2.511946
i64,zmij_x64_v3,unpredictable,,18,2.398986
i64,zmij_x64_v4,unpredictable,,18,2.422636
i64,amartin,unpredictable,,19,6.159912
i64,branchlut,unpredictable,,19,7.349473
i64,branchlut2,unpredictable,,19,7.474194
i64,countlut,unpredictable,,19,7.586031
i64,fmt,unpredictable,,19,6.781232
i64,jeaiii,unpredictable,,19,7.233958
i64,naive,unpredictable,,19,19.350502
i64,null,unpredictable,,19,0.608543
i64,sse2,unpredictable,,19,6.153265
i64,tmueller,unpredictable,,19,6.749952
i64,unrolledlut,unpredictable,,19,8.983945
i64,yy,unpredictable,,19,5.115756
i64,zmij_scalar,unpredictable,,19,4.830415
i64,zmij_x64_native,unpredictable,,19,2.373729
i64,zmij_x64_v1,unpredictable,,19,4.039183
i64,zmij_x64_v2,unpredictable,,19,2.566646
i64,zmij_x64_v3,unpredictable,,19,2.389376
i64,zmij_x64_v4,unpredictable,,19,2.397662
i64,amartin,admixture,5x6,0,1.790990
i64,branchlut,admixture,5x6,0,4.882051
i64,branchlut2,admixture,5x6,0,3.870544
i64,countlut,admixture,5x6,0,4.256094
i64,fmt,admixture,5x6,0,1.942780
i64,jeaiii,admixture,5x6,0,4.158076
i64,naive,admixture,5x6,0,7.679738
i64,null,admixture,5x6,0,0.760326
i64,sse2,admixture,5x6,0,4.818720
i64,tmueller,admixture,5x6,0,2.118408
i64,unrolledlut,admixture,5x6,0,4.802219
i64,yy,admixture,5x6,0,1.451516
i64,zmij_scalar,admixture,5x6,0,5.023455
i64,zmij_x64_native,admixture,5x6,0,2.324087
i64,zmij_x64_v1,admixture,5x6,0,3.974333
i64,zmij_x64_v2,admixture,5x6,0,2.499355
i64,zmij_x64_v3,admixture,5x6,0,2.367335
i64,zmij_x64_v4,admixture,5x6,0,2.384161
i64,amartin,admixture,5x6,10,1.800132
i64,branchlut,admixture,5x6,10,5.014179
i64,branchlut2,admixture,5x6,10,4.321024
i64,countlut,admixture,5x6,10,4.721391
i64,fmt,admixture,5x6,10,2.573524
i64,jeaiii,admixture,5x6,10,4.564047
i64,naive,admixture,5x6,10,8.187264
i64,null,admixture,5x6,10,0.754423
i64,sse2,admixture,5x6,10,4.914976
i64,tmueller,admixture,5x6,10,2.734909
i64,unrolledlut,admixture,5x6,10,4.879533
i64,yy,admixture,5x6,10,1.456991
i64,zmij_scalar,admixture,5x6,10,5.067866
i64,zmij_x64_native,admixture,5x6,10,2.344229
i64,zmij_x64_v1,admixture,5x6,10,4.021792
i64,zmij_x64_v2,admixture,5x6,10,2.520691
i64,zmij_x64_v3,admixture,5x6,10,2.393777
i64,zmij_x64_v4,admixture,5x6,10,2.404203
i64,amartin,admixture,5x6,20,1.801394
i64,branchlut,admixture,5x6,20,5.324225
i64,branchlut2,admixture,5x6,20,4.864047
i64,countlut,admixture,5x6,20,5.389792
i64,fmt,admixture,5x6,20,3.150908
i64,jeaiii,admixture,5x6,20,5.217883
i64,naive,admixture,5x6,20,8.690668
i64,null,admixture,5x6,20,0.741067
i64,sse2,admixture,5x6,20,5.442549
i64,tmueller,admixture,5x6,20,3.267723
i64,unrolledlut,admixture,5x6,20,5.324691
i64,yy,admixture,5x6,20,1.449969
i64,zmij_scalar,admixture,5x6,20,5.011267
i64,zmij_x64_native,admixture,5x6,20,2.336209
i64,zmij_x64_v1,admixture,5x6,20,3.976629
i64,zmij_x64_v2,admixture,5x6,20,2.498811
i64,zmij_x64_v3,admixture,5x6,20,2.369405
i64,zmij_x64_v4,admixture,5x6,20,2.408319
i64,amartin,admixture,5x6,30,1.788432
i64,branchlut,admixture,5x6,30,5.922621
i64,branchlut2,admixture,5x6,30,5.399687
i64,countlut,admixture,5x6,30,6.108979
i64,fmt,admixture,5x6,30,3.857138
i64,jeaiii,admixture,5x6,30,5.760793
i64,naive,admixture,5x6,30,9.367733
i64,null,admixture,5x6,30,0.734496
i64,sse2,admixture,5x6,30,6.098194
i64,tmueller,admixture,5x6,30,3.933838
i64,unrolledlut,admixture,5x6,30,6.043054
i64,yy,admixture,5x6,30,1.451146
i64,zmij_scalar,admixture,5x6,30,5.012959
i64,zmij_x64_native,admixture,5x6,30,2.344918
i64,zmij_x64_v1,admixture,5x6,30,3.982047
i64,zmij_x64_v2,admixture,5x6,30,2.508844
i64,zmij_x64_v3,admixture,5x6,30,2.380044
i64,zmij_x64_v4,admixture,5x6,30,2.392274
i64,amartin,admixture,5x6,40,1.781302
i64,branchlut,admixture,5x6,40,6.535420
i64,branchlut2,admixture,5x6,40,5.802548
i64,countlut,admixture,5x6,40,6.882313
i64,fmt,admixture,5x6,40,4.647892
i64,jeaiii,admixture,5x6,40,6.347506
i64,naive,admixture,5x6,40,9.987821
i64,null,admixture,5x6,40,0.993307
i64,sse2,admixture,5x6,40,6.681835
i64,tmueller,admixture,5x6,40,4.536641
i64,unrolledlut,admixture,5x6,40,6.681025
i64,yy,admixture,5x6,40,1.444125
i64,zmij_scalar,admixture,5x6,40,5.045818
i64,zmij_x64_native,admixture,5x6,40,2.340461
i64,zmij_x64_v1,admixture,5x6,40,3.977891
i64,zmij_x64_v2,admixture,5x6,40,2.462869
i64,zmij_x64_v3,admixture,5x6,40,2.362242
i64,zmij_x64_v4,admixture,5x6,40,2.365673
i64,amartin,admixture,5x6,50,1.785074
i64,branchlut,admixture,5x6,50,6.897532
i64,branchlut2,admixture,5x6,50,6.174906
i64,countlut,admixture,5x6,50,7.069153
i64,fmt,admixture,5x6,50,5.064293
i64,jeaiii,admixture,5x6,50,6.599186
i64,naive,admixture,5x6,50,10.005312
i64,null,admixture,5x6,50,0.761918
i64,sse2,admixture,5x6,50,6.879314
i64,tmueller,admixture,5x6,50,4.694754
i64,unrolledlut,admixture,5x6,50,6.945500
i64,yy,admixture,5x6,50,1.438598
i64,zmij_scalar,admixture,5x6,50,5.027767
i64,zmij_x64_native,admixture,5x6,50,2.307556
i64,zmij_x64_v1,admixture,5x6,50,3.984212
i64,zmij_x64_v2,admixture,5x6,50,2.495618
i64,zmij_x64_v3,admixture,5x6,50,2.378245
i64,zmij_x64_v4,admixture,5x6,50,2.369643
i64,amartin,admixture,5x6,60,1.798372
i64,branchlut,admixture,5x6,60,6.529250
i64,branchlut2,admixture,5x6,60,5.847753
i64,countlut,admixture,5x6,60,6.700771
i64,fmt,admixture,5x6,60,4.522269
i64,jeaiii,admixture,5x6,60,6.030753
i64,naive,admixture,5x6,60,9.643575
i64,null,admixture,5x6,60,0.807731
i64,sse2,admixture,5x6,60,6.685349
i64,tmueller,admixture,5x6,60,4.381419
i64,unrolledlut,admixture,5x6,60,6.578040
i64,yy,admixture,5x6,60,1.455720
i64,zmij_scalar,admixture,5x6,60,5.024602
i64,zmij_x64_native,admixture,5x6,60,2.340876
i64,zmij_x64_v1,admixture,5x6,60,3.972381
i64,zmij_x64_v2,admixture,5x6,60,2.484872
i64,zmij_x64_v3,admixture,5x6,60,2.364166
i64,zmij_x64_v4,admixture,5x6,60,2.376671
i64,amartin,admixture,5x6,70,1.787747
i64,branchlut,admixture,5x6,70,5.906406
i64,branchlut2,admixture,5x6,70,5.369653
i64,countlut,admixture,5x6,70,6.200038
i64,fmt,admixture,5x6,70,3.817655
i64,jeaiii,admixture,5x6,70,5.450778
i64,naive,admixture,5x6,70,8.859373
i64,null,admixture,5x6,70,0.768599
i64,sse2,admixture,5x6,70,6.099955
i64,tmueller,admixture,5x6,70,3.872812
i64,unrolledlut,admixture,5x6,70,5.894652
i64,yy,admixture,5x6,70,1.447804
i64,zmij_scalar,admixture,5x6,70,5.027237
i64,zmij_x64_native,admixture,5x6,70,2.330115
i64,zmij_x64_v1,admixture,5x6,70,3.985440
i64,zmij_x64_v2,admixture,5x6,70,2.491710
i64,zmij_x64_v3,admixture,5x6,70,2.357958
i64,zmij_x64_v4,admixture,5x6,70,2.384640
i64,amartin,admixture,5x6,80,1.788222
i64,branchlut,admixture,5x6,80,5.389021
i64,branchlut2,admixture,5x6,80,5.035069
i64,countlut,admixture,5x6,80,5.564268
i64,fmt,admixture,5x6,80,3.240882
i64,jeaiii,admixture,5x6,80,5.045923
i64,naive,admixture,5x6,80,8.190897
i64,null,admixture,5x6,80,0.840824
i64,sse2,admixture,5x6,80,5.453141
i64,tmueller,admixture,5x6,80,3.351902
i64,unrolledlut,admixture,5x6,80,5.525516
i64,yy,admixture,5x6,80,1.451378
i64,zmij_scalar,admixture,5x6,80,5.013327
i64,zmij_x64_native,admixture,5x6,80,2.336844
i64,zmij_x64_v1,admixture,5x6,80,3.973654
i64,zmij_x64_v2,admixture,5x6,80,2.495630
i64,zmij_x64_v3,admixture,5x6,80,2.357606
i64,zmij_x64_v4,admixture,5x6,80,2.371910
i64,amartin,admixture,5x6,90,1.789201
i64,branchlut,admixture,5x6,90,4.916571
i64,branchlut2,admixture,5x6,90,4.272098
i64,countlut,admixture,5x6,90,4.777909
i64,fmt,admixture,5x6,90,2.637748
i64,jeaiii,admixture,5x6,90,4.316322
i64,naive,admixture,5x6,90,7.503788
i64,null,admixture,5x6,90,0.792510
i64,sse2,admixture,5x6,90,4.849424
i64,tmueller,admixture,5x6,90,2.772184
i64,unrolledlut,admixture,5x6,90,5.105708
i64,yy,admixture,5x6,90,1.448086
i64,zmij_scalar,admixture,5x6,90,5.023694
i64,zmij_x64_native,admixture,5x6,90,2.336941
i64,zmij_x64_v1,admixture,5x6,90,3.974413
i64,zmij_x64_v2,admixture,5x6,90,2.500133
i64,zmij_x64_v3,admixture,5x6,90,2.367073
i64,zmij_x64_v4,admixture,5x6,90,2.378297
i64,amartin,admixture,5x6,100,1.788774
i64,branchlut,admixture,5x6,100,4.832448
i64,branchlut2,admixture,5x6,100,3.692182
i64,countlut,admixture,5x6,100,4.123645
i64,fmt,admixture,5x6,100,1.998666
i64,jeaiii,admixture,5x6,100,3.911161
i64,naive,admixture,5x6,100,6.880549
i64,null,admixture,5x6,100,0.791581
i64,sse2,admixture,5x6,100,4.731545
i64,tmueller,admixture,5x6,100,2.153846
i64,unrolledlut,admixture,5x6,100,4.941788
i64,yy,admixture,5x6,100,1.446337
i64,zmij_scalar,admixture,5x6,100,5.009496
i64,zmij_x64_native,admixture,5x6,100,2.346380
i64,zmij_x64_v1,admixture,5x6,100,3.969514
i64,zmij_x64_v2,admixture,5x6,100,2.497448
i64,zmij_x64_v3,admixture,5x6,100,2.383235
i64,zmij_x64_v4,admixture,5x6,100,2.377509
u128,fmt,bylength,,1,4.728934
u128,naive,bylength,,1,3.039360
u128,null,bylength,,1,0.743922
u128,zmij_scalar,bylength,,1,5.037098
u128,zmij_x64_native,bylength,,1,2.273888
u128,zmij_x64_v1,bylength,,1,3.760843
u128,zmij_x64_v2,bylength,,1,2.516594
u128,zmij_x64_v3,bylength,,1,2.357093
u128,zmij_x64_v4,bylength,,1,2.340812
u128,fmt,bylength,,2,4.965609
u128,naive,bylength,,2,4.873097
u128,null,bylength,,2,0.751296
u128,zmij_scalar,bylength,,2,5.039878
u128,zmij_x64_native,bylength,,2,2.277521
u128,zmij_x64_v1,bylength,,2,3.756326
u128,zmij_x64_v2,bylength,,2,2.525955
u128,zmij_x64_v3,bylength,,2,2.354389
u128,zmij_x64_v4,bylength,,2,2.334611
u128,fmt,bylength,,3,4.630833
u128,naive,bylength,,3,7.606147
u128,null,bylength,,3,0.744748
u128,zmij_scalar,bylength,,3,5.070134
u128,zmij_x64_native,bylength,,3,2.275727
u128,zmij_x64_v1,bylength,,3,3.754687
u128,zmij_x64_v2,bylength,,3,2.523911
u128,zmij_x64_v3,bylength,,3,2.386025
u128,zmij_x64_v4,bylength,,3,2.367827
u128,fmt,bylength,,4,4.803890
u128,naive,bylength,,4,10.836114
u128,null,bylength,,4,0.779422
u128,zmij_scalar,bylength,,4,5.053056
u128,zmij_x64_native,bylength,,4,2.307240
u128,zmij_x64_v1,bylength,,4,3.731087
u128,zmij_x64_v2,bylength,,4,2.511495
u128,zmij_x64_v3,bylength,,4,2.347115
u128,zmij_x64_v4,bylength,,4,2.331519
u128,fmt,bylength,,5,4.957191
u128,naive,bylength,,5,14.425134
u128,null,bylength,,5,0.837032
u128,zmij_scalar,bylength,,5,5.035759
u128,zmij_x64_native,bylength,,5,2.270376
u128,zmij_x64_v1,bylength,,5,3.757850
u128,zmij_x64_v2,bylength,,5,2.523144
u128,zmij_x64_v3,bylength,,5,2.353022
u128,zmij_x64_v4,bylength,,5,2.323242
u128,fmt,bylength,,6,5.058935
u128,naive,bylength,,6,18.007584
u128,null,bylength,,6,0.902004
u128,zmij_scalar,bylength,,6,5.070009
u128,zmij_x64_native,bylength,,6,2.292273
u128,zmij_x64_v1,bylength,,6,3.798878
u128,zmij_x64_v2,bylength,,6,2.508492
u128,zmij_x64_v3,bylength,,6,2.353392
u128,zmij_x64_v4,bylength,,6,2.339077
u128,fmt,bylength,,7,5.386358
u128,naive,bylength,,7,21.520395
u128,null,bylength,,7,0.824994
u128,zmij_scalar,bylength,,7,5.023642
u128,zmij_x64_native,bylength,,7,2.247120
u128,zmij_x64_v1,bylength,,7,3.752668
u128,zmij_x64_v2,bylength,,7,2.525974
u128,zmij_x64_v3,bylength,,7,2.354009
u128,zmij_x64_v4,bylength,,7,2.342369
u128,fmt,bylength,,8,5.325755
u128,naive,bylength,,8,24.140210
u128,null,bylength,,8,0.821187
u128,zmij_scalar,bylength,,8,5.017298
u128,zmij_x64_native,bylength,,8,2.250084
u128,zmij_x64_v1,bylength,,8,3.736375
u128,zmij_x64_v2,bylength,,8,2.528927
u128,zmij_x64_v3,bylength,,8,2.341055
u128,zmij_x64_v4,bylength,,8,2.341223
u128,fmt,bylength,,9,5.892144
u128,naive,bylength,,9,27.833582
u128,null,bylength,,9,0.714175
u128,zmij_scalar,bylength,,9,5.187999
u128,zmij_x64_native,bylength,,9,2.266906
u128,zmij_x64_v1,bylength,,9,3.752802
u128,zmij_x64_v2,bylength,,9,2.502039
u128,zmij_x64_v3,bylength,,9,2.346215
u128,zmij_x64_v4,bylength,,9,2.312212
u128,fmt,bylength,,10,5.839829
u128,naive,bylength,,10,31.769731
u128,null,bylength,,10,0.745553
u128,zmij_scalar,bylength,,10,5.226146
u128,zmij_x64_native,bylength,,10,2.253515
u128,zmij_x64_v1,bylength,,10,3.724150
u128,zmij_x64_v2,bylength,,10,2.502885
u128,zmij_x64_v3,bylength,,10,2.345853
u128,zmij_x64_v4,bylength,,10,2.326475
u128,fmt,bylength,,11,6.313071
u128,naive,bylength,,11,35.244051
u128,null,bylength,,11,0.721774
u128,zmij_scalar,bylength,,11,5.223243
u128,zmij_x64_native,bylength,,11,2.287220
u128,zmij_x64_v1,bylength,,11,3.778908
u128,zmij_x64_v2,bylength,,11,2.515898
u128,zmij_x64_v3,bylength,,11,2.363305
u128,zmij_x64_v4,bylength,,11,2.343335
u128,fmt,bylength,,12,6.324355
u128,naive,bylength,,12,38.773867
u128,null,bylength,,12,0.795979
u128,zmij_scalar,bylength,,12,5.216956
u128,zmij_x64_native,bylength,,12,2.246911
u128,zmij_x64_v1,bylength,,12,3.790267
u128,zmij_x64_v2,bylength,,12,2.514685
u128,zmij_x64_v3,bylength,,12,2.366116
u128,zmij_x64_v4,bylength,,12,2.339647
u128,fmt,bylength,,13,6.853402
u128,naive,bylength,,13,42.875123
u128,null,bylength,,13,0.730727
u128,zmij_scalar,bylength,,13,5.182955
u128,zmij_x64_native,bylength,,13,2.266833
u128,zmij_x64_v1,bylength,,13,3.742334
u128,zmij_x64_v2,bylength,,13,2.531420
u128,zmij_x64_v3,bylength,,13,2.347815
u128,zmij_x64_v4,bylength,,13,2.337381
u128,fmt,bylength,,14,6.863108
u128,naive,bylength,,14,46.194312
u128,null,bylength,,14,0.782896
u128,zmij_scalar,bylength,,14,5.184508
u128,zmij_x64_native,bylength,,14,2.257764
u128,zmij_x64_v1,bylength,,14,3.740072
u128,zmij_x64_v2,bylength,,14,2.515447
u128,zmij_x64_v3,bylength,,14,2.352719
u128,zmij_x64_v4,bylength,,14,2.336123
u128,fmt,bylength,,15,7.700606
u128,naive,bylength,,15,50.312912
u128,null,bylength,,15,0.771060
u128,zmij_scalar,bylength,,15,5.238832
u128,zmij_x64_native,bylength,,15,2.291266
u128,zmij_x64_v1,bylength,,15,3.791878
u128,zmij_x64_v2,bylength,,15,2.533463
u128,zmij_x64_v3,bylength,,15,2.385540
u128,zmij_x64_v4,bylength,,15,2.355644
u128,fmt,bylength,,16,7.719706
u128,naive,bylength,,16,52.179409
u128,null,bylength,,16,0.872990
u128,zmij_scalar,bylength,,16,5.219589
u128,zmij_x64_native,bylength,,16,2.299772
u128,zmij_x64_v1,bylength,,16,3.795394
u128,zmij_x64_v2,bylength,,16,2.546710
u128,zmij_x64_v3,bylength,,16,2.380202
u128,zmij_x64_v4,bylength,,16,2.362958
u128,fmt,bylength,,17,8.374477
u128,naive,bylength,,17,55.894116
u128,null,bylength,,17,0.748214
u128,zmij_scalar,bylength,,17,5.191076
u128,zmij_x64_native,bylength,,17,2.265922
u128,zmij_x64_v1,bylength,,17,3.760338
u128,zmij_x64_v2,bylength,,17,2.526662
u128,zmij_x64_v3,bylength,,17,2.359931
u128,zmij_x64_v4,bylength,,17,2.346435
u128,fmt,bylength,,18,8.402717
u128,naive,bylength,,18,59.683500
u128,null,bylength,,18,0.761108
u128,zmij_scalar,bylength,,18,5.194540
u128,zmij_x64_native,bylength,,18,2.261453
u128,zmij_x64_v1,bylength,,18,3.747380
u128,zmij_x64_v2,bylength,,18,2.525141
u128,zmij_x64_v3,bylength,,18,2.350186
u128,zmij_x64_v4,bylength,,18,2.339105
u128,fmt,bylength,,19,9.015713
u128,naive,bylength,,19,63.511869
u128,null,bylength,,19,0.824353
u128,zmij_scalar,bylength,,19,5.206023
u128,zmij_x64_native,bylength,,19,2.274159
u128,zmij_x64_v1,bylength,,19,3.753194
u128,zmij_x64_v2,bylength,,19,2.538974
u128,zmij_x64_v3,bylength,,19,2.356925
u128,zmij_x64_v4,bylength,,19,2.344695
u128,fmt,bylength,,20,13.999868
u128,naive,bylength,,20,67.029290
u128,null,bylength,,20,0.734861
u128,zmij_scalar,bylength,,20,8.853481
u128,zmij_x64_native,bylength,,20,3.882571
u128,zmij_x64_v1,bylength,,20,5.376233
u128,zmij_x64_v2,bylength,,20,4.308605
u128,zmij_x64_v3,bylength,,20,3.917212
u128,zmij_x64_v4,bylength,,20,3.890614
u128,fmt,bylength,,21,14.340187
u128,naive,bylength,,21,71.507863
u128,null,bylength,,21,0.779609
u128,zmij_scalar,bylength,,21,8.873253
u128,zmij_x64_native,bylength,,21,3.671977
u128,zmij_x64_v1,bylength,,21,5.181944
u128,zmij_x64_v2,bylength,,21,4.083265
u128,zmij_x64_v3,bylength,,21,3.695635
u128,zmij_x64_v4,bylength,,21,3.674963
u128,fmt,bylength,,22,14.939517
u128,naive,bylength,,22,74.659973
u128,null,bylength,,22,0.909531
u128,zmij_scalar,bylength,,22,8.882767
u128,zmij_x64_native,bylength,,22,3.685091
u128,zmij_x64_v1,bylength,,22,5.221516
u128,zmij_x64_v2,bylength,,22,4.062015
u128,zmij_x64_v3,bylength,,22,3.697668
u128,zmij_x64_v4,bylength,,22,3.665330
u128,fmt,bylength,,23,14.773280
u128,naive,bylength,,23,77.953061
u128,null,bylength,,23,0.768305
u128,zmij_scalar,bylength,,23,8.883082
u128,zmij_x64_native,bylength,,23,3.691823
u128,zmij_x64_v1,bylength,,23,5.203728
u128,zmij_x64_v2,bylength,,23,4.056128
u128,zmij_x64_v3,bylength,,23,3.701364
u128,zmij_x64_v4,bylength,,23,3.676163
u128,fmt,bylength,,24,15.288437
u128,naive,bylength,,24,80.391265
u128,null,bylength,,24,0.779768
u128,zmij_scalar,bylength,,24,8.831381
u128,zmij_x64_native,bylength,,24,3.666044
u128,zmij_x64_v1,bylength,,24,5.195480
u128,zmij_x64_v2,bylength,,24,4.075959
u128,zmij_x64_v3,bylength,,24,3.694173
u128,zmij_x64_v4,bylength,,24,3.666651
u128,fmt,bylength,,25,15.728669
u128,naive,bylength,,25,83.945871
u128,null,bylength,,25,0.778170
u128,zmij_scalar,bylength,,25,8.830172
u128,zmij_x64_native,bylength,,25,3.664788
u128,zmij_x64_v1,bylength,,25,5.182105
u128,zmij_x64_v2,bylength,,25,4.054879
u128,zmij_x64_v3,bylength,,25,3.687844
u128,zmij_x64_v4,bylength,,25,3.671336
u128,fmt,bylength,,26,16.372793
u128,naive,bylength,,26,87.536376
u128,null,bylength,,26,0.742904
u128,zmij_scalar,bylength,,26,8.890220
u128,zmij_x64_native,bylength,,26,3.672674
u128,zmij_x64_v1,bylength,,26,5.210017
u128,zmij_x64_v2,bylength,,26,4.049092
u128,zmij_x64_v3,bylength,,26,3.742027
u128,zmij_x64_v4,bylength,,26,3.708738
u128,fmt,bylength,,27,16.417294
u128,naive,bylength,,27,91.617615
u128,null,bylength,,27,0.892662
u128,zmij_scalar,bylength,,27,8.949513
u128,zmij_x64_native,bylength,,27,3.724926
u128,zmij_x64_v1,bylength,,27,5.274269
u128,zmij_x64_v2,bylength,,27,4.119864
u128,zmij_x64_v3,bylength,,27,3.722927
u128,zmij_x64_v4,bylength,,27,3.712481
u128,fmt,bylength,,28,17.141558
u128,naive,bylength,,28,95.582954
u128,null,bylength,,28,0.802233
u128,zmij_scalar,bylength,,28,8.937468
u128,zmij_x64_native,bylength,,28,3.685399
u128,zmij_x64_v1,bylength,,28,5.197858
u128,zmij_x64_v2,bylength,,28,4.060637
u128,zmij_x64_v3,bylength,,28,3.691258
u128,zmij_x64_v4,bylength,,28,3.669017
u128,fmt,bylength,,29,17.212024
u128,naive,bylength,,29,98.909374
u128,null,bylength,,29,0.735358
u128,zmij_scalar,bylength,,29,8.770781
u128,zmij_x64_native,bylength,,29,3.677363
u128,zmij_x64_v1,bylength,,29,5.212670
u128,zmij_x64_v2,bylength,,29,4.062960
u128,zmij_x64_v3,bylength,,29,3.696757
u128,zmij_x64_v4,bylength,,29,3.666552
u128,fmt,bylength,,30,17.879655
u128,naive,bylength,,30,102.567801
u128,null,bylength,,30,0.803985
u128,zmij_scalar,bylength,,30,8.783578
u128,zmij_x64_native,bylength,,30,3.679662
u128,zmij_x64_v1,bylength,,30,5.237563
u128,zmij_x64_v2,bylength,,30,4.062729
u128,zmij_x64_v3,bylength,,30,3.701375
u128,zmij_x64_v4,bylength,,30,3.670348
u128,fmt,bylength,,31,17.901884
u128,naive,bylength,,31,106.709281
u128,null,bylength,,31,0.832148
u128,zmij_scalar,bylength,,31,8.785627
u128,zmij_x64_native,bylength,,31,3.680481
u128,zmij_x64_v1,bylength,,31,5.217355
u128,zmij_x64_v2,bylength,,31,4.071824
u128,zmij_x64_v3,bylength,,31,3.706652
u128,zmij_x64_v4,bylength,,31,3.679610
u128,fmt,bylength,,32,18.400300
u128,naive,bylength,,32,108.632882
u128,null,bylength,,32,0.722363
u128,zmij_scalar,bylength,,32,8.787757
u128,zmij_x64_native,bylength,,32,3.663983
u128,zmij_x64_v1,bylength,,32,5.282660
u128,zmij_x64_v2,bylength,,32,4.102891
u128,zmij_x64_v3,bylength,,32,3.703625
u128,zmij_x64_v4,bylength,,32,3.689771
u128,fmt,bylength,,33,18.802827
u128,naive,bylength,,33,112.202713
u128,null,bylength,,33,0.815683
u128,zmij_scalar,bylength,,33,11.647296
u128,zmij_x64_native,bylength,,33,4.338715
u128,zmij_x64_v1,bylength,,33,5.757212
u128,zmij_x64_v2,bylength,,33,4.678572
u128,zmij_x64_v3,bylength,,33,4.381150
u128,zmij_x64_v4,bylength,,33,4.344677
u128,fmt,bylength,,34,19.532986
u128,naive,bylength,,34,116.267195
u128,null,bylength,,34,0.764522
u128,zmij_scalar,bylength,,34,11.605912
u128,zmij_x64_native,bylength,,34,4.337201
u128,zmij_x64_v1,bylength,,34,5.733944
u128,zmij_x64_v2,bylength,,34,4.672844
u128,zmij_x64_v3,bylength,,34,4.365968
u128,zmij_x64_v4,bylength,,34,4.335367
u128,fmt,bylength,,35,19.402122
u128,naive,bylength,,35,119.735816
u128,null,bylength,,35,0.828722
u128,zmij_scalar,bylength,,35,11.642392
u128,zmij_x64_native,bylength,,35,4.338968
u128,zmij_x64_v1,bylength,,35,5.735346
u128,zmij_x64_v2,bylength,,35,4.667216
u128,zmij_x64_v3,bylength,,35,4.392665
u128,zmij_x64_v4,bylength,,35,4.361694
u128,fmt,bylength,,36,20.153278
u128,naive,bylength,,36,124.017895
u128,null,bylength,,36,0.787910
u128,zmij_scalar,bylength,,36,11.621518
u128,zmij_x64_native,bylength,,36,4.331910
u128,zmij_x64_v1,bylength,,36,5.727366
u128,zmij_x64_v2,bylength,,36,4.683300
u128,zmij_x64_v3,bylength,,36,4.371042
u128,zmij_x64_v4,bylength,,36,4.360419
u128,fmt,bylength,,37,20.229494
u128,naive,bylength,,37,127.282415
u128,null,bylength,,37,0.774632
u128,zmij_scalar,bylength,,37,11.592081
u128,zmij_x64_native,bylength,,37,4.331795
u128,zmij_x64_v1,bylength,,37,5.749324
u128,zmij_x64_v2,bylength,,37,4.669893
u128,zmij_x64_v3,bylength,,37,4.379283
u128,zmij_x64_v4,bylength,,37,4.356144
u128,fmt,bylength,,38,20.865977
u128,naive,bylength,,38,131.244362
u128,null,bylength,,38,0.820140
u128,zmij_scalar,bylength,,38,11.657336
u128,zmij_x64_native,bylength,,38,4.353136
u128,zmij_x64_v1,bylength,,38,5.741055
u128,zmij_x64_v2,bylength,,38,4.664154
u128,zmij_x64_v3,bylength,,38,4.397002
u128,zmij_x64_v4,bylength,,38,4.367535
u128,fmt,bylength,,39,27.222032
u128,naive,bylength,,39,134.525170
u128,null,bylength,,39,0.739743
u128,zmij_scalar,bylength,,39,11.603436
u128,zmij_x64_native,bylength,,39,4.335314
u128,zmij_x64_v1,bylength,,39,5.740162
u128,zmij_x64_v2,bylength,,39,4.668449
u128,zmij_x64_v3,bylength,,39,4.355606
u128,zmij_x64_v4,bylength,,39,4.353088
u128,fmt,loguniform,1-39,39,22.955617
u128,naive,loguniform,1-39,39,74.187266
u128,null,loguniform,1-39,39,0.745930
u128,zmij_scalar,loguniform,1-39,39,9.346144
u128,zmij_x64_native,loguniform,1-39,39,6.098535
u128,zmij_x64_v1,loguniform,1-39,39,7.155815
u128,zmij_x64_v2,loguniform,1-39,39,6.612531
u128,zmij_x64_v3,loguniform,1-39,39,6.330747
u128,zmij_x64_v4,loguniform,1-39,39,6.203934
u128,fmt,loguniform,1-4,4,10.304446
u128,naive,loguniform,1-4,4,10.388365
u128,null,loguniform,1-4,4,0.725513
u128,zmij_scalar,loguniform,1-4,4,5.021322
u128,zmij_x64_native,loguniform,1-4,4,2.259879
u128,zmij_x64_v1,loguniform,1-4,4,3.759063
u128,zmij_x64_v2,loguniform,1-4,4,2.511408
u128,zmij_x64_v3,loguniform,1-4,4,2.353174
u128,zmij_x64_v4,loguniform,1-4,4,2.337192
u128,fmt,uniform,0-255,0,7.493632
u128,naive,uniform,0-255,0,8.497551
u128,null,uniform,0-255,0,0.769684
u128,zmij_scalar,uniform,0-255,0,5.016582
u128,zmij_x64_native,uniform,0-255,0,2.264606
u128,zmij_x64_v1,uniform,0-255,0,3.760157
u128,zmij_x64_v2,uniform,0-255,0,2.512099
u128,zmij_x64_v3,uniform,0-255,0,2.359614
u128,zmij_x64_v4,uniform,0-255,0,2.341954
u128,fmt,unpredictable,,1,7.602446
u128,naive,unpredictable,,1,5.542716
u128,null,unpredictable,,1,1.023757
u128,zmij_scalar,unpredictable,,1,5.045737
u128,zmij_x64_native,unpredictable,,1,2.329816
u128,zmij_x64_v1,unpredictable,,1,4.009340
u128,zmij_x64_v2,unpredictable,,1,2.526201
u128,zmij_x64_v3,unpredictable,,1,2.483441
u128,zmij_x64_v4,unpredictable,,1,2.550419
u128,fmt,unpredictable,,2,7.360622
u128,naive,unpredictable,,2,6.848765
u128,null,unpredictable,,2,1.153291
u128,zmij_scalar,unpredictable,,2,4.956640
u128,zmij_x64_native,unpredictable,,2,2.282735
u128,zmij_x64_v1,unpredictable,,2,3.886858
u128,zmij_x64_v2,unpredictable,,2,2.543625
u128,zmij_x64_v3,unpredictable,,2,2.456532
u128,zmij_x64_v4,unpredictable,,2,2.494845
u128,fmt,unpredictable,,3,6.700575
u128,naive,unpredictable,,3,10.060910
u128,null,unpredictable,,3,0.846377
u128,zmij_scalar,unpredictable,,3,4.863328
u128,zmij_x64_native,unpredictable,,3,2.302634
u128,zmij_x64_v1,unpredictable,,3,3.942740
u128,zmij_x64_v2,unpredictable,,3,2.524501
u128,zmij_x64_v3,unpredictable,,3,2.420377
u128,zmij_x64_v4,unpredictable,,3,2.505790
u128,fmt,unpredictable,,4,6.755563
u128,naive,unpredictable,,4,13.359003
u128,null,unpredictable,,4,0.758723
u128,zmij_scalar,unpredictable,,4,4.883991
u128,zmij_x64_native,unpredictable,,4,2.283368
u128,zmij_x64_v1,unpredictable,,4,3.899167
u128,zmij_x64_v2,unpredictable,,4,2.521165
u128,zmij_x64_v3,unpredictable,,4,2.444804
u128,zmij_x64_v4,unpredictable,,4,2.514223
u128,fmt,unpredictable,,5,6.940062
u128,naive,unpredictable,,5,16.830813
u128,null,unpredictable,,5,1.123682
u128,zmij_scalar,unpredictable,,5,4.866973
u128,zmij_x64_native,unpredictable,,5,2.394273
u128,zmij_x64_v1,unpredictable,,5,3.928586
u128,zmij_x64_v2,unpredictable,,5,2.569872
u128,zmij_x64_v3,unpredictable,,5,2.485138
u128,zmij_x64_v4,unpredictable,,5,2.513376
u128,fmt,unpredictable,,6,7.176464
u128,naive,unpredictable,,6,20.090890
u128,null,unpredictable,,6,0.911652
u128,zmij_scalar,unpredictable,,6,4.908346
u128,zmij_x64_native,unpredictable,,6,2.320266
u128,zmij_x64_v1,unpredictable,,6,3.951853
u128,zmij_x64_v2,unpredictable,,6,2.525658
u128,zmij_x64_v3,unpredictable,,6,2.447097
u128,zmij_x64_v4,unpredictable,,6,2.499824
u128,fmt,unpredictable,,7,7.190928
u128,naive,unpredictable,,7,24.993571
u128,null,unpredictable,,7,0.814060
u128,zmij_scalar,unpredictable,,7,4.949303
u128,zmij_x64_native,unpredictable,,7,2.309483
u128,zmij_x64_v1,unpredictable,,7,3.922144
u128,zmij_x64_v2,unpredictable,,7,2.538782
u128,zmij_x64_v3,unpredictable,,7,2.442205
u128,zmij_x64_v4,unpredictable,,7,2.483853
u128,fmt,unpredictable,,8,7.515815
u128,naive,unpredictable,,8,26.336441
u128,null,unpredictable,,8,0.906043
u128,zmij_scalar,unpredictable,,8,4.895746
u128,zmij_x64_native,unpredictable,,8,2.348028
u128,zmij_x64_v1,unpredictable,,8,3.964392
u128,zmij_x64_v2,unpredictable,,8,2.560743
u128,zmij_x64_v3,unpredictable,,8,2.504961
u128,zmij_x64_v4,unpredictable,,8,2.519454
u128,fmt,unpredictable,,9,8.059208
u128,naive,unpredictable,,9,30.387070
u128,null,unpredictable,,9,1.248367
u128,zmij_scalar,unpredictable,,9,5.172845
u128,zmij_x64_native,unpredictable,,9,2.428528
u128,zmij_x64_v1,unpredictable,,9,4.115397
u128,zmij_x64_v2,unpredictable,,9,2.639537
u128,zmij_x64_v3,unpredictable,,9,2.530138
u128,zmij_x64_v4,unpredictable,,9,2.625187
u128,fmt,unpredictable,,10,7.221089
u128,naive,unpredictable,,10,33.374261
u128,null,unpredictable,,10,1.191698
u128,zmij_scalar,unpredictable,,10,5.005231
u128,zmij_x64_native,unpredictable,,10,2.289822
u128,zmij_x64_v1,unpredictable,,10,3.919965
u128,zmij_x64_v2,unpredictable,,10,2.562617
u128,zmij_x64_v3,unpredictable,,10,2.446362
u128,zmij_x64_v4,unpredictable,,10,2.486123
u128,fmt,unpredictable,,11,7.392393
u128,naive,unpredictable,,11,36.613579
u128,null,unpredictable,,11,1.054850
u128,zmij_scalar,unpredictable,,11,5.009291
u128,zmij_x64_native,unpredictable,,11,2.317521
u128,zmij_x64_v1,unpredictable,,11,3.958252
u128,zmij_x64_v2,unpredictable,,11,2.532854
u128,zmij_x64_v3,unpredictable,,11,2.446816
u128,zmij_x64_v4,unpredictable,,11,2.514793
u128,fmt,unpredictable,,12,7.475937
u128,naive,unpredictable,,12,40.310535
u128,null,unpredictable,,12,1.006880
u128,zmij_scalar,unpredictable,,12,5.017485
u128,zmij_x64_native,unpredictable,,12,2.316375
u128,zmij_x64_v1,unpredictable,,12,3.984972
u128,zmij_x64_v2,unpredictable,,12,2.507869
u128,zmij_x64_v3,unpredictable,,12,2.500869
u128,zmij_x64_v4,unpredictable,,12,2.560140
u128,fmt,unpredictable,,13,7.921499
u128,naive,unpredictable,,13,45.019567
u128,null,unpredictable,,13,0.923338
u128,zmij_scalar,unpredictable,,13,5.099338
u128,zmij_x64_native,unpredictable,,13,2.325486
u128,zmij_x64_v1,unpredictable,,13,3.942799
u128,zmij_x64_v2,unpredictable,,13,2.579363
u128,zmij_x64_v3,unpredictable,,13,2.484755
u128,zmij_x64_v4,unpredictable,,13,2.591371
u128,fmt,unpredictable,,14,8.248484
u128,naive,unpredictable,,14,47.286679
u128,null,unpredictable,,14,1.048520
u128,zmij_scalar,unpredictable,,14,4.937098
u128,zmij_x64_native,unpredictable,,14,2.319207
u128,zmij_x64_v1,unpredictable,,14,3.937028
u128,zmij_x64_v2,unpredictable,,14,2.530717
u128,zmij_x64_v3,unpredictable,,14,2.451555
u128,zmij_x64_v4,unpredictable,,14,2.512959
u128,fmt,unpredictable,,15,8.679630
u128,naive,unpredictable,,15,51.059074
u128,null,unpredictable,,15,0.909532
u128,zmij_scalar,unpredictable,,15,5.007133
u128,zmij_x64_native,unpredictable,,15,2.336651
u128,zmij_x64_v1,unpredictable,,15,3.995417
u128,zmij_x64_v2,unpredictable,,15,2.524452
u128,zmij_x64_v3,unpredictable,,15,2.490526
u128,zmij_x64_v4,unpredictable,,15,2.565457
u128,fmt,unpredictable,,16,8.304750
u128,naive,unpredictable,,16,53.580501
u128,null,unpredictable,,16,0.702823
u128,zmij_scalar,unpredictable,,16,4.943896
u128,zmij_x64_native,unpredictable,,16,2.260973
u128,zmij_x64_v1,unpredictable,,16,3.947768
u128,zmij_x64_v2,unpredictable,,16,2.571935
u128,zmij_x64_v3,unpredictable,,16,2.453745
u128,zmij_x64_v4,unpredictable,,16,2.503443
u128,fmt,unpredictable,,17,8.968009
u128,naive,unpredictable,,17,57.233561
u128,null,unpredictable,,17,0.818858
u128,zmij_scalar,unpredictable,,17,5.060337
u128,zmij_x64_native,unpredictable,,17,2.284499
u128,zmij_x64_v1,unpredictable,,17,3.956350
u128,zmij_x64_v2,unpredictable,,17,2.516800
u128,zmij_x64_v3,unpredictable,,17,2.475026
u128,zmij_x64_v4,unpredictable,,17,2.503163
u128,fmt,unpredictable,,18,9.292590
u128,naive,unpredictable,,18,60.624595
u128,null,unpredictable,,18,0.931089
u128,zmij_scalar,unpredictable,,18,4.907304
u128,zmij_x64_native,unpredictable,,18,2.292191
u128,zmij_x64_v1,unpredictable,,18,3.939851
u128,zmij_x64_v2,unpredictable,,18,2.503711
u128,zmij_x64_v3,unpredictable,,18,2.468443
u128,zmij_x64_v4,unpredictable,,18,2.485425
u128,fmt,unpredictable,,19,9.686355
u128,naive,unpredictable,,19,64.047168
u128,null,unpredictable,,19,0.926692
u128,zmij_scalar,unpredictable,,19,4.976542
u128,zmij_x64_native,unpredictable,,19,2.262199
u128,zmij_x64_v1,unpredictable,,19,3.943079
u128,zmij_x64_v2,unpredictable,,19,2.523820
u128,zmij_x64_v3,unpredictable,,19,2.446286
u128,zmij_x64_v4,unpredictable,,19,2.492477
u128,fmt,unpredictable,,20,17.039644
u128,naive,unpredictable,,20,68.827196
u128,null,unpredictable,,20,0.957816
u128,zmij_scalar,unpredictable,,20,9.594457
u128,zmij_x64_native,unpredictable,,20,3.884736
u128,zmij_x64_v1,unpredictable,,20,5.232998
u128,zmij_x64_v2,unpredictable,,20,4.427009
u128,zmij_x64_v3,unpredictable,,20,3.942485
u128,zmij_x64_v4,unpredictable,,20,3.959653
u128,fmt,unpredictable,,21,16.492680
u128,naive,unpredictable,,21,71.418316
u128,null,unpredictable,,21,0.789680
u128,zmij_scalar,unpredictable,,21,9.461447
u128,zmij_x64_native,unpredictable,,21,3.415774
u128,zmij_x64_v1,unpredictable,,21,4.902825
u128,zmij_x64_v2,unpredictable,,21,3.949878
u128,zmij_x64_v3,unpredictable,,21,3.514145
u128,zmij_x64_v4,unpredictable,,21,3.542406
u128,fmt,unpredictable,,22,16.614989
u128,naive,unpredictable,,22,75.363563
u128,null,unpredictable,,22,0.732459
u128,zmij_scalar,unpredictable,,22,9.441599
u128,zmij_x64_native,unpredictable,,22,3.380293
u128,zmij_x64_v1,unpredictable,,22,4.943600
u128,zmij_x64_v2,unpredictable,,22,3.979281
u128,zmij_x64_v3,unpredictable,,22,3.470450
u128,zmij_x64_v4,unpredictable,,22,3.501871
u128,fmt,unpredictable,,23,17.044778
u128,naive,unpredictable,,23,78.324836
u128,null,unpredictable,,23,0.875561
u128,zmij_scalar,unpredictable,,23,9.426025
u128,zmij_x64_native,unpredictable,,23,3.394969
u128,zmij_x64_v1,unpredictable,,23,4.930937
u128,zmij_x64_v2,unpredictable,,23,3.995984
u128,zmij_x64_v3,unpredictable,,23,3.474579
u128,zmij_x64_v4,unpredictable,,23,3.513184
u128,fmt,unpredictable,,24,17.168733
u128,naive,unpredictable,,24,81.537849
u128,null,unpredictable,,24,0.780662
u128,zmij_scalar,unpredictable,,24,9.622456
u128,zmij_x64_native,unpredictable,,24,3.372383
u128,zmij_x64_v1,unpredictable,,24,4.981202
u128,zmij_x64_v2,unpredictable,,24,3.920017
u128,zmij_x64_v3,unpredictable,,24,3.502266
u128,zmij_x64_v4,unpredictable,,24,3.536557
u128,fmt,unpredictable,,25,17.418962
u128,naive,unpredictable,,25,84.928454
u128,null,unpredictable,,25,1.274861
u128,zmij_scalar,unpredictable,,25,9.581653
u128,zmij_x64_native,unpredictable,,25,3.532771
u128,zmij_x64_v1,unpredictable,,25,5.017202
u128,zmij_x64_v2,unpredictable,,25,4.027652
u128,zmij_x64_v3,unpredictable,,25,3.557340
u128,zmij_x64_v4,unpredictable,,25,3.624906
u128,fmt,unpredictable,,26,17.631641
u128,naive,unpredictable,,26,87.431541
u128,null,unpredictable,,26,1.063888
u128,zmij_scalar,unpredictable,,26,9.556908
u128,zmij_x64_native,unpredictable,,26,3.341331
u128,zmij_x64_v1,unpredictable,,26,4.913285
u128,zmij_x64_v2,unpredictable,,26,3.944789
u128,zmij_x64_v3,unpredictable,,26,3.455941
u128,zmij_x64_v4,unpredictable,,26,3.487909
u128,fmt,unpredictable,,27,17.716510
u128,naive,unpredictable,,27,91.014147
u128,null,unpredictable,,27,1.043198
u128,zmij_scalar,unpredictable,,27,9.423303
u128,zmij_x64_native,unpredictable,,27,3.366777
u128,zmij_x64_v1,unpredictable,,27,4.992095
u128,zmij_x64_v2,unpredictable,,27,3.945081
u128,zmij_x64_v3,unpredictable,,27,3.486107
u128,zmij_x64_v4,unpredictable,,27,3.544476
u128,fmt,unpredictable,,28,18.437360
u128,naive,unpredictable,,28,95.266319
u128,null,unpredictable,,28,1.028312
u128,zmij_scalar,unpredictable,,28,9.422687
u128,zmij_x64_native,unpredictable,,28,3.461433
u128,zmij_x64_v1,unpredictable,,28,4.931592
u128,zmij_x64_v2,unpredictable,,28,4.009659
u128,zmij_x64_v3,unpredictable,,28,3.496690
u128,zmij_x64_v4,unpredictable,,28,3.554055
u128,fmt,unpredictable,,29,18.317180
u128,naive,unpredictable,,29,98.917726
u128,null,unpredictable,,29,0.889146
u128,zmij_scalar,unpredictable,,29,9.381593
u128,zmij_x64_native,unpredictable,,29,3.452113
u128,zmij_x64_v1,unpredictable,,29,4.907768
u128,zmij_x64_v2,unpredictable,,29,3.929920
u128,zmij_x64_v3,unpredictable,,29,3.513011
u128,zmij_x64_v4,unpredictable,,29,3.572034
u128,fmt,unpredictable,,30,18.574531
u128,naive,unpredictable,,30,102.124928
u128,null,unpredictable,,30,0.787741
u128,zmij_scalar,unpredictable,,30,9.339611
u128,zmij_x64_native,unpredictable,,30,3.461573
u128,zmij_x64_v1,unpredictable,,30,4.966244
u128,zmij_x64_v2,unpredictable,,30,3.989911
u128,zmij_x64_v3,unpredictable,,30,3.519661
u128,zmij_x64_v4,unpredictable,,30,3.608548
u128,fmt,unpredictable,,31,18.952970
u128,naive,unpredictable,,31,106.842913
u128,null,unpredictable,,31,0.860587
u128,zmij_scalar,unpredictable,,31,9.510141
u128,zmij_x64_native,unpredictable,,31,3.387271
u128,zmij_x64_v1,unpredictable,,31,4.965672
u128,zmij_x64_v2,unpredictable,,31,4.018485
u128,zmij_x64_v3,unpredictable,,31,3.559046
u128,zmij_x64_v4,unpredictable,,31,3.592940
u128,fmt,unpredictable,,32,19.242287
u128,naive,unpredictable,,32,108.543850
u128,null,unpredictable,,32,0.886007
u128,zmij_scalar,unpredictable,,32,9.407161
u128,zmij_x64_native,unpredictable,,32,3.437115
u128,zmij_x64_v1,unpredictable,,32,5.000063
u128,zmij_x64_v2,unpredictable,,32,3.990767
u128,zmij_x64_v3,unpredictable,,32,3.520174
u128,zmij_x64_v4,unpredictable,,32,3.623918
u128,fmt,unpredictable,,33,19.516431
u128,naive,unpredictable,,33,112.612158
u128,null,unpredictable,,33,0.959331
u128,zmij_scalar,unpredictable,,33,12.922425
u128,zmij_x64_native,unpredictable,,33,5.019847
u128,zmij_x64_v1,unpredictable,,33,6.378337
u128,zmij_x64_v2,unpredictable,,33,5.550248
u128,zmij_x64_v3,unpredictable,,33,5.026208
u128,zmij_x64_v4,unpredictable,,33,5.152618
u128,fmt,unpredictable,,34,19.802598
u128,naive,unpredictable,,34,115.855919
u128,null,unpredictable,,34,0.938602
u128,zmij_scalar,unpredictable,,34,13.126649
u128,zmij_x64_native,unpredictable,,34,5.050211
u128,zmij_x64_v1,unpredictable,,34,6.386483
u128,zmij_x64_v2,unpredictable,,34,5.522219
u128,zmij_x64_v3,unpredictable,,34,5.053216
u128,zmij_x64_v4,unpredictable,,34,5.155025
u128,fmt,unpredictable,,35,19.786105
u128,naive,unpredictable,,35,119.253435
u128,null,unpredictable,,35,0.856974
u128,zmij_scalar,unpredictable,,35,12.873159
u128,zmij_x64_native,unpredictable,,35,4.965914
u128,zmij_x64_v1,unpredictable,,35,6.244166
u128,zmij_x64_v2,unpredictable,,35,5.426362
u128,zmij_x64_v3,unpredictable,,35,4.889883
u128,zmij_x64_v4,unpredictable,,35,5.033174
u128,fmt,unpredictable,,36,20.577776
u128,naive,unpredictable,,36,123.148138
u128,null,unpredictable,,36,0.976447
u128,zmij_scalar,unpredictable,,36,12.845676
u128,zmij_x64_native,unpredictable,,36,4.917998
u128,zmij_x64_v1,unpredictable,,36,6.271646
u128,zmij_x64_v2,unpredictable,,36,5.444885
u128,zmij_x64_v3,unpredictable,,36,4.950752
u128,zmij_x64_v4,unpredictable,,36,5.069029
u128,fmt,unpredictable,,37,20.400936
u128,naive,unpredictable,,37,126.497263
u128,null,unpredictable,,37,0.822124
u128,zmij_scalar,unpredictable,,37,12.956563
u128,zmij_x64_native,unpredictable,,37,4.989210
u128,zmij_x64_v1,unpredictable,,37,6.245671
u128,zmij_x64_v2,unpredictable,,37,5.370835
u128,zmij_x64_v3,unpredictable,,37,5.051085
u128,zmij_x64_v4,unpredictable,,37,5.118924
u128,fmt,unpredictable,,38,21.331065
u128,naive,unpredictable,,38,130.834113
u128,null,unpredictable,,38,0.892629
u128,zmij_scalar,unpredictable,,38,13.034199
u128,zmij_x64_native,unpredictable,,38,5.024084
u128,zmij_x64_v1,unpredictable,,38,6.345795
u128,zmij_x64_v2,unpredictable,,38,5.478521
u128,zmij_x64_v3,unpredictable,,38,4.971586
u128,zmij_x64_v4,unpredictable,,38,5.126467
u128,fmt,unpredictable,,39,27.940115
u128,naive,unpredictable,,39,134.204657
u128,null,unpredictable,,39,0.958882
u128,zmij_scalar,unpredictable,,39,12.981426
u128,zmij_x64_native,unpredictable,,39,4.955004
u128,zmij_x64_v1,unpredictable,,39,6.296774
u128,zmij_x64_v2,unpredictable,,39,5.518829
u128,zmij_x64_v3,unpredictable,,39,4.985775
u128,zmij_x64_v4,unpredictable,,39,5.084904
u128,fmt,admixture,5x6,0,5.009876
u128,naive,admixture,5x6,0,18.014678
u128,null,admixture,5x6,0,0.775990
u128,zmij_scalar,admixture,5x6,0,5.015713
u128,zmij_x64_native,admixture,5x6,0,2.261976
u128,zmij_x64_v1,admixture,5x6,0,3.767562
u128,zmij_x64_v2,admixture,5x6,0,2.509254
u128,zmij_x64_v3,admixture,5x6,0,2.372279
u128,zmij_x64_v4,admixture,5x6,0,2.344599
u128,fmt,admixture,5x6,10,5.796732
u128,naive,admixture,5x6,10,18.286880
u128,null,admixture,5x6,10,0.739944
u128,zmij_scalar,admixture,5x6,10,5.043119
u128,zmij_x64_native,admixture,5x6,10,2.282101
u128,zmij_x64_v1,admixture,5x6,10,3.773986
u128,zmij_x64_v2,admixture,5x6,10,2.537766
u128,zmij_x64_v3,admixture,5x6,10,2.365615
u128,zmij_x64_v4,admixture,5x6,10,2.352422
u128,fmt,admixture,5x6,20,6.611275
u128,naive,admixture,5x6,20,18.629300
u128,null,admixture,5x6,20,0.740343
u128,zmij_scalar,admixture,5x6,20,5.032188
u128,zmij_x64_native,admixture,5x6,20,2.263219
u128,zmij_x64_v1,admixture,5x6,20,3.772416
u128,zmij_x64_v2,admixture,5x6,20,2.524334
u128,zmij_x64_v3,admixture,5x6,20,2.360742
u128,zmij_x64_v4,admixture,5x6,20,2.344057
u128,fmt,admixture,5x6,30,7.493213
u128,naive,admixture,5x6,30,19.046599
u128,null,admixture,5x6,30,0.760761
u128,zmij_scalar,admixture,5x6,30,5.020460
u128,zmij_x64_native,admixture,5x6,30,2.272802
u128,zmij_x64_v1,admixture,5x6,30,3.768931
u128,zmij_x64_v2,admixture,5x6,30,2.511984
u128,zmij_x64_v3,admixture,5x6,30,2.355073
u128,zmij_x64_v4,admixture,5x6,30,2.354285
u128,fmt,admixture,5x6,40,8.275391
u128,naive,admixture,5x6,40,19.343910
u128,null,admixture,5x6,40,0.816811
u128,zmij_scalar,admixture,5x6,40,5.035142
u128,zmij_x64_native,admixture,5x6,40,2.266979
u128,zmij_x64_v1,admixture,5x6,40,3.763410
u128,zmij_x64_v2,admixture,5x6,40,2.523751
u128,zmij_x64_v3,admixture,5x6,40,2.358644
u128,zmij_x64_v4,admixture,5x6,40,2.355945
u128,fmt,admixture,5x6,50,8.682679
u128,naive,admixture,5x6,50,19.184862
u128,null,admixture,5x6,50,0.750502
u128,zmij_scalar,admixture,5x6,50,5.018746
u128,zmij_x64_native,admixture,5x6,50,2.268701
u128,zmij_x64_v1,admixture,5x6,50,3.767430
u128,zmij_x64_v2,admixture,5x6,50,2.527269
u128,zmij_x64_v3,admixture,5x6,50,2.353607
u128,zmij_x64_v4,admixture,5x6,50,2.344745
u128,fmt,admixture,5x6,60,8.401317
u128,naive,admixture,5x6,60,18.337353
u128,null,admixture,5x6,60,0.748481
u128,zmij_scalar,admixture,5x6,60,5.016031
u128,zmij_x64_native,admixture,5x6,60,2.261068
u128,zmij_x64_v1,admixture,5x6,60,3.756954
u128,zmij_x64_v2,admixture,5x6,60,2.510950
u128,zmij_x64_v3,admixture,5x6,60,2.370621
u128,zmij_x64_v4,admixture,5x6,60,2.346075
u128,fmt,admixture,5x6,70,7.506701
u128,naive,admixture,5x6,70,17.206476
u128,null,admixture,5x6,70,0.761832
u128,zmij_scalar,admixture,5x6,70,5.039975
u128,zmij_x64_native,admixture,5x6,70,2.269775
u128,zmij_x64_v1,admixture,5x6,70,3.762620
u128,zmij_x64_v2,admixture,5x6,70,2.516461
u128,zmij_x64_v3,admixture,5x6,70,2.366154
u128,zmij_x64_v4,admixture,5x6,70,2.348440
u128,fmt,admixture,5x6,80,6.613484
u128,naive,admixture,5x6,80,16.221194
u128,null,admixture,5x6,80,0.765852
u128,zmij_scalar,admixture,5x6,80,5.020768
u128,zmij_x64_native,admixture,5x6,80,2.261625
u128,zmij_x64_v1,admixture,5x6,80,3.768608
u128,zmij_x64_v2,admixture,5x6,80,2.520538
u128,zmij_x64_v3,admixture,5x6,80,2.356012
u128,zmij_x64_v4,admixture,5x6,80,2.352195
u128,fmt,admixture,5x6,90,5.741223
u128,naive,admixture,5x6,90,15.348737
u128,null,admixture,5x6,90,0.746766
u128,zmij_scalar,admixture,5x6,90,5.031706
u128,zmij_x64_native,admixture,5x6,90,2.262743
u128,zmij_x64_v1,admixture,5x6,90,3.766112
u128,zmij_x64_v2,admixture,5x6,90,2.518291
u128,zmij_x64_v3,admixture,5x6,90,2.366568
u128,zmij_x64_v4,admixture,5x6,90,2.340629
u128,fmt,admixture,5x6,100,4.951911
u128,naive,admixture,5x6,100,14.459283
u128,null,admixture,5x6,100,0.861070
u128,zmij_scalar,admixture,5x6,100,5.024743
u128,zmij_x64_native,admixture,5x6,100,2.271397
u128,zmij_x64_v1,admixture,5x6,100,3.781514
u128,zmij_x64_v2,admixture,5x6,100,2.531598
u128,zmij_x64_v3,admixture,5x6,100,2.358664
u128,zmij_x64_v4,admixture,5x6,100,2.353165
u128,fmt,admixture,straddle64,0,16.776591
u128,naive,admixture,straddle64,0,75.540231
u128,null,admixture,straddle64,0,0.750133
u128,zmij_scalar,admixture,straddle64,0,8.850460
u128,zmij_x64_native,admixture,straddle64,0,3.679000
u128,zmij_x64_v1,admixture,straddle64,0,5.221699
u128,zmij_x64_v2,admixture,straddle64,0,4.091417
u128,zmij_x64_v3,admixture,straddle64,0,3.706864
u128,zmij_x64_v4,admixture,straddle64,0,3.684356
u128,fmt,admixture,straddle64,10,16.872934
u128,naive,admixture,straddle64,10,75.227068
u128,null,admixture,straddle64,10,0.762779
u128,zmij_scalar,admixture,straddle64,10,8.902610
u128,zmij_x64_native,admixture,straddle64,10,3.898709
u128,zmij_x64_v1,admixture,straddle64,10,5.399391
u128,zmij_x64_v2,admixture,straddle64,10,4.333748
u128,zmij_x64_v3,admixture,straddle64,10,3.916877
u128,zmij_x64_v4,admixture,straddle64,10,3.895209
u128,fmt,admixture,straddle64,20,17.117673
u128,naive,admixture,straddle64,20,74.856758
u128,null,admixture,straddle64,20,0.770271
u128,zmij_scalar,admixture,straddle64,20,8.883663
u128,zmij_x64_native,admixture,straddle64,20,4.043275
u128,zmij_x64_v1,admixture,straddle64,20,5.538007
u128,zmij_x64_v2,admixture,straddle64,20,4.532220
u128,zmij_x64_v3,admixture,straddle64,20,4.115721
u128,zmij_x64_v4,admixture,straddle64,20,4.085951
u128,fmt,admixture,straddle64,30,17.478797
u128,naive,admixture,straddle64,30,74.482557
u128,null,admixture,straddle64,30,0.781579
u128,zmij_scalar,admixture,straddle64,30,8.935513
u128,zmij_x64_native,admixture,straddle64,30,4.245521
u128,zmij_x64_v1,admixture,straddle64,30,5.677026
u128,zmij_x64_v2,admixture,straddle64,30,4.829103
u128,zmij_x64_v3,admixture,straddle64,30,4.381392
u128,zmij_x64_v4,admixture,straddle64,30,4.354607
u128,fmt,admixture,straddle64,40,17.953831
u128,naive,admixture,straddle64,40,74.105341
u128,null,admixture,straddle64,40,0.865568
u128,zmij_scalar,admixture,straddle64,40,8.866457
u128,zmij_x64_native,admixture,straddle64,40,4.527765
u128,zmij_x64_v1,admixture,straddle64,40,5.881063
u128,zmij_x64_v2,admixture,straddle64,40,5.186720
u128,zmij_x64_v3,admixture,straddle64,40,4.715308
u128,zmij_x64_v4,admixture,straddle64,40,4.679420
u128,fmt,admixture,straddle64,50,18.095953
u128,naive,admixture,straddle64,50,73.715487
u128,null,admixture,straddle64,50,0.815882
u128,zmij_scalar,admixture,straddle64,50,8.583558
u128,zmij_x64_native,admixture,straddle64,50,4.727215
u128,zmij_x64_v1,admixture,straddle64,50,6.096890
u128,zmij_x64_v2,admixture,straddle64,50,5.363633
u128,zmij_x64_v3,admixture,straddle64,50,4.925818
u128,zmij_x64_v4,admixture,straddle64,50,4.854339
u128,fmt,admixture,straddle64,60,17.818794
u128,naive,admixture,straddle64,60,73.263042
u128,null,admixture,straddle64,60,0.779918
u128,zmij_scalar,admixture,straddle64,60,7.853528
u128,zmij_x64_native,admixture,straddle64,60,4.351001
u128,zmij_x64_v1,admixture,straddle64,60,5.768697
u128,zmij_x64_v2,admixture,straddle64,60,4.961411
u128,zmij_x64_v3,admixture,straddle64,60,4.552595
u128,zmij_x64_v4,admixture,straddle64,60,4.482834
u128,fmt,admixture,straddle64,70,17.117812
u128,naive,admixture,straddle64,70,72.114247
u128,null,admixture,straddle64,70,0.820484
u128,zmij_scalar,admixture,straddle64,70,6.974178
u128,zmij_x64_native,admixture,straddle64,70,3.784991
u128,zmij_x64_v1,admixture,straddle64,70,5.276048
u128,zmij_x64_v2,admixture,straddle64,70,4.242540
u128,zmij_x64_v3,admixture,straddle64,70,3.947888
u128,zmij_x64_v4,admixture,straddle64,70,3.880980
u128,fmt,admixture,straddle64,80,16.269850
u128,naive,admixture,straddle64,80,70.924655
u128,null,admixture,straddle64,80,0.743521
u128,zmij_scalar,admixture,straddle64,80,6.271741
u128,zmij_x64_native,admixture,straddle64,80,3.200686
u128,zmij_x64_v1,admixture,straddle64,80,4.722001
u128,zmij_x64_v2,admixture,straddle64,80,3.600728
u128,zmij_x64_v3,admixture,straddle64,80,3.347132
u128,zmij_x64_v4,admixture,straddle64,80,3.309436
u128,fmt,admixture,straddle64,90,15.569229
u128,naive,admixture,straddle64,90,69.698063
u128,null,admixture,straddle64,90,0.764793
u128,zmij_scalar,admixture,straddle64,90,5.639427
u128,zmij_x64_native,admixture,straddle64,90,2.747127
u128,zmij_x64_v1,admixture,straddle64,90,4.241041
u128,zmij_x64_v2,admixture,straddle64,90,3.054734
u128,zmij_x64_v3,admixture,straddle64,90,2.868129
u128,zmij_x64_v4,admixture,straddle64,90,2.839357
u128,fmt,admixture,straddle64,100,14.573514
u128,naive,admixture,straddle64,100,67.999465
u128,null,admixture,straddle64,100,0.730079
u128,zmij_scalar,admixture,straddle64,100,5.191277
u128,zmij_x64_native,admixture,straddle64,100,2.257972
u128,zmij_x64_v1,admixture,straddle64,100,3.755766
u128,zmij_x64_v2,admixture,straddle64,100,2.511950
u128,zmij_x64_v3,admixture,straddle64,100,2.350735
u128,zmij_x64_v4,admixture,straddle64,100,2.337547
u128,fmt,admixture,straddle1e32,0,20.204541
u128,naive,admixture,straddle1e32,0,116.187591
u128,null,admixture,straddle1e32,0,0.742486
u128,zmij_scalar,admixture,straddle1e32,0,11.590360
u128,zmij_x64_native,admixture,straddle1e32,0,4.331294
u128,zmij_x64_v1,admixture,straddle1e32,0,5.740565
u128,zmij_x64_v2,admixture,straddle1e32,0,4.674153
u128,zmij_x64_v3,admixture,straddle1e32,0,4.371997
u128,zmij_x64_v4,admixture,straddle1e32,0,4.346565
u128,fmt,admixture,straddle1e32,10,20.988204
u128,naive,admixture,straddle1e32,10,116.334199
u128,null,admixture,straddle1e32,10,0.810596
u128,zmij_scalar,admixture,straddle1e32,10,11.709720
u128,zmij_x64_native,admixture,straddle1e32,10,4.791118
u128,zmij_x64_v1,admixture,straddle1e32,10,6.172451
u128,zmij_x64_v2,admixture,straddle1e32,10,5.131801
u128,zmij_x64_v3,admixture,straddle1e32,10,4.805637
u128,zmij_x64_v4,admixture,straddle1e32,10,4.746999
u128,fmt,admixture,straddle1e32,20,21.715407
u128,naive,admixture,straddle1e32,20,116.589102
u128,null,admixture,straddle1e32,20,0.759696
u128,zmij_scalar,admixture,straddle1e32,20,11.693587
u128,zmij_x64_native,admixture,straddle1e32,20,5.198891
u128,zmij_x64_v1,admixture,straddle1e32,20,6.497075
u128,zmij_x64_v2,admixture,straddle1e32,20,5.474307
u128,zmij_x64_v3,admixture,straddle1e32,20,5.198425
u128,zmij_x64_v4,admixture,straddle1e32,20,5.090621
u128,fmt,admixture,straddle1e32,30,22.321491
u128,naive,admixture,straddle1e32,30,116.471184
u128,null,admixture,straddle1e32,30,0.845474
u128,zmij_scalar,admixture,straddle1e32,30,11.728997
u128,zmij_x64_native,admixture,straddle1e32,30,5.600677
u128,zmij_x64_v1,admixture,straddle1e32,30,6.872100
u128,zmij_x64_v2,admixture,straddle1e32,30,5.893325
u128,zmij_x64_v3,admixture,straddle1e32,30,5.558806
u128,zmij_x64_v4,admixture,straddle1e32,30,5.508879
u128,fmt,admixture,straddle1e32,40,22.730944
u128,naive,admixture,straddle1e32,40,116.611591
u128,null,admixture,straddle1e32,40,0.733119
u128,zmij_scalar,admixture,straddle1e32,40,11.725891
u128,zmij_x64_native,admixture,straddle1e32,40,6.112288
u128,zmij_x64_v1,admixture,straddle1e32,40,7.300246
u128,zmij_x64_v2,admixture,straddle1e32,40,6.248310
u128,zmij_x64_v3,admixture,straddle1e32,40,6.072278
u128,zmij_x64_v4,admixture,straddle1e32,40,5.970930
u128,fmt,admixture,straddle1e32,50,23.060199
u128,naive,admixture,straddle1e32,50,115.684754
u128,null,admixture,straddle1e32,50,0.783841
u128,zmij_scalar,admixture,straddle1e32,50,11.443726
u128,zmij_x64_native,admixture,straddle1e32,50,6.340143
u128,zmij_x64_v1,admixture,straddle1e32,50,7.518755
u128,zmij_x64_v2,admixture,straddle1e32,50,6.449443
u128,zmij_x64_v3,admixture,straddle1e32,50,6.301879
u128,zmij_x64_v4,admixture,straddle1e32,50,6.141220
u128,fmt,admixture,straddle1e32,60,22.207273
u128,naive,admixture,straddle1e32,60,113.722222
u128,null,admixture,straddle1e32,60,0.830284
u128,zmij_scalar,admixture,straddle1e32,60,10.972328
u128,zmij_x64_native,admixture,straddle1e32,60,5.947872
u128,zmij_x64_v1,admixture,straddle1e32,60,7.169279
u128,zmij_x64_v2,admixture,straddle1e32,60,6.060184
u128,zmij_x64_v3,admixture,straddle1e32,60,5.965006
u128,zmij_x64_v4,admixture,straddle1e32,60,5.765606
u128,fmt,admixture,straddle1e32,70,21.431369
u128,naive,admixture,straddle1e32,70,112.146502
u128,null,admixture,straddle1e32,70,0.738073
u128,zmij_scalar,admixture,straddle1e32,70,10.358888
u128,zmij_x64_native,admixture,straddle1e32,70,5.325518
u128,zmij_x64_v1,admixture,straddle1e32,70,6.602808
u128,zmij_x64_v2,admixture,straddle1e32,70,5.600659
u128,zmij_x64_v3,admixture,straddle1e32,70,5.371175
u128,zmij_x64_v4,admixture,straddle1e32,70,5.255087
u128,fmt,admixture,straddle1e32,80,20.650701
u128,naive,admixture,straddle1e32,80,111.325827
u128,null,admixture,straddle1e32,80,0.749403
u128,zmij_scalar,admixture,straddle1e32,80,9.833735
u128,zmij_x64_native,admixture,straddle1e32,80,4.744814
u128,zmij_x64_v1,admixture,straddle1e32,80,6.101395
u128,zmij_x64_v2,admixture,straddle1e32,80,5.067353
u128,zmij_x64_v3,admixture,straddle1e32,80,4.771434
u128,zmij_x64_v4,admixture,straddle1e32,80,4.623748
u128,fmt,admixture,straddle1e32,90,19.747057
u128,naive,admixture,straddle1e32,90,110.098793
u128,null,admixture,straddle1e32,90,0.809349
u128,zmij_scalar,admixture,straddle1e32,90,9.339606
u128,zmij_x64_native,admixture,straddle1e32,90,4.211881
u128,zmij_x64_v1,admixture,straddle1e32,90,5.706352
u128,zmij_x64_v2,admixture,straddle1e32,90,4.604745
u128,zmij_x64_v3,admixture,straddle1e32,90,4.230246
u128,zmij_x64_v4,admixture,straddle1e32,90,4.175452
u128,fmt,admixture,straddle1e32,100,19.033836
u128,naive,admixture,straddle1e32,100,108.865113
u128,null,admixture,straddle1e32,100,0.782078
u128,zmij_scalar,admixture,straddle1e32,100,8.836111
u128,zmij_x64_native,admixture,straddle1e32,100,3.686929
u128,zmij_x64_v1,admixture,straddle1e32,100,5.228671
u128,zmij_x64_v2,admixture,straddle1e32,100,4.098558
u128,zmij_x64_v3,admixture,straddle1e32,100,3.715125
u128,zmij_x64_v4,admixture,straddle1e32,100,3.685343
i128,fmt,bylength,,1,7.079518
i128,naive,bylength,,1,5.546494
i128,null,bylength,,1,1.023505
i128,zmij_scalar,bylength,,1,5.241028
i128,zmij_x64_native,bylength,,1,2.606391
i128,zmij_x64_v1,bylength,,1,4.293354
i128,zmij_x64_v2,bylength,,1,3.544565
i128,zmij_x64_v3,bylength,,1,2.712301
i128,zmij_x64_v4,bylength,,1,2.708290
i128,fmt,bylength,,2,7.253704
i128,naive,bylength,,2,7.333218
i128,null,bylength,,2,1.143112
i128,zmij_scalar,bylength,,2,5.218208
i128,zmij_x64_native,bylength,,2,2.599889
i128,zmij_x64_v1,bylength,,2,4.288342
i128,zmij_x64_v2,bylength,,2,3.543915
i128,zmij_x64_v3,bylength,,2,2.714687
i128,zmij_x64_v4,bylength,,2,2.701513
i128,fmt,bylength,,3,7.183139
i128,naive,bylength,,3,10.021221
i128,null,bylength,,3,1.181317
i128,zmij_scalar,bylength,,3,5.256280
i128,zmij_x64_native,bylength,,3,2.620608
i128,zmij_x64_v1,bylength,,3,4.304652
i128,zmij_x64_v2,bylength,,3,3.551755
i128,zmij_x64_v3,bylength,,3,2.705997
i128,zmij_x64_v4,bylength,,3,2.711701
i128,fmt,bylength,,4,7.215196
i128,naive,bylength,,4,13.009555
i128,null,bylength,,4,1.137007
i128,zmij_scalar,bylength,,4,5.245645
i128,zmij_x64_native,bylength,,4,2.613693
i128,zmij_x64_v1,bylength,,4,4.305665
i128,zmij_x64_v2,bylength,,4,3.549557
i128,zmij_x64_v3,bylength,,4,2.727639
i128,zmij_x64_v4,bylength,,4,2.710149
i128,fmt,bylength,,5,7.547953
i128,naive,bylength,,5,16.926860
i128,null,bylength,,5,1.215700
i128,zmij_scalar,bylength,,5,5.268517
i128,zmij_x64_native,bylength,,5,2.621872
i128,zmij_x64_v1,bylength,,5,4.283811
i128,zmij_x64_v2,bylength,,5,3.554772
i128,zmij_x64_v3,bylength,,5,2.708989
i128,zmij_x64_v4,bylength,,5,2.716708
i128,fmt,bylength,,6,7.632759
i128,naive,bylength,,6,20.200397
i128,null,bylength,,6,1.188607
i128,zmij_scalar,bylength,,6,5.232419
i128,zmij_x64_native,bylength,,6,2.607088
i128,zmij_x64_v1,bylength,,6,4.305312
i128,zmij_x64_v2,bylength,,6,3.555102
i128,zmij_x64_v3,bylength,,6,2.723685
i128,zmij_x64_v4,bylength,,6,2.725723
i128,fmt,bylength,,7,8.062164
i128,naive,bylength,,7,23.928077
i128,null,bylength,,7,1.156850
i128,zmij_scalar,bylength,,7,5.213773
i128,zmij_x64_native,bylength,,7,2.603129
i128,zmij_x64_v1,bylength,,7,4.282987
i128,zmij_x64_v2,bylength,,7,3.551578
i128,zmij_x64_v3,bylength,,7,2.718458
i128,zmij_x64_v4,bylength,,7,2.709609
i128,fmt,bylength,,8,8.039193
i128,naive,bylength,,8,26.405669
i128,null,bylength,,8,1.116847
i128,zmij_scalar,bylength,,8,5.219947
i128,zmij_x64_native,bylength,,8,2.590145
i128,zmij_x64_v1,bylength,,8,4.253656
i128,zmij_x64_v2,bylength,,8,3.548836
i128,zmij_x64_v3,bylength,,8,2.710633
i128,zmij_x64_v4,bylength,,8,2.710977
i128,fmt,bylength,,9,8.419942
i128,naive,bylength,,9,30.119007
i128,null,bylength,,9,1.058120
i128,zmij_scalar,bylength,,9,5.411531
i128,zmij_x64_native,bylength,,9,2.594340
i128,zmij_x64_v1,bylength,,9,4.292222
i128,zmij_x64_v2,bylength,,9,3.519292
i128,zmij_x64_v3,bylength,,9,2.705461
i128,zmij_x64_v4,bylength,,9,2.715589
i128,fmt,bylength,,10,8.458128
i128,naive,bylength,,10,34.186175
i128,null,bylength,,10,1.082203
i128,zmij_scalar,bylength,,10,5.439970
i128,zmij_x64_native,bylength,,10,2.594651
i128,zmij_x64_v1,bylength,,10,4.296558
i128,zmij_x64_v2,bylength,,10,3.543671
i128,zmij_x64_v3,bylength,,10,2.716260
i128,zmij_x64_v4,bylength,,10,2.705750
i128,fmt,bylength,,11,8.826501
i128,naive,bylength,,11,37.846399
i128,null,bylength,,11,1.155836
i128,zmij_scalar,bylength,,11,5.427220
i128,zmij_x64_native,bylength,,11,2.600491
i128,zmij_x64_v1,bylength,,11,4.273832
i128,zmij_x64_v2,bylength,,11,3.549072
i128,zmij_x64_v3,bylength,,11,2.712857
i128,zmij_x64_v4,bylength,,11,2.710745
i128,fmt,bylength,,12,8.858791
i128,naive,bylength,,12,41.379336
i128,null,bylength,,12,1.227016
i128,zmij_scalar,bylength,,12,5.411873
i128,zmij_x64_native,bylength,,12,2.598292
i128,zmij_x64_v1,bylength,,12,4.310837
i128,zmij_x64_v2,bylength,,12,3.569858
i128,zmij_x64_v3,bylength,,12,2.721511
i128,zmij_x64_v4,bylength,,12,2.712419
i128,fmt,bylength,,13,9.251986
i128,naive,bylength,,13,45.222002
i128,null,bylength,,13,1.025163
i128,zmij_scalar,bylength,,13,5.403844
i128,zmij_x64_native,bylength,,13,2.608241
i128,zmij_x64_v1,bylength,,13,4.292155
i128,zmij_x64_v2,bylength,,13,3.547674
i128,zmij_x64_v3,bylength,,13,2.715441
i128,zmij_x64_v4,bylength,,13,2.684921
i128,fmt,bylength,,14,9.288639
i128,naive,bylength,,14,48.716174
i128,null,bylength,,14,1.193283
i128,zmij_scalar,bylength,,14,5.396175
i128,zmij_x64_native,bylength,,14,2.607563
i128,zmij_x64_v1,bylength,,14,4.273604
i128,zmij_x64_v2,bylength,,14,3.541363
i128,zmij_x64_v3,bylength,,14,2.717730
i128,zmij_x64_v4,bylength,,14,2.708165
i128,fmt,bylength,,15,9.884619
i128,naive,bylength,,15,52.496745
i128,null,bylength,,15,1.240585
i128,zmij_scalar,bylength,,15,5.401284
i128,zmij_x64_native,bylength,,15,2.597015
i128,zmij_x64_v1,bylength,,15,4.279919
i128,zmij_x64_v2,bylength,,15,3.545056
i128,zmij_x64_v3,bylength,,15,2.706099
i128,zmij_x64_v4,bylength,,15,2.699843
i128,fmt,bylength,,16,9.955116
i128,naive,bylength,,16,54.458676
i128,null,bylength,,16,1.195319
i128,zmij_scalar,bylength,,16,5.390372
i128,zmij_x64_native,bylength,,16,2.598221
i128,zmij_x64_v1,bylength,,16,4.289482
i128,zmij_x64_v2,bylength,,16,3.548037
i128,zmij_x64_v3,bylength,,16,2.708752
i128,zmij_x64_v4,bylength,,16,2.708386
i128,fmt,bylength,,17,10.510669
i128,naive,bylength,,17,58.267043
i128,null,bylength,,17,1.153383
i128,zmij_scalar,bylength,,17,5.414375
i128,zmij_x64_native,bylength,,17,2.616077
i128,zmij_x64_v1,bylength,,17,4.301301
i128,zmij_x64_v2,bylength,,17,3.552348
i128,zmij_x64_v3,bylength,,17,2.715101
i128,zmij_x64_v4,bylength,,17,2.712531
i128,fmt,bylength,,18,10.479174
i128,naive,bylength,,18,62.043715
i128,null,bylength,,18,1.111958
i128,zmij_scalar,bylength,,18,5.413571
i128,zmij_x64_native,bylength,,18,2.605606
i128,zmij_x64_v1,bylength,,18,4.277359
i128,zmij_x64_v2,bylength,,18,3.551233
i128,zmij_x64_v3,bylength,,18,2.713975
i128,zmij_x64_v4,bylength,,18,2.699228
i128,fmt,bylength,,19,11.165569
i128,naive,bylength,,19,65.806828
i128,null,bylength,,19,1.089636
i128,zmij_scalar,bylength,,19,5.831731
i128,zmij_x64_native,bylength,,19,3.066754
i128,zmij_x64_v1,bylength,,19,4.684916
i128,zmij_x64_v2,bylength,,19,3.825830
i128,zmij_x64_v3,bylength,,19,3.164538
i128,zmij_x64_v4,bylength,,19,3.158093
i128,fmt,bylength,,20,16.749017
i128,naive,bylength,,20,69.482645
i128,null,bylength,,20,1.221939
i128,zmij_scalar,bylength,,20,9.376594
i128,zmij_x64_native,bylength,,20,4.279247
i128,zmij_x64_v1,bylength,,20,5.681222
i128,zmij_x64_v2,bylength,,20,4.969792
i128,zmij_x64_v3,bylength,,20,4.224185
i128,zmij_x64_v4,bylength,,20,4.253581
i128,fmt,bylength,,21,17.027874
i128,naive,bylength,,21,73.453588
i128,null,bylength,,21,1.255076
i128,zmij_scalar,bylength,,21,9.361065
i128,zmij_x64_native,bylength,,21,4.293387
i128,zmij_x64_v1,bylength,,21,5.699271
i128,zmij_x64_v2,bylength,,21,4.953167
i128,zmij_x64_v3,bylength,,21,4.206315
i128,zmij_x64_v4,bylength,,21,4.259301
i128,fmt,bylength,,22,17.824906
i128,naive,bylength,,22,77.238748
i128,null,bylength,,22,1.207428
i128,zmij_scalar,bylength,,22,9.403582
i128,zmij_x64_native,bylength,,22,4.280043
i128,zmij_x64_v1,bylength,,22,5.746453
i128,zmij_x64_v2,bylength,,22,5.008769
i128,zmij_x64_v3,bylength,,22,4.245368
i128,zmij_x64_v4,bylength,,22,4.254070
i128,fmt,bylength,,23,17.742603
i128,naive,bylength,,23,80.410300
i128,null,bylength,,23,1.171151
i128,zmij_scalar,bylength,,23,9.386058
i128,zmij_x64_native,bylength,,23,4.311925
i128,zmij_x64_v1,bylength,,23,5.708425
i128,zmij_x64_v2,bylength,,23,4.973629
i128,zmij_x64_v3,bylength,,23,4.245740
i128,zmij_x64_v4,bylength,,23,4.268157
i128,fmt,bylength,,24,18.331711
i128,naive,bylength,,24,82.799700
i128,null,bylength,,24,1.251169
i128,zmij_scalar,bylength,,24,9.368819
i128,zmij_x64_native,bylength,,24,4.275816
i128,zmij_x64_v1,bylength,,24,5.680425
i128,zmij_x64_v2,bylength,,24,4.964603
i128,zmij_x64_v3,bylength,,24,4.219491
i128,zmij_x64_v4,bylength,,24,4.243599
i128,fmt,bylength,,25,18.710009
i128,naive,bylength,,25,86.613271
i128,null,bylength,,25,1.179347
i128,zmij_scalar,bylength,,25,9.390205
i128,zmij_x64_native,bylength,,25,4.281418
i128,zmij_x64_v1,bylength,,25,5.706106
i128,zmij_x64_v2,bylength,,25,4.977120
i128,zmij_x64_v3,bylength,,25,4.221171
i128,zmij_x64_v4,bylength,,25,4.254944
i128,fmt,bylength,,26,19.321764
i128,naive,bylength,,26,90.021175
i128,null,bylength,,26,1.114711
i128,zmij_scalar,bylength,,26,9.358338
i128,zmij_x64_native,bylength,,26,4.280381
i128,zmij_x64_v1,bylength,,26,5.688067
i128,zmij_x64_v2,bylength,,26,4.982737
i128,zmij_x64_v3,bylength,,26,4.243880
i128,zmij_x64_v4,bylength,,26,4.261319
i128,fmt,bylength,,27,19.272929
i128,naive,bylength,,27,94.167345
i128,null,bylength,,27,1.145126
i128,zmij_scalar,bylength,,27,9.489559
i128,zmij_x64_native,bylength,,27,4.324201
i128,zmij_x64_v1,bylength,,27,5.731212
i128,zmij_x64_v2,bylength,,27,5.002566
i128,zmij_x64_v3,bylength,,27,4.253130
i128,zmij_x64_v4,bylength,,27,4.285155
i128,fmt,bylength,,28,20.137154
i128,naive,bylength,,28,97.560708
i128,null,bylength,,28,1.242226
i128,zmij_scalar,bylength,,28,9.361735
i128,zmij_x64_native,bylength,,28,4.274118
i128,zmij_x64_v1,bylength,,28,5.673254
i128,zmij_x64_v2,bylength,,28,4.956371
i128,zmij_x64_v3,bylength,,28,4.215693
i128,zmij_x64_v4,bylength,,28,4.248842
i128,fmt,bylength,,29,20.132408
i128,naive,bylength,,29,101.236364
i128,null,bylength,,29,1.045406
i128,zmij_scalar,bylength,,29,9.372604
i128,zmij_x64_native,bylength,,29,4.306610
i128,zmij_x64_v1,bylength,,29,5.715356
i128,zmij_x64_v2,bylength,,29,4.977996
i128,zmij_x64_v3,bylength,,29,4.230732
i128,zmij_x64_v4,bylength,,29,4.271642
i128,fmt,bylength,,30,20.602311
i128,naive,bylength,,30,104.814880
i128,null,bylength,,30,1.098494
i128,zmij_scalar,bylength,,30,9.348097
i128,zmij_x64_native,bylength,,30,4.301207
i128,zmij_x64_v1,bylength,,30,5.701225
i128,zmij_x64_v2,bylength,,30,4.961717
i128,zmij_x64_v3,bylength,,30,4.240353
i128,zmij_x64_v4,bylength,,30,4.260726
i128,fmt,bylength,,31,20.720006
i128,naive,bylength,,31,108.927940
i128,null,bylength,,31,1.083152
i128,zmij_scalar,bylength,,31,9.368786
i128,zmij_x64_native,bylength,,31,4.305508
i128,zmij_x64_v1,bylength,,31,5.719224
i128,zmij_x64_v2,bylength,,31,4.928260
i128,zmij_x64_v3,bylength,,31,4.245494
i128,zmij_x64_v4,bylength,,31,4.268936
i128,fmt,bylength,,32,21.230860
i128,naive,bylength,,32,111.095849
i128,null,bylength,,32,1.252758
i128,zmij_scalar,bylength,,32,9.362050
i128,zmij_x64_native,bylength,,32,4.294045
i128,zmij_x64_v1,bylength,,32,5.697427
i128,zmij_x64_v2,bylength,,32,4.989702
i128,zmij_x64_v3,bylength,,32,4.247643
i128,zmij_x64_v4,bylength,,32,4.258321
i128,fmt,bylength,,33,21.526628
i128,naive,bylength,,33,114.654582
i128,null,bylength,,33,1.046991
i128,zmij_scalar,bylength,,33,11.206750
i128,zmij_x64_native,bylength,,33,4.891499
i128,zmij_x64_v1,bylength,,33,6.192391
i128,zmij_x64_v2,bylength,,33,5.765265
i128,zmij_x64_v3,bylength,,33,4.923252
i128,zmij_x64_v4,bylength,,33,4.970349
i128,fmt,bylength,,34,22.079914
i128,naive,bylength,,34,118.484113
i128,null,bylength,,34,1.225507
i128,zmij_scalar,bylength,,34,11.219698
i128,zmij_x64_native,bylength,,34,4.885459
i128,zmij_x64_v1,bylength,,34,6.184169
i128,zmij_x64_v2,bylength,,34,5.823796
i128,zmij_x64_v3,bylength,,34,4.956149
i128,zmij_x64_v4,bylength,,34,5.001712
i128,fmt,bylength,,35,22.101564
i128,naive,bylength,,35,122.173722
i128,null,bylength,,35,1.113038
i128,zmij_scalar,bylength,,35,11.208363
i128,zmij_x64_native,bylength,,35,4.898298
i128,zmij_x64_v1,bylength,,35,6.208510
i128,zmij_x64_v2,bylength,,35,5.814368
i128,zmij_x64_v3,bylength,,35,4.923276
i128,zmij_x64_v4,bylength,,35,4.962137
i128,fmt,bylength,,36,22.850889
i128,naive,bylength,,36,126.675804
i128,null,bylength,,36,1.218806
i128,zmij_scalar,bylength,,36,11.278206
i128,zmij_x64_native,bylength,,36,4.919125
i128,zmij_x64_v1,bylength,,36,6.233736
i128,zmij_x64_v2,bylength,,36,5.793765
i128,zmij_x64_v3,bylength,,36,4.948804
i128,zmij_x64_v4,bylength,,36,4.993626
i128,fmt,bylength,,37,22.737773
i128,naive,bylength,,37,129.693840
i128,null,bylength,,37,1.123978
i128,zmij_scalar,bylength,,37,11.214278
i128,zmij_x64_native,bylength,,37,4.898230
i128,zmij_x64_v1,bylength,,37,6.214829
i128,zmij_x64_v2,bylength,,37,5.796080
i128,zmij_x64_v3,bylength,,37,4.934072
i128,zmij_x64_v4,bylength,,37,4.966553
i128,fmt,bylength,,38,23.325144
i128,naive,bylength,,38,133.188789
i128,null,bylength,,38,1.239516
i128,zmij_scalar,bylength,,38,11.278654
i128,zmij_x64_native,bylength,,38,4.904212
i128,zmij_x64_v1,bylength,,38,6.211613
i128,zmij_x64_v2,bylength,,38,5.834528
i128,zmij_x64_v3,bylength,,38,4.937498
i128,zmij_x64_v4,bylength,,38,4.984175
i128,fmt,bylength,,39,23.329158
i128,naive,bylength,,39,136.630944
i128,null,bylength,,39,1.160135
i128,zmij_scalar,bylength,,39,11.215630
i128,zmij_x64_native,bylength,,39,4.879286
i128,zmij_x64_v1,bylength,,39,6.185513
i128,zmij_x64_v2,bylength,,39,5.761643
i128,zmij_x64_v3,bylength,,39,4.914951
i128,zmij_x64_v4,bylength,,39,4.942901
i128,fmt,loguniform,1-39,39,24.823165
i128,naive,loguniform,1-39,39,76.760427
i128,null,loguniform,1-39,39,1.145160
i128,zmij_scalar,loguniform,1-39,39,9.969689
i128,zmij_x64_native,loguniform,1-39,39,6.578994
i128,zmij_x64_v1,loguniform,1-39,39,7.511182
i128,zmij_x64_v2,loguniform,1-39,39,7.701934
i128,zmij_x64_v3,loguniform,1-39,39,6.621616
i128,zmij_x64_v4,loguniform,1-39,39,6.565925
i128,fmt,loguniform,1-4,4,11.898628
i128,naive,loguniform,1-4,4,13.100314
i128,null,loguniform,1-4,4,1.223814
i128,zmij_scalar,loguniform,1-4,4,5.267189
i128,zmij_x64_native,loguniform,1-4,4,2.584517
i128,zmij_x64_v1,loguniform,1-4,4,4.256438
i128,zmij_x64_v2,loguniform,1-4,4,3.531220
i128,zmij_x64_v3,loguniform,1-4,4,2.697021
i128,zmij_x64_v4,loguniform,1-4,4,2.690417
i128,fmt,uniform,0-255,0,6.970531
i128,naive,uniform,0-255,0,8.711753
i128,null,uniform,0-255,0,1.198369
i128,zmij_scalar,uniform,0-255,0,5.257468
i128,zmij_x64_native,uniform,0-255,0,2.623751
i128,zmij_x64_v1,uniform,0-255,0,4.320472
i128,zmij_x64_v2,uniform,0-255,0,3.583827
i128,zmij_x64_v3,uniform,0-255,0,2.730639
i128,zmij_x64_v4,uniform,0-255,0,2.726077
i128,fmt,unpredictable,,1,8.793594
i128,naive,unpredictable,,1,8.446667
i128,null,unpredictable,,1,1.082669
i128,zmij_scalar,unpredictable,,1,5.073869
i128,zmij_x64_native,unpredictable,,1,2.769616
i128,zmij_x64_v1,unpredictable,,1,4.442820
i128,zmij_x64_v2,unpredictable,,1,2.988219
i128,zmij_x64_v3,unpredictable,,1,2.812346
i128,zmij_x64_v4,unpredictable,,1,2.783373
i128,fmt,unpredictable,,2,9.160056
i128,naive,unpredictable,,2,9.833921
i128,null,unpredictable,,2,1.341278
i128,zmij_scalar,unpredictable,,2,5.045224
i128,zmij_x64_native,unpredictable,,2,2.757205
i128,zmij_x64_v1,unpredictable,,2,4.493953
i128,zmij_x64_v2,unpredictable,,2,2.940431
i128,zmij_x64_v3,unpredictable,,2,2.737867
i128,zmij_x64_v4,unpredictable,,2,2.701427
i128,fmt,unpredictable,,3,8.775074
i128,naive,unpredictable,,3,13.050965
i128,null,unpredictable,,3,1.025855
i128,zmij_scalar,unpredictable,,3,5.085360
i128,zmij_x64_native,unpredictable,,3,2.806525
i128,zmij_x64_v1,unpredictable,,3,4.555367
i128,zmij_x64_v2,unpredictable,,3,2.935491
i128,zmij_x64_v3,unpredictable,,3,2.744792
i128,zmij_x64_v4,unpredictable,,3,2.689194
i128,fmt,unpredictable,,4,8.707685
i128,naive,unpredictable,,4,15.733174
i128,null,unpredictable,,4,1.244267
i128,zmij_scalar,unpredictable,,4,5.044657
i128,zmij_x64_native,unpredictable,,4,2.801566
i128,zmij_x64_v1,unpredictable,,4,4.545503
i128,zmij_x64_v2,unpredictable,,4,2.923738
i128,zmij_x64_v3,unpredictable,,4,2.711208
i128,zmij_x64_v4,unpredictable,,4,2.698238
i128,fmt,unpredictable,,5,8.696928
i128,naive,unpredictable,,5,19.869553
i128,null,unpredictable,,5,1.124593
i128,zmij_scalar,unpredictable,,5,5.051402
i128,zmij_x64_native,unpredictable,,5,2.787439
i128,zmij_x64_v1,unpredictable,,5,4.498909
i128,zmij_x64_v2,unpredictable,,5,2.929567
i128,zmij_x64_v3,unpredictable,,5,2.729190
i128,zmij_x64_v4,unpredictable,,5,2.690098
i128,fmt,unpredictable,,6,9.112742
i128,naive,unpredictable,,6,23.055909
i128,null,unpredictable,,6,1.029063
i128,zmij_scalar,unpredictable,,6,5.010554
i128,zmij_x64_native,unpredictable,,6,2.763789
i128,zmij_x64_v1,unpredictable,,6,4.522488
i128,zmij_x64_v2,unpredictable,,6,2.978844
i128,zmij_x64_v3,unpredictable,,6,2.725310
i128,zmij_x64_v4,unpredictable,,6,2.713090
i128,fmt,unpredictable,,7,9.049783
i128,naive,unpredictable,,7,27.004526
i128,null,unpredictable,,7,1.054164
i128,zmij_scalar,unpredictable,,7,5.049457
i128,zmij_x64_native,unpredictable,,7,2.854293
i128,zmij_x64_v1,unpredictable,,7,4.570905
i128,zmij_x64_v2,unpredictable,,7,2.905827
i128,zmij_x64_v3,unpredictable,,7,2.706573
i128,zmij_x64_v4,unpredictable,,7,2.708394
i128,fmt,unpredictable,,8,8.806192
i128,naive,unpredictable,,8,28.321265
i128,null,unpredictable,,8,0.936849
i128,zmij_scalar,unpredictable,,8,5.015542
i128,zmij_x64_native,unpredictable,,8,2.734715
i128,zmij_x64_v1,unpredictable,,8,4.530464
i128,zmij_x64_v2,unpredictable,,8,2.953826
i128,zmij_x64_v3,unpredictable,,8,2.718488
i128,zmij_x64_v4,unpredictable,,8,2.702279
i128,fmt,unpredictable,,9,9.074608
i128,naive,unpredictable,,9,32.372511
i128,null,unpredictable,,9,1.253709
i128,zmij_scalar,unpredictable,,9,5.242356
i128,zmij_x64_native,unpredictable,,9,2.769781
i128,zmij_x64_v1,unpredictable,,9,4.493455
i128,zmij_x64_v2,unpredictable,,9,2.921477
i128,zmij_x64_v3,unpredictable,,9,2.728181
i128,zmij_x64_v4,unpredictable,,9,2.698916
i128,fmt,unpredictable,,10,9.611965
i128,naive,unpredictable,,10,36.425090
i128,null,unpredictable,,10,1.275647
i128,zmij_scalar,unpredictable,,10,5.197076
i128,zmij_x64_native,unpredictable,,10,2.807265
i128,zmij_x64_v1,unpredictable,,10,4.584417
i128,zmij_x64_v2,unpredictable,,10,2.997252
i128,zmij_x64_v3,unpredictable,,10,2.746856
i128,zmij_x64_v4,unpredictable,,10,2.667338
i128,fmt,unpredictable,,11,9.385048
i128,naive,unpredictable,,11,39.576690
i128,null,unpredictable,,11,1.238967
i128,zmij_scalar,unpredictable,,11,5.193569
i128,zmij_x64_native,unpredictable,,11,2.817409
i128,zmij_x64_v1,unpredictable,,11,4.512826
i128,zmij_x64_v2,unpredictable,,11,2.966321
i128,zmij_x64_v3,unpredictable,,11,2.751833
i128,zmij_x64_v4,unpredictable,,11,2.733651
i128,fmt,unpredictable,,12,9.461773
i128,naive,unpredictable,,12,43.208878
i128,null,unpredictable,,12,1.312377
i128,zmij_scalar,unpredictable,,12,5.209822
i128,zmij_x64_native,unpredictable,,12,2.789457
i128,zmij_x64_v1,unpredictable,,12,4.543760
i128,zmij_x64_v2,unpredictable,,12,3.008190
i128,zmij_x64_v3,unpredictable,,12,2.772475
i128,zmij_x64_v4,unpredictable,,12,2.695302
i128,fmt,unpredictable,,13,9.947818
i128,naive,unpredictable,,13,47.030460
i128,null,unpredictable,,13,0.903485
i128,zmij_scalar,unpredictable,,13,5.193871
i128,zmij_x64_native,unpredictable,,13,2.839625
i128,zmij_x64_v1,unpredictable,,13,4.631287
i128,zmij_x64_v2,unpredictable,,13,3.023206
i128,zmij_x64_v3,unpredictable,,13,2.794084
i128,zmij_x64_v4,unpredictable,,13,2.786642
i128,fmt,unpredictable,,14,9.583803
i128,naive,unpredictable,,14,50.079341
i128,null,unpredictable,,14,1.323891
i128,zmij_scalar,unpredictable,,14,5.020256
i128,zmij_x64_native,unpredictable,,14,2.766276
i128,zmij_x64_v1,unpredictable,,14,4.485928
i128,zmij_x64_v2,unpredictable,,14,2.925954
i128,zmij_x64_v3,unpredictable,,14,2.674791
i128,zmij_x64_v4,unpredictable,,14,2.656868
i128,fmt,unpredictable,,15,10.138965
i128,naive,unpredictable,,15,53.710527
i128,null,unpredictable,,15,0.775833
i128,zmij_scalar,unpredictable,,15,5.144630
i128,zmij_x64_native,unpredictable,,15,2.777202
i128,zmij_x64_v1,unpredictable,,15,4.526310
i128,zmij_x64_v2,unpredictable,,15,2.940118
i128,zmij_x64_v3,unpredictable,,15,2.718776
i128,zmij_x64_v4,unpredictable,,15,2.740824
i128,fmt,unpredictable,,16,10.196122
i128,naive,unpredictable,,16,56.473870
i128,null,unpredictable,,16,1.114411
i128,zmij_scalar,unpredictable,,16,5.253623
i128,zmij_x64_native,unpredictable,,16,2.771908
i128,zmij_x64_v1,unpredictable,,16,4.519499
i128,zmij_x64_v2,unpredictable,,16,3.059553
i128,zmij_x64_v3,unpredictable,,16,2.718275
i128,zmij_x64_v4,unpredictable,,16,2.719108
i128,fmt,unpredictable,,17,10.883303
i128,naive,unpredictable,,17,59.804648
i128,null,unpredictable,,17,1.195962
i128,zmij_scalar,unpredictable,,17,4.964701
i128,zmij_x64_native,unpredictable,,17,2.831875
i128,zmij_x64_v1,unpredictable,,17,4.650158
i128,zmij_x64_v2,unpredictable,,17,2.986678
i128,zmij_x64_v3,unpredictable,,17,2.776780
i128,zmij_x64_v4,unpredictable,,17,2.756075
i128,fmt,unpredictable,,18,10.719703
i128,naive,unpredictable,,18,63.563092
i128,null,unpredictable,,18,1.263209
i128,zmij_scalar,unpredictable,,18,5.146692
i128,zmij_x64_native,unpredictable,,18,2.802471
i128,zmij_x64_v1,unpredictable,,18,4.660677
i128,zmij_x64_v2,unpredictable,,18,3.034237
i128,zmij_x64_v3,unpredictable,,18,2.810912
i128,zmij_x64_v4,unpredictable,,18,2.771345
i128,fmt,unpredictable,,19,11.391399
i128,naive,unpredictable,,19,66.928822
i128,null,unpredictable,,19,1.042112
i128,zmij_scalar,unpredictable,,19,5.773254
i128,zmij_x64_native,unpredictable,,19,3.289614
i128,zmij_x64_v1,unpredictable,,19,4.926193
i128,zmij_x64_v2,unpredictable,,19,3.551159
i128,zmij_x64_v3,unpredictable,,19,3.218896
i128,zmij_x64_v4,unpredictable,,19,3.183875
i128,fmt,unpredictable,,20,18.866173
i128,naive,unpredictable,,20,69.740050
i128,null,unpredictable,,20,0.843109
i128,zmij_scalar,unpredictable,,20,9.791638
i128,zmij_x64_native,unpredictable,,20,4.072436
i128,zmij_x64_v1,unpredictable,,20,5.439351
i128,zmij_x64_v2,unpredictable,,20,5.155042
i128,zmij_x64_v3,unpredictable,,20,4.026437
i128,zmij_x64_v4,unpredictable,,20,3.982050
i128,fmt,unpredictable,,21,18.532876
i128,naive,unpredictable,,21,73.680004
i128,null,unpredictable,,21,1.204452
i128,zmij_scalar,unpredictable,,21,9.839526
i128,zmij_x64_native,unpredictable,,21,4.076330
i128,zmij_x64_v1,unpredictable,,21,5.593059
i128,zmij_x64_v2,unpredictable,,21,5.292694
i128,zmij_x64_v3,unpredictable,,21,4.051633
i128,zmij_x64_v4,unpredictable,,21,4.077909
i128,fmt,unpredictable,,22,18.926744
i128,naive,unpredictable,,22,77.194637
i128,null,unpredictable,,22,0.989112
i128,zmij_scalar,unpredictable,,22,9.887746
i128,zmij_x64_native,unpredictable,,22,4.054975
i128,zmij_x64_v1,unpredictable,,22,5.476521
i128,zmij_x64_v2,unpredictable,,22,5.204581
i128,zmij_x64_v3,unpredictable,,22,4.038012
i128,zmij_x64_v4,unpredictable,,22,3.998944
i128,fmt,unpredictable,,23,19.252337
i128,naive,unpredictable,,23,80.672948
i128,null,unpredictable,,23,1.215528
i128,zmij_scalar,unpredictable,,23,9.892167
i128,zmij_x64_native,unpredictable,,23,4.113393
i128,zmij_x64_v1,unpredictable,,23,5.499438
i128,zmij_x64_v2,unpredictable,,23,5.250329
i128,zmij_x64_v3,unpredictable,,23,3.995346
i128,zmij_x64_v4,unpredictable,,23,3.996870
i128,fmt,unpredictable,,24,19.382897
i128,naive,unpredictable,,24,83.226588
i128,null,unpredictable,,24,0.911643
i128,zmij_scalar,unpredictable,,24,9.810008
i128,zmij_x64_native,unpredictable,,24,4.015924
i128,zmij_x64_v1,unpredictable,,24,5.458654
i128,zmij_x64_v2,unpredictable,,24,5.174745
i128,zmij_x64_v3,unpredictable,,24,4.033133
i128,zmij_x64_v4,unpredictable,,24,4.043613
i128,fmt,unpredictable,,25,19.872165
i128,naive,unpredictable,,25,86.799761
i128,null,unpredictable,,25,1.121403
i128,zmij_scalar,unpredictable,,25,9.867127
i128,zmij_x64_native,unpredictable,,25,4.056437
i128,zmij_x64_v1,unpredictable,,25,5.472670
i128,zmij_x64_v2,unpredictable,,25,5.174650
i128,zmij_x64_v3,unpredictable,,25,4.031266
i128,zmij_x64_v4,unpredictable,,25,4.034382
i128,fmt,unpredictable,,26,20.170079
i128,naive,unpredictable,,26,90.561318
i128,null,unpredictable,,26,0.935009
i128,zmij_scalar,unpredictable,,26,9.879324
i128,zmij_x64_native,unpredictable,,26,4.030828
i128,zmij_x64_v1,unpredictable,,26,5.625647
i128,zmij_x64_v2,unpredictable,,26,5.311833
i128,zmij_x64_v3,unpredictable,,26,4.103381
i128,zmij_x64_v4,unpredictable,,26,4.089662
i128,fmt,unpredictable,,27,20.048633
i128,naive,unpredictable,,27,93.693772
i128,null,unpredictable,,27,1.020046
i128,zmij_scalar,unpredictable,,27,9.881756
i128,zmij_x64_native,unpredictable,,27,4.017298
i128,zmij_x64_v1,unpredictable,,27,5.452450
i128,zmij_x64_v2,unpredictable,,27,5.199552
i128,zmij_x64_v3,unpredictable,,27,3.979296
i128,zmij_x64_v4,unpredictable,,27,3.919746
i128,fmt,unpredictable,,28,20.535071
i128,naive,unpredictable,,28,97.590396
i128,null,unpredictable,,28,1.248261
i128,zmij_scalar,unpredictable,,28,9.825924
i128,zmij_x64_native,unpredictable,,28,4.058584
i128,zmij_x64_v1,unpredictable,,28,5.458661
i128,zmij_x64_v2,unpredictable,,28,5.193211
i128,zmij_x64_v3,unpredictable,,28,4.016565
i128,zmij_x64_v4,unpredictable,,28,4.003108
i128,fmt,unpredictable,,29,20.881347
i128,naive,unpredictable,,29,101.917321
i128,null,unpredictable,,29,1.074814
i128,zmij_scalar,unpredictable,,29,9.823121
i128,zmij_x64_native,unpredictable,,29,4.023707
i128,zmij_x64_v1,unpredictable,,29,5.457976
i128,zmij_x64_v2,unpredictable,,29,5.160506
i128,zmij_x64_v3,unpredictable,,29,4.035768
i128,zmij_x64_v4,unpredictable,,29,4.008050
i128,fmt,unpredictable,,30,21.112614
i128,naive,unpredictable,,30,106.139458
i128,null,unpredictable,,30,1.159599
i128,zmij_scalar,unpredictable,,30,9.831926
i128,zmij_x64_native,unpredictable,,30,4.063795
i128,zmij_x64_v1,unpredictable,,30,5.535858
i128,zmij_x64_v2,unpredictable,,30,5.235879
i128,zmij_x64_v3,unpredictable,,30,4.109129
i128,zmij_x64_v4,unpredictable,,30,4.063076
i128,fmt,unpredictable,,31,21.271468
i128,naive,unpredictable,,31,109.015317
i128,null,unpredictable,,31,1.147917
i128,zmij_scalar,unpredictable,,31,9.872357
i128,zmij_x64_native,unpredictable,,31,4.106476
i128,zmij_x64_v1,unpredictable,,31,5.477634
i128,zmij_x64_v2,unpredictable,,31,5.277404
i128,zmij_x64_v3,unpredictable,,31,4.044448
i128,zmij_x64_v4,unpredictable,,31,4.054664
i128,fmt,unpredictable,,32,21.470934
i128,naive,unpredictable,,32,111.385209
i128,null,unpredictable,,32,1.238616
i128,zmij_scalar,unpredictable,,32,9.737061
i128,zmij_x64_native,unpredictable,,32,4.019873
i128,zmij_x64_v1,unpredictable,,32,5.450400
i128,zmij_x64_v2,unpredictable,,32,5.189079
i128,zmij_x64_v3,unpredictable,,32,4.046121
i128,zmij_x64_v4,unpredictable,,32,4.020691
i128,fmt,unpredictable,,33,21.947057
i128,naive,unpredictable,,33,115.454803
i128,null,unpredictable,,33,0.739925
i128,zmij_scalar,unpredictable,,33,12.367836
i128,zmij_x64_native,unpredictable,,33,5.491361
i128,zmij_x64_v1,unpredictable,,33,6.841686
i128,zmij_x64_v2,unpredictable,,33,6.765509
i128,zmij_x64_v3,unpredictable,,33,5.486260
i128,zmij_x64_v4,unpredictable,,33,5.473372
i128,fmt,unpredictable,,34,22.100421
i128,naive,unpredictable,,34,118.051403
i128,null,unpredictable,,34,1.212428
i128,zmij_scalar,unpredictable,,34,12.351879
i128,zmij_x64_native,unpredictable,,34,5.458041
i128,zmij_x64_v1,unpredictable,,34,6.817734
i128,zmij_x64_v2,unpredictable,,34,6.737769
i128,zmij_x64_v3,unpredictable,,34,5.460816
i128,zmij_x64_v4,unpredictable,,34,5.492238
i128,fmt,unpredictable,,35,22.037829
i128,naive,unpredictable,,35,122.810055
i128,null,unpredictable,,35,0.993149
i128,zmij_scalar,unpredictable,,35,12.370293
i128,zmij_x64_native,unpredictable,,35,5.530724
i128,zmij_x64_v1,unpredictable,,35,6.909890
i128,zmij_x64_v2,unpredictable,,35,6.783803
i128,zmij_x64_v3,unpredictable,,35,5.550796
i128,zmij_x64_v4,unpredictable,,35,5.543233
i128,fmt,unpredictable,,36,22.545838
i128,naive,unpredictable,,36,125.580920
i128,null,unpredictable,,36,1.028140
i128,zmij_scalar,unpredictable,,36,12.337070
i128,zmij_x64_native,unpredictable,,36,5.431719
i128,zmij_x64_v1,unpredictable,,36,6.827134
i128,zmij_x64_v2,unpredictable,,36,6.757282
i128,zmij_x64_v3,unpredictable,,36,5.454064
i128,zmij_x64_v4,unpredictable,,36,5.591572
i128,fmt,unpredictable,,37,22.701619
i128,naive,unpredictable,,37,129.287991
i128,null,unpredictable,,37,1.270640
i128,zmij_scalar,unpredictable,,37,12.367996
i128,zmij_x64_native,unpredictable,,37,5.517712
i128,zmij_x64_v1,unpredictable,,37,6.831639
i128,zmij_x64_v2,unpredictable,,37,6.756986
i128,zmij_x64_v3,unpredictable,,37,5.504483
i128,zmij_x64_v4,unpredictable,,37,5.532623
i128,fmt,unpredictable,,38,23.341320
i128,naive,unpredictable,,38,133.320731
i128,null,unpredictable,,38,1.340710
i128,zmij_scalar,unpredictable,,38,12.463459
i128,zmij_x64_native,unpredictable,,38,5.506438
i128,zmij_x64_v1,unpredictable,,38,6.800341
i128,zmij_x64_v2,unpredictable,,38,6.698773
i128,zmij_x64_v3,unpredictable,,38,5.548727
i128,zmij_x64_v4,unpredictable,,38,5.591461
i128,fmt,unpredictable,,39,24.025433
i128,naive,unpredictable,,39,137.749730
i128,null,unpredictable,,39,1.101090
i128,zmij_scalar,unpredictable,,39,12.336472
i128,zmij_x64_native,unpredictable,,39,5.546946
i128,zmij_x64_v1,unpredictable,,39,6.889928
i128,zmij_x64_v2,unpredictable,,39,6.848760
i128,zmij_x64_v3,unpredictable,,39,5.514609
i128,zmij_x64_v4,unpredictable,,39,5.580567
i128,fmt,admixture,5x6,0,7.669817
i128,naive,admixture,5x6,0,20.277359
i128,null,admixture,5x6,0,1.192460
i128,zmij_scalar,admixture,5x6,0,5.237487
i128,zmij_x64_native,admixture,5x6,0,2.607044
i128,zmij_x64_v1,admixture,5x6,0,4.300725
i128,zmij_x64_v2,admixture,5x6,0,3.557839
i128,zmij_x64_v3,admixture,5x6,0,2.725008
i128,zmij_x64_v4,admixture,5x6,0,2.722030
i128,fmt,admixture,5x6,10,8.359771
i128,naive,admixture,5x6,10,20.554239
i128,null,admixture,5x6,10,1.177481
i128,zmij_scalar,admixture,5x6,10,5.244526
i128,zmij_x64_native,admixture,5x6,10,2.606740
i128,zmij_x64_v1,admixture,5x6,10,4.310715
i128,zmij_x64_v2,admixture,5x6,10,3.565712
i128,zmij_x64_v3,admixture,5x6,10,2.730247
i128,zmij_x64_v4,admixture,5x6,10,2.736861
i128,fmt,admixture,5x6,20,9.073072
i128,naive,admixture,5x6,20,20.937377
i128,null,admixture,5x6,20,1.118351
i128,zmij_scalar,admixture,5x6,20,5.217446
i128,zmij_x64_native,admixture,5x6,20,2.610447
i128,zmij_x64_v1,admixture,5x6,20,4.296545
i128,zmij_x64_v2,admixture,5x6,20,3.560115
i128,zmij_x64_v3,admixture,5x6,20,2.720418
i128,zmij_x64_v4,admixture,5x6,20,2.716385
i128,fmt,admixture,5x6,30,9.847953
i128,naive,admixture,5x6,30,21.349286
i128,null,admixture,5x6,30,1.212826
i128,zmij_scalar,admixture,5x6,30,5.219651
i128,zmij_x64_native,admixture,5x6,30,2.606809
i128,zmij_x64_v1,admixture,5x6,30,4.292322
i128,zmij_x64_v2,admixture,5x6,30,3.552240
i128,zmij_x64_v3,admixture,5x6,30,2.717728
i128,zmij_x64_v4,admixture,5x6,30,2.726759
i128,fmt,admixture,5x6,40,10.588212
i128,naive,admixture,5x6,40,21.705738
i128,null,admixture,5x6,40,1.101308
i128,zmij_scalar,admixture,5x6,40,5.241090
i128,zmij_x64_native,admixture,5x6,40,2.599380
i128,zmij_x64_v1,admixture,5x6,40,4.279686
i128,zmij_x64_v2,admixture,5x6,40,3.555680
i128,zmij_x64_v3,admixture,5x6,40,2.721488
i128,zmij_x64_v4,admixture,5x6,40,2.709714
i128,fmt,admixture,5x6,50,11.078217
i128,naive,admixture,5x6,50,21.564248
i128,null,admixture,5x6,50,1.220654
i128,zmij_scalar,admixture,5x6,50,5.237087
i128,zmij_x64_native,admixture,5x6,50,2.607903
i128,zmij_x64_v1,admixture,5x6,50,4.295170
i128,zmij_x64_v2,admixture,5x6,50,3.559750
i128,zmij_x64_v3,admixture,5x6,50,2.721251
i128,zmij_x64_v4,admixture,5x6,50,2.721507
i128,fmt,admixture,5x6,60,10.574800
i128,naive,admixture,5x6,60,20.635689
i128,null,admixture,5x6,60,1.084761
i128,zmij_scalar,admixture,5x6,60,5.250378
i128,zmij_x64_native,admixture,5x6,60,2.606086
i128,zmij_x64_v1,admixture,5x6,60,4.297774
i128,zmij_x64_v2,admixture,5x6,60,3.553313
i128,zmij_x64_v3,admixture,5x6,60,2.717631
i128,zmij_x64_v4,admixture,5x6,60,2.722041
i128,fmt,admixture,5x6,70,9.786588
i128,naive,admixture,5x6,70,19.580556
i128,null,admixture,5x6,70,1.204535
i128,zmij_scalar,admixture,5x6,70,5.240587
i128,zmij_x64_native,admixture,5x6,70,2.603041
i128,zmij_x64_v1,admixture,5x6,70,4.298765
i128,zmij_x64_v2,admixture,5x6,70,3.558370
i128,zmij_x64_v3,admixture,5x6,70,2.723622
i128,zmij_x64_v4,admixture,5x6,70,2.712476
i128,fmt,admixture,5x6,80,9.078506
i128,naive,admixture,5x6,80,18.599663
i128,null,admixture,5x6,80,1.245539
i128,zmij_scalar,admixture,5x6,80,5.222129
i128,zmij_x64_native,admixture,5x6,80,2.608528
i128,zmij_x64_v1,admixture,5x6,80,4.295634
i128,zmij_x64_v2,admixture,5x6,80,3.552105
i128,zmij_x64_v3,admixture,5x6,80,2.727551
i128,zmij_x64_v4,admixture,5x6,80,2.720495
i128,fmt,admixture,5x6,90,8.349214
i128,naive,admixture,5x6,90,17.818954
i128,null,admixture,5x6,90,1.212193
i128,zmij_scalar,admixture,5x6,90,5.236371
i128,zmij_x64_native,admixture,5x6,90,2.592168
i128,zmij_x64_v1,admixture,5x6,90,4.291327
i128,zmij_x64_v2,admixture,5x6,90,3.554520
i128,zmij_x64_v3,admixture,5x6,90,2.722748
i128,zmij_x64_v4,admixture,5x6,90,2.712983
i128,fmt,admixture,5x6,100,7.638802
i128,naive,admixture,5x6,100,16.906101
i128,null,admixture,5x6,100,1.138528
i128,zmij_scalar,admixture,5x6,100,5.277585
i128,zmij_x64_native,admixture,5x6,100,2.606741
i128,zmij_x64_v1,admixture,5x6,100,4.301404
i128,zmij_x64_v2,admixture,5x6,100,3.548178
i128,zmij_x64_v3,admixture,5x6,100,2.722607
i128,zmij_x64_v4,admixture,5x6,100,2.718611
i128,fmt,admixture,straddle64,0,19.488669
i128,naive,admixture,straddle64,0,78.315423
i128,null,admixture,straddle64,0,1.157903
i128,zmij_scalar,admixture,straddle64,0,9.357412
i128,zmij_x64_native,admixture,straddle64,0,4.288341
i128,zmij_x64_v1,admixture,straddle64,0,5.708018
i128,zmij_x64_v2,admixture,straddle64,0,4.965304
i128,zmij_x64_v3,admixture,straddle64,0,4.241656
i128,zmij_x64_v4,admixture,straddle64,0,4.266047
i128,fmt,admixture,straddle64,10,19.613437
i128,naive,admixture,straddle64,10,77.675364
i128,null,admixture,straddle64,10,1.090021
i128,zmij_scalar,admixture,straddle64,10,9.433363
i128,zmij_x64_native,admixture,straddle64,10,4.406367
i128,zmij_x64_v1,admixture,straddle64,10,5.812877
i128,zmij_x64_v2,admixture,straddle64,10,5.155559
i128,zmij_x64_v3,admixture,straddle64,10,4.358017
i128,zmij_x64_v4,admixture,straddle64,10,4.374726
i128,fmt,admixture,straddle64,20,19.834922
i128,naive,admixture,straddle64,20,77.357238
i128,null,admixture,straddle64,20,1.196124
i128,zmij_scalar,admixture,straddle64,20,9.407789
i128,zmij_x64_native,admixture,straddle64,20,4.487857
i128,zmij_x64_v1,admixture,straddle64,20,5.876804
i128,zmij_x64_v2,admixture,straddle64,20,5.326210
i128,zmij_x64_v3,admixture,straddle64,20,4.468186
i128,zmij_x64_v4,admixture,straddle64,20,4.474865
i128,fmt,admixture,straddle64,30,20.033739
i128,naive,admixture,straddle64,30,78.738029
i128,null,admixture,straddle64,30,1.177385
i128,zmij_scalar,admixture,straddle64,30,9.495464
i128,zmij_x64_native,admixture,straddle64,30,4.600458
i128,zmij_x64_v1,admixture,straddle64,30,6.034721
i128,zmij_x64_v2,admixture,straddle64,30,5.590963
i128,zmij_x64_v3,admixture,straddle64,30,4.640638
i128,zmij_x64_v4,admixture,straddle64,30,4.648643
i128,fmt,admixture,straddle64,40,20.293668
i128,naive,admixture,straddle64,40,76.800772
i128,null,admixture,straddle64,40,1.245869
i128,zmij_scalar,admixture,straddle64,40,9.503352
i128,zmij_x64_native,admixture,straddle64,40,4.680597
i128,zmij_x64_v1,admixture,straddle64,40,6.028754
i128,zmij_x64_v2,admixture,straddle64,40,5.672237
i128,zmij_x64_v3,admixture,straddle64,40,4.668801
i128,zmij_x64_v4,admixture,straddle64,40,4.680379
i128,fmt,admixture,straddle64,50,20.129629
i128,naive,admixture,straddle64,50,76.101336
i128,null,admixture,straddle64,50,1.230242
i128,zmij_scalar,admixture,straddle64,50,9.404013
i128,zmij_x64_native,admixture,straddle64,50,4.720751
i128,zmij_x64_v1,admixture,straddle64,50,6.062452
i128,zmij_x64_v2,admixture,straddle64,50,5.732551
i128,zmij_x64_v3,admixture,straddle64,50,4.722327
i128,zmij_x64_v4,admixture,straddle64,50,4.709987
i128,fmt,admixture,straddle64,60,19.646826
i128,naive,admixture,straddle64,60,75.708271
i128,null,admixture,straddle64,60,1.044560
i128,zmij_scalar,admixture,straddle64,60,9.461717
i128,zmij_x64_native,admixture,straddle64,60,4.860874
i128,zmij_x64_v1,admixture,straddle64,60,6.084327
i128,zmij_x64_v2,admixture,straddle64,60,5.955407
i128,zmij_x64_v3,admixture,straddle64,60,4.858824
i128,zmij_x64_v4,admixture,straddle64,60,4.820954
i128,fmt,admixture,straddle64,70,19.007229
i128,naive,admixture,straddle64,70,75.117736
i128,null,admixture,straddle64,70,1.098723
i128,zmij_scalar,admixture,straddle64,70,9.438337
i128,zmij_x64_native,admixture,straddle64,70,4.957275
i128,zmij_x64_v1,admixture,straddle64,70,6.157281
i128,zmij_x64_v2,admixture,straddle64,70,6.100121
i128,zmij_x64_v3,admixture,straddle64,70,4.958464
i128,zmij_x64_v4,admixture,straddle64,70,4.938191
i128,fmt,admixture,straddle64,80,18.327117
i128,naive,admixture,straddle64,80,73.110999
i128,null,admixture,straddle64,80,1.131390
i128,zmij_scalar,admixture,straddle64,80,9.361351
i128,zmij_x64_native,admixture,straddle64,80,5.122453
i128,zmij_x64_v1,admixture,straddle64,80,6.313142
i128,zmij_x64_v2,admixture,straddle64,80,6.340846
i128,zmij_x64_v3,admixture,straddle64,80,5.224216
i128,zmij_x64_v4,admixture,straddle64,80,5.184902
i128,fmt,admixture,straddle64,90,17.370393
i128,naive,admixture,straddle64,90,71.883039
i128,null,admixture,straddle64,90,1.086211
i128,zmij_scalar,admixture,straddle64,90,9.334757
i128,zmij_x64_native,admixture,straddle64,90,5.342741
i128,zmij_x64_v1,admixture,straddle64,90,6.296733
i128,zmij_x64_v2,admixture,straddle64,90,6.512342
i128,zmij_x64_v3,admixture,straddle64,90,5.319325
i128,zmij_x64_v4,admixture,straddle64,90,5.274864
i128,fmt,admixture,straddle64,100,16.686435
i128,naive,admixture,straddle64,100,71.087511
i128,null,admixture,straddle64,100,1.251301
i128,zmij_scalar,admixture,straddle64,100,9.205502
i128,zmij_x64_native,admixture,straddle64,100,5.367684
i128,zmij_x64_v1,admixture,straddle64,100,6.487841
i128,zmij_x64_v2,admixture,straddle64,100,6.467965
i128,zmij_x64_v3,admixture,straddle64,100,5.335167
i128,zmij_x64_v4,admixture,straddle64,100,5.286019
i128,fmt,admixture,straddle1e32,0,22.646452
i128,naive,admixture,straddle1e32,0,118.548424
i128,null,admixture,straddle1e32,0,1.085781
i128,zmij_scalar,admixture,straddle1e32,0,11.201794
i128,zmij_x64_native,admixture,straddle1e32,0,4.902187
i128,zmij_x64_v1,admixture,straddle1e32,0,6.207062
i128,zmij_x64_v2,admixture,straddle1e32,0,5.786076
i128,zmij_x64_v3,admixture,straddle1e32,0,4.925539
i128,zmij_x64_v4,admixture,straddle1e32,0,4.969778
i128,fmt,admixture,straddle1e32,10,23.580307
i128,naive,admixture,straddle1e32,10,119.049685
i128,null,admixture,straddle1e32,10,1.133138
i128,zmij_scalar,admixture,straddle1e32,10,11.411124
i128,zmij_x64_native,admixture,straddle1e32,10,5.288901
i128,zmij_x64_v1,admixture,straddle1e32,10,6.579275
i128,zmij_x64_v2,admixture,straddle1e32,10,6.197057
i128,zmij_x64_v3,admixture,straddle1e32,10,5.328921
i128,zmij_x64_v4,admixture,straddle1e32,10,5.357629
i128,fmt,admixture,straddle1e32,20,24.207929
i128,naive,admixture,straddle1e32,20,118.857398
i128,null,admixture,straddle1e32,20,1.159358
i128,zmij_scalar,admixture,straddle1e32,20,11.648866
i128,zmij_x64_native,admixture,straddle1e32,20,5.689204
i128,zmij_x64_v1,admixture,straddle1e32,20,6.979329
i128,zmij_x64_v2,admixture,straddle1e32,20,6.558835
i128,zmij_x64_v3,admixture,straddle1e32,20,5.718867
i128,zmij_x64_v4,admixture,straddle1e32,20,5.776975
i128,fmt,admixture,straddle1e32,30,24.803069
i128,naive,admixture,straddle1e32,30,118.623733
i128,null,admixture,straddle1e32,30,1.161600
i128,zmij_scalar,admixture,straddle1e32,30,11.853638
i128,zmij_x64_native,admixture,straddle1e32,30,6.120193
i128,zmij_x64_v1,admixture,straddle1e32,30,7.387645
i128,zmij_x64_v2,admixture,straddle1e32,30,6.909770
i128,zmij_x64_v3,admixture,straddle1e32,30,6.154272
i128,zmij_x64_v4,admixture,straddle1e32,30,6.184499
i128,fmt,admixture,straddle1e32,40,25.264026
i128,naive,admixture,straddle1e32,40,118.479168
i128,null,admixture,straddle1e32,40,1.220506
i128,zmij_scalar,admixture,straddle1e32,40,12.065047
i128,zmij_x64_native,admixture,straddle1e32,40,6.609883
i128,zmij_x64_v1,admixture,straddle1e32,40,7.827078
i128,zmij_x64_v2,admixture,straddle1e32,40,7.248753
i128,zmij_x64_v3,admixture,straddle1e32,40,6.753761
i128,zmij_x64_v4,admixture,straddle1e32,40,6.760053
i128,fmt,admixture,straddle1e32,50,25.416794
i128,naive,admixture,straddle1e32,50,118.414814
i128,null,admixture,straddle1e32,50,1.055990
i128,zmij_scalar,admixture,straddle1e32,50,12.002812
i128,zmij_x64_native,admixture,straddle1e32,50,6.813565
i128,zmij_x64_v1,admixture,straddle1e32,50,8.071943
i128,zmij_x64_v2,admixture,straddle1e32,50,7.432626
i128,zmij_x64_v3,admixture,straddle1e32,50,6.918789
i128,zmij_x64_v4,admixture,straddle1e32,50,6.958962
i128,fmt,admixture,straddle1e32,60,24.785189
i128,naive,admixture,straddle1e32,60,116.283092
i128,null,admixture,straddle1e32,60,1.176165
i128,zmij_scalar,admixture,straddle1e32,60,11.613158
i128,zmij_x64_native,admixture,straddle1e32,60,6.432385
i128,zmij_x64_v1,admixture,straddle1e32,60,7.716005
i128,zmij_x64_v2,admixture,straddle1e32,60,7.066895
i128,zmij_x64_v3,admixture,straddle1e32,60,6.527424
i128,zmij_x64_v4,admixture,straddle1e32,60,6.568206
i128,fmt,admixture,straddle1e32,70,23.935218
i128,naive,admixture,straddle1e32,70,115.611780
i128,null,admixture,straddle1e32,70,1.107036
i128,zmij_scalar,admixture,straddle1e32,70,11.138412
i128,zmij_x64_native,admixture,straddle1e32,70,5.805788
i128,zmij_x64_v1,admixture,straddle1e32,70,7.135806
i128,zmij_x64_v2,admixture,straddle1e32,70,6.629880
i128,zmij_x64_v3,admixture,straddle1e32,70,5.916958
i128,zmij_x64_v4,admixture,straddle1e32,70,5.907293
i128,fmt,admixture,straddle1e32,80,23.143854
i128,naive,admixture,straddle1e32,80,113.392836
i128,null,admixture,straddle1e32,80,1.163091
i128,zmij_scalar,admixture,straddle1e32,80,10.525294
i128,zmij_x64_native,admixture,straddle1e32,80,5.295334
i128,zmij_x64_v1,admixture,straddle1e32,80,6.677306
i128,zmij_x64_v2,admixture,straddle1e32,80,6.079703
i128,zmij_x64_v3,admixture,straddle1e32,80,5.320534
i128,zmij_x64_v4,admixture,straddle1e32,80,5.341176
i128,fmt,admixture,straddle1e32,90,22.297246
i128,naive,admixture,straddle1e32,90,112.549257
i128,null,admixture,straddle1e32,90,1.235911
i128,zmij_scalar,admixture,straddle1e32,90,9.911284
i128,zmij_x64_native,admixture,straddle1e32,90,4.779593
i128,zmij_x64_v1,admixture,straddle1e32,90,6.200591
i128,zmij_x64_v2,admixture,straddle1e32,90,5.556165
i128,zmij_x64_v3,admixture,straddle1e32,90,4.762218
i128,zmij_x64_v4,admixture,straddle1e32,90,4.789693
i128,fmt,admixture,straddle1e32,100,21.596284
i128,naive,admixture,straddle1e32,100,111.547933
i128,null,admixture,straddle1e32,100,1.216412
i128,zmij_scalar,admixture,straddle1e32,100,9.340040
i128,zmij_x64_native,admixture,straddle1e32,100,4.289113
i128,zmij_x64_v1,admixture,straddle1e32,100,5.678721
i128,zmij_x64_v2,admixture,straddle1e32,100,4.950036
i128,zmij_x64_v3,admixture,straddle1e32,100,4.229415
i128,zmij_x64_v4,admixture,straddle1e32,100,4.257391
