Type,Function,Mode,Series,X,Time_ns
u32,amartin,bylength,,1,0.770020
u32,branchlut,bylength,,1,1.329834
u32,branchlut2,bylength,,1,0.834753
u32,countlut,bylength,,1,0.998485
u32,fmt,bylength,,1,0.956711
u32,jeaiii,bylength,,1,1.083503
u32,naive,bylength,,1,1.294606
u32,null,bylength,,1,0.849640
u32,sse2,bylength,,1,1.217189
u32,tmueller,bylength,,1,0.917956
u32,unrolledlut,bylength,,1,1.158212
u32,yy,bylength,,1,0.987946
u32,amartin,bylength,,2,0.790458
u32,branchlut,bylength,,2,1.202346
u32,branchlut2,bylength,,2,0.804585
u32,countlut,bylength,,2,1.054322
u32,fmt,bylength,,2,1.030742
u32,jeaiii,bylength,,2,0.758315
u32,naive,bylength,,2,2.047379
u32,null,bylength,,2,0.791871
u32,sse2,bylength,,2,1.250596
u32,tmueller,bylength,,2,1.353741
u32,unrolledlut,bylength,,2,1.052727
u32,yy,bylength,,2,0.968320
u32,amartin,bylength,,3,0.915167
u32,branchlut,bylength,,3,1.267786
u32,branchlut2,bylength,,3,1.236570
u32,countlut,bylength,,3,1.283132
u32,fmt,bylength,,3,1.257524
u32,jeaiii,bylength,,3,0.944854
u32,naive,bylength,,3,2.698070
u32,null,bylength,,3,0.787438
u32,sse2,bylength,,3,1.216849
u32,tmueller,bylength,,3,1.356884
u32,unrolledlut,bylength,,3,1.332911
u32,yy,bylength,,3,1.140698
u32,amartin,bylength,,4,0.909472
u32,branchlut,bylength,,4,1.326576
u32,branchlut2,bylength,,4,1.345878
u32,countlut,bylength,,4,1.356454
u32,fmt,bylength,,4,1.258498
u32,jeaiii,bylength,,4,1.032185
u32,naive,bylength,,4,3.514401
u32,null,bylength,,4,0.826976
u32,sse2,bylength,,4,1.294195
u32,tmueller,bylength,,4,0.945025
u32,unrolledlut,bylength,,4,1.205250
u32,yy,bylength,,4,1.133235
u32,amartin,bylength,,5,1.320748
u32,branchlut,bylength,,5,1.829453
u32,branchlut2,bylength,,5,1.309674
u32,countlut,bylength,,5,1.701285
u32,fmt,bylength,,5,1.794197
u32,jeaiii,bylength,,5,1.116219
u32,naive,bylength,,5,4.236476
u32,null,bylength,,5,0.777626
u32,sse2,bylength,,5,1.828671
u32,tmueller,bylength,,5,0.939111
u32,unrolledlut,bylength,,5,1.406417
u32,yy,bylength,,5,1.228134
u32,amartin,bylength,,6,1.317842
u32,branchlut,bylength,,6,2.002310
u32,branchlut2,bylength,,6,1.471026
u32,countlut,bylength,,6,1.793414
u32,fmt,bylength,,6,1.794455
u32,jeaiii,bylength,,6,1.142093
u32,naive,bylength,,6,5.028423
u32,null,bylength,,6,0.851980
u32,sse2,bylength,,6,1.953829
u32,tmueller,bylength,,6,1.404314
u32,unrolledlut,bylength,,6,1.366611
u32,yy,bylength,,6,1.216802
u32,amartin,bylength,,7,1.814463
u32,branchlut,bylength,,7,2.075022
u32,branchlut2,bylength,,7,1.773300
u32,countlut,bylength,,7,2.165411
u32,fmt,bylength,,7,2.283355
u32,jeaiii,bylength,,7,1.299307
u32,naive,bylength,,7,5.808237
u32,null,bylength,,7,0.839579
u32,sse2,bylength,,7,2.055387
u32,tmueller,bylength,,7,1.404152
u32,unrolledlut,bylength,,7,1.475870
u32,yy,bylength,,7,1.612685
u32,amartin,bylength,,8,1.886600
u32,branchlut,bylength,,8,2.232274
u32,branchlut2,bylength,,8,1.866966
u32,countlut,bylength,,8,2.287081
u32,fmt,bylength,,8,2.322643
u32,jeaiii,bylength,,8,1.297989
u32,naive,bylength,,8,6.190830
u32,null,bylength,,8,0.855430
u32,sse2,bylength,,8,2.186469
u32,tmueller,bylength,,8,1.918458
u32,unrolledlut,bylength,,8,1.445094
u32,yy,bylength,,8,1.643041
u32,amartin,bylength,,9,2.240778
u32,branchlut,bylength,,9,2.012629
u32,branchlut2,bylength,,9,1.996902
u32,countlut,bylength,,9,2.658608
u32,fmt,bylength,,9,2.906040
u32,jeaiii,bylength,,9,1.562006
u32,naive,bylength,,9,7.152604
u32,null,bylength,,9,0.880635
u32,sse2,bylength,,9,1.267834
u32,tmueller,bylength,,9,1.964109
u32,unrolledlut,bylength,,9,1.924075
u32,yy,bylength,,9,2.026052
u32,amartin,bylength,,10,2.153094
u32,branchlut,bylength,,10,2.017837
u32,branchlut2,bylength,,10,1.944523
u32,countlut,bylength,,10,2.767810
u32,fmt,bylength,,10,2.805866
u32,jeaiii,bylength,,10,1.554334
u32,naive,bylength,,10,7.718602
u32,null,bylength,,10,0.803586
u32,sse2,bylength,,10,1.320222
u32,tmueller,bylength,,10,1.860250
u32,unrolledlut,bylength,,10,1.795592
u32,yy,bylength,,10,1.938637
u32,amartin,loguniform,1-10,10,6.135095
u32,branchlut,loguniform,1-10,10,8.312953
u32,branchlut2,loguniform,1-10,10,8.969255
u32,countlut,loguniform,1-10,10,8.662863
u32,fmt,loguniform,1-10,10,9.408967
u32,jeaiii,loguniform,1-10,10,8.741907
u32,naive,loguniform,1-10,10,10.336097
u32,null,loguniform,1-10,10,1.081051
u32,sse2,loguniform,1-10,10,8.441506
u32,tmueller,loguniform,1-10,10,6.665128
u32,unrolledlut,loguniform,1-10,10,7.870268
u32,yy,loguniform,1-10,10,5.918745
u32,amartin,loguniform,1-4,4,3.656663
u32,branchlut,loguniform,1-4,4,5.482753
u32,branchlut2,loguniform,1-4,4,6.338681
u32,countlut,loguniform,1-4,4,6.532585
u32,fmt,loguniform,1-4,4,6.449277
u32,jeaiii,loguniform,1-4,4,6.317919
u32,naive,loguniform,1-4,4,6.744377
u32,null,loguniform,1-4,4,0.929518
u32,sse2,loguniform,1-4,4,5.588918
u32,tmueller,loguniform,1-4,4,4.162064
u32,unrolledlut,loguniform,1-4,4,6.484945
u32,yy,loguniform,1-4,4,3.809443
u32,amartin,uniform,0-255,0,3.278294
u32,branchlut,uniform,0-255,0,3.539798
u32,branchlut2,uniform,0-255,0,3.707370
u32,countlut,uniform,0-255,0,3.634362
u32,fmt,uniform,0-255,0,3.532605
u32,jeaiii,uniform,0-255,0,3.493028
u32,naive,uniform,0-255,0,4.693031
u32,null,uniform,0-255,0,0.767039
u32,sse2,uniform,0-255,0,3.562119
u32,tmueller,uniform,0-255,0,1.544139
u32,unrolledlut,uniform,0-255,0,3.641337
u32,yy,uniform,0-255,0,3.449984
u32,amartin,unpredictable,,1,2.817536
u32,branchlut,unpredictable,,1,2.362525
u32,branchlut2,unpredictable,,1,1.078781
u32,countlut,unpredictable,,1,3.813838
u32,fmt,unpredictable,,1,3.996085
u32,jeaiii,unpredictable,,1,4.028601
u32,naive,unpredictable,,1,4.822941
u32,null,unpredictable,,1,0.634915
u32,sse2,unpredictable,,1,2.540406
u32,tmueller,unpredictable,,1,1.547263
u32,unrolledlut,unpredictable,,1,1.998874
u32,yy,unpredictable,,1,3.791433
u32,amartin,unpredictable,,2,3.114381
u32,branchlut,unpredictable,,2,2.366139
u32,branchlut2,unpredictable,,2,1.452202
u32,countlut,unpredictable,,2,4.447261
u32,fmt,unpredictable,,2,4.134648
u32,jeaiii,unpredictable,,2,3.735498
u32,naive,unpredictable,,2,5.163855
u32,null,unpredictable,,2,0.715156
u32,sse2,unpredictable,,2,2.682046
u32,tmueller,unpredictable,,2,1.696012
u32,unrolledlut,unpredictable,,2,2.711200
u32,yy,unpredictable,,2,4.207123
u32,amartin,unpredictable,,3,2.000945
u32,branchlut,unpredictable,,3,2.654998
u32,branchlut2,unpredictable,,3,1.606684
u32,countlut,unpredictable,,3,3.033860
u32,fmt,unpredictable,,3,3.052476
u32,jeaiii,unpredictable,,3,1.664921
u32,naive,unpredictable,,3,5.433050
u32,null,unpredictable,,3,0.529508
u32,sse2,unpredictable,,3,2.900125
u32,tmueller,unpredictable,,3,1.706235
u32,unrolledlut,unpredictable,,3,1.896695
u32,yy,unpredictable,,3,3.151991
u32,amartin,unpredictable,,4,1.987128
u32,branchlut,unpredictable,,4,2.988231
u32,branchlut2,unpredictable,,4,1.609436
u32,countlut,unpredictable,,4,3.215669
u32,fmt,unpredictable,,4,3.126353
u32,jeaiii,unpredictable,,4,1.431746
u32,naive,unpredictable,,4,5.682314
u32,null,unpredictable,,4,0.464726
u32,sse2,unpredictable,,4,3.459157
u32,tmueller,unpredictable,,4,1.693526
u32,unrolledlut,unpredictable,,4,1.836404
u32,yy,unpredictable,,4,3.194241
u32,amartin,unpredictable,,5,1.756631
u32,branchlut,unpredictable,,5,1.806592
u32,branchlut2,unpredictable,,5,1.462294
u32,countlut,unpredictable,,5,2.701451
u32,fmt,unpredictable,,5,2.626620
u32,jeaiii,unpredictable,,5,1.583536
u32,naive,unpredictable,,5,5.793821
u32,null,unpredictable,,5,1.122401
u32,sse2,unpredictable,,5,2.051660
u32,tmueller,unpredictable,,5,1.665629
u32,unrolledlut,unpredictable,,5,1.843419
u32,yy,unpredictable,,5,2.460550
u32,amartin,unpredictable,,6,1.707175
u32,branchlut,unpredictable,,6,1.919280
u32,branchlut2,unpredictable,,6,1.715210
u32,countlut,unpredictable,,6,2.768468
u32,fmt,unpredictable,,6,2.733365
u32,jeaiii,unpredictable,,6,1.597963
u32,naive,unpredictable,,6,6.223635
u32,null,unpredictable,,6,0.447433
u32,sse2,unpredictable,,6,2.236911
u32,tmueller,unpredictable,,6,1.857278
u32,unrolledlut,unpredictable,,6,1.891517
u32,yy,unpredictable,,6,2.497717
u32,amartin,unpredictable,,7,1.989079
u32,branchlut,unpredictable,,7,2.363769
u32,branchlut2,unpredictable,,7,2.090845
u32,countlut,unpredictable,,7,2.291438
u32,fmt,unpredictable,,7,2.291648
u32,jeaiii,unpredictable,,7,1.579023
u32,naive,unpredictable,,7,6.697226
u32,null,unpredictable,,7,1.124599
u32,sse2,unpredictable,,7,2.709353
u32,tmueller,unpredictable,,7,1.949922
u32,unrolledlut,unpredictable,,7,3.539870
u32,yy,unpredictable,,7,1.986307
u32,amartin,unpredictable,,8,2.028234
u32,branchlut,unpredictable,,8,2.745866
u32,branchlut2,unpredictable,,8,2.050102
u32,countlut,unpredictable,,8,2.376094
u32,fmt,unpredictable,,8,2.319434
u32,jeaiii,unpredictable,,8,1.423702
u32,naive,unpredictable,,8,6.272842
u32,null,unpredictable,,8,0.746917
u32,sse2,unpredictable,,8,3.033053
u32,tmueller,unpredictable,,8,1.966319
u32,unrolledlut,unpredictable,,8,3.623185
u32,yy,unpredictable,,8,1.948624
u32,amartin,unpredictable,,9,4.905467
u32,branchlut,unpredictable,,9,2.873631
u32,branchlut2,unpredictable,,9,4.540501
u32,countlut,unpredictable,,9,2.802695
u32,fmt,unpredictable,,9,2.944261
u32,jeaiii,unpredictable,,9,1.904020
u32,naive,unpredictable,,9,6.783640
u32,null,unpredictable,,9,1.003100
u32,sse2,unpredictable,,9,2.853768
u32,tmueller,unpredictable,,9,2.114970
u32,unrolledlut,unpredictable,,9,5.036035
u32,yy,unpredictable,,9,2.583960
u32,amartin,unpredictable,,10,4.581712
u32,branchlut,unpredictable,,10,2.607549
u32,branchlut2,unpredictable,,10,4.389269
u32,countlut,unpredictable,,10,2.508426
u32,fmt,unpredictable,,10,2.840552
u32,jeaiii,unpredictable,,10,1.778147
u32,naive,unpredictable,,10,7.490368
u32,null,unpredictable,,10,0.840001
u32,sse2,unpredictable,,10,2.628924
u32,tmueller,unpredictable,,10,1.746003
u32,unrolledlut,unpredictable,,10,4.424375
u32,yy,unpredictable,,10,2.190569
u32,amartin,admixture,5x6,0,1.362503
u32,branchlut,admixture,5x6,0,2.059668
u32,branchlut2,admixture,5x6,0,1.552279
u32,countlut,admixture,5x6,0,1.870358
u32,fmt,admixture,5x6,0,1.796720
u32,jeaiii,admixture,5x6,0,1.226701
u32,naive,admixture,5x6,0,5.178720
u32,null,admixture,5x6,0,0.864613
u32,sse2,admixture,5x6,0,1.950714
u32,tmueller,admixture,5x6,0,1.400512
u32,unrolledlut,admixture,5x6,0,1.377151
u32,yy,admixture,5x6,0,1.348104
u32,amartin,admixture,5x6,10,1.319697
u32,branchlut,admixture,5x6,10,2.526610
u32,branchlut2,admixture,5x6,10,2.091370
u32,countlut,admixture,5x6,10,2.391849
u32,fmt,admixture,5x6,10,2.500898
u32,jeaiii,admixture,5x6,10,1.775833
u32,naive,admixture,5x6,10,5.566627
u32,null,admixture,5x6,10,0.828238
u32,sse2,admixture,5x6,10,2.471440
u32,tmueller,admixture,5x6,10,1.943099
u32,unrolledlut,admixture,5x6,10,2.029799
u32,yy,admixture,5x6,10,1.236035
u32,amartin,admixture,5x6,20,1.314538
u32,branchlut,admixture,5x6,20,3.041584
u32,branchlut2,admixture,5x6,20,2.649599
u32,countlut,admixture,5x6,20,2.899791
u32,fmt,admixture,5x6,20,3.103843
u32,jeaiii,admixture,5x6,20,2.324297
u32,naive,admixture,5x6,20,6.111650
u32,null,admixture,5x6,20,0.922677
u32,sse2,admixture,5x6,20,2.920304
u32,tmueller,admixture,5x6,20,2.424994
u32,unrolledlut,admixture,5x6,20,2.458302
u32,yy,admixture,5x6,20,1.209483
u32,amartin,admixture,5x6,30,1.310573
u32,branchlut,admixture,5x6,30,3.580846
u32,branchlut2,admixture,5x6,30,3.118012
u32,countlut,admixture,5x6,30,3.428151
u32,fmt,admixture,5x6,30,3.772363
u32,jeaiii,admixture,5x6,30,2.922293
u32,naive,admixture,5x6,30,6.710629
u32,null,admixture,5x6,30,0.766103
u32,sse2,admixture,5x6,30,3.496478
u32,tmueller,admixture,5x6,30,2.970907
u32,unrolledlut,admixture,5x6,30,3.053222
u32,yy,admixture,5x6,30,1.257524
u32,amartin,admixture,5x6,40,1.312177
u32,branchlut,admixture,5x6,40,4.145543
u32,branchlut2,admixture,5x6,40,3.582308
u32,countlut,admixture,5x6,40,4.118686
u32,fmt,admixture,5x6,40,4.463535
u32,jeaiii,admixture,5x6,40,3.511021
u32,naive,admixture,5x6,40,7.328691
u32,null,admixture,5x6,40,0.878208
u32,sse2,admixture,5x6,40,4.018378
u32,tmueller,admixture,5x6,40,3.622275
u32,unrolledlut,admixture,5x6,40,3.638356
u32,yy,admixture,5x6,40,1.329299
u32,amartin,admixture,5x6,50,1.303865
u32,branchlut,admixture,5x6,50,4.309799
u32,branchlut2,admixture,5x6,50,3.862645
u32,countlut,admixture,5x6,50,4.522222
u32,fmt,admixture,5x6,50,4.988916
u32,jeaiii,admixture,5x6,50,3.743774
u32,naive,admixture,5x6,50,7.728970
u32,null,admixture,5x6,50,0.829422
u32,sse2,admixture,5x6,50,4.220558
u32,tmueller,admixture,5x6,50,4.024795
u32,unrolledlut,admixture,5x6,50,3.968637
u32,yy,admixture,5x6,50,1.237822
u32,amartin,admixture,5x6,60,1.316610
u32,branchlut,admixture,5x6,60,4.052117
u32,branchlut2,admixture,5x6,60,3.422800
u32,countlut,admixture,5x6,60,4.084221
u32,fmt,admixture,5x6,60,4.495621
u32,jeaiii,admixture,5x6,60,3.433770
u32,naive,admixture,5x6,60,7.200590
u32,null,admixture,5x6,60,0.878141
u32,sse2,admixture,5x6,60,4.016525
u32,tmueller,admixture,5x6,60,3.602421
u32,unrolledlut,admixture,5x6,60,3.778964
u32,yy,admixture,5x6,60,1.190774
u32,amartin,admixture,5x6,70,1.307447
u32,branchlut,admixture,5x6,70,3.492943
u32,branchlut2,admixture,5x6,70,2.940269
u32,countlut,admixture,5x6,70,3.540411
u32,fmt,admixture,5x6,70,3.775306
u32,jeaiii,admixture,5x6,70,2.907931
u32,naive,admixture,5x6,70,6.452210
u32,null,admixture,5x6,70,0.946305
u32,sse2,admixture,5x6,70,3.446697
u32,tmueller,admixture,5x6,70,2.863454
u32,unrolledlut,admixture,5x6,70,3.174291
u32,yy,admixture,5x6,70,1.242729
u32,amartin,admixture,5x6,80,1.324790
u32,branchlut,admixture,5x6,80,2.955112
u32,branchlut2,admixture,5x6,80,2.405991
u32,countlut,admixture,5x6,80,2.828990
u32,fmt,admixture,5x6,80,3.093666
u32,jeaiii,admixture,5x6,80,2.255693
u32,naive,admixture,5x6,80,5.624022
u32,null,admixture,5x6,80,0.808296
u32,sse2,admixture,5x6,80,2.837990
u32,tmueller,admixture,5x6,80,2.247142
u32,unrolledlut,admixture,5x6,80,2.591573
u32,yy,admixture,5x6,80,1.225469
u32,amartin,admixture,5x6,90,1.309360
u32,branchlut,admixture,5x6,90,2.372930
u32,branchlut2,admixture,5x6,90,1.946176
u32,countlut,admixture,5x6,90,2.321583
u32,fmt,admixture,5x6,90,2.471412
u32,jeaiii,admixture,5x6,90,1.763756
u32,naive,admixture,5x6,90,4.927421
u32,null,admixture,5x6,90,0.825438
u32,sse2,admixture,5x6,90,2.340167
u32,tmueller,admixture,5x6,90,1.576664
u32,unrolledlut,admixture,5x6,90,2.018591
u32,yy,admixture,5x6,90,1.279519
u32,amartin,admixture,5x6,100,1.315598
u32,branchlut,admixture,5x6,100,1.821668
u32,branchlut2,admixture,5x6,100,1.333179
u32,countlut,admixture,5x6,100,1.685894
u32,fmt,admixture,5x6,100,1.785952
u32,jeaiii,admixture,5x6,100,1.127339
u32,naive,admixture,5x6,100,4.196662
u32,null,admixture,5x6,100,0.790172
u32,sse2,admixture,5x6,100,1.804487
u32,tmueller,admixture,5x6,100,0.959578
u32,unrolledlut,admixture,5x6,100,1.375019
u32,yy,admixture,5x6,100,1.196115
i32,amartin,bylength,,1,0.848932
i32,branchlut,bylength,,1,4.042017
i32,branchlut2,bylength,,1,3.578993
i32,countlut,bylength,,1,3.700434
i32,fmt,bylength,,1,0.950166
i32,jeaiii,bylength,,1,3.810305
i32,naive,bylength,,1,4.162570
i32,null,bylength,,1,0.751876
i32,sse2,bylength,,1,3.779672
i32,tmueller,bylength,,1,0.832824
i32,unrolledlut,bylength,,1,3.791712
i32,yy,bylength,,1,0.993201
i32,amartin,bylength,,2,0.863227
i32,branchlut,bylength,,2,4.116859
i32,branchlut2,bylength,,2,3.855374
i32,countlut,bylength,,2,3.827406
i32,fmt,bylength,,2,1.034717
i32,jeaiii,bylength,,2,3.967414
i32,naive,bylength,,2,4.852034
i32,null,bylength,,2,1.013313
i32,sse2,bylength,,2,3.886503
i32,tmueller,bylength,,2,1.789840
i32,unrolledlut,bylength,,2,3.685348
i32,yy,bylength,,2,0.994863
i32,amartin,bylength,,3,1.186084
i32,branchlut,bylength,,3,4.059225
i32,branchlut2,bylength,,3,3.979644
i32,countlut,bylength,,3,3.977207
i32,fmt,bylength,,3,1.396450
i32,jeaiii,bylength,,3,4.030992
i32,naive,bylength,,3,5.439251
i32,null,bylength,,3,1.080102
i32,sse2,bylength,,3,3.969459
i32,tmueller,bylength,,3,1.793165
i32,unrolledlut,bylength,,3,4.461577
i32,yy,bylength,,3,1.121884
i32,amartin,bylength,,4,1.184707
i32,branchlut,bylength,,4,4.095343
i32,branchlut2,bylength,,4,3.990470
i32,countlut,bylength,,4,4.108088
i32,fmt,bylength,,4,1.476253
i32,jeaiii,bylength,,4,3.845132
i32,naive,bylength,,4,6.114927
i32,null,bylength,,4,1.094147
i32,sse2,bylength,,4,4.141511
i32,tmueller,bylength,,4,1.266238
i32,unrolledlut,bylength,,4,4.121503
i32,yy,bylength,,4,1.092694
i32,amartin,bylength,,5,1.684098
i32,branchlut,bylength,,5,4.728796
i32,branchlut2,bylength,,5,3.873691
i32,countlut,bylength,,5,4.219516
i32,fmt,bylength,,5,1.806772
i32,jeaiii,bylength,,5,3.957744
i32,naive,bylength,,5,6.780141
i32,null,bylength,,5,0.874043
i32,sse2,bylength,,5,4.499978
i32,tmueller,bylength,,5,1.256607
i32,unrolledlut,bylength,,5,4.468056
i32,yy,bylength,,5,1.430246
i32,amartin,bylength,,6,1.730294
i32,branchlut,bylength,,6,4.923111
i32,branchlut2,bylength,,6,4.530783
i32,countlut,bylength,,6,4.292210
i32,fmt,bylength,,6,1.880754
i32,jeaiii,bylength,,6,4.064137
i32,naive,bylength,,6,7.727584
i32,null,bylength,,6,0.931878
i32,sse2,bylength,,6,4.638466
i32,tmueller,bylength,,6,1.733734
i32,unrolledlut,bylength,,6,4.518848
i32,yy,bylength,,6,1.449298
i32,amartin,bylength,,7,2.215926
i32,branchlut,bylength,,7,4.391087
i32,branchlut2,bylength,,7,4.780645
i32,countlut,bylength,,7,4.476907
i32,fmt,bylength,,7,2.163502
i32,jeaiii,bylength,,7,4.036355
i32,naive,bylength,,7,8.265192
i32,null,bylength,,7,0.875180
i32,sse2,bylength,,7,4.521184
i32,tmueller,bylength,,7,1.662964
i32,unrolledlut,bylength,,7,4.244201
i32,yy,bylength,,7,1.910117
i32,amartin,bylength,,8,2.162048
i32,branchlut,bylength,,8,4.467801
i32,branchlut2,bylength,,8,4.785528
i32,countlut,bylength,,8,4.691880
i32,fmt,bylength,,8,2.189672
i32,jeaiii,bylength,,8,4.204711
i32,naive,bylength,,8,8.186872
i32,null,bylength,,8,0.882758
i32,sse2,bylength,,8,4.578742
i32,tmueller,bylength,,8,2.393361
i32,unrolledlut,bylength,,8,4.294823
i32,yy,bylength,,8,1.934998
i32,amartin,bylength,,9,2.539415
i32,branchlut,bylength,,9,4.592521
i32,branchlut2,bylength,,9,4.165021
i32,countlut,bylength,,9,4.763503
i32,fmt,bylength,,9,2.430453
i32,jeaiii,bylength,,9,4.396265
i32,naive,bylength,,9,9.584939
i32,null,bylength,,9,0.893106
i32,sse2,bylength,,9,4.169435
i32,tmueller,bylength,,9,2.413311
i32,unrolledlut,bylength,,9,4.368729
i32,yy,bylength,,9,2.276745
i32,amartin,bylength,,10,2.550470
i32,branchlut,bylength,,10,4.455667
i32,branchlut2,bylength,,10,4.333251
i32,countlut,bylength,,10,4.960132
i32,fmt,bylength,,10,2.438812
i32,jeaiii,bylength,,10,4.320697
i32,naive,bylength,,10,10.045853
i32,null,bylength,,10,1.015035
i32,sse2,bylength,,10,4.155924
i32,tmueller,bylength,,10,2.336825
i32,unrolledlut,bylength,,10,4.238153
i32,yy,bylength,,10,2.169301
i32,amartin,loguniform,1-10,10,6.519096
i32,branchlut,loguniform,1-10,10,10.816089
i32,branchlut2,loguniform,1-10,10,11.342329
i32,countlut,loguniform,1-10,10,10.878258
i32,fmt,loguniform,1-10,10,9.372237
i32,jeaiii,loguniform,1-10,10,11.336194
i32,naive,loguniform,1-10,10,12.862894
i32,null,loguniform,1-10,10,0.813359
i32,sse2,loguniform,1-10,10,11.219128
i32,tmueller,loguniform,1-10,10,7.626245
i32,unrolledlut,loguniform,1-10,10,10.753823
i32,yy,loguniform,1-10,10,6.462269
i32,amartin,loguniform,1-4,4,4.087971
i32,branchlut,loguniform,1-4,4,7.725565
i32,branchlut2,loguniform,1-4,4,8.389796
i32,countlut,loguniform,1-4,4,8.901387
i32,fmt,loguniform,1-4,4,6.609035
i32,jeaiii,loguniform,1-4,4,8.520716
i32,naive,loguniform,1-4,4,8.689186
i32,null,loguniform,1-4,4,0.879318
i32,sse2,loguniform,1-4,4,7.357430
i32,tmueller,loguniform,1-4,4,4.456834
i32,unrolledlut,loguniform,1-4,4,8.177211
i32,yy,loguniform,1-4,4,3.844275
i32,amartin,uniform,0-255,0,3.569050
i32,branchlut,uniform,0-255,0,3.492344
i32,branchlut2,uniform,0-255,0,3.589287
i32,countlut,uniform,0-255,0,3.536545
i32,fmt,uniform,0-255,0,3.690606
i32,jeaiii,uniform,0-255,0,3.511129
i32,naive,uniform,0-255,0,4.543992
i32,null,uniform,0-255,0,0.805297
i32,sse2,uniform,0-255,0,3.475728
i32,tmueller,uniform,0-255,0,1.981521
i32,unrolledlut,uniform,0-255,0,3.318465
i32,yy,uniform,0-255,0,3.305939
i32,amartin,unpredictable,,1,3.039541
i32,branchlut,unpredictable,,1,5.087766
i32,branchlut2,unpredictable,,1,4.390676
i32,countlut,unpredictable,,1,6.759500
i32,fmt,unpredictable,,1,4.178340
i32,jeaiii,unpredictable,,1,6.899286
i32,naive,unpredictable,,1,8.191295
i32,null,unpredictable,,1,0.558564
i32,sse2,unpredictable,,1,5.191385
i32,tmueller,unpredictable,,1,1.946149
i32,unrolledlut,unpredictable,,1,4.938136
i32,yy,unpredictable,,1,3.998738
i32,amartin,unpredictable,,2,3.029146
i32,branchlut,unpredictable,,2,5.017406
i32,branchlut2,unpredictable,,2,4.333270
i32,countlut,unpredictable,,2,6.827798
i32,fmt,unpredictable,,2,4.163070
i32,jeaiii,unpredictable,,2,6.921089
i32,naive,unpredictable,,2,7.740823
i32,null,unpredictable,,2,0.578496
i32,sse2,unpredictable,,2,4.956625
i32,tmueller,unpredictable,,2,1.973783
i32,unrolledlut,unpredictable,,2,4.958144
i32,yy,unpredictable,,2,3.963691
i32,amartin,unpredictable,,3,2.378521
i32,branchlut,unpredictable,,3,5.722873
i32,branchlut2,unpredictable,,3,4.923337
i32,countlut,unpredictable,,3,6.085561
i32,fmt,unpredictable,,3,2.904265
i32,jeaiii,unpredictable,,3,4.906824
i32,naive,unpredictable,,3,8.128005
i32,null,unpredictable,,3,0.691642
i32,sse2,unpredictable,,3,5.580189
i32,tmueller,unpredictable,,3,2.131070
i32,unrolledlut,unpredictable,,3,4.410615
i32,yy,unpredictable,,3,3.182319
i32,amartin,unpredictable,,4,2.463655
i32,branchlut,unpredictable,,4,6.602849
i32,branchlut2,unpredictable,,4,5.331861
i32,countlut,unpredictable,,4,6.627759
i32,fmt,unpredictable,,4,3.027389
i32,jeaiii,unpredictable,,4,4.756472
i32,naive,unpredictable,,4,8.444936
i32,null,unpredictable,,4,0.998046
i32,sse2,unpredictable,,4,6.682888
i32,tmueller,unpredictable,,4,1.943894
i32,unrolledlut,unpredictable,,4,4.982757
i32,yy,unpredictable,,4,3.205842
i32,amartin,unpredictable,,5,2.230785
i32,branchlut,unpredictable,,5,5.034833
i32,branchlut2,unpredictable,,5,5.236505
i32,countlut,unpredictable,,5,5.948432
i32,fmt,unpredictable,,5,2.851588
i32,jeaiii,unpredictable,,5,4.844547
i32,naive,unpredictable,,5,8.869073
i32,null,unpredictable,,5,0.742585
i32,sse2,unpredictable,,5,5.394424
i32,tmueller,unpredictable,,5,2.018870
i32,unrolledlut,unpredictable,,5,4.837201
i32,yy,unpredictable,,5,2.687898
i32,amartin,unpredictable,,6,1.983192
i32,branchlut,unpredictable,,6,4.618016
i32,branchlut2,unpredictable,,6,5.234519
i32,countlut,unpredictable,,6,5.575967
i32,fmt,unpredictable,,6,2.718259
i32,jeaiii,unpredictable,,6,4.684774
i32,naive,unpredictable,,6,8.636947
i32,null,unpredictable,,6,0.593074
i32,sse2,unpredictable,,6,4.863047
i32,tmueller,unpredictable,,6,2.244285
i32,unrolledlut,unpredictable,,6,4.456388
i32,yy,unpredictable,,6,2.434552
i32,amartin,unpredictable,,7,2.296055
i32,branchlut,unpredictable,,7,5.173036
i32,branchlut2,unpredictable,,7,5.301381
i32,countlut,unpredictable,,7,4.624408
i32,fmt,unpredictable,,7,2.151393
i32,jeaiii,unpredictable,,7,4.891232
i32,naive,unpredictable,,7,9.130891
i32,null,unpredictable,,7,0.660874
i32,sse2,unpredictable,,7,5.200695
i32,tmueller,unpredictable,,7,2.187911
i32,unrolledlut,unpredictable,,7,5.960864
i32,yy,unpredictable,,7,1.966004
i32,amartin,unpredictable,,8,2.332325
i32,branchlut,unpredictable,,8,5.630210
i32,branchlut2,unpredictable,,8,5.522176
i32,countlut,unpredictable,,8,4.970635
i32,fmt,unpredictable,,8,2.237561
i32,jeaiii,unpredictable,,8,4.779251
i32,naive,unpredictable,,8,8.480361
i32,null,unpredictable,,8,0.681417
i32,sse2,unpredictable,,8,5.468956
i32,tmueller,unpredictable,,8,2.380383
i32,unrolledlut,unpredictable,,8,6.250030
i32,yy,unpredictable,,8,2.074775
i32,amartin,unpredictable,,9,5.195034
i32,branchlut,unpredictable,,9,6.033422
i32,branchlut2,unpredictable,,9,7.871678
i32,countlut,unpredictable,,9,5.343213
i32,fmt,unpredictable,,9,2.709086
i32,jeaiii,unpredictable,,9,4.968321
i32,naive,unpredictable,,9,9.099549
i32,null,unpredictable,,9,0.807559
i32,sse2,unpredictable,,9,5.240807
i32,tmueller,unpredictable,,9,2.454146
i32,unrolledlut,unpredictable,,9,7.557832
i32,yy,unpredictable,,9,2.579040
i32,amartin,unpredictable,,10,5.064880
i32,branchlut,unpredictable,,10,5.527228
i32,branchlut2,unpredictable,,10,7.559026
i32,countlut,unpredictable,,10,5.153722
i32,fmt,unpredictable,,10,2.517379
i32,jeaiii,unpredictable,,10,5.041435
i32,naive,unpredictable,,10,10.073316
i32,null,unpredictable,,10,1.061984
i32,sse2,unpredictable,,10,5.331749
i32,tmueller,unpredictable,,10,2.363814
i32,unrolledlut,unpredictable,,10,7.112681
i32,yy,unpredictable,,10,2.566657
i32,amartin,admixture,5x6,0,1.659819
i32,branchlut,admixture,5x6,0,4.654019
i32,branchlut2,admixture,5x6,0,4.399405
i32,countlut,admixture,5x6,0,4.077445
i32,fmt,admixture,5x6,0,1.756446
i32,jeaiii,admixture,5x6,0,3.868540
i32,naive,admixture,5x6,0,7.413527
i32,null,admixture,5x6,0,1.080655
i32,sse2,admixture,5x6,0,4.461156
i32,tmueller,admixture,5x6,0,1.674007
i32,unrolledlut,admixture,5x6,0,4.196183
i32,yy,admixture,5x6,0,1.452336
i32,amartin,admixture,5x6,10,1.646147
i32,branchlut,admixture,5x6,10,4.858597
i32,branchlut2,admixture,5x6,10,4.912792
i32,countlut,admixture,5x6,10,4.765887
i32,fmt,admixture,5x6,10,2.400802
i32,jeaiii,admixture,5x6,10,4.535150
i32,naive,admixture,5x6,10,7.876781
i32,null,admixture,5x6,10,0.797585
i32,sse2,admixture,5x6,10,4.982505
i32,tmueller,admixture,5x6,10,2.225395
i32,unrolledlut,admixture,5x6,10,4.367805
i32,yy,admixture,5x6,10,1.406645
i32,amartin,admixture,5x6,20,1.656733
i32,branchlut,admixture,5x6,20,5.462154
i32,branchlut2,admixture,5x6,20,5.434178
i32,countlut,admixture,5x6,20,5.390980
i32,fmt,admixture,5x6,20,2.974624
i32,jeaiii,admixture,5x6,20,4.991686
i32,naive,admixture,5x6,20,8.375120
i32,null,admixture,5x6,20,0.745311
i32,sse2,admixture,5x6,20,5.497898
i32,tmueller,admixture,5x6,20,2.747630
i32,unrolledlut,admixture,5x6,20,4.899243
i32,yy,admixture,5x6,20,1.436725
i32,amartin,admixture,5x6,30,1.651381
i32,branchlut,admixture,5x6,30,6.254483
i32,branchlut2,admixture,5x6,30,6.096056
i32,countlut,admixture,5x6,30,6.306806
i32,fmt,admixture,5x6,30,3.737010
i32,jeaiii,admixture,5x6,30,5.651080
i32,naive,admixture,5x6,30,9.083149
i32,null,admixture,5x6,30,1.094844
i32,sse2,admixture,5x6,30,6.202735
i32,tmueller,admixture,5x6,30,3.362204
i32,unrolledlut,admixture,5x6,30,5.798443
i32,yy,admixture,5x6,30,1.450282
i32,amartin,admixture,5x6,40,1.663708
i32,branchlut,admixture,5x6,40,6.770260
i32,branchlut2,admixture,5x6,40,6.677464
i32,countlut,admixture,5x6,40,7.006015
i32,fmt,admixture,5x6,40,4.418551
i32,jeaiii,admixture,5x6,40,6.157417
i32,naive,admixture,5x6,40,9.671131
i32,null,admixture,5x6,40,0.882527
i32,sse2,admixture,5x6,40,6.747119
i32,tmueller,admixture,5x6,40,4.051342
i32,unrolledlut,admixture,5x6,40,6.482222
i32,yy,admixture,5x6,40,1.440374
i32,amartin,admixture,5x6,50,1.675173
i32,branchlut,admixture,5x6,50,7.033265
i32,branchlut2,admixture,5x6,50,6.848639
i32,countlut,admixture,5x6,50,7.342565
i32,fmt,admixture,5x6,50,4.961540
i32,jeaiii,admixture,5x6,50,6.442435
i32,naive,admixture,5x6,50,9.823483
i32,null,admixture,5x6,50,0.848216
i32,sse2,admixture,5x6,50,6.940842
i32,tmueller,admixture,5x6,50,4.347416
i32,unrolledlut,admixture,5x6,50,6.596622
i32,yy,admixture,5x6,50,1.417146
i32,amartin,admixture,5x6,60,1.709360
i32,branchlut,admixture,5x6,60,7.006025
i32,branchlut2,admixture,5x6,60,6.808022
i32,countlut,admixture,5x6,60,7.214978
i32,fmt,admixture,5x6,60,4.610976
i32,jeaiii,admixture,5x6,60,6.448856
i32,naive,admixture,5x6,60,9.794722
i32,null,admixture,5x6,60,0.910055
i32,sse2,admixture,5x6,60,6.975783
i32,tmueller,admixture,5x6,60,4.096727
i32,unrolledlut,admixture,5x6,60,6.564995
i32,yy,admixture,5x6,60,1.426108
i32,amartin,admixture,5x6,70,1.708022
i32,branchlut,admixture,5x6,70,6.385528
i32,branchlut2,admixture,5x6,70,6.085623
i32,countlut,admixture,5x6,70,6.524053
i32,fmt,admixture,5x6,70,3.841337
i32,jeaiii,admixture,5x6,70,5.866752
i32,naive,admixture,5x6,70,9.057753
i32,null,admixture,5x6,70,1.115540
i32,sse2,admixture,5x6,70,6.323718
i32,tmueller,admixture,5x6,70,3.287552
i32,unrolledlut,admixture,5x6,70,5.993819
i32,yy,admixture,5x6,70,1.430179
i32,amartin,admixture,5x6,80,1.663373
i32,branchlut,admixture,5x6,80,5.483891
i32,branchlut2,admixture,5x6,80,5.312746
i32,countlut,admixture,5x6,80,5.595289
i32,fmt,admixture,5x6,80,3.036013
i32,jeaiii,admixture,5x6,80,5.097486
i32,naive,admixture,5x6,80,7.999579
i32,null,admixture,5x6,80,0.891203
i32,sse2,admixture,5x6,80,5.556297
i32,tmueller,admixture,5x6,80,2.491639
i32,unrolledlut,admixture,5x6,80,5.241763
i32,yy,admixture,5x6,80,1.428765
i32,amartin,admixture,5x6,90,1.690088
i32,branchlut,admixture,5x6,90,4.917885
i32,branchlut2,admixture,5x6,90,4.724734
i32,countlut,admixture,5x6,90,4.974505
i32,fmt,admixture,5x6,90,2.441725
i32,jeaiii,admixture,5x6,90,4.594168
i32,naive,admixture,5x6,90,7.375145
i32,null,admixture,5x6,90,0.924803
i32,sse2,admixture,5x6,90,4.875366
i32,tmueller,admixture,5x6,90,1.905940
i32,unrolledlut,admixture,5x6,90,4.790939
i32,yy,admixture,5x6,90,1.467873
i32,amartin,admixture,5x6,100,1.676473
i32,branchlut,admixture,5x6,100,4.776665
i32,branchlut2,admixture,5x6,100,4.044435
i32,countlut,admixture,5x6,100,4.071655
i32,fmt,admixture,5x6,100,1.760994
i32,jeaiii,admixture,5x6,100,3.742905
i32,naive,admixture,5x6,100,6.746441
i32,null,admixture,5x6,100,0.896000
i32,sse2,admixture,5x6,100,4.410373
i32,tmueller,admixture,5x6,100,1.251294
i32,unrolledlut,admixture,5x6,100,4.501888
i32,yy,admixture,5x6,100,1.461556
u64,amartin,bylength,,1,0.970241
u64,branchlut,bylength,,1,1.166094
u64,branchlut2,bylength,,1,0.984821
u64,countlut,bylength,,1,1.145188
u64,fmt,bylength,,1,0.899640
u64,jeaiii,bylength,,1,0.875419
u64,naive,bylength,,1,1.334459
u64,null,bylength,,1,1.091892
u64,sse2,bylength,,1,1.322506
u64,tmueller,bylength,,1,0.774817
u64,unrolledlut,bylength,,1,1.352660
u64,yy,bylength,,1,0.951427
u64,amartin,bylength,,2,0.967689
u64,branchlut,bylength,,2,1.404887
u64,branchlut2,bylength,,2,1.201437
u64,countlut,bylength,,2,1.290517
u64,fmt,bylength,,2,1.071779
u64,jeaiii,bylength,,2,0.982938
u64,naive,bylength,,2,2.150580
u64,null,bylength,,2,1.093096
u64,sse2,bylength,,2,1.226261
u64,tmueller,bylength,,2,0.968807
u64,unrolledlut,bylength,,2,1.353559
u64,yy,bylength,,2,0.961679
u64,amartin,bylength,,3,0.983253
u64,branchlut,bylength,,3,1.149163
u64,branchlut2,bylength,,3,1.035413
u64,countlut,bylength,,3,1.403225
u64,fmt,bylength,,3,1.272812
u64,jeaiii,bylength,,3,1.079747
u64,naive,bylength,,3,2.922951
u64,null,bylength,,3,0.823536
u64,sse2,bylength,,3,1.035375
u64,tmueller,bylength,,3,1.292379
u64,unrolledlut,bylength,,3,1.507162
u64,yy,bylength,,3,1.236876
u64,amartin,bylength,,4,0.967278
u64,branchlut,bylength,,4,1.383475
u64,branchlut2,bylength,,4,1.120070
u64,countlut,bylength,,4,1.485271
u64,fmt,bylength,,4,1.276653
u64,jeaiii,bylength,,4,1.189484
u64,naive,bylength,,4,3.697977
u64,null,bylength,,4,0.904761
u64,sse2,bylength,,4,1.100319
u64,tmueller,bylength,,4,1.280532
u64,unrolledlut,bylength,,4,1.478478
u64,yy,bylength,,4,1.211595
u64,amartin,bylength,,5,1.411194
u64,branchlut,bylength,,5,1.944388
u64,branchlut2,bylength,,5,1.357333
u64,countlut,bylength,,5,1.800627
u64,fmt,bylength,,5,1.772717
u64,jeaiii,bylength,,5,1.135921
u64,naive,bylength,,5,4.588140
u64,null,bylength,,5,0.765567
u64,sse2,bylength,,5,1.794645
u64,tmueller,bylength,,5,1.774935
u64,unrolledlut,bylength,,5,1.703780
u64,yy,bylength,,5,1.453779
u64,amartin,bylength,,6,1.414662
u64,branchlut,bylength,,6,2.101881
u64,branchlut2,bylength,,6,1.496758
u64,countlut,bylength,,6,1.918619
u64,fmt,bylength,,6,1.725575
u64,jeaiii,bylength,,6,1.198419
u64,naive,bylength,,6,5.346056
u64,null,bylength,,6,0.965751
u64,sse2,bylength,,6,1.927382
u64,tmueller,bylength,,6,1.756542
u64,unrolledlut,bylength,,6,1.834032
u64,yy,bylength,,6,1.427686
u64,amartin,bylength,,7,1.917531
u64,branchlut,bylength,,7,2.157479
u64,branchlut2,bylength,,7,1.837453
u64,countlut,bylength,,7,2.241429
u64,fmt,bylength,,7,2.311045
u64,jeaiii,bylength,,7,1.381967
u64,naive,bylength,,7,6.237341
u64,null,bylength,,7,0.908493
u64,sse2,bylength,,7,2.020808
u64,tmueller,bylength,,7,2.279428
u64,unrolledlut,bylength,,7,1.844322
u64,yy,bylength,,7,1.608815
u64,amartin,bylength,,8,1.913556
u64,branchlut,bylength,,8,2.222577
u64,branchlut2,bylength,,8,1.920541
u64,countlut,bylength,,8,2.318631
u64,fmt,bylength,,8,2.280221
u64,jeaiii,bylength,,8,1.362435
u64,naive,bylength,,8,7.142795
u64,null,bylength,,8,0.885318
u64,sse2,bylength,,8,2.096645
u64,tmueller,bylength,,8,2.274832
u64,unrolledlut,bylength,,8,1.815343
u64,yy,bylength,,8,1.621151
u64,amartin,bylength,,9,2.238839
u64,branchlut,bylength,,9,4.339402
u64,branchlut2,bylength,,9,2.183383
u64,countlut,bylength,,9,2.456239
u64,fmt,bylength,,9,2.921796
u64,jeaiii,bylength,,9,1.591006
u64,naive,bylength,,9,7.827920
u64,null,bylength,,9,0.869610
u64,sse2,bylength,,9,2.234072
u64,tmueller,bylength,,9,2.859087
u64,unrolledlut,bylength,,9,2.034357
u64,yy,bylength,,9,2.145479
u64,amartin,bylength,,10,4.293586
u64,branchlut,bylength,,10,4.631548
u64,branchlut2,bylength,,10,2.271393
u64,countlut,bylength,,10,2.513330
u64,fmt,bylength,,10,2.895749
u64,jeaiii,bylength,,10,3.987976
u64,naive,bylength,,10,8.591921
u64,null,bylength,,10,0.799965
u64,sse2,bylength,,10,2.263700
u64,tmueller,bylength,,10,2.804473
u64,unrolledlut,bylength,,10,4.378222
u64,yy,bylength,,10,2.160241
u64,amartin,bylength,,11,2.828771
u64,branchlut,bylength,,11,5.004643
u64,branchlut2,bylength,,11,2.616453
u64,countlut,bylength,,11,2.797680
u64,fmt,bylength,,11,3.522458
u64,jeaiii,bylength,,11,2.202044
u64,naive,bylength,,11,9.464922
u64,null,bylength,,11,0.740926
u64,sse2,bylength,,11,2.250152
u64,tmueller,bylength,,11,3.418253
u64,unrolledlut,bylength,,11,2.857655
u64,yy,bylength,,11,2.557204
u64,amartin,bylength,,12,2.846170
u64,branchlut,bylength,,12,4.882466
u64,branchlut2,bylength,,12,2.720104
u64,countlut,bylength,,12,2.874156
u64,fmt,bylength,,12,3.501867
u64,jeaiii,bylength,,12,2.148976
u64,naive,bylength,,12,10.364085
u64,null,bylength,,12,1.001858
u64,sse2,bylength,,12,2.264312
u64,tmueller,bylength,,12,3.372026
u64,unrolledlut,bylength,,12,2.837035
u64,yy,bylength,,12,2.544249
u64,amartin,bylength,,13,3.314511
u64,branchlut,bylength,,13,4.912936
u64,branchlut2,bylength,,13,2.930443
u64,countlut,bylength,,13,3.235347
u64,fmt,bylength,,13,4.179598
u64,jeaiii,bylength,,13,2.383982
u64,naive,bylength,,13,11.665304
u64,null,bylength,,13,0.914823
u64,sse2,bylength,,13,2.268039
u64,tmueller,bylength,,13,4.019306
u64,unrolledlut,bylength,,13,3.088164
u64,yy,bylength,,13,2.977643
u64,amartin,bylength,,14,3.323977
u64,branchlut,bylength,,14,4.978903
u64,branchlut2,bylength,,14,2.907694
u64,countlut,bylength,,14,3.282852
u64,fmt,bylength,,14,4.134537
u64,jeaiii,bylength,,14,2.339987
u64,naive,bylength,,14,12.740494
u64,null,bylength,,14,0.755698
u64,sse2,bylength,,14,2.262755
u64,tmueller,bylength,,14,4.014787
u64,unrolledlut,bylength,,14,3.057150
u64,yy,bylength,,14,2.955372
u64,amartin,bylength,,15,3.797932
u64,branchlut,bylength,,15,5.028655
u64,branchlut2,bylength,,15,3.462529
u64,countlut,bylength,,15,3.685853
u64,fmt,bylength,,15,5.039872
u64,jeaiii,bylength,,15,2.730270
u64,naive,bylength,,15,13.867476
u64,null,bylength,,15,1.006386
u64,sse2,bylength,,15,2.266815
u64,tmueller,bylength,,15,4.660632
u64,unrolledlut,bylength,,15,3.383932
u64,yy,bylength,,15,3.248942
u64,amartin,bylength,,16,3.938769
u64,branchlut,bylength,,16,5.188563
u64,branchlut2,bylength,,16,3.641815
u64,countlut,bylength,,16,3.915475
u64,fmt,bylength,,16,5.197489
u64,jeaiii,bylength,,16,2.770687
u64,naive,bylength,,16,14.511637
u64,null,bylength,,16,1.093086
u64,sse2,bylength,,16,2.202742
u64,tmueller,bylength,,16,4.783918
u64,unrolledlut,bylength,,16,3.467288
u64,yy,bylength,,16,3.415606
u64,amartin,bylength,,17,4.061845
u64,branchlut,bylength,,17,3.506779
u64,branchlut2,bylength,,17,3.534717
u64,countlut,bylength,,17,3.804296
u64,fmt,bylength,,17,5.724855
u64,jeaiii,bylength,,17,2.919827
u64,naive,bylength,,17,15.071996
u64,null,bylength,,17,0.918769
u64,sse2,bylength,,17,2.004518
u64,tmueller,bylength,,17,5.467850
u64,unrolledlut,bylength,,17,3.834938
u64,yy,bylength,,17,3.356845
u64,amartin,bylength,,18,5.548330
u64,branchlut,bylength,,18,3.550320
u64,branchlut2,bylength,,18,3.532815
u64,countlut,bylength,,18,3.842743
u64,fmt,bylength,,18,5.701120
u64,jeaiii,bylength,,18,5.089796
u64,naive,bylength,,18,16.320529
u64,null,bylength,,18,0.750384
u64,sse2,bylength,,18,2.079141
u64,tmueller,bylength,,18,5.432976
u64,unrolledlut,bylength,,18,5.769237
u64,yy,bylength,,18,3.386991
u64,amartin,bylength,,19,4.353408
u64,branchlut,bylength,,19,4.011624
u64,branchlut2,bylength,,19,3.935301
u64,countlut,bylength,,19,4.228968
u64,fmt,bylength,,19,6.376462
u64,jeaiii,bylength,,19,3.397922
u64,naive,bylength,,19,17.378864
u64,null,bylength,,19,0.875037
u64,sse2,bylength,,19,2.426112
u64,tmueller,bylength,,19,6.265255
u64,unrolledlut,bylength,,19,4.444676
u64,yy,bylength,,19,3.659091
u64,amartin,bylength,,20,4.346291
u64,branchlut,bylength,,20,3.889744
u64,branchlut2,bylength,,20,4.093910
u64,countlut,bylength,,20,4.336822
u64,fmt,bylength,,20,6.357774
u64,jeaiii,bylength,,20,3.342809
u64,naive,bylength,,20,18.427149
u64,null,bylength,,20,0.908928
u64,sse2,bylength,,20,2.305695
u64,tmueller,bylength,,20,6.036885
u64,unrolledlut,bylength,,20,4.407948
u64,yy,bylength,,20,3.664948
u64,amartin,loguniform,1-20,20,8.774084
u64,branchlut,loguniform,1-20,20,10.564487
u64,branchlut2,loguniform,1-20,20,11.510336
u64,countlut,loguniform,1-20,20,11.214639
u64,fmt,loguniform,1-20,20,11.549252
u64,jeaiii,loguniform,1-20,20,11.230800
u64,naive,loguniform,1-20,20,15.865467
u64,null,loguniform,1-20,20,0.862043
u64,sse2,loguniform,1-20,20,13.178971
u64,tmueller,loguniform,1-20,20,11.163393
u64,unrolledlut,loguniform,1-20,20,11.089574
u64,yy,loguniform,1-20,20,8.737940
u64,amartin,loguniform,1-4,4,3.915876
u64,branchlut,loguniform,1-4,4,5.799057
u64,branchlut2,loguniform,1-4,4,6.588903
u64,countlut,loguniform,1-4,4,6.845573
u64,fmt,loguniform,1-4,4,6.704488
u64,jeaiii,loguniform,1-4,4,6.532349
u64,naive,loguniform,1-4,4,7.182934
u64,null,loguniform,1-4,4,1.033637
u64,sse2,loguniform,1-4,4,6.028821
u64,tmueller,loguniform,1-4,4,5.556298
u64,unrolledlut,loguniform,1-4,4,6.650465
u64,yy,loguniform,1-4,4,3.996137
u64,amartin,uniform,0-255,0,3.392455
u64,branchlut,uniform,0-255,0,3.636479
u64,branchlut2,uniform,0-255,0,3.653468
u64,countlut,uniform,0-255,0,3.665746
u64,fmt,uniform,0-255,0,3.586728
u64,jeaiii,uniform,0-255,0,3.509248
u64,naive,uniform,0-255,0,5.087008
u64,null,uniform,0-255,0,1.092575
u64,sse2,uniform,0-255,0,3.683652
u64,tmueller,uniform,0-255,0,3.435417
u64,unrolledlut,uniform,0-255,0,3.975905
u64,yy,uniform,0-255,0,3.464396
u64,amartin,unpredictable,,1,2.465728
u64,branchlut,unpredictable,,1,2.845512
u64,branchlut2,unpredictable,,1,2.185895
u64,countlut,unpredictable,,1,3.218685
u64,fmt,unpredictable,,1,5.096057
u64,jeaiii,unpredictable,,1,2.511974
u64,naive,unpredictable,,1,5.258344
u64,null,unpredictable,,1,0.950314
u64,sse2,unpredictable,,1,2.492709
u64,tmueller,unpredictable,,1,5.777285
u64,unrolledlut,unpredictable,,1,2.218411
u64,yy,unpredictable,,1,3.020079
u64,amartin,unpredictable,,2,2.738326
u64,branchlut,unpredictable,,2,2.993801
u64,branchlut2,unpredictable,,2,2.358378
u64,countlut,unpredictable,,2,4.095875
u64,fmt,unpredictable,,2,5.866727
u64,jeaiii,unpredictable,,2,3.224075
u64,naive,unpredictable,,2,6.780541
u64,null,unpredictable,,2,0.946339
u64,sse2,unpredictable,,2,3.313640
u64,tmueller,unpredictable,,2,6.111551
u64,unrolledlut,unpredictable,,2,2.851876
u64,yy,unpredictable,,2,3.598566
u64,amartin,unpredictable,,3,2.106791
u64,branchlut,unpredictable,,3,2.545223
u64,branchlut2,unpredictable,,3,2.252263
u64,countlut,unpredictable,,3,2.792580
u64,fmt,unpredictable,,3,3.250560
u64,jeaiii,unpredictable,,3,1.241985
u64,naive,unpredictable,,3,6.300277
u64,null,unpredictable,,3,0.537086
u64,sse2,unpredictable,,3,2.109733
u64,tmueller,unpredictable,,3,3.554239
u64,unrolledlut,unpredictable,,3,1.984776
u64,yy,unpredictable,,3,2.885910
u64,amartin,unpredictable,,4,1.915668
u64,branchlut,unpredictable,,4,3.016237
u64,branchlut2,unpredictable,,4,2.421573
u64,countlut,unpredictable,,4,2.995960
u64,fmt,unpredictable,,4,3.606202
u64,jeaiii,unpredictable,,4,1.604115
u64,naive,unpredictable,,4,7.004849
u64,null,unpredictable,,4,0.886633
u64,sse2,unpredictable,,4,2.440873
u64,tmueller,unpredictable,,4,3.725838
u64,unrolledlut,unpredictable,,4,1.870351
u64,yy,unpredictable,,4,2.882019
u64,amartin,unpredictable,,5,2.088763
u64,branchlut,unpredictable,,5,3.028889
u64,branchlut2,unpredictable,,5,2.488551
u64,countlut,unpredictable,,5,2.688965
u64,fmt,unpredictable,,5,3.383786
u64,jeaiii,unpredictable,,5,1.490450
u64,naive,unpredictable,,5,7.743968
u64,null,unpredictable,,5,0.800295
u64,sse2,unpredictable,,5,2.632905
u64,tmueller,unpredictable,,5,3.928343
u64,unrolledlut,unpredictable,,5,1.945622
u64,yy,unpredictable,,5,2.726086
u64,amartin,unpredictable,,6,2.145192
u64,branchlut,unpredictable,,6,3.370739
u64,branchlut2,unpredictable,,6,2.525224
u64,countlut,unpredictable,,6,3.059519
u64,fmt,unpredictable,,6,3.589366
u64,jeaiii,unpredictable,,6,1.841129
u64,naive,unpredictable,,6,8.858764
u64,null,unpredictable,,6,0.737864
u64,sse2,unpredictable,,6,2.310605
u64,tmueller,unpredictable,,6,3.643705
u64,unrolledlut,unpredictable,,6,2.190722
u64,yy,unpredictable,,6,2.728645
u64,amartin,unpredictable,,7,2.328929
u64,branchlut,unpredictable,,7,3.394436
u64,branchlut2,unpredictable,,7,2.897325
u64,countlut,unpredictable,,7,3.221548
u64,fmt,unpredictable,,7,3.556075
u64,jeaiii,unpredictable,,7,1.943958
u64,naive,unpredictable,,7,9.143533
u64,null,unpredictable,,7,0.618698
u64,sse2,unpredictable,,7,2.419490
u64,tmueller,unpredictable,,7,3.658154
u64,unrolledlut,unpredictable,,7,2.979259
u64,yy,unpredictable,,7,2.965012
u64,amartin,unpredictable,,8,2.350104
u64,branchlut,unpredictable,,8,3.630323
u64,branchlut2,unpredictable,,8,3.025283
u64,countlut,unpredictable,,8,3.291643
u64,fmt,unpredictable,,8,4.131764
u64,jeaiii,unpredictable,,8,2.168076
u64,naive,unpredictable,,8,9.487277
u64,null,unpredictable,,8,0.915602
u64,sse2,unpredictable,,8,2.933311
u64,tmueller,unpredictable,,8,3.628763
u64,unrolledlut,unpredictable,,8,2.802381
u64,yy,unpredictable,,8,2.924004
u64,amartin,unpredictable,,9,4.227046
u64,branchlut,unpredictable,,9,4.247982
u64,branchlut2,unpredictable,,9,1.999654
u64,countlut,unpredictable,,9,3.077787
u64,fmt,unpredictable,,9,4.266686
u64,jeaiii,unpredictable,,9,2.206409
u64,naive,unpredictable,,9,10.073672
u64,null,unpredictable,,9,0.830181
u64,sse2,unpredictable,,9,3.769715
u64,tmueller,unpredictable,,9,4.233465
u64,unrolledlut,unpredictable,,9,3.973701
u64,yy,unpredictable,,9,2.842541
u64,amartin,unpredictable,,10,7.287557
u64,branchlut,unpredictable,,10,4.523180
u64,branchlut2,unpredictable,,10,2.330115
u64,countlut,unpredictable,,10,3.227377
u64,fmt,unpredictable,,10,4.455297
u64,jeaiii,unpredictable,,10,6.186779
u64,naive,unpredictable,,10,12.059886
u64,null,unpredictable,,10,0.721468
u64,sse2,unpredictable,,10,4.729129
u64,tmueller,unpredictable,,10,4.847397
u64,unrolledlut,unpredictable,,10,7.718778
u64,yy,unpredictable,,10,3.218710
u64,amartin,unpredictable,,11,3.018846
u64,branchlut,unpredictable,,11,5.100941
u64,branchlut2,unpredictable,,11,2.570819
u64,countlut,unpredictable,,11,2.951952
u64,fmt,unpredictable,,11,4.620292
u64,jeaiii,unpredictable,,11,2.300907
u64,naive,unpredictable,,11,11.596042
u64,null,unpredictable,,11,0.718124
u64,sse2,unpredictable,,11,3.865800
u64,tmueller,unpredictable,,11,4.423016
u64,unrolledlut,unpredictable,,11,2.940238
u64,yy,unpredictable,,11,2.884008
u64,amartin,unpredictable,,12,3.042809
u64,branchlut,unpredictable,,12,5.438587
u64,branchlut2,unpredictable,,12,2.685842
u64,countlut,unpredictable,,12,3.107695
u64,fmt,unpredictable,,12,4.476417
u64,jeaiii,unpredictable,,12,2.471556
u64,naive,unpredictable,,12,12.516337
u64,null,unpredictable,,12,0.920418
u64,sse2,unpredictable,,12,3.728383
u64,tmueller,unpredictable,,12,4.346176
u64,unrolledlut,unpredictable,,12,2.873908
u64,yy,unpredictable,,12,2.885441
u64,amartin,unpredictable,,13,3.356549
u64,branchlut,unpredictable,,13,5.595133
u64,branchlut2,unpredictable,,13,3.056069
u64,countlut,unpredictable,,13,3.375689
u64,fmt,unpredictable,,13,4.344291
u64,jeaiii,unpredictable,,13,2.142431
u64,naive,unpredictable,,13,13.566619
u64,null,unpredictable,,13,0.948853
u64,sse2,unpredictable,,13,3.778678
u64,tmueller,unpredictable,,13,4.446672
u64,unrolledlut,unpredictable,,13,3.157189
u64,yy,unpredictable,,13,2.968893
u64,amartin,unpredictable,,14,3.037822
u64,branchlut,unpredictable,,14,5.533943
u64,branchlut2,unpredictable,,14,2.681848
u64,countlut,unpredictable,,14,3.142933
u64,fmt,unpredictable,,14,3.963725
u64,jeaiii,unpredictable,,14,2.013309
u64,naive,unpredictable,,14,13.976520
u64,null,unpredictable,,14,1.094507
u64,sse2,unpredictable,,14,3.606330
u64,tmueller,unpredictable,,14,4.065533
u64,unrolledlut,unpredictable,,14,2.868922
u64,yy,unpredictable,,14,2.757637
u64,amartin,unpredictable,,15,3.498570
u64,branchlut,unpredictable,,15,5.955978
u64,branchlut2,unpredictable,,15,3.271205
u64,countlut,unpredictable,,15,3.376661
u64,fmt,unpredictable,,15,4.264127
u64,jeaiii,unpredictable,,15,2.407711
u64,naive,unpredictable,,15,14.784011
u64,null,unpredictable,,15,0.551298
u64,sse2,unpredictable,,15,3.636981
u64,tmueller,unpredictable,,15,4.394505
u64,unrolledlut,unpredictable,,15,3.717061
u64,yy,unpredictable,,15,3.074837
u64,amartin,unpredictable,,16,3.640288
u64,branchlut,unpredictable,,16,6.040977
u64,branchlut2,unpredictable,,16,3.467546
u64,countlut,unpredictable,,16,3.505596
u64,fmt,unpredictable,,16,4.399938
u64,jeaiii,unpredictable,,16,2.618853
u64,naive,unpredictable,,16,14.543574
u64,null,unpredictable,,16,0.588846
u64,sse2,unpredictable,,16,3.335145
u64,tmueller,unpredictable,,16,4.356361
u64,unrolledlut,unpredictable,,16,3.719430
u64,yy,unpredictable,,16,3.133274
u64,amartin,unpredictable,,17,4.674077
u64,branchlut,unpredictable,,17,4.548100
u64,branchlut2,unpredictable,,17,3.884622
u64,countlut,unpredictable,,17,4.233841
u64,fmt,unpredictable,,17,4.773509
u64,jeaiii,unpredictable,,17,2.839453
u64,naive,unpredictable,,17,15.768022
u64,null,unpredictable,,17,0.677898
u64,sse2,unpredictable,,17,2.810760
u64,tmueller,unpredictable,,17,5.085316
u64,unrolledlut,unpredictable,,17,4.557040
u64,yy,unpredictable,,17,3.979216
u64,amartin,unpredictable,,18,7.320292
u64,branchlut,unpredictable,,18,4.536615
u64,branchlut2,unpredictable,,18,3.998954
u64,countlut,unpredictable,,18,4.378290
u64,fmt,unpredictable,,18,4.620749
u64,jeaiii,unpredictable,,18,6.623148
u64,naive,unpredictable,,18,16.219066
u64,null,unpredictable,,18,0.879656
u64,sse2,unpredictable,,18,2.840743
u64,tmueller,unpredictable,,18,4.805225
u64,unrolledlut,unpredictable,,18,8.219121
u64,yy,unpredictable,,18,3.942486
u64,amartin,unpredictable,,19,5.173640
u64,branchlut,unpredictable,,19,4.659164
u64,branchlut2,unpredictable,,19,4.284394
u64,countlut,unpredictable,,19,4.677126
u64,fmt,unpredictable,,19,5.632277
u64,jeaiii,unpredictable,,19,4.020252
u64,naive,unpredictable,,19,17.353599
u64,null,unpredictable,,19,0.670082
u64,sse2,unpredictable,,19,2.798968
u64,tmueller,unpredictable,,19,6.170586
u64,unrolledlut,unpredictable,,19,5.341910
u64,yy,unpredictable,,19,4.352079
u64,amartin,unpredictable,,20,5.381417
u64,branchlut,unpredictable,,20,4.702160
u64,branchlut2,unpredictable,,20,4.505759
u64,countlut,unpredictable,,20,4.941660
u64,fmt,unpredictable,,20,6.265836
u64,jeaiii,unpredictable,,20,4.314005
u64,naive,unpredictable,,20,18.896964
u64,null,unpredictable,,20,0.945604
u64,sse2,unpredictable,,20,3.103213
u64,tmueller,unpredictable,,20,5.935326
u64,unrolledlut,unpredictable,,20,5.521119
u64,yy,unpredictable,,20,4.690264
u64,amartin,admixture,5x6,0,1.431107
u64,branchlut,admixture,5x6,0,2.087596
u64,branchlut2,admixture,5x6,0,1.486897
u64,countlut,admixture,5x6,0,1.929025
u64,fmt,admixture,5x6,0,1.734385
u64,jeaiii,admixture,5x6,0,1.119697
u64,naive,admixture,5x6,0,5.337627
u64,null,admixture,5x6,0,0.936809
u64,sse2,admixture,5x6,0,1.924945
u64,tmueller,admixture,5x6,0,1.765323
u64,unrolledlut,admixture,5x6,0,1.832674
u64,yy,admixture,5x6,0,1.429281
u64,amartin,admixture,5x6,10,1.400559
u64,branchlut,admixture,5x6,10,2.617687
u64,branchlut2,admixture,5x6,10,2.037119
u64,countlut,admixture,5x6,10,2.539663
u64,fmt,admixture,5x6,10,2.465423
u64,jeaiii,admixture,5x6,10,1.895307
u64,naive,admixture,5x6,10,6.141484
u64,null,admixture,5x6,10,0.755870
u64,sse2,admixture,5x6,10,2.446704
u64,tmueller,admixture,5x6,10,2.427651
u64,unrolledlut,admixture,5x6,10,2.419970
u64,yy,admixture,5x6,10,1.431851
u64,amartin,admixture,5x6,20,1.416670
u64,branchlut,admixture,5x6,20,3.122715
u64,branchlut2,admixture,5x6,20,2.598090
u64,countlut,admixture,5x6,20,3.157131
u64,fmt,admixture,5x6,20,3.042971
u64,jeaiii,admixture,5x6,20,2.357749
u64,naive,admixture,5x6,20,6.922741
u64,null,admixture,5x6,20,0.757054
u64,sse2,admixture,5x6,20,2.964593
u64,tmueller,admixture,5x6,20,2.984782
u64,unrolledlut,admixture,5x6,20,3.036589
u64,yy,admixture,5x6,20,1.488626
u64,amartin,admixture,5x6,30,1.449471
u64,branchlut,admixture,5x6,30,3.777266
u64,branchlut2,admixture,5x6,30,3.289055
u64,countlut,admixture,5x6,30,3.931203
u64,fmt,admixture,5x6,30,3.991523
u64,jeaiii,admixture,5x6,30,3.051064
u64,naive,admixture,5x6,30,7.900052
u64,null,admixture,5x6,30,0.856300
u64,sse2,admixture,5x6,30,3.710402
u64,tmueller,admixture,5x6,30,3.881576
u64,unrolledlut,admixture,5x6,30,3.731421
u64,yy,admixture,5x6,30,1.519498
u64,amartin,admixture,5x6,40,1.410784
u64,branchlut,admixture,5x6,40,4.237291
u64,branchlut2,admixture,5x6,40,3.706905
u64,countlut,admixture,5x6,40,4.433364
u64,fmt,admixture,5x6,40,4.735190
u64,jeaiii,admixture,5x6,40,3.521962
u64,naive,admixture,5x6,40,8.249137
u64,null,admixture,5x6,40,1.055785
u64,sse2,admixture,5x6,40,4.092784
u64,tmueller,admixture,5x6,40,4.309860
u64,unrolledlut,admixture,5x6,40,4.271707
u64,yy,admixture,5x6,40,1.454086
u64,amartin,admixture,5x6,50,1.394292
u64,branchlut,admixture,5x6,50,4.517399
u64,branchlut2,admixture,5x6,50,3.935254
u64,countlut,admixture,5x6,50,4.725273
u64,fmt,admixture,5x6,50,5.174214
u64,jeaiii,admixture,5x6,50,3.804784
u64,naive,admixture,5x6,50,8.456486
u64,null,admixture,5x6,50,1.080866
u64,sse2,admixture,5x6,50,4.290310
u64,tmueller,admixture,5x6,50,4.656794
u64,unrolledlut,admixture,5x6,50,4.450697
u64,yy,admixture,5x6,50,1.448105
u64,amartin,admixture,5x6,60,1.390326
u64,branchlut,admixture,5x6,60,4.161263
u64,branchlut2,admixture,5x6,60,3.585797
u64,countlut,admixture,5x6,60,4.315191
u64,fmt,admixture,5x6,60,4.673018
u64,jeaiii,admixture,5x6,60,3.467566
u64,naive,admixture,5x6,60,8.046517
u64,null,admixture,5x6,60,1.085482
u64,sse2,admixture,5x6,60,4.090328
u64,tmueller,admixture,5x6,60,4.306210
u64,unrolledlut,admixture,5x6,60,4.142412
u64,yy,admixture,5x6,60,1.436381
u64,amartin,admixture,5x6,70,1.443423
u64,branchlut,admixture,5x6,70,3.561395
u64,branchlut2,admixture,5x6,70,3.088609
u64,countlut,admixture,5x6,70,3.663984
u64,fmt,admixture,5x6,70,3.655299
u64,jeaiii,admixture,5x6,70,2.815118
u64,naive,admixture,5x6,70,7.046103
u64,null,admixture,5x6,70,0.839857
u64,sse2,admixture,5x6,70,3.451113
u64,tmueller,admixture,5x6,70,3.593471
u64,unrolledlut,admixture,5x6,70,3.427150
u64,yy,admixture,5x6,70,1.436448
u64,amartin,admixture,5x6,80,1.521466
u64,branchlut,admixture,5x6,80,3.081171
u64,branchlut2,admixture,5x6,80,2.521595
u64,countlut,admixture,5x6,80,3.101332
u64,fmt,admixture,5x6,80,3.152307
u64,jeaiii,admixture,5x6,80,2.243627
u64,naive,admixture,5x6,80,6.267311
u64,null,admixture,5x6,80,0.760637
u64,sse2,admixture,5x6,80,2.879335
u64,tmueller,admixture,5x6,80,2.996340
u64,unrolledlut,admixture,5x6,80,2.922542
u64,yy,admixture,5x6,80,1.449194
u64,amartin,admixture,5x6,90,1.396395
u64,branchlut,admixture,5x6,90,2.489777
u64,branchlut2,admixture,5x6,90,1.904231
u64,countlut,admixture,5x6,90,2.415088
u64,fmt,admixture,5x6,90,2.453412
u64,jeaiii,admixture,5x6,90,1.754804
u64,naive,admixture,5x6,90,5.385280
u64,null,admixture,5x6,90,0.985356
u64,sse2,admixture,5x6,90,2.340407
u64,tmueller,admixture,5x6,90,2.389729
u64,unrolledlut,admixture,5x6,90,2.329219
u64,yy,admixture,5x6,90,1.431948
u64,amartin,admixture,5x6,100,1.418704
u64,branchlut,admixture,5x6,100,1.937568
u64,branchlut2,admixture,5x6,100,1.343054
u64,countlut,admixture,5x6,100,1.817617
u64,fmt,admixture,5x6,100,1.751240
u64,jeaiii,admixture,5x6,100,1.138052
u64,naive,admixture,5x6,100,4.625549
u64,null,admixture,5x6,100,0.858239
u64,sse2,admixture,5x6,100,1.788810
u64,tmueller,admixture,5x6,100,1.764760
u64,unrolledlut,admixture,5x6,100,1.696653
u64,yy,admixture,5x6,100,1.464090
i64,amartin,bylength,,1,0.938882
i64,branchlut,bylength,,1,4.303554
i64,branchlut2,bylength,,1,4.201985
i64,countlut,bylength,,1,4.005454
i64,fmt,bylength,,1,0.989274
i64,jeaiii,bylength,,1,3.876575
i64,naive,bylength,,1,4.097562
i64,null,bylength,,1,0.777445
i64,sse2,bylength,,1,4.013700
i64,tmueller,bylength,,1,0.894061
i64,unrolledlut,bylength,,1,4.300811
i64,yy,bylength,,1,0.953367
i64,amartin,bylength,,2,0.944214
i64,branchlut,bylength,,2,4.304031
i64,branchlut2,bylength,,2,4.152760
i64,countlut,bylength,,2,3.912026
i64,fmt,bylength,,2,1.061614
i64,jeaiii,bylength,,2,3.874323
i64,naive,bylength,,2,4.875072
i64,null,bylength,,2,0.799803
i64,sse2,bylength,,2,4.076656
i64,tmueller,bylength,,2,1.149824
i64,unrolledlut,bylength,,2,3.932206
i64,yy,bylength,,2,0.995504
i64,amartin,bylength,,3,1.305700
i64,branchlut,bylength,,3,4.064243
i64,branchlut2,bylength,,3,4.129388
i64,countlut,bylength,,3,4.143520
i64,fmt,bylength,,3,1.469947
i64,jeaiii,bylength,,3,4.081338
i64,naive,bylength,,3,5.784937
i64,null,bylength,,3,0.996307
i64,sse2,bylength,,3,3.824492
i64,tmueller,bylength,,3,1.627974
i64,unrolledlut,bylength,,3,4.513052
i64,yy,bylength,,3,1.279014
i64,amartin,bylength,,4,1.300827
i64,branchlut,bylength,,4,4.324086
i64,branchlut2,bylength,,4,4.132532
i64,countlut,bylength,,4,4.090883
i64,fmt,bylength,,4,1.422823
i64,jeaiii,bylength,,4,4.160002
i64,naive,bylength,,4,6.616118
i64,null,bylength,,4,0.739655
i64,sse2,bylength,,4,4.031137
i64,tmueller,bylength,,4,1.619871
i64,unrolledlut,bylength,,4,4.394630
i64,yy,bylength,,4,1.208462
i64,amartin,bylength,,5,1.781586
i64,branchlut,bylength,,5,4.712632
i64,branchlut2,bylength,,5,4.240081
i64,countlut,bylength,,5,4.200334
i64,fmt,bylength,,5,2.004814
i64,jeaiii,bylength,,5,4.206735
i64,naive,bylength,,5,7.461535
i64,null,bylength,,5,0.827397
i64,sse2,bylength,,5,4.724318
i64,tmueller,bylength,,5,2.164685
i64,unrolledlut,bylength,,5,4.614418
i64,yy,bylength,,5,1.504927
i64,amartin,bylength,,6,1.795603
i64,branchlut,bylength,,6,4.826105
i64,branchlut2,bylength,,6,4.319835
i64,countlut,bylength,,6,4.506888
i64,fmt,bylength,,6,1.959830
i64,jeaiii,bylength,,6,4.143749
i64,naive,bylength,,6,8.383152
i64,null,bylength,,6,0.889513
i64,sse2,bylength,,6,4.769635
i64,tmueller,bylength,,6,2.113223
i64,unrolledlut,bylength,,6,4.611217
i64,yy,bylength,,6,1.542927
i64,amartin,bylength,,7,2.266702
i64,branchlut,bylength,,7,4.752954
i64,branchlut2,bylength,,7,4.502666
i64,countlut,bylength,,7,4.632391
i64,fmt,bylength,,7,2.527328
i64,jeaiii,bylength,,7,4.357902
i64,naive,bylength,,7,9.375464
i64,null,bylength,,7,0.999326
i64,sse2,bylength,,7,4.516195
i64,tmueller,bylength,,7,2.721404
i64,unrolledlut,bylength,,7,4.327756
i64,yy,bylength,,7,1.828117
i64,amartin,bylength,,8,2.287704
i64,branchlut,bylength,,8,4.765574
i64,branchlut2,bylength,,8,4.564838
i64,countlut,bylength,,8,4.976392
i64,fmt,bylength,,8,2.491775
i64,jeaiii,bylength,,8,4.715279
i64,naive,bylength,,8,9.858412
i64,null,bylength,,8,0.935719
i64,sse2,bylength,,8,4.741832
i64,tmueller,bylength,,8,2.685546
i64,unrolledlut,bylength,,8,4.193816
i64,yy,bylength,,8,1.859429
i64,amartin,bylength,,9,2.741279
i64,branchlut,bylength,,9,6.831264
i64,branchlut2,bylength,,9,4.729726
i64,countlut,bylength,,9,4.674012
i64,fmt,bylength,,9,3.375573
i64,jeaiii,bylength,,9,4.541171
i64,naive,bylength,,9,11.184567
i64,null,bylength,,9,0.819859
i64,sse2,bylength,,9,4.712604
i64,tmueller,bylength,,9,3.408795
i64,unrolledlut,bylength,,9,4.415354
i64,yy,bylength,,9,2.478397
i64,amartin,bylength,,10,4.987409
i64,branchlut,bylength,,10,7.178805
i64,branchlut2,bylength,,10,4.826189
i64,countlut,bylength,,10,5.068557
i64,fmt,bylength,,10,3.282195
i64,jeaiii,bylength,,10,6.903602
i64,naive,bylength,,10,12.100040
i64,null,bylength,,10,0.908803
i64,sse2,bylength,,10,4.914773
i64,tmueller,bylength,,10,3.415053
i64,unrolledlut,bylength,,10,7.071775
i64,yy,bylength,,10,2.481072
i64,amartin,bylength,,11,3.321463
i64,branchlut,bylength,,11,7.193682
i64,branchlut2,bylength,,11,5.268036
i64,countlut,bylength,,11,5.230412
i64,fmt,bylength,,11,3.907076
i64,jeaiii,bylength,,11,5.025492
i64,naive,bylength,,11,13.218517
i64,null,bylength,,11,0.812644
i64,sse2,bylength,,11,4.903544
i64,tmueller,bylength,,11,4.007734
i64,unrolledlut,bylength,,11,5.847880
i64,yy,bylength,,11,2.884303
i64,amartin,bylength,,12,3.319724
i64,branchlut,bylength,,12,7.187127
i64,branchlut2,bylength,,12,5.280164
i64,countlut,bylength,,12,4.942719
i64,fmt,bylength,,12,3.766926
i64,jeaiii,bylength,,12,5.077001
i64,naive,bylength,,12,13.595654
i64,null,bylength,,12,1.078200
i64,sse2,bylength,,12,4.736077
i64,tmueller,bylength,,12,3.857257
i64,unrolledlut,bylength,,12,5.258953
i64,yy,bylength,,12,2.820037
i64,amartin,bylength,,13,3.740191
i64,branchlut,bylength,,13,7.192861
i64,branchlut2,bylength,,13,5.136738
i64,countlut,bylength,,13,5.264466
i64,fmt,bylength,,13,4.425958
i64,jeaiii,bylength,,13,5.227393
i64,naive,bylength,,13,14.503273
i64,null,bylength,,13,0.969208
i64,sse2,bylength,,13,4.766585
i64,tmueller,bylength,,13,4.494885
i64,unrolledlut,bylength,,13,5.814296
i64,yy,bylength,,13,3.235335
i64,amartin,bylength,,14,3.860687
i64,branchlut,bylength,,14,7.273923
i64,branchlut2,bylength,,14,5.430681
i64,countlut,bylength,,14,5.673984
i64,fmt,bylength,,14,4.376101
i64,jeaiii,bylength,,14,5.219893
i64,naive,bylength,,14,15.583671
i64,null,bylength,,14,0.915110
i64,sse2,bylength,,14,4.742449
i64,tmueller,bylength,,14,4.480314
i64,unrolledlut,bylength,,14,5.695731
i64,yy,bylength,,14,3.249830
i64,amartin,bylength,,15,4.294369
i64,branchlut,bylength,,15,7.236937
i64,branchlut2,bylength,,15,5.883615
i64,countlut,bylength,,15,5.845177
i64,fmt,bylength,,15,5.294230
i64,jeaiii,bylength,,15,5.598444
i64,naive,bylength,,15,16.641892
i64,null,bylength,,15,0.880387
i64,sse2,bylength,,15,4.692707
i64,tmueller,bylength,,15,5.130623
i64,unrolledlut,bylength,,15,5.826784
i64,yy,bylength,,15,3.561135
i64,amartin,bylength,,16,4.286371
i64,branchlut,bylength,,16,7.153084
i64,branchlut2,bylength,,16,5.915978
i64,countlut,bylength,,16,6.104417
i64,fmt,bylength,,16,5.127564
i64,jeaiii,bylength,,16,5.579220
i64,naive,bylength,,16,16.775677
i64,null,bylength,,16,0.862463
i64,sse2,bylength,,16,4.321649
i64,tmueller,bylength,,16,5.083375
i64,unrolledlut,bylength,,16,5.725465
i64,yy,bylength,,16,3.566514
i64,amartin,bylength,,17,4.630774
i64,branchlut,bylength,,17,5.447727
i64,branchlut2,bylength,,17,5.540388
i64,countlut,bylength,,17,5.911449
i64,fmt,bylength,,17,6.023786
i64,jeaiii,bylength,,17,5.688937
i64,naive,bylength,,17,17.804996
i64,null,bylength,,17,0.845187
i64,sse2,bylength,,17,4.496758
i64,tmueller,bylength,,17,5.937830
i64,unrolledlut,bylength,,17,6.078467
i64,yy,bylength,,17,3.692533
i64,amartin,bylength,,18,6.189445
i64,branchlut,bylength,,18,5.704368
i64,branchlut2,bylength,,18,5.757273
i64,countlut,bylength,,18,5.803900
i64,fmt,bylength,,18,5.919532
i64,jeaiii,bylength,,18,7.798519
i64,naive,bylength,,18,18.821786
i64,null,bylength,,18,0.794136
i64,sse2,bylength,,18,4.901890
i64,tmueller,bylength,,18,5.951435
i64,unrolledlut,bylength,,18,7.833546
i64,yy,bylength,,18,3.715797
i64,amartin,bylength,,19,4.761999
i64,branchlut,bylength,,19,6.227454
i64,branchlut2,bylength,,19,6.186475
i64,countlut,bylength,,19,6.129040
i64,fmt,bylength,,19,6.697377
i64,jeaiii,bylength,,19,6.176920
i64,naive,bylength,,19,19.960983
i64,null,bylength,,19,0.811918
i64,sse2,bylength,,19,5.103879
i64,tmueller,bylength,,19,6.731221
i64,unrolledlut,bylength,,19,6.808748
i64,yy,bylength,,19,3.773930
i64,amartin,loguniform,1-19,19,9.457368
i64,branchlut,loguniform,1-19,19,12.740393
i64,branchlut2,loguniform,1-19,19,13.385028
i64,countlut,loguniform,1-19,19,13.232225
i64,fmt,loguniform,1-19,19,11.372866
i64,jeaiii,loguniform,1-19,19,13.414935
i64,naive,loguniform,1-19,19,17.746211
i64,null,loguniform,1-19,19,0.759740
i64,sse2,loguniform,1-19,19,15.331724
i64,tmueller,loguniform,1-19,19,11.460500
i64,unrolledlut,loguniform,1-19,19,13.147812
i64,yy,loguniform,1-19,19,8.512203
i64,amartin,loguniform,1-4,4,3.969660
i64,branchlut,loguniform,1-4,4,7.723762
i64,branchlut2,loguniform,1-4,4,8.606739
i64,countlut,loguniform,1-4,4,8.936292
i64,fmt,loguniform,1-4,4,6.388643
i64,jeaiii,loguniform,1-4,4,8.619963
i64,naive,loguniform,1-4,4,9.361260
i64,null,loguniform,1-4,4,0.955641
i64,sse2,loguniform,1-4,4,7.856746
i64,tmueller,loguniform,1-4,4,5.814028
i64,unrolledlut,loguniform,1-4,4,8.627243
i64,yy,loguniform,1-4,4,3.791357
i64,amartin,uniform,0-255,0,3.675047
i64,branchlut,uniform,0-255,0,3.637506
i64,branchlut2,uniform,0-255,0,3.583875
i64,countlut,uniform,0-255,0,3.648819
i64,fmt,uniform,0-255,0,3.810494
i64,jeaiii,uniform,0-255,0,3.588443
i64,naive,uniform,0-255,0,5.149894
i64,null,uniform,0-255,0,0.850348
i64,sse2,uniform,0-255,0,3.567079
i64,tmueller,uniform,0-255,0,3.866839
i64,unrolledlut,uniform,0-255,0,3.901304
i64,yy,uniform,0-255,0,3.547978
i64,amartin,unpredictable,,1,2.548864
i64,branchlut,unpredictable,,1,5.618120
i64,branchlut2,unpredictable,,1,5.234779
i64,countlut,unpredictable,,1,6.088960
i64,fmt,unpredictable,,1,5.189971
i64,jeaiii,unpredictable,,1,5.587019
i64,naive,unpredictable,,1,8.405797
i64,null,unpredictable,,1,0.877140
i64,sse2,unpredictable,,1,5.562063
i64,tmueller,unpredictable,,1,6.024492
i64,unrolledlut,unpredictable,,1,4.919097
i64,yy,unpredictable,,1,2.875459
i64,amartin,unpredictable,,2,2.565794
i64,branchlut,unpredictable,,2,5.473347
i64,branchlut2,unpredictable,,2,5.415691
i64,countlut,unpredictable,,2,6.296624
i64,fmt,unpredictable,,2,5.205985
i64,jeaiii,unpredictable,,2,5.575096
i64,naive,unpredictable,,2,8.798594
i64,null,unpredictable,,2,0.717516
i64,sse2,unpredictable,,2,5.456635
i64,tmueller,unpredictable,,2,5.661390
i64,unrolledlut,unpredictable,,2,4.946692
i64,yy,unpredictable,,2,2.927896
i64,amartin,unpredictable,,3,2.294363
i64,branchlut,unpredictable,,3,6.383230
i64,branchlut2,unpredictable,,3,6.185770
i64,countlut,unpredictable,,3,5.754600
i64,fmt,unpredictable,,3,3.870131
i64,jeaiii,unpredictable,,3,4.464409
i64,naive,unpredictable,,3,9.466588
i64,null,unpredictable,,3,1.017479
i64,sse2,unpredictable,,3,5.452700
i64,tmueller,unpredictable,,3,3.837973
i64,unrolledlut,unpredictable,,3,4.423301
i64,yy,unpredictable,,3,2.581132
i64,amartin,unpredictable,,4,2.164341
i64,branchlut,unpredictable,,4,5.994596
i64,branchlut2,unpredictable,,4,5.351751
i64,countlut,unpredictable,,4,6.255748
i64,fmt,unpredictable,,4,4.166347
i64,jeaiii,unpredictable,,4,5.240543
i64,naive,unpredictable,,4,9.982661
i64,null,unpredictable,,4,1.145973
i64,sse2,unpredictable,,4,5.239683
i64,tmueller,unpredictable,,4,3.995897
i64,unrolledlut,unpredictable,,4,4.545869
i64,yy,unpredictable,,4,2.658925
i64,amartin,unpredictable,,5,2.146914
i64,branchlut,unpredictable,,5,5.514143
i64,branchlut2,unpredictable,,5,5.384790
i64,countlut,unpredictable,,5,5.700614
i64,fmt,unpredictable,,5,3.688102
i64,jeaiii,unpredictable,,5,4.591352
i64,naive,unpredictable,,5,10.299785
i64,null,unpredictable,,5,1.096420
i64,sse2,unpredictable,,5,5.124338
i64,tmueller,unpredictable,,5,3.890905
i64,unrolledlut,unpredictable,,5,4.754354
i64,yy,unpredictable,,5,2.440600
i64,amartin,unpredictable,,6,2.142977
i64,branchlut,unpredictable,,6,5.639828
i64,branchlut2,unpredictable,,6,5.422628
i64,countlut,unpredictable,,6,5.649936
i64,fmt,unpredictable,,6,3.763824
i64,jeaiii,unpredictable,,6,4.581017
i64,naive,unpredictable,,6,11.387271
i64,null,unpredictable,,6,0.824186
i64,sse2,unpredictable,,6,5.193151
i64,tmueller,unpredictable,,6,3.795282
i64,unrolledlut,unpredictable,,6,4.673837
i64,yy,unpredictable,,6,2.456269
i64,amartin,unpredictable,,7,2.653086
i64,branchlut,unpredictable,,7,5.925785
i64,branchlut2,unpredictable,,7,5.931248
i64,countlut,unpredictable,,7,5.937938
i64,fmt,unpredictable,,7,3.857823
i64,jeaiii,unpredictable,,7,4.880997
i64,naive,unpredictable,,7,11.911582
i64,null,unpredictable,,7,0.561697
i64,sse2,unpredictable,,7,5.178343
i64,tmueller,unpredictable,,7,3.951178
i64,unrolledlut,unpredictable,,7,5.685737
i64,yy,unpredictable,,7,2.786424
i64,amartin,unpredictable,,8,2.566214
i64,branchlut,unpredictable,,8,6.256704
i64,branchlut2,unpredictable,,8,5.808201
i64,countlut,unpredictable,,8,5.752479
i64,fmt,unpredictable,,8,3.930669
i64,jeaiii,unpredictable,,8,4.854988
i64,naive,unpredictable,,8,11.836595
i64,null,unpredictable,,8,0.885202
i64,sse2,unpredictable,,8,5.789543
i64,tmueller,unpredictable,,8,3.931286
i64,unrolledlut,unpredictable,,8,5.529038
i64,yy,unpredictable,,8,2.698024
i64,amartin,unpredictable,,9,4.497812
i64,branchlut,unpredictable,,9,6.451336
i64,branchlut2,unpredictable,,9,5.033155
i64,countlut,unpredictable,,9,5.963296
i64,fmt,unpredictable,,9,4.474813
i64,jeaiii,unpredictable,,9,5.379793
i64,naive,unpredictable,,9,12.933200
i64,null,unpredictable,,9,0.606586
i64,sse2,unpredictable,,9,6.844543
i64,tmueller,unpredictable,,9,4.478792
i64,unrolledlut,unpredictable,,9,6.625831
i64,yy,unpredictable,,9,3.340775
i64,amartin,unpredictable,,10,8.425974
i64,branchlut,unpredictable,,10,7.166077
i64,branchlut2,unpredictable,,10,5.546326
i64,countlut,unpredictable,,10,6.394677
i64,fmt,unpredictable,,10,4.320434
i64,jeaiii,unpredictable,,10,9.231638
i64,naive,unpredictable,,10,13.572284
i64,null,unpredictable,,10,1.206696
i64,sse2,unpredictable,,10,6.956642
i64,tmueller,unpredictable,,10,4.483864
i64,unrolledlut,unpredictable,,10,9.671002
i64,yy,unpredictable,,10,3.253791
i64,amartin,unpredictable,,11,3.816584
i64,branchlut,unpredictable,,11,7.504625
i64,branchlut2,unpredictable,,11,5.613972
i64,countlut,unpredictable,,11,5.709846
i64,fmt,unpredictable,,11,4.866147
i64,jeaiii,unpredictable,,11,5.626942
i64,naive,unpredictable,,11,15.652049
i64,null,unpredictable,,11,0.910093
i64,sse2,unpredictable,,11,8.021795
i64,tmueller,unpredictable,,11,5.185818
i64,unrolledlut,unpredictable,,11,6.986323
i64,yy,unpredictable,,11,3.737933
i64,amartin,unpredictable,,12,3.548532
i64,branchlut,unpredictable,,12,7.520370
i64,branchlut2,unpredictable,,12,5.547089
i64,countlut,unpredictable,,12,5.693946
i64,fmt,unpredictable,,12,4.448733
i64,jeaiii,unpredictable,,12,5.485109
i64,naive,unpredictable,,12,15.222251
i64,null,unpredictable,,12,1.114071
i64,sse2,unpredictable,,12,7.051502
i64,tmueller,unpredictable,,12,4.581610
i64,unrolledlut,unpredictable,,12,6.004220
i64,yy,unpredictable,,12,3.309955
i64,amartin,unpredictable,,13,3.565128
i64,branchlut,unpredictable,,13,7.566391
i64,branchlut2,unpredictable,,13,5.538752
i64,countlut,unpredictable,,13,5.491359
i64,fmt,unpredictable,,13,4.391643
i64,jeaiii,unpredictable,,13,5.341934
i64,naive,unpredictable,,13,15.552651
i64,null,unpredictable,,13,0.751972
i64,sse2,unpredictable,,13,6.241514
i64,tmueller,unpredictable,,13,4.342768
i64,unrolledlut,unpredictable,,13,5.831000
i64,yy,unpredictable,,13,3.179410
i64,amartin,unpredictable,,14,3.558363
i64,branchlut,unpredictable,,14,7.713821
i64,branchlut2,unpredictable,,14,5.401295
i64,countlut,unpredictable,,14,5.480161
i64,fmt,unpredictable,,14,4.348397
i64,jeaiii,unpredictable,,14,5.425156
i64,naive,unpredictable,,14,16.414111
i64,null,unpredictable,,14,0.786863
i64,sse2,unpredictable,,14,6.241476
i64,tmueller,unpredictable,,14,4.422377
i64,unrolledlut,unpredictable,,14,5.592225
i64,yy,unpredictable,,14,3.139451
i64,amartin,unpredictable,,15,4.055346
i64,branchlut,unpredictable,,15,8.112600
i64,branchlut2,unpredictable,,15,5.980221
i64,countlut,unpredictable,,15,5.785014
i64,fmt,unpredictable,,15,4.681077
i64,jeaiii,unpredictable,,15,5.587893
i64,naive,unpredictable,,15,17.388144
i64,null,unpredictable,,15,0.842760
i64,sse2,unpredictable,,15,6.066664
i64,tmueller,unpredictable,,15,4.649092
i64,unrolledlut,unpredictable,,15,6.369107
i64,yy,unpredictable,,15,3.459441
i64,amartin,unpredictable,,16,4.129700
i64,branchlut,unpredictable,,16,8.172682
i64,branchlut2,unpredictable,,16,6.137856
i64,countlut,unpredictable,,16,5.985551
i64,fmt,unpredictable,,16,4.703664
i64,jeaiii,unpredictable,,16,5.676064
i64,naive,unpredictable,,16,17.070773
i64,null,unpredictable,,16,0.747519
i64,sse2,unpredictable,,16,6.042505
i64,tmueller,unpredictable,,16,4.543474
i64,unrolledlut,unpredictable,,16,6.159705
i64,yy,unpredictable,,16,3.507463
i64,amartin,unpredictable,,17,5.450399
i64,branchlut,unpredictable,,17,6.620966
i64,branchlut2,unpredictable,,17,6.673819
i64,countlut,unpredictable,,17,6.991633
i64,fmt,unpredictable,,17,5.291417
i64,jeaiii,unpredictable,,17,5.930487
i64,naive,unpredictable,,17,17.919927
i64,null,unpredictable,,17,0.946106
i64,sse2,unpredictable,,17,5.730200
i64,tmueller,unpredictable,,17,5.308392
i64,unrolledlut,unpredictable,,17,7.100680
i64,yy,unpredictable,,17,4.318110
i64,amartin,unpredictable,,18,8.583241
i64,branchlut,unpredictable,,18,6.873766
i64,branchlut2,unpredictable,,18,6.742405
i64,countlut,unpredictable,,18,7.063123
i64,fmt,unpredictable,,18,5.626464
i64,jeaiii,unpredictable,,18,9.692112
i64,naive,unpredictable,,18,19.011464
i64,null,unpredictable,,18,1.104582
i64,sse2,unpredictable,,18,6.256001
i64,tmueller,unpredictable,,18,5.718273
i64,unrolledlut,unpredictable,,18,10.792054
i64,yy,unpredictable,,18,4.436879
i64,amartin,unpredictable,,19,6.305729
i64,branchlut,unpredictable,,19,7.265711
i64,branchlut2,unpredictable,,19,7.378256
i64,countlut,unpredictable,,19,7.644271
i64,fmt,unpredictable,,19,6.662835
i64,jeaiii,unpredictable,,19,7.543995
i64,naive,unpredictable,,19,20.056947
i64,null,unpredictable,,19,1.199211
i64,sse2,unpredictable,,19,6.487617
i64,tmueller,unpredictable,,19,6.733227
i64,unrolledlut,unpredictable,,19,8.413419
i64,yy,unpredictable,,19,4.980395
i64,amartin,admixture,5x6,0,1.785829
i64,branchlut,admixture,5x6,0,4.931254
i64,branchlut2,admixture,5x6,0,4.292211
i64,countlut,admixture,5x6,0,4.493608
i64,fmt,admixture,5x6,0,1.961455
i64,jeaiii,admixture,5x6,0,4.121305
i64,naive,admixture,5x6,0,8.397188
i64,null,admixture,5x6,0,0.944873
i64,sse2,admixture,5x6,0,4.895148
i64,tmueller,admixture,5x6,0,2.111818
i64,unrolledlut,admixture,5x6,0,4.658551
i64,yy,admixture,5x6,0,1.517693
i64,amartin,admixture,5x6,10,1.766212
i64,branchlut,admixture,5x6,10,5.113781
i64,branchlut2,admixture,5x6,10,4.779582
i64,countlut,admixture,5x6,10,5.056643
i64,fmt,admixture,5x6,10,2.650365
i64,jeaiii,admixture,5x6,10,4.552904
i64,naive,admixture,5x6,10,8.868849
i64,null,admixture,5x6,10,0.840200
i64,sse2,admixture,5x6,10,4.994622
i64,tmueller,admixture,5x6,10,2.772036
i64,unrolledlut,admixture,5x6,10,4.848081
i64,yy,admixture,5x6,10,1.536793
i64,amartin,admixture,5x6,20,1.789688
i64,branchlut,admixture,5x6,20,5.554207
i64,branchlut2,admixture,5x6,20,5.432261
i64,countlut,admixture,5x6,20,5.797807
i64,fmt,admixture,5x6,20,3.329080
i64,jeaiii,admixture,5x6,20,5.228964
i64,naive,admixture,5x6,20,9.465125
i64,null,admixture,5x6,20,0.952288
i64,sse2,admixture,5x6,20,5.635185
i64,tmueller,admixture,5x6,20,3.364833
i64,unrolledlut,admixture,5x6,20,5.360886
i64,yy,admixture,5x6,20,1.488273
i64,amartin,admixture,5x6,30,1.784480
i64,branchlut,admixture,5x6,30,6.021055
i64,branchlut2,admixture,5x6,30,5.934011
i64,countlut,admixture,5x6,30,6.513327
i64,fmt,admixture,5x6,30,3.988131
i64,jeaiii,admixture,5x6,30,5.862072
i64,naive,admixture,5x6,30,10.109281
i64,null,admixture,5x6,30,1.077637
i64,sse2,admixture,5x6,30,6.236583
i64,tmueller,admixture,5x6,30,4.067893
i64,unrolledlut,admixture,5x6,30,6.039869
i64,yy,admixture,5x6,30,1.555615
i64,amartin,admixture,5x6,40,1.783372
i64,branchlut,admixture,5x6,40,6.669385
i64,branchlut2,admixture,5x6,40,6.475863
i64,countlut,admixture,5x6,40,7.233997
i64,fmt,admixture,5x6,40,4.831322
i64,jeaiii,admixture,5x6,40,6.443205
i64,naive,admixture,5x6,40,10.626540
i64,null,admixture,5x6,40,0.746229
i64,sse2,admixture,5x6,40,6.881702
i64,tmueller,admixture,5x6,40,4.786394
i64,unrolledlut,admixture,5x6,40,6.632123
i64,yy,admixture,5x6,40,1.493795
i64,amartin,admixture,5x6,50,1.787987
i64,branchlut,admixture,5x6,50,6.783566
i64,branchlut2,admixture,5x6,50,6.755274
i64,countlut,admixture,5x6,50,7.518597
i64,fmt,admixture,5x6,50,5.204664
i64,jeaiii,admixture,5x6,50,6.638763
i64,naive,admixture,5x6,50,10.603339
i64,null,admixture,5x6,50,0.938525
i64,sse2,admixture,5x6,50,7.020419
i64,tmueller,admixture,5x6,50,4.992501
i64,unrolledlut,admixture,5x6,50,6.735524
i64,yy,admixture,5x6,50,1.480906
i64,amartin,admixture,5x6,60,1.803362
i64,branchlut,admixture,5x6,60,6.623217
i64,branchlut2,admixture,5x6,60,6.534452
i64,countlut,admixture,5x6,60,7.181714
i64,fmt,admixture,5x6,60,4.802981
i64,jeaiii,admixture,5x6,60,6.521276
i64,naive,admixture,5x6,60,10.305708
i64,null,admixture,5x6,60,0.829423
i64,sse2,admixture,5x6,60,6.671640
i64,tmueller,admixture,5x6,60,4.654510
i64,unrolledlut,admixture,5x6,60,6.528233
i64,yy,admixture,5x6,60,1.535244
i64,amartin,admixture,5x6,70,1.786248
i64,branchlut,admixture,5x6,70,5.970558
i64,branchlut2,admixture,5x6,70,5.872124
i64,countlut,admixture,5x6,70,6.568744
i64,fmt,admixture,5x6,70,4.147331
i64,jeaiii,admixture,5x6,70,6.020643
i64,naive,admixture,5x6,70,9.375216
i64,null,admixture,5x6,70,0.729012
i64,sse2,admixture,5x6,70,6.145679
i64,tmueller,admixture,5x6,70,3.975060
i64,unrolledlut,admixture,5x6,70,5.815159
i64,yy,admixture,5x6,70,1.561511
i64,amartin,admixture,5x6,80,1.820694
i64,branchlut,admixture,5x6,80,5.525324
i64,branchlut2,admixture,5x6,80,5.458038
i64,countlut,admixture,5x6,80,5.784287
i64,fmt,admixture,5x6,80,3.348896
i64,jeaiii,admixture,5x6,80,5.346516
i64,naive,admixture,5x6,80,8.711980
i64,null,admixture,5x6,80,0.895045
i64,sse2,admixture,5x6,80,5.514488
i64,tmueller,admixture,5x6,80,3.402374
i64,unrolledlut,admixture,5x6,80,5.273488
i64,yy,admixture,5x6,80,1.528136
i64,amartin,admixture,5x6,90,1.805148
i64,branchlut,admixture,5x6,90,4.898942
i64,branchlut2,admixture,5x6,90,4.691975
i64,countlut,admixture,5x6,90,5.129478
i64,fmt,admixture,5x6,90,2.694155
i64,jeaiii,admixture,5x6,90,4.758773
i64,naive,admixture,5x6,90,8.101161
i64,null,admixture,5x6,90,0.982959
i64,sse2,admixture,5x6,90,4.952992
i64,tmueller,admixture,5x6,90,2.765672
i64,unrolledlut,admixture,5x6,90,4.891211
i64,yy,admixture,5x6,90,1.515437
i64,amartin,admixture,5x6,100,1.816872
i64,branchlut,admixture,5x6,100,4.806575
i64,branchlut2,admixture,5x6,100,4.207948
i64,countlut,admixture,5x6,100,4.298213
i64,fmt,admixture,5x6,100,2.008454
i64,jeaiii,admixture,5x6,100,4.201126
i64,naive,admixture,5x6,100,7.506920
i64,null,admixture,5x6,100,0.914011
i64,sse2,admixture,5x6,100,4.649837
i64,tmueller,admixture,5x6,100,2.155894
i64,unrolledlut,admixture,5x6,100,4.559258
i64,yy,admixture,5x6,100,1.568399
u128,fmt,bylength,,1,4.144495
u128,naive,bylength,,1,3.092464
u128,null,bylength,,1,0.847241
u128,fmt,bylength,,2,4.280268
u128,naive,bylength,,2,4.933137
u128,null,bylength,,2,0.794978
u128,fmt,bylength,,3,4.365028
u128,naive,bylength,,3,7.921950
u128,null,bylength,,3,0.799344
u128,fmt,bylength,,4,4.498538
u128,naive,bylength,,4,11.558188
u128,null,bylength,,4,0.956415
u128,fmt,bylength,,5,5.002552
u128,naive,bylength,,5,15.466813
u128,null,bylength,,5,0.809205
u128,fmt,bylength,,6,4.733777
u128,naive,bylength,,6,18.295842
u128,null,bylength,,6,1.042026
u128,fmt,bylength,,7,5.256459
u128,naive,bylength,,7,21.959531
u128,null,bylength,,7,0.938559
u128,fmt,bylength,,8,5.234399
u128,naive,bylength,,8,24.510591
u128,null,bylength,,8,0.981049
u128,fmt,bylength,,9,5.802249
u128,naive,bylength,,9,28.399367
u128,null,bylength,,9,0.923959
u128,fmt,bylength,,10,5.832452
u128,naive,bylength,,10,33.102467
u128,null,bylength,,10,0.936877
u128,fmt,bylength,,11,6.288713
u128,naive,bylength,,11,35.944441
u128,null,bylength,,11,1.013737
u128,fmt,bylength,,12,6.329206
u128,naive,bylength,,12,39.671578
u128,null,bylength,,12,1.047426
u128,fmt,bylength,,13,7.164918
u128,naive,bylength,,13,45.340500
u128,null,bylength,,13,0.887995
u128,fmt,bylength,,14,6.876237
u128,naive,bylength,,14,47.260653
u128,null,bylength,,14,0.948572
u128,fmt,bylength,,15,7.543249
u128,naive,bylength,,15,50.896512
u128,null,bylength,,15,0.914194
u128,fmt,bylength,,16,7.656999
u128,naive,bylength,,16,53.195068
u128,null,bylength,,16,0.746038
u128,fmt,bylength,,17,8.418402
u128,naive,bylength,,17,57.066326
u128,null,bylength,,17,0.946054
u128,fmt,bylength,,18,8.375328
u128,naive,bylength,,18,60.891790
u128,null,bylength,,18,0.836150
u128,fmt,bylength,,19,9.025400
u128,naive,bylength,,19,64.582858
u128,null,bylength,,19,0.838128
u128,fmt,bylength,,20,14.082927
u128,naive,bylength,,20,68.293554
u128,null,bylength,,20,0.895312
u128,fmt,bylength,,21,14.264648
u128,naive,bylength,,21,72.202255
u128,null,bylength,,21,0.903042
u128,fmt,bylength,,22,14.837374
u128,naive,bylength,,22,75.900760
u128,null,bylength,,22,1.003205
u128,fmt,bylength,,23,14.866057
u128,naive,bylength,,23,79.498758
u128,null,bylength,,23,0.897071
u128,fmt,bylength,,24,15.499128
u128,naive,bylength,,24,81.668497
u128,null,bylength,,24,1.059187
u128,fmt,bylength,,25,15.871097
u128,naive,bylength,,25,85.659963
u128,null,bylength,,25,0.886761
u128,fmt,bylength,,26,16.529976
u128,naive,bylength,,26,89.783197
u128,null,bylength,,26,0.906033
u128,fmt,bylength,,27,16.493477
u128,naive,bylength,,27,93.151481
u128,null,bylength,,27,1.048227
u128,fmt,bylength,,28,17.311710
u128,naive,bylength,,28,96.951801
u128,null,bylength,,28,0.788815
u128,fmt,bylength,,29,17.416298
u128,naive,bylength,,29,100.537599
u128,null,bylength,,29,0.777760
u128,fmt,bylength,,30,17.924355
u128,naive,bylength,,30,104.274543
u128,null,bylength,,30,1.081564
u128,fmt,bylength,,31,18.992104
u128,naive,bylength,,31,113.002262
u128,null,bylength,,31,0.855861
u128,fmt,bylength,,32,19.266717
u128,naive,bylength,,32,114.625068
u128,null,bylength,,32,0.783960
u128,fmt,bylength,,33,19.080896
u128,naive,bylength,,33,114.300509
u128,null,bylength,,33,0.862148
u128,fmt,bylength,,34,19.722338
u128,naive,bylength,,34,118.451931
u128,null,bylength,,34,0.758354
u128,fmt,bylength,,35,19.736975
u128,naive,bylength,,35,122.065523
u128,null,bylength,,35,0.922726
u128,fmt,bylength,,36,20.484188
u128,naive,bylength,,36,125.615174
u128,null,bylength,,36,1.072287
u128,fmt,bylength,,37,20.422741
u128,naive,bylength,,37,129.380831
u128,null,bylength,,37,0.980054
u128,fmt,bylength,,38,21.006069
u128,naive,bylength,,38,133.628166
u128,null,bylength,,38,0.818463
u128,fmt,bylength,,39,26.939565
u128,naive,bylength,,39,136.668479
u128,null,bylength,,39,0.993555
u128,fmt,loguniform,1-39,39,22.408795
u128,naive,loguniform,1-39,39,76.392430
u128,null,loguniform,1-39,39,0.858554
u128,fmt,loguniform,1-4,4,9.862387
u128,naive,loguniform,1-4,4,10.371399
u128,null,loguniform,1-4,4,0.772324
u128,fmt,uniform,0-255,0,7.236128
u128,naive,uniform,0-255,0,8.559361
u128,null,uniform,0-255,0,0.920135
u128,fmt,unpredictable,,1,6.401382
u128,naive,unpredictable,,1,5.711844
u128,null,unpredictable,,1,0.977169
u128,fmt,unpredictable,,2,6.213364
u128,naive,unpredictable,,2,7.655726
u128,null,unpredictable,,2,1.198437
u128,fmt,unpredictable,,3,6.173635
u128,naive,unpredictable,,3,10.606570
u128,null,unpredictable,,3,1.023203
u128,fmt,unpredictable,,4,7.609013
u128,naive,unpredictable,,4,18.175490
u128,null,unpredictable,,4,0.910208
u128,fmt,unpredictable,,5,7.853443
u128,naive,unpredictable,,5,21.615062
u128,null,unpredictable,,5,1.415388
u128,fmt,unpredictable,,6,6.354298
u128,naive,unpredictable,,6,21.166806
u128,null,unpredictable,,6,0.845655
u128,fmt,unpredictable,,7,7.896517
u128,naive,unpredictable,,7,28.735478
u128,null,unpredictable,,7,1.365742
u128,fmt,unpredictable,,8,6.810749
u128,naive,unpredictable,,8,27.281871
u128,null,unpredictable,,8,1.022038
u128,fmt,unpredictable,,9,7.072742
u128,naive,unpredictable,,9,31.704440
u128,null,unpredictable,,9,0.876118
u128,fmt,unpredictable,,10,6.954777
u128,naive,unpredictable,,10,34.407832
u128,null,unpredictable,,10,0.692015
u128,fmt,unpredictable,,11,7.144421
u128,naive,unpredictable,,11,37.656440
u128,null,unpredictable,,11,1.191788
u128,fmt,unpredictable,,12,7.150047
u128,naive,unpredictable,,12,41.376597
u128,null,unpredictable,,12,0.980925
u128,fmt,unpredictable,,13,7.528696
u128,naive,unpredictable,,13,45.203309
u128,null,unpredictable,,13,0.994759
u128,fmt,unpredictable,,14,7.437733
u128,naive,unpredictable,,14,48.649913
u128,null,unpredictable,,14,0.702869
u128,fmt,unpredictable,,15,7.955908
u128,naive,unpredictable,,15,52.345895
u128,null,unpredictable,,15,0.720716
u128,fmt,unpredictable,,16,8.356503
u128,naive,unpredictable,,16,54.520526
u128,null,unpredictable,,16,1.300808
u128,fmt,unpredictable,,17,9.279724
u128,naive,unpredictable,,17,60.650025
u128,null,unpredictable,,17,0.799524
u128,fmt,unpredictable,,18,8.678116
u128,naive,unpredictable,,18,62.240832
u128,null,unpredictable,,18,1.165129
u128,fmt,unpredictable,,19,9.624310
u128,naive,unpredictable,,19,66.111554
u128,null,unpredictable,,19,1.140116
u128,fmt,unpredictable,,20,16.382792
u128,naive,unpredictable,,20,69.854430
u128,null,unpredictable,,20,1.167538
u128,fmt,unpredictable,,21,16.140980
u128,naive,unpredictable,,21,72.991155
u128,null,unpredictable,,21,0.722265
u128,fmt,unpredictable,,22,16.333929
u128,naive,unpredictable,,22,76.778710
u128,null,unpredictable,,22,0.761286
u128,fmt,unpredictable,,23,16.674576
u128,naive,unpredictable,,23,81.055356
u128,null,unpredictable,,23,1.091177
u128,fmt,unpredictable,,24,16.908669
u128,naive,unpredictable,,24,82.693303
u128,null,unpredictable,,24,0.951351
u128,fmt,unpredictable,,25,17.326344
u128,naive,unpredictable,,25,86.783311
u128,null,unpredictable,,25,1.089703
u128,fmt,unpredictable,,26,17.619276
u128,naive,unpredictable,,26,89.694520
u128,null,unpredictable,,26,0.695396
u128,fmt,unpredictable,,27,19.672100
u128,naive,unpredictable,,27,100.419948
u128,null,unpredictable,,27,0.914028
u128,fmt,unpredictable,,28,20.193521
u128,naive,unpredictable,,28,104.336528
u128,null,unpredictable,,28,0.923162
u128,fmt,unpredictable,,29,18.286257
u128,naive,unpredictable,,29,100.688033
u128,null,unpredictable,,29,0.740303
u128,fmt,unpredictable,,30,18.749855
u128,naive,unpredictable,,30,104.632840
u128,null,unpredictable,,30,0.888783
u128,fmt,unpredictable,,31,18.804251
u128,naive,unpredictable,,31,108.393598
u128,null,unpredictable,,31,0.603518
u128,fmt,unpredictable,,32,19.248823
u128,naive,unpredictable,,32,111.244706
u128,null,unpredictable,,32,1.234591
u128,fmt,unpredictable,,33,19.822203
u128,naive,unpredictable,,33,115.273690
u128,null,unpredictable,,33,1.043077
u128,fmt,unpredictable,,34,20.312975
u128,naive,unpredictable,,34,119.191733
u128,null,unpredictable,,34,0.806673
u128,fmt,unpredictable,,35,20.249647
u128,naive,unpredictable,,35,122.583453
u128,null,unpredictable,,35,1.340136
u128,fmt,unpredictable,,36,20.777927
u128,naive,unpredictable,,36,126.532008
u128,null,unpredictable,,36,0.890640
u128,fmt,unpredictable,,37,20.591230
u128,naive,unpredictable,,37,129.459153
u128,null,unpredictable,,37,0.640743
u128,fmt,unpredictable,,38,21.255878
u128,naive,unpredictable,,38,133.427522
u128,null,unpredictable,,38,0.636520
u128,fmt,unpredictable,,39,27.691252
u128,naive,unpredictable,,39,136.639707
u128,null,unpredictable,,39,0.948751
u128,fmt,admixture,5x6,0,4.779963
u128,naive,admixture,5x6,0,18.466449
u128,null,admixture,5x6,0,0.881563
u128,fmt,admixture,5x6,10,5.574540
u128,naive,admixture,5x6,10,18.663841
u128,null,admixture,5x6,10,0.926106
u128,fmt,admixture,5x6,20,6.393853
u128,naive,admixture,5x6,20,18.938226
u128,null,admixture,5x6,20,0.774405
u128,fmt,admixture,5x6,30,7.312124
u128,naive,admixture,5x6,30,19.286823
u128,null,admixture,5x6,30,0.753185
u128,fmt,admixture,5x6,40,8.158804
u128,naive,admixture,5x6,40,19.636365
u128,null,admixture,5x6,40,0.945427
u128,fmt,admixture,5x6,50,8.719507
u128,naive,admixture,5x6,50,19.491132
u128,null,admixture,5x6,50,1.093296
u128,fmt,admixture,5x6,60,8.584373
u128,naive,admixture,5x6,60,19.341876
u128,null,admixture,5x6,60,0.804313
u128,fmt,admixture,5x6,70,7.639920
u128,naive,admixture,5x6,70,18.230302
u128,null,admixture,5x6,70,0.980761
u128,fmt,admixture,5x6,80,6.431202
u128,naive,admixture,5x6,80,16.396987
u128,null,admixture,5x6,80,0.877884
u128,fmt,admixture,5x6,90,5.600490
u128,naive,admixture,5x6,90,15.644481
u128,null,admixture,5x6,90,0.746142
u128,fmt,admixture,5x6,100,4.865736
u128,naive,admixture,5x6,100,14.712009
u128,null,admixture,5x6,100,1.031650
u128,fmt,admixture,straddle64,0,16.495468
u128,naive,admixture,straddle64,0,76.858419
u128,null,admixture,straddle64,0,0.750777
u128,fmt,admixture,straddle64,10,16.703265
u128,naive,admixture,straddle64,10,76.572836
u128,null,admixture,straddle64,10,0.990162
u128,fmt,admixture,straddle64,20,17.015439
u128,naive,admixture,straddle64,20,76.188590
u128,null,admixture,straddle64,20,0.740343
u128,fmt,admixture,straddle64,30,17.350163
u128,naive,admixture,straddle64,30,75.888436
u128,null,admixture,straddle64,30,0.884448
u128,fmt,admixture,straddle64,40,17.651655
u128,naive,admixture,straddle64,40,75.472458
u128,null,admixture,straddle64,40,0.763877
u128,fmt,admixture,straddle64,50,17.747154
u128,naive,admixture,straddle64,50,74.957781
u128,null,admixture,straddle64,50,0.994424
u128,fmt,admixture,straddle64,60,17.375703
u128,naive,admixture,straddle64,60,74.375702
u128,null,admixture,straddle64,60,0.864078
u128,fmt,admixture,straddle64,70,16.733420
u128,naive,admixture,straddle64,70,73.323483
u128,null,admixture,straddle64,70,0.827368
u128,fmt,admixture,straddle64,80,15.966811
u128,naive,admixture,straddle64,80,71.988343
u128,null,admixture,straddle64,80,0.768902
u128,fmt,admixture,straddle64,90,15.352705
u128,naive,admixture,straddle64,90,70.701792
u128,null,admixture,straddle64,90,0.799249
u128,fmt,admixture,straddle64,100,14.679609
u128,naive,admixture,straddle64,100,69.673305
u128,null,admixture,straddle64,100,0.793105
u128,fmt,admixture,straddle1e32,0,20.318663
u128,naive,admixture,straddle1e32,0,118.765200
u128,null,admixture,straddle1e32,0,0.912827
u128,fmt,admixture,straddle1e32,10,21.231097
u128,naive,admixture,straddle1e32,10,118.427055
u128,null,admixture,straddle1e32,10,0.778447
u128,fmt,admixture,straddle1e32,20,22.021287
u128,naive,admixture,straddle1e32,20,118.459739
u128,null,admixture,straddle1e32,20,0.742999
u128,fmt,admixture,straddle1e32,30,22.640934
u128,naive,admixture,straddle1e32,30,122.556190
u128,null,admixture,straddle1e32,30,0.944634
u128,fmt,admixture,straddle1e32,40,22.945961
u128,naive,admixture,straddle1e32,40,118.138558
u128,null,admixture,straddle1e32,40,0.951083
u128,fmt,admixture,straddle1e32,50,22.998483
u128,naive,admixture,straddle1e32,50,117.351149
u128,null,admixture,straddle1e32,50,0.924531
u128,fmt,admixture,straddle1e32,60,22.309402
u128,naive,admixture,straddle1e32,60,116.005738
u128,null,admixture,straddle1e32,60,0.933130
u128,fmt,admixture,straddle1e32,70,21.435483
u128,naive,admixture,straddle1e32,70,114.462931
u128,null,admixture,straddle1e32,70,0.909826
u128,fmt,admixture,straddle1e32,80,20.895245
u128,naive,admixture,straddle1e32,80,113.441301
u128,null,admixture,straddle1e32,80,0.843544
u128,fmt,admixture,straddle1e32,90,19.914772
u128,naive,admixture,straddle1e32,90,111.968306
u128,null,admixture,straddle1e32,90,0.897748
u128,fmt,admixture,straddle1e32,100,19.160604
u128,naive,admixture,straddle1e32,100,110.971851
u128,null,admixture,straddle1e32,100,0.981505
i128,fmt,bylength,,1,7.094349
i128,naive,bylength,,1,5.765306
i128,null,bylength,,1,0.822104
i128,fmt,bylength,,2,7.456398
i128,naive,bylength,,2,7.464759
i128,null,bylength,,2,0.776212
i128,fmt,bylength,,3,7.396375
i128,naive,bylength,,3,10.076530
i128,null,bylength,,3,0.742808
i128,fmt,bylength,,4,7.421591
i128,naive,bylength,,4,13.125918
i128,null,bylength,,4,0.821692
i128,fmt,bylength,,5,7.792602
i128,naive,bylength,,5,17.262345
i128,null,bylength,,5,0.899009
i128,fmt,bylength,,6,7.862208
i128,naive,bylength,,6,20.553967
i128,null,bylength,,6,0.773010
i128,fmt,bylength,,7,8.152589
i128,naive,bylength,,7,24.441799
i128,null,bylength,,7,0.766809
i128,fmt,bylength,,8,8.137721
i128,naive,bylength,,8,27.144693
i128,null,bylength,,8,0.758124
i128,fmt,bylength,,9,8.511151
i128,naive,bylength,,9,30.677183
i128,null,bylength,,9,0.785016
i128,fmt,bylength,,10,8.583959
i128,naive,bylength,,10,34.709691
i128,null,bylength,,10,0.788145
i128,fmt,bylength,,11,8.935078
i128,naive,bylength,,11,38.599357
i128,null,bylength,,11,0.926413
i128,fmt,bylength,,12,8.894240
i128,naive,bylength,,12,42.019720
i128,null,bylength,,12,0.858115
i128,fmt,bylength,,13,9.386531
i128,naive,bylength,,13,46.057552
i128,null,bylength,,13,0.983101
i128,fmt,bylength,,14,9.435767
i128,naive,bylength,,14,49.785835
i128,null,bylength,,14,0.933206
i128,fmt,bylength,,15,10.007745
i128,naive,bylength,,15,53.333459
i128,null,bylength,,15,0.898627
i128,fmt,bylength,,16,10.009851
i128,naive,bylength,,16,55.384911
i128,null,bylength,,16,0.830388
i128,fmt,bylength,,17,10.615299
i128,naive,bylength,,17,59.374187
i128,null,bylength,,17,0.806653
i128,fmt,bylength,,18,10.636243
i128,naive,bylength,,18,63.333403
i128,null,bylength,,18,0.893458
i128,fmt,bylength,,19,11.251073
i128,naive,bylength,,19,66.918682
i128,null,bylength,,19,0.760503
i128,fmt,bylength,,20,16.673674
i128,naive,bylength,,20,70.906944
i128,null,bylength,,20,0.783397
i128,fmt,bylength,,21,16.843098
i128,naive,bylength,,21,74.604646
i128,null,bylength,,21,0.833187
i128,fmt,bylength,,22,17.561972
i128,naive,bylength,,22,78.314080
i128,null,bylength,,22,0.953377
i128,fmt,bylength,,23,18.559079
i128,naive,bylength,,23,85.308241
i128,null,bylength,,23,0.837505
i128,fmt,bylength,,24,18.535785
i128,naive,bylength,,24,84.298843
i128,null,bylength,,24,0.914718
i128,fmt,bylength,,25,19.266921
i128,naive,bylength,,25,91.856200
i128,null,bylength,,25,0.807101
i128,fmt,bylength,,26,20.237225
i128,naive,bylength,,26,95.086351
i128,null,bylength,,26,0.894795
i128,fmt,bylength,,27,19.225640
i128,naive,bylength,,27,95.553992
i128,null,bylength,,27,1.079728
i128,fmt,bylength,,28,20.009735
i128,naive,bylength,,28,99.424820
i128,null,bylength,,28,0.796859
i128,fmt,bylength,,29,20.017367
i128,naive,bylength,,29,103.118107
i128,null,bylength,,29,0.822027
i128,fmt,bylength,,30,20.565325
i128,naive,bylength,,30,106.922914
i128,null,bylength,,30,0.763810
i128,fmt,bylength,,31,20.886682
i128,naive,bylength,,31,110.823783
i128,null,bylength,,31,0.783922
i128,fmt,bylength,,32,21.384543
i128,naive,bylength,,32,113.163444
i128,null,bylength,,32,0.770039
i128,fmt,bylength,,33,21.797091
i128,naive,bylength,,33,116.899392
i128,null,bylength,,33,0.803816
i128,fmt,bylength,,34,22.139371
i128,naive,bylength,,34,121.021441
i128,null,bylength,,34,0.884997
i128,fmt,bylength,,35,22.106339
i128,naive,bylength,,35,124.652519
i128,null,bylength,,35,0.771249
i128,fmt,bylength,,36,23.065698
i128,naive,bylength,,36,128.749196
i128,null,bylength,,36,0.838738
i128,fmt,bylength,,37,22.966891
i128,naive,bylength,,37,131.854691
i128,null,bylength,,37,0.935442
i128,fmt,bylength,,38,23.450526
i128,naive,bylength,,38,136.347703
i128,null,bylength,,38,0.889445
i128,fmt,bylength,,39,24.799050
i128,naive,bylength,,39,144.804753
i128,null,bylength,,39,0.894156
i128,fmt,loguniform,1-39,39,24.759357
i128,naive,loguniform,1-39,39,78.281271
i128,null,loguniform,1-39,39,0.751974
i128,fmt,loguniform,1-4,4,12.018026
i128,naive,loguniform,1-4,4,12.984110
i128,null,loguniform,1-4,4,0.774099
i128,fmt,uniform,0-255,0,7.150867
i128,naive,uniform,0-255,0,8.660543
i128,null,uniform,0-255,0,0.812911
i128,fmt,unpredictable,,1,9.244683
i128,naive,unpredictable,,1,8.515767
i128,null,unpredictable,,1,0.920984
i128,fmt,unpredictable,,2,9.410499
i128,naive,unpredictable,,2,10.112123
i128,null,unpredictable,,2,1.001341
i128,fmt,unpredictable,,3,9.152116
i128,naive,unpredictable,,3,13.204108
i128,null,unpredictable,,3,1.060944
i128,fmt,unpredictable,,4,9.799184
i128,naive,unpredictable,,4,16.255677
i128,null,unpredictable,,4,0.867899
i128,fmt,unpredictable,,5,9.959992
i128,naive,unpredictable,,5,19.920777
i128,null,unpredictable,,5,0.956396
i128,fmt,unpredictable,,6,9.226205
i128,naive,unpredictable,,6,23.227689
i128,null,unpredictable,,6,1.419592
i128,fmt,unpredictable,,7,10.180533
i128,naive,unpredictable,,7,26.993476
i128,null,unpredictable,,7,1.195112
i128,fmt,unpredictable,,8,10.401517
i128,naive,unpredictable,,8,29.728299
i128,null,unpredictable,,8,1.275888
i128,fmt,unpredictable,,9,10.700372
i128,naive,unpredictable,,9,33.342740
i128,null,unpredictable,,9,1.070709
i128,fmt,unpredictable,,10,11.417163
i128,naive,unpredictable,,10,41.666102
i128,null,unpredictable,,10,1.256931
i128,fmt,unpredictable,,11,9.916877
i128,naive,unpredictable,,11,40.557210
i128,null,unpredictable,,11,0.968626
i128,fmt,unpredictable,,12,10.012904
i128,naive,unpredictable,,12,44.094106
i128,null,unpredictable,,12,1.015482
i128,fmt,unpredictable,,13,10.050607
i128,naive,unpredictable,,13,47.421540
i128,null,unpredictable,,13,1.258881
i128,fmt,unpredictable,,14,10.281663
i128,naive,unpredictable,,14,51.071889
i128,null,unpredictable,,14,1.140057
i128,fmt,unpredictable,,15,11.116864
i128,naive,unpredictable,,15,54.357146
i128,null,unpredictable,,15,0.912558
i128,fmt,unpredictable,,16,11.141513
i128,naive,unpredictable,,16,56.643622
i128,null,unpredictable,,16,0.702984
i128,fmt,unpredictable,,17,11.657512
i128,naive,unpredictable,,17,60.389998
i128,null,unpredictable,,17,0.990162
i128,fmt,unpredictable,,18,12.818448
i128,naive,unpredictable,,18,65.229020
i128,null,unpredictable,,18,0.937975
i128,fmt,unpredictable,,19,11.704673
i128,naive,unpredictable,,19,68.209250
i128,null,unpredictable,,19,1.407345
i128,fmt,unpredictable,,20,18.915019
i128,naive,unpredictable,,20,72.605184
i128,null,unpredictable,,20,0.787256
i128,fmt,unpredictable,,21,18.423024
i128,naive,unpredictable,,21,75.355578
i128,null,unpredictable,,21,1.162109
i128,fmt,unpredictable,,22,18.963960
i128,naive,unpredictable,,22,79.088708
i128,null,unpredictable,,22,1.006424
i128,fmt,unpredictable,,23,19.005694
i128,naive,unpredictable,,23,82.342397
i128,null,unpredictable,,23,0.993715
i128,fmt,unpredictable,,24,20.140706
i128,naive,unpredictable,,24,85.256719
i128,null,unpredictable,,24,1.413382
i128,fmt,unpredictable,,25,20.318519
i128,naive,unpredictable,,25,88.509875
i128,null,unpredictable,,25,0.867001
i128,fmt,unpredictable,,26,20.758597
i128,naive,unpredictable,,26,92.469171
i128,null,unpredictable,,26,0.944412
i128,fmt,unpredictable,,27,22.167487
i128,naive,unpredictable,,27,99.691600
i128,null,unpredictable,,27,0.982882
i128,fmt,unpredictable,,28,20.821294
i128,naive,unpredictable,,28,100.139539
i128,null,unpredictable,,28,0.835203
i128,fmt,unpredictable,,29,20.849671
i128,naive,unpredictable,,29,104.565850
i128,null,unpredictable,,29,1.412838
i128,fmt,unpredictable,,30,21.711598
i128,naive,unpredictable,,30,107.412753
i128,null,unpredictable,,30,0.895071
i128,fmt,unpredictable,,31,21.541419
i128,naive,unpredictable,,31,111.259793
i128,null,unpredictable,,31,1.179480
i128,fmt,unpredictable,,32,22.271670
i128,naive,unpredictable,,32,113.251775
i128,null,unpredictable,,32,1.115234
i128,fmt,unpredictable,,33,22.540942
i128,naive,unpredictable,,33,118.143003
i128,null,unpredictable,,33,1.108490
i128,fmt,unpredictable,,34,23.060340
i128,naive,unpredictable,,34,121.410930
i128,null,unpredictable,,34,1.127674
i128,fmt,unpredictable,,35,22.437953
i128,naive,unpredictable,,35,125.139682
i128,null,unpredictable,,35,0.992073
i128,fmt,unpredictable,,36,22.760110
i128,naive,unpredictable,,36,128.519628
i128,null,unpredictable,,36,1.135719
i128,fmt,unpredictable,,37,23.142015
i128,naive,unpredictable,,37,132.459373
i128,null,unpredictable,,37,0.988251
i128,fmt,unpredictable,,38,23.448819
i128,naive,unpredictable,,38,136.059497
i128,null,unpredictable,,38,1.144663
i128,fmt,unpredictable,,39,24.469232
i128,naive,unpredictable,,39,141.057298
i128,null,unpredictable,,39,1.410915
i128,fmt,admixture,5x6,0,7.864216
i128,naive,admixture,5x6,0,20.581261
i128,null,admixture,5x6,0,0.860007
i128,fmt,admixture,5x6,10,8.742239
i128,naive,admixture,5x6,10,20.980863
i128,null,admixture,5x6,10,0.956407
i128,fmt,admixture,5x6,20,9.481970
i128,naive,admixture,5x6,20,21.686051
i128,null,admixture,5x6,20,0.801962
i128,fmt,admixture,5x6,30,10.180318
i128,naive,admixture,5x6,30,21.703232
i128,null,admixture,5x6,30,0.812251
i128,fmt,admixture,5x6,40,11.065645
i128,naive,admixture,5x6,40,21.953655
i128,null,admixture,5x6,40,0.912798
i128,fmt,admixture,5x6,50,11.512737
i128,naive,admixture,5x6,50,21.767200
i128,null,admixture,5x6,50,1.033610
i128,fmt,admixture,5x6,60,10.798949
i128,naive,admixture,5x6,60,20.905015
i128,null,admixture,5x6,60,0.883035
i128,fmt,admixture,5x6,70,9.985197
i128,naive,admixture,5x6,70,19.879364
i128,null,admixture,5x6,70,0.803499
i128,fmt,admixture,5x6,80,9.219028
i128,naive,admixture,5x6,80,18.920008
i128,null,admixture,5x6,80,0.778103
i128,fmt,admixture,5x6,90,8.462796
i128,naive,admixture,5x6,90,18.076933
i128,null,admixture,5x6,90,0.985777
i128,fmt,admixture,5x6,100,7.704661
i128,naive,admixture,5x6,100,17.273729
i128,null,admixture,5x6,100,0.879508
i128,fmt,admixture,straddle64,0,19.184685
i128,naive,admixture,straddle64,0,79.289812
i128,null,admixture,straddle64,0,0.858516
i128,fmt,admixture,straddle64,10,19.395015
i128,naive,admixture,straddle64,10,78.907572
i128,null,admixture,straddle64,10,0.968550
i128,fmt,admixture,straddle64,20,19.707103
i128,naive,admixture,straddle64,20,79.031228
i128,null,admixture,straddle64,20,0.777396
i128,fmt,admixture,straddle64,30,20.202250
i128,naive,admixture,straddle64,30,78.335344
i128,null,admixture,straddle64,30,0.813963
i128,fmt,admixture,straddle64,40,20.516466
i128,naive,admixture,straddle64,40,77.833633
i128,null,admixture,straddle64,40,0.784431
i128,fmt,admixture,straddle64,50,20.165872
i128,naive,admixture,straddle64,50,77.621028
i128,null,admixture,straddle64,50,0.863688
i128,fmt,admixture,straddle64,60,19.677469
i128,naive,admixture,straddle64,60,77.124110
i128,null,admixture,straddle64,60,0.919947
i128,fmt,admixture,straddle64,70,19.081861
i128,naive,admixture,straddle64,70,75.783429
i128,null,admixture,straddle64,70,0.875287
i128,fmt,admixture,straddle64,80,18.351395
i128,naive,admixture,straddle64,80,74.450305
i128,null,admixture,straddle64,80,1.083457
i128,fmt,admixture,straddle64,90,17.690069
i128,naive,admixture,straddle64,90,73.083833
i128,null,admixture,straddle64,90,0.902814
i128,fmt,admixture,straddle64,100,16.965175
i128,naive,admixture,straddle64,100,71.951030
i128,null,admixture,straddle64,100,1.095057
i128,fmt,admixture,straddle1e32,0,22.784317
i128,naive,admixture,straddle1e32,0,121.018533
i128,null,admixture,straddle1e32,0,0.914280
i128,fmt,admixture,straddle1e32,10,23.810616
i128,naive,admixture,straddle1e32,10,121.350677
i128,null,admixture,straddle1e32,10,0.810630
i128,fmt,admixture,straddle1e32,20,24.448215
i128,naive,admixture,straddle1e32,20,121.532862
i128,null,admixture,straddle1e32,20,0.816047
i128,fmt,admixture,straddle1e32,30,24.878365
i128,naive,admixture,straddle1e32,30,121.960508
i128,null,admixture,straddle1e32,30,0.985972
i128,fmt,admixture,straddle1e32,40,25.201808
i128,naive,admixture,straddle1e32,40,120.601278
i128,null,admixture,straddle1e32,40,1.104919
i128,fmt,admixture,straddle1e32,50,25.238089
i128,naive,admixture,straddle1e32,50,120.792295
i128,null,admixture,straddle1e32,50,0.861115
i128,fmt,admixture,straddle1e32,60,25.055591
i128,naive,admixture,straddle1e32,60,118.740181
i128,null,admixture,straddle1e32,60,0.767689
i128,fmt,admixture,straddle1e32,70,24.089870
i128,naive,admixture,straddle1e32,70,116.984838
i128,null,admixture,straddle1e32,70,0.895319
i128,fmt,admixture,straddle1e32,80,23.219147
i128,naive,admixture,straddle1e32,80,115.749837
i128,null,admixture,straddle1e32,80,0.907025
i128,fmt,admixture,straddle1e32,90,22.446034
i128,naive,admixture,straddle1e32,90,114.661617
i128,null,admixture,straddle1e32,90,0.811048
i128,fmt,admixture,straddle1e32,100,21.578855
i128,naive,admixture,straddle1e32,100,113.251947
i128,null,admixture,straddle1e32,100,0.790181
u32,zmij_scalar,bylength,,1,2.240044
u32,zmij_x64_native,bylength,,1,1.272325
u32,zmij_x64_v1,bylength,,1,1.895469
u32,zmij_x64_v2,bylength,,1,1.337603
u32,zmij_x64_v3,bylength,,1,1.285634
u32,zmij_x64_v3_nokernel,bylength,,1,1.281219
u32,zmij_x64_v4,bylength,,1,1.276328
u32,zmij_scalar,bylength,,2,2.248814
u32,zmij_x64_native,bylength,,2,1.272430
u32,zmij_x64_v1,bylength,,2,1.911874
u32,zmij_x64_v2,bylength,,2,1.359818
u32,zmij_x64_v3,bylength,,2,1.276118
u32,zmij_x64_v3_nokernel,bylength,,2,1.288549
u32,zmij_x64_v4,bylength,,2,1.259541
u32,zmij_scalar,bylength,,3,2.262727
u32,zmij_x64_native,bylength,,3,1.270281
u32,zmij_x64_v1,bylength,,3,1.903485
u32,zmij_x64_v2,bylength,,3,1.358146
u32,zmij_x64_v3,bylength,,3,1.278449
u32,zmij_x64_v3_nokernel,bylength,,3,1.287746
u32,zmij_x64_v4,bylength,,3,1.211661
u32,zmij_scalar,bylength,,4,2.246770
u32,zmij_x64_native,bylength,,4,1.278163
u32,zmij_x64_v1,bylength,,4,1.922261
u32,zmij_x64_v2,bylength,,4,1.350034
u32,zmij_x64_v3,bylength,,4,1.295265
u32,zmij_x64_v3_nokernel,bylength,,4,1.301716
u32,zmij_x64_v4,bylength,,4,1.281689
u32,zmij_scalar,bylength,,5,2.272309
u32,zmij_x64_native,bylength,,5,1.279147
u32,zmij_x64_v1,bylength,,5,1.907451
u32,zmij_x64_v2,bylength,,5,1.360706
u32,zmij_x64_v3,bylength,,5,1.291531
u32,zmij_x64_v3_nokernel,bylength,,5,1.296584
u32,zmij_x64_v4,bylength,,5,1.282051
u32,zmij_scalar,bylength,,6,2.325033
u32,zmij_x64_native,bylength,,6,1.286284
u32,zmij_x64_v1,bylength,,6,1.922089
u32,zmij_x64_v2,bylength,,6,1.367166
u32,zmij_x64_v3,bylength,,6,1.286456
u32,zmij_x64_v3_nokernel,bylength,,6,1.311910
u32,zmij_x64_v4,bylength,,6,1.278479
u32,zmij_scalar,bylength,,7,2.270885
u32,zmij_x64_native,bylength,,7,1.285309
u32,zmij_x64_v1,bylength,,7,1.919479
u32,zmij_x64_v2,bylength,,7,1.362312
u32,zmij_x64_v3,bylength,,7,1.285032
u32,zmij_x64_v3_nokernel,bylength,,7,1.295074
u32,zmij_x64_v4,bylength,,7,1.298648
u32,zmij_scalar,bylength,,8,2.277248
u32,zmij_x64_native,bylength,,8,1.286733
u32,zmij_x64_v1,bylength,,8,1.923187
u32,zmij_x64_v2,bylength,,8,1.360219
u32,zmij_x64_v3,bylength,,8,1.299565
u32,zmij_x64_v3_nokernel,bylength,,8,1.289829
u32,zmij_x64_v4,bylength,,8,1.211920
u32,zmij_scalar,bylength,,9,2.258302
u32,zmij_x64_native,bylength,,9,1.273729
u32,zmij_x64_v1,bylength,,9,1.914961
u32,zmij_x64_v2,bylength,,9,1.359837
u32,zmij_x64_v3,bylength,,9,1.279968
u32,zmij_x64_v3_nokernel,bylength,,9,1.302728
u32,zmij_x64_v4,bylength,,9,1.204515
u32,zmij_scalar,bylength,,10,2.257003
u32,zmij_x64_native,bylength,,10,1.279128
u32,zmij_x64_v1,bylength,,10,1.903810
u32,zmij_x64_v2,bylength,,10,1.352183
u32,zmij_x64_v3,bylength,,10,1.277971
u32,zmij_x64_v3_nokernel,bylength,,10,1.282405
u32,zmij_x64_v4,bylength,,10,1.240641
u32,zmij_scalar,loguniform,1-10,10,2.260764
u32,zmij_x64_native,loguniform,1-10,10,1.277906
u32,zmij_x64_v1,loguniform,1-10,10,1.901329
u32,zmij_x64_v2,loguniform,1-10,10,1.355279
u32,zmij_x64_v3,loguniform,1-10,10,1.282369
u32,zmij_x64_v3_nokernel,loguniform,1-10,10,1.297697
u32,zmij_x64_v4,loguniform,1-10,10,1.242752
u32,zmij_scalar,loguniform,1-4,4,2.251384
u32,zmij_x64_native,loguniform,1-4,4,1.278296
u32,zmij_x64_v1,loguniform,1-4,4,1.913307
u32,zmij_x64_v2,loguniform,1-4,4,1.351897
u32,zmij_x64_v3,loguniform,1-4,4,1.292084
u32,zmij_x64_v3_nokernel,loguniform,1-4,4,1.281851
u32,zmij_x64_v4,loguniform,1-4,4,1.192571
u32,zmij_scalar,uniform,0-255,0,2.249044
u32,zmij_x64_native,uniform,0-255,0,1.282701
u32,zmij_x64_v1,uniform,0-255,0,1.911234
u32,zmij_x64_v2,uniform,0-255,0,1.358690
u32,zmij_x64_v3,uniform,0-255,0,1.295055
u32,zmij_x64_v3_nokernel,uniform,0-255,0,1.293403
u32,zmij_x64_v4,uniform,0-255,0,1.204419
u32,zmij_scalar,unpredictable,,1,2.279016
u32,zmij_x64_native,unpredictable,,1,1.266200
u32,zmij_x64_v1,unpredictable,,1,1.923101
u32,zmij_x64_v2,unpredictable,,1,1.319220
u32,zmij_x64_v3,unpredictable,,1,1.307221
u32,zmij_x64_v3_nokernel,unpredictable,,1,1.280639
u32,zmij_x64_v4,unpredictable,,1,1.234565
u32,zmij_scalar,unpredictable,,2,2.247715
u32,zmij_x64_native,unpredictable,,2,1.271914
u32,zmij_x64_v1,unpredictable,,2,1.883047
u32,zmij_x64_v2,unpredictable,,2,1.272707
u32,zmij_x64_v3,unpredictable,,2,1.288932
u32,zmij_x64_v3_nokernel,unpredictable,,2,1.294034
u32,zmij_x64_v4,unpredictable,,2,1.256425
u32,zmij_scalar,unpredictable,,3,2.254709
u32,zmij_x64_native,unpredictable,,3,1.271399
u32,zmij_x64_v1,unpredictable,,3,1.884384
u32,zmij_x64_v2,unpredictable,,3,1.366440
u32,zmij_x64_v3,unpredictable,,3,1.287976
u32,zmij_x64_v3_nokernel,unpredictable,,3,1.279357
u32,zmij_x64_v4,unpredictable,,3,1.168082
u32,zmij_scalar,unpredictable,,4,2.251499
u32,zmij_x64_native,unpredictable,,4,1.270194
u32,zmij_x64_v1,unpredictable,,4,1.914980
u32,zmij_x64_v2,unpredictable,,4,1.338196
u32,zmij_x64_v3,unpredictable,,4,1.242381
u32,zmij_x64_v3_nokernel,unpredictable,,4,1.300397
u32,zmij_x64_v4,unpredictable,,4,1.251573
u32,zmij_scalar,unpredictable,,5,2.236898
u32,zmij_x64_native,unpredictable,,5,1.303750
u32,zmij_x64_v1,unpredictable,,5,1.895565
u32,zmij_x64_v2,unpredictable,,5,1.358490
u32,zmij_x64_v3,unpredictable,,5,1.276607
u32,zmij_x64_v3_nokernel,unpredictable,,5,1.287078
u32,zmij_x64_v4,unpredictable,,5,1.221322
u32,zmij_scalar,unpredictable,,6,2.263422
u32,zmij_x64_native,unpredictable,,6,1.285157
u32,zmij_x64_v1,unpredictable,,6,1.901430
u32,zmij_x64_v2,unpredictable,,6,1.393364
u32,zmij_x64_v3,unpredictable,,6,1.278174
u32,zmij_x64_v3_nokernel,unpredictable,,6,1.300513
u32,zmij_x64_v4,unpredictable,,6,1.306149
u32,zmij_scalar,unpredictable,,7,2.250849
u32,zmij_x64_native,unpredictable,,7,1.267594
u32,zmij_x64_v1,unpredictable,,7,1.878576
u32,zmij_x64_v2,unpredictable,,7,1.324186
u32,zmij_x64_v3,unpredictable,,7,1.266364
u32,zmij_x64_v3_nokernel,unpredictable,,7,1.289523
u32,zmij_x64_v4,unpredictable,,7,1.252891
u32,zmij_scalar,unpredictable,,8,2.241543
u32,zmij_x64_native,unpredictable,,8,1.273635
u32,zmij_x64_v1,unpredictable,,8,1.915016
u32,zmij_x64_v2,unpredictable,,8,1.337240
u32,zmij_x64_v3,unpredictable,,8,1.282300
u32,zmij_x64_v3_nokernel,unpredictable,,8,1.303454
u32,zmij_x64_v4,unpredictable,,8,1.151591
u32,zmij_scalar,unpredictable,,9,2.245020
u32,zmij_x64_native,unpredictable,,9,1.285903
u32,zmij_x64_v1,unpredictable,,9,1.910967
u32,zmij_x64_v2,unpredictable,,9,1.351189
u32,zmij_x64_v3,unpredictable,,9,1.253770
u32,zmij_x64_v3_nokernel,unpredictable,,9,1.308366
u32,zmij_x64_v4,unpredictable,,9,1.292237
u32,zmij_scalar,unpredictable,,10,2.242289
u32,zmij_x64_native,unpredictable,,10,1.293870
u32,zmij_x64_v1,unpredictable,,10,1.915724
u32,zmij_x64_v2,unpredictable,,10,1.335005
u32,zmij_x64_v3,unpredictable,,10,1.321954
u32,zmij_x64_v3_nokernel,unpredictable,,10,1.300797
u32,zmij_x64_v4,unpredictable,,10,1.221150
u32,zmij_scalar,admixture,5x6,0,2.247945
u32,zmij_x64_native,admixture,5x6,0,1.282739
u32,zmij_x64_v1,admixture,5x6,0,1.905615
u32,zmij_x64_v2,admixture,5x6,0,1.343279
u32,zmij_x64_v3,admixture,5x6,0,1.290460
u32,zmij_x64_v3_nokernel,admixture,5x6,0,1.279377
u32,zmij_x64_v4,admixture,5x6,0,1.220729
u32,zmij_scalar,admixture,5x6,10,2.247677
u32,zmij_x64_native,admixture,5x6,10,1.282797
u32,zmij_x64_v1,admixture,5x6,10,1.917273
u32,zmij_x64_v2,admixture,5x6,10,1.347692
u32,zmij_x64_v3,admixture,5x6,10,1.286283
u32,zmij_x64_v3_nokernel,admixture,5x6,10,1.307544
u32,zmij_x64_v4,admixture,5x6,10,1.271064
u32,zmij_scalar,admixture,5x6,20,2.244667
u32,zmij_x64_native,admixture,5x6,20,1.290317
u32,zmij_x64_v1,admixture,5x6,20,1.898861
u32,zmij_x64_v2,admixture,5x6,20,1.341167
u32,zmij_x64_v3,admixture,5x6,20,1.311356
u32,zmij_x64_v3_nokernel,admixture,5x6,20,1.303531
u32,zmij_x64_v4,admixture,5x6,20,1.178391
u32,zmij_scalar,admixture,5x6,30,2.238371
u32,zmij_x64_native,admixture,5x6,30,1.269048
u32,zmij_x64_v1,admixture,5x6,30,1.908129
u32,zmij_x64_v2,admixture,5x6,30,1.348027
u32,zmij_x64_v3,admixture,5x6,30,1.275985
u32,zmij_x64_v3_nokernel,admixture,5x6,30,1.292915
u32,zmij_x64_v4,admixture,5x6,30,1.214681
u32,zmij_scalar,admixture,5x6,40,2.243005
u32,zmij_x64_native,admixture,5x6,40,1.273328
u32,zmij_x64_v1,admixture,5x6,40,1.915657
u32,zmij_x64_v2,admixture,5x6,40,1.358059
u32,zmij_x64_v3,admixture,5x6,40,1.275163
u32,zmij_x64_v3_nokernel,admixture,5x6,40,1.283829
u32,zmij_x64_v4,admixture,5x6,40,1.215635
u32,zmij_scalar,admixture,5x6,50,2.252578
u32,zmij_x64_native,admixture,5x6,50,1.267328
u32,zmij_x64_v1,admixture,5x6,50,1.896110
u32,zmij_x64_v2,admixture,5x6,50,1.360954
u32,zmij_x64_v3,admixture,5x6,50,1.276615
u32,zmij_x64_v3_nokernel,admixture,5x6,50,1.285635
u32,zmij_x64_v4,admixture,5x6,50,1.197348
u32,zmij_scalar,admixture,5x6,60,2.289661
u32,zmij_x64_native,admixture,5x6,60,1.271885
u32,zmij_x64_v1,admixture,5x6,60,1.912210
u32,zmij_x64_v2,admixture,5x6,60,1.342418
u32,zmij_x64_v3,admixture,5x6,60,1.283532
u32,zmij_x64_v3_nokernel,admixture,5x6,60,1.283905
u32,zmij_x64_v4,admixture,5x6,60,1.217271
u32,zmij_scalar,admixture,5x6,70,2.249789
u32,zmij_x64_native,admixture,5x6,70,1.286342
u32,zmij_x64_v1,admixture,5x6,70,1.902759
u32,zmij_x64_v2,admixture,5x6,70,1.355250
u32,zmij_x64_v3,admixture,5x6,70,1.280178
u32,zmij_x64_v3_nokernel,admixture,5x6,70,1.284286
u32,zmij_x64_v4,admixture,5x6,70,1.201036
u32,zmij_scalar,admixture,5x6,80,2.250830
u32,zmij_x64_native,admixture,5x6,80,1.275077
u32,zmij_x64_v1,admixture,5x6,80,1.923818
u32,zmij_x64_v2,admixture,5x6,80,1.335434
u32,zmij_x64_v3,admixture,5x6,80,1.305269
u32,zmij_x64_v3_nokernel,admixture,5x6,80,1.297463
u32,zmij_x64_v4,admixture,5x6,80,1.241377
u32,zmij_scalar,admixture,5x6,90,2.258225
u32,zmij_x64_native,admixture,5x6,90,1.279070
u32,zmij_x64_v1,admixture,5x6,90,1.902749
u32,zmij_x64_v2,admixture,5x6,90,1.346211
u32,zmij_x64_v3,admixture,5x6,90,1.271483
u32,zmij_x64_v3_nokernel,admixture,5x6,90,1.285777
u32,zmij_x64_v4,admixture,5x6,90,1.223108
u32,zmij_scalar,admixture,5x6,100,2.259238
u32,zmij_x64_native,admixture,5x6,100,1.280484
u32,zmij_x64_v1,admixture,5x6,100,1.908234
u32,zmij_x64_v2,admixture,5x6,100,1.358728
u32,zmij_x64_v3,admixture,5x6,100,1.283189
u32,zmij_x64_v3_nokernel,admixture,5x6,100,1.286915
u32,zmij_x64_v4,admixture,5x6,100,1.237823
i32,zmij_scalar,bylength,,1,2.505380
i32,zmij_x64_native,bylength,,1,1.557840
i32,zmij_x64_v1,bylength,,1,2.167303
i32,zmij_x64_v2,bylength,,1,1.636076
i32,zmij_x64_v3,bylength,,1,1.590289
i32,zmij_x64_v3_nokernel,bylength,,1,1.584557
i32,zmij_x64_v4,bylength,,1,1.354917
i32,zmij_scalar,bylength,,2,2.561514
i32,zmij_x64_native,bylength,,2,1.586581
i32,zmij_x64_v1,bylength,,2,2.134520
i32,zmij_x64_v2,bylength,,2,1.646404
i32,zmij_x64_v3,bylength,,2,1.582865
i32,zmij_x64_v3_nokernel,bylength,,2,1.589438
i32,zmij_x64_v4,bylength,,2,1.305001
i32,zmij_scalar,bylength,,3,2.490358
i32,zmij_x64_native,bylength,,3,1.569756
i32,zmij_x64_v1,bylength,,3,2.175854
i32,zmij_x64_v2,bylength,,3,1.623855
i32,zmij_x64_v3,bylength,,3,1.565513
i32,zmij_x64_v3_nokernel,bylength,,3,1.583936
i32,zmij_x64_v4,bylength,,3,1.354247
i32,zmij_scalar,bylength,,4,2.496188
i32,zmij_x64_native,bylength,,4,1.579988
i32,zmij_x64_v1,bylength,,4,2.160690
i32,zmij_x64_v2,bylength,,4,1.632760
i32,zmij_x64_v3,bylength,,4,1.571705
i32,zmij_x64_v3_nokernel,bylength,,4,1.597760
i32,zmij_x64_v4,bylength,,4,1.319544
i32,zmij_scalar,bylength,,5,2.501624
i32,zmij_x64_native,bylength,,5,1.562981
i32,zmij_x64_v1,bylength,,5,2.167245
i32,zmij_x64_v2,bylength,,5,1.635139
i32,zmij_x64_v3,bylength,,5,1.568830
i32,zmij_x64_v3_nokernel,bylength,,5,1.582376
i32,zmij_x64_v4,bylength,,5,1.339685
i32,zmij_scalar,bylength,,6,2.483537
i32,zmij_x64_native,bylength,,6,1.571457
i32,zmij_x64_v1,bylength,,6,2.170627
i32,zmij_x64_v2,bylength,,6,1.635980
i32,zmij_x64_v3,bylength,,6,1.583142
i32,zmij_x64_v3_nokernel,bylength,,6,1.592678
i32,zmij_x64_v4,bylength,,6,1.363477
i32,zmij_scalar,bylength,,7,2.510749
i32,zmij_x64_native,bylength,,7,1.576128
i32,zmij_x64_v1,bylength,,7,2.151852
i32,zmij_x64_v2,bylength,,7,1.650016
i32,zmij_x64_v3,bylength,,7,1.580667
i32,zmij_x64_v3_nokernel,bylength,,7,1.581985
i32,zmij_x64_v4,bylength,,7,1.382988
i32,zmij_scalar,bylength,,8,2.525836
i32,zmij_x64_native,bylength,,8,1.579100
i32,zmij_x64_v1,bylength,,8,2.159095
i32,zmij_x64_v2,bylength,,8,1.642076
i32,zmij_x64_v3,bylength,,8,1.589753
i32,zmij_x64_v3_nokernel,bylength,,8,1.580648
i32,zmij_x64_v4,bylength,,8,1.373730
i32,zmij_scalar,bylength,,9,2.499111
i32,zmij_x64_native,bylength,,9,1.586743
i32,zmij_x64_v1,bylength,,9,2.165229
i32,zmij_x64_v2,bylength,,9,1.639849
i32,zmij_x64_v3,bylength,,9,1.588321
i32,zmij_x64_v3_nokernel,bylength,,9,1.592486
i32,zmij_x64_v4,bylength,,9,1.335491
i32,zmij_scalar,bylength,,10,2.497954
i32,zmij_x64_native,bylength,,10,1.575135
i32,zmij_x64_v1,bylength,,10,2.119719
i32,zmij_x64_v2,bylength,,10,1.636457
i32,zmij_x64_v3,bylength,,10,1.575413
i32,zmij_x64_v3_nokernel,bylength,,10,1.577247
i32,zmij_x64_v4,bylength,,10,1.351706
i32,zmij_scalar,loguniform,1-10,10,2.499253
i32,zmij_x64_native,loguniform,1-10,10,1.566870
i32,zmij_x64_v1,loguniform,1-10,10,2.142245
i32,zmij_x64_v2,loguniform,1-10,10,1.628771
i32,zmij_x64_v3,loguniform,1-10,10,1.595776
i32,zmij_x64_v3_nokernel,loguniform,1-10,10,1.566717
i32,zmij_x64_v4,loguniform,1-10,10,1.350607
i32,zmij_scalar,loguniform,1-4,4,2.508801
i32,zmij_x64_native,loguniform,1-4,4,1.582664
i32,zmij_x64_v1,loguniform,1-4,4,2.176694
i32,zmij_x64_v2,loguniform,1-4,4,1.652356
i32,zmij_x64_v3,loguniform,1-4,4,1.596806
i32,zmij_x64_v3_nokernel,loguniform,1-4,4,1.590605
i32,zmij_x64_v4,loguniform,1-4,4,1.332644
i32,zmij_scalar,uniform,0-255,0,2.500611
i32,zmij_x64_native,uniform,0-255,0,1.587069
i32,zmij_x64_v1,uniform,0-255,0,2.169290
i32,zmij_x64_v2,uniform,0-255,0,1.645363
i32,zmij_x64_v3,uniform,0-255,0,1.590021
i32,zmij_x64_v3_nokernel,uniform,0-255,0,1.581909
i32,zmij_x64_v4,uniform,0-255,0,1.323195
i32,zmij_scalar,unpredictable,,1,2.503870
i32,zmij_x64_native,unpredictable,,1,1.557151
i32,zmij_x64_v1,unpredictable,,1,2.149146
i32,zmij_x64_v2,unpredictable,,1,1.614980
i32,zmij_x64_v3,unpredictable,,1,1.626033
i32,zmij_x64_v3_nokernel,unpredictable,,1,1.571522
i32,zmij_x64_v4,unpredictable,,1,1.352165
i32,zmij_scalar,unpredictable,,2,2.465286
i32,zmij_x64_native,unpredictable,,2,1.582818
i32,zmij_x64_v1,unpredictable,,2,2.176761
i32,zmij_x64_v2,unpredictable,,2,1.633992
i32,zmij_x64_v3,unpredictable,,2,1.645333
i32,zmij_x64_v3_nokernel,unpredictable,,2,1.589676
i32,zmij_x64_v4,unpredictable,,2,1.413372
i32,zmij_scalar,unpredictable,,3,2.510136
i32,zmij_x64_native,unpredictable,,3,1.587613
i32,zmij_x64_v1,unpredictable,,3,2.177087
i32,zmij_x64_v2,unpredictable,,3,1.657823
i32,zmij_x64_v3,unpredictable,,3,1.603787
i32,zmij_x64_v3_nokernel,unpredictable,,3,1.587767
i32,zmij_x64_v4,unpredictable,,3,1.399996
i32,zmij_scalar,unpredictable,,4,2.567638
i32,zmij_x64_native,unpredictable,,4,1.568082
i32,zmij_x64_v1,unpredictable,,4,2.156142
i32,zmij_x64_v2,unpredictable,,4,1.620692
i32,zmij_x64_v3,unpredictable,,4,1.625232
i32,zmij_x64_v3_nokernel,unpredictable,,4,1.595602
i32,zmij_x64_v4,unpredictable,,4,1.432194
i32,zmij_scalar,unpredictable,,5,2.508703
i32,zmij_x64_native,unpredictable,,5,1.587937
i32,zmij_x64_v1,unpredictable,,5,2.156047
i32,zmij_x64_v2,unpredictable,,5,1.619660
i32,zmij_x64_v3,unpredictable,,5,1.621293
i32,zmij_x64_v3_nokernel,unpredictable,,5,1.612301
i32,zmij_x64_v4,unpredictable,,5,1.378345
i32,zmij_scalar,unpredictable,,6,2.494255
i32,zmij_x64_native,unpredictable,,6,1.560802
i32,zmij_x64_v1,unpredictable,,6,2.139384
i32,zmij_x64_v2,unpredictable,,6,1.579780
i32,zmij_x64_v3,unpredictable,,6,1.511069
i32,zmij_x64_v3_nokernel,unpredictable,,6,1.566326
i32,zmij_x64_v4,unpredictable,,6,1.342054
i32,zmij_scalar,unpredictable,,7,2.532877
i32,zmij_x64_native,unpredictable,,7,1.555854
i32,zmij_x64_v1,unpredictable,,7,2.160020
i32,zmij_x64_v2,unpredictable,,7,1.606036
i32,zmij_x64_v3,unpredictable,,7,1.562074
i32,zmij_x64_v3_nokernel,unpredictable,,7,1.553579
i32,zmij_x64_v4,unpredictable,,7,1.385414
i32,zmij_scalar,unpredictable,,8,2.522289
i32,zmij_x64_native,unpredictable,,8,1.563649
i32,zmij_x64_v1,unpredictable,,8,2.238849
i32,zmij_x64_v2,unpredictable,,8,1.628242
i32,zmij_x64_v3,unpredictable,,8,1.597043
i32,zmij_x64_v3_nokernel,unpredictable,,8,1.628584
i32,zmij_x64_v4,unpredictable,,8,1.458052
i32,zmij_scalar,unpredictable,,9,2.502283
i32,zmij_x64_native,unpredictable,,9,1.586907
i32,zmij_x64_v1,unpredictable,,9,2.185075
i32,zmij_x64_v2,unpredictable,,9,1.652587
i32,zmij_x64_v3,unpredictable,,9,1.589248
i32,zmij_x64_v3_nokernel,unpredictable,,9,1.616240
i32,zmij_x64_v4,unpredictable,,9,1.417385
i32,zmij_scalar,unpredictable,,10,2.564388
i32,zmij_x64_native,unpredictable,,10,1.559693
i32,zmij_x64_v1,unpredictable,,10,2.142671
i32,zmij_x64_v2,unpredictable,,10,1.631623
i32,zmij_x64_v3,unpredictable,,10,1.587260
i32,zmij_x64_v3_nokernel,unpredictable,,10,1.593689
i32,zmij_x64_v4,unpredictable,,10,1.384880
i32,zmij_scalar,admixture,5x6,0,2.513214
i32,zmij_x64_native,admixture,5x6,0,1.574905
i32,zmij_x64_v1,admixture,5x6,0,2.166041
i32,zmij_x64_v2,admixture,5x6,0,1.639601
i32,zmij_x64_v3,admixture,5x6,0,1.574485
i32,zmij_x64_v3_nokernel,admixture,5x6,0,1.577151
i32,zmij_x64_v4,admixture,5x6,0,1.352489
i32,zmij_scalar,admixture,5x6,10,2.507768
i32,zmij_x64_native,admixture,5x6,10,1.575832
i32,zmij_x64_v1,admixture,5x6,10,2.171985
i32,zmij_x64_v2,admixture,5x6,10,1.640288
i32,zmij_x64_v3,admixture,5x6,10,1.577839
i32,zmij_x64_v3_nokernel,admixture,5x6,10,1.587108
i32,zmij_x64_v4,admixture,5x6,10,1.365092
i32,zmij_scalar,admixture,5x6,20,2.514265
i32,zmij_x64_native,admixture,5x6,20,1.575517
i32,zmij_x64_v1,admixture,5x6,20,2.175414
i32,zmij_x64_v2,admixture,5x6,20,1.642888
i32,zmij_x64_v3,admixture,5x6,20,1.581269
i32,zmij_x64_v3_nokernel,admixture,5x6,20,1.567663
i32,zmij_x64_v4,admixture,5x6,20,1.351964
i32,zmij_scalar,admixture,5x6,30,2.535572
i32,zmij_x64_native,admixture,5x6,30,1.569345
i32,zmij_x64_v1,admixture,5x6,30,2.205130
i32,zmij_x64_v2,admixture,5x6,30,1.656733
i32,zmij_x64_v3,admixture,5x6,30,1.600541
i32,zmij_x64_v3_nokernel,admixture,5x6,30,1.568992
i32,zmij_x64_v4,admixture,5x6,30,1.394148
i32,zmij_scalar,admixture,5x6,40,2.508341
i32,zmij_x64_native,admixture,5x6,40,1.579120
i32,zmij_x64_v1,admixture,5x6,40,2.172806
i32,zmij_x64_v2,admixture,5x6,40,1.639726
i32,zmij_x64_v3,admixture,5x6,40,1.595640
i32,zmij_x64_v3_nokernel,admixture,5x6,40,1.570167
i32,zmij_x64_v4,admixture,5x6,40,1.330982
i32,zmij_scalar,admixture,5x6,50,2.517303
i32,zmij_x64_native,admixture,5x6,50,1.582232
i32,zmij_x64_v1,admixture,5x6,50,2.172596
i32,zmij_x64_v2,admixture,5x6,50,1.635646
i32,zmij_x64_v3,admixture,5x6,50,1.588197
i32,zmij_x64_v3_nokernel,admixture,5x6,50,1.583351
i32,zmij_x64_v4,admixture,5x6,50,1.362302
i32,zmij_scalar,admixture,5x6,60,2.466128
i32,zmij_x64_native,admixture,5x6,60,1.565571
i32,zmij_x64_v1,admixture,5x6,60,2.155091
i32,zmij_x64_v2,admixture,5x6,60,1.633573
i32,zmij_x64_v3,admixture,5x6,60,1.582845
i32,zmij_x64_v3_nokernel,admixture,5x6,60,1.562933
i32,zmij_x64_v4,admixture,5x6,60,1.390250
i32,zmij_scalar,admixture,5x6,70,2.500544
i32,zmij_x64_native,admixture,5x6,70,1.569048
i32,zmij_x64_v1,admixture,5x6,70,2.165822
i32,zmij_x64_v2,admixture,5x6,70,1.627419
i32,zmij_x64_v3,admixture,5x6,70,1.584785
i32,zmij_x64_v3_nokernel,admixture,5x6,70,1.578815
i32,zmij_x64_v4,admixture,5x6,70,1.371732
i32,zmij_scalar,admixture,5x6,80,2.493416
i32,zmij_x64_native,admixture,5x6,80,1.571446
i32,zmij_x64_v1,admixture,5x6,80,2.157661
i32,zmij_x64_v2,admixture,5x6,80,1.627448
i32,zmij_x64_v3,admixture,5x6,80,1.571246
i32,zmij_x64_v3_nokernel,admixture,5x6,80,1.577600
i32,zmij_x64_v4,admixture,5x6,80,1.365360
i32,zmij_scalar,admixture,5x6,90,2.484732
i32,zmij_x64_native,admixture,5x6,90,1.565638
i32,zmij_x64_v1,admixture,5x6,90,2.140253
i32,zmij_x64_v2,admixture,5x6,90,1.623559
i32,zmij_x64_v3,admixture,5x6,90,1.593432
i32,zmij_x64_v3_nokernel,admixture,5x6,90,1.577925
i32,zmij_x64_v4,admixture,5x6,90,1.381354
i32,zmij_scalar,admixture,5x6,100,2.494725
i32,zmij_x64_native,admixture,5x6,100,1.566068
i32,zmij_x64_v1,admixture,5x6,100,2.171134
i32,zmij_x64_v2,admixture,5x6,100,1.630590
i32,zmij_x64_v3,admixture,5x6,100,1.587805
i32,zmij_x64_v3_nokernel,admixture,5x6,100,1.572316
i32,zmij_x64_v4,admixture,5x6,100,1.355298
u64,zmij_scalar,bylength,,1,4.652053
u64,zmij_x64_native,bylength,,1,2.083038
u64,zmij_x64_v1,bylength,,1,3.555794
u64,zmij_x64_v2,bylength,,1,2.600306
u64,zmij_x64_v3,bylength,,1,2.240654
u64,zmij_x64_v3_nokernel,bylength,,1,2.555666
u64,zmij_x64_v4,bylength,,1,1.951880
u64,zmij_scalar,bylength,,2,4.699999
u64,zmij_x64_native,bylength,,2,2.080984
u64,zmij_x64_v1,bylength,,2,3.601781
u64,zmij_x64_v2,bylength,,2,2.631321
u64,zmij_x64_v3,bylength,,2,2.254690
u64,zmij_x64_v3_nokernel,bylength,,2,2.578387
u64,zmij_x64_v4,bylength,,2,1.923063
u64,zmij_scalar,bylength,,3,4.708349
u64,zmij_x64_native,bylength,,3,2.100065
u64,zmij_x64_v1,bylength,,3,3.601142
u64,zmij_x64_v2,bylength,,3,2.643924
u64,zmij_x64_v3,bylength,,3,2.260462
u64,zmij_x64_v3_nokernel,bylength,,3,2.589891
u64,zmij_x64_v4,bylength,,3,1.916815
u64,zmij_scalar,bylength,,4,4.673226
u64,zmij_x64_native,bylength,,4,2.076636
u64,zmij_x64_v1,bylength,,4,3.606587
u64,zmij_x64_v2,bylength,,4,2.650315
u64,zmij_x64_v3,bylength,,4,2.264359
u64,zmij_x64_v3_nokernel,bylength,,4,2.583451
u64,zmij_x64_v4,bylength,,4,1.913919
u64,zmij_scalar,bylength,,5,4.680182
u64,zmij_x64_native,bylength,,5,2.112057
u64,zmij_x64_v1,bylength,,5,3.599660
u64,zmij_x64_v2,bylength,,5,2.600287
u64,zmij_x64_v3,bylength,,5,2.216739
u64,zmij_x64_v3_nokernel,bylength,,5,2.550497
u64,zmij_x64_v4,bylength,,5,1.923856
u64,zmij_scalar,bylength,,6,4.691237
u64,zmij_x64_native,bylength,,6,2.069356
u64,zmij_x64_v1,bylength,,6,3.579767
u64,zmij_x64_v2,bylength,,6,2.622091
u64,zmij_x64_v3,bylength,,6,2.273608
u64,zmij_x64_v3_nokernel,bylength,,6,2.584301
u64,zmij_x64_v4,bylength,,6,1.918171
u64,zmij_scalar,bylength,,7,4.679599
u64,zmij_x64_native,bylength,,7,2.077592
u64,zmij_x64_v1,bylength,,7,3.591835
u64,zmij_x64_v2,bylength,,7,2.619769
u64,zmij_x64_v3,bylength,,7,2.261827
u64,zmij_x64_v3_nokernel,bylength,,7,2.555943
u64,zmij_x64_v4,bylength,,7,1.915485
u64,zmij_scalar,bylength,,8,4.634100
u64,zmij_x64_native,bylength,,8,2.089239
u64,zmij_x64_v1,bylength,,8,3.577358
u64,zmij_x64_v2,bylength,,8,2.602513
u64,zmij_x64_v3,bylength,,8,2.266079
u64,zmij_x64_v3_nokernel,bylength,,8,2.581589
u64,zmij_x64_v4,bylength,,8,1.904641
u64,zmij_scalar,bylength,,9,4.681883
u64,zmij_x64_native,bylength,,9,2.071888
u64,zmij_x64_v1,bylength,,9,3.588510
u64,zmij_x64_v2,bylength,,9,2.624604
u64,zmij_x64_v3,bylength,,9,2.257146
u64,zmij_x64_v3_nokernel,bylength,,9,2.565842
u64,zmij_x64_v4,bylength,,9,1.907909
u64,zmij_scalar,bylength,,10,4.735255
u64,zmij_x64_native,bylength,,10,2.077765
u64,zmij_x64_v1,bylength,,10,3.599938
u64,zmij_x64_v2,bylength,,10,2.637780
u64,zmij_x64_v3,bylength,,10,2.285047
u64,zmij_x64_v3_nokernel,bylength,,10,2.585037
u64,zmij_x64_v4,bylength,,10,1.933153
u64,zmij_scalar,bylength,,11,4.764293
u64,zmij_x64_native,bylength,,11,2.164226
u64,zmij_x64_v1,bylength,,11,3.644835
u64,zmij_x64_v2,bylength,,11,2.694477
u64,zmij_x64_v3,bylength,,11,2.292565
u64,zmij_x64_v3_nokernel,bylength,,11,2.636806
u64,zmij_x64_v4,bylength,,11,1.998116
u64,zmij_scalar,bylength,,12,4.779591
u64,zmij_x64_native,bylength,,12,2.110785
u64,zmij_x64_v1,bylength,,12,3.661317
u64,zmij_x64_v2,bylength,,12,2.667361
u64,zmij_x64_v3,bylength,,12,2.292451
u64,zmij_x64_v3_nokernel,bylength,,12,2.615594
u64,zmij_x64_v4,bylength,,12,1.925652
u64,zmij_scalar,bylength,,13,4.815621
u64,zmij_x64_native,bylength,,13,2.121142
u64,zmij_x64_v1,bylength,,13,3.682348
u64,zmij_x64_v2,bylength,,13,2.690894
u64,zmij_x64_v3,bylength,,13,2.312802
u64,zmij_x64_v3_nokernel,bylength,,13,2.634378
u64,zmij_x64_v4,bylength,,13,2.098336
u64,zmij_scalar,bylength,,14,4.719863
u64,zmij_x64_native,bylength,,14,2.084625
u64,zmij_x64_v1,bylength,,14,3.623862
u64,zmij_x64_v2,bylength,,14,2.663482
u64,zmij_x64_v3,bylength,,14,2.267876
u64,zmij_x64_v3_nokernel,bylength,,14,2.595892
u64,zmij_x64_v4,bylength,,14,1.895039
u64,zmij_scalar,bylength,,15,4.758550
u64,zmij_x64_native,bylength,,15,2.112496
u64,zmij_x64_v1,bylength,,15,3.653625
u64,zmij_x64_v2,bylength,,15,2.681425
u64,zmij_x64_v3,bylength,,15,2.299874
u64,zmij_x64_v3_nokernel,bylength,,15,2.623571
u64,zmij_x64_v4,bylength,,15,2.015754
u64,zmij_scalar,bylength,,16,4.763022
u64,zmij_x64_native,bylength,,16,2.119634
u64,zmij_x64_v1,bylength,,16,3.617498
u64,zmij_x64_v2,bylength,,16,2.687771
u64,zmij_x64_v3,bylength,,16,2.272262
u64,zmij_x64_v3_nokernel,bylength,,16,2.612784
u64,zmij_x64_v4,bylength,,16,1.970531
u64,zmij_scalar,bylength,,17,4.782294
u64,zmij_x64_native,bylength,,17,2.117341
u64,zmij_x64_v1,bylength,,17,3.629633
u64,zmij_x64_v2,bylength,,17,2.663091
u64,zmij_x64_v3,bylength,,17,2.279284
u64,zmij_x64_v3_nokernel,bylength,,17,2.643246
u64,zmij_x64_v4,bylength,,17,2.085370
u64,zmij_scalar,bylength,,18,4.807203
u64,zmij_x64_native,bylength,,18,2.162190
u64,zmij_x64_v1,bylength,,18,3.633713
u64,zmij_x64_v2,bylength,,18,2.673964
u64,zmij_x64_v3,bylength,,18,2.275242
u64,zmij_x64_v3_nokernel,bylength,,18,2.623677
u64,zmij_x64_v4,bylength,,18,2.064856
u64,zmij_scalar,bylength,,19,4.789240
u64,zmij_x64_native,bylength,,19,2.117350
u64,zmij_x64_v1,bylength,,19,3.627063
u64,zmij_x64_v2,bylength,,19,2.668499
u64,zmij_x64_v3,bylength,,19,2.320971
u64,zmij_x64_v3_nokernel,bylength,,19,2.625549
u64,zmij_x64_v4,bylength,,19,2.052635
u64,zmij_scalar,bylength,,20,4.723207
u64,zmij_x64_native,bylength,,20,2.082991
u64,zmij_x64_v1,bylength,,20,3.644310
u64,zmij_x64_v2,bylength,,20,2.648787
u64,zmij_x64_v3,bylength,,20,2.295737
u64,zmij_x64_v3_nokernel,bylength,,20,2.597813
u64,zmij_x64_v4,bylength,,20,1.952453
u64,zmij_scalar,loguniform,1-20,20,4.721576
u64,zmij_x64_native,loguniform,1-20,20,2.084702
u64,zmij_x64_v1,loguniform,1-20,20,3.631588
u64,zmij_x64_v2,loguniform,1-20,20,2.646661
u64,zmij_x64_v3,loguniform,1-20,20,2.279639
u64,zmij_x64_v3_nokernel,loguniform,1-20,20,2.638681
u64,zmij_x64_v4,loguniform,1-20,20,1.943305
u64,zmij_scalar,loguniform,1-4,4,4.732444
u64,zmij_x64_native,loguniform,1-4,4,2.081518
u64,zmij_x64_v1,loguniform,1-4,4,3.606690
u64,zmij_x64_v2,loguniform,1-4,4,2.667675
u64,zmij_x64_v3,loguniform,1-4,4,2.269356
u64,zmij_x64_v3_nokernel,loguniform,1-4,4,2.612649
u64,zmij_x64_v4,loguniform,1-4,4,1.956590
u64,zmij_scalar,uniform,0-255,0,4.710372
u64,zmij_x64_native,uniform,0-255,0,2.078394
u64,zmij_x64_v1,uniform,0-255,0,3.626058
u64,zmij_x64_v2,uniform,0-255,0,2.694582
u64,zmij_x64_v3,uniform,0-255,0,2.300667
u64,zmij_x64_v3_nokernel,uniform,0-255,0,2.588113
u64,zmij_x64_v4,uniform,0-255,0,1.898152
u64,zmij_scalar,unpredictable,,1,4.732083
u64,zmij_x64_native,unpredictable,,1,2.097933
u64,zmij_x64_v1,unpredictable,,1,3.647490
u64,zmij_x64_v2,unpredictable,,1,2.685617
u64,zmij_x64_v3,unpredictable,,1,2.282094
u64,zmij_x64_v3_nokernel,unpredictable,,1,2.656096
u64,zmij_x64_v4,unpredictable,,1,1.974733
u64,zmij_scalar,unpredictable,,2,4.708348
u64,zmij_x64_native,unpredictable,,2,2.116928
u64,zmij_x64_v1,unpredictable,,2,3.611010
u64,zmij_x64_v2,unpredictable,,2,2.652998
u64,zmij_x64_v3,unpredictable,,2,2.276189
u64,zmij_x64_v3_nokernel,unpredictable,,2,2.650095
u64,zmij_x64_v4,unpredictable,,2,1.986315
u64,zmij_scalar,unpredictable,,3,4.780122
u64,zmij_x64_native,unpredictable,,3,2.107336
u64,zmij_x64_v1,unpredictable,,3,3.636671
u64,zmij_x64_v2,unpredictable,,3,2.668304
u64,zmij_x64_v3,unpredictable,,3,2.280738
u64,zmij_x64_v3_nokernel,unpredictable,,3,2.604881
u64,zmij_x64_v4,unpredictable,,3,1.973722
u64,zmij_scalar,unpredictable,,4,4.692275
u64,zmij_x64_native,unpredictable,,4,2.067148
u64,zmij_x64_v1,unpredictable,,4,3.610874
u64,zmij_x64_v2,unpredictable,,4,2.716137
u64,zmij_x64_v3,unpredictable,,4,2.292432
u64,zmij_x64_v3_nokernel,unpredictable,,4,2.602591
u64,zmij_x64_v4,unpredictable,,4,1.975615
u64,zmij_scalar,unpredictable,,5,4.802196
u64,zmij_x64_native,unpredictable,,5,2.121477
u64,zmij_x64_v1,unpredictable,,5,3.611753
u64,zmij_x64_v2,unpredictable,,5,2.730278
u64,zmij_x64_v3,unpredictable,,5,2.277505
u64,zmij_x64_v3_nokernel,unpredictable,,5,2.616749
u64,zmij_x64_v4,unpredictable,,5,2.040892
u64,zmij_scalar,unpredictable,,6,4.669688
u64,zmij_x64_native,unpredictable,,6,2.139381
u64,zmij_x64_v1,unpredictable,,6,3.574661
u64,zmij_x64_v2,unpredictable,,6,2.664923
u64,zmij_x64_v3,unpredictable,,6,2.291591
u64,zmij_x64_v3_nokernel,unpredictable,,6,2.644247
u64,zmij_x64_v4,unpredictable,,6,2.028011
u64,zmij_scalar,unpredictable,,7,4.724896
u64,zmij_x64_native,unpredictable,,7,2.109169
u64,zmij_x64_v1,unpredictable,,7,3.594650
u64,zmij_x64_v2,unpredictable,,7,2.633333
u64,zmij_x64_v3,unpredictable,,7,2.283183
u64,zmij_x64_v3_nokernel,unpredictable,,7,2.586555
u64,zmij_x64_v4,unpredictable,,7,1.938923
u64,zmij_scalar,unpredictable,,8,4.728967
u64,zmij_x64_native,unpredictable,,8,2.088837
u64,zmij_x64_v1,unpredictable,,8,3.577032
u64,zmij_x64_v2,unpredictable,,8,2.627373
u64,zmij_x64_v3,unpredictable,,8,2.278005
u64,zmij_x64_v3_nokernel,unpredictable,,8,2.558369
u64,zmij_x64_v4,unpredictable,,8,1.934874
u64,zmij_scalar,unpredictable,,9,4.725774
u64,zmij_x64_native,unpredictable,,9,2.093136
u64,zmij_x64_v1,unpredictable,,9,3.576286
u64,zmij_x64_v2,unpredictable,,9,2.683994
u64,zmij_x64_v3,unpredictable,,9,2.286429
u64,zmij_x64_v3_nokernel,unpredictable,,9,2.605207
u64,zmij_x64_v4,unpredictable,,9,2.001699
u64,zmij_scalar,unpredictable,,10,4.727208
u64,zmij_x64_native,unpredictable,,10,2.116661
u64,zmij_x64_v1,unpredictable,,10,3.574530
u64,zmij_x64_v2,unpredictable,,10,2.639507
u64,zmij_x64_v3,unpredictable,,10,2.284196
u64,zmij_x64_v3_nokernel,unpredictable,,10,2.588945
u64,zmij_x64_v4,unpredictable,,10,1.996767
u64,zmij_scalar,unpredictable,,11,4.683810
u64,zmij_x64_native,unpredictable,,11,2.107719
u64,zmij_x64_v1,unpredictable,,11,3.589224
u64,zmij_x64_v2,unpredictable,,11,2.672817
u64,zmij_x64_v3,unpredictable,,11,2.323312
u64,zmij_x64_v3_nokernel,unpredictable,,11,2.578472
u64,zmij_x64_v4,unpredictable,,11,1.950235
u64,zmij_scalar,unpredictable,,12,4.600036
u64,zmij_x64_native,unpredictable,,12,2.116890
u64,zmij_x64_v1,unpredictable,,12,3.538298
u64,zmij_x64_v2,unpredictable,,12,2.613079
u64,zmij_x64_v3,unpredictable,,12,2.255206
u64,zmij_x64_v3_nokernel,unpredictable,,12,2.524050
u64,zmij_x64_v4,unpredictable,,12,1.958414
u64,zmij_scalar,unpredictable,,13,4.638026
u64,zmij_x64_native,unpredictable,,13,2.063555
u64,zmij_x64_v1,unpredictable,,13,3.526295
u64,zmij_x64_v2,unpredictable,,13,2.662151
u64,zmij_x64_v3,unpredictable,,13,2.291322
u64,zmij_x64_v3_nokernel,unpredictable,,13,2.540043
u64,zmij_x64_v4,unpredictable,,13,1.936192
u64,zmij_scalar,unpredictable,,14,4.686448
u64,zmij_x64_native,unpredictable,,14,2.124208
u64,zmij_x64_v1,unpredictable,,14,3.546743
u64,zmij_x64_v2,unpredictable,,14,2.625919
u64,zmij_x64_v3,unpredictable,,14,2.349952
u64,zmij_x64_v3_nokernel,unpredictable,,14,2.602646
u64,zmij_x64_v4,unpredictable,,14,2.031927
u64,zmij_scalar,unpredictable,,15,4.808730
u64,zmij_x64_native,unpredictable,,15,2.146376
u64,zmij_x64_v1,unpredictable,,15,3.643744
u64,zmij_x64_v2,unpredictable,,15,2.774057
u64,zmij_x64_v3,unpredictable,,15,2.308101
u64,zmij_x64_v3_nokernel,unpredictable,,15,2.602074
u64,zmij_x64_v4,unpredictable,,15,1.911425
u64,zmij_scalar,unpredictable,,16,4.675057
u64,zmij_x64_native,unpredictable,,16,2.078671
u64,zmij_x64_v1,unpredictable,,16,3.559164
u64,zmij_x64_v2,unpredictable,,16,2.638094
u64,zmij_x64_v3,unpredictable,,16,2.263957
u64,zmij_x64_v3_nokernel,unpredictable,,16,2.623207
u64,zmij_x64_v4,unpredictable,,16,1.981976
u64,zmij_scalar,unpredictable,,17,4.692639
u64,zmij_x64_native,unpredictable,,17,2.114330
u64,zmij_x64_v1,unpredictable,,17,3.514505
u64,zmij_x64_v2,unpredictable,,17,2.591293
u64,zmij_x64_v3,unpredictable,,17,2.269231
u64,zmij_x64_v3_nokernel,unpredictable,,17,2.585409
u64,zmij_x64_v4,unpredictable,,17,2.034164
u64,zmij_scalar,unpredictable,,18,4.710067
u64,zmij_x64_native,unpredictable,,18,2.142687
u64,zmij_x64_v1,unpredictable,,18,3.544395
u64,zmij_x64_v2,unpredictable,,18,2.638954
u64,zmij_x64_v3,unpredictable,,18,2.310605
u64,zmij_x64_v3_nokernel,unpredictable,,18,2.632113
u64,zmij_x64_v4,unpredictable,,18,2.017788
u64,zmij_scalar,unpredictable,,19,4.724227
u64,zmij_x64_native,unpredictable,,19,2.170321
u64,zmij_x64_v1,unpredictable,,19,3.636845
u64,zmij_x64_v2,unpredictable,,19,2.757145
u64,zmij_x64_v3,unpredictable,,19,2.323598
u64,zmij_x64_v3_nokernel,unpredictable,,19,2.626514
u64,zmij_x64_v4,unpredictable,,19,2.053770
u64,zmij_scalar,unpredictable,,20,4.703435
u64,zmij_x64_native,unpredictable,,20,2.131109
u64,zmij_x64_v1,unpredictable,,20,3.583300
u64,zmij_x64_v2,unpredictable,,20,2.685274
u64,zmij_x64_v3,unpredictable,,20,2.319337
u64,zmij_x64_v3_nokernel,unpredictable,,20,2.590816
u64,zmij_x64_v4,unpredictable,,20,2.021343
u64,zmij_scalar,admixture,5x6,0,4.695486
u64,zmij_x64_native,admixture,5x6,0,2.094188
u64,zmij_x64_v1,admixture,5x6,0,3.604970
u64,zmij_x64_v2,admixture,5x6,0,2.643693
u64,zmij_x64_v3,admixture,5x6,0,2.276979
u64,zmij_x64_v3_nokernel,admixture,5x6,0,2.631089
u64,zmij_x64_v4,admixture,5x6,0,1.933591
u64,zmij_scalar,admixture,5x6,10,4.685960
u64,zmij_x64_native,admixture,5x6,10,2.101650
u64,zmij_x64_v1,admixture,5x6,10,3.595177
u64,zmij_x64_v2,admixture,5x6,10,2.632065
u64,zmij_x64_v3,admixture,5x6,10,2.271372
u64,zmij_x64_v3_nokernel,admixture,5x6,10,2.586813
u64,zmij_x64_v4,admixture,5x6,10,1.921820
u64,zmij_scalar,admixture,5x6,20,4.686390
u64,zmij_x64_native,admixture,5x6,20,2.075794
u64,zmij_x64_v1,admixture,5x6,20,3.635633
u64,zmij_x64_v2,admixture,5x6,20,2.652951
u64,zmij_x64_v3,admixture,5x6,20,2.260717
u64,zmij_x64_v3_nokernel,admixture,5x6,20,2.586030
u64,zmij_x64_v4,admixture,5x6,20,1.925317
u64,zmij_scalar,admixture,5x6,30,4.708099
u64,zmij_x64_native,admixture,5x6,30,2.101880
u64,zmij_x64_v1,admixture,5x6,30,3.638928
u64,zmij_x64_v2,admixture,5x6,30,2.666568
u64,zmij_x64_v3,admixture,5x6,30,2.272212
u64,zmij_x64_v3_nokernel,admixture,5x6,30,2.597772
u64,zmij_x64_v4,admixture,5x6,30,1.958099
u64,zmij_scalar,admixture,5x6,40,4.748745
u64,zmij_x64_native,admixture,5x6,40,2.091579
u64,zmij_x64_v1,admixture,5x6,40,3.645951
u64,zmij_x64_v2,admixture,5x6,40,2.660175
u64,zmij_x64_v3,admixture,5x6,40,2.255014
u64,zmij_x64_v3_nokernel,admixture,5x6,40,2.573169
u64,zmij_x64_v4,admixture,5x6,40,1.935540
u64,zmij_scalar,admixture,5x6,50,4.745878
u64,zmij_x64_native,admixture,5x6,50,2.084166
u64,zmij_x64_v1,admixture,5x6,50,3.644670
u64,zmij_x64_v2,admixture,5x6,50,2.664246
u64,zmij_x64_v3,admixture,5x6,50,2.288485
u64,zmij_x64_v3_nokernel,admixture,5x6,50,2.592077
u64,zmij_x64_v4,admixture,5x6,50,1.962561
u64,zmij_scalar,admixture,5x6,60,4.704906
u64,zmij_x64_native,admixture,5x6,60,2.079789
u64,zmij_x64_v1,admixture,5x6,60,3.639511
u64,zmij_x64_v2,admixture,5x6,60,2.650821
u64,zmij_x64_v3,admixture,5x6,60,2.274525
u64,zmij_x64_v3_nokernel,admixture,5x6,60,2.584081
u64,zmij_x64_v4,admixture,5x6,60,1.933772
u64,zmij_scalar,admixture,5x6,70,4.726425
u64,zmij_x64_native,admixture,5x6,70,2.084995
u64,zmij_x64_v1,admixture,5x6,70,3.598942
u64,zmij_x64_v2,admixture,5x6,70,2.634587
u64,zmij_x64_v3,admixture,5x6,70,2.258970
u64,zmij_x64_v3_nokernel,admixture,5x6,70,2.589145
u64,zmij_x64_v4,admixture,5x6,70,1.920482
u64,zmij_scalar,admixture,5x6,80,4.703053
u64,zmij_x64_native,admixture,5x6,80,2.090490
u64,zmij_x64_v1,admixture,5x6,80,3.634304
u64,zmij_x64_v2,admixture,5x6,80,2.627048
u64,zmij_x64_v3,admixture,5x6,80,2.259075
u64,zmij_x64_v3_nokernel,admixture,5x6,80,2.583039
u64,zmij_x64_v4,admixture,5x6,80,1.925766
u64,zmij_scalar,admixture,5x6,90,4.693901
u64,zmij_x64_native,admixture,5x6,90,2.087709
u64,zmij_x64_v1,admixture,5x6,90,3.610359
u64,zmij_x64_v2,admixture,5x6,90,2.639631
u64,zmij_x64_v3,admixture,5x6,90,2.270970
u64,zmij_x64_v3_nokernel,admixture,5x6,90,2.561244
u64,zmij_x64_v4,admixture,5x6,90,1.939639
u64,zmij_scalar,admixture,5x6,100,4.752710
u64,zmij_x64_native,admixture,5x6,100,2.130277
u64,zmij_x64_v1,admixture,5x6,100,3.601885
u64,zmij_x64_v2,admixture,5x6,100,2.661217
u64,zmij_x64_v3,admixture,5x6,100,2.288713
u64,zmij_x64_v3_nokernel,admixture,5x6,100,2.611406
u64,zmij_x64_v4,admixture,5x6,100,2.226502
i64,zmij_scalar,bylength,,1,4.961003
i64,zmij_x64_native,bylength,,1,2.455884
i64,zmij_x64_v1,bylength,,1,4.077120
i64,zmij_x64_v2,bylength,,1,2.900182
i64,zmij_x64_v3,bylength,,1,2.651155
i64,zmij_x64_v3_nokernel,bylength,,1,2.867514
i64,zmij_x64_v4,bylength,,1,2.081671
i64,zmij_scalar,bylength,,2,4.884900
i64,zmij_x64_native,bylength,,2,2.460288
i64,zmij_x64_v1,bylength,,2,4.058918
i64,zmij_x64_v2,bylength,,2,2.893626
i64,zmij_x64_v3,bylength,,2,2.621392
i64,zmij_x64_v3_nokernel,bylength,,2,2.815488
i64,zmij_x64_v4,bylength,,2,2.077783
i64,zmij_scalar,bylength,,3,4.942620
i64,zmij_x64_native,bylength,,3,2.445727
i64,zmij_x64_v1,bylength,,3,4.017469
i64,zmij_x64_v2,bylength,,3,2.895269
i64,zmij_x64_v3,bylength,,3,2.596904
i64,zmij_x64_v3_nokernel,bylength,,3,2.844362
i64,zmij_x64_v4,bylength,,3,2.131404
i64,zmij_scalar,bylength,,4,4.916298
i64,zmij_x64_native,bylength,,4,2.450982
i64,zmij_x64_v1,bylength,,4,4.033770
i64,zmij_x64_v2,bylength,,4,2.883728
i64,zmij_x64_v3,bylength,,4,2.590797
i64,zmij_x64_v3_nokernel,bylength,,4,2.840702
i64,zmij_x64_v4,bylength,,4,2.078566
i64,zmij_scalar,bylength,,5,4.902538
i64,zmij_x64_native,bylength,,5,2.433746
i64,zmij_x64_v1,bylength,,5,4.012596
i64,zmij_x64_v2,bylength,,5,2.886604
i64,zmij_x64_v3,bylength,,5,2.614981
i64,zmij_x64_v3_nokernel,bylength,,5,2.845977
i64,zmij_x64_v4,bylength,,5,2.091159
i64,zmij_scalar,bylength,,6,4.901727
i64,zmij_x64_native,bylength,,6,2.446940
i64,zmij_x64_v1,bylength,,6,4.025285
i64,zmij_x64_v2,bylength,,6,2.876619
i64,zmij_x64_v3,bylength,,6,2.581606
i64,zmij_x64_v3_nokernel,bylength,,6,2.790463
i64,zmij_x64_v4,bylength,,6,2.198019
i64,zmij_scalar,bylength,,7,4.955634
i64,zmij_x64_native,bylength,,7,2.442919
i64,zmij_x64_v1,bylength,,7,4.068927
i64,zmij_x64_v2,bylength,,7,2.895623
i64,zmij_x64_v3,bylength,,7,2.615535
i64,zmij_x64_v3_nokernel,bylength,,7,2.841802
i64,zmij_x64_v4,bylength,,7,2.020702
i64,zmij_scalar,bylength,,8,4.925050
i64,zmij_x64_native,bylength,,8,2.422768
i64,zmij_x64_v1,bylength,,8,4.017746
i64,zmij_x64_v2,bylength,,8,2.885324
i64,zmij_x64_v3,bylength,,8,2.605779
i64,zmij_x64_v3_nokernel,bylength,,8,2.834979
i64,zmij_x64_v4,bylength,,8,2.032168
i64,zmij_scalar,bylength,,9,5.443167
i64,zmij_x64_native,bylength,,9,2.429542
i64,zmij_x64_v1,bylength,,9,4.018406
i64,zmij_x64_v2,bylength,,9,2.914905
i64,zmij_x64_v3,bylength,,9,2.604156
i64,zmij_x64_v3_nokernel,bylength,,9,2.832552
i64,zmij_x64_v4,bylength,,9,2.013086
i64,zmij_scalar,bylength,,10,5.456744
i64,zmij_x64_native,bylength,,10,2.424659
i64,zmij_x64_v1,bylength,,10,4.010007
i64,zmij_x64_v2,bylength,,10,2.879801
i64,zmij_x64_v3,bylength,,10,2.613739
i64,zmij_x64_v3_nokernel,bylength,,10,2.804768
i64,zmij_x64_v4,bylength,,10,2.020616
i64,zmij_scalar,bylength,,11,5.485064
i64,zmij_x64_native,bylength,,11,2.464904
i64,zmij_x64_v1,bylength,,11,4.163381
i64,zmij_x64_v2,bylength,,11,2.982513
i64,zmij_x64_v3,bylength,,11,2.625988
i64,zmij_x64_v3_nokernel,bylength,,11,2.810175
i64,zmij_x64_v4,bylength,,11,2.111750
i64,zmij_scalar,bylength,,12,5.071152
i64,zmij_x64_native,bylength,,12,2.446473
i64,zmij_x64_v1,bylength,,12,3.998417
i64,zmij_x64_v2,bylength,,12,2.942728
i64,zmij_x64_v3,bylength,,12,2.623810
i64,zmij_x64_v3_nokernel,bylength,,12,2.841372
i64,zmij_x64_v4,bylength,,12,2.012944
i64,zmij_scalar,bylength,,13,5.070885
i64,zmij_x64_native,bylength,,13,2.421841
i64,zmij_x64_v1,bylength,,13,4.029279
i64,zmij_x64_v2,bylength,,13,2.864294
i64,zmij_x64_v3,bylength,,13,2.605894
i64,zmij_x64_v3_nokernel,bylength,,13,2.833929
i64,zmij_x64_v4,bylength,,13,2.037987
i64,zmij_scalar,bylength,,14,5.075490
i64,zmij_x64_native,bylength,,14,2.422108
i64,zmij_x64_v1,bylength,,14,4.016274
i64,zmij_x64_v2,bylength,,14,2.866549
i64,zmij_x64_v3,bylength,,14,2.595604
i64,zmij_x64_v3_nokernel,bylength,,14,2.825625
i64,zmij_x64_v4,bylength,,14,2.088627
i64,zmij_scalar,bylength,,15,5.083133
i64,zmij_x64_native,bylength,,15,2.461082
i64,zmij_x64_v1,bylength,,15,4.031161
i64,zmij_x64_v2,bylength,,15,2.872205
i64,zmij_x64_v3,bylength,,15,2.613519
i64,zmij_x64_v3_nokernel,bylength,,15,2.842471
i64,zmij_x64_v4,bylength,,15,2.399327
i64,zmij_scalar,bylength,,16,5.077601
i64,zmij_x64_native,bylength,,16,2.457929
i64,zmij_x64_v1,bylength,,16,4.004914
i64,zmij_x64_v2,bylength,,16,2.887341
i64,zmij_x64_v3,bylength,,16,2.602981
i64,zmij_x64_v3_nokernel,bylength,,16,2.815669
i64,zmij_x64_v4,bylength,,16,2.077426
i64,zmij_scalar,bylength,,17,5.491495
i64,zmij_x64_native,bylength,,17,2.410107
i64,zmij_x64_v1,bylength,,17,4.013494
i64,zmij_x64_v2,bylength,,17,2.869090
i64,zmij_x64_v3,bylength,,17,2.601356
i64,zmij_x64_v3_nokernel,bylength,,17,2.848279
i64,zmij_x64_v4,bylength,,17,2.079512
i64,zmij_scalar,bylength,,18,5.469193
i64,zmij_x64_native,bylength,,18,2.410089
i64,zmij_x64_v1,bylength,,18,3.999879
i64,zmij_x64_v2,bylength,,18,2.876228
i64,zmij_x64_v3,bylength,,18,2.620045
i64,zmij_x64_v3_nokernel,bylength,,18,2.840387
i64,zmij_x64_v4,bylength,,18,2.098545
i64,zmij_scalar,bylength,,19,5.433287
i64,zmij_x64_native,bylength,,19,2.428978
i64,zmij_x64_v1,bylength,,19,4.003071
i64,zmij_x64_v2,bylength,,19,2.867064
i64,zmij_x64_v3,bylength,,19,2.607002
i64,zmij_x64_v3_nokernel,bylength,,19,2.830030
i64,zmij_x64_v4,bylength,,19,2.024285
i64,zmij_scalar,loguniform,1-19,19,5.097969
i64,zmij_x64_native,loguniform,1-19,19,2.431494
i64,zmij_x64_v1,loguniform,1-19,19,4.005784
i64,zmij_x64_v2,loguniform,1-19,19,2.874183
i64,zmij_x64_v3,loguniform,1-19,19,2.594836
i64,zmij_x64_v3_nokernel,loguniform,1-19,19,2.816295
i64,zmij_x64_v4,loguniform,1-19,19,2.076155
i64,zmij_scalar,loguniform,1-4,4,4.854229
i64,zmij_x64_native,loguniform,1-4,4,2.448613
i64,zmij_x64_v1,loguniform,1-4,4,4.000195
i64,zmij_x64_v2,loguniform,1-4,4,2.888525
i64,zmij_x64_v3,loguniform,1-4,4,2.616959
i64,zmij_x64_v3_nokernel,loguniform,1-4,4,2.818622
i64,zmij_x64_v4,loguniform,1-4,4,2.126578
i64,zmij_scalar,uniform,0-255,0,4.904096
i64,zmij_x64_native,uniform,0-255,0,2.428214
i64,zmij_x64_v1,uniform,0-255,0,3.989741
i64,zmij_x64_v2,uniform,0-255,0,2.882831
i64,zmij_x64_v3,uniform,0-255,0,2.590272
i64,zmij_x64_v3_nokernel,uniform,0-255,0,2.849072
i64,zmij_x64_v4,uniform,0-255,0,2.018037
i64,zmij_scalar,unpredictable,,1,4.916668
i64,zmij_x64_native,unpredictable,,1,2.424202
i64,zmij_x64_v1,unpredictable,,1,3.998408
i64,zmij_x64_v2,unpredictable,,1,2.876649
i64,zmij_x64_v3,unpredictable,,1,2.609735
i64,zmij_x64_v3_nokernel,unpredictable,,1,2.848376
i64,zmij_x64_v4,unpredictable,,1,2.122349
i64,zmij_scalar,unpredictable,,2,4.787741
i64,zmij_x64_native,unpredictable,,2,2.389479
i64,zmij_x64_v1,unpredictable,,2,3.973433
i64,zmij_x64_v2,unpredictable,,2,2.940457
i64,zmij_x64_v3,unpredictable,,2,2.562727
i64,zmij_x64_v3_nokernel,unpredictable,,2,2.812795
i64,zmij_x64_v4,unpredictable,,2,2.115658
i64,zmij_scalar,unpredictable,,3,4.901499
i64,zmij_x64_native,unpredictable,,3,2.389881
i64,zmij_x64_v1,unpredictable,,3,3.992198
i64,zmij_x64_v2,unpredictable,,3,2.942140
i64,zmij_x64_v3,unpredictable,,3,2.592823
i64,zmij_x64_v3_nokernel,unpredictable,,3,2.831063
i64,zmij_x64_v4,unpredictable,,3,2.123743
i64,zmij_scalar,unpredictable,,4,4.798422
i64,zmij_x64_native,unpredictable,,4,2.450287
i64,zmij_x64_v1,unpredictable,,4,4.027341
i64,zmij_x64_v2,unpredictable,,4,2.874604
i64,zmij_x64_v3,unpredictable,,4,2.564962
i64,zmij_x64_v3_nokernel,unpredictable,,4,2.815545
i64,zmij_x64_v4,unpredictable,,4,2.127470
i64,zmij_scalar,unpredictable,,5,4.903162
i64,zmij_x64_native,unpredictable,,5,2.391752
i64,zmij_x64_v1,unpredictable,,5,3.971999
i64,zmij_x64_v2,unpredictable,,5,2.919110
i64,zmij_x64_v3,unpredictable,,5,2.590130
i64,zmij_x64_v3_nokernel,unpredictable,,5,2.840199
i64,zmij_x64_v4,unpredictable,,5,2.123972
i64,zmij_scalar,unpredictable,,6,4.794981
i64,zmij_x64_native,unpredictable,,6,2.399626
i64,zmij_x64_v1,unpredictable,,6,3.921149
i64,zmij_x64_v2,unpredictable,,6,2.861133
i64,zmij_x64_v3,unpredictable,,6,2.612431
i64,zmij_x64_v3_nokernel,unpredictable,,6,2.774194
i64,zmij_x64_v4,unpredictable,,6,2.131254
i64,zmij_scalar,unpredictable,,7,4.898537
i64,zmij_x64_native,unpredictable,,7,2.425711
i64,zmij_x64_v1,unpredictable,,7,3.991738
i64,zmij_x64_v2,unpredictable,,7,2.940398
i64,zmij_x64_v3,unpredictable,,7,2.616787
i64,zmij_x64_v3_nokernel,unpredictable,,7,2.842702
i64,zmij_x64_v4,unpredictable,,7,2.106335
i64,zmij_scalar,unpredictable,,8,4.847744
i64,zmij_x64_native,unpredictable,,8,2.452389
i64,zmij_x64_v1,unpredictable,,8,4.003167
i64,zmij_x64_v2,unpredictable,,8,2.886949
i64,zmij_x64_v3,unpredictable,,8,2.614971
i64,zmij_x64_v3_nokernel,unpredictable,,8,2.851626
i64,zmij_x64_v4,unpredictable,,8,2.076694
i64,zmij_scalar,unpredictable,,9,5.420591
i64,zmij_x64_native,unpredictable,,9,2.419176
i64,zmij_x64_v1,unpredictable,,9,4.041350
i64,zmij_x64_v2,unpredictable,,9,2.888288
i64,zmij_x64_v3,unpredictable,,9,2.593149
i64,zmij_x64_v3_nokernel,unpredictable,,9,2.851226
i64,zmij_x64_v4,unpredictable,,9,2.107443
i64,zmij_scalar,unpredictable,,10,5.456976
i64,zmij_x64_native,unpredictable,,10,2.440176
i64,zmij_x64_v1,unpredictable,,10,3.983790
i64,zmij_x64_v2,unpredictable,,10,2.887273
i64,zmij_x64_v3,unpredictable,,10,2.635134
i64,zmij_x64_v3_nokernel,unpredictable,,10,2.871768
i64,zmij_x64_v4,unpredictable,,10,2.071154
i64,zmij_scalar,unpredictable,,11,5.398958
i64,zmij_x64_native,unpredictable,,11,2.450037
i64,zmij_x64_v1,unpredictable,,11,4.058049
i64,zmij_x64_v2,unpredictable,,11,2.912654
i64,zmij_x64_v3,unpredictable,,11,2.585390
i64,zmij_x64_v3_nokernel,unpredictable,,11,2.808612
i64,zmij_x64_v4,unpredictable,,11,2.102169
i64,zmij_scalar,unpredictable,,12,5.024183
i64,zmij_x64_native,unpredictable,,12,2.445318
i64,zmij_x64_v1,unpredictable,,12,4.037450
i64,zmij_x64_v2,unpredictable,,12,2.885306
i64,zmij_x64_v3,unpredictable,,12,2.586613
i64,zmij_x64_v3_nokernel,unpredictable,,12,2.837523
i64,zmij_x64_v4,unpredictable,,12,2.080038
i64,zmij_scalar,unpredictable,,13,5.163490
i64,zmij_x64_native,unpredictable,,13,2.454681
i64,zmij_x64_v1,unpredictable,,13,4.016065
i64,zmij_x64_v2,unpredictable,,13,2.892091
i64,zmij_x64_v3,unpredictable,,13,2.660683
i64,zmij_x64_v3_nokernel,unpredictable,,13,2.863551
i64,zmij_x64_v4,unpredictable,,13,2.098902
i64,zmij_scalar,unpredictable,,14,5.064619
i64,zmij_x64_native,unpredictable,,14,2.410633
i64,zmij_x64_v1,unpredictable,,14,4.009110
i64,zmij_x64_v2,unpredictable,,14,2.921193
i64,zmij_x64_v3,unpredictable,,14,2.556479
i64,zmij_x64_v3_nokernel,unpredictable,,14,2.829400
i64,zmij_x64_v4,unpredictable,,14,2.076637
i64,zmij_scalar,unpredictable,,15,5.074554
i64,zmij_x64_native,unpredictable,,15,2.463587
i64,zmij_x64_v1,unpredictable,,15,4.042897
i64,zmij_x64_v2,unpredictable,,15,2.913836
i64,zmij_x64_v3,unpredictable,,15,2.575302
i64,zmij_x64_v3_nokernel,unpredictable,,15,2.844975
i64,zmij_x64_v4,unpredictable,,15,2.205015
i64,zmij_scalar,unpredictable,,16,5.109106
i64,zmij_x64_native,unpredictable,,16,2.405769
i64,zmij_x64_v1,unpredictable,,16,3.962693
i64,zmij_x64_v2,unpredictable,,16,2.811944
i64,zmij_x64_v3,unpredictable,,16,2.614780
i64,zmij_x64_v3_nokernel,unpredictable,,16,2.861907
i64,zmij_x64_v4,unpredictable,,16,2.117359
i64,zmij_scalar,unpredictable,,17,5.409929
i64,zmij_x64_native,unpredictable,,17,2.407253
i64,zmij_x64_v1,unpredictable,,17,3.988988
i64,zmij_x64_v2,unpredictable,,17,2.921653
i64,zmij_x64_v3,unpredictable,,17,2.626095
i64,zmij_x64_v3_nokernel,unpredictable,,17,2.788049
i64,zmij_x64_v4,unpredictable,,17,2.093874
i64,zmij_scalar,unpredictable,,18,5.340408
i64,zmij_x64_native,unpredictable,,18,2.382677
i64,zmij_x64_v1,unpredictable,,18,4.013047
i64,zmij_x64_v2,unpredictable,,18,2.854100
i64,zmij_x64_v3,unpredictable,,18,2.571365
i64,zmij_x64_v3_nokernel,unpredictable,,18,2.794221
i64,zmij_x64_v4,unpredictable,,18,2.211092
i64,zmij_scalar,unpredictable,,19,5.430414
i64,zmij_x64_native,unpredictable,,19,2.444017
i64,zmij_x64_v1,unpredictable,,19,3.986007
i64,zmij_x64_v2,unpredictable,,19,2.930594
i64,zmij_x64_v3,unpredictable,,19,2.598843
i64,zmij_x64_v3_nokernel,unpredictable,,19,2.851186
i64,zmij_x64_v4,unpredictable,,19,2.122616
i64,zmij_scalar,admixture,5x6,0,4.884338
i64,zmij_x64_native,admixture,5x6,0,2.418545
i64,zmij_x64_v1,admixture,5x6,0,4.005861
i64,zmij_x64_v2,admixture,5x6,0,2.869101
i64,zmij_x64_v3,admixture,5x6,0,2.607778
i64,zmij_x64_v3_nokernel,admixture,5x6,0,2.827441
i64,zmij_x64_v4,admixture,5x6,0,2.027419
i64,zmij_scalar,admixture,5x6,10,4.896319
i64,zmij_x64_native,admixture,5x6,10,2.428539
i64,zmij_x64_v1,admixture,5x6,10,3.991711
i64,zmij_x64_v2,admixture,5x6,10,2.857320
i64,zmij_x64_v3,admixture,5x6,10,2.600697
i64,zmij_x64_v3_nokernel,admixture,5x6,10,2.823925
i64,zmij_x64_v4,admixture,5x6,10,2.039602
i64,zmij_scalar,admixture,5x6,20,4.905167
i64,zmij_x64_native,admixture,5x6,20,2.429829
i64,zmij_x64_v1,admixture,5x6,20,4.002747
i64,zmij_x64_v2,admixture,5x6,20,2.868231
i64,zmij_x64_v3,admixture,5x6,20,2.606430
i64,zmij_x64_v3_nokernel,admixture,5x6,20,2.830422
i64,zmij_x64_v4,admixture,5x6,20,2.023377
i64,zmij_scalar,admixture,5x6,30,4.871860
i64,zmij_x64_native,admixture,5x6,30,2.412535
i64,zmij_x64_v1,admixture,5x6,30,3.979787
i64,zmij_x64_v2,admixture,5x6,30,2.858666
i64,zmij_x64_v3,admixture,5x6,30,2.582973
i64,zmij_x64_v3_nokernel,admixture,5x6,30,2.829591
i64,zmij_x64_v4,admixture,5x6,30,2.034719
i64,zmij_scalar,admixture,5x6,40,4.877888
i64,zmij_x64_native,admixture,5x6,40,2.398345
i64,zmij_x64_v1,admixture,5x6,40,3.976671
i64,zmij_x64_v2,admixture,5x6,40,2.852818
i64,zmij_x64_v3,admixture,5x6,40,2.605875
i64,zmij_x64_v3_nokernel,admixture,5x6,40,2.815345
i64,zmij_x64_v4,admixture,5x6,40,2.004421
i64,zmij_scalar,admixture,5x6,50,4.873885
i64,zmij_x64_native,admixture,5x6,50,2.415573
i64,zmij_x64_v1,admixture,5x6,50,3.992963
i64,zmij_x64_v2,admixture,5x6,50,2.858600
i64,zmij_x64_v3,admixture,5x6,50,2.578424
i64,zmij_x64_v3_nokernel,admixture,5x6,50,2.796350
i64,zmij_x64_v4,admixture,5x6,50,2.078432
i64,zmij_scalar,admixture,5x6,60,4.865524
i64,zmij_x64_native,admixture,5x6,60,2.415029
i64,zmij_x64_v1,admixture,5x6,60,3.983932
i64,zmij_x64_v2,admixture,5x6,60,2.868852
i64,zmij_x64_v3,admixture,5x6,60,2.599369
i64,zmij_x64_v3_nokernel,admixture,5x6,60,2.820428
i64,zmij_x64_v4,admixture,5x6,60,2.020369
i64,zmij_scalar,admixture,5x6,70,4.884788
i64,zmij_x64_native,admixture,5x6,70,2.433851
i64,zmij_x64_v1,admixture,5x6,70,4.011146
i64,zmij_x64_v2,admixture,5x6,70,2.922664
i64,zmij_x64_v3,admixture,5x6,70,2.648767
i64,zmij_x64_v3_nokernel,admixture,5x6,70,2.827460
i64,zmij_x64_v4,admixture,5x6,70,2.044322
i64,zmij_scalar,admixture,5x6,80,4.913892
i64,zmij_x64_native,admixture,5x6,80,2.428127
i64,zmij_x64_v1,admixture,5x6,80,4.004007
i64,zmij_x64_v2,admixture,5x6,80,2.909918
i64,zmij_x64_v3,admixture,5x6,80,2.588763
i64,zmij_x64_v3_nokernel,admixture,5x6,80,2.842242
i64,zmij_x64_v4,admixture,5x6,80,2.015333
i64,zmij_scalar,admixture,5x6,90,4.881318
i64,zmij_x64_native,admixture,5x6,90,2.462544
i64,zmij_x64_v1,admixture,5x6,90,4.040506
i64,zmij_x64_v2,admixture,5x6,90,2.897516
i64,zmij_x64_v3,admixture,5x6,90,2.609822
i64,zmij_x64_v3_nokernel,admixture,5x6,90,2.857806
i64,zmij_x64_v4,admixture,5x6,90,2.125023
i64,zmij_scalar,admixture,5x6,100,4.832704
i64,zmij_x64_native,admixture,5x6,100,2.416633
i64,zmij_x64_v1,admixture,5x6,100,4.004580
i64,zmij_x64_v2,admixture,5x6,100,2.857396
i64,zmij_x64_v3,admixture,5x6,100,2.592002
i64,zmij_x64_v3_nokernel,admixture,5x6,100,2.812555
i64,zmij_x64_v4,admixture,5x6,100,2.033831
u128,zmij_scalar,bylength,,1,5.016070
u128,zmij_x64_native,bylength,,1,2.354725
u128,zmij_x64_v1,bylength,,1,3.841627
u128,zmij_x64_v2,bylength,,1,2.719831
u128,zmij_x64_v3,bylength,,1,2.520146
u128,zmij_x64_v3_nokernel,bylength,,1,2.640946
u128,zmij_x64_v4,bylength,,1,2.136456
u128,zmij_scalar,bylength,,2,5.012918
u128,zmij_x64_native,bylength,,2,2.313524
u128,zmij_x64_v1,bylength,,2,3.835856
u128,zmij_x64_v2,bylength,,2,2.728278
u128,zmij_x64_v3,bylength,,2,2.509158
u128,zmij_x64_v3_nokernel,bylength,,2,2.625783
u128,zmij_x64_v4,bylength,,2,2.143745
u128,zmij_scalar,bylength,,3,5.075568
u128,zmij_x64_native,bylength,,3,2.303769
u128,zmij_x64_v1,bylength,,3,3.861836
u128,zmij_x64_v2,bylength,,3,2.719019
u128,zmij_x64_v3,bylength,,3,2.522172
u128,zmij_x64_v3_nokernel,bylength,,3,2.651515
u128,zmij_x64_v4,bylength,,3,2.089121
u128,zmij_scalar,bylength,,4,5.043885
u128,zmij_x64_native,bylength,,4,2.313648
u128,zmij_x64_v1,bylength,,4,3.826254
u128,zmij_x64_v2,bylength,,4,2.732453
u128,zmij_x64_v3,bylength,,4,2.531096
u128,zmij_x64_v3_nokernel,bylength,,4,2.628134
u128,zmij_x64_v4,bylength,,4,2.077024
u128,zmij_scalar,bylength,,5,5.057482
u128,zmij_x64_native,bylength,,5,2.304982
u128,zmij_x64_v1,bylength,,5,3.843405
u128,zmij_x64_v2,bylength,,5,2.717108
u128,zmij_x64_v3,bylength,,5,2.505967
u128,zmij_x64_v3_nokernel,bylength,,5,2.628421
u128,zmij_x64_v4,bylength,,5,2.092875
u128,zmij_scalar,bylength,,6,5.132142
u128,zmij_x64_native,bylength,,6,2.340813
u128,zmij_x64_v1,bylength,,6,3.920770
u128,zmij_x64_v2,bylength,,6,2.749097
u128,zmij_x64_v3,bylength,,6,2.530694
u128,zmij_x64_v3_nokernel,bylength,,6,2.667079
u128,zmij_x64_v4,bylength,,6,2.108049
u128,zmij_scalar,bylength,,7,5.120667
u128,zmij_x64_native,bylength,,7,2.347013
u128,zmij_x64_v1,bylength,,7,3.881662
u128,zmij_x64_v2,bylength,,7,2.773337
u128,zmij_x64_v3,bylength,,7,2.559664
u128,zmij_x64_v3_nokernel,bylength,,7,2.670490
u128,zmij_x64_v4,bylength,,7,2.098361
u128,zmij_scalar,bylength,,8,5.131272
u128,zmij_x64_native,bylength,,8,2.323825
u128,zmij_x64_v1,bylength,,8,3.882607
u128,zmij_x64_v2,bylength,,8,2.767643
u128,zmij_x64_v3,bylength,,8,2.569611
u128,zmij_x64_v3_nokernel,bylength,,8,2.655623
u128,zmij_x64_v4,bylength,,8,2.094558
u128,zmij_scalar,bylength,,9,5.327347
u128,zmij_x64_native,bylength,,9,2.320786
u128,zmij_x64_v1,bylength,,9,3.893586
u128,zmij_x64_v2,bylength,,9,2.739734
u128,zmij_x64_v3,bylength,,9,2.552958
u128,zmij_x64_v3_nokernel,bylength,,9,2.641291
u128,zmij_x64_v4,bylength,,9,2.068090
u128,zmij_scalar,bylength,,10,5.305885
u128,zmij_x64_native,bylength,,10,2.344003
u128,zmij_x64_v1,bylength,,10,3.887471
u128,zmij_x64_v2,bylength,,10,2.771952
u128,zmij_x64_v3,bylength,,10,2.556473
u128,zmij_x64_v3_nokernel,bylength,,10,2.697387
u128,zmij_x64_v4,bylength,,10,2.089923
u128,zmij_scalar,bylength,,11,5.281788
u128,zmij_x64_native,bylength,,11,2.366477
u128,zmij_x64_v1,bylength,,11,3.931165
u128,zmij_x64_v2,bylength,,11,2.770567
u128,zmij_x64_v3,bylength,,11,2.536858
u128,zmij_x64_v3_nokernel,bylength,,11,2.674016
u128,zmij_x64_v4,bylength,,11,2.099460
u128,zmij_scalar,bylength,,12,5.277346
u128,zmij_x64_native,bylength,,12,2.327397
u128,zmij_x64_v1,bylength,,12,3.892908
u128,zmij_x64_v2,bylength,,12,2.759550
u128,zmij_x64_v3,bylength,,12,2.557095
u128,zmij_x64_v3_nokernel,bylength,,12,2.669583
u128,zmij_x64_v4,bylength,,12,2.084697
u128,zmij_scalar,bylength,,13,5.298433
u128,zmij_x64_native,bylength,,13,2.388691
u128,zmij_x64_v1,bylength,,13,3.919126
u128,zmij_x64_v2,bylength,,13,2.771408
u128,zmij_x64_v3,bylength,,13,2.552966
u128,zmij_x64_v3_nokernel,bylength,,13,2.665444
u128,zmij_x64_v4,bylength,,13,2.091099
u128,zmij_scalar,bylength,,14,5.254959
u128,zmij_x64_native,bylength,,14,2.381258
u128,zmij_x64_v1,bylength,,14,3.904737
u128,zmij_x64_v2,bylength,,14,2.742228
u128,zmij_x64_v3,bylength,,14,2.533875
u128,zmij_x64_v3_nokernel,bylength,,14,2.636819
u128,zmij_x64_v4,bylength,,14,2.194262
u128,zmij_scalar,bylength,,15,5.224508
u128,zmij_x64_native,bylength,,15,2.353759
u128,zmij_x64_v1,bylength,,15,3.859447
u128,zmij_x64_v2,bylength,,15,2.740527
u128,zmij_x64_v3,bylength,,15,2.579356
u128,zmij_x64_v3_nokernel,bylength,,15,2.681688
u128,zmij_x64_v4,bylength,,15,2.076766
u128,zmij_scalar,bylength,,16,5.253775
u128,zmij_x64_native,bylength,,16,2.355824
u128,zmij_x64_v1,bylength,,16,3.851583
u128,zmij_x64_v2,bylength,,16,2.743326
u128,zmij_x64_v3,bylength,,16,2.536761
u128,zmij_x64_v3_nokernel,bylength,,16,2.639811
u128,zmij_x64_v4,bylength,,16,2.067221
u128,zmij_scalar,bylength,,17,5.246560
u128,zmij_x64_native,bylength,,17,2.347873
u128,zmij_x64_v1,bylength,,17,3.867291
u128,zmij_x64_v2,bylength,,17,2.769506
u128,zmij_x64_v3,bylength,,17,2.547205
u128,zmij_x64_v3_nokernel,bylength,,17,2.662923
u128,zmij_x64_v4,bylength,,17,2.132651
u128,zmij_scalar,bylength,,18,5.278358
u128,zmij_x64_native,bylength,,18,2.355030
u128,zmij_x64_v1,bylength,,18,3.874716
u128,zmij_x64_v2,bylength,,18,2.758748
u128,zmij_x64_v3,bylength,,18,2.538329
u128,zmij_x64_v3_nokernel,bylength,,18,2.656979
u128,zmij_x64_v4,bylength,,18,2.219075
u128,zmij_scalar,bylength,,19,5.317904
u128,zmij_x64_native,bylength,,19,2.356664
u128,zmij_x64_v1,bylength,,19,3.913995
u128,zmij_x64_v2,bylength,,19,2.759101
u128,zmij_x64_v3,bylength,,19,2.642103
u128,zmij_x64_v3_nokernel,bylength,,19,2.673367
u128,zmij_x64_v4,bylength,,19,2.169839
u128,zmij_scalar,bylength,,20,8.975890
u128,zmij_x64_native,bylength,,20,3.934002
u128,zmij_x64_v1,bylength,,20,5.437617
u128,zmij_x64_v2,bylength,,20,4.310872
u128,zmij_x64_v3,bylength,,20,3.969049
u128,zmij_x64_v3_nokernel,bylength,,20,4.002358
u128,zmij_x64_v4,bylength,,20,3.888885
u128,zmij_scalar,bylength,,21,8.830620
u128,zmij_x64_native,bylength,,21,3.771152
u128,zmij_x64_v1,bylength,,21,5.299809
u128,zmij_x64_v2,bylength,,21,4.085437
u128,zmij_x64_v3,bylength,,21,3.775996
u128,zmij_x64_v3_nokernel,bylength,,21,3.883544
u128,zmij_x64_v4,bylength,,21,3.696692
u128,zmij_scalar,bylength,,22,8.800598
u128,zmij_x64_native,bylength,,22,3.753101
u128,zmij_x64_v1,bylength,,22,5.286078
u128,zmij_x64_v2,bylength,,22,4.108951
u128,zmij_x64_v3,bylength,,22,3.769058
u128,zmij_x64_v3_nokernel,bylength,,22,3.895936
u128,zmij_x64_v4,bylength,,22,3.704021
u128,zmij_scalar,bylength,,23,8.755149
u128,zmij_x64_native,bylength,,23,3.716796
u128,zmij_x64_v1,bylength,,23,5.264620
u128,zmij_x64_v2,bylength,,23,4.068325
u128,zmij_x64_v3,bylength,,23,3.741992
u128,zmij_x64_v3_nokernel,bylength,,23,3.848565
u128,zmij_x64_v4,bylength,,23,3.686936
u128,zmij_scalar,bylength,,24,8.756755
u128,zmij_x64_native,bylength,,24,3.719911
u128,zmij_x64_v1,bylength,,24,5.183406
u128,zmij_x64_v2,bylength,,24,4.015075
u128,zmij_x64_v3,bylength,,24,3.735073
u128,zmij_x64_v3_nokernel,bylength,,24,3.832695
u128,zmij_x64_v4,bylength,,24,3.665247
u128,zmij_scalar,bylength,,25,8.720667
u128,zmij_x64_native,bylength,,25,3.709609
u128,zmij_x64_v1,bylength,,25,5.212805
u128,zmij_x64_v2,bylength,,25,4.025003
u128,zmij_x64_v3,bylength,,25,3.774057
u128,zmij_x64_v3_nokernel,bylength,,25,3.810785
u128,zmij_x64_v4,bylength,,25,3.659486
u128,zmij_scalar,bylength,,26,8.749856
u128,zmij_x64_native,bylength,,26,3.714569
u128,zmij_x64_v1,bylength,,26,5.204646
u128,zmij_x64_v2,bylength,,26,4.030793
u128,zmij_x64_v3,bylength,,26,3.736507
u128,zmij_x64_v3_nokernel,bylength,,26,3.833842
u128,zmij_x64_v4,bylength,,26,3.673044
u128,zmij_scalar,bylength,,27,8.731969
u128,zmij_x64_native,bylength,,27,3.709305
u128,zmij_x64_v1,bylength,,27,5.227242
u128,zmij_x64_v2,bylength,,27,4.035810
u128,zmij_x64_v3,bylength,,27,3.728051
u128,zmij_x64_v3_nokernel,bylength,,27,3.829016
u128,zmij_x64_v4,bylength,,27,3.668831
u128,zmij_scalar,bylength,,28,8.767896
u128,zmij_x64_native,bylength,,28,3.708713
u128,zmij_x64_v1,bylength,,28,5.216522
u128,zmij_x64_v2,bylength,,28,4.034721
u128,zmij_x64_v3,bylength,,28,3.738820
u128,zmij_x64_v3_nokernel,bylength,,28,3.832991
u128,zmij_x64_v4,bylength,,28,3.662477
u128,zmij_scalar,bylength,,29,8.715479
u128,zmij_x64_native,bylength,,29,3.699693
u128,zmij_x64_v1,bylength,,29,5.203556
u128,zmij_x64_v2,bylength,,29,4.033031
u128,zmij_x64_v3,bylength,,29,3.733746
u128,zmij_x64_v3_nokernel,bylength,,29,3.835007
u128,zmij_x64_v4,bylength,,29,3.661769
u128,zmij_scalar,bylength,,30,8.717886
u128,zmij_x64_native,bylength,,30,3.709908
u128,zmij_x64_v1,bylength,,30,5.218030
u128,zmij_x64_v2,bylength,,30,4.029944
u128,zmij_x64_v3,bylength,,30,3.727937
u128,zmij_x64_v3_nokernel,bylength,,30,3.823494
u128,zmij_x64_v4,bylength,,30,3.666834
u128,zmij_scalar,bylength,,31,8.714599
u128,zmij_x64_native,bylength,,31,3.712458
u128,zmij_x64_v1,bylength,,31,5.235650
u128,zmij_x64_v2,bylength,,31,4.017188
u128,zmij_x64_v3,bylength,,31,3.800916
u128,zmij_x64_v3_nokernel,bylength,,31,3.833956
u128,zmij_x64_v4,bylength,,31,3.664512
u128,zmij_scalar,bylength,,32,8.701137
u128,zmij_x64_native,bylength,,32,3.719709
u128,zmij_x64_v1,bylength,,32,5.222818
u128,zmij_x64_v2,bylength,,32,4.030116
u128,zmij_x64_v3,bylength,,32,3.739946
u128,zmij_x64_v3_nokernel,bylength,,32,3.837081
u128,zmij_x64_v4,bylength,,32,3.667053
u128,zmij_scalar,bylength,,33,11.904754
u128,zmij_x64_native,bylength,,33,4.316931
u128,zmij_x64_v1,bylength,,33,5.753003
u128,zmij_x64_v2,bylength,,33,4.591898
u128,zmij_x64_v3,bylength,,33,4.415268
u128,zmij_x64_v3_nokernel,bylength,,33,4.309049
u128,zmij_x64_v4,bylength,,33,4.433279
u128,zmij_scalar,bylength,,34,11.935616
u128,zmij_x64_native,bylength,,34,4.362067
u128,zmij_x64_v1,bylength,,34,5.763055
u128,zmij_x64_v2,bylength,,34,4.599226
u128,zmij_x64_v3,bylength,,34,4.421412
u128,zmij_x64_v3_nokernel,bylength,,34,4.308932
u128,zmij_x64_v4,bylength,,34,4.433796
u128,zmij_scalar,bylength,,35,11.968772
u128,zmij_x64_native,bylength,,35,4.348902
u128,zmij_x64_v1,bylength,,35,5.788078
u128,zmij_x64_v2,bylength,,35,4.604519
u128,zmij_x64_v3,bylength,,35,4.411714
u128,zmij_x64_v3_nokernel,bylength,,35,4.307758
u128,zmij_x64_v4,bylength,,35,4.416883
u128,zmij_scalar,bylength,,36,11.918925
u128,zmij_x64_native,bylength,,36,4.357108
u128,zmij_x64_v1,bylength,,36,5.768798
u128,zmij_x64_v2,bylength,,36,4.599504
u128,zmij_x64_v3,bylength,,36,4.414925
u128,zmij_x64_v3_nokernel,bylength,,36,4.305207
u128,zmij_x64_v4,bylength,,36,4.417255
u128,zmij_scalar,bylength,,37,11.904383
u128,zmij_x64_native,bylength,,37,4.371755
u128,zmij_x64_v1,bylength,,37,5.800815
u128,zmij_x64_v2,bylength,,37,4.589232
u128,zmij_x64_v3,bylength,,37,4.428253
u128,zmij_x64_v3_nokernel,bylength,,37,4.317828
u128,zmij_x64_v4,bylength,,37,4.422921
u128,zmij_scalar,bylength,,38,11.922833
u128,zmij_x64_native,bylength,,38,4.368182
u128,zmij_x64_v1,bylength,,38,5.791280
u128,zmij_x64_v2,bylength,,38,4.588774
u128,zmij_x64_v3,bylength,,38,4.379887
u128,zmij_x64_v3_nokernel,bylength,,38,4.272825
u128,zmij_x64_v4,bylength,,38,4.410481
u128,zmij_scalar,bylength,,39,11.896145
u128,zmij_x64_native,bylength,,39,4.342566
u128,zmij_x64_v1,bylength,,39,5.762300
u128,zmij_x64_v2,bylength,,39,4.603755
u128,zmij_x64_v3,bylength,,39,4.419415
u128,zmij_x64_v3_nokernel,bylength,,39,4.305112
u128,zmij_x64_v4,bylength,,39,4.423676
u128,zmij_scalar,loguniform,1-39,39,10.065149
u128,zmij_x64_native,loguniform,1-39,39,6.330902
u128,zmij_x64_v1,loguniform,1-39,39,7.449389
u128,zmij_x64_v2,loguniform,1-39,39,6.719408
u128,zmij_x64_v3,loguniform,1-39,39,6.285439
u128,zmij_x64_v3_nokernel,loguniform,1-39,39,6.141050
u128,zmij_x64_v4,loguniform,1-39,39,6.343861
u128,zmij_scalar,loguniform,1-4,4,5.177414
u128,zmij_x64_native,loguniform,1-4,4,2.355280
u128,zmij_x64_v1,loguniform,1-4,4,3.931548
u128,zmij_x64_v2,loguniform,1-4,4,2.783801
u128,zmij_x64_v3,loguniform,1-4,4,2.577026
u128,zmij_x64_v3_nokernel,loguniform,1-4,4,2.675126
u128,zmij_x64_v4,loguniform,1-4,4,2.105384
u128,zmij_scalar,uniform,0-255,0,5.134322
u128,zmij_x64_native,uniform,0-255,0,2.350664
u128,zmij_x64_v1,uniform,0-255,0,3.913356
u128,zmij_x64_v2,uniform,0-255,0,2.773539
u128,zmij_x64_v3,uniform,0-255,0,2.557945
u128,zmij_x64_v3_nokernel,uniform,0-255,0,2.707535
u128,zmij_x64_v4,uniform,0-255,0,2.109473
u128,zmij_scalar,unpredictable,,1,4.467726
u128,zmij_x64_native,unpredictable,,1,2.389581
u128,zmij_x64_v1,unpredictable,,1,3.922117
u128,zmij_x64_v2,unpredictable,,1,2.601372
u128,zmij_x64_v3,unpredictable,,1,2.335969
u128,zmij_x64_v3_nokernel,unpredictable,,1,2.521810
u128,zmij_x64_v4,unpredictable,,1,2.081687
u128,zmij_scalar,unpredictable,,2,4.558018
u128,zmij_x64_native,unpredictable,,2,2.485129
u128,zmij_x64_v1,unpredictable,,2,3.886593
u128,zmij_x64_v2,unpredictable,,2,2.621418
u128,zmij_x64_v3,unpredictable,,2,2.371112
u128,zmij_x64_v3_nokernel,unpredictable,,2,2.440633
u128,zmij_x64_v4,unpredictable,,2,2.177503
u128,zmij_scalar,unpredictable,,3,4.566502
u128,zmij_x64_native,unpredictable,,3,2.450541
u128,zmij_x64_v1,unpredictable,,3,3.957985
u128,zmij_x64_v2,unpredictable,,3,2.652908
u128,zmij_x64_v3,unpredictable,,3,2.436677
u128,zmij_x64_v3_nokernel,unpredictable,,3,2.464213
u128,zmij_x64_v4,unpredictable,,3,2.122428
u128,zmij_scalar,unpredictable,,4,4.775484
u128,zmij_x64_native,unpredictable,,4,2.509265
u128,zmij_x64_v1,unpredictable,,4,4.081491
u128,zmij_x64_v2,unpredictable,,4,2.827934
u128,zmij_x64_v3,unpredictable,,4,2.554450
u128,zmij_x64_v3_nokernel,unpredictable,,4,2.566545
u128,zmij_x64_v4,unpredictable,,4,2.285090
u128,zmij_scalar,unpredictable,,5,4.753374
u128,zmij_x64_native,unpredictable,,5,2.426597
u128,zmij_x64_v1,unpredictable,,5,4.048643
u128,zmij_x64_v2,unpredictable,,5,2.710754
u128,zmij_x64_v3,unpredictable,,5,2.552556
u128,zmij_x64_v3_nokernel,unpredictable,,5,2.566564
u128,zmij_x64_v4,unpredictable,,5,2.306205
u128,zmij_scalar,unpredictable,,6,4.568966
u128,zmij_x64_native,unpredictable,,6,2.293424
u128,zmij_x64_v1,unpredictable,,6,3.858732
u128,zmij_x64_v2,unpredictable,,6,2.554686
u128,zmij_x64_v3,unpredictable,,6,2.313344
u128,zmij_x64_v3_nokernel,unpredictable,,6,2.399280
u128,zmij_x64_v4,unpredictable,,6,2.074004
u128,zmij_scalar,unpredictable,,7,4.396883
u128,zmij_x64_native,unpredictable,,7,2.367644
u128,zmij_x64_v1,unpredictable,,7,3.871096
u128,zmij_x64_v2,unpredictable,,7,2.590899
u128,zmij_x64_v3,unpredictable,,7,2.479062
u128,zmij_x64_v3_nokernel,unpredictable,,7,2.449920
u128,zmij_x64_v4,unpredictable,,7,2.012033
u128,zmij_scalar,unpredictable,,8,4.476017
u128,zmij_x64_native,unpredictable,,8,2.357934
u128,zmij_x64_v1,unpredictable,,8,3.892729
u128,zmij_x64_v2,unpredictable,,8,2.602194
u128,zmij_x64_v3,unpredictable,,8,2.426242
u128,zmij_x64_v3_nokernel,unpredictable,,8,2.448619
u128,zmij_x64_v4,unpredictable,,8,2.050328
u128,zmij_scalar,unpredictable,,9,4.628109
u128,zmij_x64_native,unpredictable,,9,2.318568
u128,zmij_x64_v1,unpredictable,,9,3.892117
u128,zmij_x64_v2,unpredictable,,9,2.595850
u128,zmij_x64_v3,unpredictable,,9,2.437537
u128,zmij_x64_v3_nokernel,unpredictable,,9,2.433503
u128,zmij_x64_v4,unpredictable,,9,2.007771
u128,zmij_scalar,unpredictable,,10,4.618959
u128,zmij_x64_native,unpredictable,,10,2.370280
u128,zmij_x64_v1,unpredictable,,10,3.901781
u128,zmij_x64_v2,unpredictable,,10,2.843987
u128,zmij_x64_v3,unpredictable,,10,2.437385
u128,zmij_x64_v3_nokernel,unpredictable,,10,2.519898
u128,zmij_x64_v4,unpredictable,,10,2.140965
u128,zmij_scalar,unpredictable,,11,4.618290
u128,zmij_x64_native,unpredictable,,11,2.303206
u128,zmij_x64_v1,unpredictable,,11,3.966873
u128,zmij_x64_v2,unpredictable,,11,2.580925
u128,zmij_x64_v3,unpredictable,,11,2.389764
u128,zmij_x64_v3_nokernel,unpredictable,,11,2.475219
u128,zmij_x64_v4,unpredictable,,11,2.025964
u128,zmij_scalar,unpredictable,,12,4.655836
u128,zmij_x64_native,unpredictable,,12,2.331048
u128,zmij_x64_v1,unpredictable,,12,3.868670
u128,zmij_x64_v2,unpredictable,,12,2.623367
u128,zmij_x64_v3,unpredictable,,12,2.402719
u128,zmij_x64_v3_nokernel,unpredictable,,12,2.423434
u128,zmij_x64_v4,unpredictable,,12,2.064467
u128,zmij_scalar,unpredictable,,13,4.582268
u128,zmij_x64_native,unpredictable,,13,2.362025
u128,zmij_x64_v1,unpredictable,,13,3.878359
u128,zmij_x64_v2,unpredictable,,13,2.714958
u128,zmij_x64_v3,unpredictable,,13,2.431155
u128,zmij_x64_v3_nokernel,unpredictable,,13,2.453435
u128,zmij_x64_v4,unpredictable,,13,2.093078
u128,zmij_scalar,unpredictable,,14,4.624939
u128,zmij_x64_native,unpredictable,,14,2.439401
u128,zmij_x64_v1,unpredictable,,14,3.920340
u128,zmij_x64_v2,unpredictable,,14,2.624685
u128,zmij_x64_v3,unpredictable,,14,2.480399
u128,zmij_x64_v3_nokernel,unpredictable,,14,2.505834
u128,zmij_x64_v4,unpredictable,,14,2.067891
u128,zmij_scalar,unpredictable,,15,4.585318
u128,zmij_x64_native,unpredictable,,15,2.359672
u128,zmij_x64_v1,unpredictable,,15,3.881086
u128,zmij_x64_v2,unpredictable,,15,2.630873
u128,zmij_x64_v3,unpredictable,,15,2.305562
u128,zmij_x64_v3_nokernel,unpredictable,,15,2.512042
u128,zmij_x64_v4,unpredictable,,15,2.129056
u128,zmij_scalar,unpredictable,,16,4.592789
u128,zmij_x64_native,unpredictable,,16,2.416656
u128,zmij_x64_v1,unpredictable,,16,3.869276
u128,zmij_x64_v2,unpredictable,,16,2.654015
u128,zmij_x64_v3,unpredictable,,16,2.457156
u128,zmij_x64_v3_nokernel,unpredictable,,16,2.482709
u128,zmij_x64_v4,unpredictable,,16,2.057607
u128,zmij_scalar,unpredictable,,17,4.626099
u128,zmij_x64_native,unpredictable,,17,2.332288
u128,zmij_x64_v1,unpredictable,,17,3.873022
u128,zmij_x64_v2,unpredictable,,17,2.591068
u128,zmij_x64_v3,unpredictable,,17,2.372500
u128,zmij_x64_v3_nokernel,unpredictable,,17,2.359950
u128,zmij_x64_v4,unpredictable,,17,2.122903
u128,zmij_scalar,unpredictable,,18,4.596880
u128,zmij_x64_native,unpredictable,,18,2.392331
u128,zmij_x64_v1,unpredictable,,18,3.910189
u128,zmij_x64_v2,unpredictable,,18,2.605265
u128,zmij_x64_v3,unpredictable,,18,2.406995
u128,zmij_x64_v3_nokernel,unpredictable,,18,2.445140
u128,zmij_x64_v4,unpredictable,,18,2.037026
u128,zmij_scalar,unpredictable,,19,4.727322
u128,zmij_x64_native,unpredictable,,19,2.517669
u128,zmij_x64_v1,unpredictable,,19,3.918005
u128,zmij_x64_v2,unpredictable,,19,2.611839
u128,zmij_x64_v3,unpredictable,,19,2.500632
u128,zmij_x64_v3_nokernel,unpredictable,,19,2.446647
u128,zmij_x64_v4,unpredictable,,19,2.104463
u128,zmij_scalar,unpredictable,,20,9.335623
u128,zmij_x64_native,unpredictable,,20,3.634162
u128,zmij_x64_v1,unpredictable,,20,5.072680
u128,zmij_x64_v2,unpredictable,,20,4.211767
u128,zmij_x64_v3,unpredictable,,20,3.844146
u128,zmij_x64_v3_nokernel,unpredictable,,20,3.788329
u128,zmij_x64_v4,unpredictable,,20,3.723956
u128,zmij_scalar,unpredictable,,21,9.226221
u128,zmij_x64_native,unpredictable,,21,3.428277
u128,zmij_x64_v1,unpredictable,,21,4.768303
u128,zmij_x64_v2,unpredictable,,21,3.848515
u128,zmij_x64_v3,unpredictable,,21,3.535432
u128,zmij_x64_v3_nokernel,unpredictable,,21,3.439866
u128,zmij_x64_v4,unpredictable,,21,3.466743
u128,zmij_scalar,unpredictable,,22,9.195704
u128,zmij_x64_native,unpredictable,,22,3.415147
u128,zmij_x64_v1,unpredictable,,22,4.892801
u128,zmij_x64_v2,unpredictable,,22,3.928831
u128,zmij_x64_v3,unpredictable,,22,3.573766
u128,zmij_x64_v3_nokernel,unpredictable,,22,3.537574
u128,zmij_x64_v4,unpredictable,,22,3.513696
u128,zmij_scalar,unpredictable,,23,9.261499
u128,zmij_x64_native,unpredictable,,23,3.222772
u128,zmij_x64_v1,unpredictable,,23,4.854622
u128,zmij_x64_v2,unpredictable,,23,3.870544
u128,zmij_x64_v3,unpredictable,,23,3.419456
u128,zmij_x64_v3_nokernel,unpredictable,,23,3.458459
u128,zmij_x64_v4,unpredictable,,23,3.367202
u128,zmij_scalar,unpredictable,,24,9.415426
u128,zmij_x64_native,unpredictable,,24,3.608518
u128,zmij_x64_v1,unpredictable,,24,4.995573
u128,zmij_x64_v2,unpredictable,,24,4.043259
u128,zmij_x64_v3,unpredictable,,24,3.729470
u128,zmij_x64_v3_nokernel,unpredictable,,24,3.576520
u128,zmij_x64_v4,unpredictable,,24,3.656920
u128,zmij_scalar,unpredictable,,25,9.195570
u128,zmij_x64_native,unpredictable,,25,3.413257
u128,zmij_x64_v1,unpredictable,,25,4.835510
u128,zmij_x64_v2,unpredictable,,25,3.818453
u128,zmij_x64_v3,unpredictable,,25,3.525323
u128,zmij_x64_v3_nokernel,unpredictable,,25,3.408757
u128,zmij_x64_v4,unpredictable,,25,3.497870
u128,zmij_scalar,unpredictable,,26,9.256512
u128,zmij_x64_native,unpredictable,,26,3.391128
u128,zmij_x64_v1,unpredictable,,26,4.840691
u128,zmij_x64_v2,unpredictable,,26,3.830072
u128,zmij_x64_v3,unpredictable,,26,3.521121
u128,zmij_x64_v3_nokernel,unpredictable,,26,3.431458
u128,zmij_x64_v4,unpredictable,,26,3.503835
u128,zmij_scalar,unpredictable,,27,9.357044
u128,zmij_x64_native,unpredictable,,27,3.451131
u128,zmij_x64_v1,unpredictable,,27,4.953112
u128,zmij_x64_v2,unpredictable,,27,4.000683
u128,zmij_x64_v3,unpredictable,,27,3.579021
u128,zmij_x64_v3_nokernel,unpredictable,,27,3.531135
u128,zmij_x64_v4,unpredictable,,27,3.604791
u128,zmij_scalar,unpredictable,,28,9.571224
u128,zmij_x64_native,unpredictable,,28,3.516219
u128,zmij_x64_v1,unpredictable,,28,5.194923
u128,zmij_x64_v2,unpredictable,,28,4.027817
u128,zmij_x64_v3,unpredictable,,28,3.664804
u128,zmij_x64_v3_nokernel,unpredictable,,28,3.661267
u128,zmij_x64_v4,unpredictable,,28,3.717879
u128,zmij_scalar,unpredictable,,29,9.399508
u128,zmij_x64_native,unpredictable,,29,3.460132
u128,zmij_x64_v1,unpredictable,,29,5.059589
u128,zmij_x64_v2,unpredictable,,29,4.073107
u128,zmij_x64_v3,unpredictable,,29,3.732127
u128,zmij_x64_v3_nokernel,unpredictable,,29,3.529757
u128,zmij_x64_v4,unpredictable,,29,3.702514
u128,zmij_scalar,unpredictable,,30,9.480150
u128,zmij_x64_native,unpredictable,,30,3.559213
u128,zmij_x64_v1,unpredictable,,30,4.998211
u128,zmij_x64_v2,unpredictable,,30,3.932652
u128,zmij_x64_v3,unpredictable,,30,3.654160
u128,zmij_x64_v3_nokernel,unpredictable,,30,3.553645
u128,zmij_x64_v4,unpredictable,,30,3.672975
u128,zmij_scalar,unpredictable,,31,9.471739
u128,zmij_x64_native,unpredictable,,31,3.542457
u128,zmij_x64_v1,unpredictable,,31,4.995823
u128,zmij_x64_v2,unpredictable,,31,3.997223
u128,zmij_x64_v3,unpredictable,,31,3.703137
u128,zmij_x64_v3_nokernel,unpredictable,,31,3.580741
u128,zmij_x64_v4,unpredictable,,31,3.701829
u128,zmij_scalar,unpredictable,,32,9.602488
u128,zmij_x64_native,unpredictable,,32,3.567164
u128,zmij_x64_v1,unpredictable,,32,5.185577
u128,zmij_x64_v2,unpredictable,,32,3.937811
u128,zmij_x64_v3,unpredictable,,32,3.597291
u128,zmij_x64_v3_nokernel,unpredictable,,32,3.608468
u128,zmij_x64_v4,unpredictable,,32,3.685912
u128,zmij_scalar,unpredictable,,33,13.316158
u128,zmij_x64_native,unpredictable,,33,5.336728
u128,zmij_x64_v1,unpredictable,,33,6.796513
u128,zmij_x64_v2,unpredictable,,33,5.546339
u128,zmij_x64_v3,unpredictable,,33,5.137309
u128,zmij_x64_v3_nokernel,unpredictable,,33,5.159076
u128,zmij_x64_v4,unpredictable,,33,5.730094
u128,zmij_scalar,unpredictable,,34,13.480595
u128,zmij_x64_native,unpredictable,,34,5.204926
u128,zmij_x64_v1,unpredictable,,34,6.797983
u128,zmij_x64_v2,unpredictable,,34,5.619278
u128,zmij_x64_v3,unpredictable,,34,5.070750
u128,zmij_x64_v3_nokernel,unpredictable,,34,5.174459
u128,zmij_x64_v4,unpredictable,,34,5.725642
u128,zmij_scalar,unpredictable,,35,13.416330
u128,zmij_x64_native,unpredictable,,35,5.225987
u128,zmij_x64_v1,unpredictable,,35,6.810749
u128,zmij_x64_v2,unpredictable,,35,5.436459
u128,zmij_x64_v3,unpredictable,,35,5.208070
u128,zmij_x64_v3_nokernel,unpredictable,,35,5.163507
u128,zmij_x64_v4,unpredictable,,35,5.741712
u128,zmij_scalar,unpredictable,,36,13.354397
u128,zmij_x64_native,unpredictable,,36,5.201392
u128,zmij_x64_v1,unpredictable,,36,6.826418
u128,zmij_x64_v2,unpredictable,,36,5.544828
u128,zmij_x64_v3,unpredictable,,36,5.250264
u128,zmij_x64_v3_nokernel,unpredictable,,36,5.155004
u128,zmij_x64_v4,unpredictable,,36,5.804086
u128,zmij_scalar,unpredictable,,37,13.158619
u128,zmij_x64_native,unpredictable,,37,4.968055
u128,zmij_x64_v1,unpredictable,,37,6.693472
u128,zmij_x64_v2,unpredictable,,37,5.390385
u128,zmij_x64_v3,unpredictable,,37,4.856990
u128,zmij_x64_v3_nokernel,unpredictable,,37,5.040692
u128,zmij_x64_v4,unpredictable,,37,5.426713
u128,zmij_scalar,unpredictable,,38,13.058750
u128,zmij_x64_native,unpredictable,,38,5.063382
u128,zmij_x64_v1,unpredictable,,38,6.575777
u128,zmij_x64_v2,unpredictable,,38,5.339800
u128,zmij_x64_v3,unpredictable,,38,4.848561
u128,zmij_x64_v3_nokernel,unpredictable,,38,5.058520
u128,zmij_x64_v4,unpredictable,,38,5.439994
u128,zmij_scalar,unpredictable,,39,13.052504
u128,zmij_x64_native,unpredictable,,39,4.983504
u128,zmij_x64_v1,unpredictable,,39,6.537233
u128,zmij_x64_v2,unpredictable,,39,5.390175
u128,zmij_x64_v3,unpredictable,,39,4.830579
u128,zmij_x64_v3_nokernel,unpredictable,,39,5.042811
u128,zmij_x64_v4,unpredictable,,39,5.513795
u128,zmij_scalar,admixture,5x6,0,5.036326
u128,zmij_x64_native,admixture,5x6,0,2.323624
u128,zmij_x64_v1,admixture,5x6,0,3.829645
u128,zmij_x64_v2,admixture,5x6,0,2.730255
u128,zmij_x64_v3,admixture,5x6,0,2.520556
u128,zmij_x64_v3_nokernel,admixture,5x6,0,2.645964
u128,zmij_x64_v4,admixture,5x6,0,2.083387
u128,zmij_scalar,admixture,5x6,10,5.050047
u128,zmij_x64_native,admixture,5x6,10,2.316505
u128,zmij_x64_v1,admixture,5x6,10,3.839295
u128,zmij_x64_v2,admixture,5x6,10,2.738539
u128,zmij_x64_v3,admixture,5x6,10,2.531305
u128,zmij_x64_v3_nokernel,admixture,5x6,10,2.639093
u128,zmij_x64_v4,admixture,5x6,10,2.100873
u128,zmij_scalar,admixture,5x6,20,5.035093
u128,zmij_x64_native,admixture,5x6,20,2.302746
u128,zmij_x64_v1,admixture,5x6,20,3.846797
u128,zmij_x64_v2,admixture,5x6,20,2.714805
u128,zmij_x64_v3,admixture,5x6,20,2.528104
u128,zmij_x64_v3_nokernel,admixture,5x6,20,2.627264
u128,zmij_x64_v4,admixture,5x6,20,2.095197
u128,zmij_scalar,admixture,5x6,30,5.065620
u128,zmij_x64_native,admixture,5x6,30,2.320777
u128,zmij_x64_v1,admixture,5x6,30,3.850561
u128,zmij_x64_v2,admixture,5x6,30,2.766400
u128,zmij_x64_v3,admixture,5x6,30,2.538777
u128,zmij_x64_v3_nokernel,admixture,5x6,30,2.626739
u128,zmij_x64_v4,admixture,5x6,30,2.062223
u128,zmij_scalar,admixture,5x6,40,5.065086
u128,zmij_x64_native,admixture,5x6,40,2.333522
u128,zmij_x64_v1,admixture,5x6,40,3.876799
u128,zmij_x64_v2,admixture,5x6,40,2.779595
u128,zmij_x64_v3,admixture,5x6,40,2.550720
u128,zmij_x64_v3_nokernel,admixture,5x6,40,2.639408
u128,zmij_x64_v4,admixture,5x6,40,2.090344
u128,zmij_scalar,admixture,5x6,50,5.045318
u128,zmij_x64_native,admixture,5x6,50,2.313667
u128,zmij_x64_v1,admixture,5x6,50,3.815476
u128,zmij_x64_v2,admixture,5x6,50,2.723720
u128,zmij_x64_v3,admixture,5x6,50,2.501456
u128,zmij_x64_v3_nokernel,admixture,5x6,50,2.630828
u128,zmij_x64_v4,admixture,5x6,50,2.113553
u128,zmij_scalar,admixture,5x6,60,5.022749
u128,zmij_x64_native,admixture,5x6,60,2.305135
u128,zmij_x64_v1,admixture,5x6,60,3.832044
u128,zmij_x64_v2,admixture,5x6,60,2.727255
u128,zmij_x64_v3,admixture,5x6,60,2.521722
u128,zmij_x64_v3_nokernel,admixture,5x6,60,2.627542
u128,zmij_x64_v4,admixture,5x6,60,2.073853
u128,zmij_scalar,admixture,5x6,70,5.054442
u128,zmij_x64_native,admixture,5x6,70,2.300262
u128,zmij_x64_v1,admixture,5x6,70,3.830629
u128,zmij_x64_v2,admixture,5x6,70,2.729519
u128,zmij_x64_v3,admixture,5x6,70,2.515321
u128,zmij_x64_v3_nokernel,admixture,5x6,70,2.628984
u128,zmij_x64_v4,admixture,5x6,70,2.120326
u128,zmij_scalar,admixture,5x6,80,5.031796
u128,zmij_x64_native,admixture,5x6,80,2.348638
u128,zmij_x64_v1,admixture,5x6,80,3.835120
u128,zmij_x64_v2,admixture,5x6,80,2.723654
u128,zmij_x64_v3,admixture,5x6,80,2.514308
u128,zmij_x64_v3_nokernel,admixture,5x6,80,2.623051
u128,zmij_x64_v4,admixture,5x6,80,2.106853
u128,zmij_scalar,admixture,5x6,90,5.065182
u128,zmij_x64_native,admixture,5x6,90,2.310294
u128,zmij_x64_v1,admixture,5x6,90,3.857144
u128,zmij_x64_v2,admixture,5x6,90,2.736083
u128,zmij_x64_v3,admixture,5x6,90,2.519983
u128,zmij_x64_v3_nokernel,admixture,5x6,90,2.646813
u128,zmij_x64_v4,admixture,5x6,90,2.093382
u128,zmij_scalar,admixture,5x6,100,5.054729
u128,zmij_x64_native,admixture,5x6,100,2.306530
u128,zmij_x64_v1,admixture,5x6,100,3.840872
u128,zmij_x64_v2,admixture,5x6,100,2.729893
u128,zmij_x64_v3,admixture,5x6,100,2.525267
u128,zmij_x64_v3_nokernel,admixture,5x6,100,2.635482
u128,zmij_x64_v4,admixture,5x6,100,2.100892
u128,zmij_scalar,admixture,straddle64,0,8.703367
u128,zmij_x64_native,admixture,straddle64,0,3.710832
u128,zmij_x64_v1,admixture,straddle64,0,5.241085
u128,zmij_x64_v2,admixture,straddle64,0,4.055214
u128,zmij_x64_v3,admixture,straddle64,0,3.746099
u128,zmij_x64_v3_nokernel,admixture,straddle64,0,3.826302
u128,zmij_x64_v4,admixture,straddle64,0,3.666086
u128,zmij_scalar,admixture,straddle64,10,8.841741
u128,zmij_x64_native,admixture,straddle64,10,3.906427
u128,zmij_x64_v1,admixture,straddle64,10,5.414618
u128,zmij_x64_v2,admixture,straddle64,10,4.276321
u128,zmij_x64_v3,admixture,straddle64,10,3.952462
u128,zmij_x64_v3_nokernel,admixture,straddle64,10,3.992984
u128,zmij_x64_v4,admixture,straddle64,10,3.877448
u128,zmij_scalar,admixture,straddle64,20,8.996604
u128,zmij_x64_native,admixture,straddle64,20,4.095469
u128,zmij_x64_v1,admixture,straddle64,20,5.549235
u128,zmij_x64_v2,admixture,straddle64,20,4.499206
u128,zmij_x64_v3,admixture,straddle64,20,4.138188
u128,zmij_x64_v3_nokernel,admixture,straddle64,20,4.161292
u128,zmij_x64_v4,admixture,straddle64,20,4.021620
u128,zmij_scalar,admixture,straddle64,30,9.152386
u128,zmij_x64_native,admixture,straddle64,30,4.348259
u128,zmij_x64_v1,admixture,straddle64,30,5.737905
u128,zmij_x64_v2,admixture,straddle64,30,4.831195
u128,zmij_x64_v3,admixture,straddle64,30,4.423770
u128,zmij_x64_v3_nokernel,admixture,straddle64,30,4.414713
u128,zmij_x64_v4,admixture,straddle64,30,4.306514
u128,zmij_scalar,admixture,straddle64,40,9.275517
u128,zmij_x64_native,admixture,straddle64,40,4.684214
u128,zmij_x64_v1,admixture,straddle64,40,6.013979
u128,zmij_x64_v2,admixture,straddle64,40,5.215899
u128,zmij_x64_v3,admixture,straddle64,40,4.753036
u128,zmij_x64_v3_nokernel,admixture,straddle64,40,4.796674
u128,zmij_x64_v4,admixture,straddle64,40,4.717761
u128,zmij_scalar,admixture,straddle64,50,8.938079
u128,zmij_x64_native,admixture,straddle64,50,4.901241
u128,zmij_x64_v1,admixture,straddle64,50,6.197640
u128,zmij_x64_v2,admixture,straddle64,50,5.434942
u128,zmij_x64_v3,admixture,straddle64,50,4.955750
u128,zmij_x64_v3_nokernel,admixture,straddle64,50,5.006687
u128,zmij_x64_v4,admixture,straddle64,50,4.949598
u128,zmij_scalar,admixture,straddle64,60,8.088576
u128,zmij_x64_native,admixture,straddle64,60,4.568239
u128,zmij_x64_v1,admixture,straddle64,60,5.891057
u128,zmij_x64_v2,admixture,straddle64,60,4.983488
u128,zmij_x64_v3,admixture,straddle64,60,4.639793
u128,zmij_x64_v3_nokernel,admixture,straddle64,60,4.555453
u128,zmij_x64_v4,admixture,straddle64,60,4.501566
u128,zmij_scalar,admixture,straddle64,70,7.190553
u128,zmij_x64_native,admixture,straddle64,70,3.932082
u128,zmij_x64_v1,admixture,straddle64,70,5.317877
u128,zmij_x64_v2,admixture,straddle64,70,4.293921
u128,zmij_x64_v3,admixture,straddle64,70,3.996892
u128,zmij_x64_v3_nokernel,admixture,straddle64,70,4.013347
u128,zmij_x64_v4,admixture,straddle64,70,3.831413
u128,zmij_scalar,admixture,straddle64,80,6.387542
u128,zmij_x64_native,admixture,straddle64,80,3.300025
u128,zmij_x64_v1,admixture,straddle64,80,4.806668
u128,zmij_x64_v2,admixture,straddle64,80,3.709514
u128,zmij_x64_v3,admixture,straddle64,80,3.450693
u128,zmij_x64_v3_nokernel,admixture,straddle64,80,3.451383
u128,zmij_x64_v4,admixture,straddle64,80,3.139935
u128,zmij_scalar,admixture,straddle64,90,5.733500
u128,zmij_x64_native,admixture,straddle64,90,2.828134
u128,zmij_x64_v1,admixture,straddle64,90,4.333239
u128,zmij_x64_v2,admixture,straddle64,90,3.221045
u128,zmij_x64_v3,admixture,straddle64,90,3.025784
u128,zmij_x64_v3_nokernel,admixture,straddle64,90,3.065149
u128,zmij_x64_v4,admixture,straddle64,90,2.623881
u128,zmij_scalar,admixture,straddle64,100,5.237931
u128,zmij_x64_native,admixture,straddle64,100,2.316868
u128,zmij_x64_v1,admixture,straddle64,100,3.843099
u128,zmij_x64_v2,admixture,straddle64,100,2.738911
u128,zmij_x64_v3,admixture,straddle64,100,2.599957
u128,zmij_x64_v3_nokernel,admixture,straddle64,100,2.652594
u128,zmij_x64_v4,admixture,straddle64,100,2.089035
u128,zmij_scalar,admixture,straddle1e32,0,11.907569
u128,zmij_x64_native,admixture,straddle1e32,0,4.333383
u128,zmij_x64_v1,admixture,straddle1e32,0,5.777069
u128,zmij_x64_v2,admixture,straddle1e32,0,4.598403
u128,zmij_x64_v3,admixture,straddle1e32,0,4.405846
u128,zmij_x64_v3_nokernel,admixture,straddle1e32,0,4.287691
u128,zmij_x64_v4,admixture,straddle1e32,0,4.433861
u128,zmij_scalar,admixture,straddle1e32,10,11.875407
u128,zmij_x64_native,admixture,straddle1e32,10,4.767876
u128,zmij_x64_v1,admixture,straddle1e32,10,6.227443
u128,zmij_x64_v2,admixture,straddle1e32,10,5.002407
u128,zmij_x64_v3,admixture,straddle1e32,10,4.820637
u128,zmij_x64_v3_nokernel,admixture,straddle1e32,10,4.696006
u128,zmij_x64_v4,admixture,straddle1e32,10,4.899654
u128,zmij_scalar,admixture,straddle1e32,20,11.931246
u128,zmij_x64_native,admixture,straddle1e32,20,5.222902
u128,zmij_x64_v1,admixture,straddle1e32,20,6.723784
u128,zmij_x64_v2,admixture,straddle1e32,20,5.388715
u128,zmij_x64_v3,admixture,straddle1e32,20,5.172397
u128,zmij_x64_v3_nokernel,admixture,straddle1e32,20,5.042670
u128,zmij_x64_v4,admixture,straddle1e32,20,5.365288
u128,zmij_scalar,admixture,straddle1e32,30,11.960836
u128,zmij_x64_native,admixture,straddle1e32,30,5.671623
u128,zmij_x64_v1,admixture,straddle1e32,30,7.161888
u128,zmij_x64_v2,admixture,straddle1e32,30,5.809804
u128,zmij_x64_v3,admixture,straddle1e32,30,5.521680
u128,zmij_x64_v3_nokernel,admixture,straddle1e32,30,5.384186
u128,zmij_x64_v4,admixture,straddle1e32,30,5.926648
u128,zmij_scalar,admixture,straddle1e32,40,11.945311
u128,zmij_x64_native,admixture,straddle1e32,40,6.198243
u128,zmij_x64_v1,admixture,straddle1e32,40,7.756474
u128,zmij_x64_v2,admixture,straddle1e32,40,6.176075
u128,zmij_x64_v3,admixture,straddle1e32,40,6.057435
u128,zmij_x64_v3_nokernel,admixture,straddle1e32,40,5.984847
u128,zmij_x64_v4,admixture,straddle1e32,40,6.473860
u128,zmij_scalar,admixture,straddle1e32,50,11.786004
u128,zmij_x64_native,admixture,straddle1e32,50,6.364362
u128,zmij_x64_v1,admixture,straddle1e32,50,7.902393
u128,zmij_x64_v2,admixture,straddle1e32,50,6.424834
u128,zmij_x64_v3,admixture,straddle1e32,50,6.399714
u128,zmij_x64_v3_nokernel,admixture,straddle1e32,50,6.252371
u128,zmij_x64_v4,admixture,straddle1e32,50,6.777061
u128,zmij_scalar,admixture,straddle1e32,60,11.184923
u128,zmij_x64_native,admixture,straddle1e32,60,5.953555
u128,zmij_x64_v1,admixture,straddle1e32,60,7.341881
u128,zmij_x64_v2,admixture,straddle1e32,60,6.039061
u128,zmij_x64_v3,admixture,straddle1e32,60,6.025655
u128,zmij_x64_v3_nokernel,admixture,straddle1e32,60,5.742127
u128,zmij_x64_v4,admixture,straddle1e32,60,6.015632
u128,zmij_scalar,admixture,straddle1e32,70,10.585982
u128,zmij_x64_native,admixture,straddle1e32,70,5.354681
u128,zmij_x64_v1,admixture,straddle1e32,70,6.705783
u128,zmij_x64_v2,admixture,straddle1e32,70,5.502428
u128,zmij_x64_v3,admixture,straddle1e32,70,5.419061
u128,zmij_x64_v3_nokernel,admixture,straddle1e32,70,5.112870
u128,zmij_x64_v4,admixture,straddle1e32,70,5.273849
u128,zmij_scalar,admixture,straddle1e32,80,9.890052
u128,zmij_x64_native,admixture,straddle1e32,80,4.707852
u128,zmij_x64_v1,admixture,straddle1e32,80,6.107283
u128,zmij_x64_v2,admixture,straddle1e32,80,4.968593
u128,zmij_x64_v3,admixture,straddle1e32,80,4.811369
u128,zmij_x64_v3_nokernel,admixture,straddle1e32,80,4.642134
u128,zmij_x64_v4,admixture,straddle1e32,80,4.626666
u128,zmij_scalar,admixture,straddle1e32,90,9.428347
u128,zmij_x64_native,admixture,straddle1e32,90,4.246797
u128,zmij_x64_v1,admixture,straddle1e32,90,5.814642
u128,zmij_x64_v2,admixture,straddle1e32,90,4.616079
u128,zmij_x64_v3,admixture,straddle1e32,90,4.395851
u128,zmij_x64_v3_nokernel,admixture,straddle1e32,90,4.349892
u128,zmij_x64_v4,admixture,straddle1e32,90,4.243863
u128,zmij_scalar,admixture,straddle1e32,100,8.646918
u128,zmij_x64_native,admixture,straddle1e32,100,3.698143
u128,zmij_x64_v1,admixture,straddle1e32,100,5.180126
u128,zmij_x64_v2,admixture,straddle1e32,100,4.037031
u128,zmij_x64_v3,admixture,straddle1e32,100,3.717626
u128,zmij_x64_v3_nokernel,admixture,straddle1e32,100,3.813393
u128,zmij_x64_v4,admixture,straddle1e32,100,3.660584
i128,zmij_scalar,bylength,,1,5.218421
i128,zmij_x64_native,bylength,,1,2.644529
i128,zmij_x64_v1,bylength,,1,4.406180
i128,zmij_x64_v2,bylength,,1,3.121552
i128,zmij_x64_v3,bylength,,1,2.890966
i128,zmij_x64_v3_nokernel,bylength,,1,3.083303
i128,zmij_x64_v4,bylength,,1,2.319840
i128,zmij_scalar,bylength,,2,5.212669
i128,zmij_x64_native,bylength,,2,2.647080
i128,zmij_x64_v1,bylength,,2,4.398211
i128,zmij_x64_v2,bylength,,2,3.132730
i128,zmij_x64_v3,bylength,,2,2.888329
i128,zmij_x64_v3_nokernel,bylength,,2,3.075785
i128,zmij_x64_v4,bylength,,2,2.255460
i128,zmij_scalar,bylength,,3,5.231281
i128,zmij_x64_native,bylength,,3,2.653292
i128,zmij_x64_v1,bylength,,3,4.413155
i128,zmij_x64_v2,bylength,,3,3.118332
i128,zmij_x64_v3,bylength,,3,2.878688
i128,zmij_x64_v3_nokernel,bylength,,3,3.083648
i128,zmij_x64_v4,bylength,,3,2.246202
i128,zmij_scalar,bylength,,4,5.207683
i128,zmij_x64_native,bylength,,4,2.643296
i128,zmij_x64_v1,bylength,,4,4.400419
i128,zmij_x64_v2,bylength,,4,3.121742
i128,zmij_x64_v3,bylength,,4,2.868512
i128,zmij_x64_v3_nokernel,bylength,,4,3.075296
i128,zmij_x64_v4,bylength,,4,2.211728
i128,zmij_scalar,bylength,,5,5.221985
i128,zmij_x64_native,bylength,,5,2.636886
i128,zmij_x64_v1,bylength,,5,4.388074
i128,zmij_x64_v2,bylength,,5,3.112608
i128,zmij_x64_v3,bylength,,5,2.891157
i128,zmij_x64_v3_nokernel,bylength,,5,3.057143
i128,zmij_x64_v4,bylength,,5,2.211078
i128,zmij_scalar,bylength,,6,5.221145
i128,zmij_x64_native,bylength,,6,2.643679
i128,zmij_x64_v1,bylength,,6,4.400580
i128,zmij_x64_v2,bylength,,6,3.112427
i128,zmij_x64_v3,bylength,,6,2.873003
i128,zmij_x64_v3_nokernel,bylength,,6,3.046634
i128,zmij_x64_v4,bylength,,6,2.216705
i128,zmij_scalar,bylength,,7,5.162812
i128,zmij_x64_native,bylength,,7,2.645027
i128,zmij_x64_v1,bylength,,7,4.388809
i128,zmij_x64_v2,bylength,,7,3.116429
i128,zmij_x64_v3,bylength,,7,2.866286
i128,zmij_x64_v3_nokernel,bylength,,7,3.102747
i128,zmij_x64_v4,bylength,,7,2.345398
i128,zmij_scalar,bylength,,8,5.210299
i128,zmij_x64_native,bylength,,8,2.659005
i128,zmij_x64_v1,bylength,,8,4.425815
i128,zmij_x64_v2,bylength,,8,3.123061
i128,zmij_x64_v3,bylength,,8,2.886360
i128,zmij_x64_v3_nokernel,bylength,,8,3.088416
i128,zmij_x64_v4,bylength,,8,2.238605
i128,zmij_scalar,bylength,,9,5.199894
i128,zmij_x64_native,bylength,,9,2.634592
i128,zmij_x64_v1,bylength,,9,4.402569
i128,zmij_x64_v2,bylength,,9,3.121446
i128,zmij_x64_v3,bylength,,9,2.893862
i128,zmij_x64_v3_nokernel,bylength,,9,3.074609
i128,zmij_x64_v4,bylength,,9,2.198657
i128,zmij_scalar,bylength,,10,5.337473
i128,zmij_x64_native,bylength,,10,2.687211
i128,zmij_x64_v1,bylength,,10,4.438293
i128,zmij_x64_v2,bylength,,10,3.188301
i128,zmij_x64_v3,bylength,,10,2.925430
i128,zmij_x64_v3_nokernel,bylength,,10,3.113640
i128,zmij_x64_v4,bylength,,10,2.209482
i128,zmij_scalar,bylength,,11,5.256477
i128,zmij_x64_native,bylength,,11,2.670289
i128,zmij_x64_v1,bylength,,11,4.435494
i128,zmij_x64_v2,bylength,,11,3.160258
i128,zmij_x64_v3,bylength,,11,2.908451
i128,zmij_x64_v3_nokernel,bylength,,11,3.100683
i128,zmij_x64_v4,bylength,,11,2.223261
i128,zmij_scalar,bylength,,12,5.262794
i128,zmij_x64_native,bylength,,12,2.671608
i128,zmij_x64_v1,bylength,,12,4.501221
i128,zmij_x64_v2,bylength,,12,3.162867
i128,zmij_x64_v3,bylength,,12,2.918189
i128,zmij_x64_v3_nokernel,bylength,,12,3.140642
i128,zmij_x64_v4,bylength,,12,2.215082
i128,zmij_scalar,bylength,,13,5.257910
i128,zmij_x64_native,bylength,,13,2.675488
i128,zmij_x64_v1,bylength,,13,4.441561
i128,zmij_x64_v2,bylength,,13,3.158309
i128,zmij_x64_v3,bylength,,13,2.958643
i128,zmij_x64_v3_nokernel,bylength,,13,3.107725
i128,zmij_x64_v4,bylength,,13,2.220060
i128,zmij_scalar,bylength,,14,5.267064
i128,zmij_x64_native,bylength,,14,2.672975
i128,zmij_x64_v1,bylength,,14,4.451394
i128,zmij_x64_v2,bylength,,14,3.163324
i128,zmij_x64_v3,bylength,,14,2.900235
i128,zmij_x64_v3_nokernel,bylength,,14,3.124303
i128,zmij_x64_v4,bylength,,14,2.234172
i128,zmij_scalar,bylength,,15,5.322129
i128,zmij_x64_native,bylength,,15,3.006035
i128,zmij_x64_v1,bylength,,15,4.437693
i128,zmij_x64_v2,bylength,,15,3.195791
i128,zmij_x64_v3,bylength,,15,2.939150
i128,zmij_x64_v3_nokernel,bylength,,15,3.077628
i128,zmij_x64_v4,bylength,,15,2.371393
i128,zmij_scalar,bylength,,16,5.231913
i128,zmij_x64_native,bylength,,16,2.650263
i128,zmij_x64_v1,bylength,,16,4.410851
i128,zmij_x64_v2,bylength,,16,3.105061
i128,zmij_x64_v3,bylength,,16,2.866248
i128,zmij_x64_v3_nokernel,bylength,,16,3.079893
i128,zmij_x64_v4,bylength,,16,2.192217
i128,zmij_scalar,bylength,,17,5.233422
i128,zmij_x64_native,bylength,,17,2.649518
i128,zmij_x64_v1,bylength,,17,4.390750
i128,zmij_x64_v2,bylength,,17,3.130198
i128,zmij_x64_v3,bylength,,17,2.879501
i128,zmij_x64_v3_nokernel,bylength,,17,3.077132
i128,zmij_x64_v4,bylength,,17,2.186770
i128,zmij_scalar,bylength,,18,5.219396
i128,zmij_x64_native,bylength,,18,2.653483
i128,zmij_x64_v1,bylength,,18,4.398374
i128,zmij_x64_v2,bylength,,18,3.120299
i128,zmij_x64_v3,bylength,,18,2.875870
i128,zmij_x64_v3_nokernel,bylength,,18,3.099050
i128,zmij_x64_v4,bylength,,18,2.155708
i128,zmij_scalar,bylength,,19,5.838316
i128,zmij_x64_native,bylength,,19,3.187661
i128,zmij_x64_v1,bylength,,19,4.817112
i128,zmij_x64_v2,bylength,,19,3.602406
i128,zmij_x64_v3,bylength,,19,3.315894
i128,zmij_x64_v3_nokernel,bylength,,19,3.572680
i128,zmij_x64_v4,bylength,,19,2.657926
i128,zmij_scalar,bylength,,20,9.437797
i128,zmij_x64_native,bylength,,20,4.305731
i128,zmij_x64_v1,bylength,,20,5.810845
i128,zmij_x64_v2,bylength,,20,5.181787
i128,zmij_x64_v3,bylength,,20,4.333926
i128,zmij_x64_v3_nokernel,bylength,,20,4.291475
i128,zmij_x64_v4,bylength,,20,4.148661
i128,zmij_scalar,bylength,,21,9.243988
i128,zmij_x64_native,bylength,,21,4.256208
i128,zmij_x64_v1,bylength,,21,5.759707
i128,zmij_x64_v2,bylength,,21,4.752331
i128,zmij_x64_v3,bylength,,21,4.270369
i128,zmij_x64_v3_nokernel,bylength,,21,4.264244
i128,zmij_x64_v4,bylength,,21,4.079865
i128,zmij_scalar,bylength,,22,9.257536
i128,zmij_x64_native,bylength,,22,4.250533
i128,zmij_x64_v1,bylength,,22,5.725149
i128,zmij_x64_v2,bylength,,22,4.760949
i128,zmij_x64_v3,bylength,,22,4.253141
i128,zmij_x64_v3_nokernel,bylength,,22,4.273035
i128,zmij_x64_v4,bylength,,22,4.086068
i128,zmij_scalar,bylength,,23,9.267034
i128,zmij_x64_native,bylength,,23,4.279771
i128,zmij_x64_v1,bylength,,23,5.780882
i128,zmij_x64_v2,bylength,,23,4.741352
i128,zmij_x64_v3,bylength,,23,4.272997
i128,zmij_x64_v3_nokernel,bylength,,23,4.288694
i128,zmij_x64_v4,bylength,,23,4.081032
i128,zmij_scalar,bylength,,24,9.237433
i128,zmij_x64_native,bylength,,24,4.273627
i128,zmij_x64_v1,bylength,,24,5.763292
i128,zmij_x64_v2,bylength,,24,4.746778
i128,zmij_x64_v3,bylength,,24,4.274459
i128,zmij_x64_v3_nokernel,bylength,,24,4.273015
i128,zmij_x64_v4,bylength,,24,4.082321
i128,zmij_scalar,bylength,,25,9.266116
i128,zmij_x64_native,bylength,,25,4.270187
i128,zmij_x64_v1,bylength,,25,5.769111
i128,zmij_x64_v2,bylength,,25,4.749370
i128,zmij_x64_v3,bylength,,25,4.295975
i128,zmij_x64_v3_nokernel,bylength,,25,4.281643
i128,zmij_x64_v4,bylength,,25,4.089249
i128,zmij_scalar,bylength,,26,9.343683
i128,zmij_x64_native,bylength,,26,4.327029
i128,zmij_x64_v1,bylength,,26,5.828226
i128,zmij_x64_v2,bylength,,26,4.808370
i128,zmij_x64_v3,bylength,,26,4.435810
i128,zmij_x64_v3_nokernel,bylength,,26,4.343166
i128,zmij_x64_v4,bylength,,26,4.149415
i128,zmij_scalar,bylength,,27,9.475815
i128,zmij_x64_native,bylength,,27,4.318583
i128,zmij_x64_v1,bylength,,27,5.859880
i128,zmij_x64_v2,bylength,,27,4.799464
i128,zmij_x64_v3,bylength,,27,4.339488
i128,zmij_x64_v3_nokernel,bylength,,27,4.317675
i128,zmij_x64_v4,bylength,,27,4.120263
i128,zmij_scalar,bylength,,28,9.429226
i128,zmij_x64_native,bylength,,28,4.340358
i128,zmij_x64_v1,bylength,,28,5.826402
i128,zmij_x64_v2,bylength,,28,4.813996
i128,zmij_x64_v3,bylength,,28,4.331396
i128,zmij_x64_v3_nokernel,bylength,,28,4.331768
i128,zmij_x64_v4,bylength,,28,4.149033
i128,zmij_scalar,bylength,,29,9.267158
i128,zmij_x64_native,bylength,,29,4.262181
i128,zmij_x64_v1,bylength,,29,5.825187
i128,zmij_x64_v2,bylength,,29,4.760346
i128,zmij_x64_v3,bylength,,29,4.250018
i128,zmij_x64_v3_nokernel,bylength,,29,4.307939
i128,zmij_x64_v4,bylength,,29,4.142689
i128,zmij_scalar,bylength,,30,9.310125
i128,zmij_x64_native,bylength,,30,4.297123
i128,zmij_x64_v1,bylength,,30,5.763769
i128,zmij_x64_v2,bylength,,30,4.770035
i128,zmij_x64_v3,bylength,,30,4.281538
i128,zmij_x64_v3_nokernel,bylength,,30,4.274115
i128,zmij_x64_v4,bylength,,30,4.068038
i128,zmij_scalar,bylength,,31,9.276263
i128,zmij_x64_native,bylength,,31,4.266758
i128,zmij_x64_v1,bylength,,31,5.759440
i128,zmij_x64_v2,bylength,,31,4.752953
i128,zmij_x64_v3,bylength,,31,4.279531
i128,zmij_x64_v3_nokernel,bylength,,31,4.264082
i128,zmij_x64_v4,bylength,,31,4.094581
i128,zmij_scalar,bylength,,32,9.410709
i128,zmij_x64_native,bylength,,32,4.323083
i128,zmij_x64_v1,bylength,,32,5.814754
i128,zmij_x64_v2,bylength,,32,4.904968
i128,zmij_x64_v3,bylength,,32,4.316949
i128,zmij_x64_v3_nokernel,bylength,,32,4.306868
i128,zmij_x64_v4,bylength,,32,4.127267
i128,zmij_scalar,bylength,,33,12.093898
i128,zmij_x64_native,bylength,,33,4.916337
i128,zmij_x64_v1,bylength,,33,6.181886
i128,zmij_x64_v2,bylength,,33,5.630767
i128,zmij_x64_v3,bylength,,33,5.044850
i128,zmij_x64_v3_nokernel,bylength,,33,4.952713
i128,zmij_x64_v4,bylength,,33,4.936832
i128,zmij_scalar,bylength,,34,12.127913
i128,zmij_x64_native,bylength,,34,4.909593
i128,zmij_x64_v1,bylength,,34,6.179488
i128,zmij_x64_v2,bylength,,34,5.564848
i128,zmij_x64_v3,bylength,,34,4.922826
i128,zmij_x64_v3_nokernel,bylength,,34,4.884254
i128,zmij_x64_v4,bylength,,34,4.883785
i128,zmij_scalar,bylength,,35,12.380254
i128,zmij_x64_native,bylength,,35,4.961188
i128,zmij_x64_v1,bylength,,35,6.255545
i128,zmij_x64_v2,bylength,,35,5.635009
i128,zmij_x64_v3,bylength,,35,4.971116
i128,zmij_x64_v3_nokernel,bylength,,35,4.933681
i128,zmij_x64_v4,bylength,,35,4.962870
i128,zmij_scalar,bylength,,36,12.248934
i128,zmij_x64_native,bylength,,36,4.971900
i128,zmij_x64_v1,bylength,,36,6.327014
i128,zmij_x64_v2,bylength,,36,5.630796
i128,zmij_x64_v3,bylength,,36,4.997009
i128,zmij_x64_v3_nokernel,bylength,,36,4.997524
i128,zmij_x64_v4,bylength,,36,4.942653
i128,zmij_scalar,bylength,,37,12.456940
i128,zmij_x64_native,bylength,,37,5.056114
i128,zmij_x64_v1,bylength,,37,6.296763
i128,zmij_x64_v2,bylength,,37,5.625045
i128,zmij_x64_v3,bylength,,37,5.006019
i128,zmij_x64_v3_nokernel,bylength,,37,4.962756
i128,zmij_x64_v4,bylength,,37,4.922366
i128,zmij_scalar,bylength,,38,12.283244
i128,zmij_x64_native,bylength,,38,4.962984
i128,zmij_x64_v1,bylength,,38,6.296916
i128,zmij_x64_v2,bylength,,38,5.646914
i128,zmij_x64_v3,bylength,,38,5.023943
i128,zmij_x64_v3_nokernel,bylength,,38,5.006994
i128,zmij_x64_v4,bylength,,38,4.931960
i128,zmij_scalar,bylength,,39,12.192427
i128,zmij_x64_native,bylength,,39,5.022052
i128,zmij_x64_v1,bylength,,39,6.251740
i128,zmij_x64_v2,bylength,,39,5.634169
i128,zmij_x64_v3,bylength,,39,4.990025
i128,zmij_x64_v3_nokernel,bylength,,39,4.925587
i128,zmij_x64_v4,bylength,,39,4.960395
i128,zmij_scalar,loguniform,1-39,39,10.116458
i128,zmij_x64_native,loguniform,1-39,39,6.595469
i128,zmij_x64_v1,loguniform,1-39,39,7.631086
i128,zmij_x64_v2,loguniform,1-39,39,7.071163
i128,zmij_x64_v3,loguniform,1-39,39,6.610875
i128,zmij_x64_v3_nokernel,loguniform,1-39,39,6.581898
i128,zmij_x64_v4,loguniform,1-39,39,6.376230
i128,zmij_scalar,loguniform,1-4,4,5.218173
i128,zmij_x64_native,loguniform,1-4,4,2.658422
i128,zmij_x64_v1,loguniform,1-4,4,4.377183
i128,zmij_x64_v2,loguniform,1-4,4,3.123148
i128,zmij_x64_v3,loguniform,1-4,4,2.881985
i128,zmij_x64_v3_nokernel,loguniform,1-4,4,3.097511
i128,zmij_x64_v4,loguniform,1-4,4,2.230474
i128,zmij_scalar,uniform,0-255,0,5.206956
i128,zmij_x64_native,uniform,0-255,0,2.649345
i128,zmij_x64_v1,uniform,0-255,0,4.382321
i128,zmij_x64_v2,uniform,0-255,0,3.096700
i128,zmij_x64_v3,uniform,0-255,0,2.880045
i128,zmij_x64_v3_nokernel,uniform,0-255,0,3.058643
i128,zmij_x64_v4,uniform,0-255,0,2.195274
i128,zmij_scalar,unpredictable,,1,4.956257
i128,zmij_x64_native,unpredictable,,1,2.726224
i128,zmij_x64_v1,unpredictable,,1,4.491402
i128,zmij_x64_v2,unpredictable,,1,3.082704
i128,zmij_x64_v3,unpredictable,,1,2.837946
i128,zmij_x64_v3_nokernel,unpredictable,,1,3.118008
i128,zmij_x64_v4,unpredictable,,1,2.202346
i128,zmij_scalar,unpredictable,,2,4.907988
i128,zmij_x64_native,unpredictable,,2,2.683057
i128,zmij_x64_v1,unpredictable,,2,4.514044
i128,zmij_x64_v2,unpredictable,,2,3.095868
i128,zmij_x64_v3,unpredictable,,2,2.833935
i128,zmij_x64_v3_nokernel,unpredictable,,2,3.151730
i128,zmij_x64_v4,unpredictable,,2,2.219773
i128,zmij_scalar,unpredictable,,3,4.996473
i128,zmij_x64_native,unpredictable,,3,2.745793
i128,zmij_x64_v1,unpredictable,,3,4.437988
i128,zmij_x64_v2,unpredictable,,3,3.090365
i128,zmij_x64_v3,unpredictable,,3,2.831642
i128,zmij_x64_v3_nokernel,unpredictable,,3,3.121296
i128,zmij_x64_v4,unpredictable,,3,2.238099
i128,zmij_scalar,unpredictable,,4,5.022280
i128,zmij_x64_native,unpredictable,,4,2.743079
i128,zmij_x64_v1,unpredictable,,4,4.522015
i128,zmij_x64_v2,unpredictable,,4,3.103702
i128,zmij_x64_v3,unpredictable,,4,2.867109
i128,zmij_x64_v3_nokernel,unpredictable,,4,3.151754
i128,zmij_x64_v4,unpredictable,,4,2.204734
i128,zmij_scalar,unpredictable,,5,4.987423
i128,zmij_x64_native,unpredictable,,5,2.645352
i128,zmij_x64_v1,unpredictable,,5,4.508198
i128,zmij_x64_v2,unpredictable,,5,3.170148
i128,zmij_x64_v3,unpredictable,,5,2.861643
i128,zmij_x64_v3_nokernel,unpredictable,,5,3.135111
i128,zmij_x64_v4,unpredictable,,5,2.238461
i128,zmij_scalar,unpredictable,,6,4.949091
i128,zmij_x64_native,unpredictable,,6,2.714185
i128,zmij_x64_v1,unpredictable,,6,4.503458
i128,zmij_x64_v2,unpredictable,,6,3.147388
i128,zmij_x64_v3,unpredictable,,6,2.794014
i128,zmij_x64_v3_nokernel,unpredictable,,6,3.112236
i128,zmij_x64_v4,unpredictable,,6,2.184936
i128,zmij_scalar,unpredictable,,7,4.948879
i128,zmij_x64_native,unpredictable,,7,2.769412
i128,zmij_x64_v1,unpredictable,,7,4.503077
i128,zmij_x64_v2,unpredictable,,7,3.134126
i128,zmij_x64_v3,unpredictable,,7,2.860706
i128,zmij_x64_v3_nokernel,unpredictable,,7,3.148430
i128,zmij_x64_v4,unpredictable,,7,2.229173
i128,zmij_scalar,unpredictable,,8,4.970377
i128,zmij_x64_native,unpredictable,,8,2.720243
i128,zmij_x64_v1,unpredictable,,8,4.495163
i128,zmij_x64_v2,unpredictable,,8,3.145362
i128,zmij_x64_v3,unpredictable,,8,2.825182
i128,zmij_x64_v3_nokernel,unpredictable,,8,3.121025
i128,zmij_x64_v4,unpredictable,,8,2.218892
i128,zmij_scalar,unpredictable,,9,4.944944
i128,zmij_x64_native,unpredictable,,9,2.739638
i128,zmij_x64_v1,unpredictable,,9,4.555529
i128,zmij_x64_v2,unpredictable,,9,3.093289
i128,zmij_x64_v3,unpredictable,,9,2.834909
i128,zmij_x64_v3_nokernel,unpredictable,,9,3.134592
i128,zmij_x64_v4,unpredictable,,9,2.194739
i128,zmij_scalar,unpredictable,,10,4.999672
i128,zmij_x64_native,unpredictable,,10,2.719937
i128,zmij_x64_v1,unpredictable,,10,4.556295
i128,zmij_x64_v2,unpredictable,,10,3.153846
i128,zmij_x64_v3,unpredictable,,10,2.803053
i128,zmij_x64_v3_nokernel,unpredictable,,10,3.150341
i128,zmij_x64_v4,unpredictable,,10,2.245015
i128,zmij_scalar,unpredictable,,11,4.976265
i128,zmij_x64_native,unpredictable,,11,2.740670
i128,zmij_x64_v1,unpredictable,,11,4.516012
i128,zmij_x64_v2,unpredictable,,11,3.095124
i128,zmij_x64_v3,unpredictable,,11,2.846682
i128,zmij_x64_v3_nokernel,unpredictable,,11,3.115101
i128,zmij_x64_v4,unpredictable,,11,2.176566
i128,zmij_scalar,unpredictable,,12,4.990578
i128,zmij_x64_native,unpredictable,,12,2.725554
i128,zmij_x64_v1,unpredictable,,12,4.527325
i128,zmij_x64_v2,unpredictable,,12,3.145074
i128,zmij_x64_v3,unpredictable,,12,2.840317
i128,zmij_x64_v3_nokernel,unpredictable,,12,3.174038
i128,zmij_x64_v4,unpredictable,,12,2.214576
i128,zmij_scalar,unpredictable,,13,4.947390
i128,zmij_x64_native,unpredictable,,13,2.736543
i128,zmij_x64_v1,unpredictable,,13,4.505903
i128,zmij_x64_v2,unpredictable,,13,3.174636
i128,zmij_x64_v3,unpredictable,,13,2.836802
i128,zmij_x64_v3_nokernel,unpredictable,,13,3.165054
i128,zmij_x64_v4,unpredictable,,13,2.226596
i128,zmij_scalar,unpredictable,,14,4.920635
i128,zmij_x64_native,unpredictable,,14,2.728383
i128,zmij_x64_v1,unpredictable,,14,4.684137
i128,zmij_x64_v2,unpredictable,,14,3.097091
i128,zmij_x64_v3,unpredictable,,14,2.827398
i128,zmij_x64_v3_nokernel,unpredictable,,14,3.172604
i128,zmij_x64_v4,unpredictable,,14,2.226727
i128,zmij_scalar,unpredictable,,15,5.030573
i128,zmij_x64_native,unpredictable,,15,2.785941
i128,zmij_x64_v1,unpredictable,,15,4.696329
i128,zmij_x64_v2,unpredictable,,15,3.184134
i128,zmij_x64_v3,unpredictable,,15,2.808290
i128,zmij_x64_v3_nokernel,unpredictable,,15,3.174112
i128,zmij_x64_v4,unpredictable,,15,2.256827
i128,zmij_scalar,unpredictable,,16,4.986736
i128,zmij_x64_native,unpredictable,,16,2.744702
i128,zmij_x64_v1,unpredictable,,16,4.687750
i128,zmij_x64_v2,unpredictable,,16,3.127915
i128,zmij_x64_v3,unpredictable,,16,2.862177
i128,zmij_x64_v3_nokernel,unpredictable,,16,3.150148
i128,zmij_x64_v4,unpredictable,,16,2.268043
i128,zmij_scalar,unpredictable,,17,5.006895
i128,zmij_x64_native,unpredictable,,17,2.774228
i128,zmij_x64_v1,unpredictable,,17,4.672689
i128,zmij_x64_v2,unpredictable,,17,3.124627
i128,zmij_x64_v3,unpredictable,,17,2.837391
i128,zmij_x64_v3_nokernel,unpredictable,,17,3.140921
i128,zmij_x64_v4,unpredictable,,17,2.232461
i128,zmij_scalar,unpredictable,,18,5.230364
i128,zmij_x64_native,unpredictable,,18,2.851830
i128,zmij_x64_v1,unpredictable,,18,4.799807
i128,zmij_x64_v2,unpredictable,,18,3.201219
i128,zmij_x64_v3,unpredictable,,18,2.909512
i128,zmij_x64_v3_nokernel,unpredictable,,18,3.221237
i128,zmij_x64_v4,unpredictable,,18,2.294013
i128,zmij_scalar,unpredictable,,19,5.813223
i128,zmij_x64_native,unpredictable,,19,3.334920
i128,zmij_x64_v1,unpredictable,,19,5.224823
i128,zmij_x64_v2,unpredictable,,19,3.823636
i128,zmij_x64_v3,unpredictable,,19,3.400951
i128,zmij_x64_v3_nokernel,unpredictable,,19,3.714951
i128,zmij_x64_v4,unpredictable,,19,2.901639
i128,zmij_scalar,unpredictable,,20,9.906351
i128,zmij_x64_native,unpredictable,,20,4.168725
i128,zmij_x64_v1,unpredictable,,20,5.633289
i128,zmij_x64_v2,unpredictable,,20,4.974412
i128,zmij_x64_v3,unpredictable,,20,4.257824
i128,zmij_x64_v3_nokernel,unpredictable,,20,4.289745
i128,zmij_x64_v4,unpredictable,,20,4.290061
i128,zmij_scalar,unpredictable,,21,9.508129
i128,zmij_x64_native,unpredictable,,21,3.981509
i128,zmij_x64_v1,unpredictable,,21,5.495872
i128,zmij_x64_v2,unpredictable,,21,4.769252
i128,zmij_x64_v3,unpredictable,,21,4.069767
i128,zmij_x64_v3_nokernel,unpredictable,,21,4.056055
i128,zmij_x64_v4,unpredictable,,21,4.106458
i128,zmij_scalar,unpredictable,,22,9.674229
i128,zmij_x64_native,unpredictable,,22,3.998057
i128,zmij_x64_v1,unpredictable,,22,5.518955
i128,zmij_x64_v2,unpredictable,,22,4.832564
i128,zmij_x64_v3,unpredictable,,22,4.092144
i128,zmij_x64_v3_nokernel,unpredictable,,22,4.102358
i128,zmij_x64_v4,unpredictable,,22,4.128930
i128,zmij_scalar,unpredictable,,23,9.718716
i128,zmij_x64_native,unpredictable,,23,4.024945
i128,zmij_x64_v1,unpredictable,,23,5.500765
i128,zmij_x64_v2,unpredictable,,23,4.771258
i128,zmij_x64_v3,unpredictable,,23,4.115955
i128,zmij_x64_v3_nokernel,unpredictable,,23,4.115028
i128,zmij_x64_v4,unpredictable,,23,4.088952
i128,zmij_scalar,unpredictable,,24,9.634022
i128,zmij_x64_native,unpredictable,,24,4.048432
i128,zmij_x64_v1,unpredictable,,24,5.473858
i128,zmij_x64_v2,unpredictable,,24,4.836690
i128,zmij_x64_v3,unpredictable,,24,4.119261
i128,zmij_x64_v3_nokernel,unpredictable,,24,4.089842
i128,zmij_x64_v4,unpredictable,,24,4.106132
i128,zmij_scalar,unpredictable,,25,9.692726
i128,zmij_x64_native,unpredictable,,25,4.012162
i128,zmij_x64_v1,unpredictable,,25,5.512575
i128,zmij_x64_v2,unpredictable,,25,4.801450
i128,zmij_x64_v3,unpredictable,,25,4.085264
i128,zmij_x64_v3_nokernel,unpredictable,,25,4.071726
i128,zmij_x64_v4,unpredictable,,25,4.093349
i128,zmij_scalar,unpredictable,,26,9.639067
i128,zmij_x64_native,unpredictable,,26,4.005471
i128,zmij_x64_v1,unpredictable,,26,5.448826
i128,zmij_x64_v2,unpredictable,,26,4.768487
i128,zmij_x64_v3,unpredictable,,26,4.078251
i128,zmij_x64_v3_nokernel,unpredictable,,26,4.061005
i128,zmij_x64_v4,unpredictable,,26,4.072040
i128,zmij_scalar,unpredictable,,27,9.618773
i128,zmij_x64_native,unpredictable,,27,4.050036
i128,zmij_x64_v1,unpredictable,,27,5.445080
i128,zmij_x64_v2,unpredictable,,27,4.756122
i128,zmij_x64_v3,unpredictable,,27,4.093597
i128,zmij_x64_v3_nokernel,unpredictable,,27,4.043079
i128,zmij_x64_v4,unpredictable,,27,4.091762
i128,zmij_scalar,unpredictable,,28,9.677284
i128,zmij_x64_native,unpredictable,,28,4.066606
i128,zmij_x64_v1,unpredictable,,28,5.725855
i128,zmij_x64_v2,unpredictable,,28,4.936095
i128,zmij_x64_v3,unpredictable,,28,4.274334
i128,zmij_x64_v3_nokernel,unpredictable,,28,4.138514
i128,zmij_x64_v4,unpredictable,,28,4.231967
i128,zmij_scalar,unpredictable,,29,9.983612
i128,zmij_x64_native,unpredictable,,29,4.171365
i128,zmij_x64_v1,unpredictable,,29,5.713701
i128,zmij_x64_v2,unpredictable,,29,4.905389
i128,zmij_x64_v3,unpredictable,,29,4.217674
i128,zmij_x64_v3_nokernel,unpredictable,,29,4.589575
i128,zmij_x64_v4,unpredictable,,29,4.238866
i128,zmij_scalar,unpredictable,,30,9.566181
i128,zmij_x64_native,unpredictable,,30,4.068421
i128,zmij_x64_v1,unpredictable,,30,5.479916
i128,zmij_x64_v2,unpredictable,,30,4.756505
i128,zmij_x64_v3,unpredictable,,30,4.079130
i128,zmij_x64_v3_nokernel,unpredictable,,30,4.038782
i128,zmij_x64_v4,unpredictable,,30,4.137452
i128,zmij_scalar,unpredictable,,31,9.691673
i128,zmij_x64_native,unpredictable,,31,3.997447
i128,zmij_x64_v1,unpredictable,,31,5.457939
i128,zmij_x64_v2,unpredictable,,31,4.809936
i128,zmij_x64_v3,unpredictable,,31,4.072975
i128,zmij_x64_v3_nokernel,unpredictable,,31,4.091887
i128,zmij_x64_v4,unpredictable,,31,4.100305
i128,zmij_scalar,unpredictable,,32,9.656397
i128,zmij_x64_native,unpredictable,,32,3.955197
i128,zmij_x64_v1,unpredictable,,32,5.480698
i128,zmij_x64_v2,unpredictable,,32,4.767436
i128,zmij_x64_v3,unpredictable,,32,4.066288
i128,zmij_x64_v3_nokernel,unpredictable,,32,4.013746
i128,zmij_x64_v4,unpredictable,,32,4.118304
i128,zmij_scalar,unpredictable,,33,13.206165
i128,zmij_x64_native,unpredictable,,33,5.640714
i128,zmij_x64_v1,unpredictable,,33,7.213512
i128,zmij_x64_v2,unpredictable,,33,6.371089
i128,zmij_x64_v3,unpredictable,,33,5.508772
i128,zmij_x64_v3_nokernel,unpredictable,,33,5.821739
i128,zmij_x64_v4,unpredictable,,33,5.889873
i128,zmij_scalar,unpredictable,,34,13.175438
i128,zmij_x64_native,unpredictable,,34,5.507520
i128,zmij_x64_v1,unpredictable,,34,7.132471
i128,zmij_x64_v2,unpredictable,,34,6.171279
i128,zmij_x64_v3,unpredictable,,34,5.457346
i128,zmij_x64_v3_nokernel,unpredictable,,34,5.652733
i128,zmij_x64_v4,unpredictable,,34,5.772752
i128,zmij_scalar,unpredictable,,35,13.360346
i128,zmij_x64_native,unpredictable,,35,5.569457
i128,zmij_x64_v1,unpredictable,,35,7.132530
i128,zmij_x64_v2,unpredictable,,35,6.248961
i128,zmij_x64_v3,unpredictable,,35,5.423529
i128,zmij_x64_v3_nokernel,unpredictable,,35,5.659405
i128,zmij_x64_v4,unpredictable,,35,5.795943
i128,zmij_scalar,unpredictable,,36,13.343607
i128,zmij_x64_native,unpredictable,,36,5.588145
i128,zmij_x64_v1,unpredictable,,36,7.158005
i128,zmij_x64_v2,unpredictable,,36,6.295627
i128,zmij_x64_v3,unpredictable,,36,5.485901
i128,zmij_x64_v3_nokernel,unpredictable,,36,5.698961
i128,zmij_x64_v4,unpredictable,,36,5.787238
i128,zmij_scalar,unpredictable,,37,13.212801
i128,zmij_x64_native,unpredictable,,37,5.588569
i128,zmij_x64_v1,unpredictable,,37,7.226854
i128,zmij_x64_v2,unpredictable,,37,6.292628
i128,zmij_x64_v3,unpredictable,,37,5.469675
i128,zmij_x64_v3_nokernel,unpredictable,,37,5.674232
i128,zmij_x64_v4,unpredictable,,37,5.809041
i128,zmij_scalar,unpredictable,,38,13.243837
i128,zmij_x64_native,unpredictable,,38,5.586291
i128,zmij_x64_v1,unpredictable,,38,7.155901
i128,zmij_x64_v2,unpredictable,,38,6.257487
i128,zmij_x64_v3,unpredictable,,38,5.396658
i128,zmij_x64_v3_nokernel,unpredictable,,38,5.669264
i128,zmij_x64_v4,unpredictable,,38,5.771434
i128,zmij_scalar,unpredictable,,39,13.299864
i128,zmij_x64_native,unpredictable,,39,5.552047
i128,zmij_x64_v1,unpredictable,,39,7.099871
i128,zmij_x64_v2,unpredictable,,39,6.207324
i128,zmij_x64_v3,unpredictable,,39,5.344376
i128,zmij_x64_v3_nokernel,unpredictable,,39,5.685261
i128,zmij_x64_v4,unpredictable,,39,5.924233
i128,zmij_scalar,admixture,5x6,0,5.210043
i128,zmij_x64_native,admixture,5x6,0,2.635053
i128,zmij_x64_v1,admixture,5x6,0,4.393206
i128,zmij_x64_v2,admixture,5x6,0,3.109791
i128,zmij_x64_v3,admixture,5x6,0,2.867290
i128,zmij_x64_v3_nokernel,admixture,5x6,0,3.060258
i128,zmij_x64_v4,admixture,5x6,0,2.235491
i128,zmij_scalar,admixture,5x6,10,5.203785
i128,zmij_x64_native,admixture,5x6,10,2.632874
i128,zmij_x64_v1,admixture,5x6,10,4.394984
i128,zmij_x64_v2,admixture,5x6,10,3.110086
i128,zmij_x64_v3,admixture,5x6,10,2.871274
i128,zmij_x64_v3_nokernel,admixture,5x6,10,3.054878
i128,zmij_x64_v4,admixture,5x6,10,2.236791
i128,zmij_scalar,admixture,5x6,20,5.195156
i128,zmij_x64_native,admixture,5x6,20,2.644091
i128,zmij_x64_v1,admixture,5x6,20,4.390396
i128,zmij_x64_v2,admixture,5x6,20,3.116497
i128,zmij_x64_v3,admixture,5x6,20,2.861308
i128,zmij_x64_v3_nokernel,admixture,5x6,20,3.065103
i128,zmij_x64_v4,admixture,5x6,20,2.220843
i128,zmij_scalar,admixture,5x6,30,5.211810
i128,zmij_x64_native,admixture,5x6,30,2.650350
i128,zmij_x64_v1,admixture,5x6,30,4.384281
i128,zmij_x64_v2,admixture,5x6,30,3.115676
i128,zmij_x64_v3,admixture,5x6,30,2.874208
i128,zmij_x64_v3_nokernel,admixture,5x6,30,3.085436
i128,zmij_x64_v4,admixture,5x6,30,2.203224
i128,zmij_scalar,admixture,5x6,40,5.213770
i128,zmij_x64_native,admixture,5x6,40,2.651610
i128,zmij_x64_v1,admixture,5x6,40,4.394429
i128,zmij_x64_v2,admixture,5x6,40,3.130650
i128,zmij_x64_v3,admixture,5x6,40,2.891568
i128,zmij_x64_v3_nokernel,admixture,5x6,40,3.088473
i128,zmij_x64_v4,admixture,5x6,40,2.191549
i128,zmij_scalar,admixture,5x6,50,5.226037
i128,zmij_x64_native,admixture,5x6,50,2.648859
i128,zmij_x64_v1,admixture,5x6,50,4.411427
i128,zmij_x64_v2,admixture,5x6,50,3.154077
i128,zmij_x64_v3,admixture,5x6,50,2.869422
i128,zmij_x64_v3_nokernel,admixture,5x6,50,3.103178
i128,zmij_x64_v4,admixture,5x6,50,2.320203
i128,zmij_scalar,admixture,5x6,60,5.345214
i128,zmij_x64_native,admixture,5x6,60,2.712971
i128,zmij_x64_v1,admixture,5x6,60,4.465640
i128,zmij_x64_v2,admixture,5x6,60,3.161004
i128,zmij_x64_v3,admixture,5x6,60,2.940604
i128,zmij_x64_v3_nokernel,admixture,5x6,60,3.140317
i128,zmij_x64_v4,admixture,5x6,60,2.244844
i128,zmij_scalar,admixture,5x6,70,5.269148
i128,zmij_x64_native,admixture,5x6,70,2.674581
i128,zmij_x64_v1,admixture,5x6,70,4.471392
i128,zmij_x64_v2,admixture,5x6,70,3.167798
i128,zmij_x64_v3,admixture,5x6,70,2.917395
i128,zmij_x64_v3_nokernel,admixture,5x6,70,3.115265
i128,zmij_x64_v4,admixture,5x6,70,2.242036
i128,zmij_scalar,admixture,5x6,80,5.326353
i128,zmij_x64_native,admixture,5x6,80,2.665464
i128,zmij_x64_v1,admixture,5x6,80,4.453296
i128,zmij_x64_v2,admixture,5x6,80,3.144436
i128,zmij_x64_v3,admixture,5x6,80,2.919095
i128,zmij_x64_v3_nokernel,admixture,5x6,80,3.145535
i128,zmij_x64_v4,admixture,5x6,80,2.204199
i128,zmij_scalar,admixture,5x6,90,5.246245
i128,zmij_x64_native,admixture,5x6,90,2.678843
i128,zmij_x64_v1,admixture,5x6,90,4.440931
i128,zmij_x64_v2,admixture,5x6,90,3.137595
i128,zmij_x64_v3,admixture,5x6,90,2.919172
i128,zmij_x64_v3_nokernel,admixture,5x6,90,3.107134
i128,zmij_x64_v4,admixture,5x6,90,2.212186
i128,zmij_scalar,admixture,5x6,100,5.218050
i128,zmij_x64_native,admixture,5x6,100,2.648485
i128,zmij_x64_v1,admixture,5x6,100,4.387005
i128,zmij_x64_v2,admixture,5x6,100,3.116441
i128,zmij_x64_v3,admixture,5x6,100,2.883332
i128,zmij_x64_v3_nokernel,admixture,5x6,100,3.068601
i128,zmij_x64_v4,admixture,5x6,100,2.239504
i128,zmij_scalar,admixture,straddle64,0,9.433623
i128,zmij_x64_native,admixture,straddle64,0,4.352674
i128,zmij_x64_v1,admixture,straddle64,0,5.877950
i128,zmij_x64_v2,admixture,straddle64,0,4.823553
i128,zmij_x64_v3,admixture,straddle64,0,4.352847
i128,zmij_x64_v3_nokernel,admixture,straddle64,0,4.347401
i128,zmij_x64_v4,admixture,straddle64,0,4.143960
i128,zmij_scalar,admixture,straddle64,10,9.415134
i128,zmij_x64_native,admixture,straddle64,10,4.425882
i128,zmij_x64_v1,admixture,straddle64,10,5.940294
i128,zmij_x64_v2,admixture,straddle64,10,4.982591
i128,zmij_x64_v3,admixture,straddle64,10,4.454146
i128,zmij_x64_v3_nokernel,admixture,straddle64,10,4.473571
i128,zmij_x64_v4,admixture,straddle64,10,4.257633
i128,zmij_scalar,admixture,straddle64,20,9.449198
i128,zmij_x64_native,admixture,straddle64,20,4.530058
i128,zmij_x64_v1,admixture,straddle64,20,6.020649
i128,zmij_x64_v2,admixture,straddle64,20,5.072140
i128,zmij_x64_v3,admixture,straddle64,20,4.554643
i128,zmij_x64_v3_nokernel,admixture,straddle64,20,4.576963
i128,zmij_x64_v4,admixture,straddle64,20,4.327010
i128,zmij_scalar,admixture,straddle64,30,9.460911
i128,zmij_x64_native,admixture,straddle64,30,4.608541
i128,zmij_x64_v1,admixture,straddle64,30,6.163867
i128,zmij_x64_v2,admixture,straddle64,30,5.159890
i128,zmij_x64_v3,admixture,straddle64,30,4.626781
i128,zmij_x64_v3_nokernel,admixture,straddle64,30,4.588954
i128,zmij_x64_v4,admixture,straddle64,30,4.383240
i128,zmij_scalar,admixture,straddle64,40,9.253611
i128,zmij_x64_native,admixture,straddle64,40,4.615479
i128,zmij_x64_v1,admixture,straddle64,40,6.000060
i128,zmij_x64_v2,admixture,straddle64,40,5.199342
i128,zmij_x64_v3,admixture,straddle64,40,4.676610
i128,zmij_x64_v3_nokernel,admixture,straddle64,40,4.621124
i128,zmij_x64_v4,admixture,straddle64,40,4.421326
i128,zmij_scalar,admixture,straddle64,50,9.378320
i128,zmij_x64_native,admixture,straddle64,50,4.722367
i128,zmij_x64_v1,admixture,straddle64,50,6.084676
i128,zmij_x64_v2,admixture,straddle64,50,5.337198
i128,zmij_x64_v3,admixture,straddle64,50,4.764103
i128,zmij_x64_v3_nokernel,admixture,straddle64,50,4.727202
i128,zmij_x64_v4,admixture,straddle64,50,4.541524
i128,zmij_scalar,admixture,straddle64,60,9.363013
i128,zmij_x64_native,admixture,straddle64,60,4.850373
i128,zmij_x64_v1,admixture,straddle64,60,6.127912
i128,zmij_x64_v2,admixture,straddle64,60,5.477634
i128,zmij_x64_v3,admixture,straddle64,60,4.864198
i128,zmij_x64_v3_nokernel,admixture,straddle64,60,4.861934
i128,zmij_x64_v4,admixture,straddle64,60,4.691333
i128,zmij_scalar,admixture,straddle64,70,9.419654
i128,zmij_x64_native,admixture,straddle64,70,4.964390
i128,zmij_x64_v1,admixture,straddle64,70,6.273182
i128,zmij_x64_v2,admixture,straddle64,70,5.633567
i128,zmij_x64_v3,admixture,straddle64,70,5.027786
i128,zmij_x64_v3_nokernel,admixture,straddle64,70,5.082543
i128,zmij_x64_v4,admixture,straddle64,70,4.940091
i128,zmij_scalar,admixture,straddle64,80,9.433479
i128,zmij_x64_native,admixture,straddle64,80,5.070094
i128,zmij_x64_v1,admixture,straddle64,80,6.390028
i128,zmij_x64_v2,admixture,straddle64,80,5.771844
i128,zmij_x64_v3,admixture,straddle64,80,5.178493
i128,zmij_x64_v3_nokernel,admixture,straddle64,80,5.278072
i128,zmij_x64_v4,admixture,straddle64,80,5.035429
i128,zmij_scalar,admixture,straddle64,90,9.448528
i128,zmij_x64_native,admixture,straddle64,90,5.349848
i128,zmij_x64_v1,admixture,straddle64,90,6.564528
i128,zmij_x64_v2,admixture,straddle64,90,5.978437
i128,zmij_x64_v3,admixture,straddle64,90,5.365355
i128,zmij_x64_v3_nokernel,admixture,straddle64,90,5.467343
i128,zmij_x64_v4,admixture,straddle64,90,5.265623
i128,zmij_scalar,admixture,straddle64,100,9.168899
i128,zmij_x64_native,admixture,straddle64,100,5.361687
i128,zmij_x64_v1,admixture,straddle64,100,6.637152
i128,zmij_x64_v2,admixture,straddle64,100,5.943849
i128,zmij_x64_v3,admixture,straddle64,100,5.400508
i128,zmij_x64_v3_nokernel,admixture,straddle64,100,5.511361
i128,zmij_x64_v4,admixture,straddle64,100,5.291325
i128,zmij_scalar,admixture,straddle1e32,0,12.395170
i128,zmij_x64_native,admixture,straddle1e32,0,4.970620
i128,zmij_x64_v1,admixture,straddle1e32,0,6.331525
i128,zmij_x64_v2,admixture,straddle1e32,0,5.686032
i128,zmij_x64_v3,admixture,straddle1e32,0,4.993666
i128,zmij_x64_v3_nokernel,admixture,straddle1e32,0,5.026696
i128,zmij_x64_v4,admixture,straddle1e32,0,4.942958
i128,zmij_scalar,admixture,straddle1e32,10,12.419125
i128,zmij_x64_native,admixture,straddle1e32,10,5.421518
i128,zmij_x64_v1,admixture,straddle1e32,10,6.801112
i128,zmij_x64_v2,admixture,straddle1e32,10,6.059011
i128,zmij_x64_v3,admixture,straddle1e32,10,5.457999
i128,zmij_x64_v3_nokernel,admixture,straddle1e32,10,5.360597
i128,zmij_x64_v4,admixture,straddle1e32,10,5.307893
i128,zmij_scalar,admixture,straddle1e32,20,12.276042
i128,zmij_x64_native,admixture,straddle1e32,20,5.700871
i128,zmij_x64_v1,admixture,straddle1e32,20,7.141233
i128,zmij_x64_v2,admixture,straddle1e32,20,6.270594
i128,zmij_x64_v3,admixture,straddle1e32,20,5.630243
i128,zmij_x64_v3_nokernel,admixture,straddle1e32,20,5.622790
i128,zmij_x64_v4,admixture,straddle1e32,20,5.580778
i128,zmij_scalar,admixture,straddle1e32,30,12.399804
i128,zmij_x64_native,admixture,straddle1e32,30,6.143133
i128,zmij_x64_v1,admixture,straddle1e32,30,7.610295
i128,zmij_x64_v2,admixture,straddle1e32,30,6.651494
i128,zmij_x64_v3,admixture,straddle1e32,30,6.013695
i128,zmij_x64_v3_nokernel,admixture,straddle1e32,30,5.966122
i128,zmij_x64_v4,admixture,straddle1e32,30,5.949104
i128,zmij_scalar,admixture,straddle1e32,40,12.462523
i128,zmij_x64_native,admixture,straddle1e32,40,6.640363
i128,zmij_x64_v1,admixture,straddle1e32,40,8.109083
i128,zmij_x64_v2,admixture,straddle1e32,40,6.962541
i128,zmij_x64_v3,admixture,straddle1e32,40,6.509978
i128,zmij_x64_v3_nokernel,admixture,straddle1e32,40,6.488681
i128,zmij_x64_v4,admixture,straddle1e32,40,6.413686
i128,zmij_scalar,admixture,straddle1e32,50,12.332249
i128,zmij_x64_native,admixture,straddle1e32,50,6.818128
i128,zmij_x64_v1,admixture,straddle1e32,50,8.302444
i128,zmij_x64_v2,admixture,straddle1e32,50,7.160791
i128,zmij_x64_v3,admixture,straddle1e32,50,6.810866
i128,zmij_x64_v3_nokernel,admixture,straddle1e32,50,6.712635
i128,zmij_x64_v4,admixture,straddle1e32,50,6.759193
i128,zmij_scalar,admixture,straddle1e32,60,11.761963
i128,zmij_x64_native,admixture,straddle1e32,60,6.421566
i128,zmij_x64_v1,admixture,straddle1e32,60,7.853787
i128,zmij_x64_v2,admixture,straddle1e32,60,6.805296
i128,zmij_x64_v3,admixture,straddle1e32,60,6.492949
i128,zmij_x64_v3_nokernel,admixture,straddle1e32,60,6.229908
i128,zmij_x64_v4,admixture,straddle1e32,60,6.295233
i128,zmij_scalar,admixture,straddle1e32,70,11.133347
i128,zmij_x64_native,admixture,straddle1e32,70,5.814322
i128,zmij_x64_v1,admixture,straddle1e32,70,7.172189
i128,zmij_x64_v2,admixture,straddle1e32,70,6.300708
i128,zmij_x64_v3,admixture,straddle1e32,70,5.896523
i128,zmij_x64_v3_nokernel,admixture,straddle1e32,70,5.614494
i128,zmij_x64_v4,admixture,straddle1e32,70,5.642405
i128,zmij_scalar,admixture,straddle1e32,80,10.531320
i128,zmij_x64_native,admixture,straddle1e32,80,5.229008
i128,zmij_x64_v1,admixture,straddle1e32,80,6.693314
i128,zmij_x64_v2,admixture,straddle1e32,80,5.806316
i128,zmij_x64_v3,admixture,straddle1e32,80,5.371927
i128,zmij_x64_v3_nokernel,admixture,straddle1e32,80,5.145404
i128,zmij_x64_v4,admixture,straddle1e32,80,5.105178
i128,zmij_scalar,admixture,straddle1e32,90,9.912591
i128,zmij_x64_native,admixture,straddle1e32,90,4.768010
i128,zmij_x64_v1,admixture,straddle1e32,90,6.252934
i128,zmij_x64_v2,admixture,straddle1e32,90,5.303965
i128,zmij_x64_v3,admixture,straddle1e32,90,4.801719
i128,zmij_x64_v3_nokernel,admixture,straddle1e32,90,4.764235
i128,zmij_x64_v4,admixture,straddle1e32,90,4.541781
i128,zmij_scalar,admixture,straddle1e32,100,9.281795
i128,zmij_x64_native,admixture,straddle1e32,100,4.281940
i128,zmij_x64_v1,admixture,straddle1e32,100,5.757520
i128,zmij_x64_v2,admixture,straddle1e32,100,4.745517
i128,zmij_x64_v3,admixture,straddle1e32,100,4.292517
i128,zmij_x64_v3_nokernel,admixture,straddle1e32,100,4.263967
i128,zmij_x64_v4,admixture,straddle1e32,100,4.081366
