Type,Function,Mode,Series,X,Time_ns
u32,amartin,bylength,,1,0.768498
u32,branchlut,bylength,,1,1.045642
u32,branchlut2,bylength,,1,0.996101
u32,countlut,bylength,,1,0.964854
u32,fmt,bylength,,1,1.131566
u32,jeaiii,bylength,,1,0.994668
u32,naive,bylength,,1,2.206809
u32,null,bylength,,1,1.089573
u32,sse2,bylength,,1,0.826962
u32,tmueller,bylength,,1,0.865002
u32,unrolledlut,bylength,,1,0.952218
u32,yy,bylength,,1,0.950911
u32,zmij_scalar,bylength,,1,2.242452
u32,zmij_x64_native,bylength,,1,1.259421
u32,zmij_x64_v1,bylength,,1,1.854020
u32,zmij_x64_v2,bylength,,1,1.258212
u32,zmij_x64_v3,bylength,,1,1.255281
u32,zmij_x64_v4,bylength,,1,1.260668
u32,amartin,bylength,,2,0.876570
u32,branchlut,bylength,,2,1.305372
u32,branchlut2,bylength,,2,1.043922
u32,countlut,bylength,,2,1.119852
u32,fmt,bylength,,2,1.148865
u32,jeaiii,bylength,,2,0.797275
u32,naive,bylength,,2,2.515641
u32,null,bylength,,2,1.064501
u32,sse2,bylength,,2,1.007430
u32,tmueller,bylength,,2,1.315997
u32,unrolledlut,bylength,,2,1.137834
u32,yy,bylength,,2,0.941719
u32,zmij_scalar,bylength,,2,2.197306
u32,zmij_x64_native,bylength,,2,1.243541
u32,zmij_x64_v1,bylength,,2,1.860173
u32,zmij_x64_v2,bylength,,2,1.270442
u32,zmij_x64_v3,bylength,,2,1.241675
u32,zmij_x64_v4,bylength,,2,1.251330
u32,amartin,bylength,,3,0.928718
u32,branchlut,bylength,,3,1.264487
u32,branchlut2,bylength,,3,0.998843
u32,countlut,bylength,,3,1.462240
u32,fmt,bylength,,3,1.638160
u32,jeaiii,bylength,,3,0.943186
u32,naive,bylength,,3,3.210433
u32,null,bylength,,3,0.864584
u32,sse2,bylength,,3,0.992493
u32,tmueller,bylength,,3,1.329512
u32,unrolledlut,bylength,,3,1.311936
u32,yy,bylength,,3,0.931317
u32,zmij_scalar,bylength,,3,2.216762
u32,zmij_x64_native,bylength,,3,1.239913
u32,zmij_x64_v1,bylength,,3,1.849808
u32,zmij_x64_v2,bylength,,3,1.258585
u32,zmij_x64_v3,bylength,,3,1.259629
u32,zmij_x64_v4,bylength,,3,1.251094
u32,amartin,bylength,,4,0.925498
u32,branchlut,bylength,,4,1.208276
u32,branchlut2,bylength,,4,1.054793
u32,countlut,bylength,,4,1.628596
u32,fmt,bylength,,4,1.635867
u32,jeaiii,bylength,,4,1.010122
u32,naive,bylength,,4,3.910345
u32,null,bylength,,4,0.827229
u32,sse2,bylength,,4,1.081754
u32,tmueller,bylength,,4,0.974468
u32,unrolledlut,bylength,,4,1.170573
u32,yy,bylength,,4,0.997118
u32,zmij_scalar,bylength,,4,2.217964
u32,zmij_x64_native,bylength,,4,1.247086
u32,zmij_x64_v1,bylength,,4,1.861812
u32,zmij_x64_v2,bylength,,4,1.270356
u32,zmij_x64_v3,bylength,,4,1.248638
u32,zmij_x64_v4,bylength,,4,1.231404
u32,amartin,bylength,,5,1.340768
u32,branchlut,bylength,,5,2.040546
u32,branchlut2,bylength,,5,1.891833
u32,countlut,bylength,,5,1.830966
u32,fmt,bylength,,5,2.175022
u32,jeaiii,bylength,,5,1.135538
u32,naive,bylength,,5,4.499113
u32,null,bylength,,5,0.820770
u32,sse2,bylength,,5,2.000839
u32,tmueller,bylength,,5,1.001575
u32,unrolledlut,bylength,,5,1.299376
u32,yy,bylength,,5,1.314098
u32,zmij_scalar,bylength,,5,2.216710
u32,zmij_x64_native,bylength,,5,1.240041
u32,zmij_x64_v1,bylength,,5,1.856220
u32,zmij_x64_v2,bylength,,5,1.246486
u32,zmij_x64_v3,bylength,,5,1.256595
u32,zmij_x64_v4,bylength,,5,1.241448
u32,amartin,bylength,,6,1.328619
u32,branchlut,bylength,,6,2.158803
u32,branchlut2,bylength,,6,1.910603
u32,countlut,bylength,,6,1.960310
u32,fmt,bylength,,6,2.182458
u32,jeaiii,bylength,,6,1.104425
u32,naive,bylength,,6,5.159497
u32,null,bylength,,6,0.789337
u32,sse2,bylength,,6,2.134945
u32,tmueller,bylength,,6,1.314196
u32,unrolledlut,bylength,,6,1.423460
u32,yy,bylength,,6,1.306141
u32,zmij_scalar,bylength,,6,2.221174
u32,zmij_x64_native,bylength,,6,1.226848
u32,zmij_x64_v1,bylength,,6,1.867439
u32,zmij_x64_v2,bylength,,6,1.257859
u32,zmij_x64_v3,bylength,,6,1.243104
u32,zmij_x64_v4,bylength,,6,1.265462
u32,amartin,bylength,,7,1.905284
u32,branchlut,bylength,,7,2.265148
u32,branchlut2,bylength,,7,2.385972
u32,countlut,bylength,,7,2.261493
u32,fmt,bylength,,7,2.712636
u32,jeaiii,bylength,,7,1.287079
u32,naive,bylength,,7,5.800007
u32,null,bylength,,7,0.805545
u32,sse2,bylength,,7,2.248551
u32,tmueller,bylength,,7,1.303167
u32,unrolledlut,bylength,,7,1.649898
u32,yy,bylength,,7,1.713572
u32,zmij_scalar,bylength,,7,2.226730
u32,zmij_x64_native,bylength,,7,1.244635
u32,zmij_x64_v1,bylength,,7,1.858307
u32,zmij_x64_v2,bylength,,7,1.250069
u32,zmij_x64_v3,bylength,,7,1.279101
u32,zmij_x64_v4,bylength,,7,1.275055
u32,amartin,bylength,,8,1.902178
u32,branchlut,bylength,,8,2.301305
u32,branchlut2,bylength,,8,2.434671
u32,countlut,bylength,,8,2.470229
u32,fmt,bylength,,8,2.727188
u32,jeaiii,bylength,,8,1.443451
u32,naive,bylength,,8,6.311780
u32,null,bylength,,8,0.781369
u32,sse2,bylength,,8,2.298162
u32,tmueller,bylength,,8,1.917251
u32,unrolledlut,bylength,,8,1.684269
u32,yy,bylength,,8,1.698568
u32,zmij_scalar,bylength,,8,2.236837
u32,zmij_x64_native,bylength,,8,1.244799
u32,zmij_x64_v1,bylength,,8,1.864819
u32,zmij_x64_v2,bylength,,8,1.247747
u32,zmij_x64_v3,bylength,,8,1.234779
u32,zmij_x64_v4,bylength,,8,1.243084
u32,amartin,bylength,,9,2.195314
u32,branchlut,bylength,,9,3.696793
u32,branchlut2,bylength,,9,3.508700
u32,countlut,bylength,,9,2.756495
u32,fmt,bylength,,9,3.252121
u32,jeaiii,bylength,,9,1.676525
u32,naive,bylength,,9,6.676978
u32,null,bylength,,9,1.052545
u32,sse2,bylength,,9,1.660464
u32,tmueller,bylength,,9,1.924438
u32,unrolledlut,bylength,,9,2.152208
u32,yy,bylength,,9,2.055418
u32,zmij_scalar,bylength,,9,2.219187
u32,zmij_x64_native,bylength,,9,1.238703
u32,zmij_x64_v1,bylength,,9,1.854488
u32,zmij_x64_v2,bylength,,9,1.263610
u32,zmij_x64_v3,bylength,,9,1.247430
u32,zmij_x64_v4,bylength,,9,1.246619
u32,amartin,bylength,,10,2.193169
u32,branchlut,bylength,,10,3.791087
u32,branchlut2,bylength,,10,3.551238
u32,countlut,bylength,,10,3.005851
u32,fmt,bylength,,10,3.258234
u32,jeaiii,bylength,,10,1.826521
u32,naive,bylength,,10,7.423765
u32,null,bylength,,10,1.082574
u32,sse2,bylength,,10,1.786551
u32,tmueller,bylength,,10,1.921252
u32,unrolledlut,bylength,,10,2.126410
u32,yy,bylength,,10,2.041955
u32,zmij_scalar,bylength,,10,2.205053
u32,zmij_x64_native,bylength,,10,1.243259
u32,zmij_x64_v1,bylength,,10,1.854738
u32,zmij_x64_v2,bylength,,10,1.245619
u32,zmij_x64_v3,bylength,,10,1.269002
u32,zmij_x64_v4,bylength,,10,1.264107
u32,amartin,loguniform,1-10,10,5.534830
u32,branchlut,loguniform,1-10,10,8.272706
u32,branchlut2,loguniform,1-10,10,8.946984
u32,countlut,loguniform,1-10,10,8.090331
u32,fmt,loguniform,1-10,10,9.202058
u32,jeaiii,loguniform,1-10,10,8.315780
u32,naive,loguniform,1-10,10,10.175324
u32,null,loguniform,1-10,10,0.796266
u32,sse2,loguniform,1-10,10,8.094029
u32,tmueller,loguniform,1-10,10,6.480687
u32,unrolledlut,loguniform,1-10,10,7.888575
u32,yy,loguniform,1-10,10,5.703516
u32,zmij_scalar,loguniform,1-10,10,2.199367
u32,zmij_x64_native,loguniform,1-10,10,1.249713
u32,zmij_x64_v1,loguniform,1-10,10,1.848554
u32,zmij_x64_v2,loguniform,1-10,10,1.263340
u32,zmij_x64_v3,loguniform,1-10,10,1.237535
u32,zmij_x64_v4,loguniform,1-10,10,1.240537
u32,amartin,loguniform,1-4,4,3.529430
u32,branchlut,loguniform,1-4,4,5.409270
u32,branchlut2,loguniform,1-4,4,5.934977
u32,countlut,loguniform,1-4,4,6.214645
u32,fmt,loguniform,1-4,4,6.040724
u32,jeaiii,loguniform,1-4,4,5.814027
u32,naive,loguniform,1-4,4,6.767671
u32,null,loguniform,1-4,4,0.822576
u32,sse2,loguniform,1-4,4,5.119855
u32,tmueller,loguniform,1-4,4,3.933488
u32,unrolledlut,loguniform,1-4,4,5.937021
u32,yy,loguniform,1-4,4,3.530715
u32,zmij_scalar,loguniform,1-4,4,2.197094
u32,zmij_x64_native,loguniform,1-4,4,1.245242
u32,zmij_x64_v1,loguniform,1-4,4,1.844774
u32,zmij_x64_v2,loguniform,1-4,4,1.258654
u32,zmij_x64_v3,loguniform,1-4,4,1.231786
u32,zmij_x64_v4,loguniform,1-4,4,1.226851
u32,amartin,uniform,0-255,0,3.104130
u32,branchlut,uniform,0-255,0,3.395835
u32,branchlut2,uniform,0-255,0,3.472434
u32,countlut,uniform,0-255,0,3.543340
u32,fmt,uniform,0-255,0,3.558353
u32,jeaiii,uniform,0-255,0,3.252086
u32,naive,uniform,0-255,0,5.244426
u32,null,uniform,0-255,0,0.744691
u32,sse2,uniform,0-255,0,3.250361
u32,tmueller,uniform,0-255,0,1.542687
u32,unrolledlut,uniform,0-255,0,3.562516
u32,yy,uniform,0-255,0,3.127374
u32,zmij_scalar,uniform,0-255,0,2.206756
u32,zmij_x64_native,uniform,0-255,0,1.224952
u32,zmij_x64_v1,uniform,0-255,0,1.849379
u32,zmij_x64_v2,uniform,0-255,0,1.261932
u32,zmij_x64_v3,uniform,0-255,0,1.263007
u32,zmij_x64_v4,uniform,0-255,0,1.248259
u32,amartin,unpredictable,,1,3.115941
u32,branchlut,unpredictable,,1,2.583821
u32,branchlut2,unpredictable,,1,1.409286
u32,countlut,unpredictable,,1,5.409595
u32,fmt,unpredictable,,1,4.453903
u32,jeaiii,unpredictable,,1,3.775923
u32,naive,unpredictable,,1,5.839984
u32,null,unpredictable,,1,1.270845
u32,sse2,unpredictable,,1,2.198452
u32,tmueller,unpredictable,,1,1.774630
u32,unrolledlut,unpredictable,,1,2.311817
u32,yy,unpredictable,,1,3.673393
u32,zmij_scalar,unpredictable,,1,2.163011
u32,zmij_x64_native,unpredictable,,1,1.180645
u32,zmij_x64_v1,unpredictable,,1,1.865408
u32,zmij_x64_v2,unpredictable,,1,1.222547
u32,zmij_x64_v3,unpredictable,,1,1.251063
u32,zmij_x64_v4,unpredictable,,1,1.221585
u32,amartin,unpredictable,,2,2.781445
u32,branchlut,unpredictable,,2,2.380492
u32,branchlut2,unpredictable,,2,1.283555
u32,countlut,unpredictable,,2,5.246773
u32,fmt,unpredictable,,2,4.272579
u32,jeaiii,unpredictable,,2,3.324188
u32,naive,unpredictable,,2,5.816730
u32,null,unpredictable,,2,0.653458
u32,sse2,unpredictable,,2,2.211347
u32,tmueller,unpredictable,,2,1.587446
u32,unrolledlut,unpredictable,,2,1.877551
u32,yy,unpredictable,,2,3.635980
u32,zmij_scalar,unpredictable,,2,2.109962
u32,zmij_x64_native,unpredictable,,2,1.209227
u32,zmij_x64_v1,unpredictable,,2,1.811935
u32,zmij_x64_v2,unpredictable,,2,1.205697
u32,zmij_x64_v3,unpredictable,,2,1.215099
u32,zmij_x64_v4,unpredictable,,2,1.217089
u32,amartin,unpredictable,,3,1.858501
u32,branchlut,unpredictable,,3,2.861478
u32,branchlut2,unpredictable,,3,1.509443
u32,countlut,unpredictable,,3,2.979764
u32,fmt,unpredictable,,3,3.502542
u32,jeaiii,unpredictable,,3,1.298296
u32,naive,unpredictable,,3,5.815708
u32,null,unpredictable,,3,0.788687
u32,sse2,unpredictable,,3,2.480983
u32,tmueller,unpredictable,,3,1.565556
u32,unrolledlut,unpredictable,,3,1.213359
u32,yy,unpredictable,,3,2.881553
u32,zmij_scalar,unpredictable,,3,2.211796
u32,zmij_x64_native,unpredictable,,3,1.187084
u32,zmij_x64_v1,unpredictable,,3,1.801958
u32,zmij_x64_v2,unpredictable,,3,1.209801
u32,zmij_x64_v3,unpredictable,,3,1.232441
u32,zmij_x64_v4,unpredictable,,3,1.198925
u32,amartin,unpredictable,,4,2.110179
u32,branchlut,unpredictable,,4,3.349260
u32,branchlut2,unpredictable,,4,1.511339
u32,countlut,unpredictable,,4,3.291117
u32,fmt,unpredictable,,4,3.544374
u32,jeaiii,unpredictable,,4,1.288288
u32,naive,unpredictable,,4,6.006432
u32,null,unpredictable,,4,0.958195
u32,sse2,unpredictable,,4,2.661640
u32,tmueller,unpredictable,,4,1.546876
u32,unrolledlut,unpredictable,,4,1.316962
u32,yy,unpredictable,,4,2.866710
u32,zmij_scalar,unpredictable,,4,2.163635
u32,zmij_x64_native,unpredictable,,4,1.199821
u32,zmij_x64_v1,unpredictable,,4,1.795260
u32,zmij_x64_v2,unpredictable,,4,1.240691
u32,zmij_x64_v3,unpredictable,,4,1.247432
u32,zmij_x64_v4,unpredictable,,4,1.234373
u32,amartin,unpredictable,,5,1.659813
u32,branchlut,unpredictable,,5,1.729156
u32,branchlut2,unpredictable,,5,2.197249
u32,countlut,unpredictable,,5,3.143319
u32,fmt,unpredictable,,5,3.572023
u32,jeaiii,unpredictable,,5,1.691821
u32,naive,unpredictable,,5,6.604508
u32,null,unpredictable,,5,0.963935
u32,sse2,unpredictable,,5,1.637903
u32,tmueller,unpredictable,,5,1.798274
u32,unrolledlut,unpredictable,,5,1.768570
u32,yy,unpredictable,,5,2.358123
u32,zmij_scalar,unpredictable,,5,2.163946
u32,zmij_x64_native,unpredictable,,5,1.213363
u32,zmij_x64_v1,unpredictable,,5,1.808288
u32,zmij_x64_v2,unpredictable,,5,1.250091
u32,zmij_x64_v3,unpredictable,,5,1.223003
u32,zmij_x64_v4,unpredictable,,5,1.222466
u32,amartin,unpredictable,,6,1.638577
u32,branchlut,unpredictable,,6,1.899341
u32,branchlut2,unpredictable,,6,2.306818
u32,countlut,unpredictable,,6,3.515582
u32,fmt,unpredictable,,6,3.741616
u32,jeaiii,unpredictable,,6,1.526084
u32,naive,unpredictable,,6,6.798767
u32,null,unpredictable,,6,0.744176
u32,sse2,unpredictable,,6,1.891124
u32,tmueller,unpredictable,,6,2.044926
u32,unrolledlut,unpredictable,,6,1.726066
u32,yy,unpredictable,,6,2.420795
u32,zmij_scalar,unpredictable,,6,2.255300
u32,zmij_x64_native,unpredictable,,6,1.203417
u32,zmij_x64_v1,unpredictable,,6,1.814271
u32,zmij_x64_v2,unpredictable,,6,1.233274
u32,zmij_x64_v3,unpredictable,,6,1.226213
u32,zmij_x64_v4,unpredictable,,6,1.207383
u32,amartin,unpredictable,,7,2.215226
u32,branchlut,unpredictable,,7,2.840410
u32,branchlut2,unpredictable,,7,2.861592
u32,countlut,unpredictable,,7,2.886620
u32,fmt,unpredictable,,7,3.436333
u32,jeaiii,unpredictable,,7,1.416156
u32,naive,unpredictable,,7,6.494055
u32,null,unpredictable,,7,0.697438
u32,sse2,unpredictable,,7,2.217916
u32,tmueller,unpredictable,,7,1.846135
u32,unrolledlut,unpredictable,,7,2.837004
u32,yy,unpredictable,,7,1.713766
u32,zmij_scalar,unpredictable,,7,2.182488
u32,zmij_x64_native,unpredictable,,7,1.179878
u32,zmij_x64_v1,unpredictable,,7,1.827934
u32,zmij_x64_v2,unpredictable,,7,1.224298
u32,zmij_x64_v3,unpredictable,,7,1.237249
u32,zmij_x64_v4,unpredictable,,7,1.196759
u32,amartin,unpredictable,,8,1.919492
u32,branchlut,unpredictable,,8,2.813231
u32,branchlut2,unpredictable,,8,2.500657
u32,countlut,unpredictable,,8,2.645787
u32,fmt,unpredictable,,8,3.017144
u32,jeaiii,unpredictable,,8,1.428782
u32,naive,unpredictable,,8,5.921824
u32,null,unpredictable,,8,0.791744
u32,sse2,unpredictable,,8,2.654260
u32,tmueller,unpredictable,,8,1.785132
u32,unrolledlut,unpredictable,,8,2.946665
u32,yy,unpredictable,,8,1.735852
u32,zmij_scalar,unpredictable,,8,2.157742
u32,zmij_x64_native,unpredictable,,8,1.201252
u32,zmij_x64_v1,unpredictable,,8,1.824925
u32,zmij_x64_v2,unpredictable,,8,1.224054
u32,zmij_x64_v3,unpredictable,,8,1.194081
u32,zmij_x64_v4,unpredictable,,8,1.205884
u32,amartin,unpredictable,,9,4.847764
u32,branchlut,unpredictable,,9,4.338088
u32,branchlut2,unpredictable,,9,6.174435
u32,countlut,unpredictable,,9,3.667154
u32,fmt,unpredictable,,9,4.166685
u32,jeaiii,unpredictable,,9,2.116316
u32,naive,unpredictable,,9,7.327481
u32,null,unpredictable,,9,1.041535
u32,sse2,unpredictable,,9,2.482327
u32,tmueller,unpredictable,,9,2.081277
u32,unrolledlut,unpredictable,,9,5.192238
u32,yy,unpredictable,,9,2.403421
u32,zmij_scalar,unpredictable,,9,2.229579
u32,zmij_x64_native,unpredictable,,9,1.259293
u32,zmij_x64_v1,unpredictable,,9,1.862613
u32,zmij_x64_v2,unpredictable,,9,1.290240
u32,zmij_x64_v3,unpredictable,,9,1.265412
u32,zmij_x64_v4,unpredictable,,9,1.289590
u32,amartin,unpredictable,,10,4.815984
u32,branchlut,unpredictable,,10,4.523928
u32,branchlut2,unpredictable,,10,6.262634
u32,countlut,unpredictable,,10,3.760117
u32,fmt,unpredictable,,10,4.121485
u32,jeaiii,unpredictable,,10,2.150326
u32,naive,unpredictable,,10,7.855520
u32,null,unpredictable,,10,0.647362
u32,sse2,unpredictable,,10,2.393036
u32,tmueller,unpredictable,,10,1.776737
u32,unrolledlut,unpredictable,,10,4.387205
u32,yy,unpredictable,,10,2.278219
u32,zmij_scalar,unpredictable,,10,2.159695
u32,zmij_x64_native,unpredictable,,10,1.200607
u32,zmij_x64_v1,unpredictable,,10,1.806617
u32,zmij_x64_v2,unpredictable,,10,1.228908
u32,zmij_x64_v3,unpredictable,,10,1.218661
u32,zmij_x64_v4,unpredictable,,10,1.174902
u32,amartin,admixture,5x6,0,1.327696
u32,branchlut,admixture,5x6,0,2.165736
u32,branchlut2,admixture,5x6,0,1.915226
u32,countlut,admixture,5x6,0,1.965023
u32,fmt,admixture,5x6,0,2.184303
u32,jeaiii,admixture,5x6,0,1.119208
u32,naive,admixture,5x6,0,5.121463
u32,null,admixture,5x6,0,0.745304
u32,sse2,admixture,5x6,0,2.119469
u32,tmueller,admixture,5x6,0,1.299548
u32,unrolledlut,admixture,5x6,0,1.419761
u32,yy,admixture,5x6,0,1.294417
u32,zmij_scalar,admixture,5x6,0,2.200004
u32,zmij_x64_native,admixture,5x6,0,1.243330
u32,zmij_x64_v1,admixture,5x6,0,1.840883
u32,zmij_x64_v2,admixture,5x6,0,1.245006
u32,zmij_x64_v3,admixture,5x6,0,1.235600
u32,zmij_x64_v4,admixture,5x6,0,1.232492
u32,amartin,admixture,5x6,10,1.383907
u32,branchlut,admixture,5x6,10,2.659441
u32,branchlut2,admixture,5x6,10,2.472263
u32,countlut,admixture,5x6,10,2.611301
u32,fmt,admixture,5x6,10,2.876442
u32,jeaiii,admixture,5x6,10,1.748937
u32,naive,admixture,5x6,10,5.783583
u32,null,admixture,5x6,10,0.726225
u32,sse2,admixture,5x6,10,2.538155
u32,tmueller,admixture,5x6,10,1.842116
u32,unrolledlut,admixture,5x6,10,2.093401
u32,yy,admixture,5x6,10,1.283405
u32,zmij_scalar,admixture,5x6,10,2.194498
u32,zmij_x64_native,admixture,5x6,10,1.229222
u32,zmij_x64_v1,admixture,5x6,10,1.842565
u32,zmij_x64_v2,admixture,5x6,10,1.268401
u32,zmij_x64_v3,admixture,5x6,10,1.257987
u32,zmij_x64_v4,admixture,5x6,10,1.250931
u32,amartin,admixture,5x6,20,1.328718
u32,branchlut,admixture,5x6,20,3.003298
u32,branchlut2,admixture,5x6,20,2.908594
u32,countlut,admixture,5x6,20,3.067494
u32,fmt,admixture,5x6,20,3.341724
u32,jeaiii,admixture,5x6,20,2.188753
u32,naive,admixture,5x6,20,6.222389
u32,null,admixture,5x6,20,0.758434
u32,sse2,admixture,5x6,20,2.951765
u32,tmueller,admixture,5x6,20,2.238022
u32,unrolledlut,admixture,5x6,20,2.574334
u32,yy,admixture,5x6,20,1.296039
u32,zmij_scalar,admixture,5x6,20,2.202128
u32,zmij_x64_native,admixture,5x6,20,1.225742
u32,zmij_x64_v1,admixture,5x6,20,1.849740
u32,zmij_x64_v2,admixture,5x6,20,1.251719
u32,zmij_x64_v3,admixture,5x6,20,1.249970
u32,zmij_x64_v4,admixture,5x6,20,1.271490
u32,amartin,admixture,5x6,30,1.329034
u32,branchlut,admixture,5x6,30,3.415233
u32,branchlut2,admixture,5x6,30,3.459701
u32,countlut,admixture,5x6,30,3.620327
u32,fmt,admixture,5x6,30,3.990820
u32,jeaiii,admixture,5x6,30,2.668420
u32,naive,admixture,5x6,30,6.777944
u32,null,admixture,5x6,30,0.785909
u32,sse2,admixture,5x6,30,3.375987
u32,tmueller,admixture,5x6,30,2.790484
u32,unrolledlut,admixture,5x6,30,3.084119
u32,yy,admixture,5x6,30,1.279958
u32,zmij_scalar,admixture,5x6,30,2.211293
u32,zmij_x64_native,admixture,5x6,30,1.230536
u32,zmij_x64_v1,admixture,5x6,30,1.852206
u32,zmij_x64_v2,admixture,5x6,30,1.260770
u32,zmij_x64_v3,admixture,5x6,30,1.270711
u32,zmij_x64_v4,admixture,5x6,30,1.242909
u32,amartin,admixture,5x6,40,1.336553
u32,branchlut,admixture,5x6,40,3.829808
u32,branchlut2,admixture,5x6,40,4.046718
u32,countlut,admixture,5x6,40,4.328412
u32,fmt,admixture,5x6,40,4.671041
u32,jeaiii,admixture,5x6,40,3.401830
u32,naive,admixture,5x6,40,7.529697
u32,null,admixture,5x6,40,0.924026
u32,sse2,admixture,5x6,40,3.846349
u32,tmueller,admixture,5x6,40,3.500072
u32,unrolledlut,admixture,5x6,40,3.824030
u32,yy,admixture,5x6,40,1.285411
u32,zmij_scalar,admixture,5x6,40,2.208895
u32,zmij_x64_native,admixture,5x6,40,1.247852
u32,zmij_x64_v1,admixture,5x6,40,1.854828
u32,zmij_x64_v2,admixture,5x6,40,1.274533
u32,zmij_x64_v3,admixture,5x6,40,1.262406
u32,zmij_x64_v4,admixture,5x6,40,1.269837
u32,amartin,admixture,5x6,50,1.327895
u32,branchlut,admixture,5x6,50,4.027298
u32,branchlut2,admixture,5x6,50,4.346573
u32,countlut,admixture,5x6,50,4.639387
u32,fmt,admixture,5x6,50,5.037614
u32,jeaiii,admixture,5x6,50,3.679521
u32,naive,admixture,5x6,50,7.825771
u32,null,admixture,5x6,50,0.840145
u32,sse2,admixture,5x6,50,4.041998
u32,tmueller,admixture,5x6,50,3.675529
u32,unrolledlut,admixture,5x6,50,4.164008
u32,yy,admixture,5x6,50,1.308962
u32,zmij_scalar,admixture,5x6,50,2.208567
u32,zmij_x64_native,admixture,5x6,50,1.233470
u32,zmij_x64_v1,admixture,5x6,50,1.848308
u32,zmij_x64_v2,admixture,5x6,50,1.258836
u32,zmij_x64_v3,admixture,5x6,50,1.250561
u32,zmij_x64_v4,admixture,5x6,50,1.233647
u32,amartin,admixture,5x6,60,1.328566
u32,branchlut,admixture,5x6,60,3.752237
u32,branchlut2,admixture,5x6,60,4.061394
u32,countlut,admixture,5x6,60,4.163520
u32,fmt,admixture,5x6,60,4.772172
u32,jeaiii,admixture,5x6,60,3.389784
u32,naive,admixture,5x6,60,7.289346
u32,null,admixture,5x6,60,0.964300
u32,sse2,admixture,5x6,60,3.753455
u32,tmueller,admixture,5x6,60,3.413016
u32,unrolledlut,admixture,5x6,60,3.791199
u32,yy,admixture,5x6,60,1.322745
u32,zmij_scalar,admixture,5x6,60,2.254654
u32,zmij_x64_native,admixture,5x6,60,1.249020
u32,zmij_x64_v1,admixture,5x6,60,1.854672
u32,zmij_x64_v2,admixture,5x6,60,1.244852
u32,zmij_x64_v3,admixture,5x6,60,1.253330
u32,zmij_x64_v4,admixture,5x6,60,1.258377
u32,amartin,admixture,5x6,70,1.364853
u32,branchlut,admixture,5x6,70,3.403820
u32,branchlut2,admixture,5x6,70,3.576608
u32,countlut,admixture,5x6,70,3.498531
u32,fmt,admixture,5x6,70,3.936031
u32,jeaiii,admixture,5x6,70,2.708848
u32,naive,admixture,5x6,70,6.384456
u32,null,admixture,5x6,70,0.811786
u32,sse2,admixture,5x6,70,3.213161
u32,tmueller,admixture,5x6,70,2.678220
u32,unrolledlut,admixture,5x6,70,2.990193
u32,yy,admixture,5x6,70,1.273223
u32,zmij_scalar,admixture,5x6,70,2.201095
u32,zmij_x64_native,admixture,5x6,70,1.239010
u32,zmij_x64_v1,admixture,5x6,70,1.841895
u32,zmij_x64_v2,admixture,5x6,70,1.252830
u32,zmij_x64_v3,admixture,5x6,70,1.234858
u32,zmij_x64_v4,admixture,5x6,70,1.237700
u32,amartin,admixture,5x6,80,1.327417
u32,branchlut,admixture,5x6,80,2.835559
u32,branchlut2,admixture,5x6,80,2.863138
u32,countlut,admixture,5x6,80,2.951365
u32,fmt,admixture,5x6,80,3.426395
u32,jeaiii,admixture,5x6,80,2.171171
u32,naive,admixture,5x6,80,5.782836
u32,null,admixture,5x6,80,0.749126
u32,sse2,admixture,5x6,80,2.828464
u32,tmueller,admixture,5x6,80,2.129971
u32,unrolledlut,admixture,5x6,80,2.529443
u32,yy,admixture,5x6,80,1.294783
u32,zmij_scalar,admixture,5x6,80,2.234529
u32,zmij_x64_native,admixture,5x6,80,1.229474
u32,zmij_x64_v1,admixture,5x6,80,1.850054
u32,zmij_x64_v2,admixture,5x6,80,1.262817
u32,zmij_x64_v3,admixture,5x6,80,1.225451
u32,zmij_x64_v4,admixture,5x6,80,1.268615
u32,amartin,admixture,5x6,90,1.326648
u32,branchlut,admixture,5x6,90,2.441562
u32,branchlut2,admixture,5x6,90,2.386728
u32,countlut,admixture,5x6,90,2.449337
u32,fmt,admixture,5x6,90,2.774683
u32,jeaiii,admixture,5x6,90,1.673212
u32,naive,admixture,5x6,90,5.100195
u32,null,admixture,5x6,90,0.727425
u32,sse2,admixture,5x6,90,2.415614
u32,tmueller,admixture,5x6,90,1.603775
u32,unrolledlut,admixture,5x6,90,1.898994
u32,yy,admixture,5x6,90,1.274684
u32,zmij_scalar,admixture,5x6,90,2.211264
u32,zmij_x64_native,admixture,5x6,90,1.231530
u32,zmij_x64_v1,admixture,5x6,90,1.851719
u32,zmij_x64_v2,admixture,5x6,90,1.248846
u32,zmij_x64_v3,admixture,5x6,90,1.258286
u32,zmij_x64_v4,admixture,5x6,90,1.265686
u32,amartin,admixture,5x6,100,1.366129
u32,branchlut,admixture,5x6,100,2.039934
u32,branchlut2,admixture,5x6,100,1.893784
u32,countlut,admixture,5x6,100,1.822515
u32,fmt,admixture,5x6,100,2.176479
u32,jeaiii,admixture,5x6,100,1.110032
u32,naive,admixture,5x6,100,4.517523
u32,null,admixture,5x6,100,0.779128
u32,sse2,admixture,5x6,100,2.016198
u32,tmueller,admixture,5x6,100,1.013447
u32,unrolledlut,admixture,5x6,100,1.287841
u32,yy,admixture,5x6,100,1.301469
u32,zmij_scalar,admixture,5x6,100,2.222896
u32,zmij_x64_native,admixture,5x6,100,1.217198
u32,zmij_x64_v1,admixture,5x6,100,1.845922
u32,zmij_x64_v2,admixture,5x6,100,1.251426
u32,zmij_x64_v3,admixture,5x6,100,1.239941
u32,zmij_x64_v4,admixture,5x6,100,1.218825
i32,amartin,bylength,,1,0.916497
i32,branchlut,bylength,,1,3.666189
i32,branchlut2,bylength,,1,3.579258
i32,countlut,bylength,,1,4.108573
i32,fmt,bylength,,1,1.098664
i32,jeaiii,bylength,,1,3.618490
i32,naive,bylength,,1,4.969605
i32,null,bylength,,1,0.767634
i32,sse2,bylength,,1,3.586682
i32,tmueller,bylength,,1,0.938466
i32,unrolledlut,bylength,,1,3.962558
i32,yy,bylength,,1,1.140820
i32,zmij_scalar,bylength,,1,2.498499
i32,zmij_x64_native,bylength,,1,1.472574
i32,zmij_x64_v1,bylength,,1,2.113750
i32,zmij_x64_v2,bylength,,1,1.514366
i32,zmij_x64_v3,bylength,,1,1.471279
i32,zmij_x64_v4,bylength,,1,1.481959
i32,amartin,bylength,,2,0.933013
i32,branchlut,bylength,,2,4.364293
i32,branchlut2,bylength,,2,4.021123
i32,countlut,bylength,,2,3.878416
i32,fmt,bylength,,2,1.098477
i32,jeaiii,bylength,,2,3.670857
i32,naive,bylength,,2,5.480021
i32,null,bylength,,2,0.752871
i32,sse2,bylength,,2,3.663440
i32,tmueller,bylength,,2,1.750047
i32,unrolledlut,bylength,,2,4.250402
i32,yy,bylength,,2,1.164222
i32,zmij_scalar,bylength,,2,2.501413
i32,zmij_x64_native,bylength,,2,1.465864
i32,zmij_x64_v1,bylength,,2,2.109756
i32,zmij_x64_v2,bylength,,2,1.518217
i32,zmij_x64_v3,bylength,,2,1.467947
i32,zmij_x64_v4,bylength,,2,1.467550
i32,amartin,bylength,,3,1.264139
i32,branchlut,bylength,,3,4.328840
i32,branchlut2,bylength,,3,3.824082
i32,countlut,bylength,,3,4.364243
i32,fmt,bylength,,3,1.806320
i32,jeaiii,bylength,,3,3.719699
i32,naive,bylength,,3,5.951374
i32,null,bylength,,3,0.758886
i32,sse2,bylength,,3,3.701908
i32,tmueller,bylength,,3,1.755405
i32,unrolledlut,bylength,,3,4.508238
i32,yy,bylength,,3,1.290770
i32,zmij_scalar,bylength,,3,2.484795
i32,zmij_x64_native,bylength,,3,1.462532
i32,zmij_x64_v1,bylength,,3,2.111179
i32,zmij_x64_v2,bylength,,3,1.508832
i32,zmij_x64_v3,bylength,,3,1.474931
i32,zmij_x64_v4,bylength,,3,1.473097
i32,amartin,bylength,,4,1.259555
i32,branchlut,bylength,,4,3.899106
i32,branchlut2,bylength,,4,3.660206
i32,countlut,bylength,,4,4.429155
i32,fmt,bylength,,4,1.354496
i32,jeaiii,bylength,,4,3.759879
i32,naive,bylength,,4,6.399949
i32,null,bylength,,4,0.829004
i32,sse2,bylength,,4,3.874354
i32,tmueller,bylength,,4,1.326397
i32,unrolledlut,bylength,,4,4.292004
i32,yy,bylength,,4,1.290402
i32,zmij_scalar,bylength,,4,2.495471
i32,zmij_x64_native,bylength,,4,1.465269
i32,zmij_x64_v1,bylength,,4,2.114794
i32,zmij_x64_v2,bylength,,4,1.520871
i32,zmij_x64_v3,bylength,,4,1.471525
i32,zmij_x64_v4,bylength,,4,1.475598
i32,amartin,bylength,,5,1.777448
i32,branchlut,bylength,,5,4.299062
i32,branchlut2,bylength,,5,4.520602
i32,countlut,bylength,,5,4.714266
i32,fmt,bylength,,5,1.812480
i32,jeaiii,bylength,,5,3.789501
i32,naive,bylength,,5,6.912238
i32,null,bylength,,5,0.847094
i32,sse2,bylength,,5,4.297419
i32,tmueller,bylength,,5,1.322685
i32,unrolledlut,bylength,,5,4.598211
i32,yy,bylength,,5,1.581962
i32,zmij_scalar,bylength,,5,2.494305
i32,zmij_x64_native,bylength,,5,1.466196
i32,zmij_x64_v1,bylength,,5,2.121413
i32,zmij_x64_v2,bylength,,5,1.514060
i32,zmij_x64_v3,bylength,,5,1.471859
i32,zmij_x64_v4,bylength,,5,1.468281
i32,amartin,bylength,,6,1.797551
i32,branchlut,bylength,,6,4.731560
i32,branchlut2,bylength,,6,4.558126
i32,countlut,bylength,,6,4.426772
i32,fmt,bylength,,6,1.825073
i32,jeaiii,bylength,,6,4.123216
i32,naive,bylength,,6,7.555994
i32,null,bylength,,6,0.734815
i32,sse2,bylength,,6,4.672819
i32,tmueller,bylength,,6,1.717377
i32,unrolledlut,bylength,,6,4.555759
i32,yy,bylength,,6,1.580431
i32,zmij_scalar,bylength,,6,2.513866
i32,zmij_x64_native,bylength,,6,1.461894
i32,zmij_x64_v1,bylength,,6,2.121685
i32,zmij_x64_v2,bylength,,6,1.515384
i32,zmij_x64_v3,bylength,,6,1.475455
i32,zmij_x64_v4,bylength,,6,1.468417
i32,amartin,bylength,,7,2.338655
i32,branchlut,bylength,,7,4.751969
i32,branchlut2,bylength,,7,4.587524
i32,countlut,bylength,,7,4.938982
i32,fmt,bylength,,7,2.134419
i32,jeaiii,bylength,,7,3.861924
i32,naive,bylength,,7,8.088511
i32,null,bylength,,7,0.758936
i32,sse2,bylength,,7,4.730153
i32,tmueller,bylength,,7,1.723695
i32,unrolledlut,bylength,,7,4.340160
i32,yy,bylength,,7,2.002699
i32,zmij_scalar,bylength,,7,2.511824
i32,zmij_x64_native,bylength,,7,1.466762
i32,zmij_x64_v1,bylength,,7,2.120894
i32,zmij_x64_v2,bylength,,7,1.521778
i32,zmij_x64_v3,bylength,,7,1.465776
i32,zmij_x64_v4,bylength,,7,1.482637
i32,amartin,bylength,,8,2.332344
i32,branchlut,bylength,,8,4.788275
i32,branchlut2,bylength,,8,4.897756
i32,countlut,bylength,,8,5.177240
i32,fmt,bylength,,8,2.131574
i32,jeaiii,bylength,,8,4.308324
i32,naive,bylength,,8,7.787046
i32,null,bylength,,8,0.849289
i32,sse2,bylength,,8,4.889758
i32,tmueller,bylength,,8,2.447145
i32,unrolledlut,bylength,,8,4.278460
i32,yy,bylength,,8,2.018496
i32,zmij_scalar,bylength,,8,2.509024
i32,zmij_x64_native,bylength,,8,1.470183
i32,zmij_x64_v1,bylength,,8,2.117646
i32,zmij_x64_v2,bylength,,8,1.523806
i32,zmij_x64_v3,bylength,,8,1.470386
i32,zmij_x64_v4,bylength,,8,1.489037
i32,amartin,bylength,,9,2.635221
i32,branchlut,bylength,,9,5.287994
i32,branchlut2,bylength,,9,5.448319
i32,countlut,bylength,,9,5.607488
i32,fmt,bylength,,9,2.493961
i32,jeaiii,bylength,,9,4.424663
i32,naive,bylength,,9,8.628345
i32,null,bylength,,9,0.857485
i32,sse2,bylength,,9,4.154587
i32,tmueller,bylength,,9,2.435032
i32,unrolledlut,bylength,,9,4.525093
i32,yy,bylength,,9,2.359160
i32,zmij_scalar,bylength,,9,2.492360
i32,zmij_x64_native,bylength,,9,1.479018
i32,zmij_x64_v1,bylength,,9,2.115654
i32,zmij_x64_v2,bylength,,9,1.509221
i32,zmij_x64_v3,bylength,,9,1.473262
i32,zmij_x64_v4,bylength,,9,1.469757
i32,amartin,bylength,,10,2.697230
i32,branchlut,bylength,,10,5.618349
i32,branchlut2,bylength,,10,5.380143
i32,countlut,bylength,,10,5.451850
i32,fmt,bylength,,10,2.516496
i32,jeaiii,bylength,,10,4.510503
i32,naive,bylength,,10,9.549139
i32,null,bylength,,10,0.781622
i32,sse2,bylength,,10,4.571486
i32,tmueller,bylength,,10,2.448132
i32,unrolledlut,bylength,,10,4.470091
i32,yy,bylength,,10,2.377830
i32,zmij_scalar,bylength,,10,2.508064
i32,zmij_x64_native,bylength,,10,1.492111
i32,zmij_x64_v1,bylength,,10,2.131598
i32,zmij_x64_v2,bylength,,10,1.521212
i32,zmij_x64_v3,bylength,,10,1.475634
i32,zmij_x64_v4,bylength,,10,1.476816
i32,amartin,loguniform,1-10,10,6.708834
i32,branchlut,loguniform,1-10,10,11.061012
i32,branchlut2,loguniform,1-10,10,11.230823
i32,countlut,loguniform,1-10,10,11.752421
i32,fmt,loguniform,1-10,10,9.443793
i32,jeaiii,loguniform,1-10,10,10.855742
i32,naive,loguniform,1-10,10,12.819102
i32,null,loguniform,1-10,10,0.785401
i32,sse2,loguniform,1-10,10,10.539387
i32,tmueller,loguniform,1-10,10,7.154486
i32,unrolledlut,loguniform,1-10,10,10.476270
i32,yy,loguniform,1-10,10,6.285912
i32,zmij_scalar,loguniform,1-10,10,2.534810
i32,zmij_x64_native,loguniform,1-10,10,1.476218
i32,zmij_x64_v1,loguniform,1-10,10,2.132577
i32,zmij_x64_v2,loguniform,1-10,10,1.505719
i32,zmij_x64_v3,loguniform,1-10,10,1.484410
i32,zmij_x64_v4,loguniform,1-10,10,1.474846
i32,amartin,loguniform,1-4,4,3.852422
i32,branchlut,loguniform,1-4,4,7.979966
i32,branchlut2,loguniform,1-4,4,8.640698
i32,countlut,loguniform,1-4,4,9.532320
i32,fmt,loguniform,1-4,4,6.581740
i32,jeaiii,loguniform,1-4,4,8.534277
i32,naive,loguniform,1-4,4,9.617110
i32,null,loguniform,1-4,4,0.892194
i32,sse2,loguniform,1-4,4,7.980535
i32,tmueller,loguniform,1-4,4,4.654479
i32,unrolledlut,loguniform,1-4,4,9.016388
i32,yy,loguniform,1-4,4,3.970238
i32,zmij_scalar,loguniform,1-4,4,2.543846
i32,zmij_x64_native,loguniform,1-4,4,1.502322
i32,zmij_x64_v1,loguniform,1-4,4,2.139354
i32,zmij_x64_v2,loguniform,1-4,4,1.527055
i32,zmij_x64_v3,loguniform,1-4,4,1.501797
i32,zmij_x64_v4,loguniform,1-4,4,1.491934
i32,amartin,uniform,0-255,0,3.428909
i32,branchlut,uniform,0-255,0,3.747498
i32,branchlut2,uniform,0-255,0,3.337754
i32,countlut,uniform,0-255,0,3.648732
i32,fmt,uniform,0-255,0,3.868516
i32,jeaiii,uniform,0-255,0,3.350173
i32,naive,uniform,0-255,0,5.454291
i32,null,uniform,0-255,0,0.774467
i32,sse2,uniform,0-255,0,3.348627
i32,tmueller,uniform,0-255,0,1.988274
i32,unrolledlut,uniform,0-255,0,3.853388
i32,yy,uniform,0-255,0,3.407411
i32,zmij_scalar,uniform,0-255,0,2.493018
i32,zmij_x64_native,uniform,0-255,0,1.463057
i32,zmij_x64_v1,uniform,0-255,0,2.119280
i32,zmij_x64_v2,uniform,0-255,0,1.508934
i32,zmij_x64_v3,uniform,0-255,0,1.473883
i32,zmij_x64_v4,uniform,0-255,0,1.473075
i32,amartin,unpredictable,,1,3.079879
i32,branchlut,unpredictable,,1,5.465440
i32,branchlut2,unpredictable,,1,4.604459
i32,countlut,unpredictable,,1,8.070707
i32,fmt,unpredictable,,1,4.281295
i32,jeaiii,unpredictable,,1,6.865354
i32,naive,unpredictable,,1,8.186195
i32,null,unpredictable,,1,0.744786
i32,sse2,unpredictable,,1,5.420535
i32,tmueller,unpredictable,,1,2.005855
i32,unrolledlut,unpredictable,,1,5.290306
i32,yy,unpredictable,,1,4.197469
i32,zmij_scalar,unpredictable,,1,2.510969
i32,zmij_x64_native,unpredictable,,1,1.464591
i32,zmij_x64_v1,unpredictable,,1,2.149411
i32,zmij_x64_v2,unpredictable,,1,1.546241
i32,zmij_x64_v3,unpredictable,,1,1.511605
i32,zmij_x64_v4,unpredictable,,1,1.494139
i32,amartin,unpredictable,,2,3.065228
i32,branchlut,unpredictable,,2,5.739914
i32,branchlut2,unpredictable,,2,4.762977
i32,countlut,unpredictable,,2,8.430241
i32,fmt,unpredictable,,2,4.289578
i32,jeaiii,unpredictable,,2,7.487911
i32,naive,unpredictable,,2,8.662576
i32,null,unpredictable,,2,0.771509
i32,sse2,unpredictable,,2,5.644965
i32,tmueller,unpredictable,,2,2.067848
i32,unrolledlut,unpredictable,,2,5.638041
i32,yy,unpredictable,,2,4.209743
i32,zmij_scalar,unpredictable,,2,2.475421
i32,zmij_x64_native,unpredictable,,2,1.469511
i32,zmij_x64_v1,unpredictable,,2,2.118767
i32,zmij_x64_v2,unpredictable,,2,1.551155
i32,zmij_x64_v3,unpredictable,,2,1.504809
i32,zmij_x64_v4,unpredictable,,2,1.476614
i32,amartin,unpredictable,,3,2.225684
i32,branchlut,unpredictable,,3,6.192574
i32,branchlut2,unpredictable,,3,4.786208
i32,countlut,unpredictable,,3,6.262029
i32,fmt,unpredictable,,3,3.719495
i32,jeaiii,unpredictable,,3,4.716105
i32,naive,unpredictable,,3,8.371752
i32,null,unpredictable,,3,0.930909
i32,sse2,unpredictable,,3,5.912659
i32,tmueller,unpredictable,,3,1.976706
i32,unrolledlut,unpredictable,,3,4.701597
i32,yy,unpredictable,,3,3.344995
i32,zmij_scalar,unpredictable,,3,2.523613
i32,zmij_x64_native,unpredictable,,3,1.473489
i32,zmij_x64_v1,unpredictable,,3,2.129980
i32,zmij_x64_v2,unpredictable,,3,1.524298
i32,zmij_x64_v3,unpredictable,,3,1.476260
i32,zmij_x64_v4,unpredictable,,3,1.477784
i32,amartin,unpredictable,,4,2.190811
i32,branchlut,unpredictable,,4,6.462008
i32,branchlut2,unpredictable,,4,4.623728
i32,countlut,unpredictable,,4,6.292783
i32,fmt,unpredictable,,4,3.505447
i32,jeaiii,unpredictable,,4,4.759866
i32,naive,unpredictable,,4,8.547531
i32,null,unpredictable,,4,0.898525
i32,sse2,unpredictable,,4,6.034973
i32,tmueller,unpredictable,,4,2.174085
i32,unrolledlut,unpredictable,,4,4.735644
i32,yy,unpredictable,,4,3.439850
i32,zmij_scalar,unpredictable,,4,2.492078
i32,zmij_x64_native,unpredictable,,4,1.485321
i32,zmij_x64_v1,unpredictable,,4,2.111937
i32,zmij_x64_v2,unpredictable,,4,1.555835
i32,zmij_x64_v3,unpredictable,,4,1.487603
i32,zmij_x64_v4,unpredictable,,4,1.491937
i32,amartin,unpredictable,,5,2.141219
i32,branchlut,unpredictable,,5,5.009382
i32,branchlut2,unpredictable,,5,5.255778
i32,countlut,unpredictable,,5,6.218760
i32,fmt,unpredictable,,5,2.799508
i32,jeaiii,unpredictable,,5,4.948793
i32,naive,unpredictable,,5,8.631938
i32,null,unpredictable,,5,0.907912
i32,sse2,unpredictable,,5,4.801900
i32,tmueller,unpredictable,,5,2.139903
i32,unrolledlut,unpredictable,,5,4.851454
i32,yy,unpredictable,,5,2.518292
i32,zmij_scalar,unpredictable,,5,2.480081
i32,zmij_x64_native,unpredictable,,5,1.474432
i32,zmij_x64_v1,unpredictable,,5,2.130312
i32,zmij_x64_v2,unpredictable,,5,1.534323
i32,zmij_x64_v3,unpredictable,,5,1.531172
i32,zmij_x64_v4,unpredictable,,5,1.480727
i32,amartin,unpredictable,,6,2.055295
i32,branchlut,unpredictable,,6,4.997150
i32,branchlut2,unpredictable,,6,5.012645
i32,countlut,unpredictable,,6,5.830365
i32,fmt,unpredictable,,6,2.711588
i32,jeaiii,unpredictable,,6,4.865140
i32,naive,unpredictable,,6,8.755749
i32,null,unpredictable,,6,0.913257
i32,sse2,unpredictable,,6,4.977096
i32,tmueller,unpredictable,,6,2.437511
i32,unrolledlut,unpredictable,,6,4.767389
i32,yy,unpredictable,,6,2.537066
i32,zmij_scalar,unpredictable,,6,2.490449
i32,zmij_x64_native,unpredictable,,6,1.493237
i32,zmij_x64_v1,unpredictable,,6,2.060508
i32,zmij_x64_v2,unpredictable,,6,1.561792
i32,zmij_x64_v3,unpredictable,,6,1.511892
i32,zmij_x64_v4,unpredictable,,6,1.532239
i32,amartin,unpredictable,,7,2.445336
i32,branchlut,unpredictable,,7,5.538151
i32,branchlut2,unpredictable,,7,5.179033
i32,countlut,unpredictable,,7,5.212796
i32,fmt,unpredictable,,7,2.353824
i32,jeaiii,unpredictable,,7,4.775603
i32,naive,unpredictable,,7,8.878656
i32,null,unpredictable,,7,0.851896
i32,sse2,unpredictable,,7,5.375760
i32,tmueller,unpredictable,,7,2.360585
i32,unrolledlut,unpredictable,,7,6.456771
i32,yy,unpredictable,,7,2.195449
i32,zmij_scalar,unpredictable,,7,2.489432
i32,zmij_x64_native,unpredictable,,7,1.479258
i32,zmij_x64_v1,unpredictable,,7,2.133684
i32,zmij_x64_v2,unpredictable,,7,1.550847
i32,zmij_x64_v3,unpredictable,,7,1.493447
i32,zmij_x64_v4,unpredictable,,7,1.477901
i32,amartin,unpredictable,,8,2.510103
i32,branchlut,unpredictable,,8,5.981149
i32,branchlut2,unpredictable,,8,5.350642
i32,countlut,unpredictable,,8,5.559559
i32,fmt,unpredictable,,8,2.451511
i32,jeaiii,unpredictable,,8,4.910545
i32,naive,unpredictable,,8,8.042185
i32,null,unpredictable,,8,0.740028
i32,sse2,unpredictable,,8,5.984228
i32,tmueller,unpredictable,,8,2.612172
i32,unrolledlut,unpredictable,,8,6.548951
i32,yy,unpredictable,,8,2.203155
i32,zmij_scalar,unpredictable,,8,2.495614
i32,zmij_x64_native,unpredictable,,8,1.471631
i32,zmij_x64_v1,unpredictable,,8,2.140482
i32,zmij_x64_v2,unpredictable,,8,1.548110
i32,zmij_x64_v3,unpredictable,,8,1.516832
i32,zmij_x64_v4,unpredictable,,8,1.496294
i32,amartin,unpredictable,,9,5.241325
i32,branchlut,unpredictable,,9,6.601055
i32,branchlut2,unpredictable,,9,8.128514
i32,countlut,unpredictable,,9,6.270441
i32,fmt,unpredictable,,9,2.767922
i32,jeaiii,unpredictable,,9,5.067473
i32,naive,unpredictable,,9,8.707441
i32,null,unpredictable,,9,0.859309
i32,sse2,unpredictable,,9,5.471869
i32,tmueller,unpredictable,,9,2.597612
i32,unrolledlut,unpredictable,,9,7.971179
i32,yy,unpredictable,,9,2.532798
i32,zmij_scalar,unpredictable,,9,2.491160
i32,zmij_x64_native,unpredictable,,9,1.490533
i32,zmij_x64_v1,unpredictable,,9,2.152899
i32,zmij_x64_v2,unpredictable,,9,1.569852
i32,zmij_x64_v3,unpredictable,,9,1.517997
i32,zmij_x64_v4,unpredictable,,9,1.485655
i32,amartin,unpredictable,,10,5.129868
i32,branchlut,unpredictable,,10,6.451243
i32,branchlut2,unpredictable,,10,8.207529
i32,countlut,unpredictable,,10,5.689147
i32,fmt,unpredictable,,10,2.800094
i32,jeaiii,unpredictable,,10,4.903822
i32,naive,unpredictable,,10,9.656937
i32,null,unpredictable,,10,0.852487
i32,sse2,unpredictable,,10,5.645457
i32,tmueller,unpredictable,,10,2.572248
i32,unrolledlut,unpredictable,,10,7.468305
i32,yy,unpredictable,,10,2.540354
i32,zmij_scalar,unpredictable,,10,2.496686
i32,zmij_x64_native,unpredictable,,10,1.485047
i32,zmij_x64_v1,unpredictable,,10,2.147627
i32,zmij_x64_v2,unpredictable,,10,1.559397
i32,zmij_x64_v3,unpredictable,,10,1.515073
i32,zmij_x64_v4,unpredictable,,10,1.495758
i32,amartin,admixture,5x6,0,1.770348
i32,branchlut,admixture,5x6,0,4.774553
i32,branchlut2,admixture,5x6,0,4.566244
i32,countlut,admixture,5x6,0,4.470873
i32,fmt,admixture,5x6,0,1.817983
i32,jeaiii,admixture,5x6,0,4.120265
i32,naive,admixture,5x6,0,7.561783
i32,null,admixture,5x6,0,0.759753
i32,sse2,admixture,5x6,0,4.689159
i32,tmueller,admixture,5x6,0,1.718356
i32,unrolledlut,admixture,5x6,0,4.559279
i32,yy,admixture,5x6,0,1.588272
i32,zmij_scalar,admixture,5x6,0,2.521906
i32,zmij_x64_native,admixture,5x6,0,1.467263
i32,zmij_x64_v1,admixture,5x6,0,2.126496
i32,zmij_x64_v2,admixture,5x6,0,1.510412
i32,zmij_x64_v3,admixture,5x6,0,1.472619
i32,zmij_x64_v4,admixture,5x6,0,1.464103
i32,amartin,admixture,5x6,10,1.789525
i32,branchlut,admixture,5x6,10,4.943512
i32,branchlut2,admixture,5x6,10,4.778957
i32,countlut,admixture,5x6,10,5.397859
i32,fmt,admixture,5x6,10,2.543552
i32,jeaiii,admixture,5x6,10,4.555173
i32,naive,admixture,5x6,10,8.009575
i32,null,admixture,5x6,10,0.856912
i32,sse2,admixture,5x6,10,4.903771
i32,tmueller,admixture,5x6,10,2.265228
i32,unrolledlut,admixture,5x6,10,4.782385
i32,yy,admixture,5x6,10,1.579133
i32,zmij_scalar,admixture,5x6,10,2.506819
i32,zmij_x64_native,admixture,5x6,10,1.461390
i32,zmij_x64_v1,admixture,5x6,10,2.115811
i32,zmij_x64_v2,admixture,5x6,10,1.503920
i32,zmij_x64_v3,admixture,5x6,10,1.471504
i32,zmij_x64_v4,admixture,5x6,10,1.469031
i32,amartin,admixture,5x6,20,1.812469
i32,branchlut,admixture,5x6,20,5.608514
i32,branchlut2,admixture,5x6,20,5.391862
i32,countlut,admixture,5x6,20,6.124880
i32,fmt,admixture,5x6,20,3.190365
i32,jeaiii,admixture,5x6,20,5.130892
i32,naive,admixture,5x6,20,8.601839
i32,null,admixture,5x6,20,0.725563
i32,sse2,admixture,5x6,20,5.482384
i32,tmueller,admixture,5x6,20,2.714267
i32,unrolledlut,admixture,5x6,20,5.303297
i32,yy,admixture,5x6,20,1.565603
i32,zmij_scalar,admixture,5x6,20,2.498738
i32,zmij_x64_native,admixture,5x6,20,1.461053
i32,zmij_x64_v1,admixture,5x6,20,2.126854
i32,zmij_x64_v2,admixture,5x6,20,1.507754
i32,zmij_x64_v3,admixture,5x6,20,1.464760
i32,zmij_x64_v4,admixture,5x6,20,1.464132
i32,amartin,admixture,5x6,30,1.777038
i32,branchlut,admixture,5x6,30,6.080850
i32,branchlut2,admixture,5x6,30,5.959555
i32,countlut,admixture,5x6,30,6.722984
i32,fmt,admixture,5x6,30,3.872141
i32,jeaiii,admixture,5x6,30,5.617847
i32,naive,admixture,5x6,30,9.207865
i32,null,admixture,5x6,30,0.771531
i32,sse2,admixture,5x6,30,6.124192
i32,tmueller,admixture,5x6,30,3.270622
i32,unrolledlut,admixture,5x6,30,5.950791
i32,yy,admixture,5x6,30,1.592426
i32,zmij_scalar,admixture,5x6,30,2.501093
i32,zmij_x64_native,admixture,5x6,30,1.458137
i32,zmij_x64_v1,admixture,5x6,30,2.127059
i32,zmij_x64_v2,admixture,5x6,30,1.505103
i32,zmij_x64_v3,admixture,5x6,30,1.481550
i32,zmij_x64_v4,admixture,5x6,30,1.478295
i32,amartin,admixture,5x6,40,1.777131
i32,branchlut,admixture,5x6,40,6.659358
i32,branchlut2,admixture,5x6,40,6.513665
i32,countlut,admixture,5x6,40,7.463846
i32,fmt,admixture,5x6,40,4.460974
i32,jeaiii,admixture,5x6,40,6.228800
i32,naive,admixture,5x6,40,9.793277
i32,null,admixture,5x6,40,0.817140
i32,sse2,admixture,5x6,40,6.596983
i32,tmueller,admixture,5x6,40,3.855124
i32,unrolledlut,admixture,5x6,40,6.579550
i32,yy,admixture,5x6,40,1.584214
i32,zmij_scalar,admixture,5x6,40,2.509077
i32,zmij_x64_native,admixture,5x6,40,1.483447
i32,zmij_x64_v1,admixture,5x6,40,2.138071
i32,zmij_x64_v2,admixture,5x6,40,1.512403
i32,zmij_x64_v3,admixture,5x6,40,1.477810
i32,zmij_x64_v4,admixture,5x6,40,1.470933
i32,amartin,admixture,5x6,50,1.779255
i32,branchlut,admixture,5x6,50,6.932772
i32,branchlut2,admixture,5x6,50,6.797591
i32,countlut,admixture,5x6,50,7.837087
i32,fmt,admixture,5x6,50,4.846975
i32,jeaiii,admixture,5x6,50,6.557490
i32,naive,admixture,5x6,50,10.052066
i32,null,admixture,5x6,50,0.769677
i32,sse2,admixture,5x6,50,6.963438
i32,tmueller,admixture,5x6,50,4.163083
i32,unrolledlut,admixture,5x6,50,6.897690
i32,yy,admixture,5x6,50,1.590737
i32,zmij_scalar,admixture,5x6,50,2.488259
i32,zmij_x64_native,admixture,5x6,50,1.474315
i32,zmij_x64_v1,admixture,5x6,50,2.117120
i32,zmij_x64_v2,admixture,5x6,50,1.532573
i32,zmij_x64_v3,admixture,5x6,50,1.475139
i32,zmij_x64_v4,admixture,5x6,50,1.468267
i32,amartin,admixture,5x6,60,1.777394
i32,branchlut,admixture,5x6,60,6.710629
i32,branchlut2,admixture,5x6,60,6.525549
i32,countlut,admixture,5x6,60,7.413217
i32,fmt,admixture,5x6,60,4.466161
i32,jeaiii,admixture,5x6,60,6.272923
i32,naive,admixture,5x6,60,9.659642
i32,null,admixture,5x6,60,0.751719
i32,sse2,admixture,5x6,60,6.695774
i32,tmueller,admixture,5x6,60,3.762728
i32,unrolledlut,admixture,5x6,60,6.545851
i32,yy,admixture,5x6,60,1.575877
i32,zmij_scalar,admixture,5x6,60,2.512079
i32,zmij_x64_native,admixture,5x6,60,1.463275
i32,zmij_x64_v1,admixture,5x6,60,2.122332
i32,zmij_x64_v2,admixture,5x6,60,1.514940
i32,zmij_x64_v3,admixture,5x6,60,1.483975
i32,zmij_x64_v4,admixture,5x6,60,1.477119
i32,amartin,admixture,5x6,70,1.773099
i32,branchlut,admixture,5x6,70,6.113077
i32,branchlut2,admixture,5x6,70,5.916828
i32,countlut,admixture,5x6,70,6.612408
i32,fmt,admixture,5x6,70,3.873405
i32,jeaiii,admixture,5x6,70,5.641860
i32,naive,admixture,5x6,70,8.907431
i32,null,admixture,5x6,70,0.750006
i32,sse2,admixture,5x6,70,6.096973
i32,tmueller,admixture,5x6,70,3.103955
i32,unrolledlut,admixture,5x6,70,5.943715
i32,yy,admixture,5x6,70,1.583462
i32,zmij_scalar,admixture,5x6,70,2.503487
i32,zmij_x64_native,admixture,5x6,70,1.463089
i32,zmij_x64_v1,admixture,5x6,70,2.127681
i32,zmij_x64_v2,admixture,5x6,70,1.523312
i32,zmij_x64_v3,admixture,5x6,70,1.483410
i32,zmij_x64_v4,admixture,5x6,70,1.475221
i32,amartin,admixture,5x6,80,1.791559
i32,branchlut,admixture,5x6,80,5.514315
i32,branchlut2,admixture,5x6,80,5.397578
i32,countlut,admixture,5x6,80,5.846697
i32,fmt,admixture,5x6,80,3.191476
i32,jeaiii,admixture,5x6,80,5.040279
i32,naive,admixture,5x6,80,8.131679
i32,null,admixture,5x6,80,0.767444
i32,sse2,admixture,5x6,80,5.469923
i32,tmueller,admixture,5x6,80,2.481251
i32,unrolledlut,admixture,5x6,80,5.339948
i32,yy,admixture,5x6,80,1.571814
i32,zmij_scalar,admixture,5x6,80,2.509681
i32,zmij_x64_native,admixture,5x6,80,1.463010
i32,zmij_x64_v1,admixture,5x6,80,2.161732
i32,zmij_x64_v2,admixture,5x6,80,1.551209
i32,zmij_x64_v3,admixture,5x6,80,1.509121
i32,zmij_x64_v4,admixture,5x6,80,1.494039
i32,amartin,admixture,5x6,90,1.808955
i32,branchlut,admixture,5x6,90,4.921433
i32,branchlut2,admixture,5x6,90,4.761757
i32,countlut,admixture,5x6,90,5.118482
i32,fmt,admixture,5x6,90,2.527405
i32,jeaiii,admixture,5x6,90,4.479148
i32,naive,admixture,5x6,90,7.533784
i32,null,admixture,5x6,90,0.819799
i32,sse2,admixture,5x6,90,4.970940
i32,tmueller,admixture,5x6,90,2.002006
i32,unrolledlut,admixture,5x6,90,4.819432
i32,yy,admixture,5x6,90,1.603158
i32,zmij_scalar,admixture,5x6,90,2.492186
i32,zmij_x64_native,admixture,5x6,90,1.514746
i32,zmij_x64_v1,admixture,5x6,90,2.164825
i32,zmij_x64_v2,admixture,5x6,90,1.526281
i32,zmij_x64_v3,admixture,5x6,90,1.514617
i32,zmij_x64_v4,admixture,5x6,90,1.530617
i32,amartin,admixture,5x6,100,1.809046
i32,branchlut,admixture,5x6,100,4.382815
i32,branchlut2,admixture,5x6,100,4.560040
i32,countlut,admixture,5x6,100,4.800863
i32,fmt,admixture,5x6,100,1.825399
i32,jeaiii,admixture,5x6,100,3.833016
i32,naive,admixture,5x6,100,6.961048
i32,null,admixture,5x6,100,0.831762
i32,sse2,admixture,5x6,100,4.347116
i32,tmueller,admixture,5x6,100,1.321199
i32,unrolledlut,admixture,5x6,100,4.536667
i32,yy,admixture,5x6,100,1.577686
i32,zmij_scalar,admixture,5x6,100,2.519312
i32,zmij_x64_native,admixture,5x6,100,1.465931
i32,zmij_x64_v1,admixture,5x6,100,2.119326
i32,zmij_x64_v2,admixture,5x6,100,1.511426
i32,zmij_x64_v3,admixture,5x6,100,1.475770
i32,zmij_x64_v4,admixture,5x6,100,1.476594
u64,amartin,bylength,,1,0.759243
u64,branchlut,bylength,,1,0.849311
u64,branchlut2,bylength,,1,0.944675
u64,countlut,bylength,,1,1.105555
u64,fmt,bylength,,1,1.117368
u64,jeaiii,bylength,,1,0.751495
u64,naive,bylength,,1,2.026119
u64,null,bylength,,1,1.048474
u64,sse2,bylength,,1,0.885418
u64,tmueller,bylength,,1,0.914537
u64,unrolledlut,bylength,,1,1.126518
u64,yy,bylength,,1,1.188565
u64,zmij_scalar,bylength,,1,4.680135
u64,zmij_x64_native,bylength,,1,2.074224
u64,zmij_x64_v1,bylength,,1,3.408767
u64,zmij_x64_v2,bylength,,1,2.330611
u64,zmij_x64_v3,bylength,,1,2.179833
u64,zmij_x64_v4,bylength,,1,2.181573
u64,amartin,bylength,,2,0.759712
u64,branchlut,bylength,,2,1.039230
u64,branchlut2,bylength,,2,1.011738
u64,countlut,bylength,,2,1.295935
u64,fmt,bylength,,2,1.138548
u64,jeaiii,bylength,,2,0.942442
u64,naive,bylength,,2,2.590160
u64,null,bylength,,2,0.818499
u64,sse2,bylength,,2,0.972962
u64,tmueller,bylength,,2,1.147928
u64,unrolledlut,bylength,,2,1.346948
u64,yy,bylength,,2,1.141316
u64,zmij_scalar,bylength,,2,4.766182
u64,zmij_x64_native,bylength,,2,2.108214
u64,zmij_x64_v1,bylength,,2,3.509770
u64,zmij_x64_v2,bylength,,2,2.407574
u64,zmij_x64_v3,bylength,,2,2.235169
u64,zmij_x64_v4,bylength,,2,2.230635
u64,amartin,bylength,,3,1.067015
u64,branchlut,bylength,,3,1.069738
u64,branchlut2,bylength,,3,1.046458
u64,countlut,bylength,,3,1.506424
u64,fmt,bylength,,3,1.663691
u64,jeaiii,bylength,,3,1.097022
u64,naive,bylength,,3,3.437748
u64,null,bylength,,3,0.852791
u64,sse2,bylength,,3,1.314278
u64,tmueller,bylength,,3,1.354358
u64,unrolledlut,bylength,,3,1.522712
u64,yy,bylength,,3,1.292283
u64,zmij_scalar,bylength,,3,4.792336
u64,zmij_x64_native,bylength,,3,2.119945
u64,zmij_x64_v1,bylength,,3,3.505607
u64,zmij_x64_v2,bylength,,3,2.405126
u64,zmij_x64_v3,bylength,,3,2.231526
u64,zmij_x64_v4,bylength,,3,2.247843
u64,amartin,bylength,,4,1.061848
u64,branchlut,bylength,,4,1.176676
u64,branchlut2,bylength,,4,1.114983
u64,countlut,bylength,,4,1.636527
u64,fmt,bylength,,4,1.363008
u64,jeaiii,bylength,,4,1.167384
u64,naive,bylength,,4,4.082064
u64,null,bylength,,4,0.744473
u64,sse2,bylength,,4,1.101554
u64,tmueller,bylength,,4,1.339792
u64,unrolledlut,bylength,,4,1.379349
u64,yy,bylength,,4,1.331940
u64,zmij_scalar,bylength,,4,4.759443
u64,zmij_x64_native,bylength,,4,2.094519
u64,zmij_x64_v1,bylength,,4,3.463317
u64,zmij_x64_v2,bylength,,4,2.373396
u64,zmij_x64_v3,bylength,,4,2.165127
u64,zmij_x64_v4,bylength,,4,2.186413
u64,amartin,bylength,,5,1.514052
u64,branchlut,bylength,,5,2.080246
u64,branchlut2,bylength,,5,1.884640
u64,countlut,bylength,,5,1.880918
u64,fmt,bylength,,5,1.868693
u64,jeaiii,bylength,,5,1.317037
u64,naive,bylength,,5,4.748536
u64,null,bylength,,5,0.793912
u64,sse2,bylength,,5,2.015436
u64,tmueller,bylength,,5,1.831692
u64,unrolledlut,bylength,,5,1.478241
u64,yy,bylength,,5,1.357511
u64,zmij_scalar,bylength,,5,4.670724
u64,zmij_x64_native,bylength,,5,2.067271
u64,zmij_x64_v1,bylength,,5,3.437108
u64,zmij_x64_v2,bylength,,5,2.333478
u64,zmij_x64_v3,bylength,,5,2.179990
u64,zmij_x64_v4,bylength,,5,2.185274
u64,amartin,bylength,,6,1.504706
u64,branchlut,bylength,,6,2.183475
u64,branchlut2,bylength,,6,1.896201
u64,countlut,bylength,,6,2.032353
u64,fmt,bylength,,6,1.853078
u64,jeaiii,bylength,,6,1.288786
u64,naive,bylength,,6,5.472673
u64,null,bylength,,6,0.808886
u64,sse2,bylength,,6,2.085124
u64,tmueller,bylength,,6,1.774782
u64,unrolledlut,bylength,,6,1.621916
u64,yy,bylength,,6,1.363384
u64,zmij_scalar,bylength,,6,4.680861
u64,zmij_x64_native,bylength,,6,2.070137
u64,zmij_x64_v1,bylength,,6,3.417362
u64,zmij_x64_v2,bylength,,6,2.343266
u64,zmij_x64_v3,bylength,,6,2.181147
u64,zmij_x64_v4,bylength,,6,2.196895
u64,amartin,bylength,,7,1.972550
u64,branchlut,bylength,,7,2.244076
u64,branchlut2,bylength,,7,2.377140
u64,countlut,bylength,,7,2.359576
u64,fmt,bylength,,7,2.375986
u64,jeaiii,bylength,,7,1.640741
u64,naive,bylength,,7,6.196410
u64,null,bylength,,7,0.759815
u64,sse2,bylength,,7,2.241508
u64,tmueller,bylength,,7,2.249548
u64,unrolledlut,bylength,,7,1.775348
u64,yy,bylength,,7,1.723241
u64,zmij_scalar,bylength,,7,4.693830
u64,zmij_x64_native,bylength,,7,2.080817
u64,zmij_x64_v1,bylength,,7,3.431489
u64,zmij_x64_v2,bylength,,7,2.342163
u64,zmij_x64_v3,bylength,,7,2.203906
u64,zmij_x64_v4,bylength,,7,2.201271
u64,amartin,bylength,,8,1.967742
u64,branchlut,bylength,,8,2.340878
u64,branchlut2,bylength,,8,2.433747
u64,countlut,bylength,,8,2.530759
u64,fmt,bylength,,8,2.409024
u64,jeaiii,bylength,,8,1.531440
u64,naive,bylength,,8,6.302971
u64,null,bylength,,8,0.797891
u64,sse2,bylength,,8,2.288085
u64,tmueller,bylength,,8,2.265639
u64,unrolledlut,bylength,,8,1.779163
u64,yy,bylength,,8,1.727491
u64,zmij_scalar,bylength,,8,4.690361
u64,zmij_x64_native,bylength,,8,2.070498
u64,zmij_x64_v1,bylength,,8,3.428207
u64,zmij_x64_v2,bylength,,8,2.351290
u64,zmij_x64_v3,bylength,,8,2.179188
u64,zmij_x64_v4,bylength,,8,2.180583
u64,amartin,bylength,,9,2.266953
u64,branchlut,bylength,,9,4.510850
u64,branchlut2,bylength,,9,3.925945
u64,countlut,bylength,,9,4.135550
u64,fmt,bylength,,9,2.943546
u64,jeaiii,bylength,,9,1.769727
u64,naive,bylength,,9,7.133931
u64,null,bylength,,9,0.732229
u64,sse2,bylength,,9,2.848315
u64,tmueller,bylength,,9,2.798668
u64,unrolledlut,bylength,,9,2.189655
u64,yy,bylength,,9,2.281096
u64,zmij_scalar,bylength,,9,4.911431
u64,zmij_x64_native,bylength,,9,2.072091
u64,zmij_x64_v1,bylength,,9,3.424380
u64,zmij_x64_v2,bylength,,9,2.342584
u64,zmij_x64_v3,bylength,,9,2.183737
u64,zmij_x64_v4,bylength,,9,2.192405
u64,amartin,bylength,,10,3.854647
u64,branchlut,bylength,,10,4.593941
u64,branchlut2,bylength,,10,3.881885
u64,countlut,bylength,,10,4.305376
u64,fmt,bylength,,10,2.958700
u64,jeaiii,bylength,,10,3.866877
u64,naive,bylength,,10,8.039282
u64,null,bylength,,10,0.761660
u64,sse2,bylength,,10,2.868921
u64,tmueller,bylength,,10,2.790690
u64,unrolledlut,bylength,,10,4.297325
u64,yy,bylength,,10,2.296291
u64,zmij_scalar,bylength,,10,4.908052
u64,zmij_x64_native,bylength,,10,2.103787
u64,zmij_x64_v1,bylength,,10,3.433763
u64,zmij_x64_v2,bylength,,10,2.357285
u64,zmij_x64_v3,bylength,,10,2.173571
u64,zmij_x64_v4,bylength,,10,2.196885
u64,amartin,bylength,,11,2.792085
u64,branchlut,bylength,,11,4.777689
u64,branchlut2,bylength,,11,4.402111
u64,countlut,bylength,,11,4.614393
u64,fmt,bylength,,11,3.564691
u64,jeaiii,bylength,,11,2.608116
u64,naive,bylength,,11,9.106308
u64,null,bylength,,11,0.750641
u64,sse2,bylength,,11,2.857753
u64,tmueller,bylength,,11,3.349174
u64,unrolledlut,bylength,,11,2.756508
u64,yy,bylength,,11,2.737281
u64,zmij_scalar,bylength,,11,4.899840
u64,zmij_x64_native,bylength,,11,2.073735
u64,zmij_x64_v1,bylength,,11,3.425631
u64,zmij_x64_v2,bylength,,11,2.345577
u64,zmij_x64_v3,bylength,,11,2.183080
u64,zmij_x64_v4,bylength,,11,2.187961
u64,amartin,bylength,,12,2.795156
u64,branchlut,bylength,,12,4.897269
u64,branchlut2,bylength,,12,4.545812
u64,countlut,bylength,,12,4.708756
u64,fmt,bylength,,12,3.550639
u64,jeaiii,bylength,,12,2.678624
u64,naive,bylength,,12,10.313808
u64,null,bylength,,12,0.823262
u64,sse2,bylength,,12,2.859113
u64,tmueller,bylength,,12,3.365504
u64,unrolledlut,bylength,,12,2.696303
u64,yy,bylength,,12,2.740407
u64,zmij_scalar,bylength,,12,4.868521
u64,zmij_x64_native,bylength,,12,2.071958
u64,zmij_x64_v1,bylength,,12,3.408825
u64,zmij_x64_v2,bylength,,12,2.333858
u64,zmij_x64_v3,bylength,,12,2.170926
u64,zmij_x64_v4,bylength,,12,2.243229
u64,amartin,bylength,,13,3.258307
u64,branchlut,bylength,,13,5.059699
u64,branchlut2,bylength,,13,5.444411
u64,countlut,bylength,,13,5.036570
u64,fmt,bylength,,13,4.277200
u64,jeaiii,bylength,,13,2.791296
u64,naive,bylength,,13,11.098063
u64,null,bylength,,13,0.865023
u64,sse2,bylength,,13,2.951700
u64,tmueller,bylength,,13,3.961294
u64,unrolledlut,bylength,,13,3.070717
u64,yy,bylength,,13,3.054528
u64,zmij_scalar,bylength,,13,4.867943
u64,zmij_x64_native,bylength,,13,2.082084
u64,zmij_x64_v1,bylength,,13,3.430075
u64,zmij_x64_v2,bylength,,13,2.332862
u64,zmij_x64_v3,bylength,,13,2.245734
u64,zmij_x64_v4,bylength,,13,2.263951
u64,amartin,bylength,,14,3.259563
u64,branchlut,bylength,,14,5.235409
u64,branchlut2,bylength,,14,5.382630
u64,countlut,bylength,,14,5.220909
u64,fmt,bylength,,14,4.305474
u64,jeaiii,bylength,,14,2.794559
u64,naive,bylength,,14,12.087265
u64,null,bylength,,14,0.738341
u64,sse2,bylength,,14,2.918478
u64,tmueller,bylength,,14,3.998763
u64,unrolledlut,bylength,,14,3.157797
u64,yy,bylength,,14,3.109323
u64,zmij_scalar,bylength,,14,4.957053
u64,zmij_x64_native,bylength,,14,2.096812
u64,zmij_x64_v1,bylength,,14,3.494341
u64,zmij_x64_v2,bylength,,14,2.389296
u64,zmij_x64_v3,bylength,,14,2.234032
u64,zmij_x64_v4,bylength,,14,2.247830
u64,amartin,bylength,,15,3.789331
u64,branchlut,bylength,,15,5.329259
u64,branchlut2,bylength,,15,5.812999
u64,countlut,bylength,,15,5.444801
u64,fmt,bylength,,15,4.927541
u64,jeaiii,bylength,,15,3.140101
u64,naive,bylength,,15,13.232111
u64,null,bylength,,15,0.853422
u64,sse2,bylength,,15,2.835203
u64,tmueller,bylength,,15,4.588511
u64,unrolledlut,bylength,,15,3.555146
u64,yy,bylength,,15,3.461399
u64,zmij_scalar,bylength,,15,4.900009
u64,zmij_x64_native,bylength,,15,2.080232
u64,zmij_x64_v1,bylength,,15,3.443048
u64,zmij_x64_v2,bylength,,15,2.356294
u64,zmij_x64_v3,bylength,,15,2.181399
u64,zmij_x64_v4,bylength,,15,2.193980
u64,amartin,bylength,,16,3.771704
u64,branchlut,bylength,,16,5.440949
u64,branchlut2,bylength,,16,5.985171
u64,countlut,bylength,,16,5.627964
u64,fmt,bylength,,16,5.026345
u64,jeaiii,bylength,,16,3.299599
u64,naive,bylength,,16,12.651235
u64,null,bylength,,16,0.756528
u64,sse2,bylength,,16,2.749431
u64,tmueller,bylength,,16,4.589525
u64,unrolledlut,bylength,,16,3.458528
u64,yy,bylength,,16,3.440493
u64,zmij_scalar,bylength,,16,4.888179
u64,zmij_x64_native,bylength,,16,2.082474
u64,zmij_x64_v1,bylength,,16,3.439366
u64,zmij_x64_v2,bylength,,16,2.339657
u64,zmij_x64_v3,bylength,,16,2.194411
u64,zmij_x64_v4,bylength,,16,2.185331
u64,amartin,bylength,,17,4.191351
u64,branchlut,bylength,,17,6.507329
u64,branchlut2,bylength,,17,6.782993
u64,countlut,bylength,,17,6.811048
u64,fmt,bylength,,17,5.625184
u64,jeaiii,bylength,,17,3.582620
u64,naive,bylength,,17,13.606524
u64,null,bylength,,17,0.760185
u64,sse2,bylength,,17,2.586953
u64,tmueller,bylength,,17,5.247050
u64,unrolledlut,bylength,,17,3.964712
u64,yy,bylength,,17,3.529665
u64,zmij_scalar,bylength,,17,4.918852
u64,zmij_x64_native,bylength,,17,2.079565
u64,zmij_x64_v1,bylength,,17,3.432470
u64,zmij_x64_v2,bylength,,17,2.344121
u64,zmij_x64_v3,bylength,,17,2.191150
u64,zmij_x64_v4,bylength,,17,2.198170
u64,amartin,bylength,,18,5.495178
u64,branchlut,bylength,,18,6.567169
u64,branchlut2,bylength,,18,6.769311
u64,countlut,bylength,,18,6.953780
u64,fmt,bylength,,18,5.658757
u64,jeaiii,bylength,,18,5.457733
u64,naive,bylength,,18,14.903436
u64,null,bylength,,18,0.807935
u64,sse2,bylength,,18,2.626012
u64,tmueller,bylength,,18,5.209469
u64,unrolledlut,bylength,,18,5.088251
u64,yy,bylength,,18,3.544578
u64,zmij_scalar,bylength,,18,4.897909
u64,zmij_x64_native,bylength,,18,2.089538
u64,zmij_x64_v1,bylength,,18,3.433376
u64,zmij_x64_v2,bylength,,18,2.351984
u64,zmij_x64_v3,bylength,,18,2.183899
u64,zmij_x64_v4,bylength,,18,2.188148
u64,amartin,bylength,,19,4.442644
u64,branchlut,bylength,,19,7.257276
u64,branchlut2,bylength,,19,7.562905
u64,countlut,bylength,,19,7.357575
u64,fmt,bylength,,19,6.345107
u64,jeaiii,bylength,,19,4.095924
u64,naive,bylength,,19,15.915480
u64,null,bylength,,19,0.727997
u64,sse2,bylength,,19,2.988425
u64,tmueller,bylength,,19,5.940002
u64,unrolledlut,bylength,,19,3.735412
u64,yy,bylength,,19,4.075926
u64,zmij_scalar,bylength,,19,4.922510
u64,zmij_x64_native,bylength,,19,2.085768
u64,zmij_x64_v1,bylength,,19,3.455331
u64,zmij_x64_v2,bylength,,19,2.395014
u64,zmij_x64_v3,bylength,,19,2.201160
u64,zmij_x64_v4,bylength,,19,2.192193
u64,amartin,bylength,,20,4.438636
u64,branchlut,bylength,,20,7.664723
u64,branchlut2,bylength,,20,7.673888
u64,countlut,bylength,,20,7.457939
u64,fmt,bylength,,20,6.351779
u64,jeaiii,bylength,,20,4.188875
u64,naive,bylength,,20,16.848930
u64,null,bylength,,20,0.758892
u64,sse2,bylength,,20,3.122833
u64,tmueller,bylength,,20,5.955588
u64,unrolledlut,bylength,,20,3.724133
u64,yy,bylength,,20,4.068036
u64,zmij_scalar,bylength,,20,4.918171
u64,zmij_x64_native,bylength,,20,2.080451
u64,zmij_x64_v1,bylength,,20,3.433561
u64,zmij_x64_v2,bylength,,20,2.372431
u64,zmij_x64_v3,bylength,,20,2.217424
u64,zmij_x64_v4,bylength,,20,2.205887
u64,amartin,loguniform,1-20,20,9.060140
u64,branchlut,loguniform,1-20,20,10.969871
u64,branchlut2,loguniform,1-20,20,12.080012
u64,countlut,loguniform,1-20,20,11.693871
u64,fmt,loguniform,1-20,20,11.905282
u64,jeaiii,loguniform,1-20,20,11.465801
u64,naive,loguniform,1-20,20,16.433446
u64,null,loguniform,1-20,20,0.834848
u64,sse2,loguniform,1-20,20,13.800477
u64,tmueller,loguniform,1-20,20,11.291410
u64,unrolledlut,loguniform,1-20,20,10.768197
u64,yy,loguniform,1-20,20,8.720516
u64,zmij_scalar,loguniform,1-20,20,4.846632
u64,zmij_x64_native,loguniform,1-20,20,2.078828
u64,zmij_x64_v1,loguniform,1-20,20,3.496771
u64,zmij_x64_v2,loguniform,1-20,20,2.410927
u64,zmij_x64_v3,loguniform,1-20,20,2.237448
u64,zmij_x64_v4,loguniform,1-20,20,2.263028
u64,amartin,loguniform,1-4,4,3.494988
u64,branchlut,loguniform,1-4,4,5.208479
u64,branchlut2,loguniform,1-4,4,5.836289
u64,countlut,loguniform,1-4,4,6.110124
u64,fmt,loguniform,1-4,4,6.018454
u64,jeaiii,loguniform,1-4,4,5.953550
u64,naive,loguniform,1-4,4,7.369372
u64,null,loguniform,1-4,4,0.747398
u64,sse2,loguniform,1-4,4,5.151647
u64,tmueller,loguniform,1-4,4,5.467733
u64,unrolledlut,loguniform,1-4,4,6.232244
u64,yy,loguniform,1-4,4,3.491137
u64,zmij_scalar,loguniform,1-4,4,4.796277
u64,zmij_x64_native,loguniform,1-4,4,2.167048
u64,zmij_x64_v1,loguniform,1-4,4,3.586137
u64,zmij_x64_v2,loguniform,1-4,4,2.456434
u64,zmij_x64_v3,loguniform,1-4,4,2.214273
u64,zmij_x64_v4,loguniform,1-4,4,2.247352
u64,amartin,uniform,0-255,0,3.189701
u64,branchlut,uniform,0-255,0,3.266683
u64,branchlut2,uniform,0-255,0,3.336503
u64,countlut,uniform,0-255,0,3.393442
u64,fmt,uniform,0-255,0,3.599596
u64,jeaiii,uniform,0-255,0,3.312752
u64,naive,uniform,0-255,0,5.642684
u64,null,uniform,0-255,0,0.796292
u64,sse2,uniform,0-255,0,3.656356
u64,tmueller,uniform,0-255,0,3.340122
u64,unrolledlut,uniform,0-255,0,3.957205
u64,yy,uniform,0-255,0,3.346910
u64,zmij_scalar,uniform,0-255,0,4.693476
u64,zmij_x64_native,uniform,0-255,0,2.097650
u64,zmij_x64_v1,uniform,0-255,0,3.444183
u64,zmij_x64_v2,uniform,0-255,0,2.347125
u64,zmij_x64_v3,uniform,0-255,0,2.198047
u64,zmij_x64_v4,uniform,0-255,0,2.195192
u64,amartin,unpredictable,,1,2.582509
u64,branchlut,unpredictable,,1,2.530455
u64,branchlut2,unpredictable,,1,2.352545
u64,countlut,unpredictable,,1,3.363045
u64,fmt,unpredictable,,1,5.100615
u64,jeaiii,unpredictable,,1,2.616376
u64,naive,unpredictable,,1,5.759335
u64,null,unpredictable,,1,0.646652
u64,sse2,unpredictable,,1,2.238588
u64,tmueller,unpredictable,,1,5.984013
u64,unrolledlut,unpredictable,,1,2.705004
u64,yy,unpredictable,,1,3.004919
u64,zmij_scalar,unpredictable,,1,4.768262
u64,zmij_x64_native,unpredictable,,1,2.161850
u64,zmij_x64_v1,unpredictable,,1,3.465610
u64,zmij_x64_v2,unpredictable,,1,2.344580
u64,zmij_x64_v3,unpredictable,,1,2.197332
u64,zmij_x64_v4,unpredictable,,1,2.201276
u64,amartin,unpredictable,,2,2.811414
u64,branchlut,unpredictable,,2,3.139415
u64,branchlut2,unpredictable,,2,2.860234
u64,countlut,unpredictable,,2,4.093565
u64,fmt,unpredictable,,2,4.578713
u64,jeaiii,unpredictable,,2,2.475620
u64,naive,unpredictable,,2,6.570727
u64,null,unpredictable,,2,0.821160
u64,sse2,unpredictable,,2,2.283481
u64,tmueller,unpredictable,,2,5.020298
u64,unrolledlut,unpredictable,,2,2.434346
u64,yy,unpredictable,,2,2.842407
u64,zmij_scalar,unpredictable,,2,4.701552
u64,zmij_x64_native,unpredictable,,2,2.089378
u64,zmij_x64_v1,unpredictable,,2,3.430816
u64,zmij_x64_v2,unpredictable,,2,2.343750
u64,zmij_x64_v3,unpredictable,,2,2.244475
u64,zmij_x64_v4,unpredictable,,2,2.197640
u64,amartin,unpredictable,,3,2.425384
u64,branchlut,unpredictable,,3,3.091364
u64,branchlut2,unpredictable,,3,2.627374
u64,countlut,unpredictable,,3,3.576341
u64,fmt,unpredictable,,3,4.452591
u64,jeaiii,unpredictable,,3,1.988536
u64,naive,unpredictable,,3,7.549912
u64,null,unpredictable,,3,0.819631
u64,sse2,unpredictable,,3,2.743322
u64,tmueller,unpredictable,,3,4.537957
u64,unrolledlut,unpredictable,,3,2.704780
u64,yy,unpredictable,,3,2.880509
u64,zmij_scalar,unpredictable,,3,4.739755
u64,zmij_x64_native,unpredictable,,3,2.112506
u64,zmij_x64_v1,unpredictable,,3,3.475480
u64,zmij_x64_v2,unpredictable,,3,2.452011
u64,zmij_x64_v3,unpredictable,,3,2.225324
u64,zmij_x64_v4,unpredictable,,3,2.227190
u64,amartin,unpredictable,,4,2.379161
u64,branchlut,unpredictable,,4,3.168155
u64,branchlut2,unpredictable,,4,2.882128
u64,countlut,unpredictable,,4,3.736583
u64,fmt,unpredictable,,4,4.278740
u64,jeaiii,unpredictable,,4,2.142912
u64,naive,unpredictable,,4,8.576042
u64,null,unpredictable,,4,0.649107
u64,sse2,unpredictable,,4,2.562417
u64,tmueller,unpredictable,,4,3.844375
u64,unrolledlut,unpredictable,,4,2.127379
u64,yy,unpredictable,,4,2.750405
u64,zmij_scalar,unpredictable,,4,4.660248
u64,zmij_x64_native,unpredictable,,4,2.087613
u64,zmij_x64_v1,unpredictable,,4,3.421517
u64,zmij_x64_v2,unpredictable,,4,2.340891
u64,zmij_x64_v3,unpredictable,,4,2.200774
u64,zmij_x64_v4,unpredictable,,4,2.195943
u64,amartin,unpredictable,,5,2.190378
u64,branchlut,unpredictable,,5,3.076085
u64,branchlut2,unpredictable,,5,3.168164
u64,countlut,unpredictable,,5,3.382440
u64,fmt,unpredictable,,5,3.885771
u64,jeaiii,unpredictable,,5,1.801574
u64,naive,unpredictable,,5,7.991548
u64,null,unpredictable,,5,0.676543
u64,sse2,unpredictable,,5,2.532898
u64,tmueller,unpredictable,,5,4.245973
u64,unrolledlut,unpredictable,,5,2.311409
u64,yy,unpredictable,,5,2.351970
u64,zmij_scalar,unpredictable,,5,4.660974
u64,zmij_x64_native,unpredictable,,5,2.090957
u64,zmij_x64_v1,unpredictable,,5,3.432557
u64,zmij_x64_v2,unpredictable,,5,2.347326
u64,zmij_x64_v3,unpredictable,,5,2.203316
u64,zmij_x64_v4,unpredictable,,5,2.201141
u64,amartin,unpredictable,,6,2.115884
u64,branchlut,unpredictable,,6,3.180381
u64,branchlut2,unpredictable,,6,3.021183
u64,countlut,unpredictable,,6,3.500026
u64,fmt,unpredictable,,6,3.857503
u64,jeaiii,unpredictable,,6,2.085961
u64,naive,unpredictable,,6,8.596452
u64,null,unpredictable,,6,0.743350
u64,sse2,unpredictable,,6,2.893070
u64,tmueller,unpredictable,,6,4.237302
u64,unrolledlut,unpredictable,,6,2.393284
u64,yy,unpredictable,,6,2.336382
u64,zmij_scalar,unpredictable,,6,4.674824
u64,zmij_x64_native,unpredictable,,6,2.099427
u64,zmij_x64_v1,unpredictable,,6,3.440951
u64,zmij_x64_v2,unpredictable,,6,2.357702
u64,zmij_x64_v3,unpredictable,,6,2.178927
u64,zmij_x64_v4,unpredictable,,6,2.212631
u64,amartin,unpredictable,,7,2.873995
u64,branchlut,unpredictable,,7,3.816592
u64,branchlut2,unpredictable,,7,3.838070
u64,countlut,unpredictable,,7,4.081244
u64,fmt,unpredictable,,7,4.438445
u64,jeaiii,unpredictable,,7,2.281205
u64,naive,unpredictable,,7,9.108900
u64,null,unpredictable,,7,0.700578
u64,sse2,unpredictable,,7,3.435491
u64,tmueller,unpredictable,,7,4.528943
u64,unrolledlut,unpredictable,,7,3.349623
u64,yy,unpredictable,,7,2.955972
u64,zmij_scalar,unpredictable,,7,4.716879
u64,zmij_x64_native,unpredictable,,7,2.094769
u64,zmij_x64_v1,unpredictable,,7,3.445959
u64,zmij_x64_v2,unpredictable,,7,2.337580
u64,zmij_x64_v3,unpredictable,,7,2.225417
u64,zmij_x64_v4,unpredictable,,7,2.339862
u64,amartin,unpredictable,,8,2.979861
u64,branchlut,unpredictable,,8,4.005109
u64,branchlut2,unpredictable,,8,3.667522
u64,countlut,unpredictable,,8,3.856703
u64,fmt,unpredictable,,8,3.879806
u64,jeaiii,unpredictable,,8,2.411542
u64,naive,unpredictable,,8,8.529580
u64,null,unpredictable,,8,0.737436
u64,sse2,unpredictable,,8,3.337946
u64,tmueller,unpredictable,,8,3.853626
u64,unrolledlut,unpredictable,,8,3.131702
u64,yy,unpredictable,,8,2.847855
u64,zmij_scalar,unpredictable,,8,4.741765
u64,zmij_x64_native,unpredictable,,8,2.150574
u64,zmij_x64_v1,unpredictable,,8,3.692667
u64,zmij_x64_v2,unpredictable,,8,2.361487
u64,zmij_x64_v3,unpredictable,,8,2.212776
u64,zmij_x64_v4,unpredictable,,8,2.197305
u64,amartin,unpredictable,,9,4.305856
u64,branchlut,unpredictable,,9,4.257259
u64,branchlut2,unpredictable,,9,3.657851
u64,countlut,unpredictable,,9,4.678210
u64,fmt,unpredictable,,9,4.895064
u64,jeaiii,unpredictable,,9,2.659244
u64,naive,unpredictable,,9,10.048947
u64,null,unpredictable,,9,0.679892
u64,sse2,unpredictable,,9,5.235219
u64,tmueller,unpredictable,,9,4.027948
u64,unrolledlut,unpredictable,,9,4.335093
u64,yy,unpredictable,,9,3.070160
u64,zmij_scalar,unpredictable,,9,4.980281
u64,zmij_x64_native,unpredictable,,9,2.073356
u64,zmij_x64_v1,unpredictable,,9,3.464895
u64,zmij_x64_v2,unpredictable,,9,2.371065
u64,zmij_x64_v3,unpredictable,,9,2.178168
u64,zmij_x64_v4,unpredictable,,9,2.201036
u64,amartin,unpredictable,,10,6.787300
u64,branchlut,unpredictable,,10,4.314029
u64,branchlut2,unpredictable,,10,3.860718
u64,countlut,unpredictable,,10,4.894130
u64,fmt,unpredictable,,10,4.648320
u64,jeaiii,unpredictable,,10,6.520028
u64,naive,unpredictable,,10,10.352110
u64,null,unpredictable,,10,0.822945
u64,sse2,unpredictable,,10,5.028868
u64,tmueller,unpredictable,,10,3.936319
u64,unrolledlut,unpredictable,,10,7.018020
u64,yy,unpredictable,,10,3.049163
u64,zmij_scalar,unpredictable,,10,4.872914
u64,zmij_x64_native,unpredictable,,10,2.104614
u64,zmij_x64_v1,unpredictable,,10,3.555514
u64,zmij_x64_v2,unpredictable,,10,2.474576
u64,zmij_x64_v3,unpredictable,,10,2.289695
u64,zmij_x64_v4,unpredictable,,10,2.285714
u64,amartin,unpredictable,,11,3.168941
u64,branchlut,unpredictable,,11,4.583245
u64,branchlut2,unpredictable,,11,4.163959
u64,countlut,unpredictable,,11,4.543392
u64,fmt,unpredictable,,11,4.263750
u64,jeaiii,unpredictable,,11,2.435529
u64,naive,unpredictable,,11,10.513448
u64,null,unpredictable,,11,0.893604
u64,sse2,unpredictable,,11,4.878429
u64,tmueller,unpredictable,,11,4.014007
u64,unrolledlut,unpredictable,,11,2.978036
u64,yy,unpredictable,,11,2.972410
u64,zmij_scalar,unpredictable,,11,4.880571
u64,zmij_x64_native,unpredictable,,11,2.082932
u64,zmij_x64_v1,unpredictable,,11,3.449030
u64,zmij_x64_v2,unpredictable,,11,2.385794
u64,zmij_x64_v3,unpredictable,,11,2.203947
u64,zmij_x64_v4,unpredictable,,11,2.124621
u64,amartin,unpredictable,,12,3.202096
u64,branchlut,unpredictable,,12,4.936200
u64,branchlut2,unpredictable,,12,4.296011
u64,countlut,unpredictable,,12,4.845588
u64,fmt,unpredictable,,12,4.201835
u64,jeaiii,unpredictable,,12,2.439608
u64,naive,unpredictable,,12,11.502701
u64,null,unpredictable,,12,0.970592
u64,sse2,unpredictable,,12,4.879413
u64,tmueller,unpredictable,,12,4.025516
u64,unrolledlut,unpredictable,,12,2.802807
u64,yy,unpredictable,,12,2.949718
u64,zmij_scalar,unpredictable,,12,4.868709
u64,zmij_x64_native,unpredictable,,12,2.109253
u64,zmij_x64_v1,unpredictable,,12,3.492576
u64,zmij_x64_v2,unpredictable,,12,2.416395
u64,zmij_x64_v3,unpredictable,,12,2.213155
u64,zmij_x64_v4,unpredictable,,12,2.269642
u64,amartin,unpredictable,,13,3.381762
u64,branchlut,unpredictable,,13,5.459780
u64,branchlut2,unpredictable,,13,5.484631
u64,countlut,unpredictable,,13,5.022171
u64,fmt,unpredictable,,13,4.933880
u64,jeaiii,unpredictable,,13,3.007709
u64,naive,unpredictable,,13,12.892873
u64,null,unpredictable,,13,0.755503
u64,sse2,unpredictable,,13,5.418121
u64,tmueller,unpredictable,,13,5.351314
u64,unrolledlut,unpredictable,,13,3.682169
u64,yy,unpredictable,,13,3.239269
u64,zmij_scalar,unpredictable,,13,5.119221
u64,zmij_x64_native,unpredictable,,13,2.141099
u64,zmij_x64_v1,unpredictable,,13,3.577280
u64,zmij_x64_v2,unpredictable,,13,2.427909
u64,zmij_x64_v3,unpredictable,,13,2.273078
u64,zmij_x64_v4,unpredictable,,13,2.277591
u64,amartin,unpredictable,,14,3.217535
u64,branchlut,unpredictable,,14,5.627720
u64,branchlut2,unpredictable,,14,5.263223
u64,countlut,unpredictable,,14,4.980661
u64,fmt,unpredictable,,14,5.021039
u64,jeaiii,unpredictable,,14,2.921998
u64,naive,unpredictable,,14,13.020530
u64,null,unpredictable,,14,0.717170
u64,sse2,unpredictable,,14,4.890927
u64,tmueller,unpredictable,,14,4.328548
u64,unrolledlut,unpredictable,,14,3.158138
u64,yy,unpredictable,,14,2.928324
u64,zmij_scalar,unpredictable,,14,4.916870
u64,zmij_x64_native,unpredictable,,14,2.081525
u64,zmij_x64_v1,unpredictable,,14,3.467759
u64,zmij_x64_v2,unpredictable,,14,2.366161
u64,zmij_x64_v3,unpredictable,,14,2.198503
u64,zmij_x64_v4,unpredictable,,14,2.227864
u64,amartin,unpredictable,,15,3.803418
u64,branchlut,unpredictable,,15,5.979216
u64,branchlut2,unpredictable,,15,5.830586
u64,countlut,unpredictable,,15,5.198696
u64,fmt,unpredictable,,15,4.861350
u64,jeaiii,unpredictable,,15,3.194735
u64,naive,unpredictable,,15,14.058498
u64,null,unpredictable,,15,0.724288
u64,sse2,unpredictable,,15,4.593940
u64,tmueller,unpredictable,,15,4.509722
u64,unrolledlut,unpredictable,,15,3.992289
u64,yy,unpredictable,,15,3.480659
u64,zmij_scalar,unpredictable,,15,5.119876
u64,zmij_x64_native,unpredictable,,15,2.124153
u64,zmij_x64_v1,unpredictable,,15,3.626079
u64,zmij_x64_v2,unpredictable,,15,2.455684
u64,zmij_x64_v3,unpredictable,,15,2.229270
u64,zmij_x64_v4,unpredictable,,15,2.272603
u64,amartin,unpredictable,,16,3.776325
u64,branchlut,unpredictable,,16,6.377524
u64,branchlut2,unpredictable,,16,6.049729
u64,countlut,unpredictable,,16,5.420269
u64,fmt,unpredictable,,16,5.239569
u64,jeaiii,unpredictable,,16,3.418475
u64,naive,unpredictable,,16,14.075030
u64,null,unpredictable,,16,0.982995
u64,sse2,unpredictable,,16,5.289867
u64,tmueller,unpredictable,,16,5.316705
u64,unrolledlut,unpredictable,,16,4.296709
u64,yy,unpredictable,,16,3.425352
u64,zmij_scalar,unpredictable,,16,4.960096
u64,zmij_x64_native,unpredictable,,16,2.091031
u64,zmij_x64_v1,unpredictable,,16,3.490912
u64,zmij_x64_v2,unpredictable,,16,2.393124
u64,zmij_x64_v3,unpredictable,,16,2.236245
u64,zmij_x64_v4,unpredictable,,16,2.239759
u64,amartin,unpredictable,,17,4.994273
u64,branchlut,unpredictable,,17,6.881577
u64,branchlut2,unpredictable,,17,6.752755
u64,countlut,unpredictable,,17,7.558859
u64,fmt,unpredictable,,17,5.165696
u64,jeaiii,unpredictable,,17,3.759643
u64,naive,unpredictable,,17,14.365480
u64,null,unpredictable,,17,0.839634
u64,sse2,unpredictable,,17,3.511254
u64,tmueller,unpredictable,,17,4.802877
u64,unrolledlut,unpredictable,,17,4.994935
u64,yy,unpredictable,,17,4.164672
u64,zmij_scalar,unpredictable,,17,4.884146
u64,zmij_x64_native,unpredictable,,17,2.117402
u64,zmij_x64_v1,unpredictable,,17,3.484010
u64,zmij_x64_v2,unpredictable,,17,2.371077
u64,zmij_x64_v3,unpredictable,,17,2.236349
u64,zmij_x64_v4,unpredictable,,17,2.231713
u64,amartin,unpredictable,,18,7.863197
u64,branchlut,unpredictable,,18,6.950938
u64,branchlut2,unpredictable,,18,6.924338
u64,countlut,unpredictable,,18,8.349415
u64,fmt,unpredictable,,18,5.594365
u64,jeaiii,unpredictable,,18,7.365826
u64,naive,unpredictable,,18,15.590632
u64,null,unpredictable,,18,0.705809
u64,sse2,unpredictable,,18,3.653423
u64,tmueller,unpredictable,,18,5.430095
u64,unrolledlut,unpredictable,,18,8.028481
u64,yy,unpredictable,,18,4.281192
u64,zmij_scalar,unpredictable,,18,4.913771
u64,zmij_x64_native,unpredictable,,18,2.104268
u64,zmij_x64_v1,unpredictable,,18,3.435678
u64,zmij_x64_v2,unpredictable,,18,2.397767
u64,zmij_x64_v3,unpredictable,,18,2.223076
u64,zmij_x64_v4,unpredictable,,18,2.214509
u64,amartin,unpredictable,,19,5.428557
u64,branchlut,unpredictable,,19,7.394739
u64,branchlut2,unpredictable,,19,7.532466
u64,countlut,unpredictable,,19,8.687787
u64,fmt,unpredictable,,19,6.449891
u64,jeaiii,unpredictable,,19,5.106665
u64,naive,unpredictable,,19,16.777895
u64,null,unpredictable,,19,0.790632
u64,sse2,unpredictable,,19,3.839856
u64,tmueller,unpredictable,,19,6.050372
u64,unrolledlut,unpredictable,,19,4.889235
u64,yy,unpredictable,,19,4.679675
u64,zmij_scalar,unpredictable,,19,4.981567
u64,zmij_x64_native,unpredictable,,19,2.067563
u64,zmij_x64_v1,unpredictable,,19,3.420161
u64,zmij_x64_v2,unpredictable,,19,2.374644
u64,zmij_x64_v3,unpredictable,,19,2.230371
u64,zmij_x64_v4,unpredictable,,19,2.220638
u64,amartin,unpredictable,,20,5.349988
u64,branchlut,unpredictable,,20,8.315237
u64,branchlut2,unpredictable,,20,7.488715
u64,countlut,unpredictable,,20,8.757873
u64,fmt,unpredictable,,20,5.918798
u64,jeaiii,unpredictable,,20,4.830021
u64,naive,unpredictable,,20,17.072220
u64,null,unpredictable,,20,0.719020
u64,sse2,unpredictable,,20,3.606457
u64,tmueller,unpredictable,,20,5.463374
u64,unrolledlut,unpredictable,,20,4.577768
u64,yy,unpredictable,,20,4.652138
u64,zmij_scalar,unpredictable,,20,4.947586
u64,zmij_x64_native,unpredictable,,20,2.076325
u64,zmij_x64_v1,unpredictable,,20,3.436744
u64,zmij_x64_v2,unpredictable,,20,2.376359
u64,zmij_x64_v3,unpredictable,,20,2.210804
u64,zmij_x64_v4,unpredictable,,20,2.245715
u64,amartin,admixture,5x6,0,1.512696
u64,branchlut,admixture,5x6,0,2.181631
u64,branchlut2,admixture,5x6,0,1.899340
u64,countlut,admixture,5x6,0,2.035066
u64,fmt,admixture,5x6,0,1.858742
u64,jeaiii,admixture,5x6,0,1.287493
u64,naive,admixture,5x6,0,5.468955
u64,null,admixture,5x6,0,0.999712
u64,sse2,admixture,5x6,0,2.115713
u64,tmueller,admixture,5x6,0,1.783175
u64,unrolledlut,admixture,5x6,0,1.589182
u64,yy,admixture,5x6,0,1.368452
u64,zmij_scalar,admixture,5x6,0,4.688509
u64,zmij_x64_native,admixture,5x6,0,2.077064
u64,zmij_x64_v1,admixture,5x6,0,3.431303
u64,zmij_x64_v2,admixture,5x6,0,2.345689
u64,zmij_x64_v3,admixture,5x6,0,2.187768
u64,zmij_x64_v4,admixture,5x6,0,2.195504
u64,amartin,admixture,5x6,10,1.524845
u64,branchlut,admixture,5x6,10,2.637681
u64,branchlut2,admixture,5x6,10,2.406828
u64,countlut,admixture,5x6,10,2.666665
u64,fmt,admixture,5x6,10,2.591978
u64,jeaiii,admixture,5x6,10,1.909017
u64,naive,admixture,5x6,10,6.195809
u64,null,admixture,5x6,10,0.879530
u64,sse2,admixture,5x6,10,2.621153
u64,tmueller,admixture,5x6,10,2.495871
u64,unrolledlut,admixture,5x6,10,2.343730
u64,yy,admixture,5x6,10,1.411530
u64,zmij_scalar,admixture,5x6,10,4.755581
u64,zmij_x64_native,admixture,5x6,10,2.101271
u64,zmij_x64_v1,admixture,5x6,10,3.486523
u64,zmij_x64_v2,admixture,5x6,10,2.400027
u64,zmij_x64_v3,admixture,5x6,10,2.226591
u64,zmij_x64_v4,admixture,5x6,10,2.226605
u64,amartin,admixture,5x6,20,1.519002
u64,branchlut,admixture,5x6,20,2.958667
u64,branchlut2,admixture,5x6,20,2.876388
u64,countlut,admixture,5x6,20,3.102528
u64,fmt,admixture,5x6,20,3.131598
u64,jeaiii,admixture,5x6,20,2.436091
u64,naive,admixture,5x6,20,6.697048
u64,null,admixture,5x6,20,0.743238
u64,sse2,admixture,5x6,20,2.940959
u64,tmueller,admixture,5x6,20,3.086151
u64,unrolledlut,admixture,5x6,20,2.804151
u64,yy,admixture,5x6,20,1.352388
u64,zmij_scalar,admixture,5x6,20,4.678864
u64,zmij_x64_native,admixture,5x6,20,2.076822
u64,zmij_x64_v1,admixture,5x6,20,3.424257
u64,zmij_x64_v2,admixture,5x6,20,2.341788
u64,zmij_x64_v3,admixture,5x6,20,2.186334
u64,zmij_x64_v4,admixture,5x6,20,2.189062
u64,amartin,admixture,5x6,30,1.510420
u64,branchlut,admixture,5x6,30,3.328384
u64,branchlut2,admixture,5x6,30,3.398817
u64,countlut,admixture,5x6,30,3.572379
u64,fmt,admixture,5x6,30,3.612588
u64,jeaiii,admixture,5x6,30,3.023156
u64,naive,admixture,5x6,30,7.445656
u64,null,admixture,5x6,30,0.727881
u64,sse2,admixture,5x6,30,3.369369
u64,tmueller,admixture,5x6,30,3.714354
u64,unrolledlut,admixture,5x6,30,3.338600
u64,yy,admixture,5x6,30,1.379352
u64,zmij_scalar,admixture,5x6,30,4.677791
u64,zmij_x64_native,admixture,5x6,30,2.072537
u64,zmij_x64_v1,admixture,5x6,30,3.426382
u64,zmij_x64_v2,admixture,5x6,30,2.349327
u64,zmij_x64_v3,admixture,5x6,30,2.182340
u64,zmij_x64_v4,admixture,5x6,30,2.190570
u64,amartin,admixture,5x6,40,1.508580
u64,branchlut,admixture,5x6,40,3.696391
u64,branchlut2,admixture,5x6,40,3.975202
u64,countlut,admixture,5x6,40,4.090086
u64,fmt,admixture,5x6,40,4.329930
u64,jeaiii,admixture,5x6,40,3.638907
u64,naive,admixture,5x6,40,8.035377
u64,null,admixture,5x6,40,0.741403
u64,sse2,admixture,5x6,40,3.763865
u64,tmueller,admixture,5x6,40,4.331887
u64,unrolledlut,admixture,5x6,40,3.866492
u64,yy,admixture,5x6,40,1.358592
u64,zmij_scalar,admixture,5x6,40,4.695305
u64,zmij_x64_native,admixture,5x6,40,2.077543
u64,zmij_x64_v1,admixture,5x6,40,3.437922
u64,zmij_x64_v2,admixture,5x6,40,2.350392
u64,zmij_x64_v3,admixture,5x6,40,2.199417
u64,zmij_x64_v4,admixture,5x6,40,2.214117
u64,amartin,admixture,5x6,50,1.511430
u64,branchlut,admixture,5x6,50,3.940934
u64,branchlut2,admixture,5x6,50,4.245332
u64,countlut,admixture,5x6,50,4.390164
u64,fmt,admixture,5x6,50,4.761943
u64,jeaiii,admixture,5x6,50,4.037428
u64,naive,admixture,5x6,50,8.355130
u64,null,admixture,5x6,50,0.840343
u64,sse2,admixture,5x6,50,4.023253
u64,tmueller,admixture,5x6,50,4.913216
u64,unrolledlut,admixture,5x6,50,4.265954
u64,yy,admixture,5x6,50,1.365049
u64,zmij_scalar,admixture,5x6,50,4.675097
u64,zmij_x64_native,admixture,5x6,50,2.078736
u64,zmij_x64_v1,admixture,5x6,50,3.418636
u64,zmij_x64_v2,admixture,5x6,50,2.358891
u64,zmij_x64_v3,admixture,5x6,50,2.163410
u64,zmij_x64_v4,admixture,5x6,50,2.172860
u64,amartin,admixture,5x6,60,1.504245
u64,branchlut,admixture,5x6,60,3.763308
u64,branchlut2,admixture,5x6,60,3.927345
u64,countlut,admixture,5x6,60,4.186864
u64,fmt,admixture,5x6,60,4.426806
u64,jeaiii,admixture,5x6,60,3.681567
u64,naive,admixture,5x6,60,7.816898
u64,null,admixture,5x6,60,0.903930
u64,sse2,admixture,5x6,60,3.702141
u64,tmueller,admixture,5x6,60,4.258480
u64,unrolledlut,admixture,5x6,60,3.783208
u64,yy,admixture,5x6,60,1.367002
u64,zmij_scalar,admixture,5x6,60,4.679509
u64,zmij_x64_native,admixture,5x6,60,2.079493
u64,zmij_x64_v1,admixture,5x6,60,3.416751
u64,zmij_x64_v2,admixture,5x6,60,2.337962
u64,zmij_x64_v3,admixture,5x6,60,2.190551
u64,zmij_x64_v4,admixture,5x6,60,2.193668
u64,amartin,admixture,5x6,70,1.513475
u64,branchlut,admixture,5x6,70,3.214484
u64,branchlut2,admixture,5x6,70,3.342993
u64,countlut,admixture,5x6,70,3.600170
u64,fmt,admixture,5x6,70,3.692029
u64,jeaiii,admixture,5x6,70,3.045974
u64,naive,admixture,5x6,70,6.937631
u64,null,admixture,5x6,70,0.909192
u64,sse2,admixture,5x6,70,3.261594
u64,tmueller,admixture,5x6,70,3.712718
u64,unrolledlut,admixture,5x6,70,3.243320
u64,yy,admixture,5x6,70,1.355315
u64,zmij_scalar,admixture,5x6,70,4.685141
u64,zmij_x64_native,admixture,5x6,70,2.089865
u64,zmij_x64_v1,admixture,5x6,70,3.436556
u64,zmij_x64_v2,admixture,5x6,70,2.345152
u64,zmij_x64_v3,admixture,5x6,70,2.195402
u64,zmij_x64_v4,admixture,5x6,70,2.182768
u64,amartin,admixture,5x6,80,1.508934
u64,branchlut,admixture,5x6,80,2.831700
u64,branchlut2,admixture,5x6,80,2.810558
u64,countlut,admixture,5x6,80,2.984603
u64,fmt,admixture,5x6,80,3.086605
u64,jeaiii,admixture,5x6,80,2.394825
u64,naive,admixture,5x6,80,6.166797
u64,null,admixture,5x6,80,0.756428
u64,sse2,admixture,5x6,80,2.849133
u64,tmueller,admixture,5x6,80,3.090675
u64,unrolledlut,admixture,5x6,80,2.646481
u64,yy,admixture,5x6,80,1.367989
u64,zmij_scalar,admixture,5x6,80,4.705519
u64,zmij_x64_native,admixture,5x6,80,2.086891
u64,zmij_x64_v1,admixture,5x6,80,3.439181
u64,zmij_x64_v2,admixture,5x6,80,2.346047
u64,zmij_x64_v3,admixture,5x6,80,2.183332
u64,zmij_x64_v4,admixture,5x6,80,2.186442
u64,amartin,admixture,5x6,90,1.526916
u64,branchlut,admixture,5x6,90,2.454153
u64,branchlut2,admixture,5x6,90,2.342488
u64,countlut,admixture,5x6,90,2.480397
u64,fmt,admixture,5x6,90,2.516767
u64,jeaiii,admixture,5x6,90,1.883501
u64,naive,admixture,5x6,90,5.509375
u64,null,admixture,5x6,90,0.768575
u64,sse2,admixture,5x6,90,2.434773
u64,tmueller,admixture,5x6,90,2.549522
u64,unrolledlut,admixture,5x6,90,2.069071
u64,yy,admixture,5x6,90,1.381015
u64,zmij_scalar,admixture,5x6,90,4.810653
u64,zmij_x64_native,admixture,5x6,90,2.112980
u64,zmij_x64_v1,admixture,5x6,90,3.521142
u64,zmij_x64_v2,admixture,5x6,90,2.367579
u64,zmij_x64_v3,admixture,5x6,90,2.238456
u64,zmij_x64_v4,admixture,5x6,90,2.216117
u64,amartin,admixture,5x6,100,1.535262
u64,branchlut,admixture,5x6,100,2.122733
u64,branchlut2,admixture,5x6,100,1.923559
u64,countlut,admixture,5x6,100,1.919011
u64,fmt,admixture,5x6,100,1.909793
u64,jeaiii,admixture,5x6,100,1.297905
u64,naive,admixture,5x6,100,4.773839
u64,null,admixture,5x6,100,0.745863
u64,sse2,admixture,5x6,100,2.031753
u64,tmueller,admixture,5x6,100,1.832719
u64,unrolledlut,admixture,5x6,100,1.497070
u64,yy,admixture,5x6,100,1.369711
u64,zmij_scalar,admixture,5x6,100,4.699282
u64,zmij_x64_native,admixture,5x6,100,2.072399
u64,zmij_x64_v1,admixture,5x6,100,3.434487
u64,zmij_x64_v2,admixture,5x6,100,2.350144
u64,zmij_x64_v3,admixture,5x6,100,2.186869
u64,zmij_x64_v4,admixture,5x6,100,2.208084
i64,amartin,bylength,,1,0.926352
i64,branchlut,bylength,,1,3.832538
i64,branchlut2,bylength,,1,4.155444
i64,countlut,bylength,,1,4.369431
i64,fmt,bylength,,1,1.102583
i64,jeaiii,bylength,,1,3.656081
i64,naive,bylength,,1,5.094127
i64,null,bylength,,1,0.736098
i64,sse2,bylength,,1,3.696089
i64,tmueller,bylength,,1,0.862015
i64,unrolledlut,bylength,,1,4.403209
i64,yy,bylength,,1,1.237222
i64,zmij_scalar,bylength,,1,4.922946
i64,zmij_x64_native,bylength,,1,2.387612
i64,zmij_x64_v1,bylength,,1,3.870115
i64,zmij_x64_v2,bylength,,1,2.615410
i64,zmij_x64_v3,bylength,,1,2.487505
i64,zmij_x64_v4,bylength,,1,2.484476
i64,amartin,bylength,,2,0.918618
i64,branchlut,bylength,,2,4.180896
i64,branchlut2,bylength,,2,4.123622
i64,countlut,bylength,,2,4.296243
i64,fmt,bylength,,2,1.066246
i64,jeaiii,bylength,,2,4.190914
i64,naive,bylength,,2,5.492509
i64,null,bylength,,2,0.760725
i64,sse2,bylength,,2,3.715664
i64,tmueller,bylength,,2,1.473225
i64,unrolledlut,bylength,,2,4.444428
i64,yy,bylength,,2,1.219359
i64,zmij_scalar,bylength,,2,4.858229
i64,zmij_x64_native,bylength,,2,2.337925
i64,zmij_x64_v1,bylength,,2,3.776850
i64,zmij_x64_v2,bylength,,2,2.594516
i64,zmij_x64_v3,bylength,,2,2.440305
i64,zmij_x64_v4,bylength,,2,2.442041
i64,amartin,bylength,,3,1.645906
i64,branchlut,bylength,,3,4.212878
i64,branchlut2,bylength,,3,3.890175
i64,countlut,bylength,,3,4.443213
i64,fmt,bylength,,3,1.650334
i64,jeaiii,bylength,,3,4.245082
i64,naive,bylength,,3,6.051153
i64,null,bylength,,3,0.904766
i64,sse2,bylength,,3,4.092495
i64,tmueller,bylength,,3,1.665309
i64,unrolledlut,bylength,,3,4.653301
i64,yy,bylength,,3,1.430966
i64,zmij_scalar,bylength,,3,4.872872
i64,zmij_x64_native,bylength,,3,2.340044
i64,zmij_x64_v1,bylength,,3,3.773136
i64,zmij_x64_v2,bylength,,3,2.579214
i64,zmij_x64_v3,bylength,,3,2.468938
i64,zmij_x64_v4,bylength,,3,2.441754
i64,amartin,bylength,,4,1.637987
i64,branchlut,bylength,,4,4.093460
i64,branchlut2,bylength,,4,4.318325
i64,countlut,bylength,,4,4.067349
i64,fmt,bylength,,4,1.620872
i64,jeaiii,bylength,,4,4.444885
i64,naive,bylength,,4,6.637372
i64,null,bylength,,4,0.876622
i64,sse2,bylength,,4,3.886592
i64,tmueller,bylength,,4,1.685630
i64,unrolledlut,bylength,,4,4.476303
i64,yy,bylength,,4,1.441888
i64,zmij_scalar,bylength,,4,4.863293
i64,zmij_x64_native,bylength,,4,2.353946
i64,zmij_x64_v1,bylength,,4,3.768571
i64,zmij_x64_v2,bylength,,4,2.583411
i64,zmij_x64_v3,bylength,,4,2.444915
i64,zmij_x64_v4,bylength,,4,2.440598
i64,amartin,bylength,,5,1.788210
i64,branchlut,bylength,,5,4.346882
i64,branchlut2,bylength,,5,4.544916
i64,countlut,bylength,,5,4.755200
i64,fmt,bylength,,5,2.169133
i64,jeaiii,bylength,,5,4.520939
i64,naive,bylength,,5,7.120746
i64,null,bylength,,5,0.855824
i64,sse2,bylength,,5,4.268666
i64,tmueller,bylength,,5,2.216563
i64,unrolledlut,bylength,,5,4.694284
i64,yy,bylength,,5,1.610138
i64,zmij_scalar,bylength,,5,4.853734
i64,zmij_x64_native,bylength,,5,2.346402
i64,zmij_x64_v1,bylength,,5,3.780990
i64,zmij_x64_v2,bylength,,5,2.582941
i64,zmij_x64_v3,bylength,,5,2.440591
i64,zmij_x64_v4,bylength,,5,2.438489
i64,amartin,bylength,,6,1.782480
i64,branchlut,bylength,,6,4.764896
i64,branchlut2,bylength,,6,4.694429
i64,countlut,bylength,,6,4.722597
i64,fmt,bylength,,6,2.147718
i64,jeaiii,bylength,,6,4.590967
i64,naive,bylength,,6,7.765935
i64,null,bylength,,6,0.805110
i64,sse2,bylength,,6,4.732892
i64,tmueller,bylength,,6,2.150527
i64,unrolledlut,bylength,,6,4.743545
i64,yy,bylength,,6,1.609997
i64,zmij_scalar,bylength,,6,4.856388
i64,zmij_x64_native,bylength,,6,2.354068
i64,zmij_x64_v1,bylength,,6,3.767014
i64,zmij_x64_v2,bylength,,6,2.600368
i64,zmij_x64_v3,bylength,,6,2.449155
i64,zmij_x64_v4,bylength,,6,2.457681
i64,amartin,bylength,,7,2.334087
i64,branchlut,bylength,,7,4.874635
i64,branchlut2,bylength,,7,4.392180
i64,countlut,bylength,,7,4.971575
i64,fmt,bylength,,7,2.698829
i64,jeaiii,bylength,,7,4.636081
i64,naive,bylength,,7,8.448980
i64,null,bylength,,7,0.744275
i64,sse2,bylength,,7,4.793928
i64,tmueller,bylength,,7,2.712184
i64,unrolledlut,bylength,,7,4.618010
i64,yy,bylength,,7,1.969513
i64,zmij_scalar,bylength,,7,4.863133
i64,zmij_x64_native,bylength,,7,2.351778
i64,zmij_x64_v1,bylength,,7,3.779011
i64,zmij_x64_v2,bylength,,7,2.567272
i64,zmij_x64_v3,bylength,,7,2.421714
i64,zmij_x64_v4,bylength,,7,2.454717
i64,amartin,bylength,,8,2.324917
i64,branchlut,bylength,,8,5.006395
i64,branchlut2,bylength,,8,4.983762
i64,countlut,bylength,,8,5.070257
i64,fmt,bylength,,8,2.699094
i64,jeaiii,bylength,,8,4.713543
i64,naive,bylength,,8,8.114962
i64,null,bylength,,8,0.787099
i64,sse2,bylength,,8,4.737898
i64,tmueller,bylength,,8,2.712170
i64,unrolledlut,bylength,,8,4.665461
i64,yy,bylength,,8,1.967955
i64,zmij_scalar,bylength,,8,4.878079
i64,zmij_x64_native,bylength,,8,2.335552
i64,zmij_x64_v1,bylength,,8,3.757277
i64,zmij_x64_v2,bylength,,8,2.574491
i64,zmij_x64_v3,bylength,,8,2.443564
i64,zmij_x64_v4,bylength,,8,2.442883
i64,amartin,bylength,,9,2.718390
i64,branchlut,bylength,,9,6.389490
i64,branchlut2,bylength,,9,5.741566
i64,countlut,bylength,,9,6.089754
i64,fmt,bylength,,9,3.340438
i64,jeaiii,bylength,,9,4.842335
i64,naive,bylength,,9,9.170717
i64,null,bylength,,9,0.790529
i64,sse2,bylength,,9,4.768818
i64,tmueller,bylength,,9,3.282438
i64,unrolledlut,bylength,,9,4.884920
i64,yy,bylength,,9,2.497035
i64,zmij_scalar,bylength,,9,5.238209
i64,zmij_x64_native,bylength,,9,2.381692
i64,zmij_x64_v1,bylength,,9,3.900508
i64,zmij_x64_v2,bylength,,9,2.619004
i64,zmij_x64_v3,bylength,,9,2.549073
i64,zmij_x64_v4,bylength,,9,2.480720
i64,amartin,bylength,,10,4.531254
i64,branchlut,bylength,,10,6.807522
i64,branchlut2,bylength,,10,5.801006
i64,countlut,bylength,,10,6.070799
i64,fmt,bylength,,10,3.330643
i64,jeaiii,bylength,,10,6.487566
i64,naive,bylength,,10,10.139205
i64,null,bylength,,10,0.808851
i64,sse2,bylength,,10,4.797083
i64,tmueller,bylength,,10,3.311319
i64,unrolledlut,bylength,,10,6.919337
i64,yy,bylength,,10,2.477137
i64,zmij_scalar,bylength,,10,5.141049
i64,zmij_x64_native,bylength,,10,2.337443
i64,zmij_x64_v1,bylength,,10,3.755654
i64,zmij_x64_v2,bylength,,10,2.572065
i64,zmij_x64_v3,bylength,,10,2.462790
i64,zmij_x64_v4,bylength,,10,2.437052
i64,amartin,bylength,,11,3.326950
i64,branchlut,bylength,,11,6.875853
i64,branchlut2,bylength,,11,6.410770
i64,countlut,bylength,,11,6.549756
i64,fmt,bylength,,11,3.878627
i64,jeaiii,bylength,,11,4.543135
i64,naive,bylength,,11,11.240642
i64,null,bylength,,11,0.759720
i64,sse2,bylength,,11,4.864474
i64,tmueller,bylength,,11,3.880045
i64,unrolledlut,bylength,,11,5.749703
i64,yy,bylength,,11,3.027439
i64,zmij_scalar,bylength,,11,5.061004
i64,zmij_x64_native,bylength,,11,2.344912
i64,zmij_x64_v1,bylength,,11,3.759961
i64,zmij_x64_v2,bylength,,11,2.562950
i64,zmij_x64_v3,bylength,,11,2.464185
i64,zmij_x64_v4,bylength,,11,2.450813
i64,amartin,bylength,,12,3.319634
i64,branchlut,bylength,,12,7.080672
i64,branchlut2,bylength,,12,6.271220
i64,countlut,bylength,,12,6.729880
i64,fmt,bylength,,12,3.905800
i64,jeaiii,bylength,,12,4.988190
i64,naive,bylength,,12,12.378850
i64,null,bylength,,12,0.772745
i64,sse2,bylength,,12,4.809202
i64,tmueller,bylength,,12,3.832264
i64,unrolledlut,bylength,,12,5.449088
i64,yy,bylength,,12,2.983100
i64,zmij_scalar,bylength,,12,5.130952
i64,zmij_x64_native,bylength,,12,2.380346
i64,zmij_x64_v1,bylength,,12,3.776123
i64,zmij_x64_v2,bylength,,12,2.575008
i64,zmij_x64_v3,bylength,,12,2.445018
i64,zmij_x64_v4,bylength,,12,2.444189
i64,amartin,bylength,,13,3.704737
i64,branchlut,bylength,,13,7.239393
i64,branchlut2,bylength,,13,7.287514
i64,countlut,bylength,,13,7.212865
i64,fmt,bylength,,13,4.622610
i64,jeaiii,bylength,,13,5.038821
i64,naive,bylength,,13,13.359937
i64,null,bylength,,13,0.758475
i64,sse2,bylength,,13,4.770967
i64,tmueller,bylength,,13,4.434703
i64,unrolledlut,bylength,,13,5.694639
i64,yy,bylength,,13,3.323296
i64,zmij_scalar,bylength,,13,5.122074
i64,zmij_x64_native,bylength,,13,2.435440
i64,zmij_x64_v1,bylength,,13,3.870025
i64,zmij_x64_v2,bylength,,13,2.603544
i64,zmij_x64_v3,bylength,,13,2.491397
i64,zmij_x64_v4,bylength,,13,2.490214
i64,amartin,bylength,,14,3.687161
i64,branchlut,bylength,,14,7.196708
i64,branchlut2,bylength,,14,7.291401
i64,countlut,bylength,,14,7.076789
i64,fmt,bylength,,14,4.565969
i64,jeaiii,bylength,,14,5.113943
i64,naive,bylength,,14,14.320445
i64,null,bylength,,14,0.821594
i64,sse2,bylength,,14,4.784761
i64,tmueller,bylength,,14,4.432202
i64,unrolledlut,bylength,,14,5.786122
i64,yy,bylength,,14,3.310407
i64,zmij_scalar,bylength,,14,5.078098
i64,zmij_x64_native,bylength,,14,2.362637
i64,zmij_x64_v1,bylength,,14,3.773197
i64,zmij_x64_v2,bylength,,14,2.579170
i64,zmij_x64_v3,bylength,,14,2.415301
i64,zmij_x64_v4,bylength,,14,2.449647
i64,amartin,bylength,,15,4.267294
i64,branchlut,bylength,,15,7.511419
i64,branchlut2,bylength,,15,7.781910
i64,countlut,bylength,,15,7.569775
i64,fmt,bylength,,15,5.275285
i64,jeaiii,bylength,,15,5.341608
i64,naive,bylength,,15,15.339634
i64,null,bylength,,15,0.730728
i64,sse2,bylength,,15,4.438193
i64,tmueller,bylength,,15,5.125438
i64,unrolledlut,bylength,,15,5.883101
i64,yy,bylength,,15,3.756120
i64,zmij_scalar,bylength,,15,5.073854
i64,zmij_x64_native,bylength,,15,2.351357
i64,zmij_x64_v1,bylength,,15,3.792216
i64,zmij_x64_v2,bylength,,15,2.582220
i64,zmij_x64_v3,bylength,,15,2.442854
i64,zmij_x64_v4,bylength,,15,2.445279
i64,amartin,bylength,,16,4.273648
i64,branchlut,bylength,,16,7.545991
i64,branchlut2,bylength,,16,7.953779
i64,countlut,bylength,,16,7.721398
i64,fmt,bylength,,16,5.328756
i64,jeaiii,bylength,,16,5.542038
i64,naive,bylength,,16,14.695867
i64,null,bylength,,16,0.757188
i64,sse2,bylength,,16,4.439046
i64,tmueller,bylength,,16,5.150557
i64,unrolledlut,bylength,,16,5.753225
i64,yy,bylength,,16,3.749067
i64,zmij_scalar,bylength,,16,5.076665
i64,zmij_x64_native,bylength,,16,2.342429
i64,zmij_x64_v1,bylength,,16,3.777115
i64,zmij_x64_v2,bylength,,16,2.560024
i64,zmij_x64_v3,bylength,,16,2.447297
i64,zmij_x64_v4,bylength,,16,2.430672
i64,amartin,bylength,,17,4.680691
i64,branchlut,bylength,,17,8.153608
i64,branchlut2,bylength,,17,7.994058
i64,countlut,bylength,,17,8.906501
i64,fmt,bylength,,17,6.015026
i64,jeaiii,bylength,,17,5.796376
i64,naive,bylength,,17,15.944734
i64,null,bylength,,17,0.766258
i64,sse2,bylength,,17,4.454580
i64,tmueller,bylength,,17,5.879578
i64,unrolledlut,bylength,,17,6.464660
i64,yy,bylength,,17,3.882279
i64,zmij_scalar,bylength,,17,5.171970
i64,zmij_x64_native,bylength,,17,2.418067
i64,zmij_x64_v1,bylength,,17,3.916633
i64,zmij_x64_v2,bylength,,17,2.630137
i64,zmij_x64_v3,bylength,,17,2.465358
i64,zmij_x64_v4,bylength,,17,2.484420
i64,amartin,bylength,,18,6.198969
i64,branchlut,bylength,,18,8.054254
i64,branchlut2,bylength,,18,8.011111
i64,countlut,bylength,,18,9.194607
i64,fmt,bylength,,18,6.094836
i64,jeaiii,bylength,,18,7.603565
i64,naive,bylength,,18,17.051737
i64,null,bylength,,18,0.748662
i64,sse2,bylength,,18,5.259197
i64,tmueller,bylength,,18,5.834060
i64,unrolledlut,bylength,,18,7.535554
i64,yy,bylength,,18,3.792918
i64,zmij_scalar,bylength,,18,5.108241
i64,zmij_x64_native,bylength,,18,2.385778
i64,zmij_x64_v1,bylength,,18,3.755494
i64,zmij_x64_v2,bylength,,18,2.563586
i64,zmij_x64_v3,bylength,,18,2.472901
i64,zmij_x64_v4,bylength,,18,2.476138
i64,amartin,bylength,,19,4.903138
i64,branchlut,bylength,,19,9.066418
i64,branchlut2,bylength,,19,8.639563
i64,countlut,bylength,,19,9.548287
i64,fmt,bylength,,19,6.776183
i64,jeaiii,bylength,,19,5.872162
i64,naive,bylength,,19,18.077665
i64,null,bylength,,19,0.809307
i64,sse2,bylength,,19,5.450015
i64,tmueller,bylength,,19,6.523020
i64,unrolledlut,bylength,,19,6.198025
i64,yy,bylength,,19,3.967066
i64,zmij_scalar,bylength,,19,5.088190
i64,zmij_x64_native,bylength,,19,2.362833
i64,zmij_x64_v1,bylength,,19,3.779338
i64,zmij_x64_v2,bylength,,19,2.581854
i64,zmij_x64_v3,bylength,,19,2.448283
i64,zmij_x64_v4,bylength,,19,2.399270
i64,amartin,loguniform,1-19,19,9.915309
i64,branchlut,loguniform,1-19,19,13.009514
i64,branchlut2,loguniform,1-19,19,13.935252
i64,countlut,loguniform,1-19,19,14.137454
i64,fmt,loguniform,1-19,19,12.045361
i64,jeaiii,loguniform,1-19,19,13.417581
i64,naive,loguniform,1-19,19,17.986745
i64,null,loguniform,1-19,19,0.837656
i64,sse2,loguniform,1-19,19,16.013463
i64,tmueller,loguniform,1-19,19,12.131910
i64,unrolledlut,loguniform,1-19,19,13.313953
i64,yy,loguniform,1-19,19,8.758202
i64,zmij_scalar,loguniform,1-19,19,4.987500
i64,zmij_x64_native,loguniform,1-19,19,2.345957
i64,zmij_x64_v1,loguniform,1-19,19,3.775854
i64,zmij_x64_v2,loguniform,1-19,19,2.582950
i64,zmij_x64_v3,loguniform,1-19,19,2.440503
i64,zmij_x64_v4,loguniform,1-19,19,2.451711
i64,amartin,loguniform,1-4,4,4.106782
i64,branchlut,loguniform,1-4,4,7.956612
i64,branchlut2,loguniform,1-4,4,8.649827
i64,countlut,loguniform,1-4,4,9.056732
i64,fmt,loguniform,1-4,4,6.740884
i64,jeaiii,loguniform,1-4,4,8.741869
i64,naive,loguniform,1-4,4,9.829613
i64,null,loguniform,1-4,4,0.862718
i64,sse2,loguniform,1-4,4,8.030653
i64,tmueller,loguniform,1-4,4,6.526819
i64,unrolledlut,loguniform,1-4,4,9.170167
i64,yy,loguniform,1-4,4,3.973851
i64,zmij_scalar,loguniform,1-4,4,4.876391
i64,zmij_x64_native,loguniform,1-4,4,2.341644
i64,zmij_x64_v1,loguniform,1-4,4,3.771429
i64,zmij_x64_v2,loguniform,1-4,4,2.588583
i64,zmij_x64_v3,loguniform,1-4,4,2.446747
i64,zmij_x64_v4,loguniform,1-4,4,2.449011
i64,amartin,uniform,0-255,0,3.825212
i64,branchlut,uniform,0-255,0,3.711039
i64,branchlut2,uniform,0-255,0,3.573128
i64,countlut,uniform,0-255,0,3.806844
i64,fmt,uniform,0-255,0,3.923668
i64,jeaiii,uniform,0-255,0,3.669651
i64,naive,uniform,0-255,0,5.585650
i64,null,uniform,0-255,0,0.733370
i64,sse2,uniform,0-255,0,3.633310
i64,tmueller,uniform,0-255,0,3.877970
i64,unrolledlut,uniform,0-255,0,4.273532
i64,yy,uniform,0-255,0,3.726004
i64,zmij_scalar,uniform,0-255,0,4.876186
i64,zmij_x64_native,uniform,0-255,0,2.321080
i64,zmij_x64_v1,uniform,0-255,0,3.781204
i64,zmij_x64_v2,uniform,0-255,0,2.579184
i64,zmij_x64_v3,uniform,0-255,0,2.448720
i64,zmij_x64_v4,uniform,0-255,0,2.437116
i64,amartin,unpredictable,,1,2.215419
i64,branchlut,unpredictable,,1,5.567930
i64,branchlut2,unpredictable,,1,5.761109
i64,countlut,unpredictable,,1,5.993616
i64,fmt,unpredictable,,1,5.365907
i64,jeaiii,unpredictable,,1,5.781028
i64,naive,unpredictable,,1,8.183520
i64,null,unpredictable,,1,0.798871
i64,sse2,unpredictable,,1,5.310684
i64,tmueller,unpredictable,,1,6.711644
i64,unrolledlut,unpredictable,,1,5.302703
i64,yy,unpredictable,,1,2.777727
i64,zmij_scalar,unpredictable,,1,4.874959
i64,zmij_x64_native,unpredictable,,1,2.333416
i64,zmij_x64_v1,unpredictable,,1,3.773358
i64,zmij_x64_v2,unpredictable,,1,2.619276
i64,zmij_x64_v3,unpredictable,,1,2.419383
i64,zmij_x64_v4,unpredictable,,1,2.484872
i64,amartin,unpredictable,,2,2.280057
i64,branchlut,unpredictable,,2,5.721795
i64,branchlut2,unpredictable,,2,5.584351
i64,countlut,unpredictable,,2,6.281864
i64,fmt,unpredictable,,2,5.659228
i64,jeaiii,unpredictable,,2,6.135766
i64,naive,unpredictable,,2,8.981373
i64,null,unpredictable,,2,0.818743
i64,sse2,unpredictable,,2,5.307826
i64,tmueller,unpredictable,,2,6.186250
i64,unrolledlut,unpredictable,,2,5.371297
i64,yy,unpredictable,,2,2.744149
i64,zmij_scalar,unpredictable,,2,4.896883
i64,zmij_x64_native,unpredictable,,2,2.358684
i64,zmij_x64_v1,unpredictable,,2,3.745993
i64,zmij_x64_v2,unpredictable,,2,2.608567
i64,zmij_x64_v3,unpredictable,,2,2.467658
i64,zmij_x64_v4,unpredictable,,2,2.468982
i64,amartin,unpredictable,,3,2.439223
i64,branchlut,unpredictable,,3,6.010581
i64,branchlut2,unpredictable,,3,5.917156
i64,countlut,unpredictable,,3,5.951706
i64,fmt,unpredictable,,3,4.641381
i64,jeaiii,unpredictable,,3,4.899201
i64,naive,unpredictable,,3,9.337779
i64,null,unpredictable,,3,0.742763
i64,sse2,unpredictable,,3,6.202433
i64,tmueller,unpredictable,,3,4.767121
i64,unrolledlut,unpredictable,,3,5.526594
i64,yy,unpredictable,,3,2.621128
i64,zmij_scalar,unpredictable,,3,4.961782
i64,zmij_x64_native,unpredictable,,3,2.335974
i64,zmij_x64_v1,unpredictable,,3,3.894900
i64,zmij_x64_v2,unpredictable,,3,2.639842
i64,zmij_x64_v3,unpredictable,,3,2.457394
i64,zmij_x64_v4,unpredictable,,3,2.496172
i64,amartin,unpredictable,,4,2.375632
i64,branchlut,unpredictable,,4,5.861135
i64,branchlut2,unpredictable,,4,5.666525
i64,countlut,unpredictable,,4,5.900163
i64,fmt,unpredictable,,4,4.570839
i64,jeaiii,unpredictable,,4,5.416415
i64,naive,unpredictable,,4,10.574879
i64,null,unpredictable,,4,0.852433
i64,sse2,unpredictable,,4,5.671957
i64,tmueller,unpredictable,,4,4.798719
i64,unrolledlut,unpredictable,,4,5.079770
i64,yy,unpredictable,,4,2.585478
i64,zmij_scalar,unpredictable,,4,4.936115
i64,zmij_x64_native,unpredictable,,4,2.333022
i64,zmij_x64_v1,unpredictable,,4,3.812877
i64,zmij_x64_v2,unpredictable,,4,2.580940
i64,zmij_x64_v3,unpredictable,,4,2.463700
i64,zmij_x64_v4,unpredictable,,4,2.540473
i64,amartin,unpredictable,,5,2.175924
i64,branchlut,unpredictable,,5,5.897245
i64,branchlut2,unpredictable,,5,6.042135
i64,countlut,unpredictable,,5,5.602493
i64,fmt,unpredictable,,5,4.592424
i64,jeaiii,unpredictable,,5,5.177235
i64,naive,unpredictable,,5,10.266039
i64,null,unpredictable,,5,0.959595
i64,sse2,unpredictable,,5,5.872083
i64,tmueller,unpredictable,,5,5.210916
i64,unrolledlut,unpredictable,,5,5.031237
i64,yy,unpredictable,,5,2.357607
i64,zmij_scalar,unpredictable,,5,4.861968
i64,zmij_x64_native,unpredictable,,5,2.397381
i64,zmij_x64_v1,unpredictable,,5,3.800257
i64,zmij_x64_v2,unpredictable,,5,2.587180
i64,zmij_x64_v3,unpredictable,,5,2.619787
i64,zmij_x64_v4,unpredictable,,5,2.517066
i64,amartin,unpredictable,,6,2.242702
i64,branchlut,unpredictable,,6,6.262719
i64,branchlut2,unpredictable,,6,6.136220
i64,countlut,unpredictable,,6,5.837596
i64,fmt,unpredictable,,6,4.561634
i64,jeaiii,unpredictable,,6,5.071995
i64,naive,unpredictable,,6,10.281790
i64,null,unpredictable,,6,0.942660
i64,sse2,unpredictable,,6,5.965518
i64,tmueller,unpredictable,,6,4.942886
i64,unrolledlut,unpredictable,,6,5.180794
i64,yy,unpredictable,,6,2.343165
i64,zmij_scalar,unpredictable,,6,4.840427
i64,zmij_x64_native,unpredictable,,6,2.327503
i64,zmij_x64_v1,unpredictable,,6,3.779953
i64,zmij_x64_v2,unpredictable,,6,2.581643
i64,zmij_x64_v3,unpredictable,,6,2.454257
i64,zmij_x64_v4,unpredictable,,6,2.451663
i64,amartin,unpredictable,,7,2.545811
i64,branchlut,unpredictable,,7,6.134399
i64,branchlut2,unpredictable,,7,6.218908
i64,countlut,unpredictable,,7,5.837965
i64,fmt,unpredictable,,7,4.425681
i64,jeaiii,unpredictable,,7,5.194267
i64,naive,unpredictable,,7,10.646666
i64,null,unpredictable,,7,0.929780
i64,sse2,unpredictable,,7,5.993493
i64,tmueller,unpredictable,,7,4.469469
i64,unrolledlut,unpredictable,,7,6.057903
i64,yy,unpredictable,,7,2.703269
i64,zmij_scalar,unpredictable,,7,4.823282
i64,zmij_x64_native,unpredictable,,7,2.308804
i64,zmij_x64_v1,unpredictable,,7,3.767952
i64,zmij_x64_v2,unpredictable,,7,2.584929
i64,zmij_x64_v3,unpredictable,,7,2.443947
i64,zmij_x64_v4,unpredictable,,7,2.449216
i64,amartin,unpredictable,,8,2.567329
i64,branchlut,unpredictable,,8,6.782686
i64,branchlut2,unpredictable,,8,6.675124
i64,countlut,unpredictable,,8,6.136791
i64,fmt,unpredictable,,8,4.715971
i64,jeaiii,unpredictable,,8,5.452860
i64,naive,unpredictable,,8,10.002363
i64,null,unpredictable,,8,0.951397
i64,sse2,unpredictable,,8,6.258125
i64,tmueller,unpredictable,,8,4.602269
i64,unrolledlut,unpredictable,,8,6.032290
i64,yy,unpredictable,,8,2.700671
i64,zmij_scalar,unpredictable,,8,4.810924
i64,zmij_x64_native,unpredictable,,8,2.346118
i64,zmij_x64_v1,unpredictable,,8,3.770965
i64,zmij_x64_v2,unpredictable,,8,2.569278
i64,zmij_x64_v3,unpredictable,,8,2.449120
i64,zmij_x64_v4,unpredictable,,8,2.478649
i64,amartin,unpredictable,,9,4.533738
i64,branchlut,unpredictable,,9,6.778697
i64,branchlut2,unpredictable,,9,6.125700
i64,countlut,unpredictable,,9,7.045246
i64,fmt,unpredictable,,9,4.831015
i64,jeaiii,unpredictable,,9,5.518605
i64,naive,unpredictable,,9,10.674916
i64,null,unpredictable,,9,0.699368
i64,sse2,unpredictable,,9,7.810122
i64,tmueller,unpredictable,,9,4.734855
i64,unrolledlut,unpredictable,,9,6.710575
i64,yy,unpredictable,,9,3.067625
i64,zmij_scalar,unpredictable,,9,5.111185
i64,zmij_x64_native,unpredictable,,9,2.337820
i64,zmij_x64_v1,unpredictable,,9,3.756867
i64,zmij_x64_v2,unpredictable,,9,2.586858
i64,zmij_x64_v3,unpredictable,,9,2.472806
i64,zmij_x64_v4,unpredictable,,9,2.462445
i64,amartin,unpredictable,,10,7.867291
i64,branchlut,unpredictable,,10,7.135881
i64,branchlut2,unpredictable,,10,6.240355
i64,countlut,unpredictable,,10,7.167373
i64,fmt,unpredictable,,10,5.046339
i64,jeaiii,unpredictable,,10,9.092280
i64,naive,unpredictable,,10,11.562068
i64,null,unpredictable,,10,0.726064
i64,sse2,unpredictable,,10,7.705660
i64,tmueller,unpredictable,,10,4.660482
i64,unrolledlut,unpredictable,,10,9.578765
i64,yy,unpredictable,,10,3.090160
i64,zmij_scalar,unpredictable,,10,5.039310
i64,zmij_x64_native,unpredictable,,10,2.327526
i64,zmij_x64_v1,unpredictable,,10,3.778050
i64,zmij_x64_v2,unpredictable,,10,2.568632
i64,zmij_x64_v3,unpredictable,,10,2.461700
i64,zmij_x64_v4,unpredictable,,10,2.444778
i64,amartin,unpredictable,,11,3.774254
i64,branchlut,unpredictable,,11,7.350003
i64,branchlut2,unpredictable,,11,6.588728
i64,countlut,unpredictable,,11,6.882854
i64,fmt,unpredictable,,11,4.853142
i64,jeaiii,unpredictable,,11,5.750165
i64,naive,unpredictable,,11,12.373587
i64,null,unpredictable,,11,0.942345
i64,sse2,unpredictable,,11,7.757246
i64,tmueller,unpredictable,,11,4.902339
i64,unrolledlut,unpredictable,,11,6.104156
i64,yy,unpredictable,,11,3.140260
i64,zmij_scalar,unpredictable,,11,5.098949
i64,zmij_x64_native,unpredictable,,11,2.298874
i64,zmij_x64_v1,unpredictable,,11,3.963097
i64,zmij_x64_v2,unpredictable,,11,2.747185
i64,zmij_x64_v3,unpredictable,,11,2.485040
i64,zmij_x64_v4,unpredictable,,11,2.521674
i64,amartin,unpredictable,,12,3.724344
i64,branchlut,unpredictable,,12,7.680115
i64,branchlut2,unpredictable,,12,6.678940
i64,countlut,unpredictable,,12,7.125451
i64,fmt,unpredictable,,12,4.807411
i64,jeaiii,unpredictable,,12,5.518104
i64,naive,unpredictable,,12,13.142088
i64,null,unpredictable,,12,0.881229
i64,sse2,unpredictable,,12,7.621845
i64,tmueller,unpredictable,,12,4.681228
i64,unrolledlut,unpredictable,,12,5.545035
i64,yy,unpredictable,,12,3.082759
i64,zmij_scalar,unpredictable,,12,5.047812
i64,zmij_x64_native,unpredictable,,12,2.339004
i64,zmij_x64_v1,unpredictable,,12,3.769671
i64,zmij_x64_v2,unpredictable,,12,2.516532
i64,zmij_x64_v3,unpredictable,,12,2.448139
i64,zmij_x64_v4,unpredictable,,12,2.471008
i64,amartin,unpredictable,,13,3.746778
i64,branchlut,unpredictable,,13,7.853032
i64,branchlut2,unpredictable,,13,7.560354
i64,countlut,unpredictable,,13,7.243714
i64,fmt,unpredictable,,13,5.159471
i64,jeaiii,unpredictable,,13,5.750335
i64,naive,unpredictable,,13,14.154839
i64,null,unpredictable,,13,0.860020
i64,sse2,unpredictable,,13,7.873723
i64,tmueller,unpredictable,,13,5.008395
i64,unrolledlut,unpredictable,,13,6.161497
i64,yy,unpredictable,,13,3.295783
i64,zmij_scalar,unpredictable,,13,5.220645
i64,zmij_x64_native,unpredictable,,13,2.325907
i64,zmij_x64_v1,unpredictable,,13,3.760415
i64,zmij_x64_v2,unpredictable,,13,2.572342
i64,zmij_x64_v3,unpredictable,,13,2.442836
i64,zmij_x64_v4,unpredictable,,13,2.413607
i64,amartin,unpredictable,,14,3.697074
i64,branchlut,unpredictable,,14,7.878544
i64,branchlut2,unpredictable,,14,7.854841
i64,countlut,unpredictable,,14,7.680806
i64,fmt,unpredictable,,14,5.416135
i64,jeaiii,unpredictable,,14,5.973658
i64,naive,unpredictable,,14,14.828824
i64,null,unpredictable,,14,1.023449
i64,sse2,unpredictable,,14,7.649039
i64,tmueller,unpredictable,,14,4.983811
i64,unrolledlut,unpredictable,,14,5.925524
i64,yy,unpredictable,,14,3.097890
i64,zmij_scalar,unpredictable,,14,5.005477
i64,zmij_x64_native,unpredictable,,14,2.328424
i64,zmij_x64_v1,unpredictable,,14,3.767491
i64,zmij_x64_v2,unpredictable,,14,2.570068
i64,zmij_x64_v3,unpredictable,,14,2.439616
i64,zmij_x64_v4,unpredictable,,14,2.458142
i64,amartin,unpredictable,,15,4.463394
i64,branchlut,unpredictable,,15,8.692308
i64,branchlut2,unpredictable,,15,7.821678
i64,countlut,unpredictable,,15,7.432050
i64,fmt,unpredictable,,15,5.391652
i64,jeaiii,unpredictable,,15,6.376743
i64,naive,unpredictable,,15,16.115777
i64,null,unpredictable,,15,0.769049
i64,sse2,unpredictable,,15,7.430813
i64,tmueller,unpredictable,,15,5.338794
i64,unrolledlut,unpredictable,,15,6.596735
i64,yy,unpredictable,,15,3.477417
i64,zmij_scalar,unpredictable,,15,5.038975
i64,zmij_x64_native,unpredictable,,15,2.259886
i64,zmij_x64_v1,unpredictable,,15,3.887428
i64,zmij_x64_v2,unpredictable,,15,2.659620
i64,zmij_x64_v3,unpredictable,,15,2.501972
i64,zmij_x64_v4,unpredictable,,15,2.602354
i64,amartin,unpredictable,,16,4.327559
i64,branchlut,unpredictable,,16,8.835310
i64,branchlut2,unpredictable,,16,8.126987
i64,countlut,unpredictable,,16,7.682365
i64,fmt,unpredictable,,16,5.398890
i64,jeaiii,unpredictable,,16,6.233852
i64,naive,unpredictable,,16,14.783318
i64,null,unpredictable,,16,0.961494
i64,sse2,unpredictable,,16,7.138275
i64,tmueller,unpredictable,,16,5.311706
i64,unrolledlut,unpredictable,,16,6.545402
i64,yy,unpredictable,,16,3.551371
i64,zmij_scalar,unpredictable,,16,5.102219
i64,zmij_x64_native,unpredictable,,16,2.335455
i64,zmij_x64_v1,unpredictable,,16,3.815743
i64,zmij_x64_v2,unpredictable,,16,2.575756
i64,zmij_x64_v3,unpredictable,,16,2.465215
i64,zmij_x64_v4,unpredictable,,16,2.544066
i64,amartin,unpredictable,,17,5.673409
i64,branchlut,unpredictable,,17,9.062035
i64,branchlut2,unpredictable,,17,8.920093
i64,countlut,unpredictable,,17,10.225493
i64,fmt,unpredictable,,17,5.879588
i64,jeaiii,unpredictable,,17,6.644945
i64,naive,unpredictable,,17,15.899803
i64,null,unpredictable,,17,0.759361
i64,sse2,unpredictable,,17,6.325129
i64,tmueller,unpredictable,,17,5.602224
i64,unrolledlut,unpredictable,,17,7.528251
i64,yy,unpredictable,,17,4.553001
i64,zmij_scalar,unpredictable,,17,5.057149
i64,zmij_x64_native,unpredictable,,17,2.349198
i64,zmij_x64_v1,unpredictable,,17,3.799100
i64,zmij_x64_v2,unpredictable,,17,2.584344
i64,zmij_x64_v3,unpredictable,,17,2.460965
i64,zmij_x64_v4,unpredictable,,17,2.474098
i64,amartin,unpredictable,,18,8.524953
i64,branchlut,unpredictable,,18,8.999265
i64,branchlut2,unpredictable,,18,8.911734
i64,countlut,unpredictable,,18,10.592388
i64,fmt,unpredictable,,18,5.960850
i64,jeaiii,unpredictable,,18,9.851686
i64,naive,unpredictable,,18,16.812999
i64,null,unpredictable,,18,1.066812
i64,sse2,unpredictable,,18,6.654929
i64,tmueller,unpredictable,,18,5.683370
i64,unrolledlut,unpredictable,,18,10.370282
i64,yy,unpredictable,,18,4.484048
i64,zmij_scalar,unpredictable,,18,5.045814
i64,zmij_x64_native,unpredictable,,18,2.278272
i64,zmij_x64_v1,unpredictable,,18,3.767659
i64,zmij_x64_v2,unpredictable,,18,2.580322
i64,zmij_x64_v3,unpredictable,,18,2.468825
i64,zmij_x64_v4,unpredictable,,18,2.469771
i64,amartin,unpredictable,,19,6.209416
i64,branchlut,unpredictable,,19,10.582131
i64,branchlut2,unpredictable,,19,10.238814
i64,countlut,unpredictable,,19,11.557745
i64,fmt,unpredictable,,19,7.317190
i64,jeaiii,unpredictable,,19,8.284279
i64,naive,unpredictable,,19,19.162717
i64,null,unpredictable,,19,0.730394
i64,sse2,unpredictable,,19,7.630447
i64,tmueller,unpredictable,,19,7.134056
i64,unrolledlut,unpredictable,,19,8.398246
i64,yy,unpredictable,,19,5.493069
i64,zmij_scalar,unpredictable,,19,5.010395
i64,zmij_x64_native,unpredictable,,19,2.334153
i64,zmij_x64_v1,unpredictable,,19,3.806948
i64,zmij_x64_v2,unpredictable,,19,2.556764
i64,zmij_x64_v3,unpredictable,,19,2.463947
i64,zmij_x64_v4,unpredictable,,19,2.488976
i64,amartin,admixture,5x6,0,1.786904
i64,branchlut,admixture,5x6,0,4.776999
i64,branchlut2,admixture,5x6,0,4.665186
i64,countlut,admixture,5x6,0,4.753712
i64,fmt,admixture,5x6,0,2.139785
i64,jeaiii,admixture,5x6,0,4.586829
i64,naive,admixture,5x6,0,7.752626
i64,null,admixture,5x6,0,0.813686
i64,sse2,admixture,5x6,0,4.744563
i64,tmueller,admixture,5x6,0,2.164095
i64,unrolledlut,admixture,5x6,0,4.727558
i64,yy,admixture,5x6,0,1.620185
i64,zmij_scalar,admixture,5x6,0,4.864691
i64,zmij_x64_native,admixture,5x6,0,2.357473
i64,zmij_x64_v1,admixture,5x6,0,3.778833
i64,zmij_x64_v2,admixture,5x6,0,2.576713
i64,zmij_x64_v3,admixture,5x6,0,2.462530
i64,zmij_x64_v4,admixture,5x6,0,2.440925
i64,amartin,admixture,5x6,10,1.783223
i64,branchlut,admixture,5x6,10,4.902313
i64,branchlut2,admixture,5x6,10,4.838263
i64,countlut,admixture,5x6,10,5.197605
i64,fmt,admixture,5x6,10,2.817742
i64,jeaiii,admixture,5x6,10,4.703684
i64,naive,admixture,5x6,10,8.284061
i64,null,admixture,5x6,10,0.750016
i64,sse2,admixture,5x6,10,4.857301
i64,tmueller,admixture,5x6,10,2.960505
i64,unrolledlut,admixture,5x6,10,5.083092
i64,yy,admixture,5x6,10,1.612432
i64,zmij_scalar,admixture,5x6,10,4.895615
i64,zmij_x64_native,admixture,5x6,10,2.346764
i64,zmij_x64_v1,admixture,5x6,10,3.766182
i64,zmij_x64_v2,admixture,5x6,10,2.579014
i64,zmij_x64_v3,admixture,5x6,10,2.447929
i64,zmij_x64_v4,admixture,5x6,10,2.445471
i64,amartin,admixture,5x6,20,1.785063
i64,branchlut,admixture,5x6,20,5.553124
i64,branchlut2,admixture,5x6,20,5.380214
i64,countlut,admixture,5x6,20,5.890085
i64,fmt,admixture,5x6,20,3.406770
i64,jeaiii,admixture,5x6,20,5.285443
i64,naive,admixture,5x6,20,8.906566
i64,null,admixture,5x6,20,0.802992
i64,sse2,admixture,5x6,20,5.484339
i64,tmueller,admixture,5x6,20,3.547595
i64,unrolledlut,admixture,5x6,20,5.511148
i64,yy,admixture,5x6,20,1.622154
i64,zmij_scalar,admixture,5x6,20,4.936872
i64,zmij_x64_native,admixture,5x6,20,2.342569
i64,zmij_x64_v1,admixture,5x6,20,3.772182
i64,zmij_x64_v2,admixture,5x6,20,2.557924
i64,zmij_x64_v3,admixture,5x6,20,2.440655
i64,zmij_x64_v4,admixture,5x6,20,2.443723
i64,amartin,admixture,5x6,30,1.782153
i64,branchlut,admixture,5x6,30,6.161952
i64,branchlut2,admixture,5x6,30,5.960296
i64,countlut,admixture,5x6,30,6.547069
i64,fmt,admixture,5x6,30,3.970869
i64,jeaiii,admixture,5x6,30,5.902277
i64,naive,admixture,5x6,30,9.514426
i64,null,admixture,5x6,30,0.821753
i64,sse2,admixture,5x6,30,6.038951
i64,tmueller,admixture,5x6,30,4.318209
i64,unrolledlut,admixture,5x6,30,5.938268
i64,yy,admixture,5x6,30,1.603388
i64,zmij_scalar,admixture,5x6,30,4.870849
i64,zmij_x64_native,admixture,5x6,30,2.341628
i64,zmij_x64_v1,admixture,5x6,30,3.764553
i64,zmij_x64_v2,admixture,5x6,30,2.591554
i64,zmij_x64_v3,admixture,5x6,30,2.445729
i64,zmij_x64_v4,admixture,5x6,30,2.482313
i64,amartin,admixture,5x6,40,1.781243
i64,branchlut,admixture,5x6,40,6.706104
i64,branchlut2,admixture,5x6,40,6.542118
i64,countlut,admixture,5x6,40,7.248457
i64,fmt,admixture,5x6,40,4.687998
i64,jeaiii,admixture,5x6,40,6.527908
i64,naive,admixture,5x6,40,10.179975
i64,null,admixture,5x6,40,0.758809
i64,sse2,admixture,5x6,40,6.629759
i64,tmueller,admixture,5x6,40,4.949684
i64,unrolledlut,admixture,5x6,40,6.518654
i64,yy,admixture,5x6,40,1.609420
i64,zmij_scalar,admixture,5x6,40,4.862232
i64,zmij_x64_native,admixture,5x6,40,2.334770
i64,zmij_x64_v1,admixture,5x6,40,3.776755
i64,zmij_x64_v2,admixture,5x6,40,2.579473
i64,zmij_x64_v3,admixture,5x6,40,2.440133
i64,zmij_x64_v4,admixture,5x6,40,2.438664
i64,amartin,admixture,5x6,50,1.778033
i64,branchlut,admixture,5x6,50,7.029908
i64,branchlut2,admixture,5x6,50,6.856277
i64,countlut,admixture,5x6,50,7.628228
i64,fmt,admixture,5x6,50,5.250542
i64,jeaiii,admixture,5x6,50,6.741581
i64,naive,admixture,5x6,50,10.427336
i64,null,admixture,5x6,50,0.848125
i64,sse2,admixture,5x6,50,7.083656
i64,tmueller,admixture,5x6,50,5.394397
i64,unrolledlut,admixture,5x6,50,6.836348
i64,yy,admixture,5x6,50,1.605158
i64,zmij_scalar,admixture,5x6,50,4.864054
i64,zmij_x64_native,admixture,5x6,50,2.319667
i64,zmij_x64_v1,admixture,5x6,50,3.800778
i64,zmij_x64_v2,admixture,5x6,50,2.586469
i64,zmij_x64_v3,admixture,5x6,50,2.443683
i64,zmij_x64_v4,admixture,5x6,50,2.451107
i64,amartin,admixture,5x6,60,1.795322
i64,branchlut,admixture,5x6,60,6.829168
i64,branchlut2,admixture,5x6,60,6.518047
i64,countlut,admixture,5x6,60,7.261323
i64,fmt,admixture,5x6,60,4.743442
i64,jeaiii,admixture,5x6,60,6.494504
i64,naive,admixture,5x6,60,10.030668
i64,null,admixture,5x6,60,0.729511
i64,sse2,admixture,5x6,60,6.734903
i64,tmueller,admixture,5x6,60,4.942764
i64,unrolledlut,admixture,5x6,60,6.501776
i64,yy,admixture,5x6,60,1.607968
i64,zmij_scalar,admixture,5x6,60,4.852089
i64,zmij_x64_native,admixture,5x6,60,2.356820
i64,zmij_x64_v1,admixture,5x6,60,3.860120
i64,zmij_x64_v2,admixture,5x6,60,2.717104
i64,zmij_x64_v3,admixture,5x6,60,2.445644
i64,zmij_x64_v4,admixture,5x6,60,2.467004
i64,amartin,admixture,5x6,70,1.777808
i64,branchlut,admixture,5x6,70,6.167529
i64,branchlut2,admixture,5x6,70,5.995598
i64,countlut,admixture,5x6,70,6.546018
i64,fmt,admixture,5x6,70,4.048253
i64,jeaiii,admixture,5x6,70,5.953270
i64,naive,admixture,5x6,70,9.235153
i64,null,admixture,5x6,70,0.728261
i64,sse2,admixture,5x6,70,6.076247
i64,tmueller,admixture,5x6,70,4.314205
i64,unrolledlut,admixture,5x6,70,5.959386
i64,yy,admixture,5x6,70,1.599076
i64,zmij_scalar,admixture,5x6,70,4.874579
i64,zmij_x64_native,admixture,5x6,70,2.339906
i64,zmij_x64_v1,admixture,5x6,70,3.746208
i64,zmij_x64_v2,admixture,5x6,70,2.581952
i64,zmij_x64_v3,admixture,5x6,70,2.433999
i64,zmij_x64_v4,admixture,5x6,70,2.441939
i64,amartin,admixture,5x6,80,1.810879
i64,branchlut,admixture,5x6,80,5.652904
i64,branchlut2,admixture,5x6,80,5.538946
i64,countlut,admixture,5x6,80,5.809110
i64,fmt,admixture,5x6,80,3.443655
i64,jeaiii,admixture,5x6,80,5.366339
i64,naive,admixture,5x6,80,8.476284
i64,null,admixture,5x6,80,0.988991
i64,sse2,admixture,5x6,80,5.539926
i64,tmueller,admixture,5x6,80,3.611848
i64,unrolledlut,admixture,5x6,80,5.553988
i64,yy,admixture,5x6,80,1.623465
i64,zmij_scalar,admixture,5x6,80,4.929022
i64,zmij_x64_native,admixture,5x6,80,2.377031
i64,zmij_x64_v1,admixture,5x6,80,3.812899
i64,zmij_x64_v2,admixture,5x6,80,2.608954
i64,zmij_x64_v3,admixture,5x6,80,2.447638
i64,zmij_x64_v4,admixture,5x6,80,2.436980
i64,amartin,admixture,5x6,90,1.780713
i64,branchlut,admixture,5x6,90,4.979024
i64,branchlut2,admixture,5x6,90,4.893452
i64,countlut,admixture,5x6,90,5.009681
i64,fmt,admixture,5x6,90,2.839112
i64,jeaiii,admixture,5x6,90,4.692842
i64,naive,admixture,5x6,90,7.731936
i64,null,admixture,5x6,90,0.775454
i64,sse2,admixture,5x6,90,4.899913
i64,tmueller,admixture,5x6,90,2.894912
i64,unrolledlut,admixture,5x6,90,5.028112
i64,yy,admixture,5x6,90,1.619313
i64,zmij_scalar,admixture,5x6,90,4.864138
i64,zmij_x64_native,admixture,5x6,90,2.355929
i64,zmij_x64_v1,admixture,5x6,90,3.780528
i64,zmij_x64_v2,admixture,5x6,90,2.601767
i64,zmij_x64_v3,admixture,5x6,90,2.440059
i64,zmij_x64_v4,admixture,5x6,90,2.449129
i64,amartin,admixture,5x6,100,1.785550
i64,branchlut,admixture,5x6,100,4.382677
i64,branchlut2,admixture,5x6,100,4.577965
i64,countlut,admixture,5x6,100,4.748009
i64,fmt,admixture,5x6,100,2.156915
i64,jeaiii,admixture,5x6,100,4.517452
i64,naive,admixture,5x6,100,7.074180
i64,null,admixture,5x6,100,0.756266
i64,sse2,admixture,5x6,100,4.272491
i64,tmueller,admixture,5x6,100,2.197501
i64,unrolledlut,admixture,5x6,100,4.710007
i64,yy,admixture,5x6,100,1.606565
i64,zmij_scalar,admixture,5x6,100,4.866973
i64,zmij_x64_native,admixture,5x6,100,2.355726
i64,zmij_x64_v1,admixture,5x6,100,3.771864
i64,zmij_x64_v2,admixture,5x6,100,2.600240
i64,zmij_x64_v3,admixture,5x6,100,2.437821
i64,zmij_x64_v4,admixture,5x6,100,2.450567
u128,fmt,bylength,,1,9.402866
u128,naive,bylength,,1,3.645206
u128,null,bylength,,1,1.104994
u128,zmij_scalar,bylength,,1,4.895487
u128,zmij_x64_native,bylength,,1,2.368334
u128,zmij_x64_v1,bylength,,1,3.626882
u128,zmij_x64_v2,bylength,,1,2.541411
u128,zmij_x64_v3,bylength,,1,2.493692
u128,zmij_x64_v4,bylength,,1,2.492911
u128,fmt,bylength,,2,9.414568
u128,naive,bylength,,2,5.492332
u128,null,bylength,,2,1.211889
u128,zmij_scalar,bylength,,2,4.883411
u128,zmij_x64_native,bylength,,2,2.382127
u128,zmij_x64_v1,bylength,,2,3.612609
u128,zmij_x64_v2,bylength,,2,2.500844
u128,zmij_x64_v3,bylength,,2,2.488306
u128,zmij_x64_v4,bylength,,2,2.478353
u128,fmt,bylength,,3,9.651955
u128,naive,bylength,,3,7.913513
u128,null,bylength,,3,1.198661
u128,zmij_scalar,bylength,,3,4.880720
u128,zmij_x64_native,bylength,,3,2.378167
u128,zmij_x64_v1,bylength,,3,3.613425
u128,zmij_x64_v2,bylength,,3,2.497516
u128,zmij_x64_v3,bylength,,3,2.479142
u128,zmij_x64_v4,bylength,,3,2.491305
u128,fmt,bylength,,4,9.794235
u128,naive,bylength,,4,11.198431
u128,null,bylength,,4,1.224363
u128,zmij_scalar,bylength,,4,4.926299
u128,zmij_x64_native,bylength,,4,2.391352
u128,zmij_x64_v1,bylength,,4,3.626297
u128,zmij_x64_v2,bylength,,4,2.533602
u128,zmij_x64_v3,bylength,,4,2.497542
u128,zmij_x64_v4,bylength,,4,2.484822
u128,fmt,bylength,,5,10.171696
u128,naive,bylength,,5,14.216319
u128,null,bylength,,5,1.258574
u128,zmij_scalar,bylength,,5,4.932612
u128,zmij_x64_native,bylength,,5,2.396137
u128,zmij_x64_v1,bylength,,5,3.653373
u128,zmij_x64_v2,bylength,,5,2.530119
u128,zmij_x64_v3,bylength,,5,2.514915
u128,zmij_x64_v4,bylength,,5,2.497386
u128,fmt,bylength,,6,10.079500
u128,naive,bylength,,6,17.848853
u128,null,bylength,,6,1.201606
u128,zmij_scalar,bylength,,6,4.986714
u128,zmij_x64_native,bylength,,6,2.407436
u128,zmij_x64_v1,bylength,,6,3.682645
u128,zmij_x64_v2,bylength,,6,2.570727
u128,zmij_x64_v3,bylength,,6,2.532221
u128,zmij_x64_v4,bylength,,6,2.510104
u128,fmt,bylength,,7,10.766361
u128,naive,bylength,,7,21.175726
u128,null,bylength,,7,1.253801
u128,zmij_scalar,bylength,,7,4.950117
u128,zmij_x64_native,bylength,,7,2.416448
u128,zmij_x64_v1,bylength,,7,3.653560
u128,zmij_x64_v2,bylength,,7,2.567387
u128,zmij_x64_v3,bylength,,7,2.533016
u128,zmij_x64_v4,bylength,,7,2.552606
u128,fmt,bylength,,8,10.608438
u128,naive,bylength,,8,23.446622
u128,null,bylength,,8,1.200620
u128,zmij_scalar,bylength,,8,4.888703
u128,zmij_x64_native,bylength,,8,2.391094
u128,zmij_x64_v1,bylength,,8,3.648844
u128,zmij_x64_v2,bylength,,8,2.514941
u128,zmij_x64_v3,bylength,,8,2.499675
u128,zmij_x64_v4,bylength,,8,2.517796
u128,fmt,bylength,,9,11.659300
u128,naive,bylength,,9,26.944441
u128,null,bylength,,9,1.221088
u128,zmij_scalar,bylength,,9,4.898492
u128,zmij_x64_native,bylength,,9,2.372212
u128,zmij_x64_v1,bylength,,9,3.631147
u128,zmij_x64_v2,bylength,,9,2.513319
u128,zmij_x64_v3,bylength,,9,2.502682
u128,zmij_x64_v4,bylength,,9,2.483960
u128,fmt,bylength,,10,11.685121
u128,naive,bylength,,10,30.326811
u128,null,bylength,,10,1.245584
u128,zmij_scalar,bylength,,10,4.884250
u128,zmij_x64_native,bylength,,10,2.391002
u128,zmij_x64_v1,bylength,,10,3.631130
u128,zmij_x64_v2,bylength,,10,2.515217
u128,zmij_x64_v3,bylength,,10,2.516251
u128,zmij_x64_v4,bylength,,10,2.486526
u128,fmt,bylength,,11,12.714311
u128,naive,bylength,,11,33.944539
u128,null,bylength,,11,1.102052
u128,zmij_scalar,bylength,,11,4.952548
u128,zmij_x64_native,bylength,,11,2.383466
u128,zmij_x64_v1,bylength,,11,3.611385
u128,zmij_x64_v2,bylength,,11,2.496482
u128,zmij_x64_v3,bylength,,11,2.524877
u128,zmij_x64_v4,bylength,,11,2.560712
u128,fmt,bylength,,12,12.721466
u128,naive,bylength,,12,37.307228
u128,null,bylength,,12,1.115334
u128,zmij_scalar,bylength,,12,4.875446
u128,zmij_x64_native,bylength,,12,2.404975
u128,zmij_x64_v1,bylength,,12,3.696995
u128,zmij_x64_v2,bylength,,12,2.551674
u128,zmij_x64_v3,bylength,,12,2.537036
u128,zmij_x64_v4,bylength,,12,2.507659
u128,fmt,bylength,,13,13.598105
u128,naive,bylength,,13,40.815921
u128,null,bylength,,13,1.085492
u128,zmij_scalar,bylength,,13,4.882614
u128,zmij_x64_native,bylength,,13,2.395943
u128,zmij_x64_v1,bylength,,13,3.621631
u128,zmij_x64_v2,bylength,,13,2.503086
u128,zmij_x64_v3,bylength,,13,2.496314
u128,zmij_x64_v4,bylength,,13,2.487459
u128,fmt,bylength,,14,13.764304
u128,naive,bylength,,14,44.326174
u128,null,bylength,,14,1.092138
u128,zmij_scalar,bylength,,14,4.924412
u128,zmij_x64_native,bylength,,14,2.377357
u128,zmij_x64_v1,bylength,,14,3.604714
u128,zmij_x64_v2,bylength,,14,2.534405
u128,zmij_x64_v3,bylength,,14,2.577461
u128,zmij_x64_v4,bylength,,14,2.537768
u128,fmt,bylength,,15,14.598316
u128,naive,bylength,,15,47.386774
u128,null,bylength,,15,1.242772
u128,zmij_scalar,bylength,,15,4.878071
u128,zmij_x64_native,bylength,,15,2.378401
u128,zmij_x64_v1,bylength,,15,3.631475
u128,zmij_x64_v2,bylength,,15,2.511353
u128,zmij_x64_v3,bylength,,15,2.496238
u128,zmij_x64_v4,bylength,,15,2.476199
u128,fmt,bylength,,16,14.729641
u128,naive,bylength,,16,49.382863
u128,null,bylength,,16,1.248193
u128,zmij_scalar,bylength,,16,4.887383
u128,zmij_x64_native,bylength,,16,2.381088
u128,zmij_x64_v1,bylength,,16,3.628455
u128,zmij_x64_v2,bylength,,16,2.509495
u128,zmij_x64_v3,bylength,,16,2.506122
u128,zmij_x64_v4,bylength,,16,2.477226
u128,fmt,bylength,,17,15.945451
u128,naive,bylength,,17,52.769608
u128,null,bylength,,17,1.190360
u128,zmij_scalar,bylength,,17,4.879703
u128,zmij_x64_native,bylength,,17,2.392762
u128,zmij_x64_v1,bylength,,17,3.632542
u128,zmij_x64_v2,bylength,,17,2.500447
u128,zmij_x64_v3,bylength,,17,2.531378
u128,zmij_x64_v4,bylength,,17,2.482056
u128,fmt,bylength,,18,16.078146
u128,naive,bylength,,18,58.361762
u128,null,bylength,,18,1.236924
u128,zmij_scalar,bylength,,18,5.083744
u128,zmij_x64_native,bylength,,18,2.452670
u128,zmij_x64_v1,bylength,,18,3.768528
u128,zmij_x64_v2,bylength,,18,2.573987
u128,zmij_x64_v3,bylength,,18,2.596231
u128,zmij_x64_v4,bylength,,18,2.549701
u128,fmt,bylength,,19,16.780545
u128,naive,bylength,,19,60.006485
u128,null,bylength,,19,1.116016
u128,zmij_scalar,bylength,,19,4.907478
u128,zmij_x64_native,bylength,,19,2.399921
u128,zmij_x64_v1,bylength,,19,3.625396
u128,zmij_x64_v2,bylength,,19,2.505929
u128,zmij_x64_v3,bylength,,19,2.496321
u128,zmij_x64_v4,bylength,,19,2.499918
u128,fmt,bylength,,20,21.629379
u128,naive,bylength,,20,63.543350
u128,null,bylength,,20,1.266178
u128,zmij_scalar,bylength,,20,8.760738
u128,zmij_x64_native,bylength,,20,4.261535
u128,zmij_x64_v1,bylength,,20,5.632139
u128,zmij_x64_v2,bylength,,20,4.342799
u128,zmij_x64_v3,bylength,,20,4.233473
u128,zmij_x64_v4,bylength,,20,4.875499
u128,fmt,bylength,,21,21.333684
u128,naive,bylength,,21,67.318858
u128,null,bylength,,21,1.165695
u128,zmij_scalar,bylength,,21,8.670726
u128,zmij_x64_native,bylength,,21,3.903801
u128,zmij_x64_v1,bylength,,21,5.454444
u128,zmij_x64_v2,bylength,,21,4.004623
u128,zmij_x64_v3,bylength,,21,3.909549
u128,zmij_x64_v4,bylength,,21,4.675020
u128,fmt,bylength,,22,21.955562
u128,naive,bylength,,22,70.165029
u128,null,bylength,,22,1.173026
u128,zmij_scalar,bylength,,22,8.654051
u128,zmij_x64_native,bylength,,22,3.890934
u128,zmij_x64_v1,bylength,,22,5.439190
u128,zmij_x64_v2,bylength,,22,4.020523
u128,zmij_x64_v3,bylength,,22,3.921602
u128,zmij_x64_v4,bylength,,22,4.660115
u128,fmt,bylength,,23,22.037446
u128,naive,bylength,,23,73.724314
u128,null,bylength,,23,1.254179
u128,zmij_scalar,bylength,,23,8.651926
u128,zmij_x64_native,bylength,,23,3.916648
u128,zmij_x64_v1,bylength,,23,5.443534
u128,zmij_x64_v2,bylength,,23,4.020212
u128,zmij_x64_v3,bylength,,23,3.941770
u128,zmij_x64_v4,bylength,,23,4.685363
u128,fmt,bylength,,24,22.564531
u128,naive,bylength,,24,76.209637
u128,null,bylength,,24,1.240956
u128,zmij_scalar,bylength,,24,8.666074
u128,zmij_x64_native,bylength,,24,3.958690
u128,zmij_x64_v1,bylength,,24,5.576711
u128,zmij_x64_v2,bylength,,24,4.087004
u128,zmij_x64_v3,bylength,,24,3.981763
u128,zmij_x64_v4,bylength,,24,4.719129
u128,fmt,bylength,,25,22.937354
u128,naive,bylength,,25,79.122469
u128,null,bylength,,25,1.257724
u128,zmij_scalar,bylength,,25,8.652435
u128,zmij_x64_native,bylength,,25,3.904952
u128,zmij_x64_v1,bylength,,25,5.442464
u128,zmij_x64_v2,bylength,,25,4.007088
u128,zmij_x64_v3,bylength,,25,3.912039
u128,zmij_x64_v4,bylength,,25,4.670120
u128,fmt,bylength,,26,23.487613
u128,naive,bylength,,26,82.582761
u128,null,bylength,,26,1.103978
u128,zmij_scalar,bylength,,26,8.672930
u128,zmij_x64_native,bylength,,26,3.888878
u128,zmij_x64_v1,bylength,,26,5.441895
u128,zmij_x64_v2,bylength,,26,4.006230
u128,zmij_x64_v3,bylength,,26,3.916833
u128,zmij_x64_v4,bylength,,26,4.661229
u128,fmt,bylength,,27,23.580787
u128,naive,bylength,,27,86.617707
u128,null,bylength,,27,1.072089
u128,zmij_scalar,bylength,,27,8.648288
u128,zmij_x64_native,bylength,,27,3.889772
u128,zmij_x64_v1,bylength,,27,5.451013
u128,zmij_x64_v2,bylength,,27,4.011187
u128,zmij_x64_v3,bylength,,27,3.910429
u128,zmij_x64_v4,bylength,,27,4.658282
u128,fmt,bylength,,28,24.429474
u128,naive,bylength,,28,90.039217
u128,null,bylength,,28,1.171237
u128,zmij_scalar,bylength,,28,8.719071
u128,zmij_x64_native,bylength,,28,3.891380
u128,zmij_x64_v1,bylength,,28,5.452741
u128,zmij_x64_v2,bylength,,28,4.001251
u128,zmij_x64_v3,bylength,,28,3.925116
u128,zmij_x64_v4,bylength,,28,4.665420
u128,fmt,bylength,,29,24.433625
u128,naive,bylength,,29,93.465103
u128,null,bylength,,29,1.153224
u128,zmij_scalar,bylength,,29,8.661946
u128,zmij_x64_native,bylength,,29,3.882466
u128,zmij_x64_v1,bylength,,29,5.462217
u128,zmij_x64_v2,bylength,,29,3.996645
u128,zmij_x64_v3,bylength,,29,3.902072
u128,zmij_x64_v4,bylength,,29,4.660447
u128,fmt,bylength,,30,24.735811
u128,naive,bylength,,30,96.546441
u128,null,bylength,,30,1.144552
u128,zmij_scalar,bylength,,30,8.684022
u128,zmij_x64_native,bylength,,30,3.893196
u128,zmij_x64_v1,bylength,,30,5.442406
u128,zmij_x64_v2,bylength,,30,3.987911
u128,zmij_x64_v3,bylength,,30,3.907307
u128,zmij_x64_v4,bylength,,30,4.661267
u128,fmt,bylength,,31,24.877047
u128,naive,bylength,,31,99.864468
u128,null,bylength,,31,1.139896
u128,zmij_scalar,bylength,,31,8.673677
u128,zmij_x64_native,bylength,,31,3.898020
u128,zmij_x64_v1,bylength,,31,5.445891
u128,zmij_x64_v2,bylength,,31,4.002862
u128,zmij_x64_v3,bylength,,31,3.908858
u128,zmij_x64_v4,bylength,,31,4.663560
u128,fmt,bylength,,32,25.301666
u128,naive,bylength,,32,101.905320
u128,null,bylength,,32,1.132731
u128,zmij_scalar,bylength,,32,8.646089
u128,zmij_x64_native,bylength,,32,3.889877
u128,zmij_x64_v1,bylength,,32,5.423300
u128,zmij_x64_v2,bylength,,32,4.083536
u128,zmij_x64_v3,bylength,,32,4.023759
u128,zmij_x64_v4,bylength,,32,4.746301
u128,fmt,bylength,,33,26.046669
u128,naive,bylength,,33,106.053385
u128,null,bylength,,33,1.194593
u128,zmij_scalar,bylength,,33,10.535298
u128,zmij_x64_native,bylength,,33,4.427835
u128,zmij_x64_v1,bylength,,33,6.120649
u128,zmij_x64_v2,bylength,,33,4.747194
u128,zmij_x64_v3,bylength,,33,4.629028
u128,zmij_x64_v4,bylength,,33,5.491476
u128,fmt,bylength,,34,26.399164
u128,naive,bylength,,34,108.666849
u128,null,bylength,,34,1.201785
u128,zmij_scalar,bylength,,34,10.555199
u128,zmij_x64_native,bylength,,34,4.444591
u128,zmij_x64_v1,bylength,,34,6.112108
u128,zmij_x64_v2,bylength,,34,4.761606
u128,zmij_x64_v3,bylength,,34,4.557041
u128,zmij_x64_v4,bylength,,34,5.349434
u128,fmt,bylength,,35,26.711944
u128,naive,bylength,,35,112.021437
u128,null,bylength,,35,1.219117
u128,zmij_scalar,bylength,,35,10.526515
u128,zmij_x64_native,bylength,,35,4.452115
u128,zmij_x64_v1,bylength,,35,6.121267
u128,zmij_x64_v2,bylength,,35,4.756516
u128,zmij_x64_v3,bylength,,35,4.540425
u128,zmij_x64_v4,bylength,,35,5.388946
u128,fmt,bylength,,36,27.408633
u128,naive,bylength,,36,115.845572
u128,null,bylength,,36,1.168616
u128,zmij_scalar,bylength,,36,10.488366
u128,zmij_x64_native,bylength,,36,4.443053
u128,zmij_x64_v1,bylength,,36,6.113061
u128,zmij_x64_v2,bylength,,36,4.774453
u128,zmij_x64_v3,bylength,,36,4.529060
u128,zmij_x64_v4,bylength,,36,5.374316
u128,fmt,bylength,,37,27.208016
u128,naive,bylength,,37,119.391012
u128,null,bylength,,37,1.051979
u128,zmij_scalar,bylength,,37,10.519963
u128,zmij_x64_native,bylength,,37,4.461097
u128,zmij_x64_v1,bylength,,37,6.127589
u128,zmij_x64_v2,bylength,,37,4.794736
u128,zmij_x64_v3,bylength,,37,4.541137
u128,zmij_x64_v4,bylength,,37,5.375597
u128,fmt,bylength,,38,28.130882
u128,naive,bylength,,38,121.564786
u128,null,bylength,,38,1.174533
u128,zmij_scalar,bylength,,38,10.512909
u128,zmij_x64_native,bylength,,38,4.458283
u128,zmij_x64_v1,bylength,,38,6.129144
u128,zmij_x64_v2,bylength,,38,4.803034
u128,zmij_x64_v3,bylength,,38,4.552665
u128,zmij_x64_v4,bylength,,38,5.365189
u128,fmt,bylength,,39,35.415347
u128,naive,bylength,,39,125.649059
u128,null,bylength,,39,1.265426
u128,zmij_scalar,bylength,,39,10.668343
u128,zmij_x64_native,bylength,,39,4.517575
u128,zmij_x64_v1,bylength,,39,6.189239
u128,zmij_x64_v2,bylength,,39,4.747093
u128,zmij_x64_v3,bylength,,39,4.534475
u128,zmij_x64_v4,bylength,,39,5.356380
u128,fmt,loguniform,1-39,39,27.684944
u128,naive,loguniform,1-39,39,71.073849
u128,null,loguniform,1-39,39,1.112608
u128,zmij_scalar,loguniform,1-39,39,9.660126
u128,zmij_x64_native,loguniform,1-39,39,6.932372
u128,zmij_x64_v1,loguniform,1-39,39,7.526270
u128,zmij_x64_v2,loguniform,1-39,39,6.632675
u128,zmij_x64_v3,loguniform,1-39,39,6.775029
u128,zmij_x64_v4,loguniform,1-39,39,7.111090
u128,fmt,loguniform,1-4,4,13.960972
u128,naive,loguniform,1-4,4,11.135117
u128,null,loguniform,1-4,4,1.082880
u128,zmij_scalar,loguniform,1-4,4,4.909871
u128,zmij_x64_native,loguniform,1-4,4,2.372554
u128,zmij_x64_v1,loguniform,1-4,4,3.618879
u128,zmij_x64_v2,loguniform,1-4,4,2.507266
u128,zmij_x64_v3,loguniform,1-4,4,2.508320
u128,zmij_x64_v4,loguniform,1-4,4,2.484443
u128,fmt,uniform,0-255,0,11.550625
u128,naive,uniform,0-255,0,9.349231
u128,null,uniform,0-255,0,1.056966
u128,zmij_scalar,uniform,0-255,0,4.883777
u128,zmij_x64_native,uniform,0-255,0,2.364244
u128,zmij_x64_v1,uniform,0-255,0,3.605720
u128,zmij_x64_v2,uniform,0-255,0,2.506458
u128,zmij_x64_v3,uniform,0-255,0,2.490084
u128,zmij_x64_v4,uniform,0-255,0,2.483341
u128,fmt,unpredictable,,1,11.419981
u128,naive,unpredictable,,1,6.508727
u128,null,unpredictable,,1,1.221533
u128,zmij_scalar,unpredictable,,1,4.905553
u128,zmij_x64_native,unpredictable,,1,2.312967
u128,zmij_x64_v1,unpredictable,,1,3.695820
u128,zmij_x64_v2,unpredictable,,1,2.499220
u128,zmij_x64_v3,unpredictable,,1,2.573929
u128,zmij_x64_v4,unpredictable,,1,2.607339
u128,fmt,unpredictable,,2,11.686581
u128,naive,unpredictable,,2,10.216189
u128,null,unpredictable,,2,1.456989
u128,zmij_scalar,unpredictable,,2,5.053038
u128,zmij_x64_native,unpredictable,,2,2.342583
u128,zmij_x64_v1,unpredictable,,2,3.714054
u128,zmij_x64_v2,unpredictable,,2,2.647964
u128,zmij_x64_v3,unpredictable,,2,2.810506
u128,zmij_x64_v4,unpredictable,,2,2.910041
u128,fmt,unpredictable,,3,11.628010
u128,naive,unpredictable,,3,11.284982
u128,null,unpredictable,,3,1.507229
u128,zmij_scalar,unpredictable,,3,5.029835
u128,zmij_x64_native,unpredictable,,3,2.420655
u128,zmij_x64_v1,unpredictable,,3,3.688571
u128,zmij_x64_v2,unpredictable,,3,2.503105
u128,zmij_x64_v3,unpredictable,,3,2.542323
u128,zmij_x64_v4,unpredictable,,3,2.795484
u128,fmt,unpredictable,,4,11.630753
u128,naive,unpredictable,,4,14.441926
u128,null,unpredictable,,4,1.354414
u128,zmij_scalar,unpredictable,,4,5.049388
u128,zmij_x64_native,unpredictable,,4,2.368725
u128,zmij_x64_v1,unpredictable,,4,3.704461
u128,zmij_x64_v2,unpredictable,,4,2.502131
u128,zmij_x64_v3,unpredictable,,4,2.627767
u128,zmij_x64_v4,unpredictable,,4,2.713595
u128,fmt,unpredictable,,5,10.698451
u128,naive,unpredictable,,5,17.209682
u128,null,unpredictable,,5,1.429404
u128,zmij_scalar,unpredictable,,5,5.002718
u128,zmij_x64_native,unpredictable,,5,2.322853
u128,zmij_x64_v1,unpredictable,,5,3.652248
u128,zmij_x64_v2,unpredictable,,5,2.487550
u128,zmij_x64_v3,unpredictable,,5,2.555123
u128,zmij_x64_v4,unpredictable,,5,2.647768
u128,fmt,unpredictable,,6,10.889946
u128,naive,unpredictable,,6,20.340667
u128,null,unpredictable,,6,1.041672
u128,zmij_scalar,unpredictable,,6,5.012727
u128,zmij_x64_native,unpredictable,,6,2.482080
u128,zmij_x64_v1,unpredictable,,6,3.645412
u128,zmij_x64_v2,unpredictable,,6,2.483438
u128,zmij_x64_v3,unpredictable,,6,2.556742
u128,zmij_x64_v4,unpredictable,,6,2.601479
u128,fmt,unpredictable,,7,11.556439
u128,naive,unpredictable,,7,23.578592
u128,null,unpredictable,,7,1.057585
u128,zmij_scalar,unpredictable,,7,4.963543
u128,zmij_x64_native,unpredictable,,7,2.272690
u128,zmij_x64_v1,unpredictable,,7,3.692037
u128,zmij_x64_v2,unpredictable,,7,2.491577
u128,zmij_x64_v3,unpredictable,,7,2.549021
u128,zmij_x64_v4,unpredictable,,7,2.635221
u128,fmt,unpredictable,,8,11.157866
u128,naive,unpredictable,,8,25.515181
u128,null,unpredictable,,8,1.403614
u128,zmij_scalar,unpredictable,,8,4.962405
u128,zmij_x64_native,unpredictable,,8,2.301727
u128,zmij_x64_v1,unpredictable,,8,3.718003
u128,zmij_x64_v2,unpredictable,,8,2.507600
u128,zmij_x64_v3,unpredictable,,8,2.545371
u128,zmij_x64_v4,unpredictable,,8,2.690824
u128,fmt,unpredictable,,9,12.068177
u128,naive,unpredictable,,9,30.670921
u128,null,unpredictable,,9,1.041733
u128,zmij_scalar,unpredictable,,9,4.980690
u128,zmij_x64_native,unpredictable,,9,2.345374
u128,zmij_x64_v1,unpredictable,,9,3.745679
u128,zmij_x64_v2,unpredictable,,9,2.500607
u128,zmij_x64_v3,unpredictable,,9,2.557511
u128,zmij_x64_v4,unpredictable,,9,2.646341
u128,fmt,unpredictable,,10,12.534117
u128,naive,unpredictable,,10,32.457655
u128,null,unpredictable,,10,1.328468
u128,zmij_scalar,unpredictable,,10,5.060054
u128,zmij_x64_native,unpredictable,,10,2.329955
u128,zmij_x64_v1,unpredictable,,10,3.738646
u128,zmij_x64_v2,unpredictable,,10,2.565114
u128,zmij_x64_v3,unpredictable,,10,2.698750
u128,zmij_x64_v4,unpredictable,,10,2.751201
u128,fmt,unpredictable,,11,12.699180
u128,naive,unpredictable,,11,36.278240
u128,null,unpredictable,,11,1.327493
u128,zmij_scalar,unpredictable,,11,5.017646
u128,zmij_x64_native,unpredictable,,11,2.361701
u128,zmij_x64_v1,unpredictable,,11,3.748618
u128,zmij_x64_v2,unpredictable,,11,2.486507
u128,zmij_x64_v3,unpredictable,,11,2.546101
u128,zmij_x64_v4,unpredictable,,11,2.638451
u128,fmt,unpredictable,,12,12.872098
u128,naive,unpredictable,,12,38.905760
u128,null,unpredictable,,12,1.173452
u128,zmij_scalar,unpredictable,,12,4.947792
u128,zmij_x64_native,unpredictable,,12,2.314888
u128,zmij_x64_v1,unpredictable,,12,3.722849
u128,zmij_x64_v2,unpredictable,,12,2.499158
u128,zmij_x64_v3,unpredictable,,12,2.580838
u128,zmij_x64_v4,unpredictable,,12,2.620995
u128,fmt,unpredictable,,13,14.012947
u128,naive,unpredictable,,13,42.577014
u128,null,unpredictable,,13,1.123748
u128,zmij_scalar,unpredictable,,13,4.998098
u128,zmij_x64_native,unpredictable,,13,2.348144
u128,zmij_x64_v1,unpredictable,,13,3.711951
u128,zmij_x64_v2,unpredictable,,13,2.516959
u128,zmij_x64_v3,unpredictable,,13,2.581373
u128,zmij_x64_v4,unpredictable,,13,2.597389
u128,fmt,unpredictable,,14,14.333161
u128,naive,unpredictable,,14,45.431752
u128,null,unpredictable,,14,1.369966
u128,zmij_scalar,unpredictable,,14,5.054988
u128,zmij_x64_native,unpredictable,,14,2.319393
u128,zmij_x64_v1,unpredictable,,14,3.706438
u128,zmij_x64_v2,unpredictable,,14,2.535193
u128,zmij_x64_v3,unpredictable,,14,2.556353
u128,zmij_x64_v4,unpredictable,,14,2.703604
u128,fmt,unpredictable,,15,15.961098
u128,naive,unpredictable,,15,49.120708
u128,null,unpredictable,,15,1.345701
u128,zmij_scalar,unpredictable,,15,4.944239
u128,zmij_x64_native,unpredictable,,15,2.360205
u128,zmij_x64_v1,unpredictable,,15,3.709902
u128,zmij_x64_v2,unpredictable,,15,2.512105
u128,zmij_x64_v3,unpredictable,,15,2.555139
u128,zmij_x64_v4,unpredictable,,15,2.630301
u128,fmt,unpredictable,,16,14.526525
u128,naive,unpredictable,,16,50.221347
u128,null,unpredictable,,16,1.314520
u128,zmij_scalar,unpredictable,,16,5.038836
u128,zmij_x64_native,unpredictable,,16,2.378083
u128,zmij_x64_v1,unpredictable,,16,3.869677
u128,zmij_x64_v2,unpredictable,,16,2.698948
u128,zmij_x64_v3,unpredictable,,16,2.548680
u128,zmij_x64_v4,unpredictable,,16,2.643055
u128,fmt,unpredictable,,17,15.432863
u128,naive,unpredictable,,17,54.093105
u128,null,unpredictable,,17,1.255702
u128,zmij_scalar,unpredictable,,17,5.005374
u128,zmij_x64_native,unpredictable,,17,2.325996
u128,zmij_x64_v1,unpredictable,,17,3.648022
u128,zmij_x64_v2,unpredictable,,17,2.557643
u128,zmij_x64_v3,unpredictable,,17,2.633628
u128,zmij_x64_v4,unpredictable,,17,2.697620
u128,fmt,unpredictable,,18,15.971344
u128,naive,unpredictable,,18,57.283926
u128,null,unpredictable,,18,1.263474
u128,zmij_scalar,unpredictable,,18,5.002700
u128,zmij_x64_native,unpredictable,,18,2.347126
u128,zmij_x64_v1,unpredictable,,18,3.705314
u128,zmij_x64_v2,unpredictable,,18,2.515173
u128,zmij_x64_v3,unpredictable,,18,2.580499
u128,zmij_x64_v4,unpredictable,,18,2.656419
u128,fmt,unpredictable,,19,16.928815
u128,naive,unpredictable,,19,61.376894
u128,null,unpredictable,,19,1.214568
u128,zmij_scalar,unpredictable,,19,5.202810
u128,zmij_x64_native,unpredictable,,19,2.537639
u128,zmij_x64_v1,unpredictable,,19,3.842042
u128,zmij_x64_v2,unpredictable,,19,2.571656
u128,zmij_x64_v3,unpredictable,,19,2.600860
u128,zmij_x64_v4,unpredictable,,19,2.676991
u128,fmt,unpredictable,,20,23.534688
u128,naive,unpredictable,,20,64.377420
u128,null,unpredictable,,20,1.326157
u128,zmij_scalar,unpredictable,,20,8.625190
u128,zmij_x64_native,unpredictable,,20,4.528507
u128,zmij_x64_v1,unpredictable,,20,5.663193
u128,zmij_x64_v2,unpredictable,,20,4.566007
u128,zmij_x64_v3,unpredictable,,20,4.304570
u128,zmij_x64_v4,unpredictable,,20,5.190897
u128,fmt,unpredictable,,21,23.713793
u128,naive,unpredictable,,21,69.051067
u128,null,unpredictable,,21,1.448487
u128,zmij_scalar,unpredictable,,21,8.957094
u128,zmij_x64_native,unpredictable,,21,4.254261
u128,zmij_x64_v1,unpredictable,,21,5.574051
u128,zmij_x64_v2,unpredictable,,21,4.329345
u128,zmij_x64_v3,unpredictable,,21,4.116288
u128,zmij_x64_v4,unpredictable,,21,4.705448
u128,fmt,unpredictable,,22,23.349766
u128,naive,unpredictable,,22,71.149634
u128,null,unpredictable,,22,1.358702
u128,zmij_scalar,unpredictable,,22,8.570847
u128,zmij_x64_native,unpredictable,,22,3.985183
u128,zmij_x64_v1,unpredictable,,22,5.317573
u128,zmij_x64_v2,unpredictable,,22,4.103302
u128,zmij_x64_v3,unpredictable,,22,3.955790
u128,zmij_x64_v4,unpredictable,,22,4.567276
u128,fmt,unpredictable,,23,23.790337
u128,naive,unpredictable,,23,74.502627
u128,null,unpredictable,,23,1.138813
u128,zmij_scalar,unpredictable,,23,8.618621
u128,zmij_x64_native,unpredictable,,23,3.850829
u128,zmij_x64_v1,unpredictable,,23,5.313545
u128,zmij_x64_v2,unpredictable,,23,4.103216
u128,zmij_x64_v3,unpredictable,,23,3.933771
u128,zmij_x64_v4,unpredictable,,23,4.553025
u128,fmt,unpredictable,,24,24.336764
u128,naive,unpredictable,,24,76.101672
u128,null,unpredictable,,24,1.469925
u128,zmij_scalar,unpredictable,,24,8.696750
u128,zmij_x64_native,unpredictable,,24,4.010405
u128,zmij_x64_v1,unpredictable,,24,5.328313
u128,zmij_x64_v2,unpredictable,,24,4.095108
u128,zmij_x64_v3,unpredictable,,24,3.925961
u128,zmij_x64_v4,unpredictable,,24,4.586691
u128,fmt,unpredictable,,25,25.821883
u128,naive,unpredictable,,25,81.330831
u128,null,unpredictable,,25,1.319846
u128,zmij_scalar,unpredictable,,25,8.959255
u128,zmij_x64_native,unpredictable,,25,4.160956
u128,zmij_x64_v1,unpredictable,,25,5.558220
u128,zmij_x64_v2,unpredictable,,25,4.225448
u128,zmij_x64_v3,unpredictable,,25,4.077826
u128,zmij_x64_v4,unpredictable,,25,4.701083
u128,fmt,unpredictable,,26,24.748941
u128,naive,unpredictable,,26,83.404193
u128,null,unpredictable,,26,1.404392
u128,zmij_scalar,unpredictable,,26,8.550946
u128,zmij_x64_native,unpredictable,,26,3.874835
u128,zmij_x64_v1,unpredictable,,26,5.320240
u128,zmij_x64_v2,unpredictable,,26,4.127896
u128,zmij_x64_v3,unpredictable,,26,3.962700
u128,zmij_x64_v4,unpredictable,,26,4.517891
u128,fmt,unpredictable,,27,25.159391
u128,naive,unpredictable,,27,89.112223
u128,null,unpredictable,,27,1.482808
u128,zmij_scalar,unpredictable,,27,8.618905
u128,zmij_x64_native,unpredictable,,27,3.994609
u128,zmij_x64_v1,unpredictable,,27,5.307644
u128,zmij_x64_v2,unpredictable,,27,4.110788
u128,zmij_x64_v3,unpredictable,,27,3.950010
u128,zmij_x64_v4,unpredictable,,27,4.593862
u128,fmt,unpredictable,,28,25.349856
u128,naive,unpredictable,,28,91.277188
u128,null,unpredictable,,28,1.070850
u128,zmij_scalar,unpredictable,,28,8.472903
u128,zmij_x64_native,unpredictable,,28,3.940410
u128,zmij_x64_v1,unpredictable,,28,5.324332
u128,zmij_x64_v2,unpredictable,,28,4.088076
u128,zmij_x64_v3,unpredictable,,28,4.001343
u128,zmij_x64_v4,unpredictable,,28,4.552059
u128,fmt,unpredictable,,29,25.259728
u128,naive,unpredictable,,29,94.991085
u128,null,unpredictable,,29,1.261005
u128,zmij_scalar,unpredictable,,29,8.539516
u128,zmij_x64_native,unpredictable,,29,3.977573
u128,zmij_x64_v1,unpredictable,,29,5.291602
u128,zmij_x64_v2,unpredictable,,29,4.078478
u128,zmij_x64_v3,unpredictable,,29,3.950473
u128,zmij_x64_v4,unpredictable,,29,4.544057
u128,fmt,unpredictable,,30,25.805855
u128,naive,unpredictable,,30,98.458923
u128,null,unpredictable,,30,1.276311
u128,zmij_scalar,unpredictable,,30,8.695469
u128,zmij_x64_native,unpredictable,,30,4.035632
u128,zmij_x64_v1,unpredictable,,30,5.551641
u128,zmij_x64_v2,unpredictable,,30,4.216931
u128,zmij_x64_v3,unpredictable,,30,3.936093
u128,zmij_x64_v4,unpredictable,,30,4.494726
u128,fmt,unpredictable,,31,25.367154
u128,naive,unpredictable,,31,101.422512
u128,null,unpredictable,,31,1.278589
u128,zmij_scalar,unpredictable,,31,8.594705
u128,zmij_x64_native,unpredictable,,31,3.855844
u128,zmij_x64_v1,unpredictable,,31,5.289351
u128,zmij_x64_v2,unpredictable,,31,4.113132
u128,zmij_x64_v3,unpredictable,,31,3.918148
u128,zmij_x64_v4,unpredictable,,31,4.511111
u128,fmt,unpredictable,,32,25.875257
u128,naive,unpredictable,,32,101.143556
u128,null,unpredictable,,32,1.365910
u128,zmij_scalar,unpredictable,,32,8.522056
u128,zmij_x64_native,unpredictable,,32,3.972651
u128,zmij_x64_v1,unpredictable,,32,5.283389
u128,zmij_x64_v2,unpredictable,,32,4.052899
u128,zmij_x64_v3,unpredictable,,32,3.935008
u128,zmij_x64_v4,unpredictable,,32,4.770204
u128,fmt,unpredictable,,33,27.387308
u128,naive,unpredictable,,33,107.567783
u128,null,unpredictable,,33,1.402955
u128,zmij_scalar,unpredictable,,33,11.567974
u128,zmij_x64_native,unpredictable,,33,5.700447
u128,zmij_x64_v1,unpredictable,,33,6.758008
u128,zmij_x64_v2,unpredictable,,33,5.663472
u128,zmij_x64_v3,unpredictable,,33,5.522363
u128,zmij_x64_v4,unpredictable,,33,6.411338
u128,fmt,unpredictable,,34,27.168070
u128,naive,unpredictable,,34,108.887730
u128,null,unpredictable,,34,1.404221
u128,zmij_scalar,unpredictable,,34,11.197197
u128,zmij_x64_native,unpredictable,,34,5.728013
u128,zmij_x64_v1,unpredictable,,34,6.782984
u128,zmij_x64_v2,unpredictable,,34,5.676982
u128,zmij_x64_v3,unpredictable,,34,5.527269
u128,zmij_x64_v4,unpredictable,,34,6.369072
u128,fmt,unpredictable,,35,27.403299
u128,naive,unpredictable,,35,112.618423
u128,null,unpredictable,,35,1.348530
u128,zmij_scalar,unpredictable,,35,11.147655
u128,zmij_x64_native,unpredictable,,35,5.702739
u128,zmij_x64_v1,unpredictable,,35,6.676766
u128,zmij_x64_v2,unpredictable,,35,5.663628
u128,zmij_x64_v3,unpredictable,,35,5.512974
u128,zmij_x64_v4,unpredictable,,35,6.356019
u128,fmt,unpredictable,,36,27.776003
u128,naive,unpredictable,,36,116.058707
u128,null,unpredictable,,36,1.268852
u128,zmij_scalar,unpredictable,,36,11.140944
u128,zmij_x64_native,unpredictable,,36,5.735723
u128,zmij_x64_v1,unpredictable,,36,6.730450
u128,zmij_x64_v2,unpredictable,,36,5.645289
u128,zmij_x64_v3,unpredictable,,36,5.547380
u128,zmij_x64_v4,unpredictable,,36,6.337871
u128,fmt,unpredictable,,37,28.442904
u128,naive,unpredictable,,37,121.015620
u128,null,unpredictable,,37,1.309432
u128,zmij_scalar,unpredictable,,37,11.167789
u128,zmij_x64_native,unpredictable,,37,5.625585
u128,zmij_x64_v1,unpredictable,,37,6.981474
u128,zmij_x64_v2,unpredictable,,37,5.651831
u128,zmij_x64_v3,unpredictable,,37,5.485314
u128,zmij_x64_v4,unpredictable,,37,6.374375
u128,fmt,unpredictable,,38,28.625706
u128,naive,unpredictable,,38,122.918082
u128,null,unpredictable,,38,1.322450
u128,zmij_scalar,unpredictable,,38,11.250337
u128,zmij_x64_native,unpredictable,,38,5.585737
u128,zmij_x64_v1,unpredictable,,38,6.739724
u128,zmij_x64_v2,unpredictable,,38,5.878589
u128,zmij_x64_v3,unpredictable,,38,5.598653
u128,zmij_x64_v4,unpredictable,,38,6.476282
u128,fmt,unpredictable,,39,36.100596
u128,naive,unpredictable,,39,126.097799
u128,null,unpredictable,,39,1.276864
u128,zmij_scalar,unpredictable,,39,11.146425
u128,zmij_x64_native,unpredictable,,39,5.649110
u128,zmij_x64_v1,unpredictable,,39,6.798195
u128,zmij_x64_v2,unpredictable,,39,5.696776
u128,zmij_x64_v3,unpredictable,,39,5.582042
u128,zmij_x64_v4,unpredictable,,39,6.452510
u128,fmt,admixture,5x6,0,10.044159
u128,naive,admixture,5x6,0,17.527746
u128,null,admixture,5x6,0,1.133942
u128,zmij_scalar,admixture,5x6,0,4.876596
u128,zmij_x64_native,admixture,5x6,0,2.372838
u128,zmij_x64_v1,admixture,5x6,0,3.606632
u128,zmij_x64_v2,admixture,5x6,0,2.516502
u128,zmij_x64_v3,admixture,5x6,0,2.481106
u128,zmij_x64_v4,admixture,5x6,0,2.477750
u128,fmt,admixture,5x6,10,10.631534
u128,naive,admixture,5x6,10,17.965178
u128,null,admixture,5x6,10,1.110588
u128,zmij_scalar,admixture,5x6,10,5.023057
u128,zmij_x64_native,admixture,5x6,10,2.419549
u128,zmij_x64_v1,admixture,5x6,10,3.664183
u128,zmij_x64_v2,admixture,5x6,10,2.546991
u128,zmij_x64_v3,admixture,5x6,10,2.535461
u128,zmij_x64_v4,admixture,5x6,10,2.528388
u128,fmt,admixture,5x6,20,11.486678
u128,naive,admixture,5x6,20,18.657433
u128,null,admixture,5x6,20,1.249424
u128,zmij_scalar,admixture,5x6,20,4.927306
u128,zmij_x64_native,admixture,5x6,20,2.383626
u128,zmij_x64_v1,admixture,5x6,20,3.616601
u128,zmij_x64_v2,admixture,5x6,20,2.509192
u128,zmij_x64_v3,admixture,5x6,20,2.489251
u128,zmij_x64_v4,admixture,5x6,20,2.481225
u128,fmt,admixture,5x6,30,11.981204
u128,naive,admixture,5x6,30,19.142682
u128,null,admixture,5x6,30,1.241517
u128,zmij_scalar,admixture,5x6,30,4.853072
u128,zmij_x64_native,admixture,5x6,30,2.375370
u128,zmij_x64_v1,admixture,5x6,30,3.583562
u128,zmij_x64_v2,admixture,5x6,30,2.499233
u128,zmij_x64_v3,admixture,5x6,30,2.488504
u128,zmij_x64_v4,admixture,5x6,30,2.476116
u128,fmt,admixture,5x6,40,12.932067
u128,naive,admixture,5x6,40,20.058585
u128,null,admixture,5x6,40,1.212633
u128,zmij_scalar,admixture,5x6,40,4.901207
u128,zmij_x64_native,admixture,5x6,40,2.387104
u128,zmij_x64_v1,admixture,5x6,40,3.623683
u128,zmij_x64_v2,admixture,5x6,40,2.498675
u128,zmij_x64_v3,admixture,5x6,40,2.479279
u128,zmij_x64_v4,admixture,5x6,40,2.481975
u128,fmt,admixture,5x6,50,13.150645
u128,naive,admixture,5x6,50,19.337046
u128,null,admixture,5x6,50,1.098773
u128,zmij_scalar,admixture,5x6,50,4.926525
u128,zmij_x64_native,admixture,5x6,50,2.375719
u128,zmij_x64_v1,admixture,5x6,50,3.677283
u128,zmij_x64_v2,admixture,5x6,50,2.539070
u128,zmij_x64_v3,admixture,5x6,50,2.491471
u128,zmij_x64_v4,admixture,5x6,50,2.488021
u128,fmt,admixture,5x6,60,12.712646
u128,naive,admixture,5x6,60,18.237150
u128,null,admixture,5x6,60,1.207965
u128,zmij_scalar,admixture,5x6,60,4.865718
u128,zmij_x64_native,admixture,5x6,60,2.376601
u128,zmij_x64_v1,admixture,5x6,60,3.659805
u128,zmij_x64_v2,admixture,5x6,60,2.503956
u128,zmij_x64_v3,admixture,5x6,60,2.466798
u128,zmij_x64_v4,admixture,5x6,60,2.483174
u128,fmt,admixture,5x6,70,11.942892
u128,naive,admixture,5x6,70,17.058425
u128,null,admixture,5x6,70,1.234470
u128,zmij_scalar,admixture,5x6,70,4.889065
u128,zmij_x64_native,admixture,5x6,70,2.356884
u128,zmij_x64_v1,admixture,5x6,70,3.607686
u128,zmij_x64_v2,admixture,5x6,70,2.536342
u128,zmij_x64_v3,admixture,5x6,70,2.467913
u128,zmij_x64_v4,admixture,5x6,70,2.479228
u128,fmt,admixture,5x6,80,11.334188
u128,naive,admixture,5x6,80,16.107101
u128,null,admixture,5x6,80,1.060040
u128,zmij_scalar,admixture,5x6,80,4.878142
u128,zmij_x64_native,admixture,5x6,80,2.372690
u128,zmij_x64_v1,admixture,5x6,80,3.608479
u128,zmij_x64_v2,admixture,5x6,80,2.486340
u128,zmij_x64_v3,admixture,5x6,80,2.486984
u128,zmij_x64_v4,admixture,5x6,80,2.470378
u128,fmt,admixture,5x6,90,10.722587
u128,naive,admixture,5x6,90,15.090530
u128,null,admixture,5x6,90,1.091629
u128,zmij_scalar,admixture,5x6,90,4.845419
u128,zmij_x64_native,admixture,5x6,90,2.370005
u128,zmij_x64_v1,admixture,5x6,90,3.604156
u128,zmij_x64_v2,admixture,5x6,90,2.494662
u128,zmij_x64_v3,admixture,5x6,90,2.478925
u128,zmij_x64_v4,admixture,5x6,90,2.478414
u128,fmt,admixture,5x6,100,10.099936
u128,naive,admixture,5x6,100,14.188564
u128,null,admixture,5x6,100,1.122930
u128,zmij_scalar,admixture,5x6,100,4.853436
u128,zmij_x64_native,admixture,5x6,100,2.375117
u128,zmij_x64_v1,admixture,5x6,100,3.612268
u128,zmij_x64_v2,admixture,5x6,100,2.516038
u128,zmij_x64_v3,admixture,5x6,100,2.482912
u128,zmij_x64_v4,admixture,5x6,100,2.478106
u128,fmt,admixture,straddle64,0,22.072455
u128,naive,admixture,straddle64,0,71.686658
u128,null,admixture,straddle64,0,1.182451
u128,zmij_scalar,admixture,straddle64,0,8.670255
u128,zmij_x64_native,admixture,straddle64,0,3.875853
u128,zmij_x64_v1,admixture,straddle64,0,5.434039
u128,zmij_x64_v2,admixture,straddle64,0,3.994547
u128,zmij_x64_v3,admixture,straddle64,0,3.910725
u128,zmij_x64_v4,admixture,straddle64,0,4.613501
u128,fmt,admixture,straddle64,10,22.398202
u128,naive,admixture,straddle64,10,71.385717
u128,null,admixture,straddle64,10,0.969485
u128,zmij_scalar,admixture,straddle64,10,8.697175
u128,zmij_x64_native,admixture,straddle64,10,4.278281
u128,zmij_x64_v1,admixture,straddle64,10,5.620859
u128,zmij_x64_v2,admixture,straddle64,10,4.329067
u128,zmij_x64_v3,admixture,straddle64,10,4.237943
u128,zmij_x64_v4,admixture,straddle64,10,4.794552
u128,fmt,admixture,straddle64,20,23.141229
u128,naive,admixture,straddle64,20,70.734566
u128,null,admixture,straddle64,20,1.251530
u128,zmij_scalar,admixture,straddle64,20,8.766003
u128,zmij_x64_native,admixture,straddle64,20,4.591709
u128,zmij_x64_v1,admixture,straddle64,20,5.766696
u128,zmij_x64_v2,admixture,straddle64,20,4.635458
u128,zmij_x64_v3,admixture,straddle64,20,4.484681
u128,zmij_x64_v4,admixture,straddle64,20,4.938739
u128,fmt,admixture,straddle64,30,23.472043
u128,naive,admixture,straddle64,30,70.589749
u128,null,admixture,straddle64,30,1.179482
u128,zmij_scalar,admixture,straddle64,30,8.583225
u128,zmij_x64_native,admixture,straddle64,30,4.903295
u128,zmij_x64_v1,admixture,straddle64,30,6.005649
u128,zmij_x64_v2,admixture,straddle64,30,4.944275
u128,zmij_x64_v3,admixture,straddle64,30,4.796105
u128,zmij_x64_v4,admixture,straddle64,30,5.224605
u128,fmt,admixture,straddle64,40,24.009744
u128,naive,admixture,straddle64,40,70.276457
u128,null,admixture,straddle64,40,1.188751
u128,zmij_scalar,admixture,straddle64,40,8.533077
u128,zmij_x64_native,admixture,straddle64,40,5.329823
u128,zmij_x64_v1,admixture,straddle64,40,6.202231
u128,zmij_x64_v2,admixture,straddle64,40,5.190598
u128,zmij_x64_v3,admixture,straddle64,40,5.142537
u128,zmij_x64_v4,admixture,straddle64,40,5.414982
u128,fmt,admixture,straddle64,50,24.091765
u128,naive,admixture,straddle64,50,70.010804
u128,null,admixture,straddle64,50,1.110688
u128,zmij_scalar,admixture,straddle64,50,8.785442
u128,zmij_x64_native,admixture,straddle64,50,5.690979
u128,zmij_x64_v1,admixture,straddle64,50,6.450974
u128,zmij_x64_v2,admixture,straddle64,50,5.556665
u128,zmij_x64_v3,admixture,straddle64,50,5.436824
u128,zmij_x64_v4,admixture,straddle64,50,5.555492
u128,fmt,admixture,straddle64,60,24.055645
u128,naive,admixture,straddle64,60,71.448726
u128,null,admixture,straddle64,60,1.141383
u128,zmij_scalar,admixture,straddle64,60,8.075819
u128,zmij_x64_native,admixture,straddle64,60,5.146789
u128,zmij_x64_v1,admixture,straddle64,60,6.006426
u128,zmij_x64_v2,admixture,straddle64,60,5.013080
u128,zmij_x64_v3,admixture,straddle64,60,4.978919
u128,zmij_x64_v4,admixture,straddle64,60,5.044785
u128,fmt,admixture,straddle64,70,23.072324
u128,naive,admixture,straddle64,70,69.901662
u128,null,admixture,straddle64,70,1.160065
u128,zmij_scalar,admixture,straddle64,70,7.137205
u128,zmij_x64_native,admixture,straddle64,70,4.290796
u128,zmij_x64_v1,admixture,straddle64,70,5.237118
u128,zmij_x64_v2,admixture,straddle64,70,4.245922
u128,zmij_x64_v3,admixture,straddle64,70,4.222873
u128,zmij_x64_v4,admixture,straddle64,70,4.391984
u128,fmt,admixture,straddle64,80,22.145745
u128,naive,admixture,straddle64,80,68.640098
u128,null,admixture,straddle64,80,1.248740
u128,zmij_scalar,admixture,straddle64,80,6.268372
u128,zmij_x64_native,admixture,straddle64,80,3.537554
u128,zmij_x64_v1,admixture,straddle64,80,4.624578
u128,zmij_x64_v2,admixture,straddle64,80,3.621305
u128,zmij_x64_v3,admixture,straddle64,80,3.584786
u128,zmij_x64_v4,admixture,straddle64,80,3.723390
u128,fmt,admixture,straddle64,90,21.090684
u128,naive,admixture,straddle64,90,67.432830
u128,null,admixture,straddle64,90,1.268067
u128,zmij_scalar,admixture,straddle64,90,5.624327
u128,zmij_x64_native,admixture,straddle64,90,3.029718
u128,zmij_x64_v1,admixture,straddle64,90,4.199925
u128,zmij_x64_v2,admixture,straddle64,90,3.118689
u128,zmij_x64_v3,admixture,straddle64,90,3.143352
u128,zmij_x64_v4,admixture,straddle64,90,3.215847
u128,fmt,admixture,straddle64,100,20.440276
u128,naive,admixture,straddle64,100,66.326854
u128,null,admixture,straddle64,100,1.163490
u128,zmij_scalar,admixture,straddle64,100,4.940372
u128,zmij_x64_native,admixture,straddle64,100,2.390641
u128,zmij_x64_v1,admixture,straddle64,100,3.642217
u128,zmij_x64_v2,admixture,straddle64,100,2.535105
u128,zmij_x64_v3,admixture,straddle64,100,2.501090
u128,zmij_x64_v4,admixture,straddle64,100,2.483946
u128,fmt,admixture,straddle1e32,0,27.359358
u128,naive,admixture,straddle1e32,0,111.624291
u128,null,admixture,straddle1e32,0,1.268944
u128,zmij_scalar,admixture,straddle1e32,0,10.731226
u128,zmij_x64_native,admixture,straddle1e32,0,4.548402
u128,zmij_x64_v1,admixture,straddle1e32,0,6.137859
u128,zmij_x64_v2,admixture,straddle1e32,0,4.764534
u128,zmij_x64_v3,admixture,straddle1e32,0,4.552733
u128,zmij_x64_v4,admixture,straddle1e32,0,5.445056
u128,fmt,admixture,straddle1e32,10,27.746339
u128,naive,admixture,straddle1e32,10,109.096398
u128,null,admixture,straddle1e32,10,1.019805
u128,zmij_scalar,admixture,straddle1e32,10,10.599951
u128,zmij_x64_native,admixture,straddle1e32,10,5.048643
u128,zmij_x64_v1,admixture,straddle1e32,10,6.531000
u128,zmij_x64_v2,admixture,straddle1e32,10,5.167418
u128,zmij_x64_v3,admixture,straddle1e32,10,5.029234
u128,zmij_x64_v4,admixture,straddle1e32,10,5.932467
u128,fmt,admixture,straddle1e32,20,27.989621
u128,naive,admixture,straddle1e32,20,108.573801
u128,null,admixture,straddle1e32,20,1.145558
u128,zmij_scalar,admixture,straddle1e32,20,10.658826
u128,zmij_x64_native,admixture,straddle1e32,20,5.585979
u128,zmij_x64_v1,admixture,straddle1e32,20,6.950019
u128,zmij_x64_v2,admixture,straddle1e32,20,5.545643
u128,zmij_x64_v3,admixture,straddle1e32,20,5.484216
u128,zmij_x64_v4,admixture,straddle1e32,20,6.444297
u128,fmt,admixture,straddle1e32,30,27.903754
u128,naive,admixture,straddle1e32,30,108.948831
u128,null,admixture,straddle1e32,30,1.215592
u128,zmij_scalar,admixture,straddle1e32,30,10.707591
u128,zmij_x64_native,admixture,straddle1e32,30,6.157531
u128,zmij_x64_v1,admixture,straddle1e32,30,7.380546
u128,zmij_x64_v2,admixture,straddle1e32,30,5.993796
u128,zmij_x64_v3,admixture,straddle1e32,30,5.992212
u128,zmij_x64_v4,admixture,straddle1e32,30,7.026285
u128,fmt,admixture,straddle1e32,40,28.338407
u128,naive,admixture,straddle1e32,40,108.833143
u128,null,admixture,straddle1e32,40,1.128544
u128,zmij_scalar,admixture,straddle1e32,40,10.714607
u128,zmij_x64_native,admixture,straddle1e32,40,6.623979
u128,zmij_x64_v1,admixture,straddle1e32,40,7.982053
u128,zmij_x64_v2,admixture,straddle1e32,40,6.322767
u128,zmij_x64_v3,admixture,straddle1e32,40,6.433207
u128,zmij_x64_v4,admixture,straddle1e32,40,7.566179
u128,fmt,admixture,straddle1e32,50,28.380646
u128,naive,admixture,straddle1e32,50,107.997157
u128,null,admixture,straddle1e32,50,1.164405
u128,zmij_scalar,admixture,straddle1e32,50,10.600463
u128,zmij_x64_native,admixture,straddle1e32,50,6.818928
u128,zmij_x64_v1,admixture,straddle1e32,50,8.176784
u128,zmij_x64_v2,admixture,straddle1e32,50,6.524350
u128,zmij_x64_v3,admixture,straddle1e32,50,6.651810
u128,zmij_x64_v4,admixture,straddle1e32,50,7.711529
u128,fmt,admixture,straddle1e32,60,27.572154
u128,naive,admixture,straddle1e32,60,106.403456
u128,null,admixture,straddle1e32,60,1.239931
u128,zmij_scalar,admixture,straddle1e32,60,10.232308
u128,zmij_x64_native,admixture,straddle1e32,60,6.360518
u128,zmij_x64_v1,admixture,straddle1e32,60,7.828785
u128,zmij_x64_v2,admixture,straddle1e32,60,6.223723
u128,zmij_x64_v3,admixture,straddle1e32,60,6.353673
u128,zmij_x64_v4,admixture,straddle1e32,60,7.355923
u128,fmt,admixture,straddle1e32,70,27.069603
u128,naive,admixture,straddle1e32,70,104.641601
u128,null,admixture,straddle1e32,70,1.173188
u128,zmij_scalar,admixture,straddle1e32,70,9.899221
u128,zmij_x64_native,admixture,straddle1e32,70,5.785653
u128,zmij_x64_v1,admixture,straddle1e32,70,7.177333
u128,zmij_x64_v2,admixture,straddle1e32,70,5.624282
u128,zmij_x64_v3,admixture,straddle1e32,70,5.793832
u128,zmij_x64_v4,admixture,straddle1e32,70,6.789411
u128,fmt,admixture,straddle1e32,80,26.631173
u128,naive,admixture,straddle1e32,80,103.930055
u128,null,admixture,straddle1e32,80,1.247653
u128,zmij_scalar,admixture,straddle1e32,80,9.474267
u128,zmij_x64_native,admixture,straddle1e32,80,5.191745
u128,zmij_x64_v1,admixture,straddle1e32,80,6.571409
u128,zmij_x64_v2,admixture,straddle1e32,80,5.057796
u128,zmij_x64_v3,admixture,straddle1e32,80,5.112882
u128,zmij_x64_v4,admixture,straddle1e32,80,5.991198
u128,fmt,admixture,straddle1e32,90,26.170214
u128,naive,admixture,straddle1e32,90,102.661771
u128,null,admixture,straddle1e32,90,1.016867
u128,zmij_scalar,admixture,straddle1e32,90,9.103698
u128,zmij_x64_native,admixture,straddle1e32,90,4.566145
u128,zmij_x64_v1,admixture,straddle1e32,90,6.007054
u128,zmij_x64_v2,admixture,straddle1e32,90,4.571962
u128,zmij_x64_v3,admixture,straddle1e32,90,4.536220
u128,zmij_x64_v4,admixture,straddle1e32,90,5.362169
u128,fmt,admixture,straddle1e32,100,25.722257
u128,naive,admixture,straddle1e32,100,101.443033
u128,null,admixture,straddle1e32,100,1.188717
u128,zmij_scalar,admixture,straddle1e32,100,8.664737
u128,zmij_x64_native,admixture,straddle1e32,100,3.884030
u128,zmij_x64_v1,admixture,straddle1e32,100,5.415845
u128,zmij_x64_v2,admixture,straddle1e32,100,3.990960
u128,zmij_x64_v3,admixture,straddle1e32,100,3.898923
u128,zmij_x64_v4,admixture,straddle1e32,100,4.657019
i128,fmt,bylength,,1,12.442209
i128,naive,bylength,,1,6.491673
i128,null,bylength,,1,0.799100
i128,zmij_scalar,bylength,,1,5.219750
i128,zmij_x64_native,bylength,,1,2.846486
i128,zmij_x64_v1,bylength,,1,4.147261
i128,zmij_x64_v2,bylength,,1,2.899032
i128,zmij_x64_v3,bylength,,1,3.464047
i128,zmij_x64_v4,bylength,,1,2.938467
i128,fmt,bylength,,2,12.513753
i128,naive,bylength,,2,8.222099
i128,null,bylength,,2,0.773935
i128,zmij_scalar,bylength,,2,5.202252
i128,zmij_x64_native,bylength,,2,2.838980
i128,zmij_x64_v1,bylength,,2,4.145233
i128,zmij_x64_v2,bylength,,2,2.914552
i128,zmij_x64_v3,bylength,,2,3.463732
i128,zmij_x64_v4,bylength,,2,2.941070
i128,fmt,bylength,,3,12.875552
i128,naive,bylength,,3,10.327954
i128,null,bylength,,3,0.753746
i128,zmij_scalar,bylength,,3,5.256858
i128,zmij_x64_native,bylength,,3,2.835689
i128,zmij_x64_v1,bylength,,3,4.142305
i128,zmij_x64_v2,bylength,,3,2.929185
i128,zmij_x64_v3,bylength,,3,3.468514
i128,zmij_x64_v4,bylength,,3,2.954736
i128,fmt,bylength,,4,12.692019
i128,naive,bylength,,4,12.923474
i128,null,bylength,,4,0.799768
i128,zmij_scalar,bylength,,4,5.227928
i128,zmij_x64_native,bylength,,4,2.860625
i128,zmij_x64_v1,bylength,,4,4.144959
i128,zmij_x64_v2,bylength,,4,2.920260
i128,zmij_x64_v3,bylength,,4,3.464040
i128,zmij_x64_v4,bylength,,4,2.931067
i128,fmt,bylength,,5,13.248028
i128,naive,bylength,,5,16.304222
i128,null,bylength,,5,0.829880
i128,zmij_scalar,bylength,,5,5.226679
i128,zmij_x64_native,bylength,,5,2.889924
i128,zmij_x64_v1,bylength,,5,4.185237
i128,zmij_x64_v2,bylength,,5,2.964389
i128,zmij_x64_v3,bylength,,5,3.517341
i128,zmij_x64_v4,bylength,,5,2.973027
i128,fmt,bylength,,6,13.295184
i128,naive,bylength,,6,19.687655
i128,null,bylength,,6,0.780344
i128,zmij_scalar,bylength,,6,5.236090
i128,zmij_x64_native,bylength,,6,2.869467
i128,zmij_x64_v1,bylength,,6,4.144586
i128,zmij_x64_v2,bylength,,6,2.956829
i128,zmij_x64_v3,bylength,,6,3.495609
i128,zmij_x64_v4,bylength,,6,2.955998
i128,fmt,bylength,,7,13.941063
i128,naive,bylength,,7,23.242639
i128,null,bylength,,7,0.800387
i128,zmij_scalar,bylength,,7,5.209050
i128,zmij_x64_native,bylength,,7,2.884349
i128,zmij_x64_v1,bylength,,7,4.174829
i128,zmij_x64_v2,bylength,,7,2.969487
i128,zmij_x64_v3,bylength,,7,3.505221
i128,zmij_x64_v4,bylength,,7,2.980468
i128,fmt,bylength,,8,14.102054
i128,naive,bylength,,8,25.749284
i128,null,bylength,,8,0.769630
i128,zmij_scalar,bylength,,8,5.266079
i128,zmij_x64_native,bylength,,8,2.851440
i128,zmij_x64_v1,bylength,,8,4.137463
i128,zmij_x64_v2,bylength,,8,2.928838
i128,zmij_x64_v3,bylength,,8,3.473537
i128,zmij_x64_v4,bylength,,8,2.934763
i128,fmt,bylength,,9,14.913647
i128,naive,bylength,,9,29.199556
i128,null,bylength,,9,0.781430
i128,zmij_scalar,bylength,,9,5.433287
i128,zmij_x64_native,bylength,,9,2.838274
i128,zmij_x64_v1,bylength,,9,4.113211
i128,zmij_x64_v2,bylength,,9,2.921808
i128,zmij_x64_v3,bylength,,9,3.451031
i128,zmij_x64_v4,bylength,,9,2.925602
i128,fmt,bylength,,10,15.158075
i128,naive,bylength,,10,32.464649
i128,null,bylength,,10,0.742514
i128,zmij_scalar,bylength,,10,5.428696
i128,zmij_x64_native,bylength,,10,2.848597
i128,zmij_x64_v1,bylength,,10,4.149559
i128,zmij_x64_v2,bylength,,10,2.931134
i128,zmij_x64_v3,bylength,,10,3.460865
i128,zmij_x64_v4,bylength,,10,2.926906
i128,fmt,bylength,,11,16.026453
i128,naive,bylength,,11,36.053078
i128,null,bylength,,11,0.838647
i128,zmij_scalar,bylength,,11,5.469189
i128,zmij_x64_native,bylength,,11,2.863202
i128,zmij_x64_v1,bylength,,11,4.192683
i128,zmij_x64_v2,bylength,,11,2.992970
i128,zmij_x64_v3,bylength,,11,3.553520
i128,zmij_x64_v4,bylength,,11,2.972771
i128,fmt,bylength,,12,16.073605
i128,naive,bylength,,12,39.502399
i128,null,bylength,,12,0.763104
i128,zmij_scalar,bylength,,12,5.415218
i128,zmij_x64_native,bylength,,12,2.858560
i128,zmij_x64_v1,bylength,,12,4.150875
i128,zmij_x64_v2,bylength,,12,2.935431
i128,zmij_x64_v3,bylength,,12,3.476131
i128,zmij_x64_v4,bylength,,12,2.914518
i128,fmt,bylength,,13,17.086210
i128,naive,bylength,,13,43.268293
i128,null,bylength,,13,0.802759
i128,zmij_scalar,bylength,,13,5.424009
i128,zmij_x64_native,bylength,,13,2.856929
i128,zmij_x64_v1,bylength,,13,4.151922
i128,zmij_x64_v2,bylength,,13,2.946376
i128,zmij_x64_v3,bylength,,13,3.463101
i128,zmij_x64_v4,bylength,,13,2.927197
i128,fmt,bylength,,14,17.079329
i128,naive,bylength,,14,46.723020
i128,null,bylength,,14,0.776732
i128,zmij_scalar,bylength,,14,5.478117
i128,zmij_x64_native,bylength,,14,2.874321
i128,zmij_x64_v1,bylength,,14,4.206873
i128,zmij_x64_v2,bylength,,14,2.941295
i128,zmij_x64_v3,bylength,,14,3.507093
i128,zmij_x64_v4,bylength,,14,2.959724
i128,fmt,bylength,,15,17.859031
i128,naive,bylength,,15,49.964072
i128,null,bylength,,15,0.797501
i128,zmij_scalar,bylength,,15,5.495491
i128,zmij_x64_native,bylength,,15,2.880696
i128,zmij_x64_v1,bylength,,15,4.193984
i128,zmij_x64_v2,bylength,,15,2.958546
i128,zmij_x64_v3,bylength,,15,3.509828
i128,zmij_x64_v4,bylength,,15,2.966983
i128,fmt,bylength,,16,18.165267
i128,naive,bylength,,16,51.288145
i128,null,bylength,,16,0.826023
i128,zmij_scalar,bylength,,16,5.410852
i128,zmij_x64_native,bylength,,16,2.842865
i128,zmij_x64_v1,bylength,,16,4.145494
i128,zmij_x64_v2,bylength,,16,2.938981
i128,zmij_x64_v3,bylength,,16,3.501779
i128,zmij_x64_v4,bylength,,16,2.959648
i128,fmt,bylength,,17,18.932888
i128,naive,bylength,,17,55.068778
i128,null,bylength,,17,0.719766
i128,zmij_scalar,bylength,,17,5.417204
i128,zmij_x64_native,bylength,,17,2.848559
i128,zmij_x64_v1,bylength,,17,4.167198
i128,zmij_x64_v2,bylength,,17,2.931624
i128,zmij_x64_v3,bylength,,17,3.477980
i128,zmij_x64_v4,bylength,,17,2.937579
i128,fmt,bylength,,18,19.146990
i128,naive,bylength,,18,58.561045
i128,null,bylength,,18,0.771613
i128,zmij_scalar,bylength,,18,5.448577
i128,zmij_x64_native,bylength,,18,2.864076
i128,zmij_x64_v1,bylength,,18,4.163720
i128,zmij_x64_v2,bylength,,18,2.933136
i128,zmij_x64_v3,bylength,,18,3.472498
i128,zmij_x64_v4,bylength,,18,2.937359
i128,fmt,bylength,,19,19.989542
i128,naive,bylength,,19,61.966065
i128,null,bylength,,19,0.774157
i128,zmij_scalar,bylength,,19,5.921873
i128,zmij_x64_native,bylength,,19,3.388077
i128,zmij_x64_v1,bylength,,19,4.580714
i128,zmij_x64_v2,bylength,,19,3.561544
i128,zmij_x64_v3,bylength,,19,3.963826
i128,zmij_x64_v4,bylength,,19,3.663183
i128,fmt,bylength,,20,24.240830
i128,naive,bylength,,20,65.563154
i128,null,bylength,,20,0.819836
i128,zmij_scalar,bylength,,20,9.520631
i128,zmij_x64_native,bylength,,20,4.742484
i128,zmij_x64_v1,bylength,,20,6.066504
i128,zmij_x64_v2,bylength,,20,5.207741
i128,zmij_x64_v3,bylength,,20,5.132990
i128,zmij_x64_v4,bylength,,20,5.820846
i128,fmt,bylength,,21,23.916147
i128,naive,bylength,,21,69.312403
i128,null,bylength,,21,0.863568
i128,zmij_scalar,bylength,,21,9.522563
i128,zmij_x64_native,bylength,,21,4.799562
i128,zmij_x64_v1,bylength,,21,6.059225
i128,zmij_x64_v2,bylength,,21,5.259776
i128,zmij_x64_v3,bylength,,21,5.208737
i128,zmij_x64_v4,bylength,,21,5.928674
i128,fmt,bylength,,22,24.627214
i128,naive,bylength,,22,72.248868
i128,null,bylength,,22,0.775986
i128,zmij_scalar,bylength,,22,9.471696
i128,zmij_x64_native,bylength,,22,4.673093
i128,zmij_x64_v1,bylength,,22,6.021745
i128,zmij_x64_v2,bylength,,22,5.201702
i128,zmij_x64_v3,bylength,,22,5.160774
i128,zmij_x64_v4,bylength,,22,5.861130
i128,fmt,bylength,,23,24.815207
i128,naive,bylength,,23,76.014516
i128,null,bylength,,23,0.779871
i128,zmij_scalar,bylength,,23,9.534053
i128,zmij_x64_native,bylength,,23,4.670177
i128,zmij_x64_v1,bylength,,23,6.022782
i128,zmij_x64_v2,bylength,,23,5.213622
i128,zmij_x64_v3,bylength,,23,5.164104
i128,zmij_x64_v4,bylength,,23,5.856109
i128,fmt,bylength,,24,25.360310
i128,naive,bylength,,24,78.175867
i128,null,bylength,,24,0.730218
i128,zmij_scalar,bylength,,24,9.510168
i128,zmij_x64_native,bylength,,24,4.673725
i128,zmij_x64_v1,bylength,,24,6.009949
i128,zmij_x64_v2,bylength,,24,5.200073
i128,zmij_x64_v3,bylength,,24,5.137917
i128,zmij_x64_v4,bylength,,24,5.837706
i128,fmt,bylength,,25,25.775743
i128,naive,bylength,,25,81.729879
i128,null,bylength,,25,0.843654
i128,zmij_scalar,bylength,,25,9.561554
i128,zmij_x64_native,bylength,,25,4.670651
i128,zmij_x64_v1,bylength,,25,6.005218
i128,zmij_x64_v2,bylength,,25,5.179109
i128,zmij_x64_v3,bylength,,25,5.131840
i128,zmij_x64_v4,bylength,,25,5.828096
i128,fmt,bylength,,26,26.032735
i128,naive,bylength,,26,84.924969
i128,null,bylength,,26,0.899368
i128,zmij_scalar,bylength,,26,9.506274
i128,zmij_x64_native,bylength,,26,4.676997
i128,zmij_x64_v1,bylength,,26,6.082125
i128,zmij_x64_v2,bylength,,26,5.209867
i128,zmij_x64_v3,bylength,,26,5.145339
i128,zmij_x64_v4,bylength,,26,5.923992
i128,fmt,bylength,,27,26.030776
i128,naive,bylength,,27,88.461802
i128,null,bylength,,27,0.748376
i128,zmij_scalar,bylength,,27,9.547775
i128,zmij_x64_native,bylength,,27,4.662952
i128,zmij_x64_v1,bylength,,27,6.000652
i128,zmij_x64_v2,bylength,,27,5.207543
i128,zmij_x64_v3,bylength,,27,5.141460
i128,zmij_x64_v4,bylength,,27,5.832103
i128,fmt,bylength,,28,26.702323
i128,naive,bylength,,28,92.141040
i128,null,bylength,,28,0.775160
i128,zmij_scalar,bylength,,28,9.453403
i128,zmij_x64_native,bylength,,28,4.672413
i128,zmij_x64_v1,bylength,,28,6.021479
i128,zmij_x64_v2,bylength,,28,5.221935
i128,zmij_x64_v3,bylength,,28,5.141237
i128,zmij_x64_v4,bylength,,28,5.824978
i128,fmt,bylength,,29,26.750357
i128,naive,bylength,,29,95.408568
i128,null,bylength,,29,0.785985
i128,zmij_scalar,bylength,,29,9.484186
i128,zmij_x64_native,bylength,,29,4.727807
i128,zmij_x64_v1,bylength,,29,6.009201
i128,zmij_x64_v2,bylength,,29,5.212963
i128,zmij_x64_v3,bylength,,29,5.185467
i128,zmij_x64_v4,bylength,,29,5.919637
i128,fmt,bylength,,30,27.148224
i128,naive,bylength,,30,98.914843
i128,null,bylength,,30,0.746345
i128,zmij_scalar,bylength,,30,9.583307
i128,zmij_x64_native,bylength,,30,4.669758
i128,zmij_x64_v1,bylength,,30,6.081593
i128,zmij_x64_v2,bylength,,30,5.279799
i128,zmij_x64_v3,bylength,,30,5.156273
i128,zmij_x64_v4,bylength,,30,5.829868
i128,fmt,bylength,,31,27.156429
i128,naive,bylength,,31,102.494477
i128,null,bylength,,31,0.809849
i128,zmij_scalar,bylength,,31,9.552013
i128,zmij_x64_native,bylength,,31,4.674922
i128,zmij_x64_v1,bylength,,31,6.069366
i128,zmij_x64_v2,bylength,,31,5.182400
i128,zmij_x64_v3,bylength,,31,5.137426
i128,zmij_x64_v4,bylength,,31,5.843935
i128,fmt,bylength,,32,27.719461
i128,naive,bylength,,32,102.877975
i128,null,bylength,,32,0.798863
i128,zmij_scalar,bylength,,32,9.474352
i128,zmij_x64_native,bylength,,32,4.671291
i128,zmij_x64_v1,bylength,,32,6.051164
i128,zmij_x64_v2,bylength,,32,5.190722
i128,zmij_x64_v3,bylength,,32,5.169289
i128,zmij_x64_v4,bylength,,32,5.878394
i128,fmt,bylength,,33,28.120099
i128,naive,bylength,,33,107.234855
i128,null,bylength,,33,0.802409
i128,zmij_scalar,bylength,,33,11.204247
i128,zmij_x64_native,bylength,,33,5.128220
i128,zmij_x64_v1,bylength,,33,6.589138
i128,zmij_x64_v2,bylength,,33,5.915514
i128,zmij_x64_v3,bylength,,33,5.807015
i128,zmij_x64_v4,bylength,,33,6.523492
i128,fmt,bylength,,34,28.451704
i128,naive,bylength,,34,110.640492
i128,null,bylength,,34,0.772499
i128,zmij_scalar,bylength,,34,11.202484
i128,zmij_x64_native,bylength,,34,5.129041
i128,zmij_x64_v1,bylength,,34,6.593798
i128,zmij_x64_v2,bylength,,34,5.944222
i128,zmij_x64_v3,bylength,,34,5.707530
i128,zmij_x64_v4,bylength,,34,6.507234
i128,fmt,bylength,,35,28.482124
i128,naive,bylength,,35,113.889288
i128,null,bylength,,35,0.829109
i128,zmij_scalar,bylength,,35,11.209110
i128,zmij_x64_native,bylength,,35,5.164726
i128,zmij_x64_v1,bylength,,35,6.672556
i128,zmij_x64_v2,bylength,,35,5.947792
i128,zmij_x64_v3,bylength,,35,5.684962
i128,zmij_x64_v4,bylength,,35,6.481995
i128,fmt,bylength,,36,29.296773
i128,naive,bylength,,36,117.816745
i128,null,bylength,,36,0.743758
i128,zmij_scalar,bylength,,36,11.218352
i128,zmij_x64_native,bylength,,36,5.116873
i128,zmij_x64_v1,bylength,,36,6.597398
i128,zmij_x64_v2,bylength,,36,5.915194
i128,zmij_x64_v3,bylength,,36,5.716524
i128,zmij_x64_v4,bylength,,36,6.545740
i128,fmt,bylength,,37,29.391939
i128,naive,bylength,,37,120.897077
i128,null,bylength,,37,0.757572
i128,zmij_scalar,bylength,,37,11.252462
i128,zmij_x64_native,bylength,,37,5.123862
i128,zmij_x64_v1,bylength,,37,6.645466
i128,zmij_x64_v2,bylength,,37,5.935008
i128,zmij_x64_v3,bylength,,37,5.710194
i128,zmij_x64_v4,bylength,,37,6.476031
i128,fmt,bylength,,38,29.855346
i128,naive,bylength,,38,124.244979
i128,null,bylength,,38,0.733128
i128,zmij_scalar,bylength,,38,11.220542
i128,zmij_x64_native,bylength,,38,5.153167
i128,zmij_x64_v1,bylength,,38,6.580152
i128,zmij_x64_v2,bylength,,38,5.924393
i128,zmij_x64_v3,bylength,,38,5.713158
i128,zmij_x64_v4,bylength,,38,6.506135
i128,fmt,bylength,,39,30.038055
i128,naive,bylength,,39,127.888391
i128,null,bylength,,39,0.778187
i128,zmij_scalar,bylength,,39,11.313532
i128,zmij_x64_native,bylength,,39,5.107020
i128,zmij_x64_v1,bylength,,39,6.709968
i128,zmij_x64_v2,bylength,,39,5.932741
i128,zmij_x64_v3,bylength,,39,5.791844
i128,zmij_x64_v4,bylength,,39,6.565806
i128,fmt,loguniform,1-39,39,29.953140
i128,naive,loguniform,1-39,39,73.479623
i128,null,loguniform,1-39,39,0.813831
i128,zmij_scalar,loguniform,1-39,39,9.745885
i128,zmij_x64_native,loguniform,1-39,39,7.580544
i128,zmij_x64_v1,loguniform,1-39,39,8.025109
i128,zmij_x64_v2,loguniform,1-39,39,7.383001
i128,zmij_x64_v3,loguniform,1-39,39,7.781757
i128,zmij_x64_v4,loguniform,1-39,39,8.206856
i128,fmt,loguniform,1-4,4,16.620276
i128,naive,loguniform,1-4,4,13.412428
i128,null,loguniform,1-4,4,0.760191
i128,zmij_scalar,loguniform,1-4,4,5.217398
i128,zmij_x64_native,loguniform,1-4,4,2.843811
i128,zmij_x64_v1,loguniform,1-4,4,4.182650
i128,zmij_x64_v2,loguniform,1-4,4,2.947545
i128,zmij_x64_v3,loguniform,1-4,4,3.495950
i128,zmij_x64_v4,loguniform,1-4,4,2.976685
i128,fmt,uniform,0-255,0,12.259424
i128,naive,uniform,0-255,0,9.197863
i128,null,uniform,0-255,0,0.772944
i128,zmij_scalar,uniform,0-255,0,5.215644
i128,zmij_x64_native,uniform,0-255,0,2.836182
i128,zmij_x64_v1,uniform,0-255,0,4.138289
i128,zmij_x64_v2,uniform,0-255,0,2.929737
i128,zmij_x64_v3,uniform,0-255,0,3.477368
i128,zmij_x64_v4,uniform,0-255,0,2.935795
i128,fmt,unpredictable,,1,14.648078
i128,naive,unpredictable,,1,9.463941
i128,null,unpredictable,,1,0.843094
i128,zmij_scalar,unpredictable,,1,5.173940
i128,zmij_x64_native,unpredictable,,1,2.649590
i128,zmij_x64_v1,unpredictable,,1,4.276522
i128,zmij_x64_v2,unpredictable,,1,3.085186
i128,zmij_x64_v3,unpredictable,,1,3.489801
i128,zmij_x64_v4,unpredictable,,1,3.377025
i128,fmt,unpredictable,,2,14.633660
i128,naive,unpredictable,,2,11.096792
i128,null,unpredictable,,2,0.759724
i128,zmij_scalar,unpredictable,,2,5.391666
i128,zmij_x64_native,unpredictable,,2,2.757432
i128,zmij_x64_v1,unpredictable,,2,4.217980
i128,zmij_x64_v2,unpredictable,,2,3.195734
i128,zmij_x64_v3,unpredictable,,2,3.564930
i128,zmij_x64_v4,unpredictable,,2,3.448556
i128,fmt,unpredictable,,3,14.397237
i128,naive,unpredictable,,3,14.055291
i128,null,unpredictable,,3,1.061904
i128,zmij_scalar,unpredictable,,3,5.390426
i128,zmij_x64_native,unpredictable,,3,2.709955
i128,zmij_x64_v1,unpredictable,,3,4.322357
i128,zmij_x64_v2,unpredictable,,3,3.064342
i128,zmij_x64_v3,unpredictable,,3,3.476678
i128,zmij_x64_v4,unpredictable,,3,3.365307
i128,fmt,unpredictable,,4,14.649750
i128,naive,unpredictable,,4,16.706209
i128,null,unpredictable,,4,0.962376
i128,zmij_scalar,unpredictable,,4,5.260769
i128,zmij_x64_native,unpredictable,,4,2.665550
i128,zmij_x64_v1,unpredictable,,4,4.277244
i128,zmij_x64_v2,unpredictable,,4,3.066138
i128,zmij_x64_v3,unpredictable,,4,3.584851
i128,zmij_x64_v4,unpredictable,,4,3.495173
i128,fmt,unpredictable,,5,14.286734
i128,naive,unpredictable,,5,20.045943
i128,null,unpredictable,,5,0.935510
i128,zmij_scalar,unpredictable,,5,5.181469
i128,zmij_x64_native,unpredictable,,5,2.665626
i128,zmij_x64_v1,unpredictable,,5,4.282820
i128,zmij_x64_v2,unpredictable,,5,3.055662
i128,zmij_x64_v3,unpredictable,,5,3.462147
i128,zmij_x64_v4,unpredictable,,5,3.378708
i128,fmt,unpredictable,,6,14.331512
i128,naive,unpredictable,,6,23.342246
i128,null,unpredictable,,6,0.800676
i128,zmij_scalar,unpredictable,,6,5.274790
i128,zmij_x64_native,unpredictable,,6,2.638840
i128,zmij_x64_v1,unpredictable,,6,4.229776
i128,zmij_x64_v2,unpredictable,,6,3.047888
i128,zmij_x64_v3,unpredictable,,6,3.441516
i128,zmij_x64_v4,unpredictable,,6,3.300015
i128,fmt,unpredictable,,7,14.970598
i128,naive,unpredictable,,7,26.447358
i128,null,unpredictable,,7,0.860962
i128,zmij_scalar,unpredictable,,7,5.193376
i128,zmij_x64_native,unpredictable,,7,2.636459
i128,zmij_x64_v1,unpredictable,,7,4.274302
i128,zmij_x64_v2,unpredictable,,7,3.071906
i128,zmij_x64_v3,unpredictable,,7,3.460103
i128,zmij_x64_v4,unpredictable,,7,3.365353
i128,fmt,unpredictable,,8,15.632234
i128,naive,unpredictable,,8,28.457442
i128,null,unpredictable,,8,0.836221
i128,zmij_scalar,unpredictable,,8,5.376573
i128,zmij_x64_native,unpredictable,,8,2.652323
i128,zmij_x64_v1,unpredictable,,8,4.380878
i128,zmij_x64_v2,unpredictable,,8,3.192049
i128,zmij_x64_v3,unpredictable,,8,3.489675
i128,zmij_x64_v4,unpredictable,,8,3.330755
i128,fmt,unpredictable,,9,15.686041
i128,naive,unpredictable,,9,31.968496
i128,null,unpredictable,,9,0.867312
i128,zmij_scalar,unpredictable,,9,5.401314
i128,zmij_x64_native,unpredictable,,9,2.680601
i128,zmij_x64_v1,unpredictable,,9,4.286348
i128,zmij_x64_v2,unpredictable,,9,3.043686
i128,zmij_x64_v3,unpredictable,,9,3.432404
i128,zmij_x64_v4,unpredictable,,9,3.434558
i128,fmt,unpredictable,,10,15.610146
i128,naive,unpredictable,,10,34.607214
i128,null,unpredictable,,10,1.132976
i128,zmij_scalar,unpredictable,,10,5.399788
i128,zmij_x64_native,unpredictable,,10,2.635071
i128,zmij_x64_v1,unpredictable,,10,4.278598
i128,zmij_x64_v2,unpredictable,,10,3.026469
i128,zmij_x64_v3,unpredictable,,10,3.486661
i128,zmij_x64_v4,unpredictable,,10,3.395200
i128,fmt,unpredictable,,11,16.286299
i128,naive,unpredictable,,11,38.455644
i128,null,unpredictable,,11,0.805938
i128,zmij_scalar,unpredictable,,11,5.300083
i128,zmij_x64_native,unpredictable,,11,2.671729
i128,zmij_x64_v1,unpredictable,,11,4.165771
i128,zmij_x64_v2,unpredictable,,11,3.061507
i128,zmij_x64_v3,unpredictable,,11,3.423784
i128,zmij_x64_v4,unpredictable,,11,3.327003
i128,fmt,unpredictable,,12,17.084875
i128,naive,unpredictable,,12,41.690685
i128,null,unpredictable,,12,0.870966
i128,zmij_scalar,unpredictable,,12,5.264534
i128,zmij_x64_native,unpredictable,,12,2.640458
i128,zmij_x64_v1,unpredictable,,12,4.296458
i128,zmij_x64_v2,unpredictable,,12,3.035810
i128,zmij_x64_v3,unpredictable,,12,3.443271
i128,zmij_x64_v4,unpredictable,,12,3.368676
i128,fmt,unpredictable,,13,17.517597
i128,naive,unpredictable,,13,44.890702
i128,null,unpredictable,,13,0.909076
i128,zmij_scalar,unpredictable,,13,5.328675
i128,zmij_x64_native,unpredictable,,13,2.661253
i128,zmij_x64_v1,unpredictable,,13,4.305200
i128,zmij_x64_v2,unpredictable,,13,3.092397
i128,zmij_x64_v3,unpredictable,,13,3.454118
i128,zmij_x64_v4,unpredictable,,13,3.338962
i128,fmt,unpredictable,,14,17.515416
i128,naive,unpredictable,,14,48.927838
i128,null,unpredictable,,14,0.836467
i128,zmij_scalar,unpredictable,,14,5.477380
i128,zmij_x64_native,unpredictable,,14,2.746111
i128,zmij_x64_v1,unpredictable,,14,4.431222
i128,zmij_x64_v2,unpredictable,,14,3.142916
i128,zmij_x64_v3,unpredictable,,14,3.559644
i128,zmij_x64_v4,unpredictable,,14,3.449043
i128,fmt,unpredictable,,15,18.083719
i128,naive,unpredictable,,15,51.505289
i128,null,unpredictable,,15,0.828293
i128,zmij_scalar,unpredictable,,15,5.293733
i128,zmij_x64_native,unpredictable,,15,2.668913
i128,zmij_x64_v1,unpredictable,,15,4.394757
i128,zmij_x64_v2,unpredictable,,15,3.050879
i128,zmij_x64_v3,unpredictable,,15,3.408488
i128,zmij_x64_v4,unpredictable,,15,3.293190
i128,fmt,unpredictable,,16,18.157506
i128,naive,unpredictable,,16,52.854997
i128,null,unpredictable,,16,0.854304
i128,zmij_scalar,unpredictable,,16,5.354459
i128,zmij_x64_native,unpredictable,,16,2.654014
i128,zmij_x64_v1,unpredictable,,16,4.288861
i128,zmij_x64_v2,unpredictable,,16,3.062858
i128,zmij_x64_v3,unpredictable,,16,3.438652
i128,zmij_x64_v4,unpredictable,,16,3.335751
i128,fmt,unpredictable,,17,18.871994
i128,naive,unpredictable,,17,56.299695
i128,null,unpredictable,,17,0.773404
i128,zmij_scalar,unpredictable,,17,5.278613
i128,zmij_x64_native,unpredictable,,17,2.636103
i128,zmij_x64_v1,unpredictable,,17,4.289263
i128,zmij_x64_v2,unpredictable,,17,3.044918
i128,zmij_x64_v3,unpredictable,,17,3.431773
i128,zmij_x64_v4,unpredictable,,17,3.323492
i128,fmt,unpredictable,,18,19.294866
i128,naive,unpredictable,,18,59.795407
i128,null,unpredictable,,18,0.906758
i128,zmij_scalar,unpredictable,,18,5.251420
i128,zmij_x64_native,unpredictable,,18,2.633369
i128,zmij_x64_v1,unpredictable,,18,4.246458
i128,zmij_x64_v2,unpredictable,,18,3.082954
i128,zmij_x64_v3,unpredictable,,18,3.429762
i128,zmij_x64_v4,unpredictable,,18,3.396346
i128,fmt,unpredictable,,19,19.916792
i128,naive,unpredictable,,19,63.205169
i128,null,unpredictable,,19,0.907185
i128,zmij_scalar,unpredictable,,19,6.002266
i128,zmij_x64_native,unpredictable,,19,3.355566
i128,zmij_x64_v1,unpredictable,,19,4.847207
i128,zmij_x64_v2,unpredictable,,19,3.646356
i128,zmij_x64_v3,unpredictable,,19,3.991002
i128,zmij_x64_v4,unpredictable,,19,3.993906
i128,fmt,unpredictable,,20,26.347294
i128,naive,unpredictable,,20,66.408159
i128,null,unpredictable,,20,0.926199
i128,zmij_scalar,unpredictable,,20,9.461180
i128,zmij_x64_native,unpredictable,,20,4.499718
i128,zmij_x64_v1,unpredictable,,20,5.971122
i128,zmij_x64_v2,unpredictable,,20,5.333612
i128,zmij_x64_v3,unpredictable,,20,5.133152
i128,zmij_x64_v4,unpredictable,,20,5.508226
i128,fmt,unpredictable,,21,25.291863
i128,naive,unpredictable,,21,69.201653
i128,null,unpredictable,,21,0.767102
i128,zmij_scalar,unpredictable,,21,9.617305
i128,zmij_x64_native,unpredictable,,21,4.508943
i128,zmij_x64_v1,unpredictable,,21,5.997850
i128,zmij_x64_v2,unpredictable,,21,5.237910
i128,zmij_x64_v3,unpredictable,,21,5.197981
i128,zmij_x64_v4,unpredictable,,21,5.617875
i128,fmt,unpredictable,,22,25.638621
i128,naive,unpredictable,,22,72.825472
i128,null,unpredictable,,22,0.825034
i128,zmij_scalar,unpredictable,,22,9.420080
i128,zmij_x64_native,unpredictable,,22,4.484153
i128,zmij_x64_v1,unpredictable,,22,5.961781
i128,zmij_x64_v2,unpredictable,,22,5.263025
i128,zmij_x64_v3,unpredictable,,22,5.132040
i128,zmij_x64_v4,unpredictable,,22,5.488384
i128,fmt,unpredictable,,23,26.257023
i128,naive,unpredictable,,23,76.315841
i128,null,unpredictable,,23,0.991495
i128,zmij_scalar,unpredictable,,23,9.450763
i128,zmij_x64_native,unpredictable,,23,4.437552
i128,zmij_x64_v1,unpredictable,,23,5.983061
i128,zmij_x64_v2,unpredictable,,23,5.279590
i128,zmij_x64_v3,unpredictable,,23,5.147075
i128,zmij_x64_v4,unpredictable,,23,5.589885
i128,fmt,unpredictable,,24,26.639676
i128,naive,unpredictable,,24,78.923569
i128,null,unpredictable,,24,0.983316
i128,zmij_scalar,unpredictable,,24,9.651581
i128,zmij_x64_native,unpredictable,,24,4.604426
i128,zmij_x64_v1,unpredictable,,24,6.178829
i128,zmij_x64_v2,unpredictable,,24,5.360209
i128,zmij_x64_v3,unpredictable,,24,5.242255
i128,zmij_x64_v4,unpredictable,,24,5.636358
i128,fmt,unpredictable,,25,26.419089
i128,naive,unpredictable,,25,82.172995
i128,null,unpredictable,,25,1.042431
i128,zmij_scalar,unpredictable,,25,9.481649
i128,zmij_x64_native,unpredictable,,25,4.505896
i128,zmij_x64_v1,unpredictable,,25,6.157357
i128,zmij_x64_v2,unpredictable,,25,5.292626
i128,zmij_x64_v3,unpredictable,,25,5.144923
i128,zmij_x64_v4,unpredictable,,25,5.676072
i128,fmt,unpredictable,,26,26.752121
i128,naive,unpredictable,,26,85.417283
i128,null,unpredictable,,26,0.901183
i128,zmij_scalar,unpredictable,,26,9.453691
i128,zmij_x64_native,unpredictable,,26,4.467796
i128,zmij_x64_v1,unpredictable,,26,5.920795
i128,zmij_x64_v2,unpredictable,,26,5.257192
i128,zmij_x64_v3,unpredictable,,26,5.092812
i128,zmij_x64_v4,unpredictable,,26,5.489267
i128,fmt,unpredictable,,27,26.717606
i128,naive,unpredictable,,27,88.374207
i128,null,unpredictable,,27,0.880674
i128,zmij_scalar,unpredictable,,27,9.590330
i128,zmij_x64_native,unpredictable,,27,4.505015
i128,zmij_x64_v1,unpredictable,,27,5.934270
i128,zmij_x64_v2,unpredictable,,27,5.252059
i128,zmij_x64_v3,unpredictable,,27,5.137832
i128,zmij_x64_v4,unpredictable,,27,5.443274
i128,fmt,unpredictable,,28,27.776209
i128,naive,unpredictable,,28,92.893964
i128,null,unpredictable,,28,0.981209
i128,zmij_scalar,unpredictable,,28,9.681971
i128,zmij_x64_native,unpredictable,,28,4.640378
i128,zmij_x64_v1,unpredictable,,28,6.140033
i128,zmij_x64_v2,unpredictable,,28,5.408753
i128,zmij_x64_v3,unpredictable,,28,5.259207
i128,zmij_x64_v4,unpredictable,,28,5.627835
i128,fmt,unpredictable,,29,27.627112
i128,naive,unpredictable,,29,95.484425
i128,null,unpredictable,,29,0.895980
i128,zmij_scalar,unpredictable,,29,9.590146
i128,zmij_x64_native,unpredictable,,29,4.543769
i128,zmij_x64_v1,unpredictable,,29,6.015255
i128,zmij_x64_v2,unpredictable,,29,5.253225
i128,zmij_x64_v3,unpredictable,,29,5.047993
i128,zmij_x64_v4,unpredictable,,29,5.506665
i128,fmt,unpredictable,,30,27.620590
i128,naive,unpredictable,,30,99.173829
i128,null,unpredictable,,30,0.825552
i128,zmij_scalar,unpredictable,,30,9.460473
i128,zmij_x64_native,unpredictable,,30,4.448546
i128,zmij_x64_v1,unpredictable,,30,5.898114
i128,zmij_x64_v2,unpredictable,,30,5.351826
i128,zmij_x64_v3,unpredictable,,30,5.224895
i128,zmij_x64_v4,unpredictable,,30,5.620008
i128,fmt,unpredictable,,31,28.031391
i128,naive,unpredictable,,31,103.070525
i128,null,unpredictable,,31,0.916160
i128,zmij_scalar,unpredictable,,31,9.479641
i128,zmij_x64_native,unpredictable,,31,4.456562
i128,zmij_x64_v1,unpredictable,,31,5.972240
i128,zmij_x64_v2,unpredictable,,31,5.299789
i128,zmij_x64_v3,unpredictable,,31,5.129451
i128,zmij_x64_v4,unpredictable,,31,5.482418
i128,fmt,unpredictable,,32,28.264724
i128,naive,unpredictable,,32,102.793122
i128,null,unpredictable,,32,0.826168
i128,zmij_scalar,unpredictable,,32,9.476822
i128,zmij_x64_native,unpredictable,,32,4.470211
i128,zmij_x64_v1,unpredictable,,32,6.038589
i128,zmij_x64_v2,unpredictable,,32,5.400745
i128,zmij_x64_v3,unpredictable,,32,5.224124
i128,zmij_x64_v4,unpredictable,,32,5.636164
i128,fmt,unpredictable,,33,28.609362
i128,naive,unpredictable,,33,107.145021
i128,null,unpredictable,,33,0.972404
i128,zmij_scalar,unpredictable,,33,11.733623
i128,zmij_x64_native,unpredictable,,33,5.981270
i128,zmij_x64_v1,unpredictable,,33,7.308352
i128,zmij_x64_v2,unpredictable,,33,6.769195
i128,zmij_x64_v3,unpredictable,,33,6.342802
i128,zmij_x64_v4,unpredictable,,33,7.821781
i128,fmt,unpredictable,,34,28.622849
i128,naive,unpredictable,,34,109.560226
i128,null,unpredictable,,34,0.942077
i128,zmij_scalar,unpredictable,,34,11.698915
i128,zmij_x64_native,unpredictable,,34,6.084451
i128,zmij_x64_v1,unpredictable,,34,7.335909
i128,zmij_x64_v2,unpredictable,,34,6.800608
i128,zmij_x64_v3,unpredictable,,34,6.367919
i128,zmij_x64_v4,unpredictable,,34,7.663842
i128,fmt,unpredictable,,35,28.706276
i128,naive,unpredictable,,35,114.010457
i128,null,unpredictable,,35,0.877038
i128,zmij_scalar,unpredictable,,35,11.862821
i128,zmij_x64_native,unpredictable,,35,6.196776
i128,zmij_x64_v1,unpredictable,,35,7.456170
i128,zmij_x64_v2,unpredictable,,35,6.918112
i128,zmij_x64_v3,unpredictable,,35,6.520585
i128,zmij_x64_v4,unpredictable,,35,7.793410
i128,fmt,unpredictable,,36,29.581438
i128,naive,unpredictable,,36,117.275365
i128,null,unpredictable,,36,0.993845
i128,zmij_scalar,unpredictable,,36,11.864008
i128,zmij_x64_native,unpredictable,,36,5.983366
i128,zmij_x64_v1,unpredictable,,36,7.258164
i128,zmij_x64_v2,unpredictable,,36,6.951960
i128,zmij_x64_v3,unpredictable,,36,6.492542
i128,zmij_x64_v4,unpredictable,,36,7.791547
i128,fmt,unpredictable,,37,29.382441
i128,naive,unpredictable,,37,121.274400
i128,null,unpredictable,,37,0.872895
i128,zmij_scalar,unpredictable,,37,11.674501
i128,zmij_x64_native,unpredictable,,37,5.960927
i128,zmij_x64_v1,unpredictable,,37,7.259076
i128,zmij_x64_v2,unpredictable,,37,6.764101
i128,zmij_x64_v3,unpredictable,,37,6.349070
i128,zmij_x64_v4,unpredictable,,37,7.673276
i128,fmt,unpredictable,,38,29.860806
i128,naive,unpredictable,,38,124.094190
i128,null,unpredictable,,38,0.784078
i128,zmij_scalar,unpredictable,,38,11.754591
i128,zmij_x64_native,unpredictable,,38,6.014371
i128,zmij_x64_v1,unpredictable,,38,7.281704
i128,zmij_x64_v2,unpredictable,,38,6.772871
i128,zmij_x64_v3,unpredictable,,38,6.384832
i128,zmij_x64_v4,unpredictable,,38,7.637089
i128,fmt,unpredictable,,39,31.409396
i128,naive,unpredictable,,39,127.430720
i128,null,unpredictable,,39,0.856212
i128,zmij_scalar,unpredictable,,39,11.804214
i128,zmij_x64_native,unpredictable,,39,6.058093
i128,zmij_x64_v1,unpredictable,,39,7.345602
i128,zmij_x64_v2,unpredictable,,39,6.884614
i128,zmij_x64_v3,unpredictable,,39,6.507067
i128,zmij_x64_v4,unpredictable,,39,7.818940
i128,fmt,admixture,5x6,0,13.312617
i128,naive,admixture,5x6,0,19.657749
i128,null,admixture,5x6,0,0.795495
i128,zmij_scalar,admixture,5x6,0,5.226369
i128,zmij_x64_native,admixture,5x6,0,2.890495
i128,zmij_x64_v1,admixture,5x6,0,4.197386
i128,zmij_x64_v2,admixture,5x6,0,2.972289
i128,zmij_x64_v3,admixture,5x6,0,3.497897
i128,zmij_x64_v4,admixture,5x6,0,2.959072
i128,fmt,admixture,5x6,10,13.835700
i128,naive,admixture,5x6,10,20.076753
i128,null,admixture,5x6,10,0.822136
i128,zmij_scalar,admixture,5x6,10,5.219011
i128,zmij_x64_native,admixture,5x6,10,2.851084
i128,zmij_x64_v1,admixture,5x6,10,4.147003
i128,zmij_x64_v2,admixture,5x6,10,2.937980
i128,zmij_x64_v3,admixture,5x6,10,3.457500
i128,zmij_x64_v4,admixture,5x6,10,2.954622
i128,fmt,admixture,5x6,20,14.589333
i128,naive,admixture,5x6,20,20.575976
i128,null,admixture,5x6,20,0.788716
i128,zmij_scalar,admixture,5x6,20,5.206624
i128,zmij_x64_native,admixture,5x6,20,2.854426
i128,zmij_x64_v1,admixture,5x6,20,4.151170
i128,zmij_x64_v2,admixture,5x6,20,2.924551
i128,zmij_x64_v3,admixture,5x6,20,3.465667
i128,zmij_x64_v4,admixture,5x6,20,2.939399
i128,fmt,admixture,5x6,30,15.130728
i128,naive,admixture,5x6,30,20.924778
i128,null,admixture,5x6,30,0.724305
i128,zmij_scalar,admixture,5x6,30,5.214088
i128,zmij_x64_native,admixture,5x6,30,2.849656
i128,zmij_x64_v1,admixture,5x6,30,4.138000
i128,zmij_x64_v2,admixture,5x6,30,2.935104
i128,zmij_x64_v3,admixture,5x6,30,3.470308
i128,zmij_x64_v4,admixture,5x6,30,2.929376
i128,fmt,admixture,5x6,40,15.831500
i128,naive,admixture,5x6,40,21.338093
i128,null,admixture,5x6,40,0.785200
i128,zmij_scalar,admixture,5x6,40,5.199164
i128,zmij_x64_native,admixture,5x6,40,2.848557
i128,zmij_x64_v1,admixture,5x6,40,4.147632
i128,zmij_x64_v2,admixture,5x6,40,2.929983
i128,zmij_x64_v3,admixture,5x6,40,3.469104
i128,zmij_x64_v4,admixture,5x6,40,2.935833
i128,fmt,admixture,5x6,50,16.180047
i128,naive,admixture,5x6,50,21.553976
i128,null,admixture,5x6,50,0.821061
i128,zmij_scalar,admixture,5x6,50,5.211220
i128,zmij_x64_native,admixture,5x6,50,2.853420
i128,zmij_x64_v1,admixture,5x6,50,4.131121
i128,zmij_x64_v2,admixture,5x6,50,2.918436
i128,zmij_x64_v3,admixture,5x6,50,3.464752
i128,zmij_x64_v4,admixture,5x6,50,2.927740
i128,fmt,admixture,5x6,60,15.758455
i128,naive,admixture,5x6,60,20.441433
i128,null,admixture,5x6,60,0.743522
i128,zmij_scalar,admixture,5x6,60,5.221943
i128,zmij_x64_native,admixture,5x6,60,2.867645
i128,zmij_x64_v1,admixture,5x6,60,4.143545
i128,zmij_x64_v2,admixture,5x6,60,2.971317
i128,zmij_x64_v3,admixture,5x6,60,3.474811
i128,zmij_x64_v4,admixture,5x6,60,2.915068
i128,fmt,admixture,5x6,70,15.059726
i128,naive,admixture,5x6,70,19.279236
i128,null,admixture,5x6,70,0.825394
i128,zmij_scalar,admixture,5x6,70,5.247150
i128,zmij_x64_native,admixture,5x6,70,2.867977
i128,zmij_x64_v1,admixture,5x6,70,4.179722
i128,zmij_x64_v2,admixture,5x6,70,2.913286
i128,zmij_x64_v3,admixture,5x6,70,3.502204
i128,zmij_x64_v4,admixture,5x6,70,2.944231
i128,fmt,admixture,5x6,80,14.407786
i128,naive,admixture,5x6,80,18.328475
i128,null,admixture,5x6,80,0.738897
i128,zmij_scalar,admixture,5x6,80,5.268897
i128,zmij_x64_native,admixture,5x6,80,2.881064
i128,zmij_x64_v1,admixture,5x6,80,4.186338
i128,zmij_x64_v2,admixture,5x6,80,2.961220
i128,zmij_x64_v3,admixture,5x6,80,3.524280
i128,zmij_x64_v4,admixture,5x6,80,2.962564
i128,fmt,admixture,5x6,90,13.894121
i128,naive,admixture,5x6,90,17.157706
i128,null,admixture,5x6,90,0.750645
i128,zmij_scalar,admixture,5x6,90,5.235790
i128,zmij_x64_native,admixture,5x6,90,2.848074
i128,zmij_x64_v1,admixture,5x6,90,4.156188
i128,zmij_x64_v2,admixture,5x6,90,2.923806
i128,zmij_x64_v3,admixture,5x6,90,3.472207
i128,zmij_x64_v4,admixture,5x6,90,2.939721
i128,fmt,admixture,5x6,100,13.240870
i128,naive,admixture,5x6,100,16.244339
i128,null,admixture,5x6,100,0.782634
i128,zmij_scalar,admixture,5x6,100,5.199838
i128,zmij_x64_native,admixture,5x6,100,2.884887
i128,zmij_x64_v1,admixture,5x6,100,4.170344
i128,zmij_x64_v2,admixture,5x6,100,2.965056
i128,zmij_x64_v3,admixture,5x6,100,3.497976
i128,zmij_x64_v4,admixture,5x6,100,2.969767
i128,fmt,admixture,straddle64,0,24.851647
i128,naive,admixture,straddle64,0,73.976978
i128,null,admixture,straddle64,0,0.853961
i128,zmij_scalar,admixture,straddle64,0,9.534404
i128,zmij_x64_native,admixture,straddle64,0,4.719539
i128,zmij_x64_v1,admixture,straddle64,0,6.099818
i128,zmij_x64_v2,admixture,straddle64,0,5.200097
i128,zmij_x64_v3,admixture,straddle64,0,5.206539
i128,zmij_x64_v4,admixture,straddle64,0,5.857817
i128,fmt,admixture,straddle64,10,25.219413
i128,naive,admixture,straddle64,10,73.143233
i128,null,admixture,straddle64,10,0.745963
i128,zmij_scalar,admixture,straddle64,10,9.425349
i128,zmij_x64_native,admixture,straddle64,10,4.844769
i128,zmij_x64_v1,admixture,straddle64,10,6.098315
i128,zmij_x64_v2,admixture,straddle64,10,5.322646
i128,zmij_x64_v3,admixture,straddle64,10,5.306358
i128,zmij_x64_v4,admixture,straddle64,10,5.884200
i128,fmt,admixture,straddle64,20,25.799690
i128,naive,admixture,straddle64,20,72.906676
i128,null,admixture,straddle64,20,0.725215
i128,zmij_scalar,admixture,straddle64,20,9.375112
i128,zmij_x64_native,admixture,straddle64,20,4.978262
i128,zmij_x64_v1,admixture,straddle64,20,6.200521
i128,zmij_x64_v2,admixture,straddle64,20,5.456282
i128,zmij_x64_v3,admixture,straddle64,20,5.455695
i128,zmij_x64_v4,admixture,straddle64,20,5.916875
i128,fmt,admixture,straddle64,30,26.368969
i128,naive,admixture,straddle64,30,72.746094
i128,null,admixture,straddle64,30,0.739179
i128,zmij_scalar,admixture,straddle64,30,9.389429
i128,zmij_x64_native,admixture,straddle64,30,5.098220
i128,zmij_x64_v1,admixture,straddle64,30,6.310647
i128,zmij_x64_v2,admixture,straddle64,30,5.572806
i128,zmij_x64_v3,admixture,straddle64,30,5.582031
i128,zmij_x64_v4,admixture,straddle64,30,5.947994
i128,fmt,admixture,straddle64,40,26.927442
i128,naive,admixture,straddle64,40,72.507057
i128,null,admixture,straddle64,40,0.769104
i128,zmij_scalar,admixture,straddle64,40,9.325380
i128,zmij_x64_native,admixture,straddle64,40,5.232131
i128,zmij_x64_v1,admixture,straddle64,40,6.328266
i128,zmij_x64_v2,admixture,straddle64,40,5.651010
i128,zmij_x64_v3,admixture,straddle64,40,5.656790
i128,zmij_x64_v4,admixture,straddle64,40,5.972277
i128,fmt,admixture,straddle64,50,27.226046
i128,naive,admixture,straddle64,50,72.174895
i128,null,admixture,straddle64,50,0.814002
i128,zmij_scalar,admixture,straddle64,50,9.195151
i128,zmij_x64_native,admixture,straddle64,50,5.361001
i128,zmij_x64_v1,admixture,straddle64,50,6.374725
i128,zmij_x64_v2,admixture,straddle64,50,5.719699
i128,zmij_x64_v3,admixture,straddle64,50,5.765023
i128,zmij_x64_v4,admixture,straddle64,50,5.967147
i128,fmt,admixture,straddle64,60,26.744571
i128,naive,admixture,straddle64,60,71.280461
i128,null,admixture,straddle64,60,0.791506
i128,zmij_scalar,admixture,straddle64,60,9.143983
i128,zmij_x64_native,admixture,straddle64,60,5.489744
i128,zmij_x64_v1,admixture,straddle64,60,6.460510
i128,zmij_x64_v2,admixture,straddle64,60,5.789533
i128,zmij_x64_v3,admixture,straddle64,60,5.892471
i128,zmij_x64_v4,admixture,straddle64,60,6.060511
i128,fmt,admixture,straddle64,70,25.838386
i128,naive,admixture,straddle64,70,70.631046
i128,null,admixture,straddle64,70,0.739043
i128,zmij_scalar,admixture,straddle64,70,9.155723
i128,zmij_x64_native,admixture,straddle64,70,5.675211
i128,zmij_x64_v1,admixture,straddle64,70,6.557521
i128,zmij_x64_v2,admixture,straddle64,70,5.878129
i128,zmij_x64_v3,admixture,straddle64,70,6.027164
i128,zmij_x64_v4,admixture,straddle64,70,6.090978
i128,fmt,admixture,straddle64,80,24.874999
i128,naive,admixture,straddle64,80,69.308533
i128,null,admixture,straddle64,80,0.738231
i128,zmij_scalar,admixture,straddle64,80,9.172316
i128,zmij_x64_native,admixture,straddle64,80,5.853649
i128,zmij_x64_v1,admixture,straddle64,80,6.519980
i128,zmij_x64_v2,admixture,straddle64,80,5.914511
i128,zmij_x64_v3,admixture,straddle64,80,6.251455
i128,zmij_x64_v4,admixture,straddle64,80,6.236889
i128,fmt,admixture,straddle64,90,24.074394
i128,naive,admixture,straddle64,90,68.020457
i128,null,admixture,straddle64,90,0.745946
i128,zmij_scalar,admixture,straddle64,90,8.936556
i128,zmij_x64_native,admixture,straddle64,90,6.075304
i128,zmij_x64_v1,admixture,straddle64,90,6.738204
i128,zmij_x64_v2,admixture,straddle64,90,6.026247
i128,zmij_x64_v3,admixture,straddle64,90,6.442011
i128,zmij_x64_v4,admixture,straddle64,90,6.302848
i128,fmt,admixture,straddle64,100,23.307212
i128,naive,admixture,straddle64,100,66.682528
i128,null,admixture,straddle64,100,0.735121
i128,zmij_scalar,admixture,straddle64,100,8.826509
i128,zmij_x64_native,admixture,straddle64,100,6.079144
i128,zmij_x64_v1,admixture,straddle64,100,6.728676
i128,zmij_x64_v2,admixture,straddle64,100,5.989428
i128,zmij_x64_v3,admixture,straddle64,100,6.336634
i128,zmij_x64_v4,admixture,straddle64,100,6.218157
i128,fmt,admixture,straddle1e32,0,28.833108
i128,naive,admixture,straddle1e32,0,110.280288
i128,null,admixture,straddle1e32,0,0.732555
i128,zmij_scalar,admixture,straddle1e32,0,11.205126
i128,zmij_x64_native,admixture,straddle1e32,0,5.112895
i128,zmij_x64_v1,admixture,straddle1e32,0,6.607188
i128,zmij_x64_v2,admixture,straddle1e32,0,5.912859
i128,zmij_x64_v3,admixture,straddle1e32,0,5.695189
i128,zmij_x64_v4,admixture,straddle1e32,0,6.475105
i128,fmt,admixture,straddle1e32,10,29.470341
i128,naive,admixture,straddle1e32,10,110.437612
i128,null,admixture,straddle1e32,10,0.829708
i128,zmij_scalar,admixture,straddle1e32,10,11.224749
i128,zmij_x64_native,admixture,straddle1e32,10,5.641706
i128,zmij_x64_v1,admixture,straddle1e32,10,7.037160
i128,zmij_x64_v2,admixture,straddle1e32,10,6.361382
i128,zmij_x64_v3,admixture,straddle1e32,10,6.113908
i128,zmij_x64_v4,admixture,straddle1e32,10,7.100069
i128,fmt,admixture,straddle1e32,20,29.645161
i128,naive,admixture,straddle1e32,20,110.517406
i128,null,admixture,straddle1e32,20,0.783093
i128,zmij_scalar,admixture,straddle1e32,20,11.210312
i128,zmij_x64_native,admixture,straddle1e32,20,6.063754
i128,zmij_x64_v1,admixture,straddle1e32,20,7.381408
i128,zmij_x64_v2,admixture,straddle1e32,20,6.706686
i128,zmij_x64_v3,admixture,straddle1e32,20,6.494840
i128,zmij_x64_v4,admixture,straddle1e32,20,7.679032
i128,fmt,admixture,straddle1e32,30,29.884119
i128,naive,admixture,straddle1e32,30,110.227960
i128,null,admixture,straddle1e32,30,0.738893
i128,zmij_scalar,admixture,straddle1e32,30,11.242089
i128,zmij_x64_native,admixture,straddle1e32,30,6.589219
i128,zmij_x64_v1,admixture,straddle1e32,30,7.856986
i128,zmij_x64_v2,admixture,straddle1e32,30,7.118435
i128,zmij_x64_v3,admixture,straddle1e32,30,6.927365
i128,zmij_x64_v4,admixture,straddle1e32,30,8.318568
i128,fmt,admixture,straddle1e32,40,30.143820
i128,naive,admixture,straddle1e32,40,110.333344
i128,null,admixture,straddle1e32,40,0.714552
i128,zmij_scalar,admixture,straddle1e32,40,11.321216
i128,zmij_x64_native,admixture,straddle1e32,40,7.067684
i128,zmij_x64_v1,admixture,straddle1e32,40,8.407556
i128,zmij_x64_v2,admixture,straddle1e32,40,7.459354
i128,zmij_x64_v3,admixture,straddle1e32,40,7.435015
i128,zmij_x64_v4,admixture,straddle1e32,40,9.073750
i128,fmt,admixture,straddle1e32,50,30.091933
i128,naive,admixture,straddle1e32,50,109.762448
i128,null,admixture,straddle1e32,50,0.852107
i128,zmij_scalar,admixture,straddle1e32,50,11.220798
i128,zmij_x64_native,admixture,straddle1e32,50,7.301394
i128,zmij_x64_v1,admixture,straddle1e32,50,8.795071
i128,zmij_x64_v2,admixture,straddle1e32,50,7.785155
i128,zmij_x64_v3,admixture,straddle1e32,50,7.730146
i128,zmij_x64_v4,admixture,straddle1e32,50,9.307284
i128,fmt,admixture,straddle1e32,60,29.758531
i128,naive,admixture,straddle1e32,60,108.300078
i128,null,admixture,straddle1e32,60,0.783215
i128,zmij_scalar,admixture,straddle1e32,60,10.970783
i128,zmij_x64_native,admixture,straddle1e32,60,6.932443
i128,zmij_x64_v1,admixture,straddle1e32,60,8.462630
i128,zmij_x64_v2,admixture,straddle1e32,60,7.388063
i128,zmij_x64_v3,admixture,straddle1e32,60,7.334251
i128,zmij_x64_v4,admixture,straddle1e32,60,8.780892
i128,fmt,admixture,straddle1e32,70,29.247113
i128,naive,admixture,straddle1e32,70,106.379088
i128,null,admixture,straddle1e32,70,0.794112
i128,zmij_scalar,admixture,straddle1e32,70,10.621473
i128,zmij_x64_native,admixture,straddle1e32,70,6.359764
i128,zmij_x64_v1,admixture,straddle1e32,70,7.808818
i128,zmij_x64_v2,admixture,straddle1e32,70,6.856426
i128,zmij_x64_v3,admixture,straddle1e32,70,6.822824
i128,zmij_x64_v4,admixture,straddle1e32,70,7.992114
i128,fmt,admixture,straddle1e32,80,28.787000
i128,naive,admixture,straddle1e32,80,105.715344
i128,null,admixture,straddle1e32,80,0.763319
i128,zmij_scalar,admixture,straddle1e32,80,10.224832
i128,zmij_x64_native,admixture,straddle1e32,80,5.792310
i128,zmij_x64_v1,admixture,straddle1e32,80,7.212279
i128,zmij_x64_v2,admixture,straddle1e32,80,6.363247
i128,zmij_x64_v3,admixture,straddle1e32,80,6.230660
i128,zmij_x64_v4,admixture,straddle1e32,80,7.283076
i128,fmt,admixture,straddle1e32,90,28.324520
i128,naive,admixture,straddle1e32,90,103.936571
i128,null,admixture,straddle1e32,90,0.730969
i128,zmij_scalar,admixture,straddle1e32,90,9.881700
i128,zmij_x64_native,admixture,straddle1e32,90,5.251466
i128,zmij_x64_v1,admixture,straddle1e32,90,6.630806
i128,zmij_x64_v2,admixture,straddle1e32,90,5.853910
i128,zmij_x64_v3,admixture,straddle1e32,90,5.721334
i128,zmij_x64_v4,admixture,straddle1e32,90,6.557199
i128,fmt,admixture,straddle1e32,100,27.811300
i128,naive,admixture,straddle1e32,100,102.860330
i128,null,admixture,straddle1e32,100,0.821955
i128,zmij_scalar,admixture,straddle1e32,100,9.438179
i128,zmij_x64_native,admixture,straddle1e32,100,4.647858
i128,zmij_x64_v1,admixture,straddle1e32,100,6.021075
i128,zmij_x64_v2,admixture,straddle1e32,100,5.209476
i128,zmij_x64_v3,admixture,straddle1e32,100,5.137237
i128,zmij_x64_v4,admixture,straddle1e32,100,5.850324
