Type,Function,Mode,Series,X,Time_ns
u32,amartin,bylength,,1,0.768498
u32,branchlut,bylength,,1,1.045642
u32,branchlut2,bylength,,1,0.996101
u32,countlut,bylength,,1,0.964854
u32,fmt,bylength,,1,1.131566
u32,jeaiii,bylength,,1,0.994668
u32,naive,bylength,,1,2.206809
u32,null,bylength,,1,1.089573
u32,sse2,bylength,,1,0.826962
u32,tmueller,bylength,,1,0.865002
u32,unrolledlut,bylength,,1,0.952218
u32,yy,bylength,,1,0.950911
u32,zmij_scalar,bylength,,1,2.242452
u32,zmij_x64_native,bylength,,1,1.259421
u32,zmij_x64_v1,bylength,,1,1.854020
u32,zmij_x64_v2,bylength,,1,1.258212
u32,zmij_x64_v3,bylength,,1,1.255281
u32,zmij_x64_v4,bylength,,1,1.260668
u32,amartin,bylength,,2,0.876570
u32,branchlut,bylength,,2,1.305372
u32,branchlut2,bylength,,2,1.043922
u32,countlut,bylength,,2,1.119852
u32,fmt,bylength,,2,1.148865
u32,jeaiii,bylength,,2,0.797275
u32,naive,bylength,,2,2.515641
u32,null,bylength,,2,1.064501
u32,sse2,bylength,,2,1.007430
u32,tmueller,bylength,,2,1.315997
u32,unrolledlut,bylength,,2,1.137834
u32,yy,bylength,,2,0.941719
u32,zmij_scalar,bylength,,2,2.197306
u32,zmij_x64_native,bylength,,2,1.243541
u32,zmij_x64_v1,bylength,,2,1.860173
u32,zmij_x64_v2,bylength,,2,1.270442
u32,zmij_x64_v3,bylength,,2,1.241675
u32,zmij_x64_v4,bylength,,2,1.251330
u32,amartin,bylength,,3,0.928718
u32,branchlut,bylength,,3,1.264487
u32,branchlut2,bylength,,3,0.998843
u32,countlut,bylength,,3,1.462240
u32,fmt,bylength,,3,1.638160
u32,jeaiii,bylength,,3,0.943186
u32,naive,bylength,,3,3.210433
u32,null,bylength,,3,0.864584
u32,sse2,bylength,,3,0.992493
u32,tmueller,bylength,,3,1.329512
u32,unrolledlut,bylength,,3,1.311936
u32,yy,bylength,,3,0.931317
u32,zmij_scalar,bylength,,3,2.216762
u32,zmij_x64_native,bylength,,3,1.239913
u32,zmij_x64_v1,bylength,,3,1.849808
u32,zmij_x64_v2,bylength,,3,1.258585
u32,zmij_x64_v3,bylength,,3,1.259629
u32,zmij_x64_v4,bylength,,3,1.251094
u32,amartin,bylength,,4,0.925498
u32,branchlut,bylength,,4,1.208276
u32,branchlut2,bylength,,4,1.054793
u32,countlut,bylength,,4,1.628596
u32,fmt,bylength,,4,1.635867
u32,jeaiii,bylength,,4,1.010122
u32,naive,bylength,,4,3.910345
u32,null,bylength,,4,0.827229
u32,sse2,bylength,,4,1.081754
u32,tmueller,bylength,,4,0.974468
u32,unrolledlut,bylength,,4,1.170573
u32,yy,bylength,,4,0.997118
u32,zmij_scalar,bylength,,4,2.217964
u32,zmij_x64_native,bylength,,4,1.247086
u32,zmij_x64_v1,bylength,,4,1.861812
u32,zmij_x64_v2,bylength,,4,1.270356
u32,zmij_x64_v3,bylength,,4,1.248638
u32,zmij_x64_v4,bylength,,4,1.231404
u32,amartin,bylength,,5,1.340768
u32,branchlut,bylength,,5,2.040546
u32,branchlut2,bylength,,5,1.891833
u32,countlut,bylength,,5,1.830966
u32,fmt,bylength,,5,2.175022
u32,jeaiii,bylength,,5,1.135538
u32,naive,bylength,,5,4.499113
u32,null,bylength,,5,0.820770
u32,sse2,bylength,,5,2.000839
u32,tmueller,bylength,,5,1.001575
u32,unrolledlut,bylength,,5,1.299376
u32,yy,bylength,,5,1.314098
u32,zmij_scalar,bylength,,5,2.216710
u32,zmij_x64_native,bylength,,5,1.240041
u32,zmij_x64_v1,bylength,,5,1.856220
u32,zmij_x64_v2,bylength,,5,1.246486
u32,zmij_x64_v3,bylength,,5,1.256595
u32,zmij_x64_v4,bylength,,5,1.241448
u32,amartin,bylength,,6,1.328619
u32,branchlut,bylength,,6,2.158803
u32,branchlut2,bylength,,6,1.910603
u32,countlut,bylength,,6,1.960310
u32,fmt,bylength,,6,2.182458
u32,jeaiii,bylength,,6,1.104425
u32,naive,bylength,,6,5.159497
u32,null,bylength,,6,0.789337
u32,sse2,bylength,,6,2.134945
u32,tmueller,bylength,,6,1.314196
u32,unrolledlut,bylength,,6,1.423460
u32,yy,bylength,,6,1.306141
u32,zmij_scalar,bylength,,6,2.221174
u32,zmij_x64_native,bylength,,6,1.226848
u32,zmij_x64_v1,bylength,,6,1.867439
u32,zmij_x64_v2,bylength,,6,1.257859
u32,zmij_x64_v3,bylength,,6,1.243104
u32,zmij_x64_v4,bylength,,6,1.265462
u32,amartin,bylength,,7,1.905284
u32,branchlut,bylength,,7,2.265148
u32,branchlut2,bylength,,7,2.385972
u32,countlut,bylength,,7,2.261493
u32,fmt,bylength,,7,2.712636
u32,jeaiii,bylength,,7,1.287079
u32,naive,bylength,,7,5.800007
u32,null,bylength,,7,0.805545
u32,sse2,bylength,,7,2.248551
u32,tmueller,bylength,,7,1.303167
u32,unrolledlut,bylength,,7,1.649898
u32,yy,bylength,,7,1.713572
u32,zmij_scalar,bylength,,7,2.226730
u32,zmij_x64_native,bylength,,7,1.244635
u32,zmij_x64_v1,bylength,,7,1.858307
u32,zmij_x64_v2,bylength,,7,1.250069
u32,zmij_x64_v3,bylength,,7,1.279101
u32,zmij_x64_v4,bylength,,7,1.275055
u32,amartin,bylength,,8,1.902178
u32,branchlut,bylength,,8,2.301305
u32,branchlut2,bylength,,8,2.434671
u32,countlut,bylength,,8,2.470229
u32,fmt,bylength,,8,2.727188
u32,jeaiii,bylength,,8,1.443451
u32,naive,bylength,,8,6.311780
u32,null,bylength,,8,0.781369
u32,sse2,bylength,,8,2.298162
u32,tmueller,bylength,,8,1.917251
u32,unrolledlut,bylength,,8,1.684269
u32,yy,bylength,,8,1.698568
u32,zmij_scalar,bylength,,8,2.236837
u32,zmij_x64_native,bylength,,8,1.244799
u32,zmij_x64_v1,bylength,,8,1.864819
u32,zmij_x64_v2,bylength,,8,1.247747
u32,zmij_x64_v3,bylength,,8,1.234779
u32,zmij_x64_v4,bylength,,8,1.243084
u32,amartin,bylength,,9,2.195314
u32,branchlut,bylength,,9,3.696793
u32,branchlut2,bylength,,9,3.508700
u32,countlut,bylength,,9,2.756495
u32,fmt,bylength,,9,3.252121
u32,jeaiii,bylength,,9,1.676525
u32,naive,bylength,,9,6.676978
u32,null,bylength,,9,1.052545
u32,sse2,bylength,,9,1.660464
u32,tmueller,bylength,,9,1.924438
u32,unrolledlut,bylength,,9,2.152208
u32,yy,bylength,,9,2.055418
u32,zmij_scalar,bylength,,9,2.219187
u32,zmij_x64_native,bylength,,9,1.238703
u32,zmij_x64_v1,bylength,,9,1.854488
u32,zmij_x64_v2,bylength,,9,1.263610
u32,zmij_x64_v3,bylength,,9,1.247430
u32,zmij_x64_v4,bylength,,9,1.246619
u32,amartin,bylength,,10,2.193169
u32,branchlut,bylength,,10,3.791087
u32,branchlut2,bylength,,10,3.551238
u32,countlut,bylength,,10,3.005851
u32,fmt,bylength,,10,3.258234
u32,jeaiii,bylength,,10,1.826521
u32,naive,bylength,,10,7.423765
u32,null,bylength,,10,1.082574
u32,sse2,bylength,,10,1.786551
u32,tmueller,bylength,,10,1.921252
u32,unrolledlut,bylength,,10,2.126410
u32,yy,bylength,,10,2.041955
u32,zmij_scalar,bylength,,10,2.205053
u32,zmij_x64_native,bylength,,10,1.243259
u32,zmij_x64_v1,bylength,,10,1.854738
u32,zmij_x64_v2,bylength,,10,1.245619
u32,zmij_x64_v3,bylength,,10,1.269002
u32,zmij_x64_v4,bylength,,10,1.264107
u32,amartin,loguniform,1-10,10,5.534830
u32,branchlut,loguniform,1-10,10,8.272706
u32,branchlut2,loguniform,1-10,10,8.946984
u32,countlut,loguniform,1-10,10,8.090331
u32,fmt,loguniform,1-10,10,9.202058
u32,jeaiii,loguniform,1-10,10,8.315780
u32,naive,loguniform,1-10,10,10.175324
u32,null,loguniform,1-10,10,0.796266
u32,sse2,loguniform,1-10,10,8.094029
u32,tmueller,loguniform,1-10,10,6.480687
u32,unrolledlut,loguniform,1-10,10,7.888575
u32,yy,loguniform,1-10,10,5.703516
u32,zmij_scalar,loguniform,1-10,10,2.199367
u32,zmij_x64_native,loguniform,1-10,10,1.249713
u32,zmij_x64_v1,loguniform,1-10,10,1.848554
u32,zmij_x64_v2,loguniform,1-10,10,1.263340
u32,zmij_x64_v3,loguniform,1-10,10,1.237535
u32,zmij_x64_v4,loguniform,1-10,10,1.240537
u32,amartin,loguniform,1-4,4,3.529430
u32,branchlut,loguniform,1-4,4,5.409270
u32,branchlut2,loguniform,1-4,4,5.934977
u32,countlut,loguniform,1-4,4,6.214645
u32,fmt,loguniform,1-4,4,6.040724
u32,jeaiii,loguniform,1-4,4,5.814027
u32,naive,loguniform,1-4,4,6.767671
u32,null,loguniform,1-4,4,0.822576
u32,sse2,loguniform,1-4,4,5.119855
u32,tmueller,loguniform,1-4,4,3.933488
u32,unrolledlut,loguniform,1-4,4,5.937021
u32,yy,loguniform,1-4,4,3.530715
u32,zmij_scalar,loguniform,1-4,4,2.197094
u32,zmij_x64_native,loguniform,1-4,4,1.245242
u32,zmij_x64_v1,loguniform,1-4,4,1.844774
u32,zmij_x64_v2,loguniform,1-4,4,1.258654
u32,zmij_x64_v3,loguniform,1-4,4,1.231786
u32,zmij_x64_v4,loguniform,1-4,4,1.226851
u32,amartin,unpredictable,,1,3.115941
u32,branchlut,unpredictable,,1,2.583821
u32,branchlut2,unpredictable,,1,1.409286
u32,countlut,unpredictable,,1,5.409595
u32,fmt,unpredictable,,1,4.453903
u32,jeaiii,unpredictable,,1,3.775923
u32,naive,unpredictable,,1,5.839984
u32,null,unpredictable,,1,1.270845
u32,sse2,unpredictable,,1,2.198452
u32,tmueller,unpredictable,,1,1.774630
u32,unrolledlut,unpredictable,,1,2.311817
u32,yy,unpredictable,,1,3.673393
u32,zmij_scalar,unpredictable,,1,2.163011
u32,zmij_x64_native,unpredictable,,1,1.180645
u32,zmij_x64_v1,unpredictable,,1,1.865408
u32,zmij_x64_v2,unpredictable,,1,1.222547
u32,zmij_x64_v3,unpredictable,,1,1.251063
u32,zmij_x64_v4,unpredictable,,1,1.221585
u32,amartin,unpredictable,,2,2.781445
u32,branchlut,unpredictable,,2,2.380492
u32,branchlut2,unpredictable,,2,1.283555
u32,countlut,unpredictable,,2,5.246773
u32,fmt,unpredictable,,2,4.272579
u32,jeaiii,unpredictable,,2,3.324188
u32,naive,unpredictable,,2,5.816730
u32,null,unpredictable,,2,0.653458
u32,sse2,unpredictable,,2,2.211347
u32,tmueller,unpredictable,,2,1.587446
u32,unrolledlut,unpredictable,,2,1.877551
u32,yy,unpredictable,,2,3.635980
u32,zmij_scalar,unpredictable,,2,2.109962
u32,zmij_x64_native,unpredictable,,2,1.209227
u32,zmij_x64_v1,unpredictable,,2,1.811935
u32,zmij_x64_v2,unpredictable,,2,1.205697
u32,zmij_x64_v3,unpredictable,,2,1.215099
u32,zmij_x64_v4,unpredictable,,2,1.217089
u32,amartin,unpredictable,,3,1.858501
u32,branchlut,unpredictable,,3,2.861478
u32,branchlut2,unpredictable,,3,1.509443
u32,countlut,unpredictable,,3,2.979764
u32,fmt,unpredictable,,3,3.502542
u32,jeaiii,unpredictable,,3,1.298296
u32,naive,unpredictable,,3,5.815708
u32,null,unpredictable,,3,0.788687
u32,sse2,unpredictable,,3,2.480983
u32,tmueller,unpredictable,,3,1.565556
u32,unrolledlut,unpredictable,,3,1.213359
u32,yy,unpredictable,,3,2.881553
u32,zmij_scalar,unpredictable,,3,2.211796
u32,zmij_x64_native,unpredictable,,3,1.187084
u32,zmij_x64_v1,unpredictable,,3,1.801958
u32,zmij_x64_v2,unpredictable,,3,1.209801
u32,zmij_x64_v3,unpredictable,,3,1.232441
u32,zmij_x64_v4,unpredictable,,3,1.198925
u32,amartin,unpredictable,,4,2.110179
u32,branchlut,unpredictable,,4,3.349260
u32,branchlut2,unpredictable,,4,1.511339
u32,countlut,unpredictable,,4,3.291117
u32,fmt,unpredictable,,4,3.544374
u32,jeaiii,unpredictable,,4,1.288288
u32,naive,unpredictable,,4,6.006432
u32,null,unpredictable,,4,0.958195
u32,sse2,unpredictable,,4,2.661640
u32,tmueller,unpredictable,,4,1.546876
u32,unrolledlut,unpredictable,,4,1.316962
u32,yy,unpredictable,,4,2.866710
u32,zmij_scalar,unpredictable,,4,2.163635
u32,zmij_x64_native,unpredictable,,4,1.199821
u32,zmij_x64_v1,unpredictable,,4,1.795260
u32,zmij_x64_v2,unpredictable,,4,1.240691
u32,zmij_x64_v3,unpredictable,,4,1.247432
u32,zmij_x64_v4,unpredictable,,4,1.234373
u32,amartin,unpredictable,,5,1.659813
u32,branchlut,unpredictable,,5,1.729156
u32,branchlut2,unpredictable,,5,2.197249
u32,countlut,unpredictable,,5,3.143319
u32,fmt,unpredictable,,5,3.572023
u32,jeaiii,unpredictable,,5,1.691821
u32,naive,unpredictable,,5,6.604508
u32,null,unpredictable,,5,0.963935
u32,sse2,unpredictable,,5,1.637903
u32,tmueller,unpredictable,,5,1.798274
u32,unrolledlut,unpredictable,,5,1.768570
u32,yy,unpredictable,,5,2.358123
u32,zmij_scalar,unpredictable,,5,2.163946
u32,zmij_x64_native,unpredictable,,5,1.213363
u32,zmij_x64_v1,unpredictable,,5,1.808288
u32,zmij_x64_v2,unpredictable,,5,1.250091
u32,zmij_x64_v3,unpredictable,,5,1.223003
u32,zmij_x64_v4,unpredictable,,5,1.222466
u32,amartin,unpredictable,,6,1.638577
u32,branchlut,unpredictable,,6,1.899341
u32,branchlut2,unpredictable,,6,2.306818
u32,countlut,unpredictable,,6,3.515582
u32,fmt,unpredictable,,6,3.741616
u32,jeaiii,unpredictable,,6,1.526084
u32,naive,unpredictable,,6,6.798767
u32,null,unpredictable,,6,0.744176
u32,sse2,unpredictable,,6,1.891124
u32,tmueller,unpredictable,,6,2.044926
u32,unrolledlut,unpredictable,,6,1.726066
u32,yy,unpredictable,,6,2.420795
u32,zmij_scalar,unpredictable,,6,2.255300
u32,zmij_x64_native,unpredictable,,6,1.203417
u32,zmij_x64_v1,unpredictable,,6,1.814271
u32,zmij_x64_v2,unpredictable,,6,1.233274
u32,zmij_x64_v3,unpredictable,,6,1.226213
u32,zmij_x64_v4,unpredictable,,6,1.207383
u32,amartin,unpredictable,,7,2.215226
u32,branchlut,unpredictable,,7,2.840410
u32,branchlut2,unpredictable,,7,2.861592
u32,countlut,unpredictable,,7,2.886620
u32,fmt,unpredictable,,7,3.436333
u32,jeaiii,unpredictable,,7,1.416156
u32,naive,unpredictable,,7,6.494055
u32,null,unpredictable,,7,0.697438
u32,sse2,unpredictable,,7,2.217916
u32,tmueller,unpredictable,,7,1.846135
u32,unrolledlut,unpredictable,,7,2.837004
u32,yy,unpredictable,,7,1.713766
u32,zmij_scalar,unpredictable,,7,2.182488
u32,zmij_x64_native,unpredictable,,7,1.179878
u32,zmij_x64_v1,unpredictable,,7,1.827934
u32,zmij_x64_v2,unpredictable,,7,1.224298
u32,zmij_x64_v3,unpredictable,,7,1.237249
u32,zmij_x64_v4,unpredictable,,7,1.196759
u32,amartin,unpredictable,,8,1.919492
u32,branchlut,unpredictable,,8,2.813231
u32,branchlut2,unpredictable,,8,2.500657
u32,countlut,unpredictable,,8,2.645787
u32,fmt,unpredictable,,8,3.017144
u32,jeaiii,unpredictable,,8,1.428782
u32,naive,unpredictable,,8,5.921824
u32,null,unpredictable,,8,0.791744
u32,sse2,unpredictable,,8,2.654260
u32,tmueller,unpredictable,,8,1.785132
u32,unrolledlut,unpredictable,,8,2.946665
u32,yy,unpredictable,,8,1.735852
u32,zmij_scalar,unpredictable,,8,2.157742
u32,zmij_x64_native,unpredictable,,8,1.201252
u32,zmij_x64_v1,unpredictable,,8,1.824925
u32,zmij_x64_v2,unpredictable,,8,1.224054
u32,zmij_x64_v3,unpredictable,,8,1.194081
u32,zmij_x64_v4,unpredictable,,8,1.205884
u32,amartin,unpredictable,,9,4.847764
u32,branchlut,unpredictable,,9,4.338088
u32,branchlut2,unpredictable,,9,6.174435
u32,countlut,unpredictable,,9,3.667154
u32,fmt,unpredictable,,9,4.166685
u32,jeaiii,unpredictable,,9,2.116316
u32,naive,unpredictable,,9,7.327481
u32,null,unpredictable,,9,1.041535
u32,sse2,unpredictable,,9,2.482327
u32,tmueller,unpredictable,,9,2.081277
u32,unrolledlut,unpredictable,,9,5.192238
u32,yy,unpredictable,,9,2.403421
u32,zmij_scalar,unpredictable,,9,2.229579
u32,zmij_x64_native,unpredictable,,9,1.259293
u32,zmij_x64_v1,unpredictable,,9,1.862613
u32,zmij_x64_v2,unpredictable,,9,1.290240
u32,zmij_x64_v3,unpredictable,,9,1.265412
u32,zmij_x64_v4,unpredictable,,9,1.289590
u32,amartin,unpredictable,,10,4.815984
u32,branchlut,unpredictable,,10,4.523928
u32,branchlut2,unpredictable,,10,6.262634
u32,countlut,unpredictable,,10,3.760117
u32,fmt,unpredictable,,10,4.121485
u32,jeaiii,unpredictable,,10,2.150326
u32,naive,unpredictable,,10,7.855520
u32,null,unpredictable,,10,0.647362
u32,sse2,unpredictable,,10,2.393036
u32,tmueller,unpredictable,,10,1.776737
u32,unrolledlut,unpredictable,,10,4.387205
u32,yy,unpredictable,,10,2.278219
u32,zmij_scalar,unpredictable,,10,2.159695
u32,zmij_x64_native,unpredictable,,10,1.200607
u32,zmij_x64_v1,unpredictable,,10,1.806617
u32,zmij_x64_v2,unpredictable,,10,1.228908
u32,zmij_x64_v3,unpredictable,,10,1.218661
u32,zmij_x64_v4,unpredictable,,10,1.174902
u32,amartin,admixture,5x6,0,1.327696
u32,branchlut,admixture,5x6,0,2.165736
u32,branchlut2,admixture,5x6,0,1.915226
u32,countlut,admixture,5x6,0,1.965023
u32,fmt,admixture,5x6,0,2.184303
u32,jeaiii,admixture,5x6,0,1.119208
u32,naive,admixture,5x6,0,5.121463
u32,null,admixture,5x6,0,0.745304
u32,sse2,admixture,5x6,0,2.119469
u32,tmueller,admixture,5x6,0,1.299548
u32,unrolledlut,admixture,5x6,0,1.419761
u32,yy,admixture,5x6,0,1.294417
u32,zmij_scalar,admixture,5x6,0,2.200004
u32,zmij_x64_native,admixture,5x6,0,1.243330
u32,zmij_x64_v1,admixture,5x6,0,1.840883
u32,zmij_x64_v2,admixture,5x6,0,1.245006
u32,zmij_x64_v3,admixture,5x6,0,1.235600
u32,zmij_x64_v4,admixture,5x6,0,1.232492
u32,amartin,admixture,5x6,10,1.383907
u32,branchlut,admixture,5x6,10,2.659441
u32,branchlut2,admixture,5x6,10,2.472263
u32,countlut,admixture,5x6,10,2.611301
u32,fmt,admixture,5x6,10,2.876442
u32,jeaiii,admixture,5x6,10,1.748937
u32,naive,admixture,5x6,10,5.783583
u32,null,admixture,5x6,10,0.726225
u32,sse2,admixture,5x6,10,2.538155
u32,tmueller,admixture,5x6,10,1.842116
u32,unrolledlut,admixture,5x6,10,2.093401
u32,yy,admixture,5x6,10,1.283405
u32,zmij_scalar,admixture,5x6,10,2.194498
u32,zmij_x64_native,admixture,5x6,10,1.229222
u32,zmij_x64_v1,admixture,5x6,10,1.842565
u32,zmij_x64_v2,admixture,5x6,10,1.268401
u32,zmij_x64_v3,admixture,5x6,10,1.257987
u32,zmij_x64_v4,admixture,5x6,10,1.250931
u32,amartin,admixture,5x6,20,1.328718
u32,branchlut,admixture,5x6,20,3.003298
u32,branchlut2,admixture,5x6,20,2.908594
u32,countlut,admixture,5x6,20,3.067494
u32,fmt,admixture,5x6,20,3.341724
u32,jeaiii,admixture,5x6,20,2.188753
u32,naive,admixture,5x6,20,6.222389
u32,null,admixture,5x6,20,0.758434
u32,sse2,admixture,5x6,20,2.951765
u32,tmueller,admixture,5x6,20,2.238022
u32,unrolledlut,admixture,5x6,20,2.574334
u32,yy,admixture,5x6,20,1.296039
u32,zmij_scalar,admixture,5x6,20,2.202128
u32,zmij_x64_native,admixture,5x6,20,1.225742
u32,zmij_x64_v1,admixture,5x6,20,1.849740
u32,zmij_x64_v2,admixture,5x6,20,1.251719
u32,zmij_x64_v3,admixture,5x6,20,1.249970
u32,zmij_x64_v4,admixture,5x6,20,1.271490
u32,amartin,admixture,5x6,30,1.329034
u32,branchlut,admixture,5x6,30,3.415233
u32,branchlut2,admixture,5x6,30,3.459701
u32,countlut,admixture,5x6,30,3.620327
u32,fmt,admixture,5x6,30,3.990820
u32,jeaiii,admixture,5x6,30,2.668420
u32,naive,admixture,5x6,30,6.777944
u32,null,admixture,5x6,30,0.785909
u32,sse2,admixture,5x6,30,3.375987
u32,tmueller,admixture,5x6,30,2.790484
u32,unrolledlut,admixture,5x6,30,3.084119
u32,yy,admixture,5x6,30,1.279958
u32,zmij_scalar,admixture,5x6,30,2.211293
u32,zmij_x64_native,admixture,5x6,30,1.230536
u32,zmij_x64_v1,admixture,5x6,30,1.852206
u32,zmij_x64_v2,admixture,5x6,30,1.260770
u32,zmij_x64_v3,admixture,5x6,30,1.270711
u32,zmij_x64_v4,admixture,5x6,30,1.242909
u32,amartin,admixture,5x6,40,1.336553
u32,branchlut,admixture,5x6,40,3.829808
u32,branchlut2,admixture,5x6,40,4.046718
u32,countlut,admixture,5x6,40,4.328412
u32,fmt,admixture,5x6,40,4.671041
u32,jeaiii,admixture,5x6,40,3.401830
u32,naive,admixture,5x6,40,7.529697
u32,null,admixture,5x6,40,0.924026
u32,sse2,admixture,5x6,40,3.846349
u32,tmueller,admixture,5x6,40,3.500072
u32,unrolledlut,admixture,5x6,40,3.824030
u32,yy,admixture,5x6,40,1.285411
u32,zmij_scalar,admixture,5x6,40,2.208895
u32,zmij_x64_native,admixture,5x6,40,1.247852
u32,zmij_x64_v1,admixture,5x6,40,1.854828
u32,zmij_x64_v2,admixture,5x6,40,1.274533
u32,zmij_x64_v3,admixture,5x6,40,1.262406
u32,zmij_x64_v4,admixture,5x6,40,1.269837
u32,amartin,admixture,5x6,50,1.327895
u32,branchlut,admixture,5x6,50,4.027298
u32,branchlut2,admixture,5x6,50,4.346573
u32,countlut,admixture,5x6,50,4.639387
u32,fmt,admixture,5x6,50,5.037614
u32,jeaiii,admixture,5x6,50,3.679521
u32,naive,admixture,5x6,50,7.825771
u32,null,admixture,5x6,50,0.840145
u32,sse2,admixture,5x6,50,4.041998
u32,tmueller,admixture,5x6,50,3.675529
u32,unrolledlut,admixture,5x6,50,4.164008
u32,yy,admixture,5x6,50,1.308962
u32,zmij_scalar,admixture,5x6,50,2.208567
u32,zmij_x64_native,admixture,5x6,50,1.233470
u32,zmij_x64_v1,admixture,5x6,50,1.848308
u32,zmij_x64_v2,admixture,5x6,50,1.258836
u32,zmij_x64_v3,admixture,5x6,50,1.250561
u32,zmij_x64_v4,admixture,5x6,50,1.233647
u32,amartin,admixture,5x6,60,1.328566
u32,branchlut,admixture,5x6,60,3.752237
u32,branchlut2,admixture,5x6,60,4.061394
u32,countlut,admixture,5x6,60,4.163520
u32,fmt,admixture,5x6,60,4.772172
u32,jeaiii,admixture,5x6,60,3.389784
u32,naive,admixture,5x6,60,7.289346
u32,null,admixture,5x6,60,0.964300
u32,sse2,admixture,5x6,60,3.753455
u32,tmueller,admixture,5x6,60,3.413016
u32,unrolledlut,admixture,5x6,60,3.791199
u32,yy,admixture,5x6,60,1.322745
u32,zmij_scalar,admixture,5x6,60,2.254654
u32,zmij_x64_native,admixture,5x6,60,1.249020
u32,zmij_x64_v1,admixture,5x6,60,1.854672
u32,zmij_x64_v2,admixture,5x6,60,1.244852
u32,zmij_x64_v3,admixture,5x6,60,1.253330
u32,zmij_x64_v4,admixture,5x6,60,1.258377
u32,amartin,admixture,5x6,70,1.364853
u32,branchlut,admixture,5x6,70,3.403820
u32,branchlut2,admixture,5x6,70,3.576608
u32,countlut,admixture,5x6,70,3.498531
u32,fmt,admixture,5x6,70,3.936031
u32,jeaiii,admixture,5x6,70,2.708848
u32,naive,admixture,5x6,70,6.384456
u32,null,admixture,5x6,70,0.811786
u32,sse2,admixture,5x6,70,3.213161
u32,tmueller,admixture,5x6,70,2.678220
u32,unrolledlut,admixture,5x6,70,2.990193
u32,yy,admixture,5x6,70,1.273223
u32,zmij_scalar,admixture,5x6,70,2.201095
u32,zmij_x64_native,admixture,5x6,70,1.239010
u32,zmij_x64_v1,admixture,5x6,70,1.841895
u32,zmij_x64_v2,admixture,5x6,70,1.252830
u32,zmij_x64_v3,admixture,5x6,70,1.234858
u32,zmij_x64_v4,admixture,5x6,70,1.237700
u32,amartin,admixture,5x6,80,1.327417
u32,branchlut,admixture,5x6,80,2.835559
u32,branchlut2,admixture,5x6,80,2.863138
u32,countlut,admixture,5x6,80,2.951365
u32,fmt,admixture,5x6,80,3.426395
u32,jeaiii,admixture,5x6,80,2.171171
u32,naive,admixture,5x6,80,5.782836
u32,null,admixture,5x6,80,0.749126
u32,sse2,admixture,5x6,80,2.828464
u32,tmueller,admixture,5x6,80,2.129971
u32,unrolledlut,admixture,5x6,80,2.529443
u32,yy,admixture,5x6,80,1.294783
u32,zmij_scalar,admixture,5x6,80,2.234529
u32,zmij_x64_native,admixture,5x6,80,1.229474
u32,zmij_x64_v1,admixture,5x6,80,1.850054
u32,zmij_x64_v2,admixture,5x6,80,1.262817
u32,zmij_x64_v3,admixture,5x6,80,1.225451
u32,zmij_x64_v4,admixture,5x6,80,1.268615
u32,amartin,admixture,5x6,90,1.326648
u32,branchlut,admixture,5x6,90,2.441562
u32,branchlut2,admixture,5x6,90,2.386728
u32,countlut,admixture,5x6,90,2.449337
u32,fmt,admixture,5x6,90,2.774683
u32,jeaiii,admixture,5x6,90,1.673212
u32,naive,admixture,5x6,90,5.100195
u32,null,admixture,5x6,90,0.727425
u32,sse2,admixture,5x6,90,2.415614
u32,tmueller,admixture,5x6,90,1.603775
u32,unrolledlut,admixture,5x6,90,1.898994
u32,yy,admixture,5x6,90,1.274684
u32,zmij_scalar,admixture,5x6,90,2.211264
u32,zmij_x64_native,admixture,5x6,90,1.231530
u32,zmij_x64_v1,admixture,5x6,90,1.851719
u32,zmij_x64_v2,admixture,5x6,90,1.248846
u32,zmij_x64_v3,admixture,5x6,90,1.258286
u32,zmij_x64_v4,admixture,5x6,90,1.265686
u32,amartin,admixture,5x6,100,1.366129
u32,branchlut,admixture,5x6,100,2.039934
u32,branchlut2,admixture,5x6,100,1.893784
u32,countlut,admixture,5x6,100,1.822515
u32,fmt,admixture,5x6,100,2.176479
u32,jeaiii,admixture,5x6,100,1.110032
u32,naive,admixture,5x6,100,4.517523
u32,null,admixture,5x6,100,0.779128
u32,sse2,admixture,5x6,100,2.016198
u32,tmueller,admixture,5x6,100,1.013447
u32,unrolledlut,admixture,5x6,100,1.287841
u32,yy,admixture,5x6,100,1.301469
u32,zmij_scalar,admixture,5x6,100,2.222896
u32,zmij_x64_native,admixture,5x6,100,1.217198
u32,zmij_x64_v1,admixture,5x6,100,1.845922
u32,zmij_x64_v2,admixture,5x6,100,1.251426
u32,zmij_x64_v3,admixture,5x6,100,1.239941
u32,zmij_x64_v4,admixture,5x6,100,1.218825
i32,amartin,bylength,,1,0.916497
i32,branchlut,bylength,,1,3.666189
i32,branchlut2,bylength,,1,3.579258
i32,countlut,bylength,,1,4.108573
i32,fmt,bylength,,1,1.098664
i32,jeaiii,bylength,,1,3.618490
i32,naive,bylength,,1,4.969605
i32,null,bylength,,1,0.767634
i32,sse2,bylength,,1,3.586682
i32,tmueller,bylength,,1,0.938466
i32,unrolledlut,bylength,,1,3.962558
i32,yy,bylength,,1,1.140820
i32,zmij_scalar,bylength,,1,2.498499
i32,zmij_x64_native,bylength,,1,1.472574
i32,zmij_x64_v1,bylength,,1,2.113750
i32,zmij_x64_v2,bylength,,1,1.514366
i32,zmij_x64_v3,bylength,,1,1.471279
i32,zmij_x64_v4,bylength,,1,1.481959
i32,amartin,bylength,,2,0.933013
i32,branchlut,bylength,,2,4.364293
i32,branchlut2,bylength,,2,4.021123
i32,countlut,bylength,,2,3.878416
i32,fmt,bylength,,2,1.098477
i32,jeaiii,bylength,,2,3.670857
i32,naive,bylength,,2,5.480021
i32,null,bylength,,2,0.752871
i32,sse2,bylength,,2,3.663440
i32,tmueller,bylength,,2,1.750047
i32,unrolledlut,bylength,,2,4.250402
i32,yy,bylength,,2,1.164222
i32,zmij_scalar,bylength,,2,2.501413
i32,zmij_x64_native,bylength,,2,1.465864
i32,zmij_x64_v1,bylength,,2,2.109756
i32,zmij_x64_v2,bylength,,2,1.518217
i32,zmij_x64_v3,bylength,,2,1.467947
i32,zmij_x64_v4,bylength,,2,1.467550
i32,amartin,bylength,,3,1.264139
i32,branchlut,bylength,,3,4.328840
i32,branchlut2,bylength,,3,3.824082
i32,countlut,bylength,,3,4.364243
i32,fmt,bylength,,3,1.806320
i32,jeaiii,bylength,,3,3.719699
i32,naive,bylength,,3,5.951374
i32,null,bylength,,3,0.758886
i32,sse2,bylength,,3,3.701908
i32,tmueller,bylength,,3,1.755405
i32,unrolledlut,bylength,,3,4.508238
i32,yy,bylength,,3,1.290770
i32,zmij_scalar,bylength,,3,2.484795
i32,zmij_x64_native,bylength,,3,1.462532
i32,zmij_x64_v1,bylength,,3,2.111179
i32,zmij_x64_v2,bylength,,3,1.508832
i32,zmij_x64_v3,bylength,,3,1.474931
i32,zmij_x64_v4,bylength,,3,1.473097
i32,amartin,bylength,,4,1.259555
i32,branchlut,bylength,,4,3.899106
i32,branchlut2,bylength,,4,3.660206
i32,countlut,bylength,,4,4.429155
i32,fmt,bylength,,4,1.354496
i32,jeaiii,bylength,,4,3.759879
i32,naive,bylength,,4,6.399949
i32,null,bylength,,4,0.829004
i32,sse2,bylength,,4,3.874354
i32,tmueller,bylength,,4,1.326397
i32,unrolledlut,bylength,,4,4.292004
i32,yy,bylength,,4,1.290402
i32,zmij_scalar,bylength,,4,2.495471
i32,zmij_x64_native,bylength,,4,1.465269
i32,zmij_x64_v1,bylength,,4,2.114794
i32,zmij_x64_v2,bylength,,4,1.520871
i32,zmij_x64_v3,bylength,,4,1.471525
i32,zmij_x64_v4,bylength,,4,1.475598
i32,amartin,bylength,,5,1.777448
i32,branchlut,bylength,,5,4.299062
i32,branchlut2,bylength,,5,4.520602
i32,countlut,bylength,,5,4.714266
i32,fmt,bylength,,5,1.812480
i32,jeaiii,bylength,,5,3.789501
i32,naive,bylength,,5,6.912238
i32,null,bylength,,5,0.847094
i32,sse2,bylength,,5,4.297419
i32,tmueller,bylength,,5,1.322685
i32,unrolledlut,bylength,,5,4.598211
i32,yy,bylength,,5,1.581962
i32,zmij_scalar,bylength,,5,2.494305
i32,zmij_x64_native,bylength,,5,1.466196
i32,zmij_x64_v1,bylength,,5,2.121413
i32,zmij_x64_v2,bylength,,5,1.514060
i32,zmij_x64_v3,bylength,,5,1.471859
i32,zmij_x64_v4,bylength,,5,1.468281
i32,amartin,bylength,,6,1.797551
i32,branchlut,bylength,,6,4.731560
i32,branchlut2,bylength,,6,4.558126
i32,countlut,bylength,,6,4.426772
i32,fmt,bylength,,6,1.825073
i32,jeaiii,bylength,,6,4.123216
i32,naive,bylength,,6,7.555994
i32,null,bylength,,6,0.734815
i32,sse2,bylength,,6,4.672819
i32,tmueller,bylength,,6,1.717377
i32,unrolledlut,bylength,,6,4.555759
i32,yy,bylength,,6,1.580431
i32,zmij_scalar,bylength,,6,2.513866
i32,zmij_x64_native,bylength,,6,1.461894
i32,zmij_x64_v1,bylength,,6,2.121685
i32,zmij_x64_v2,bylength,,6,1.515384
i32,zmij_x64_v3,bylength,,6,1.475455
i32,zmij_x64_v4,bylength,,6,1.468417
i32,amartin,bylength,,7,2.338655
i32,branchlut,bylength,,7,4.751969
i32,branchlut2,bylength,,7,4.587524
i32,countlut,bylength,,7,4.938982
i32,fmt,bylength,,7,2.134419
i32,jeaiii,bylength,,7,3.861924
i32,naive,bylength,,7,8.088511
i32,null,bylength,,7,0.758936
i32,sse2,bylength,,7,4.730153
i32,tmueller,bylength,,7,1.723695
i32,unrolledlut,bylength,,7,4.340160
i32,yy,bylength,,7,2.002699
i32,zmij_scalar,bylength,,7,2.511824
i32,zmij_x64_native,bylength,,7,1.466762
i32,zmij_x64_v1,bylength,,7,2.120894
i32,zmij_x64_v2,bylength,,7,1.521778
i32,zmij_x64_v3,bylength,,7,1.465776
i32,zmij_x64_v4,bylength,,7,1.482637
i32,amartin,bylength,,8,2.332344
i32,branchlut,bylength,,8,4.788275
i32,branchlut2,bylength,,8,4.897756
i32,countlut,bylength,,8,5.177240
i32,fmt,bylength,,8,2.131574
i32,jeaiii,bylength,,8,4.308324
i32,naive,bylength,,8,7.787046
i32,null,bylength,,8,0.849289
i32,sse2,bylength,,8,4.889758
i32,tmueller,bylength,,8,2.447145
i32,unrolledlut,bylength,,8,4.278460
i32,yy,bylength,,8,2.018496
i32,zmij_scalar,bylength,,8,2.509024
i32,zmij_x64_native,bylength,,8,1.470183
i32,zmij_x64_v1,bylength,,8,2.117646
i32,zmij_x64_v2,bylength,,8,1.523806
i32,zmij_x64_v3,bylength,,8,1.470386
i32,zmij_x64_v4,bylength,,8,1.489037
i32,amartin,bylength,,9,2.635221
i32,branchlut,bylength,,9,5.287994
i32,branchlut2,bylength,,9,5.448319
i32,countlut,bylength,,9,5.607488
i32,fmt,bylength,,9,2.493961
i32,jeaiii,bylength,,9,4.424663
i32,naive,bylength,,9,8.628345
i32,null,bylength,,9,0.857485
i32,sse2,bylength,,9,4.154587
i32,tmueller,bylength,,9,2.435032
i32,unrolledlut,bylength,,9,4.525093
i32,yy,bylength,,9,2.359160
i32,zmij_scalar,bylength,,9,2.492360
i32,zmij_x64_native,bylength,,9,1.479018
i32,zmij_x64_v1,bylength,,9,2.115654
i32,zmij_x64_v2,bylength,,9,1.509221
i32,zmij_x64_v3,bylength,,9,1.473262
i32,zmij_x64_v4,bylength,,9,1.469757
i32,amartin,bylength,,10,2.697230
i32,branchlut,bylength,,10,5.618349
i32,branchlut2,bylength,,10,5.380143
i32,countlut,bylength,,10,5.451850
i32,fmt,bylength,,10,2.516496
i32,jeaiii,bylength,,10,4.510503
i32,naive,bylength,,10,9.549139
i32,null,bylength,,10,0.781622
i32,sse2,bylength,,10,4.571486
i32,tmueller,bylength,,10,2.448132
i32,unrolledlut,bylength,,10,4.470091
i32,yy,bylength,,10,2.377830
i32,zmij_scalar,bylength,,10,2.508064
i32,zmij_x64_native,bylength,,10,1.492111
i32,zmij_x64_v1,bylength,,10,2.131598
i32,zmij_x64_v2,bylength,,10,1.521212
i32,zmij_x64_v3,bylength,,10,1.475634
i32,zmij_x64_v4,bylength,,10,1.476816
i32,amartin,loguniform,1-10,10,6.708834
i32,branchlut,loguniform,1-10,10,11.061012
i32,branchlut2,loguniform,1-10,10,11.230823
i32,countlut,loguniform,1-10,10,11.752421
i32,fmt,loguniform,1-10,10,9.443793
i32,jeaiii,loguniform,1-10,10,10.855742
i32,naive,loguniform,1-10,10,12.819102
i32,null,loguniform,1-10,10,0.785401
i32,sse2,loguniform,1-10,10,10.539387
i32,tmueller,loguniform,1-10,10,7.154486
i32,unrolledlut,loguniform,1-10,10,10.476270
i32,yy,loguniform,1-10,10,6.285912
i32,zmij_scalar,loguniform,1-10,10,2.534810
i32,zmij_x64_native,loguniform,1-10,10,1.476218
i32,zmij_x64_v1,loguniform,1-10,10,2.132577
i32,zmij_x64_v2,loguniform,1-10,10,1.505719
i32,zmij_x64_v3,loguniform,1-10,10,1.484410
i32,zmij_x64_v4,loguniform,1-10,10,1.474846
i32,amartin,loguniform,1-4,4,3.852422
i32,branchlut,loguniform,1-4,4,7.979966
i32,branchlut2,loguniform,1-4,4,8.640698
i32,countlut,loguniform,1-4,4,9.532320
i32,fmt,loguniform,1-4,4,6.581740
i32,jeaiii,loguniform,1-4,4,8.534277
i32,naive,loguniform,1-4,4,9.617110
i32,null,loguniform,1-4,4,0.892194
i32,sse2,loguniform,1-4,4,7.980535
i32,tmueller,loguniform,1-4,4,4.654479
i32,unrolledlut,loguniform,1-4,4,9.016388
i32,yy,loguniform,1-4,4,3.970238
i32,zmij_scalar,loguniform,1-4,4,2.543846
i32,zmij_x64_native,loguniform,1-4,4,1.502322
i32,zmij_x64_v1,loguniform,1-4,4,2.139354
i32,zmij_x64_v2,loguniform,1-4,4,1.527055
i32,zmij_x64_v3,loguniform,1-4,4,1.501797
i32,zmij_x64_v4,loguniform,1-4,4,1.491934
i32,amartin,unpredictable,,1,3.079879
i32,branchlut,unpredictable,,1,5.465440
i32,branchlut2,unpredictable,,1,4.604459
i32,countlut,unpredictable,,1,8.070707
i32,fmt,unpredictable,,1,4.281295
i32,jeaiii,unpredictable,,1,6.865354
i32,naive,unpredictable,,1,8.186195
i32,null,unpredictable,,1,0.744786
i32,sse2,unpredictable,,1,5.420535
i32,tmueller,unpredictable,,1,2.005855
i32,unrolledlut,unpredictable,,1,5.290306
i32,yy,unpredictable,,1,4.197469
i32,zmij_scalar,unpredictable,,1,2.510969
i32,zmij_x64_native,unpredictable,,1,1.464591
i32,zmij_x64_v1,unpredictable,,1,2.149411
i32,zmij_x64_v2,unpredictable,,1,1.546241
i32,zmij_x64_v3,unpredictable,,1,1.511605
i32,zmij_x64_v4,unpredictable,,1,1.494139
i32,amartin,unpredictable,,2,3.065228
i32,branchlut,unpredictable,,2,5.739914
i32,branchlut2,unpredictable,,2,4.762977
i32,countlut,unpredictable,,2,8.430241
i32,fmt,unpredictable,,2,4.289578
i32,jeaiii,unpredictable,,2,7.487911
i32,naive,unpredictable,,2,8.662576
i32,null,unpredictable,,2,0.771509
i32,sse2,unpredictable,,2,5.644965
i32,tmueller,unpredictable,,2,2.067848
i32,unrolledlut,unpredictable,,2,5.638041
i32,yy,unpredictable,,2,4.209743
i32,zmij_scalar,unpredictable,,2,2.475421
i32,zmij_x64_native,unpredictable,,2,1.469511
i32,zmij_x64_v1,unpredictable,,2,2.118767
i32,zmij_x64_v2,unpredictable,,2,1.551155
i32,zmij_x64_v3,unpredictable,,2,1.504809
i32,zmij_x64_v4,unpredictable,,2,1.476614
i32,amartin,unpredictable,,3,2.225684
i32,branchlut,unpredictable,,3,6.192574
i32,branchlut2,unpredictable,,3,4.786208
i32,countlut,unpredictable,,3,6.262029
i32,fmt,unpredictable,,3,3.719495
i32,jeaiii,unpredictable,,3,4.716105
i32,naive,unpredictable,,3,8.371752
i32,null,unpredictable,,3,0.930909
i32,sse2,unpredictable,,3,5.912659
i32,tmueller,unpredictable,,3,1.976706
i32,unrolledlut,unpredictable,,3,4.701597
i32,yy,unpredictable,,3,3.344995
i32,zmij_scalar,unpredictable,,3,2.523613
i32,zmij_x64_native,unpredictable,,3,1.473489
i32,zmij_x64_v1,unpredictable,,3,2.129980
i32,zmij_x64_v2,unpredictable,,3,1.524298
i32,zmij_x64_v3,unpredictable,,3,1.476260
i32,zmij_x64_v4,unpredictable,,3,1.477784
i32,amartin,unpredictable,,4,2.190811
i32,branchlut,unpredictable,,4,6.462008
i32,branchlut2,unpredictable,,4,4.623728
i32,countlut,unpredictable,,4,6.292783
i32,fmt,unpredictable,,4,3.505447
i32,jeaiii,unpredictable,,4,4.759866
i32,naive,unpredictable,,4,8.547531
i32,null,unpredictable,,4,0.898525
i32,sse2,unpredictable,,4,6.034973
i32,tmueller,unpredictable,,4,2.174085
i32,unrolledlut,unpredictable,,4,4.735644
i32,yy,unpredictable,,4,3.439850
i32,zmij_scalar,unpredictable,,4,2.492078
i32,zmij_x64_native,unpredictable,,4,1.485321
i32,zmij_x64_v1,unpredictable,,4,2.111937
i32,zmij_x64_v2,unpredictable,,4,1.555835
i32,zmij_x64_v3,unpredictable,,4,1.487603
i32,zmij_x64_v4,unpredictable,,4,1.491937
i32,amartin,unpredictable,,5,2.141219
i32,branchlut,unpredictable,,5,5.009382
i32,branchlut2,unpredictable,,5,5.255778
i32,countlut,unpredictable,,5,6.218760
i32,fmt,unpredictable,,5,2.799508
i32,jeaiii,unpredictable,,5,4.948793
i32,naive,unpredictable,,5,8.631938
i32,null,unpredictable,,5,0.907912
i32,sse2,unpredictable,,5,4.801900
i32,tmueller,unpredictable,,5,2.139903
i32,unrolledlut,unpredictable,,5,4.851454
i32,yy,unpredictable,,5,2.518292
i32,zmij_scalar,unpredictable,,5,2.480081
i32,zmij_x64_native,unpredictable,,5,1.474432
i32,zmij_x64_v1,unpredictable,,5,2.130312
i32,zmij_x64_v2,unpredictable,,5,1.534323
i32,zmij_x64_v3,unpredictable,,5,1.531172
i32,zmij_x64_v4,unpredictable,,5,1.480727
i32,amartin,unpredictable,,6,2.055295
i32,branchlut,unpredictable,,6,4.997150
i32,branchlut2,unpredictable,,6,5.012645
i32,countlut,unpredictable,,6,5.830365
i32,fmt,unpredictable,,6,2.711588
i32,jeaiii,unpredictable,,6,4.865140
i32,naive,unpredictable,,6,8.755749
i32,null,unpredictable,,6,0.913257
i32,sse2,unpredictable,,6,4.977096
i32,tmueller,unpredictable,,6,2.437511
i32,unrolledlut,unpredictable,,6,4.767389
i32,yy,unpredictable,,6,2.537066
i32,zmij_scalar,unpredictable,,6,2.490449
i32,zmij_x64_native,unpredictable,,6,1.493237
i32,zmij_x64_v1,unpredictable,,6,2.060508
i32,zmij_x64_v2,unpredictable,,6,1.561792
i32,zmij_x64_v3,unpredictable,,6,1.511892
i32,zmij_x64_v4,unpredictable,,6,1.532239
i32,amartin,unpredictable,,7,2.445336
i32,branchlut,unpredictable,,7,5.538151
i32,branchlut2,unpredictable,,7,5.179033
i32,countlut,unpredictable,,7,5.212796
i32,fmt,unpredictable,,7,2.353824
i32,jeaiii,unpredictable,,7,4.775603
i32,naive,unpredictable,,7,8.878656
i32,null,unpredictable,,7,0.851896
i32,sse2,unpredictable,,7,5.375760
i32,tmueller,unpredictable,,7,2.360585
i32,unrolledlut,unpredictable,,7,6.456771
i32,yy,unpredictable,,7,2.195449
i32,zmij_scalar,unpredictable,,7,2.489432
i32,zmij_x64_native,unpredictable,,7,1.479258
i32,zmij_x64_v1,unpredictable,,7,2.133684
i32,zmij_x64_v2,unpredictable,,7,1.550847
i32,zmij_x64_v3,unpredictable,,7,1.493447
i32,zmij_x64_v4,unpredictable,,7,1.477901
i32,amartin,unpredictable,,8,2.510103
i32,branchlut,unpredictable,,8,5.981149
i32,branchlut2,unpredictable,,8,5.350642
i32,countlut,unpredictable,,8,5.559559
i32,fmt,unpredictable,,8,2.451511
i32,jeaiii,unpredictable,,8,4.910545
i32,naive,unpredictable,,8,8.042185
i32,null,unpredictable,,8,0.740028
i32,sse2,unpredictable,,8,5.984228
i32,tmueller,unpredictable,,8,2.612172
i32,unrolledlut,unpredictable,,8,6.548951
i32,yy,unpredictable,,8,2.203155
i32,zmij_scalar,unpredictable,,8,2.495614
i32,zmij_x64_native,unpredictable,,8,1.471631
i32,zmij_x64_v1,unpredictable,,8,2.140482
i32,zmij_x64_v2,unpredictable,,8,1.548110
i32,zmij_x64_v3,unpredictable,,8,1.516832
i32,zmij_x64_v4,unpredictable,,8,1.496294
i32,amartin,unpredictable,,9,5.241325
i32,branchlut,unpredictable,,9,6.601055
i32,branchlut2,unpredictable,,9,8.128514
i32,countlut,unpredictable,,9,6.270441
i32,fmt,unpredictable,,9,2.767922
i32,jeaiii,unpredictable,,9,5.067473
i32,naive,unpredictable,,9,8.707441
i32,null,unpredictable,,9,0.859309
i32,sse2,unpredictable,,9,5.471869
i32,tmueller,unpredictable,,9,2.597612
i32,unrolledlut,unpredictable,,9,7.971179
i32,yy,unpredictable,,9,2.532798
i32,zmij_scalar,unpredictable,,9,2.491160
i32,zmij_x64_native,unpredictable,,9,1.490533
i32,zmij_x64_v1,unpredictable,,9,2.152899
i32,zmij_x64_v2,unpredictable,,9,1.569852
i32,zmij_x64_v3,unpredictable,,9,1.517997
i32,zmij_x64_v4,unpredictable,,9,1.485655
i32,amartin,unpredictable,,10,5.129868
i32,branchlut,unpredictable,,10,6.451243
i32,branchlut2,unpredictable,,10,8.207529
i32,countlut,unpredictable,,10,5.689147
i32,fmt,unpredictable,,10,2.800094
i32,jeaiii,unpredictable,,10,4.903822
i32,naive,unpredictable,,10,9.656937
i32,null,unpredictable,,10,0.852487
i32,sse2,unpredictable,,10,5.645457
i32,tmueller,unpredictable,,10,2.572248
i32,unrolledlut,unpredictable,,10,7.468305
i32,yy,unpredictable,,10,2.540354
i32,zmij_scalar,unpredictable,,10,2.496686
i32,zmij_x64_native,unpredictable,,10,1.485047
i32,zmij_x64_v1,unpredictable,,10,2.147627
i32,zmij_x64_v2,unpredictable,,10,1.559397
i32,zmij_x64_v3,unpredictable,,10,1.515073
i32,zmij_x64_v4,unpredictable,,10,1.495758
i32,amartin,admixture,5x6,0,1.770348
i32,branchlut,admixture,5x6,0,4.774553
i32,branchlut2,admixture,5x6,0,4.566244
i32,countlut,admixture,5x6,0,4.470873
i32,fmt,admixture,5x6,0,1.817983
i32,jeaiii,admixture,5x6,0,4.120265
i32,naive,admixture,5x6,0,7.561783
i32,null,admixture,5x6,0,0.759753
i32,sse2,admixture,5x6,0,4.689159
i32,tmueller,admixture,5x6,0,1.718356
i32,unrolledlut,admixture,5x6,0,4.559279
i32,yy,admixture,5x6,0,1.588272
i32,zmij_scalar,admixture,5x6,0,2.521906
i32,zmij_x64_native,admixture,5x6,0,1.467263
i32,zmij_x64_v1,admixture,5x6,0,2.126496
i32,zmij_x64_v2,admixture,5x6,0,1.510412
i32,zmij_x64_v3,admixture,5x6,0,1.472619
i32,zmij_x64_v4,admixture,5x6,0,1.464103
i32,amartin,admixture,5x6,10,1.789525
i32,branchlut,admixture,5x6,10,4.943512
i32,branchlut2,admixture,5x6,10,4.778957
i32,countlut,admixture,5x6,10,5.397859
i32,fmt,admixture,5x6,10,2.543552
i32,jeaiii,admixture,5x6,10,4.555173
i32,naive,admixture,5x6,10,8.009575
i32,null,admixture,5x6,10,0.856912
i32,sse2,admixture,5x6,10,4.903771
i32,tmueller,admixture,5x6,10,2.265228
i32,unrolledlut,admixture,5x6,10,4.782385
i32,yy,admixture,5x6,10,1.579133
i32,zmij_scalar,admixture,5x6,10,2.506819
i32,zmij_x64_native,admixture,5x6,10,1.461390
i32,zmij_x64_v1,admixture,5x6,10,2.115811
i32,zmij_x64_v2,admixture,5x6,10,1.503920
i32,zmij_x64_v3,admixture,5x6,10,1.471504
i32,zmij_x64_v4,admixture,5x6,10,1.469031
i32,amartin,admixture,5x6,20,1.812469
i32,branchlut,admixture,5x6,20,5.608514
i32,branchlut2,admixture,5x6,20,5.391862
i32,countlut,admixture,5x6,20,6.124880
i32,fmt,admixture,5x6,20,3.190365
i32,jeaiii,admixture,5x6,20,5.130892
i32,naive,admixture,5x6,20,8.601839
i32,null,admixture,5x6,20,0.725563
i32,sse2,admixture,5x6,20,5.482384
i32,tmueller,admixture,5x6,20,2.714267
i32,unrolledlut,admixture,5x6,20,5.303297
i32,yy,admixture,5x6,20,1.565603
i32,zmij_scalar,admixture,5x6,20,2.498738
i32,zmij_x64_native,admixture,5x6,20,1.461053
i32,zmij_x64_v1,admixture,5x6,20,2.126854
i32,zmij_x64_v2,admixture,5x6,20,1.507754
i32,zmij_x64_v3,admixture,5x6,20,1.464760
i32,zmij_x64_v4,admixture,5x6,20,1.464132
i32,amartin,admixture,5x6,30,1.777038
i32,branchlut,admixture,5x6,30,6.080850
i32,branchlut2,admixture,5x6,30,5.959555
i32,countlut,admixture,5x6,30,6.722984
i32,fmt,admixture,5x6,30,3.872141
i32,jeaiii,admixture,5x6,30,5.617847
i32,naive,admixture,5x6,30,9.207865
i32,null,admixture,5x6,30,0.771531
i32,sse2,admixture,5x6,30,6.124192
i32,tmueller,admixture,5x6,30,3.270622
i32,unrolledlut,admixture,5x6,30,5.950791
i32,yy,admixture,5x6,30,1.592426
i32,zmij_scalar,admixture,5x6,30,2.501093
i32,zmij_x64_native,admixture,5x6,30,1.458137
i32,zmij_x64_v1,admixture,5x6,30,2.127059
i32,zmij_x64_v2,admixture,5x6,30,1.505103
i32,zmij_x64_v3,admixture,5x6,30,1.481550
i32,zmij_x64_v4,admixture,5x6,30,1.478295
i32,amartin,admixture,5x6,40,1.777131
i32,branchlut,admixture,5x6,40,6.659358
i32,branchlut2,admixture,5x6,40,6.513665
i32,countlut,admixture,5x6,40,7.463846
i32,fmt,admixture,5x6,40,4.460974
i32,jeaiii,admixture,5x6,40,6.228800
i32,naive,admixture,5x6,40,9.793277
i32,null,admixture,5x6,40,0.817140
i32,sse2,admixture,5x6,40,6.596983
i32,tmueller,admixture,5x6,40,3.855124
i32,unrolledlut,admixture,5x6,40,6.579550
i32,yy,admixture,5x6,40,1.584214
i32,zmij_scalar,admixture,5x6,40,2.509077
i32,zmij_x64_native,admixture,5x6,40,1.483447
i32,zmij_x64_v1,admixture,5x6,40,2.138071
i32,zmij_x64_v2,admixture,5x6,40,1.512403
i32,zmij_x64_v3,admixture,5x6,40,1.477810
i32,zmij_x64_v4,admixture,5x6,40,1.470933
i32,amartin,admixture,5x6,50,1.779255
i32,branchlut,admixture,5x6,50,6.932772
i32,branchlut2,admixture,5x6,50,6.797591
i32,countlut,admixture,5x6,50,7.837087
i32,fmt,admixture,5x6,50,4.846975
i32,jeaiii,admixture,5x6,50,6.557490
i32,naive,admixture,5x6,50,10.052066
i32,null,admixture,5x6,50,0.769677
i32,sse2,admixture,5x6,50,6.963438
i32,tmueller,admixture,5x6,50,4.163083
i32,unrolledlut,admixture,5x6,50,6.897690
i32,yy,admixture,5x6,50,1.590737
i32,zmij_scalar,admixture,5x6,50,2.488259
i32,zmij_x64_native,admixture,5x6,50,1.474315
i32,zmij_x64_v1,admixture,5x6,50,2.117120
i32,zmij_x64_v2,admixture,5x6,50,1.532573
i32,zmij_x64_v3,admixture,5x6,50,1.475139
i32,zmij_x64_v4,admixture,5x6,50,1.468267
i32,amartin,admixture,5x6,60,1.777394
i32,branchlut,admixture,5x6,60,6.710629
i32,branchlut2,admixture,5x6,60,6.525549
i32,countlut,admixture,5x6,60,7.413217
i32,fmt,admixture,5x6,60,4.466161
i32,jeaiii,admixture,5x6,60,6.272923
i32,naive,admixture,5x6,60,9.659642
i32,null,admixture,5x6,60,0.751719
i32,sse2,admixture,5x6,60,6.695774
i32,tmueller,admixture,5x6,60,3.762728
i32,unrolledlut,admixture,5x6,60,6.545851
i32,yy,admixture,5x6,60,1.575877
i32,zmij_scalar,admixture,5x6,60,2.512079
i32,zmij_x64_native,admixture,5x6,60,1.463275
i32,zmij_x64_v1,admixture,5x6,60,2.122332
i32,zmij_x64_v2,admixture,5x6,60,1.514940
i32,zmij_x64_v3,admixture,5x6,60,1.483975
i32,zmij_x64_v4,admixture,5x6,60,1.477119
i32,amartin,admixture,5x6,70,1.773099
i32,branchlut,admixture,5x6,70,6.113077
i32,branchlut2,admixture,5x6,70,5.916828
i32,countlut,admixture,5x6,70,6.612408
i32,fmt,admixture,5x6,70,3.873405
i32,jeaiii,admixture,5x6,70,5.641860
i32,naive,admixture,5x6,70,8.907431
i32,null,admixture,5x6,70,0.750006
i32,sse2,admixture,5x6,70,6.096973
i32,tmueller,admixture,5x6,70,3.103955
i32,unrolledlut,admixture,5x6,70,5.943715
i32,yy,admixture,5x6,70,1.583462
i32,zmij_scalar,admixture,5x6,70,2.503487
i32,zmij_x64_native,admixture,5x6,70,1.463089
i32,zmij_x64_v1,admixture,5x6,70,2.127681
i32,zmij_x64_v2,admixture,5x6,70,1.523312
i32,zmij_x64_v3,admixture,5x6,70,1.483410
i32,zmij_x64_v4,admixture,5x6,70,1.475221
i32,amartin,admixture,5x6,80,1.791559
i32,branchlut,admixture,5x6,80,5.514315
i32,branchlut2,admixture,5x6,80,5.397578
i32,countlut,admixture,5x6,80,5.846697
i32,fmt,admixture,5x6,80,3.191476
i32,jeaiii,admixture,5x6,80,5.040279
i32,naive,admixture,5x6,80,8.131679
i32,null,admixture,5x6,80,0.767444
i32,sse2,admixture,5x6,80,5.469923
i32,tmueller,admixture,5x6,80,2.481251
i32,unrolledlut,admixture,5x6,80,5.339948
i32,yy,admixture,5x6,80,1.571814
i32,zmij_scalar,admixture,5x6,80,2.509681
i32,zmij_x64_native,admixture,5x6,80,1.463010
i32,zmij_x64_v1,admixture,5x6,80,2.161732
i32,zmij_x64_v2,admixture,5x6,80,1.551209
i32,zmij_x64_v3,admixture,5x6,80,1.509121
i32,zmij_x64_v4,admixture,5x6,80,1.494039
i32,amartin,admixture,5x6,90,1.808955
i32,branchlut,admixture,5x6,90,4.921433
i32,branchlut2,admixture,5x6,90,4.761757
i32,countlut,admixture,5x6,90,5.118482
i32,fmt,admixture,5x6,90,2.527405
i32,jeaiii,admixture,5x6,90,4.479148
i32,naive,admixture,5x6,90,7.533784
i32,null,admixture,5x6,90,0.819799
i32,sse2,admixture,5x6,90,4.970940
i32,tmueller,admixture,5x6,90,2.002006
i32,unrolledlut,admixture,5x6,90,4.819432
i32,yy,admixture,5x6,90,1.603158
i32,zmij_scalar,admixture,5x6,90,2.492186
i32,zmij_x64_native,admixture,5x6,90,1.514746
i32,zmij_x64_v1,admixture,5x6,90,2.164825
i32,zmij_x64_v2,admixture,5x6,90,1.526281
i32,zmij_x64_v3,admixture,5x6,90,1.514617
i32,zmij_x64_v4,admixture,5x6,90,1.530617
i32,amartin,admixture,5x6,100,1.809046
i32,branchlut,admixture,5x6,100,4.382815
i32,branchlut2,admixture,5x6,100,4.560040
i32,countlut,admixture,5x6,100,4.800863
i32,fmt,admixture,5x6,100,1.825399
i32,jeaiii,admixture,5x6,100,3.833016
i32,naive,admixture,5x6,100,6.961048
i32,null,admixture,5x6,100,0.831762
i32,sse2,admixture,5x6,100,4.347116
i32,tmueller,admixture,5x6,100,1.321199
i32,unrolledlut,admixture,5x6,100,4.536667
i32,yy,admixture,5x6,100,1.577686
i32,zmij_scalar,admixture,5x6,100,2.519312
i32,zmij_x64_native,admixture,5x6,100,1.465931
i32,zmij_x64_v1,admixture,5x6,100,2.119326
i32,zmij_x64_v2,admixture,5x6,100,1.511426
i32,zmij_x64_v3,admixture,5x6,100,1.475770
i32,zmij_x64_v4,admixture,5x6,100,1.476594
u64,amartin,bylength,,1,0.846571
u64,branchlut,bylength,,1,0.891616
u64,branchlut2,bylength,,1,0.948252
u64,countlut,bylength,,1,1.161426
u64,fmt,bylength,,1,1.142085
u64,jeaiii,bylength,,1,0.828887
u64,naive,bylength,,1,2.113264
u64,null,bylength,,1,1.121346
u64,sse2,bylength,,1,0.903703
u64,tmueller,bylength,,1,1.007668
u64,unrolledlut,bylength,,1,1.189871
u64,yy,bylength,,1,1.268599
u64,zmij_scalar,bylength,,1,4.832079
u64,zmij_x64_native,bylength,,1,2.091935
u64,zmij_x64_v1,bylength,,1,3.551517
u64,zmij_x64_v2,bylength,,1,2.362822
u64,zmij_x64_v3,bylength,,1,2.239730
u64,zmij_x64_v4,bylength,,1,2.220578
u64,amartin,bylength,,2,0.870625
u64,branchlut,bylength,,2,1.129547
u64,branchlut2,bylength,,2,1.006503
u64,countlut,bylength,,2,1.321745
u64,fmt,bylength,,2,1.136555
u64,jeaiii,bylength,,2,1.028909
u64,naive,bylength,,2,2.663429
u64,null,bylength,,2,0.897230
u64,sse2,bylength,,2,0.993840
u64,tmueller,bylength,,2,1.125087
u64,unrolledlut,bylength,,2,1.393516
u64,yy,bylength,,2,1.192085
u64,zmij_scalar,bylength,,2,4.799605
u64,zmij_x64_native,bylength,,2,2.079980
u64,zmij_x64_v1,bylength,,2,3.521900
u64,zmij_x64_v2,bylength,,2,2.348356
u64,zmij_x64_v3,bylength,,2,2.220716
u64,zmij_x64_v4,bylength,,2,2.212910
u64,amartin,bylength,,3,1.056567
u64,branchlut,bylength,,3,1.112298
u64,branchlut2,bylength,,3,0.970811
u64,countlut,bylength,,3,1.502321
u64,fmt,bylength,,3,1.679232
u64,jeaiii,bylength,,3,1.047641
u64,naive,bylength,,3,3.424446
u64,null,bylength,,3,1.116695
u64,sse2,bylength,,3,1.358610
u64,tmueller,bylength,,3,1.378273
u64,unrolledlut,bylength,,3,1.593332
u64,yy,bylength,,3,1.360456
u64,zmij_scalar,bylength,,3,4.818559
u64,zmij_x64_native,bylength,,3,2.062557
u64,zmij_x64_v1,bylength,,3,3.531792
u64,zmij_x64_v2,bylength,,3,2.340385
u64,zmij_x64_v3,bylength,,3,2.225193
u64,zmij_x64_v4,bylength,,3,2.213899
u64,amartin,bylength,,4,1.051984
u64,branchlut,bylength,,4,1.198054
u64,branchlut2,bylength,,4,1.243124
u64,countlut,bylength,,4,1.682347
u64,fmt,bylength,,4,1.396525
u64,jeaiii,bylength,,4,1.209360
u64,naive,bylength,,4,4.182967
u64,null,bylength,,4,1.061920
u64,sse2,bylength,,4,1.125963
u64,tmueller,bylength,,4,1.368611
u64,unrolledlut,bylength,,4,1.433711
u64,yy,bylength,,4,1.332232
u64,zmij_scalar,bylength,,4,4.809769
u64,zmij_x64_native,bylength,,4,2.073473
u64,zmij_x64_v1,bylength,,4,3.525595
u64,zmij_x64_v2,bylength,,4,2.350993
u64,zmij_x64_v3,bylength,,4,2.221949
u64,zmij_x64_v4,bylength,,4,2.215418
u64,amartin,bylength,,5,1.558476
u64,branchlut,bylength,,5,2.135324
u64,branchlut2,bylength,,5,1.934826
u64,countlut,bylength,,5,1.932340
u64,fmt,bylength,,5,1.917257
u64,jeaiii,bylength,,5,1.313160
u64,naive,bylength,,5,4.881561
u64,null,bylength,,5,0.770393
u64,sse2,bylength,,5,2.086986
u64,tmueller,bylength,,5,1.885354
u64,unrolledlut,bylength,,5,1.547894
u64,yy,bylength,,5,1.421201
u64,zmij_scalar,bylength,,5,4.927409
u64,zmij_x64_native,bylength,,5,2.095848
u64,zmij_x64_v1,bylength,,5,3.605604
u64,zmij_x64_v2,bylength,,5,2.424868
u64,zmij_x64_v3,bylength,,5,2.250668
u64,zmij_x64_v4,bylength,,5,2.235371
u64,amartin,bylength,,6,1.558429
u64,branchlut,bylength,,6,2.276292
u64,branchlut2,bylength,,6,1.978468
u64,countlut,bylength,,6,2.124010
u64,fmt,bylength,,6,1.922281
u64,jeaiii,bylength,,6,1.330683
u64,naive,bylength,,6,5.753395
u64,null,bylength,,6,0.773661
u64,sse2,bylength,,6,2.233319
u64,tmueller,bylength,,6,1.834733
u64,unrolledlut,bylength,,6,1.646301
u64,yy,bylength,,6,1.423327
u64,zmij_scalar,bylength,,6,4.951315
u64,zmij_x64_native,bylength,,6,2.080154
u64,zmij_x64_v1,bylength,,6,3.605963
u64,zmij_x64_v2,bylength,,6,2.433112
u64,zmij_x64_v3,bylength,,6,2.258768
u64,zmij_x64_v4,bylength,,6,2.270614
u64,amartin,bylength,,7,2.041737
u64,branchlut,bylength,,7,2.307999
u64,branchlut2,bylength,,7,2.445841
u64,countlut,bylength,,7,2.412027
u64,fmt,bylength,,7,2.435802
u64,jeaiii,bylength,,7,1.697517
u64,naive,bylength,,7,6.429422
u64,null,bylength,,7,0.754678
u64,sse2,bylength,,7,2.320241
u64,tmueller,bylength,,7,2.357225
u64,unrolledlut,bylength,,7,1.819954
u64,yy,bylength,,7,1.766925
u64,zmij_scalar,bylength,,7,4.883835
u64,zmij_x64_native,bylength,,7,2.100699
u64,zmij_x64_v1,bylength,,7,3.612739
u64,zmij_x64_v2,bylength,,7,2.374527
u64,zmij_x64_v3,bylength,,7,2.255195
u64,zmij_x64_v4,bylength,,7,2.204767
u64,amartin,bylength,,8,2.017365
u64,branchlut,bylength,,8,2.385652
u64,branchlut2,bylength,,8,2.484655
u64,countlut,bylength,,8,2.583277
u64,fmt,bylength,,8,2.478318
u64,jeaiii,bylength,,8,1.554033
u64,naive,bylength,,8,6.483441
u64,null,bylength,,8,0.963996
u64,sse2,bylength,,8,2.337070
u64,tmueller,bylength,,8,2.330284
u64,unrolledlut,bylength,,8,1.826967
u64,yy,bylength,,8,1.760887
u64,zmij_scalar,bylength,,8,4.812966
u64,zmij_x64_native,bylength,,8,2.073748
u64,zmij_x64_v1,bylength,,8,3.512622
u64,zmij_x64_v2,bylength,,8,2.330143
u64,zmij_x64_v3,bylength,,8,2.226724
u64,zmij_x64_v4,bylength,,8,2.189420
u64,amartin,bylength,,9,2.322986
u64,branchlut,bylength,,9,4.659889
u64,branchlut2,bylength,,9,4.042917
u64,countlut,bylength,,9,4.242353
u64,fmt,bylength,,9,3.017335
u64,jeaiii,bylength,,9,1.807392
u64,naive,bylength,,9,7.335348
u64,null,bylength,,9,1.022832
u64,sse2,bylength,,9,2.935752
u64,tmueller,bylength,,9,2.871026
u64,unrolledlut,bylength,,9,2.240925
u64,yy,bylength,,9,2.349186
u64,zmij_scalar,bylength,,9,4.992639
u64,zmij_x64_native,bylength,,9,2.064394
u64,zmij_x64_v1,bylength,,9,3.519784
u64,zmij_x64_v2,bylength,,9,2.336989
u64,zmij_x64_v3,bylength,,9,2.223549
u64,zmij_x64_v4,bylength,,9,2.219759
u64,amartin,bylength,,10,3.989491
u64,branchlut,bylength,,10,4.706693
u64,branchlut2,bylength,,10,3.991648
u64,countlut,bylength,,10,4.431824
u64,fmt,bylength,,10,3.051429
u64,jeaiii,bylength,,10,4.055381
u64,naive,bylength,,10,8.269817
u64,null,bylength,,10,0.874987
u64,sse2,bylength,,10,2.928156
u64,tmueller,bylength,,10,2.863420
u64,unrolledlut,bylength,,10,4.400079
u64,yy,bylength,,10,2.338945
u64,zmij_scalar,bylength,,10,4.999143
u64,zmij_x64_native,bylength,,10,2.086856
u64,zmij_x64_v1,bylength,,10,3.510380
u64,zmij_x64_v2,bylength,,10,2.328619
u64,zmij_x64_v3,bylength,,10,2.227630
u64,zmij_x64_v4,bylength,,10,2.214879
u64,amartin,bylength,,11,2.884780
u64,branchlut,bylength,,11,4.940496
u64,branchlut2,bylength,,11,4.559215
u64,countlut,bylength,,11,4.754242
u64,fmt,bylength,,11,3.670059
u64,jeaiii,bylength,,11,2.676065
u64,naive,bylength,,11,9.366659
u64,null,bylength,,11,0.793850
u64,sse2,bylength,,11,2.957088
u64,tmueller,bylength,,11,3.438070
u64,unrolledlut,bylength,,11,2.850908
u64,yy,bylength,,11,2.829916
u64,zmij_scalar,bylength,,11,5.001407
u64,zmij_x64_native,bylength,,11,2.099809
u64,zmij_x64_v1,bylength,,11,3.523098
u64,zmij_x64_v2,bylength,,11,2.339196
u64,zmij_x64_v3,bylength,,11,2.241148
u64,zmij_x64_v4,bylength,,11,2.212268
u64,amartin,bylength,,12,2.903899
u64,branchlut,bylength,,12,5.135881
u64,branchlut2,bylength,,12,4.751933
u64,countlut,bylength,,12,4.914703
u64,fmt,bylength,,12,3.739585
u64,jeaiii,bylength,,12,2.747700
u64,naive,bylength,,12,10.566464
u64,null,bylength,,12,0.763239
u64,sse2,bylength,,12,2.967859
u64,tmueller,bylength,,12,3.523396
u64,unrolledlut,bylength,,12,2.777845
u64,yy,bylength,,12,2.843009
u64,zmij_scalar,bylength,,12,5.081218
u64,zmij_x64_native,bylength,,12,2.078989
u64,zmij_x64_v1,bylength,,12,3.544753
u64,zmij_x64_v2,bylength,,12,2.350260
u64,zmij_x64_v3,bylength,,12,2.247451
u64,zmij_x64_v4,bylength,,12,2.223015
u64,amartin,bylength,,13,3.294148
u64,branchlut,bylength,,13,5.117770
u64,branchlut2,bylength,,13,5.551342
u64,countlut,bylength,,13,5.184386
u64,fmt,bylength,,13,4.319715
u64,jeaiii,bylength,,13,2.866805
u64,naive,bylength,,13,11.393135
u64,null,bylength,,13,0.821568
u64,sse2,bylength,,13,2.933817
u64,tmueller,bylength,,13,4.041232
u64,unrolledlut,bylength,,13,3.136925
u64,yy,bylength,,13,3.136531
u64,zmij_scalar,bylength,,13,4.990278
u64,zmij_x64_native,bylength,,13,2.081501
u64,zmij_x64_v1,bylength,,13,3.529062
u64,zmij_x64_v2,bylength,,13,2.308602
u64,zmij_x64_v3,bylength,,13,2.183711
u64,zmij_x64_v4,bylength,,13,2.205152
u64,amartin,bylength,,14,3.292070
u64,branchlut,bylength,,14,5.271515
u64,branchlut2,bylength,,14,5.516570
u64,countlut,bylength,,14,5.338806
u64,fmt,bylength,,14,4.406306
u64,jeaiii,bylength,,14,2.863277
u64,naive,bylength,,14,12.348193
u64,null,bylength,,14,1.051960
u64,sse2,bylength,,14,2.922444
u64,tmueller,bylength,,14,4.016091
u64,unrolledlut,bylength,,14,3.152685
u64,yy,bylength,,14,3.120187
u64,zmij_scalar,bylength,,14,4.983530
u64,zmij_x64_native,bylength,,14,2.069312
u64,zmij_x64_v1,bylength,,14,3.515367
u64,zmij_x64_v2,bylength,,14,2.348717
u64,zmij_x64_v3,bylength,,14,2.228826
u64,zmij_x64_v4,bylength,,14,2.211446
u64,amartin,bylength,,15,3.871045
u64,branchlut,bylength,,15,5.486617
u64,branchlut2,bylength,,15,5.976018
u64,countlut,bylength,,15,5.568324
u64,fmt,bylength,,15,5.056939
u64,jeaiii,bylength,,15,3.210764
u64,naive,bylength,,15,13.469210
u64,null,bylength,,15,0.830877
u64,sse2,bylength,,15,2.935434
u64,tmueller,bylength,,15,4.688269
u64,unrolledlut,bylength,,15,3.623986
u64,yy,bylength,,15,3.523981
u64,zmij_scalar,bylength,,15,4.998368
u64,zmij_x64_native,bylength,,15,2.069035
u64,zmij_x64_v1,bylength,,15,3.531173
u64,zmij_x64_v2,bylength,,15,2.331896
u64,zmij_x64_v3,bylength,,15,2.223643
u64,zmij_x64_v4,bylength,,15,2.216130
u64,amartin,bylength,,16,3.915938
u64,branchlut,bylength,,16,5.626460
u64,branchlut2,bylength,,16,6.224810
u64,countlut,bylength,,16,5.899078
u64,fmt,bylength,,16,5.276455
u64,jeaiii,bylength,,16,3.453598
u64,naive,bylength,,16,13.048521
u64,null,bylength,,16,0.772067
u64,sse2,bylength,,16,2.828194
u64,tmueller,bylength,,16,4.806129
u64,unrolledlut,bylength,,16,3.571743
u64,yy,bylength,,16,3.601926
u64,zmij_scalar,bylength,,16,5.084820
u64,zmij_x64_native,bylength,,16,2.102839
u64,zmij_x64_v1,bylength,,16,3.574750
u64,zmij_x64_v2,bylength,,16,2.369403
u64,zmij_x64_v3,bylength,,16,2.271596
u64,zmij_x64_v4,bylength,,16,2.235388
u64,amartin,bylength,,17,4.233517
u64,branchlut,bylength,,17,6.681413
u64,branchlut2,bylength,,17,6.954452
u64,countlut,bylength,,17,6.974328
u64,fmt,bylength,,17,5.775825
u64,jeaiii,bylength,,17,3.699272
u64,naive,bylength,,17,13.960716
u64,null,bylength,,17,0.781252
u64,sse2,bylength,,17,2.658767
u64,tmueller,bylength,,17,5.420256
u64,unrolledlut,bylength,,17,4.075353
u64,yy,bylength,,17,3.646698
u64,zmij_scalar,bylength,,17,4.971381
u64,zmij_x64_native,bylength,,17,2.076896
u64,zmij_x64_v1,bylength,,17,3.502543
u64,zmij_x64_v2,bylength,,17,2.339141
u64,zmij_x64_v3,bylength,,17,2.232584
u64,zmij_x64_v4,bylength,,17,2.186485
u64,amartin,bylength,,18,5.640152
u64,branchlut,bylength,,18,6.719665
u64,branchlut2,bylength,,18,6.886546
u64,countlut,bylength,,18,7.172594
u64,fmt,bylength,,18,5.801532
u64,jeaiii,bylength,,18,5.649837
u64,naive,bylength,,18,15.236715
u64,null,bylength,,18,0.763019
u64,sse2,bylength,,18,2.706863
u64,tmueller,bylength,,18,5.336476
u64,unrolledlut,bylength,,18,5.245835
u64,yy,bylength,,18,3.632483
u64,zmij_scalar,bylength,,18,4.978019
u64,zmij_x64_native,bylength,,18,2.092315
u64,zmij_x64_v1,bylength,,18,3.502746
u64,zmij_x64_v2,bylength,,18,2.330974
u64,zmij_x64_v3,bylength,,18,2.218197
u64,zmij_x64_v4,bylength,,18,2.219487
u64,amartin,bylength,,19,4.566895
u64,branchlut,bylength,,19,7.436041
u64,branchlut2,bylength,,19,7.729848
u64,countlut,bylength,,19,7.567928
u64,fmt,bylength,,19,6.517852
u64,jeaiii,bylength,,19,4.218782
u64,naive,bylength,,19,16.263570
u64,null,bylength,,19,0.775741
u64,sse2,bylength,,19,3.079021
u64,tmueller,bylength,,19,6.094753
u64,unrolledlut,bylength,,19,3.837308
u64,yy,bylength,,19,4.158190
u64,zmij_scalar,bylength,,19,4.992598
u64,zmij_x64_native,bylength,,19,2.064781
u64,zmij_x64_v1,bylength,,19,3.513614
u64,zmij_x64_v2,bylength,,19,2.326935
u64,zmij_x64_v3,bylength,,19,2.224570
u64,zmij_x64_v4,bylength,,19,2.213601
u64,amartin,bylength,,20,4.664110
u64,branchlut,bylength,,20,8.069708
u64,branchlut2,bylength,,20,8.041418
u64,countlut,bylength,,20,7.867455
u64,fmt,bylength,,20,6.662146
u64,jeaiii,bylength,,20,4.371973
u64,naive,bylength,,20,17.569459
u64,null,bylength,,20,0.750113
u64,sse2,bylength,,20,3.301074
u64,tmueller,bylength,,20,6.267563
u64,unrolledlut,bylength,,20,3.882067
u64,yy,bylength,,20,4.269283
u64,zmij_scalar,bylength,,20,5.083975
u64,zmij_x64_native,bylength,,20,2.070495
u64,zmij_x64_v1,bylength,,20,3.522613
u64,zmij_x64_v2,bylength,,20,2.321336
u64,zmij_x64_v3,bylength,,20,2.248321
u64,zmij_x64_v4,bylength,,20,2.200915
u64,amartin,loguniform,1-20,20,9.245143
u64,branchlut,loguniform,1-20,20,11.016211
u64,branchlut2,loguniform,1-20,20,12.175271
u64,countlut,loguniform,1-20,20,11.779210
u64,fmt,loguniform,1-20,20,12.132226
u64,jeaiii,loguniform,1-20,20,11.625232
u64,naive,loguniform,1-20,20,16.535484
u64,null,loguniform,1-20,20,1.054197
u64,sse2,loguniform,1-20,20,13.961692
u64,tmueller,loguniform,1-20,20,11.970869
u64,unrolledlut,loguniform,1-20,20,11.201831
u64,yy,loguniform,1-20,20,8.677366
u64,zmij_scalar,loguniform,1-20,20,4.914691
u64,zmij_x64_native,loguniform,1-20,20,2.058036
u64,zmij_x64_v1,loguniform,1-20,20,3.530707
u64,zmij_x64_v2,loguniform,1-20,20,2.330619
u64,zmij_x64_v3,loguniform,1-20,20,2.227849
u64,zmij_x64_v4,loguniform,1-20,20,2.217508
u64,amartin,loguniform,1-4,4,3.578269
u64,branchlut,loguniform,1-4,4,5.323195
u64,branchlut2,loguniform,1-4,4,6.013569
u64,countlut,loguniform,1-4,4,6.180130
u64,fmt,loguniform,1-4,4,6.145685
u64,jeaiii,loguniform,1-4,4,6.032107
u64,naive,loguniform,1-4,4,7.521274
u64,null,loguniform,1-4,4,0.769120
u64,sse2,loguniform,1-4,4,5.447710
u64,tmueller,loguniform,1-4,4,5.591368
u64,unrolledlut,loguniform,1-4,4,6.316185
u64,yy,loguniform,1-4,4,3.502285
u64,zmij_scalar,loguniform,1-4,4,4.806115
u64,zmij_x64_native,loguniform,1-4,4,2.072315
u64,zmij_x64_v1,loguniform,1-4,4,3.525314
u64,zmij_x64_v2,loguniform,1-4,4,2.335223
u64,zmij_x64_v3,loguniform,1-4,4,2.227525
u64,zmij_x64_v4,loguniform,1-4,4,2.195870
u64,amartin,unpredictable,,1,2.499317
u64,branchlut,unpredictable,,1,2.848269
u64,branchlut2,unpredictable,,1,2.610529
u64,countlut,unpredictable,,1,3.386877
u64,fmt,unpredictable,,1,5.229459
u64,jeaiii,unpredictable,,1,2.683633
u64,naive,unpredictable,,1,6.034220
u64,null,unpredictable,,1,0.829775
u64,sse2,unpredictable,,1,1.973833
u64,tmueller,unpredictable,,1,5.952807
u64,unrolledlut,unpredictable,,1,2.401021
u64,yy,unpredictable,,1,2.903414
u64,zmij_scalar,unpredictable,,1,4.763039
u64,zmij_x64_native,unpredictable,,1,2.121328
u64,zmij_x64_v1,unpredictable,,1,3.529016
u64,zmij_x64_v2,unpredictable,,1,2.336926
u64,zmij_x64_v3,unpredictable,,1,2.238420
u64,zmij_x64_v4,unpredictable,,1,2.229005
u64,amartin,unpredictable,,2,2.612923
u64,branchlut,unpredictable,,2,3.024755
u64,branchlut2,unpredictable,,2,2.575779
u64,countlut,unpredictable,,2,3.480365
u64,fmt,unpredictable,,2,5.288918
u64,jeaiii,unpredictable,,2,3.003287
u64,naive,unpredictable,,2,7.059140
u64,null,unpredictable,,2,0.767613
u64,sse2,unpredictable,,2,2.424679
u64,tmueller,unpredictable,,2,5.325031
u64,unrolledlut,unpredictable,,2,2.500348
u64,yy,unpredictable,,2,3.109013
u64,zmij_scalar,unpredictable,,2,5.055759
u64,zmij_x64_native,unpredictable,,2,2.173506
u64,zmij_x64_v1,unpredictable,,2,3.710557
u64,zmij_x64_v2,unpredictable,,2,2.404961
u64,zmij_x64_v3,unpredictable,,2,2.292470
u64,zmij_x64_v4,unpredictable,,2,2.303786
u64,amartin,unpredictable,,3,2.365738
u64,branchlut,unpredictable,,3,3.176070
u64,branchlut2,unpredictable,,3,2.797527
u64,countlut,unpredictable,,3,3.154325
u64,fmt,unpredictable,,3,4.624816
u64,jeaiii,unpredictable,,3,1.800862
u64,naive,unpredictable,,3,7.268398
u64,null,unpredictable,,3,1.318979
u64,sse2,unpredictable,,3,2.550965
u64,tmueller,unpredictable,,3,4.502406
u64,unrolledlut,unpredictable,,3,2.325541
u64,yy,unpredictable,,3,2.743971
u64,zmij_scalar,unpredictable,,3,4.786494
u64,zmij_x64_native,unpredictable,,3,2.121662
u64,zmij_x64_v1,unpredictable,,3,3.529392
u64,zmij_x64_v2,unpredictable,,3,2.348009
u64,zmij_x64_v3,unpredictable,,3,2.219987
u64,zmij_x64_v4,unpredictable,,3,2.224863
u64,amartin,unpredictable,,4,2.335503
u64,branchlut,unpredictable,,4,3.209751
u64,branchlut2,unpredictable,,4,3.002104
u64,countlut,unpredictable,,4,3.288408
u64,fmt,unpredictable,,4,4.332656
u64,jeaiii,unpredictable,,4,2.125365
u64,naive,unpredictable,,4,8.059256
u64,null,unpredictable,,4,0.789989
u64,sse2,unpredictable,,4,2.562068
u64,tmueller,unpredictable,,4,4.068409
u64,unrolledlut,unpredictable,,4,2.111620
u64,yy,unpredictable,,4,2.801630
u64,zmij_scalar,unpredictable,,4,4.779587
u64,zmij_x64_native,unpredictable,,4,2.048434
u64,zmij_x64_v1,unpredictable,,4,3.557684
u64,zmij_x64_v2,unpredictable,,4,2.446624
u64,zmij_x64_v3,unpredictable,,4,2.229943
u64,zmij_x64_v4,unpredictable,,4,2.230462
u64,amartin,unpredictable,,5,2.431729
u64,branchlut,unpredictable,,5,3.504687
u64,branchlut2,unpredictable,,5,3.545765
u64,countlut,unpredictable,,5,3.360307
u64,fmt,unpredictable,,5,4.541193
u64,jeaiii,unpredictable,,5,2.189955
u64,naive,unpredictable,,5,8.408792
u64,null,unpredictable,,5,0.798288
u64,sse2,unpredictable,,5,2.803852
u64,tmueller,unpredictable,,5,4.635059
u64,unrolledlut,unpredictable,,5,2.299509
u64,yy,unpredictable,,5,2.490489
u64,zmij_scalar,unpredictable,,5,4.980724
u64,zmij_x64_native,unpredictable,,5,2.101869
u64,zmij_x64_v1,unpredictable,,5,3.610445
u64,zmij_x64_v2,unpredictable,,5,2.401874
u64,zmij_x64_v3,unpredictable,,5,2.242336
u64,zmij_x64_v4,unpredictable,,5,2.208831
u64,amartin,unpredictable,,6,2.289482
u64,branchlut,unpredictable,,6,3.545056
u64,branchlut2,unpredictable,,6,3.426951
u64,countlut,unpredictable,,6,3.425300
u64,fmt,unpredictable,,6,4.709396
u64,jeaiii,unpredictable,,6,2.373987
u64,naive,unpredictable,,6,8.940876
u64,null,unpredictable,,6,0.998960
u64,sse2,unpredictable,,6,2.915376
u64,tmueller,unpredictable,,6,4.805627
u64,unrolledlut,unpredictable,,6,2.557822
u64,yy,unpredictable,,6,2.351525
u64,zmij_scalar,unpredictable,,6,4.808743
u64,zmij_x64_native,unpredictable,,6,2.066081
u64,zmij_x64_v1,unpredictable,,6,3.518419
u64,zmij_x64_v2,unpredictable,,6,2.338506
u64,zmij_x64_v3,unpredictable,,6,2.214293
u64,zmij_x64_v4,unpredictable,,6,2.246989
u64,amartin,unpredictable,,7,2.709498
u64,branchlut,unpredictable,,7,3.899743
u64,branchlut2,unpredictable,,7,3.824984
u64,countlut,unpredictable,,7,3.629903
u64,fmt,unpredictable,,7,4.611411
u64,jeaiii,unpredictable,,7,2.404879
u64,naive,unpredictable,,7,9.107950
u64,null,unpredictable,,7,0.860088
u64,sse2,unpredictable,,7,3.245952
u64,tmueller,unpredictable,,7,4.215524
u64,unrolledlut,unpredictable,,7,3.156403
u64,yy,unpredictable,,7,2.851566
u64,zmij_scalar,unpredictable,,7,4.778798
u64,zmij_x64_native,unpredictable,,7,2.064607
u64,zmij_x64_v1,unpredictable,,7,3.493372
u64,zmij_x64_v2,unpredictable,,7,2.378180
u64,zmij_x64_v3,unpredictable,,7,2.239470
u64,zmij_x64_v4,unpredictable,,7,2.235230
u64,amartin,unpredictable,,8,2.818977
u64,branchlut,unpredictable,,8,4.302175
u64,branchlut2,unpredictable,,8,4.066557
u64,countlut,unpredictable,,8,3.709748
u64,fmt,unpredictable,,8,4.340433
u64,jeaiii,unpredictable,,8,2.740175
u64,naive,unpredictable,,8,8.720480
u64,null,unpredictable,,8,0.763523
u64,sse2,unpredictable,,8,3.468896
u64,tmueller,unpredictable,,8,4.180286
u64,unrolledlut,unpredictable,,8,3.193648
u64,yy,unpredictable,,8,3.050243
u64,zmij_scalar,unpredictable,,8,5.007035
u64,zmij_x64_native,unpredictable,,8,2.141762
u64,zmij_x64_v1,unpredictable,,8,3.668263
u64,zmij_x64_v2,unpredictable,,8,2.397198
u64,zmij_x64_v3,unpredictable,,8,2.287555
u64,zmij_x64_v4,unpredictable,,8,2.290433
u64,amartin,unpredictable,,9,4.133643
u64,branchlut,unpredictable,,9,4.305387
u64,branchlut2,unpredictable,,9,3.885912
u64,countlut,unpredictable,,9,4.887404
u64,fmt,unpredictable,,9,5.044540
u64,jeaiii,unpredictable,,9,2.792654
u64,naive,unpredictable,,9,9.598125
u64,null,unpredictable,,9,0.850600
u64,sse2,unpredictable,,9,4.907783
u64,tmueller,unpredictable,,9,4.451426
u64,unrolledlut,unpredictable,,9,4.092272
u64,yy,unpredictable,,9,3.062495
u64,zmij_scalar,unpredictable,,9,4.985357
u64,zmij_x64_native,unpredictable,,9,2.086470
u64,zmij_x64_v1,unpredictable,,9,3.536829
u64,zmij_x64_v2,unpredictable,,9,2.369998
u64,zmij_x64_v3,unpredictable,,9,2.210965
u64,zmij_x64_v4,unpredictable,,9,2.249994
u64,amartin,unpredictable,,10,7.029872
u64,branchlut,unpredictable,,10,4.541410
u64,branchlut2,unpredictable,,10,3.924839
u64,countlut,unpredictable,,10,4.880710
u64,fmt,unpredictable,,10,4.957335
u64,jeaiii,unpredictable,,10,6.600305
u64,naive,unpredictable,,10,10.435013
u64,null,unpredictable,,10,0.906826
u64,sse2,unpredictable,,10,4.949571
u64,tmueller,unpredictable,,10,4.359403
u64,unrolledlut,unpredictable,,10,7.267336
u64,yy,unpredictable,,10,3.055655
u64,zmij_scalar,unpredictable,,10,4.996639
u64,zmij_x64_native,unpredictable,,10,2.114272
u64,zmij_x64_v1,unpredictable,,10,3.524645
u64,zmij_x64_v2,unpredictable,,10,2.342052
u64,zmij_x64_v3,unpredictable,,10,2.278984
u64,zmij_x64_v4,unpredictable,,10,2.217014
u64,amartin,unpredictable,,11,3.423181
u64,branchlut,unpredictable,,11,4.852064
u64,branchlut2,unpredictable,,11,4.507966
u64,countlut,unpredictable,,11,4.446777
u64,fmt,unpredictable,,11,5.048850
u64,jeaiii,unpredictable,,11,2.748706
u64,naive,unpredictable,,11,11.109259
u64,null,unpredictable,,11,0.752172
u64,sse2,unpredictable,,11,4.934011
u64,tmueller,unpredictable,,11,4.397541
u64,unrolledlut,unpredictable,,11,3.044664
u64,yy,unpredictable,,11,3.077150
u64,zmij_scalar,unpredictable,,11,4.985646
u64,zmij_x64_native,unpredictable,,11,2.077558
u64,zmij_x64_v1,unpredictable,,11,3.536254
u64,zmij_x64_v2,unpredictable,,11,2.363131
u64,zmij_x64_v3,unpredictable,,11,2.214198
u64,zmij_x64_v4,unpredictable,,11,2.239085
u64,amartin,unpredictable,,12,3.387887
u64,branchlut,unpredictable,,12,5.273897
u64,branchlut2,unpredictable,,12,4.638018
u64,countlut,unpredictable,,12,5.008874
u64,fmt,unpredictable,,12,5.049199
u64,jeaiii,unpredictable,,12,2.796174
u64,naive,unpredictable,,12,11.818524
u64,null,unpredictable,,12,1.061683
u64,sse2,unpredictable,,12,4.983671
u64,tmueller,unpredictable,,12,4.704746
u64,unrolledlut,unpredictable,,12,2.749360
u64,yy,unpredictable,,12,3.077035
u64,zmij_scalar,unpredictable,,12,4.974474
u64,zmij_x64_native,unpredictable,,12,2.053541
u64,zmij_x64_v1,unpredictable,,12,3.519073
u64,zmij_x64_v2,unpredictable,,12,2.297216
u64,zmij_x64_v3,unpredictable,,12,2.232093
u64,zmij_x64_v4,unpredictable,,12,2.198730
u64,amartin,unpredictable,,13,3.412222
u64,branchlut,unpredictable,,13,5.530289
u64,branchlut2,unpredictable,,13,5.831457
u64,countlut,unpredictable,,13,4.971075
u64,fmt,unpredictable,,13,5.323382
u64,jeaiii,unpredictable,,13,2.919379
u64,naive,unpredictable,,13,12.753089
u64,null,unpredictable,,13,0.792626
u64,sse2,unpredictable,,13,4.994761
u64,tmueller,unpredictable,,13,4.702534
u64,unrolledlut,unpredictable,,13,3.203493
u64,yy,unpredictable,,13,3.034664
u64,zmij_scalar,unpredictable,,13,4.991572
u64,zmij_x64_native,unpredictable,,13,2.065432
u64,zmij_x64_v1,unpredictable,,13,3.528007
u64,zmij_x64_v2,unpredictable,,13,2.352462
u64,zmij_x64_v3,unpredictable,,13,2.217536
u64,zmij_x64_v4,unpredictable,,13,2.259016
u64,amartin,unpredictable,,14,3.454328
u64,branchlut,unpredictable,,14,5.917669
u64,branchlut2,unpredictable,,14,5.608056
u64,countlut,unpredictable,,14,4.928953
u64,fmt,unpredictable,,14,5.335755
u64,jeaiii,unpredictable,,14,2.902521
u64,naive,unpredictable,,14,13.569353
u64,null,unpredictable,,14,0.768481
u64,sse2,unpredictable,,14,4.930591
u64,tmueller,unpredictable,,14,4.670559
u64,unrolledlut,unpredictable,,14,3.231950
u64,yy,unpredictable,,14,3.104289
u64,zmij_scalar,unpredictable,,14,5.217418
u64,zmij_x64_native,unpredictable,,14,2.130147
u64,zmij_x64_v1,unpredictable,,14,3.619517
u64,zmij_x64_v2,unpredictable,,14,2.398594
u64,zmij_x64_v3,unpredictable,,14,2.319390
u64,zmij_x64_v4,unpredictable,,14,2.186872
u64,amartin,unpredictable,,15,3.970823
u64,branchlut,unpredictable,,15,6.258166
u64,branchlut2,unpredictable,,15,5.995424
u64,countlut,unpredictable,,15,5.405525
u64,fmt,unpredictable,,15,5.627127
u64,jeaiii,unpredictable,,15,3.539621
u64,naive,unpredictable,,15,14.224837
u64,null,unpredictable,,15,1.181816
u64,sse2,unpredictable,,15,4.629813
u64,tmueller,unpredictable,,15,5.059635
u64,unrolledlut,unpredictable,,15,4.083543
u64,yy,unpredictable,,15,3.347935
u64,zmij_scalar,unpredictable,,15,4.954361
u64,zmij_x64_native,unpredictable,,15,2.094520
u64,zmij_x64_v1,unpredictable,,15,3.515406
u64,zmij_x64_v2,unpredictable,,15,2.331998
u64,zmij_x64_v3,unpredictable,,15,2.218681
u64,zmij_x64_v4,unpredictable,,15,2.230078
u64,amartin,unpredictable,,16,3.991580
u64,branchlut,unpredictable,,16,6.670347
u64,branchlut2,unpredictable,,16,6.150817
u64,countlut,unpredictable,,16,5.547594
u64,fmt,unpredictable,,16,5.684179
u64,jeaiii,unpredictable,,16,3.549806
u64,naive,unpredictable,,16,13.474862
u64,null,unpredictable,,16,0.782126
u64,sse2,unpredictable,,16,4.607450
u64,tmueller,unpredictable,,16,4.690578
u64,unrolledlut,unpredictable,,16,4.050575
u64,yy,unpredictable,,16,3.378992
u64,zmij_scalar,unpredictable,,16,5.004127
u64,zmij_x64_native,unpredictable,,16,2.096780
u64,zmij_x64_v1,unpredictable,,16,3.536540
u64,zmij_x64_v2,unpredictable,,16,2.348040
u64,zmij_x64_v3,unpredictable,,16,2.254082
u64,zmij_x64_v4,unpredictable,,16,2.220327
u64,amartin,unpredictable,,17,5.180061
u64,branchlut,unpredictable,,17,7.260185
u64,branchlut2,unpredictable,,17,7.131880
u64,countlut,unpredictable,,17,7.749905
u64,fmt,unpredictable,,17,5.966444
u64,jeaiii,unpredictable,,17,4.027106
u64,naive,unpredictable,,17,14.418681
u64,null,unpredictable,,17,0.905421
u64,sse2,unpredictable,,17,3.520403
u64,tmueller,unpredictable,,17,5.204278
u64,unrolledlut,unpredictable,,17,4.931753
u64,yy,unpredictable,,17,4.273337
u64,zmij_scalar,unpredictable,,17,4.997810
u64,zmij_x64_native,unpredictable,,17,2.088583
u64,zmij_x64_v1,unpredictable,,17,3.505764
u64,zmij_x64_v2,unpredictable,,17,2.304006
u64,zmij_x64_v3,unpredictable,,17,2.223621
u64,zmij_x64_v4,unpredictable,,17,2.217968
u64,amartin,unpredictable,,18,7.784282
u64,branchlut,unpredictable,,18,7.016607
u64,branchlut2,unpredictable,,18,7.039228
u64,countlut,unpredictable,,18,7.984790
u64,fmt,unpredictable,,18,5.959713
u64,jeaiii,unpredictable,,18,7.518753
u64,naive,unpredictable,,18,15.444632
u64,null,unpredictable,,18,0.872431
u64,sse2,unpredictable,,18,3.369113
u64,tmueller,unpredictable,,18,5.382450
u64,unrolledlut,unpredictable,,18,7.790728
u64,yy,unpredictable,,18,4.263640
u64,zmij_scalar,unpredictable,,18,4.953925
u64,zmij_x64_native,unpredictable,,18,2.038254
u64,zmij_x64_v1,unpredictable,,18,3.545030
u64,zmij_x64_v2,unpredictable,,18,2.350631
u64,zmij_x64_v3,unpredictable,,18,2.247881
u64,zmij_x64_v4,unpredictable,,18,2.219612
u64,amartin,unpredictable,,19,5.354970
u64,branchlut,unpredictable,,19,7.703401
u64,branchlut2,unpredictable,,19,7.835716
u64,countlut,unpredictable,,19,8.269058
u64,fmt,unpredictable,,19,6.644154
u64,jeaiii,unpredictable,,19,5.311507
u64,naive,unpredictable,,19,16.905215
u64,null,unpredictable,,19,0.828435
u64,sse2,unpredictable,,19,3.641992
u64,tmueller,unpredictable,,19,5.866589
u64,unrolledlut,unpredictable,,19,4.897122
u64,yy,unpredictable,,19,4.898170
u64,zmij_scalar,unpredictable,,19,5.172704
u64,zmij_x64_native,unpredictable,,19,2.030968
u64,zmij_x64_v1,unpredictable,,19,3.653610
u64,zmij_x64_v2,unpredictable,,19,2.383035
u64,zmij_x64_v3,unpredictable,,19,2.261058
u64,zmij_x64_v4,unpredictable,,19,2.253211
u64,amartin,unpredictable,,20,5.380755
u64,branchlut,unpredictable,,20,8.333995
u64,branchlut2,unpredictable,,20,7.859894
u64,countlut,unpredictable,,20,8.629926
u64,fmt,unpredictable,,20,6.716087
u64,jeaiii,unpredictable,,20,5.344118
u64,naive,unpredictable,,20,17.497013
u64,null,unpredictable,,20,0.938750
u64,sse2,unpredictable,,20,3.604116
u64,tmueller,unpredictable,,20,6.114259
u64,unrolledlut,unpredictable,,20,4.721926
u64,yy,unpredictable,,20,4.768154
u64,zmij_scalar,unpredictable,,20,4.975484
u64,zmij_x64_native,unpredictable,,20,2.076486
u64,zmij_x64_v1,unpredictable,,20,3.513250
u64,zmij_x64_v2,unpredictable,,20,2.373608
u64,zmij_x64_v3,unpredictable,,20,2.219204
u64,zmij_x64_v4,unpredictable,,20,2.226836
u64,amartin,admixture,5x6,0,1.545704
u64,branchlut,admixture,5x6,0,2.231621
u64,branchlut2,admixture,5x6,0,1.932427
u64,countlut,admixture,5x6,0,2.078678
u64,fmt,admixture,5x6,0,1.890523
u64,jeaiii,admixture,5x6,0,1.345115
u64,naive,admixture,5x6,0,5.588200
u64,null,admixture,5x6,0,0.912585
u64,sse2,admixture,5x6,0,2.167992
u64,tmueller,admixture,5x6,0,1.790788
u64,unrolledlut,admixture,5x6,0,1.662860
u64,yy,admixture,5x6,0,1.396508
u64,zmij_scalar,admixture,5x6,0,4.803173
u64,zmij_x64_native,admixture,5x6,0,2.062348
u64,zmij_x64_v1,admixture,5x6,0,3.513141
u64,zmij_x64_v2,admixture,5x6,0,2.327953
u64,zmij_x64_v3,admixture,5x6,0,2.223077
u64,zmij_x64_v4,admixture,5x6,0,2.238626
u64,amartin,admixture,5x6,10,1.542702
u64,branchlut,admixture,5x6,10,2.645526
u64,branchlut2,admixture,5x6,10,2.437796
u64,countlut,admixture,5x6,10,2.682436
u64,fmt,admixture,5x6,10,2.622105
u64,jeaiii,admixture,5x6,10,1.933263
u64,naive,admixture,5x6,10,6.211318
u64,null,admixture,5x6,10,0.784549
u64,sse2,admixture,5x6,10,2.635966
u64,tmueller,admixture,5x6,10,2.561255
u64,unrolledlut,admixture,5x6,10,2.322315
u64,yy,admixture,5x6,10,1.419924
u64,zmij_scalar,admixture,5x6,10,4.783397
u64,zmij_x64_native,admixture,5x6,10,2.070749
u64,zmij_x64_v1,admixture,5x6,10,3.525254
u64,zmij_x64_v2,admixture,5x6,10,2.353552
u64,zmij_x64_v3,admixture,5x6,10,2.226837
u64,zmij_x64_v4,admixture,5x6,10,2.244719
u64,amartin,admixture,5x6,20,1.546586
u64,branchlut,admixture,5x6,20,3.065786
u64,branchlut2,admixture,5x6,20,2.929901
u64,countlut,admixture,5x6,20,3.187147
u64,fmt,admixture,5x6,20,3.210439
u64,jeaiii,admixture,5x6,20,2.498937
u64,naive,admixture,5x6,20,6.862633
u64,null,admixture,5x6,20,0.800082
u64,sse2,admixture,5x6,20,3.071523
u64,tmueller,admixture,5x6,20,3.193043
u64,unrolledlut,admixture,5x6,20,2.880945
u64,yy,admixture,5x6,20,1.410304
u64,zmij_scalar,admixture,5x6,20,4.786712
u64,zmij_x64_native,admixture,5x6,20,2.064610
u64,zmij_x64_v1,admixture,5x6,20,3.515400
u64,zmij_x64_v2,admixture,5x6,20,2.333475
u64,zmij_x64_v3,admixture,5x6,20,2.226202
u64,zmij_x64_v4,admixture,5x6,20,2.257754
u64,amartin,admixture,5x6,30,1.544191
u64,branchlut,admixture,5x6,30,3.469357
u64,branchlut2,admixture,5x6,30,3.514779
u64,countlut,admixture,5x6,30,3.702260
u64,fmt,admixture,5x6,30,3.777666
u64,jeaiii,admixture,5x6,30,3.120200
u64,naive,admixture,5x6,30,7.677752
u64,null,admixture,5x6,30,0.779301
u64,sse2,admixture,5x6,30,3.504374
u64,tmueller,admixture,5x6,30,3.889330
u64,unrolledlut,admixture,5x6,30,3.433994
u64,yy,admixture,5x6,30,1.395404
u64,zmij_scalar,admixture,5x6,30,4.881366
u64,zmij_x64_native,admixture,5x6,30,2.067546
u64,zmij_x64_v1,admixture,5x6,30,3.563174
u64,zmij_x64_v2,admixture,5x6,30,2.350784
u64,zmij_x64_v3,admixture,5x6,30,2.240847
u64,zmij_x64_v4,admixture,5x6,30,2.239607
u64,amartin,admixture,5x6,40,1.531108
u64,branchlut,admixture,5x6,40,3.836547
u64,branchlut2,admixture,5x6,40,4.044060
u64,countlut,admixture,5x6,40,4.199765
u64,fmt,admixture,5x6,40,4.556329
u64,jeaiii,admixture,5x6,40,3.804557
u64,naive,admixture,5x6,40,8.266803
u64,null,admixture,5x6,40,0.785764
u64,sse2,admixture,5x6,40,3.935740
u64,tmueller,admixture,5x6,40,4.491808
u64,unrolledlut,admixture,5x6,40,3.990709
u64,yy,admixture,5x6,40,1.412941
u64,zmij_scalar,admixture,5x6,40,4.837348
u64,zmij_x64_native,admixture,5x6,40,2.058531
u64,zmij_x64_v1,admixture,5x6,40,3.503729
u64,zmij_x64_v2,admixture,5x6,40,2.344021
u64,zmij_x64_v3,admixture,5x6,40,2.225167
u64,zmij_x64_v4,admixture,5x6,40,2.222537
u64,amartin,admixture,5x6,50,1.543391
u64,branchlut,admixture,5x6,50,4.148456
u64,branchlut2,admixture,5x6,50,4.299009
u64,countlut,admixture,5x6,50,4.610801
u64,fmt,admixture,5x6,50,5.098037
u64,jeaiii,admixture,5x6,50,4.107554
u64,naive,admixture,5x6,50,8.554302
u64,null,admixture,5x6,50,1.061632
u64,sse2,admixture,5x6,50,4.114092
u64,tmueller,admixture,5x6,50,4.975059
u64,unrolledlut,admixture,5x6,50,4.491252
u64,yy,admixture,5x6,50,1.394895
u64,zmij_scalar,admixture,5x6,50,4.771231
u64,zmij_x64_native,admixture,5x6,50,2.052743
u64,zmij_x64_v1,admixture,5x6,50,3.499673
u64,zmij_x64_v2,admixture,5x6,50,2.318916
u64,zmij_x64_v3,admixture,5x6,50,2.212094
u64,zmij_x64_v4,admixture,5x6,50,2.218808
u64,amartin,admixture,5x6,60,1.529532
u64,branchlut,admixture,5x6,60,3.829043
u64,branchlut2,admixture,5x6,60,4.006027
u64,countlut,admixture,5x6,60,4.283390
u64,fmt,admixture,5x6,60,4.654665
u64,jeaiii,admixture,5x6,60,3.757654
u64,naive,admixture,5x6,60,7.995945
u64,null,admixture,5x6,60,0.916039
u64,sse2,admixture,5x6,60,3.783574
u64,tmueller,admixture,5x6,60,4.509827
u64,unrolledlut,admixture,5x6,60,4.129835
u64,yy,admixture,5x6,60,1.395407
u64,zmij_scalar,admixture,5x6,60,4.787464
u64,zmij_x64_native,admixture,5x6,60,2.065412
u64,zmij_x64_v1,admixture,5x6,60,3.504086
u64,zmij_x64_v2,admixture,5x6,60,2.320170
u64,zmij_x64_v3,admixture,5x6,60,2.222509
u64,zmij_x64_v4,admixture,5x6,60,2.216305
u64,amartin,admixture,5x6,70,1.539008
u64,branchlut,admixture,5x6,70,3.363070
u64,branchlut2,admixture,5x6,70,3.403666
u64,countlut,admixture,5x6,70,3.756192
u64,fmt,admixture,5x6,70,3.879518
u64,jeaiii,admixture,5x6,70,3.110796
u64,naive,admixture,5x6,70,7.063795
u64,null,admixture,5x6,70,0.804724
u64,sse2,admixture,5x6,70,3.352049
u64,tmueller,admixture,5x6,70,3.816423
u64,unrolledlut,admixture,5x6,70,3.293241
u64,yy,admixture,5x6,70,1.401246
u64,zmij_scalar,admixture,5x6,70,4.784426
u64,zmij_x64_native,admixture,5x6,70,2.064031
u64,zmij_x64_v1,admixture,5x6,70,3.513748
u64,zmij_x64_v2,admixture,5x6,70,2.332945
u64,zmij_x64_v3,admixture,5x6,70,2.222330
u64,zmij_x64_v4,admixture,5x6,70,2.238420
u64,amartin,admixture,5x6,80,1.560122
u64,branchlut,admixture,5x6,80,2.932522
u64,branchlut2,admixture,5x6,80,2.876554
u64,countlut,admixture,5x6,80,3.103909
u64,fmt,admixture,5x6,80,3.266746
u64,jeaiii,admixture,5x6,80,2.435907
u64,naive,admixture,5x6,80,6.296680
u64,null,admixture,5x6,80,0.772522
u64,sse2,admixture,5x6,80,2.887872
u64,tmueller,admixture,5x6,80,3.225001
u64,unrolledlut,admixture,5x6,80,2.719836
u64,yy,admixture,5x6,80,1.400711
u64,zmij_scalar,admixture,5x6,80,4.849188
u64,zmij_x64_native,admixture,5x6,80,2.086977
u64,zmij_x64_v1,admixture,5x6,80,3.577108
u64,zmij_x64_v2,admixture,5x6,80,2.371790
u64,zmij_x64_v3,admixture,5x6,80,2.233590
u64,zmij_x64_v4,admixture,5x6,80,2.250853
u64,amartin,admixture,5x6,90,1.557032
u64,branchlut,admixture,5x6,90,2.542661
u64,branchlut2,admixture,5x6,90,2.419911
u64,countlut,admixture,5x6,90,2.558405
u64,fmt,admixture,5x6,90,2.630190
u64,jeaiii,admixture,5x6,90,1.929430
u64,naive,admixture,5x6,90,5.620925
u64,null,admixture,5x6,90,0.766739
u64,sse2,admixture,5x6,90,2.489644
u64,tmueller,admixture,5x6,90,2.540363
u64,unrolledlut,admixture,5x6,90,2.174331
u64,yy,admixture,5x6,90,1.388899
u64,zmij_scalar,admixture,5x6,90,4.810741
u64,zmij_x64_native,admixture,5x6,90,2.064152
u64,zmij_x64_v1,admixture,5x6,90,3.521652
u64,zmij_x64_v2,admixture,5x6,90,2.339622
u64,zmij_x64_v3,admixture,5x6,90,2.220975
u64,zmij_x64_v4,admixture,5x6,90,2.226686
u64,amartin,admixture,5x6,100,1.532015
u64,branchlut,admixture,5x6,100,2.114917
u64,branchlut2,admixture,5x6,100,1.917780
u64,countlut,admixture,5x6,100,1.907724
u64,fmt,admixture,5x6,100,1.910662
u64,jeaiii,admixture,5x6,100,1.340575
u64,naive,admixture,5x6,100,4.832345
u64,null,admixture,5x6,100,0.997998
u64,sse2,admixture,5x6,100,2.047463
u64,tmueller,admixture,5x6,100,1.854774
u64,unrolledlut,admixture,5x6,100,1.635059
u64,yy,admixture,5x6,100,1.393095
u64,zmij_scalar,admixture,5x6,100,4.790292
u64,zmij_x64_native,admixture,5x6,100,2.054173
u64,zmij_x64_v1,admixture,5x6,100,3.499141
u64,zmij_x64_v2,admixture,5x6,100,2.328823
u64,zmij_x64_v3,admixture,5x6,100,2.212670
u64,zmij_x64_v4,admixture,5x6,100,2.192817
i64,amartin,bylength,,1,0.943313
i64,branchlut,bylength,,1,3.910487
i64,branchlut2,bylength,,1,4.166211
i64,countlut,bylength,,1,4.363491
i64,fmt,bylength,,1,1.108492
i64,jeaiii,bylength,,1,3.644811
i64,naive,bylength,,1,5.097559
i64,null,bylength,,1,0.818805
i64,sse2,bylength,,1,3.701934
i64,tmueller,bylength,,1,0.885770
i64,unrolledlut,bylength,,1,4.414428
i64,yy,bylength,,1,1.236571
i64,zmij_scalar,bylength,,1,4.971525
i64,zmij_x64_native,bylength,,1,2.386118
i64,zmij_x64_v1,bylength,,1,3.890694
i64,zmij_x64_v2,bylength,,1,2.616042
i64,zmij_x64_v3,bylength,,1,2.447450
i64,zmij_x64_v4,bylength,,1,2.475161
i64,amartin,bylength,,2,0.946416
i64,branchlut,bylength,,2,4.302618
i64,branchlut2,bylength,,2,4.239040
i64,countlut,bylength,,2,4.368340
i64,fmt,bylength,,2,1.128550
i64,jeaiii,bylength,,2,4.256193
i64,naive,bylength,,2,5.609129
i64,null,bylength,,2,0.824256
i64,sse2,bylength,,2,3.796792
i64,tmueller,bylength,,2,1.483685
i64,unrolledlut,bylength,,2,4.541624
i64,yy,bylength,,2,1.247822
i64,zmij_scalar,bylength,,2,4.959659
i64,zmij_x64_native,bylength,,2,2.401678
i64,zmij_x64_v1,bylength,,2,3.863035
i64,zmij_x64_v2,bylength,,2,2.620045
i64,zmij_x64_v3,bylength,,2,2.438175
i64,zmij_x64_v4,bylength,,2,2.478802
i64,amartin,bylength,,3,1.673330
i64,branchlut,bylength,,3,4.339772
i64,branchlut2,bylength,,3,3.950484
i64,countlut,bylength,,3,4.530036
i64,fmt,bylength,,3,1.674175
i64,jeaiii,bylength,,3,4.340081
i64,naive,bylength,,3,6.242495
i64,null,bylength,,3,0.850604
i64,sse2,bylength,,3,4.168544
i64,tmueller,bylength,,3,1.699514
i64,unrolledlut,bylength,,3,4.758165
i64,yy,bylength,,3,1.497616
i64,zmij_scalar,bylength,,3,4.974327
i64,zmij_x64_native,bylength,,3,2.403465
i64,zmij_x64_v1,bylength,,3,3.869488
i64,zmij_x64_v2,bylength,,3,2.623296
i64,zmij_x64_v3,bylength,,3,2.439590
i64,zmij_x64_v4,bylength,,3,2.473700
i64,amartin,bylength,,4,1.675152
i64,branchlut,bylength,,4,4.197815
i64,branchlut2,bylength,,4,4.449776
i64,countlut,bylength,,4,4.222070
i64,fmt,bylength,,4,1.645277
i64,jeaiii,bylength,,4,4.584030
i64,naive,bylength,,4,6.799608
i64,null,bylength,,4,0.779416
i64,sse2,bylength,,4,3.974587
i64,tmueller,bylength,,4,1.715882
i64,unrolledlut,bylength,,4,4.613277
i64,yy,bylength,,4,1.488772
i64,zmij_scalar,bylength,,4,4.974389
i64,zmij_x64_native,bylength,,4,2.401040
i64,zmij_x64_v1,bylength,,4,3.862561
i64,zmij_x64_v2,bylength,,4,2.620459
i64,zmij_x64_v3,bylength,,4,2.472976
i64,zmij_x64_v4,bylength,,4,2.510765
i64,amartin,bylength,,5,1.825510
i64,branchlut,bylength,,5,4.488185
i64,branchlut2,bylength,,5,4.683879
i64,countlut,bylength,,5,4.881207
i64,fmt,bylength,,5,2.210360
i64,jeaiii,bylength,,5,4.642357
i64,naive,bylength,,5,7.302841
i64,null,bylength,,5,0.881327
i64,sse2,bylength,,5,4.443488
i64,tmueller,bylength,,5,2.245170
i64,unrolledlut,bylength,,5,4.840456
i64,yy,bylength,,5,1.644426
i64,zmij_scalar,bylength,,5,5.014137
i64,zmij_x64_native,bylength,,5,2.391038
i64,zmij_x64_v1,bylength,,5,3.857953
i64,zmij_x64_v2,bylength,,5,2.612165
i64,zmij_x64_v3,bylength,,5,2.464247
i64,zmij_x64_v4,bylength,,5,2.471343
i64,amartin,bylength,,6,1.814408
i64,branchlut,bylength,,6,4.861729
i64,branchlut2,bylength,,6,4.776732
i64,countlut,bylength,,6,4.819285
i64,fmt,bylength,,6,2.169752
i64,jeaiii,bylength,,6,4.652387
i64,naive,bylength,,6,7.879777
i64,null,bylength,,6,0.791550
i64,sse2,bylength,,6,4.813186
i64,tmueller,bylength,,6,2.184019
i64,unrolledlut,bylength,,6,4.838726
i64,yy,bylength,,6,1.638514
i64,zmij_scalar,bylength,,6,4.963447
i64,zmij_x64_native,bylength,,6,2.382422
i64,zmij_x64_v1,bylength,,6,3.863003
i64,zmij_x64_v2,bylength,,6,2.615425
i64,zmij_x64_v3,bylength,,6,2.471456
i64,zmij_x64_v4,bylength,,6,2.491523
i64,amartin,bylength,,7,2.377757
i64,branchlut,bylength,,7,4.987035
i64,branchlut2,bylength,,7,4.479892
i64,countlut,bylength,,7,5.089293
i64,fmt,bylength,,7,2.765092
i64,jeaiii,bylength,,7,4.726666
i64,naive,bylength,,7,8.594995
i64,null,bylength,,7,0.880284
i64,sse2,bylength,,7,4.878061
i64,tmueller,bylength,,7,2.749161
i64,unrolledlut,bylength,,7,4.702597
i64,yy,bylength,,7,1.996116
i64,zmij_scalar,bylength,,7,4.972306
i64,zmij_x64_native,bylength,,7,2.374656
i64,zmij_x64_v1,bylength,,7,3.871346
i64,zmij_x64_v2,bylength,,7,2.607520
i64,zmij_x64_v3,bylength,,7,2.446238
i64,zmij_x64_v4,bylength,,7,2.464098
i64,amartin,bylength,,8,2.425688
i64,branchlut,bylength,,8,5.127311
i64,branchlut2,bylength,,8,5.107621
i64,countlut,bylength,,8,5.185497
i64,fmt,bylength,,8,2.751498
i64,jeaiii,bylength,,8,4.824253
i64,naive,bylength,,8,8.337683
i64,null,bylength,,8,0.784142
i64,sse2,bylength,,8,4.850072
i64,tmueller,bylength,,8,2.786110
i64,unrolledlut,bylength,,8,4.752616
i64,yy,bylength,,8,2.003586
i64,zmij_scalar,bylength,,8,4.996171
i64,zmij_x64_native,bylength,,8,2.390133
i64,zmij_x64_v1,bylength,,8,3.909879
i64,zmij_x64_v2,bylength,,8,2.621275
i64,zmij_x64_v3,bylength,,8,2.463224
i64,zmij_x64_v4,bylength,,8,2.483633
i64,amartin,bylength,,9,2.835310
i64,branchlut,bylength,,9,6.656613
i64,branchlut2,bylength,,9,5.989099
i64,countlut,bylength,,9,6.355180
i64,fmt,bylength,,9,3.455590
i64,jeaiii,bylength,,9,5.041401
i64,naive,bylength,,9,9.608011
i64,null,bylength,,9,0.766974
i64,sse2,bylength,,9,4.974308
i64,tmueller,bylength,,9,3.395361
i64,unrolledlut,bylength,,9,5.103164
i64,yy,bylength,,9,2.573958
i64,zmij_scalar,bylength,,9,5.290405
i64,zmij_x64_native,bylength,,9,2.447160
i64,zmij_x64_v1,bylength,,9,3.889995
i64,zmij_x64_v2,bylength,,9,2.631288
i64,zmij_x64_v3,bylength,,9,2.482650
i64,zmij_x64_v4,bylength,,9,2.487082
i64,amartin,bylength,,10,4.611337
i64,branchlut,bylength,,10,6.976275
i64,branchlut2,bylength,,10,5.961678
i64,countlut,bylength,,10,6.267882
i64,fmt,bylength,,10,3.400707
i64,jeaiii,bylength,,10,6.640981
i64,naive,bylength,,10,10.344171
i64,null,bylength,,10,0.824314
i64,sse2,bylength,,10,4.952103
i64,tmueller,bylength,,10,3.349923
i64,unrolledlut,bylength,,10,7.061404
i64,yy,bylength,,10,2.531475
i64,zmij_scalar,bylength,,10,5.172594
i64,zmij_x64_native,bylength,,10,2.397754
i64,zmij_x64_v1,bylength,,10,3.868107
i64,zmij_x64_v2,bylength,,10,2.603248
i64,zmij_x64_v3,bylength,,10,2.447740
i64,zmij_x64_v4,bylength,,10,2.477816
i64,amartin,bylength,,11,3.380978
i64,branchlut,bylength,,11,7.027732
i64,branchlut2,bylength,,11,6.503395
i64,countlut,bylength,,11,6.712007
i64,fmt,bylength,,11,3.960894
i64,jeaiii,bylength,,11,4.670319
i64,naive,bylength,,11,11.349572
i64,null,bylength,,11,0.870531
i64,sse2,bylength,,11,4.903911
i64,tmueller,bylength,,11,3.905722
i64,unrolledlut,bylength,,11,5.755562
i64,yy,bylength,,11,3.038600
i64,zmij_scalar,bylength,,11,5.184961
i64,zmij_x64_native,bylength,,11,2.396137
i64,zmij_x64_v1,bylength,,11,3.869904
i64,zmij_x64_v2,bylength,,11,2.614516
i64,zmij_x64_v3,bylength,,11,2.478162
i64,zmij_x64_v4,bylength,,11,2.472823
i64,amartin,bylength,,12,3.385156
i64,branchlut,bylength,,12,7.288248
i64,branchlut2,bylength,,12,6.413250
i64,countlut,bylength,,12,6.954276
i64,fmt,bylength,,12,3.995657
i64,jeaiii,bylength,,12,5.036582
i64,naive,bylength,,12,12.592892
i64,null,bylength,,12,0.806763
i64,sse2,bylength,,12,4.897828
i64,tmueller,bylength,,12,3.922107
i64,unrolledlut,bylength,,12,5.567955
i64,yy,bylength,,12,3.053377
i64,zmij_scalar,bylength,,12,5.162213
i64,zmij_x64_native,bylength,,12,2.393289
i64,zmij_x64_v1,bylength,,12,3.869298
i64,zmij_x64_v2,bylength,,12,2.624729
i64,zmij_x64_v3,bylength,,12,2.485301
i64,zmij_x64_v4,bylength,,12,2.467833
i64,amartin,bylength,,13,3.772135
i64,branchlut,bylength,,13,7.342679
i64,branchlut2,bylength,,13,7.434128
i64,countlut,bylength,,13,7.361297
i64,fmt,bylength,,13,4.730587
i64,jeaiii,bylength,,13,5.151144
i64,naive,bylength,,13,13.636734
i64,null,bylength,,13,0.854904
i64,sse2,bylength,,13,4.915101
i64,tmueller,bylength,,13,4.535944
i64,unrolledlut,bylength,,13,5.846147
i64,yy,bylength,,13,3.415583
i64,zmij_scalar,bylength,,13,5.233934
i64,zmij_x64_native,bylength,,13,2.445419
i64,zmij_x64_v1,bylength,,13,3.938627
i64,zmij_x64_v2,bylength,,13,2.652908
i64,zmij_x64_v3,bylength,,13,2.455688
i64,zmij_x64_v4,bylength,,13,2.487147
i64,amartin,bylength,,14,3.784847
i64,branchlut,bylength,,14,7.368909
i64,branchlut2,bylength,,14,7.425498
i64,countlut,bylength,,14,7.229568
i64,fmt,bylength,,14,4.652766
i64,jeaiii,bylength,,14,5.252462
i64,naive,bylength,,14,14.658252
i64,null,bylength,,14,0.841298
i64,sse2,bylength,,14,4.899754
i64,tmueller,bylength,,14,4.519768
i64,unrolledlut,bylength,,14,5.893166
i64,yy,bylength,,14,3.356919
i64,zmij_scalar,bylength,,14,5.166965
i64,zmij_x64_native,bylength,,14,2.385520
i64,zmij_x64_v1,bylength,,14,3.867740
i64,zmij_x64_v2,bylength,,14,2.607239
i64,zmij_x64_v3,bylength,,14,2.456666
i64,zmij_x64_v4,bylength,,14,2.463963
i64,amartin,bylength,,15,4.360837
i64,branchlut,bylength,,15,7.658354
i64,branchlut2,bylength,,15,7.941132
i64,countlut,bylength,,15,7.727160
i64,fmt,bylength,,15,5.400071
i64,jeaiii,bylength,,15,5.454495
i64,naive,bylength,,15,15.655868
i64,null,bylength,,15,0.805946
i64,sse2,bylength,,15,4.503492
i64,tmueller,bylength,,15,5.240674
i64,unrolledlut,bylength,,15,5.983045
i64,yy,bylength,,15,3.824894
i64,zmij_scalar,bylength,,15,5.139422
i64,zmij_x64_native,bylength,,15,2.391631
i64,zmij_x64_v1,bylength,,15,3.859922
i64,zmij_x64_v2,bylength,,15,2.620486
i64,zmij_x64_v3,bylength,,15,2.446927
i64,zmij_x64_v4,bylength,,15,2.479234
i64,amartin,bylength,,16,4.375375
i64,branchlut,bylength,,16,7.846567
i64,branchlut2,bylength,,16,7.995997
i64,countlut,bylength,,16,7.869070
i64,fmt,bylength,,16,5.428592
i64,jeaiii,bylength,,16,5.678406
i64,naive,bylength,,16,15.009747
i64,null,bylength,,16,0.869836
i64,sse2,bylength,,16,4.523313
i64,tmueller,bylength,,16,5.372907
i64,unrolledlut,bylength,,16,5.963979
i64,yy,bylength,,16,3.887994
i64,zmij_scalar,bylength,,16,5.263135
i64,zmij_x64_native,bylength,,16,2.444436
i64,zmij_x64_v1,bylength,,16,3.953389
i64,zmij_x64_v2,bylength,,16,2.631988
i64,zmij_x64_v3,bylength,,16,2.499227
i64,zmij_x64_v4,bylength,,16,2.511539
i64,amartin,bylength,,17,4.820887
i64,branchlut,bylength,,17,8.281470
i64,branchlut2,bylength,,17,8.205271
i64,countlut,bylength,,17,9.164031
i64,fmt,bylength,,17,6.131939
i64,jeaiii,bylength,,17,5.932413
i64,naive,bylength,,17,16.266145
i64,null,bylength,,17,0.743962
i64,sse2,bylength,,17,4.572515
i64,tmueller,bylength,,17,5.987410
i64,unrolledlut,bylength,,17,6.457329
i64,yy,bylength,,17,3.870915
i64,zmij_scalar,bylength,,17,5.161492
i64,zmij_x64_native,bylength,,17,2.404480
i64,zmij_x64_v1,bylength,,17,3.882020
i64,zmij_x64_v2,bylength,,17,2.606255
i64,zmij_x64_v3,bylength,,17,2.462207
i64,zmij_x64_v4,bylength,,17,2.470300
i64,amartin,bylength,,18,6.348847
i64,branchlut,bylength,,18,8.233223
i64,branchlut2,bylength,,18,8.179387
i64,countlut,bylength,,18,9.403157
i64,fmt,bylength,,18,6.162713
i64,jeaiii,bylength,,18,7.753097
i64,naive,bylength,,18,17.439531
i64,null,bylength,,18,0.841967
i64,sse2,bylength,,18,5.365644
i64,tmueller,bylength,,18,5.956837
i64,unrolledlut,bylength,,18,7.674977
i64,yy,bylength,,18,3.857182
i64,zmij_scalar,bylength,,18,5.145586
i64,zmij_x64_native,bylength,,18,2.383830
i64,zmij_x64_v1,bylength,,18,3.840074
i64,zmij_x64_v2,bylength,,18,2.615356
i64,zmij_x64_v3,bylength,,18,2.461746
i64,zmij_x64_v4,bylength,,18,2.476716
i64,amartin,bylength,,19,4.944735
i64,branchlut,bylength,,19,8.946954
i64,branchlut2,bylength,,19,8.643746
i64,countlut,bylength,,19,9.675977
i64,fmt,bylength,,19,6.835509
i64,jeaiii,bylength,,19,5.945335
i64,naive,bylength,,19,18.393275
i64,null,bylength,,19,0.833093
i64,sse2,bylength,,19,5.537773
i64,tmueller,bylength,,19,6.681751
i64,unrolledlut,bylength,,19,6.326720
i64,yy,bylength,,19,4.065987
i64,zmij_scalar,bylength,,19,5.144418
i64,zmij_x64_native,bylength,,19,2.403114
i64,zmij_x64_v1,bylength,,19,3.865163
i64,zmij_x64_v2,bylength,,19,2.622787
i64,zmij_x64_v3,bylength,,19,2.448781
i64,zmij_x64_v4,bylength,,19,2.480849
i64,amartin,loguniform,1-19,19,10.119712
i64,branchlut,loguniform,1-19,19,13.369574
i64,branchlut2,loguniform,1-19,19,14.231967
i64,countlut,loguniform,1-19,19,14.439949
i64,fmt,loguniform,1-19,19,12.276369
i64,jeaiii,loguniform,1-19,19,13.769720
i64,naive,loguniform,1-19,19,18.281251
i64,null,loguniform,1-19,19,0.752746
i64,sse2,loguniform,1-19,19,16.347501
i64,tmueller,loguniform,1-19,19,12.276008
i64,unrolledlut,loguniform,1-19,19,13.684308
i64,yy,loguniform,1-19,19,8.956065
i64,zmij_scalar,loguniform,1-19,19,5.055698
i64,zmij_x64_native,loguniform,1-19,19,2.383880
i64,zmij_x64_v1,loguniform,1-19,19,3.887112
i64,zmij_x64_v2,loguniform,1-19,19,2.628133
i64,zmij_x64_v3,loguniform,1-19,19,2.448814
i64,zmij_x64_v4,loguniform,1-19,19,2.471410
i64,amartin,loguniform,1-4,4,4.167259
i64,branchlut,loguniform,1-4,4,8.125725
i64,branchlut2,loguniform,1-4,4,8.807997
i64,countlut,loguniform,1-4,4,9.184909
i64,fmt,loguniform,1-4,4,6.882918
i64,jeaiii,loguniform,1-4,4,8.797757
i64,naive,loguniform,1-4,4,10.049282
i64,null,loguniform,1-4,4,0.780457
i64,sse2,loguniform,1-4,4,8.143793
i64,tmueller,loguniform,1-4,4,6.514718
i64,unrolledlut,loguniform,1-4,4,9.316418
i64,yy,loguniform,1-4,4,4.044113
i64,zmij_scalar,loguniform,1-4,4,4.945323
i64,zmij_x64_native,loguniform,1-4,4,2.403104
i64,zmij_x64_v1,loguniform,1-4,4,3.883674
i64,zmij_x64_v2,loguniform,1-4,4,2.604941
i64,zmij_x64_v3,loguniform,1-4,4,2.443702
i64,zmij_x64_v4,loguniform,1-4,4,2.460203
i64,amartin,unpredictable,,1,2.499409
i64,branchlut,unpredictable,,1,5.943972
i64,branchlut2,unpredictable,,1,5.859907
i64,countlut,unpredictable,,1,6.529045
i64,fmt,unpredictable,,1,5.870661
i64,jeaiii,unpredictable,,1,6.423292
i64,naive,unpredictable,,1,9.147277
i64,null,unpredictable,,1,0.987522
i64,sse2,unpredictable,,1,5.693513
i64,tmueller,unpredictable,,1,7.045595
i64,unrolledlut,unpredictable,,1,5.443037
i64,yy,unpredictable,,1,3.034845
i64,zmij_scalar,unpredictable,,1,5.059608
i64,zmij_x64_native,unpredictable,,1,2.384647
i64,zmij_x64_v1,unpredictable,,1,3.858102
i64,zmij_x64_v2,unpredictable,,1,2.582533
i64,zmij_x64_v3,unpredictable,,1,2.471643
i64,zmij_x64_v4,unpredictable,,1,2.465829
i64,amartin,unpredictable,,2,2.457300
i64,branchlut,unpredictable,,2,6.025525
i64,branchlut2,unpredictable,,2,5.655668
i64,countlut,unpredictable,,2,6.393027
i64,fmt,unpredictable,,2,5.439572
i64,jeaiii,unpredictable,,2,6.069559
i64,naive,unpredictable,,2,9.441356
i64,null,unpredictable,,2,1.026567
i64,sse2,unpredictable,,2,5.266715
i64,tmueller,unpredictable,,2,6.087672
i64,unrolledlut,unpredictable,,2,5.511467
i64,yy,unpredictable,,2,2.988198
i64,zmij_scalar,unpredictable,,2,5.009072
i64,zmij_x64_native,unpredictable,,2,2.440542
i64,zmij_x64_v1,unpredictable,,2,3.883433
i64,zmij_x64_v2,unpredictable,,2,2.597208
i64,zmij_x64_v3,unpredictable,,2,2.452624
i64,zmij_x64_v4,unpredictable,,2,2.486806
i64,amartin,unpredictable,,3,2.632878
i64,branchlut,unpredictable,,3,6.104858
i64,branchlut2,unpredictable,,3,5.876751
i64,countlut,unpredictable,,3,5.820391
i64,fmt,unpredictable,,3,4.702147
i64,jeaiii,unpredictable,,3,4.925846
i64,naive,unpredictable,,3,9.781539
i64,null,unpredictable,,3,0.749040
i64,sse2,unpredictable,,3,5.897792
i64,tmueller,unpredictable,,3,4.770950
i64,unrolledlut,unpredictable,,3,5.412685
i64,yy,unpredictable,,3,2.824477
i64,zmij_scalar,unpredictable,,3,4.922673
i64,zmij_x64_native,unpredictable,,3,2.407487
i64,zmij_x64_v1,unpredictable,,3,3.886656
i64,zmij_x64_v2,unpredictable,,3,2.625472
i64,zmij_x64_v3,unpredictable,,3,2.460340
i64,zmij_x64_v4,unpredictable,,3,2.492399
i64,amartin,unpredictable,,4,2.785640
i64,branchlut,unpredictable,,4,6.275583
i64,branchlut2,unpredictable,,4,5.906845
i64,countlut,unpredictable,,4,6.167596
i64,fmt,unpredictable,,4,4.562406
i64,jeaiii,unpredictable,,4,5.214174
i64,naive,unpredictable,,4,10.315179
i64,null,unpredictable,,4,0.861217
i64,sse2,unpredictable,,4,5.642866
i64,tmueller,unpredictable,,4,4.946576
i64,unrolledlut,unpredictable,,4,5.171986
i64,yy,unpredictable,,4,2.889153
i64,zmij_scalar,unpredictable,,4,4.968069
i64,zmij_x64_native,unpredictable,,4,2.405652
i64,zmij_x64_v1,unpredictable,,4,3.907825
i64,zmij_x64_v2,unpredictable,,4,2.606240
i64,zmij_x64_v3,unpredictable,,4,2.430154
i64,zmij_x64_v4,unpredictable,,4,2.484755
i64,amartin,unpredictable,,5,2.217463
i64,branchlut,unpredictable,,5,6.107874
i64,branchlut2,unpredictable,,5,6.153246
i64,countlut,unpredictable,,5,5.684876
i64,fmt,unpredictable,,5,4.930023
i64,jeaiii,unpredictable,,5,5.297228
i64,naive,unpredictable,,5,10.375283
i64,null,unpredictable,,5,0.816803
i64,sse2,unpredictable,,5,5.590769
i64,tmueller,unpredictable,,5,5.082181
i64,unrolledlut,unpredictable,,5,5.119297
i64,yy,unpredictable,,5,2.555542
i64,zmij_scalar,unpredictable,,5,4.935368
i64,zmij_x64_native,unpredictable,,5,2.396943
i64,zmij_x64_v1,unpredictable,,5,3.866024
i64,zmij_x64_v2,unpredictable,,5,2.613879
i64,zmij_x64_v3,unpredictable,,5,2.441377
i64,zmij_x64_v4,unpredictable,,5,2.491271
i64,amartin,unpredictable,,6,2.254106
i64,branchlut,unpredictable,,6,6.221795
i64,branchlut2,unpredictable,,6,6.244322
i64,countlut,unpredictable,,6,5.846395
i64,fmt,unpredictable,,6,4.836411
i64,jeaiii,unpredictable,,6,5.240569
i64,naive,unpredictable,,6,10.757290
i64,null,unpredictable,,6,0.937411
i64,sse2,unpredictable,,6,6.012179
i64,tmueller,unpredictable,,6,5.117672
i64,unrolledlut,unpredictable,,6,5.149786
i64,yy,unpredictable,,6,2.559469
i64,zmij_scalar,unpredictable,,6,5.010692
i64,zmij_x64_native,unpredictable,,6,2.413635
i64,zmij_x64_v1,unpredictable,,6,3.864996
i64,zmij_x64_v2,unpredictable,,6,2.628836
i64,zmij_x64_v3,unpredictable,,6,2.451810
i64,zmij_x64_v4,unpredictable,,6,2.510944
i64,amartin,unpredictable,,7,2.692840
i64,branchlut,unpredictable,,7,6.507324
i64,branchlut2,unpredictable,,7,6.327068
i64,countlut,unpredictable,,7,6.040367
i64,fmt,unpredictable,,7,4.653481
i64,jeaiii,unpredictable,,7,5.376855
i64,naive,unpredictable,,7,11.075761
i64,null,unpredictable,,7,0.920854
i64,sse2,unpredictable,,7,6.173099
i64,tmueller,unpredictable,,7,4.638713
i64,unrolledlut,unpredictable,,7,6.029804
i64,yy,unpredictable,,7,2.956243
i64,zmij_scalar,unpredictable,,7,4.971871
i64,zmij_x64_native,unpredictable,,7,2.443686
i64,zmij_x64_v1,unpredictable,,7,3.926099
i64,zmij_x64_v2,unpredictable,,7,2.683266
i64,zmij_x64_v3,unpredictable,,7,2.411147
i64,zmij_x64_v4,unpredictable,,7,2.480476
i64,amartin,unpredictable,,8,2.612360
i64,branchlut,unpredictable,,8,6.812078
i64,branchlut2,unpredictable,,8,6.476312
i64,countlut,unpredictable,,8,6.051811
i64,fmt,unpredictable,,8,4.633869
i64,jeaiii,unpredictable,,8,5.501009
i64,naive,unpredictable,,8,10.433982
i64,null,unpredictable,,8,0.805667
i64,sse2,unpredictable,,8,6.310188
i64,tmueller,unpredictable,,8,4.793649
i64,unrolledlut,unpredictable,,8,6.147940
i64,yy,unpredictable,,8,2.850768
i64,zmij_scalar,unpredictable,,8,4.946837
i64,zmij_x64_native,unpredictable,,8,2.360761
i64,zmij_x64_v1,unpredictable,,8,3.860973
i64,zmij_x64_v2,unpredictable,,8,2.593578
i64,zmij_x64_v3,unpredictable,,8,2.417138
i64,zmij_x64_v4,unpredictable,,8,2.479415
i64,amartin,unpredictable,,9,4.757876
i64,branchlut,unpredictable,,9,7.054310
i64,branchlut2,unpredictable,,9,6.540164
i64,countlut,unpredictable,,9,7.158908
i64,fmt,unpredictable,,9,4.927181
i64,jeaiii,unpredictable,,9,5.958051
i64,naive,unpredictable,,9,11.625432
i64,null,unpredictable,,9,0.966001
i64,sse2,unpredictable,,9,8.172950
i64,tmueller,unpredictable,,9,4.984076
i64,unrolledlut,unpredictable,,9,7.257610
i64,yy,unpredictable,,9,3.548724
i64,zmij_scalar,unpredictable,,9,5.388975
i64,zmij_x64_native,unpredictable,,9,2.476705
i64,zmij_x64_v1,unpredictable,,9,4.031147
i64,zmij_x64_v2,unpredictable,,9,2.639886
i64,zmij_x64_v3,unpredictable,,9,2.512687
i64,zmij_x64_v4,unpredictable,,9,2.528119
i64,amartin,unpredictable,,10,7.930451
i64,branchlut,unpredictable,,10,7.168492
i64,branchlut2,unpredictable,,10,6.169868
i64,countlut,unpredictable,,10,7.104316
i64,fmt,unpredictable,,10,4.827157
i64,jeaiii,unpredictable,,10,9.501552
i64,naive,unpredictable,,10,11.954630
i64,null,unpredictable,,10,1.039528
i64,sse2,unpredictable,,10,7.749857
i64,tmueller,unpredictable,,10,4.845358
i64,unrolledlut,unpredictable,,10,9.980447
i64,yy,unpredictable,,10,3.299828
i64,zmij_scalar,unpredictable,,10,5.145727
i64,zmij_x64_native,unpredictable,,10,2.375286
i64,zmij_x64_v1,unpredictable,,10,3.855412
i64,zmij_x64_v2,unpredictable,,10,2.611762
i64,zmij_x64_v3,unpredictable,,10,2.444236
i64,zmij_x64_v4,unpredictable,,10,2.475180
i64,amartin,unpredictable,,11,3.809260
i64,branchlut,unpredictable,,11,7.435581
i64,branchlut2,unpredictable,,11,7.079382
i64,countlut,unpredictable,,11,7.053427
i64,fmt,unpredictable,,11,5.061200
i64,jeaiii,unpredictable,,11,5.765867
i64,naive,unpredictable,,11,12.738090
i64,null,unpredictable,,11,1.058538
i64,sse2,unpredictable,,11,7.784000
i64,tmueller,unpredictable,,11,4.883199
i64,unrolledlut,unpredictable,,11,6.215816
i64,yy,unpredictable,,11,3.310634
i64,zmij_scalar,unpredictable,,11,5.162309
i64,zmij_x64_native,unpredictable,,11,2.403319
i64,zmij_x64_v1,unpredictable,,11,3.889551
i64,zmij_x64_v2,unpredictable,,11,2.636741
i64,zmij_x64_v3,unpredictable,,11,2.451687
i64,zmij_x64_v4,unpredictable,,11,2.496263
i64,amartin,unpredictable,,12,3.762341
i64,branchlut,unpredictable,,12,7.781431
i64,branchlut2,unpredictable,,12,6.641099
i64,countlut,unpredictable,,12,7.199621
i64,fmt,unpredictable,,12,4.919992
i64,jeaiii,unpredictable,,12,5.724395
i64,naive,unpredictable,,12,13.706073
i64,null,unpredictable,,12,0.739648
i64,sse2,unpredictable,,12,7.787086
i64,tmueller,unpredictable,,12,4.968200
i64,unrolledlut,unpredictable,,12,5.725529
i64,yy,unpredictable,,12,3.337372
i64,zmij_scalar,unpredictable,,12,5.137436
i64,zmij_x64_native,unpredictable,,12,2.427544
i64,zmij_x64_v1,unpredictable,,12,3.973729
i64,zmij_x64_v2,unpredictable,,12,2.691073
i64,zmij_x64_v3,unpredictable,,12,2.564405
i64,zmij_x64_v4,unpredictable,,12,2.467295
i64,amartin,unpredictable,,13,3.805018
i64,branchlut,unpredictable,,13,7.873388
i64,branchlut2,unpredictable,,13,7.568696
i64,countlut,unpredictable,,13,7.247660
i64,fmt,unpredictable,,13,5.255504
i64,jeaiii,unpredictable,,13,5.766792
i64,naive,unpredictable,,13,14.599070
i64,null,unpredictable,,13,1.056403
i64,sse2,unpredictable,,13,7.777175
i64,tmueller,unpredictable,,13,5.027437
i64,unrolledlut,unpredictable,,13,6.015010
i64,yy,unpredictable,,13,3.419211
i64,zmij_scalar,unpredictable,,13,5.152903
i64,zmij_x64_native,unpredictable,,13,2.409328
i64,zmij_x64_v1,unpredictable,,13,3.891978
i64,zmij_x64_v2,unpredictable,,13,2.624161
i64,zmij_x64_v3,unpredictable,,13,2.452058
i64,zmij_x64_v4,unpredictable,,13,2.476588
i64,amartin,unpredictable,,14,4.117450
i64,branchlut,unpredictable,,14,8.620711
i64,branchlut2,unpredictable,,14,7.925733
i64,countlut,unpredictable,,14,7.767724
i64,fmt,unpredictable,,14,5.642976
i64,jeaiii,unpredictable,,14,6.174300
i64,naive,unpredictable,,14,16.045270
i64,null,unpredictable,,14,1.160770
i64,sse2,unpredictable,,14,8.328979
i64,tmueller,unpredictable,,14,5.428289
i64,unrolledlut,unpredictable,,14,6.320754
i64,yy,unpredictable,,14,3.555355
i64,zmij_scalar,unpredictable,,14,5.334470
i64,zmij_x64_native,unpredictable,,14,2.491985
i64,zmij_x64_v1,unpredictable,,14,4.078486
i64,zmij_x64_v2,unpredictable,,14,2.787976
i64,zmij_x64_v3,unpredictable,,14,2.483785
i64,zmij_x64_v4,unpredictable,,14,2.604479
i64,amartin,unpredictable,,15,4.343900
i64,branchlut,unpredictable,,15,8.649645
i64,branchlut2,unpredictable,,15,7.954659
i64,countlut,unpredictable,,15,7.579767
i64,fmt,unpredictable,,15,5.559667
i64,jeaiii,unpredictable,,15,6.283211
i64,naive,unpredictable,,15,16.201043
i64,null,unpredictable,,15,1.167581
i64,sse2,unpredictable,,15,7.179990
i64,tmueller,unpredictable,,15,5.260816
i64,unrolledlut,unpredictable,,15,6.823000
i64,yy,unpredictable,,15,3.730178
i64,zmij_scalar,unpredictable,,15,5.149168
i64,zmij_x64_native,unpredictable,,15,2.408908
i64,zmij_x64_v1,unpredictable,,15,3.887874
i64,zmij_x64_v2,unpredictable,,15,2.607943
i64,zmij_x64_v3,unpredictable,,15,2.475494
i64,zmij_x64_v4,unpredictable,,15,2.487461
i64,amartin,unpredictable,,16,4.453049
i64,branchlut,unpredictable,,16,8.940798
i64,branchlut2,unpredictable,,16,8.217113
i64,countlut,unpredictable,,16,7.833958
i64,fmt,unpredictable,,16,5.585263
i64,jeaiii,unpredictable,,16,6.472937
i64,naive,unpredictable,,16,16.041102
i64,null,unpredictable,,16,0.853787
i64,sse2,unpredictable,,16,7.809852
i64,tmueller,unpredictable,,16,5.725495
i64,unrolledlut,unpredictable,,16,6.728040
i64,yy,unpredictable,,16,3.931782
i64,zmij_scalar,unpredictable,,16,5.189272
i64,zmij_x64_native,unpredictable,,16,2.392707
i64,zmij_x64_v1,unpredictable,,16,3.967148
i64,zmij_x64_v2,unpredictable,,16,2.717611
i64,zmij_x64_v3,unpredictable,,16,2.524822
i64,zmij_x64_v4,unpredictable,,16,2.513296
i64,amartin,unpredictable,,17,5.816279
i64,branchlut,unpredictable,,17,9.465977
i64,branchlut2,unpredictable,,17,8.981678
i64,countlut,unpredictable,,17,10.520465
i64,fmt,unpredictable,,17,6.015536
i64,jeaiii,unpredictable,,17,6.774345
i64,naive,unpredictable,,17,16.446478
i64,null,unpredictable,,17,0.878299
i64,sse2,unpredictable,,17,6.480112
i64,tmueller,unpredictable,,17,5.656556
i64,unrolledlut,unpredictable,,17,7.866055
i64,yy,unpredictable,,17,4.740075
i64,zmij_scalar,unpredictable,,17,5.132931
i64,zmij_x64_native,unpredictable,,17,2.384240
i64,zmij_x64_v1,unpredictable,,17,3.883892
i64,zmij_x64_v2,unpredictable,,17,2.634734
i64,zmij_x64_v3,unpredictable,,17,2.465726
i64,zmij_x64_v4,unpredictable,,17,2.479231
i64,amartin,unpredictable,,18,8.826815
i64,branchlut,unpredictable,,18,9.286053
i64,branchlut2,unpredictable,,18,9.060420
i64,countlut,unpredictable,,18,10.702134
i64,fmt,unpredictable,,18,6.003814
i64,jeaiii,unpredictable,,18,10.092091
i64,naive,unpredictable,,18,17.487874
i64,null,unpredictable,,18,0.794677
i64,sse2,unpredictable,,18,6.686391
i64,tmueller,unpredictable,,18,5.766094
i64,unrolledlut,unpredictable,,18,10.540948
i64,yy,unpredictable,,18,4.787709
i64,zmij_scalar,unpredictable,,18,5.161623
i64,zmij_x64_native,unpredictable,,18,2.358170
i64,zmij_x64_v1,unpredictable,,18,3.892515
i64,zmij_x64_v2,unpredictable,,18,2.590171
i64,zmij_x64_v3,unpredictable,,18,2.460532
i64,zmij_x64_v4,unpredictable,,18,2.461765
i64,amartin,unpredictable,,19,6.011040
i64,branchlut,unpredictable,,19,10.085515
i64,branchlut2,unpredictable,,19,9.690351
i64,countlut,unpredictable,,19,11.031725
i64,fmt,unpredictable,,19,6.851083
i64,jeaiii,unpredictable,,19,7.994298
i64,naive,unpredictable,,19,18.601145
i64,null,unpredictable,,19,0.767050
i64,sse2,unpredictable,,19,6.870984
i64,tmueller,unpredictable,,19,6.597565
i64,unrolledlut,unpredictable,,19,7.780730
i64,yy,unpredictable,,19,5.339671
i64,zmij_scalar,unpredictable,,19,5.160750
i64,zmij_x64_native,unpredictable,,19,2.418695
i64,zmij_x64_v1,unpredictable,,19,3.928714
i64,zmij_x64_v2,unpredictable,,19,2.663209
i64,zmij_x64_v3,unpredictable,,19,2.445658
i64,zmij_x64_v4,unpredictable,,19,2.436643
i64,amartin,admixture,5x6,0,1.822578
i64,branchlut,admixture,5x6,0,4.882801
i64,branchlut2,admixture,5x6,0,4.769064
i64,countlut,admixture,5x6,0,4.827579
i64,fmt,admixture,5x6,0,2.169974
i64,jeaiii,admixture,5x6,0,4.663824
i64,naive,admixture,5x6,0,7.918103
i64,null,admixture,5x6,0,0.804578
i64,sse2,admixture,5x6,0,4.837686
i64,tmueller,admixture,5x6,0,2.206564
i64,unrolledlut,admixture,5x6,0,4.834029
i64,yy,admixture,5x6,0,1.644815
i64,zmij_scalar,admixture,5x6,0,4.946270
i64,zmij_x64_native,admixture,5x6,0,2.391122
i64,zmij_x64_v1,admixture,5x6,0,3.864032
i64,zmij_x64_v2,admixture,5x6,0,2.613481
i64,zmij_x64_v3,admixture,5x6,0,2.461018
i64,zmij_x64_v4,admixture,5x6,0,2.476078
i64,amartin,admixture,5x6,10,1.802293
i64,branchlut,admixture,5x6,10,5.085233
i64,branchlut2,admixture,5x6,10,4.932029
i64,countlut,admixture,5x6,10,5.263043
i64,fmt,admixture,5x6,10,2.857441
i64,jeaiii,admixture,5x6,10,4.817957
i64,naive,admixture,5x6,10,8.447350
i64,null,admixture,5x6,10,0.751340
i64,sse2,admixture,5x6,10,4.937522
i64,tmueller,admixture,5x6,10,2.979853
i64,unrolledlut,admixture,5x6,10,5.190693
i64,yy,admixture,5x6,10,1.640540
i64,zmij_scalar,admixture,5x6,10,4.977162
i64,zmij_x64_native,admixture,5x6,10,2.384159
i64,zmij_x64_v1,admixture,5x6,10,3.866588
i64,zmij_x64_v2,admixture,5x6,10,2.601714
i64,zmij_x64_v3,admixture,5x6,10,2.474427
i64,zmij_x64_v4,admixture,5x6,10,2.492600
i64,amartin,admixture,5x6,20,1.851878
i64,branchlut,admixture,5x6,20,5.775099
i64,branchlut2,admixture,5x6,20,5.522720
i64,countlut,admixture,5x6,20,6.118659
i64,fmt,admixture,5x6,20,3.456360
i64,jeaiii,admixture,5x6,20,5.502039
i64,naive,admixture,5x6,20,9.266121
i64,null,admixture,5x6,20,0.852557
i64,sse2,admixture,5x6,20,5.658149
i64,tmueller,admixture,5x6,20,3.699184
i64,unrolledlut,admixture,5x6,20,5.736611
i64,yy,admixture,5x6,20,1.659438
i64,zmij_scalar,admixture,5x6,20,5.064463
i64,zmij_x64_native,admixture,5x6,20,2.413731
i64,zmij_x64_v1,admixture,5x6,20,3.913311
i64,zmij_x64_v2,admixture,5x6,20,2.608481
i64,zmij_x64_v3,admixture,5x6,20,2.480393
i64,zmij_x64_v4,admixture,5x6,20,2.515751
i64,amartin,admixture,5x6,30,1.817249
i64,branchlut,admixture,5x6,30,6.301471
i64,branchlut2,admixture,5x6,30,6.140434
i64,countlut,admixture,5x6,30,6.718596
i64,fmt,admixture,5x6,30,4.036521
i64,jeaiii,admixture,5x6,30,6.027418
i64,naive,admixture,5x6,30,9.696696
i64,null,admixture,5x6,30,0.870085
i64,sse2,admixture,5x6,30,6.180523
i64,tmueller,admixture,5x6,30,4.448748
i64,unrolledlut,admixture,5x6,30,6.072838
i64,yy,admixture,5x6,30,1.644514
i64,zmij_scalar,admixture,5x6,30,4.968545
i64,zmij_x64_native,admixture,5x6,30,2.394534
i64,zmij_x64_v1,admixture,5x6,30,3.857265
i64,zmij_x64_v2,admixture,5x6,30,2.601624
i64,zmij_x64_v3,admixture,5x6,30,2.445208
i64,zmij_x64_v4,admixture,5x6,30,2.479851
i64,amartin,admixture,5x6,40,1.816795
i64,branchlut,admixture,5x6,40,6.849175
i64,branchlut2,admixture,5x6,40,6.714152
i64,countlut,admixture,5x6,40,7.374143
i64,fmt,admixture,5x6,40,4.779454
i64,jeaiii,admixture,5x6,40,6.637387
i64,naive,admixture,5x6,40,10.373436
i64,null,admixture,5x6,40,0.755252
i64,sse2,admixture,5x6,40,6.769049
i64,tmueller,admixture,5x6,40,5.050003
i64,unrolledlut,admixture,5x6,40,6.606743
i64,yy,admixture,5x6,40,1.641052
i64,zmij_scalar,admixture,5x6,40,4.963729
i64,zmij_x64_native,admixture,5x6,40,2.381795
i64,zmij_x64_v1,admixture,5x6,40,3.855934
i64,zmij_x64_v2,admixture,5x6,40,2.609229
i64,zmij_x64_v3,admixture,5x6,40,2.456236
i64,zmij_x64_v4,admixture,5x6,40,2.488173
i64,amartin,admixture,5x6,50,1.819510
i64,branchlut,admixture,5x6,50,7.156705
i64,branchlut2,admixture,5x6,50,6.988970
i64,countlut,admixture,5x6,50,7.767980
i64,fmt,admixture,5x6,50,5.353407
i64,jeaiii,admixture,5x6,50,6.869815
i64,naive,admixture,5x6,50,10.680994
i64,null,admixture,5x6,50,0.785794
i64,sse2,admixture,5x6,50,7.139588
i64,tmueller,admixture,5x6,50,5.500341
i64,unrolledlut,admixture,5x6,50,6.965387
i64,yy,admixture,5x6,50,1.647827
i64,zmij_scalar,admixture,5x6,50,4.956849
i64,zmij_x64_native,admixture,5x6,50,2.391589
i64,zmij_x64_v1,admixture,5x6,50,3.857426
i64,zmij_x64_v2,admixture,5x6,50,2.619171
i64,zmij_x64_v3,admixture,5x6,50,2.447166
i64,zmij_x64_v4,admixture,5x6,50,2.489924
i64,amartin,admixture,5x6,60,1.867794
i64,branchlut,admixture,5x6,60,7.041074
i64,branchlut2,admixture,5x6,60,6.833381
i64,countlut,admixture,5x6,60,7.587696
i64,fmt,admixture,5x6,60,4.966908
i64,jeaiii,admixture,5x6,60,6.754908
i64,naive,admixture,5x6,60,10.511389
i64,null,admixture,5x6,60,0.801372
i64,sse2,admixture,5x6,60,6.912595
i64,tmueller,admixture,5x6,60,5.128037
i64,unrolledlut,admixture,5x6,60,6.764912
i64,yy,admixture,5x6,60,1.681756
i64,zmij_scalar,admixture,5x6,60,5.085604
i64,zmij_x64_native,admixture,5x6,60,2.453007
i64,zmij_x64_v1,admixture,5x6,60,3.937666
i64,zmij_x64_v2,admixture,5x6,60,2.609962
i64,zmij_x64_v3,admixture,5x6,60,2.456010
i64,zmij_x64_v4,admixture,5x6,60,2.531888
i64,amartin,admixture,5x6,70,1.812431
i64,branchlut,admixture,5x6,70,6.293919
i64,branchlut2,admixture,5x6,70,6.121222
i64,countlut,admixture,5x6,70,6.670941
i64,fmt,admixture,5x6,70,4.133201
i64,jeaiii,admixture,5x6,70,6.037279
i64,naive,admixture,5x6,70,9.416539
i64,null,admixture,5x6,70,0.833203
i64,sse2,admixture,5x6,70,6.221317
i64,tmueller,admixture,5x6,70,4.394835
i64,unrolledlut,admixture,5x6,70,6.063035
i64,yy,admixture,5x6,70,1.641603
i64,zmij_scalar,admixture,5x6,70,4.956371
i64,zmij_x64_native,admixture,5x6,70,2.374359
i64,zmij_x64_v1,admixture,5x6,70,3.856384
i64,zmij_x64_v2,admixture,5x6,70,2.601886
i64,zmij_x64_v3,admixture,5x6,70,2.443409
i64,zmij_x64_v4,admixture,5x6,70,2.476189
i64,amartin,admixture,5x6,80,1.815186
i64,branchlut,admixture,5x6,80,5.679367
i64,branchlut2,admixture,5x6,80,5.560916
i64,countlut,admixture,5x6,80,5.879948
i64,fmt,admixture,5x6,80,3.509919
i64,jeaiii,admixture,5x6,80,5.464195
i64,naive,admixture,5x6,80,8.619072
i64,null,admixture,5x6,80,0.812866
i64,sse2,admixture,5x6,80,5.626394
i64,tmueller,admixture,5x6,80,3.647120
i64,unrolledlut,admixture,5x6,80,5.623255
i64,yy,admixture,5x6,80,1.642861
i64,zmij_scalar,admixture,5x6,80,4.958129
i64,zmij_x64_native,admixture,5x6,80,2.402209
i64,zmij_x64_v1,admixture,5x6,80,3.871749
i64,zmij_x64_v2,admixture,5x6,80,2.607905
i64,zmij_x64_v3,admixture,5x6,80,2.446562
i64,zmij_x64_v4,admixture,5x6,80,2.483768
i64,amartin,admixture,5x6,90,1.822394
i64,branchlut,admixture,5x6,90,5.069740
i64,branchlut2,admixture,5x6,90,4.924240
i64,countlut,admixture,5x6,90,5.125221
i64,fmt,admixture,5x6,90,2.878944
i64,jeaiii,admixture,5x6,90,4.760243
i64,naive,admixture,5x6,90,7.845627
i64,null,admixture,5x6,90,0.826465
i64,sse2,admixture,5x6,90,5.001431
i64,tmueller,admixture,5x6,90,2.973419
i64,unrolledlut,admixture,5x6,90,5.155040
i64,yy,admixture,5x6,90,1.637806
i64,zmij_scalar,admixture,5x6,90,4.956774
i64,zmij_x64_native,admixture,5x6,90,2.389061
i64,zmij_x64_v1,admixture,5x6,90,3.865445
i64,zmij_x64_v2,admixture,5x6,90,2.614163
i64,zmij_x64_v3,admixture,5x6,90,2.447185
i64,zmij_x64_v4,admixture,5x6,90,2.476927
i64,amartin,admixture,5x6,100,1.847708
i64,branchlut,admixture,5x6,100,4.539538
i64,branchlut2,admixture,5x6,100,4.753470
i64,countlut,admixture,5x6,100,4.887780
i64,fmt,admixture,5x6,100,2.202389
i64,jeaiii,admixture,5x6,100,4.597964
i64,naive,admixture,5x6,100,7.228730
i64,null,admixture,5x6,100,0.785203
i64,sse2,admixture,5x6,100,4.376752
i64,tmueller,admixture,5x6,100,2.258223
i64,unrolledlut,admixture,5x6,100,4.827663
i64,yy,admixture,5x6,100,1.644036
i64,zmij_scalar,admixture,5x6,100,5.004712
i64,zmij_x64_native,admixture,5x6,100,2.386521
i64,zmij_x64_v1,admixture,5x6,100,3.880020
i64,zmij_x64_v2,admixture,5x6,100,2.620664
i64,zmij_x64_v3,admixture,5x6,100,2.460127
i64,zmij_x64_v4,admixture,5x6,100,2.481169
u32,amartin,uniform,0-255,0,3.254160
u32,branchlut,uniform,0-255,0,3.687296
u32,branchlut2,uniform,0-255,0,3.642455
u32,countlut,uniform,0-255,0,3.737209
u32,fmt,uniform,0-255,0,3.812988
u32,jeaiii,uniform,0-255,0,3.381076
u32,naive,uniform,0-255,0,5.357788
u32,null,uniform,0-255,0,0.964436
u32,sse2,uniform,0-255,0,3.397185
u32,tmueller,uniform,0-255,0,1.603476
u32,toy256,uniform,0-255,0,1.002397
u32,unrolledlut,uniform,0-255,0,3.685118
u32,yy,uniform,0-255,0,3.288041
u32,zmij_scalar,uniform,0-255,0,2.244923
u32,zmij_x64_native,uniform,0-255,0,1.269116
u32,zmij_x64_v1,uniform,0-255,0,1.873549
u32,zmij_x64_v2,uniform,0-255,0,1.292669
u32,zmij_x64_v3,uniform,0-255,0,1.251908
u32,zmij_x64_v4,uniform,0-255,0,1.241237
i32,amartin,uniform,0-255,0,3.634219
i32,branchlut,uniform,0-255,0,4.001427
i32,branchlut2,uniform,0-255,0,3.661764
i32,countlut,uniform,0-255,0,3.865032
i32,fmt,uniform,0-255,0,4.208554
i32,jeaiii,uniform,0-255,0,3.709014
i32,naive,uniform,0-255,0,5.580691
i32,null,uniform,0-255,0,0.766295
i32,sse2,uniform,0-255,0,3.655145
i32,tmueller,uniform,0-255,0,2.063201
i32,toy256,uniform,0-255,0,0.875114
i32,unrolledlut,uniform,0-255,0,4.044355
i32,yy,uniform,0-255,0,3.614574
i32,zmij_scalar,uniform,0-255,0,2.545706
i32,zmij_x64_native,uniform,0-255,0,1.491637
i32,zmij_x64_v1,uniform,0-255,0,2.168331
i32,zmij_x64_v2,uniform,0-255,0,1.513652
i32,zmij_x64_v3,uniform,0-255,0,1.488104
i32,zmij_x64_v4,uniform,0-255,0,1.490729
u64,amartin,uniform,0-255,0,3.225185
u64,branchlut,uniform,0-255,0,3.368957
u64,branchlut2,uniform,0-255,0,3.456355
u64,countlut,uniform,0-255,0,3.552056
u64,fmt,uniform,0-255,0,3.681839
u64,jeaiii,uniform,0-255,0,3.495281
u64,naive,uniform,0-255,0,5.702394
u64,null,uniform,0-255,0,0.853874
u64,sse2,uniform,0-255,0,3.782403
u64,tmueller,uniform,0-255,0,3.467486
u64,toy256,uniform,0-255,0,0.882175
u64,unrolledlut,uniform,0-255,0,3.979289
u64,yy,uniform,0-255,0,3.430824
u64,zmij_scalar,uniform,0-255,0,4.868487
u64,zmij_x64_native,uniform,0-255,0,2.071796
u64,zmij_x64_v1,uniform,0-255,0,3.548464
u64,zmij_x64_v2,uniform,0-255,0,2.324559
u64,zmij_x64_v3,uniform,0-255,0,2.217784
u64,zmij_x64_v4,uniform,0-255,0,2.201149
i64,amartin,uniform,0-255,0,3.935490
i64,branchlut,uniform,0-255,0,3.861144
i64,branchlut2,uniform,0-255,0,3.783119
i64,countlut,uniform,0-255,0,3.988614
i64,fmt,uniform,0-255,0,4.078477
i64,jeaiii,uniform,0-255,0,3.812587
i64,naive,uniform,0-255,0,5.675936
i64,null,uniform,0-255,0,0.959617
i64,sse2,uniform,0-255,0,3.865381
i64,tmueller,uniform,0-255,0,4.111385
i64,toy256,uniform,0-255,0,0.770375
i64,unrolledlut,uniform,0-255,0,4.375694
i64,yy,uniform,0-255,0,3.858335
i64,zmij_scalar,uniform,0-255,0,5.002140
i64,zmij_x64_native,uniform,0-255,0,2.387348
i64,zmij_x64_v1,uniform,0-255,0,3.886054
i64,zmij_x64_v2,uniform,0-255,0,2.586494
i64,zmij_x64_v3,uniform,0-255,0,2.434297
i64,zmij_x64_v4,uniform,0-255,0,2.442648
u128,fmt,bylength,,1,2.123789
u128,naive,bylength,,1,3.679153
u128,null,bylength,,1,0.911621
u128,zmij_scalar,bylength,,1,4.964615
u128,zmij_x64_native,bylength,,1,2.361655
u128,zmij_x64_v1,bylength,,1,3.677749
u128,zmij_x64_v2,bylength,,1,2.494887
u128,zmij_x64_v3,bylength,,1,2.453906
u128,zmij_x64_v4,bylength,,1,2.300571
u128,fmt,bylength,,2,2.150093
u128,naive,bylength,,2,5.630593
u128,null,bylength,,2,1.272945
u128,zmij_scalar,bylength,,2,4.986773
u128,zmij_x64_native,bylength,,2,2.339411
u128,zmij_x64_v1,bylength,,2,3.667229
u128,zmij_x64_v2,bylength,,2,2.475080
u128,zmij_x64_v3,bylength,,2,2.476953
u128,zmij_x64_v4,bylength,,2,2.290338
u128,fmt,bylength,,3,2.673055
u128,naive,bylength,,3,8.639727
u128,null,bylength,,3,1.205126
u128,zmij_scalar,bylength,,3,5.188580
u128,zmij_x64_native,bylength,,3,2.450725
u128,zmij_x64_v1,bylength,,3,3.903805
u128,zmij_x64_v2,bylength,,3,2.548346
u128,zmij_x64_v3,bylength,,3,2.493071
u128,zmij_x64_v4,bylength,,3,2.357776
u128,fmt,bylength,,4,2.715373
u128,naive,bylength,,4,12.043656
u128,null,bylength,,4,1.280456
u128,zmij_scalar,bylength,,4,5.169059
u128,zmij_x64_native,bylength,,4,2.438551
u128,zmij_x64_v1,bylength,,4,3.860656
u128,zmij_x64_v2,bylength,,4,2.566404
u128,zmij_x64_v3,bylength,,4,2.493921
u128,zmij_x64_v4,bylength,,4,2.358397
u128,fmt,bylength,,5,3.048308
u128,naive,bylength,,5,14.505960
u128,null,bylength,,5,1.261938
u128,zmij_scalar,bylength,,5,4.986334
u128,zmij_x64_native,bylength,,5,2.331185
u128,zmij_x64_v1,bylength,,5,3.666790
u128,zmij_x64_v2,bylength,,5,2.497953
u128,zmij_x64_v3,bylength,,5,2.414034
u128,zmij_x64_v4,bylength,,5,2.291428
u128,fmt,bylength,,6,3.008198
u128,naive,bylength,,6,17.930277
u128,null,bylength,,6,0.926470
u128,zmij_scalar,bylength,,6,4.915265
u128,zmij_x64_native,bylength,,6,2.347581
u128,zmij_x64_v1,bylength,,6,3.642321
u128,zmij_x64_v2,bylength,,6,2.471984
u128,zmij_x64_v3,bylength,,6,2.403046
u128,zmij_x64_v4,bylength,,6,2.290071
u128,fmt,bylength,,7,3.563474
u128,naive,bylength,,7,21.354626
u128,null,bylength,,7,1.261240
u128,zmij_scalar,bylength,,7,4.937967
u128,zmij_x64_native,bylength,,7,2.337739
u128,zmij_x64_v1,bylength,,7,3.659528
u128,zmij_x64_v2,bylength,,7,2.476790
u128,zmij_x64_v3,bylength,,7,2.407022
u128,zmij_x64_v4,bylength,,7,2.291771
u128,fmt,bylength,,8,3.564448
u128,naive,bylength,,8,23.895547
u128,null,bylength,,8,0.977024
u128,zmij_scalar,bylength,,8,4.942822
u128,zmij_x64_native,bylength,,8,2.345011
u128,zmij_x64_v1,bylength,,8,3.641861
u128,zmij_x64_v2,bylength,,8,2.484329
u128,zmij_x64_v3,bylength,,8,2.427497
u128,zmij_x64_v4,bylength,,8,2.279006
u128,fmt,bylength,,9,4.168406
u128,naive,bylength,,9,27.495119
u128,null,bylength,,9,1.158689
u128,zmij_scalar,bylength,,9,4.950599
u128,zmij_x64_native,bylength,,9,2.330286
u128,zmij_x64_v1,bylength,,9,3.665080
u128,zmij_x64_v2,bylength,,9,2.469977
u128,zmij_x64_v3,bylength,,9,2.401766
u128,zmij_x64_v4,bylength,,9,2.277620
u128,fmt,bylength,,10,4.195389
u128,naive,bylength,,10,31.022266
u128,null,bylength,,10,0.922475
u128,zmij_scalar,bylength,,10,4.942601
u128,zmij_x64_native,bylength,,10,2.338981
u128,zmij_x64_v1,bylength,,10,3.670229
u128,zmij_x64_v2,bylength,,10,2.495125
u128,zmij_x64_v3,bylength,,10,2.396100
u128,zmij_x64_v4,bylength,,10,2.295057
u128,fmt,bylength,,11,4.852672
u128,naive,bylength,,11,34.600378
u128,null,bylength,,11,0.953681
u128,zmij_scalar,bylength,,11,4.935780
u128,zmij_x64_native,bylength,,11,2.353896
u128,zmij_x64_v1,bylength,,11,3.665051
u128,zmij_x64_v2,bylength,,11,2.459391
u128,zmij_x64_v3,bylength,,11,2.415524
u128,zmij_x64_v4,bylength,,11,2.288159
u128,fmt,bylength,,12,4.844502
u128,naive,bylength,,12,37.992717
u128,null,bylength,,12,1.274054
u128,zmij_scalar,bylength,,12,4.946519
u128,zmij_x64_native,bylength,,12,2.342660
u128,zmij_x64_v1,bylength,,12,3.640610
u128,zmij_x64_v2,bylength,,12,2.485379
u128,zmij_x64_v3,bylength,,12,2.424191
u128,zmij_x64_v4,bylength,,12,2.280162
u128,fmt,bylength,,13,5.468487
u128,naive,bylength,,13,41.616682
u128,null,bylength,,13,1.266171
u128,zmij_scalar,bylength,,13,4.979789
u128,zmij_x64_native,bylength,,13,2.349443
u128,zmij_x64_v1,bylength,,13,3.701962
u128,zmij_x64_v2,bylength,,13,2.521439
u128,zmij_x64_v3,bylength,,13,2.402826
u128,zmij_x64_v4,bylength,,13,2.269757
u128,fmt,bylength,,14,5.438867
u128,naive,bylength,,14,45.153269
u128,null,bylength,,14,0.971711
u128,zmij_scalar,bylength,,14,4.940672
u128,zmij_x64_native,bylength,,14,2.335809
u128,zmij_x64_v1,bylength,,14,3.649382
u128,zmij_x64_v2,bylength,,14,2.505760
u128,zmij_x64_v3,bylength,,14,2.405635
u128,zmij_x64_v4,bylength,,14,2.284500
u128,fmt,bylength,,15,6.178665
u128,naive,bylength,,15,48.447479
u128,null,bylength,,15,1.270804
u128,zmij_scalar,bylength,,15,4.942898
u128,zmij_x64_native,bylength,,15,2.352444
u128,zmij_x64_v1,bylength,,15,3.673202
u128,zmij_x64_v2,bylength,,15,2.481022
u128,zmij_x64_v3,bylength,,15,2.396405
u128,zmij_x64_v4,bylength,,15,2.271544
u128,fmt,bylength,,16,6.121881
u128,naive,bylength,,16,50.288914
u128,null,bylength,,16,0.984774
u128,zmij_scalar,bylength,,16,4.978002
u128,zmij_x64_native,bylength,,16,2.350724
u128,zmij_x64_v1,bylength,,16,3.676956
u128,zmij_x64_v2,bylength,,16,2.498375
u128,zmij_x64_v3,bylength,,16,2.406916
u128,zmij_x64_v4,bylength,,16,2.299549
u128,fmt,bylength,,17,6.885125
u128,naive,bylength,,17,54.379411
u128,null,bylength,,17,1.060275
u128,zmij_scalar,bylength,,17,5.076435
u128,zmij_x64_native,bylength,,17,2.390481
u128,zmij_x64_v1,bylength,,17,3.720621
u128,zmij_x64_v2,bylength,,17,2.529427
u128,zmij_x64_v3,bylength,,17,2.452655
u128,zmij_x64_v4,bylength,,17,2.341619
u128,fmt,bylength,,18,6.774749
u128,naive,bylength,,18,57.673583
u128,null,bylength,,18,1.013161
u128,zmij_scalar,bylength,,18,4.961740
u128,zmij_x64_native,bylength,,18,2.355129
u128,zmij_x64_v1,bylength,,18,3.669446
u128,zmij_x64_v2,bylength,,18,2.481644
u128,zmij_x64_v3,bylength,,18,2.420789
u128,zmij_x64_v4,bylength,,18,2.296319
u128,fmt,bylength,,19,7.621074
u128,naive,bylength,,19,61.111115
u128,null,bylength,,19,1.086408
u128,zmij_scalar,bylength,,19,4.942868
u128,zmij_x64_native,bylength,,19,2.380535
u128,zmij_x64_v1,bylength,,19,3.675485
u128,zmij_x64_v2,bylength,,19,2.481175
u128,zmij_x64_v3,bylength,,19,2.477421
u128,zmij_x64_v4,bylength,,19,2.282703
u128,fmt,bylength,,20,12.441622
u128,naive,bylength,,20,65.005291
u128,null,bylength,,20,0.921320
u128,zmij_scalar,bylength,,20,8.750387
u128,zmij_x64_native,bylength,,20,5.486928
u128,zmij_x64_v1,bylength,,20,5.669701
u128,zmij_x64_v2,bylength,,20,4.379911
u128,zmij_x64_v3,bylength,,20,4.201858
u128,zmij_x64_v4,bylength,,20,5.150781
u128,fmt,bylength,,21,12.147869
u128,naive,bylength,,21,68.164038
u128,null,bylength,,21,1.175945
u128,zmij_scalar,bylength,,21,8.619379
u128,zmij_x64_native,bylength,,21,5.362293
u128,zmij_x64_v1,bylength,,21,5.551362
u128,zmij_x64_v2,bylength,,21,4.136534
u128,zmij_x64_v3,bylength,,21,3.937729
u128,zmij_x64_v4,bylength,,21,5.082864
u128,fmt,bylength,,22,12.995174
u128,naive,bylength,,22,71.743320
u128,null,bylength,,22,1.234712
u128,zmij_scalar,bylength,,22,8.781991
u128,zmij_x64_native,bylength,,22,5.340097
u128,zmij_x64_v1,bylength,,22,5.463888
u128,zmij_x64_v2,bylength,,22,4.032846
u128,zmij_x64_v3,bylength,,22,3.913641
u128,zmij_x64_v4,bylength,,22,4.979836
u128,fmt,bylength,,23,12.980918
u128,naive,bylength,,23,75.023080
u128,null,bylength,,23,0.905770
u128,zmij_scalar,bylength,,23,8.765892
u128,zmij_x64_native,bylength,,23,5.305012
u128,zmij_x64_v1,bylength,,23,5.466773
u128,zmij_x64_v2,bylength,,23,4.055969
u128,zmij_x64_v3,bylength,,23,3.882979
u128,zmij_x64_v4,bylength,,23,4.988454
u128,fmt,bylength,,24,13.777602
u128,naive,bylength,,24,77.537420
u128,null,bylength,,24,0.905426
u128,zmij_scalar,bylength,,24,8.765153
u128,zmij_x64_native,bylength,,24,5.357916
u128,zmij_x64_v1,bylength,,24,5.487803
u128,zmij_x64_v2,bylength,,24,4.047131
u128,zmij_x64_v3,bylength,,24,3.949510
u128,zmij_x64_v4,bylength,,24,4.996985
u128,fmt,bylength,,25,14.113630
u128,naive,bylength,,25,81.197912
u128,null,bylength,,25,1.272954
u128,zmij_scalar,bylength,,25,8.795015
u128,zmij_x64_native,bylength,,25,5.294809
u128,zmij_x64_v1,bylength,,25,5.501985
u128,zmij_x64_v2,bylength,,25,4.030626
u128,zmij_x64_v3,bylength,,25,3.892674
u128,zmij_x64_v4,bylength,,25,4.974180
u128,fmt,bylength,,26,14.989804
u128,naive,bylength,,26,84.633611
u128,null,bylength,,26,0.906414
u128,zmij_scalar,bylength,,26,8.720455
u128,zmij_x64_native,bylength,,26,5.316192
u128,zmij_x64_v1,bylength,,26,5.468669
u128,zmij_x64_v2,bylength,,26,4.041089
u128,zmij_x64_v3,bylength,,26,3.883520
u128,zmij_x64_v4,bylength,,26,5.002023
u128,fmt,bylength,,27,14.906333
u128,naive,bylength,,27,88.205560
u128,null,bylength,,27,1.064947
u128,zmij_scalar,bylength,,27,8.629799
u128,zmij_x64_native,bylength,,27,5.296778
u128,zmij_x64_v1,bylength,,27,5.513709
u128,zmij_x64_v2,bylength,,27,4.054560
u128,zmij_x64_v3,bylength,,27,3.871748
u128,zmij_x64_v4,bylength,,27,4.997370
u128,fmt,bylength,,28,15.841775
u128,naive,bylength,,28,91.714113
u128,null,bylength,,28,1.251285
u128,zmij_scalar,bylength,,28,8.627354
u128,zmij_x64_native,bylength,,28,5.326292
u128,zmij_x64_v1,bylength,,28,5.470732
u128,zmij_x64_v2,bylength,,28,4.046296
u128,zmij_x64_v3,bylength,,28,3.910991
u128,zmij_x64_v4,bylength,,28,4.995458
u128,fmt,bylength,,29,15.744307
u128,naive,bylength,,29,95.297624
u128,null,bylength,,29,0.969810
u128,zmij_scalar,bylength,,29,8.803706
u128,zmij_x64_native,bylength,,29,5.295393
u128,zmij_x64_v1,bylength,,29,5.497524
u128,zmij_x64_v2,bylength,,29,4.043983
u128,zmij_x64_v3,bylength,,29,3.862510
u128,zmij_x64_v4,bylength,,29,4.987403
u128,fmt,bylength,,30,16.419877
u128,naive,bylength,,30,98.604542
u128,null,bylength,,30,1.213141
u128,zmij_scalar,bylength,,30,8.772482
u128,zmij_x64_native,bylength,,30,5.308358
u128,zmij_x64_v1,bylength,,30,5.489516
u128,zmij_x64_v2,bylength,,30,4.061497
u128,zmij_x64_v3,bylength,,30,3.889540
u128,zmij_x64_v4,bylength,,30,4.988052
u128,fmt,bylength,,31,16.422359
u128,naive,bylength,,31,102.259797
u128,null,bylength,,31,1.056348
u128,zmij_scalar,bylength,,31,8.751545
u128,zmij_x64_native,bylength,,31,5.403608
u128,zmij_x64_v1,bylength,,31,5.478441
u128,zmij_x64_v2,bylength,,31,4.052620
u128,zmij_x64_v3,bylength,,31,3.963206
u128,zmij_x64_v4,bylength,,31,4.983914
u128,fmt,bylength,,32,16.937007
u128,naive,bylength,,32,102.755308
u128,null,bylength,,32,1.253577
u128,zmij_scalar,bylength,,32,8.778031
u128,zmij_x64_native,bylength,,32,5.326701
u128,zmij_x64_v1,bylength,,32,5.466221
u128,zmij_x64_v2,bylength,,32,4.054741
u128,zmij_x64_v3,bylength,,32,3.861486
u128,zmij_x64_v4,bylength,,32,4.989275
u128,fmt,bylength,,33,17.392063
u128,naive,bylength,,33,107.503508
u128,null,bylength,,33,0.912624
u128,zmij_scalar,bylength,,33,10.717088
u128,zmij_x64_native,bylength,,33,6.128768
u128,zmij_x64_v1,bylength,,33,6.133001
u128,zmij_x64_v2,bylength,,33,4.796708
u128,zmij_x64_v3,bylength,,33,4.513017
u128,zmij_x64_v4,bylength,,33,5.854412
u128,fmt,bylength,,34,18.041894
u128,naive,bylength,,34,110.669024
u128,null,bylength,,34,1.338902
u128,zmij_scalar,bylength,,34,10.717297
u128,zmij_x64_native,bylength,,34,6.064713
u128,zmij_x64_v1,bylength,,34,6.143058
u128,zmij_x64_v2,bylength,,34,4.782634
u128,zmij_x64_v3,bylength,,34,4.518062
u128,zmij_x64_v4,bylength,,34,5.837166
u128,fmt,bylength,,35,17.971636
u128,naive,bylength,,35,114.271214
u128,null,bylength,,35,1.067976
u128,zmij_scalar,bylength,,35,10.705325
u128,zmij_x64_native,bylength,,35,6.074202
u128,zmij_x64_v1,bylength,,35,6.177742
u128,zmij_x64_v2,bylength,,35,4.784315
u128,zmij_x64_v3,bylength,,35,4.525343
u128,zmij_x64_v4,bylength,,35,5.879589
u128,fmt,bylength,,36,18.613823
u128,naive,bylength,,36,117.641576
u128,null,bylength,,36,1.264212
u128,zmij_scalar,bylength,,36,10.753614
u128,zmij_x64_native,bylength,,36,6.115640
u128,zmij_x64_v1,bylength,,36,6.168010
u128,zmij_x64_v2,bylength,,36,4.800750
u128,zmij_x64_v3,bylength,,36,4.551436
u128,zmij_x64_v4,bylength,,36,5.838790
u128,fmt,bylength,,37,18.611474
u128,naive,bylength,,37,121.294138
u128,null,bylength,,37,1.058010
u128,zmij_scalar,bylength,,37,10.713026
u128,zmij_x64_native,bylength,,37,6.091562
u128,zmij_x64_v1,bylength,,37,6.142221
u128,zmij_x64_v2,bylength,,37,4.772964
u128,zmij_x64_v3,bylength,,37,4.498666
u128,zmij_x64_v4,bylength,,37,5.839966
u128,fmt,bylength,,38,19.190722
u128,naive,bylength,,38,124.649938
u128,null,bylength,,38,0.904379
u128,zmij_scalar,bylength,,38,10.730515
u128,zmij_x64_native,bylength,,38,6.100950
u128,zmij_x64_v1,bylength,,38,6.166678
u128,zmij_x64_v2,bylength,,38,4.779048
u128,zmij_x64_v3,bylength,,38,4.534494
u128,zmij_x64_v4,bylength,,38,5.824474
u128,fmt,bylength,,39,26.357879
u128,naive,bylength,,39,128.438462
u128,null,bylength,,39,0.905105
u128,zmij_scalar,bylength,,39,10.710565
u128,zmij_x64_native,bylength,,39,6.075679
u128,zmij_x64_v1,bylength,,39,6.126530
u128,zmij_x64_v2,bylength,,39,4.797632
u128,zmij_x64_v3,bylength,,39,4.532764
u128,zmij_x64_v4,bylength,,39,5.857935
u128,fmt,loguniform,1-39,39,21.128122
u128,naive,loguniform,1-39,39,72.295687
u128,null,loguniform,1-39,39,1.288642
u128,zmij_scalar,loguniform,1-39,39,9.565965
u128,zmij_x64_native,loguniform,1-39,39,7.710423
u128,zmij_x64_v1,loguniform,1-39,39,7.809703
u128,zmij_x64_v2,loguniform,1-39,39,6.844387
u128,zmij_x64_v3,loguniform,1-39,39,6.856401
u128,zmij_x64_v4,loguniform,1-39,39,7.197169
u128,fmt,loguniform,1-4,4,7.619960
u128,naive,loguniform,1-4,4,11.384645
u128,null,loguniform,1-4,4,1.145588
u128,zmij_scalar,loguniform,1-4,4,4.957083
u128,zmij_x64_native,loguniform,1-4,4,2.346700
u128,zmij_x64_v1,loguniform,1-4,4,3.684884
u128,zmij_x64_v2,loguniform,1-4,4,2.518533
u128,zmij_x64_v3,loguniform,1-4,4,2.451429
u128,zmij_x64_v4,loguniform,1-4,4,2.306331
u128,fmt,uniform,0-255,0,4.791088
u128,naive,uniform,0-255,0,9.559482
u128,null,uniform,0-255,0,1.208411
u128,toy256,uniform,0-255,0,1.279536
u128,zmij_scalar,uniform,0-255,0,4.967258
u128,zmij_x64_native,uniform,0-255,0,2.344406
u128,zmij_x64_v1,uniform,0-255,0,3.667456
u128,zmij_x64_v2,uniform,0-255,0,2.468303
u128,zmij_x64_v3,uniform,0-255,0,2.470663
u128,zmij_x64_v4,uniform,0-255,0,2.277351
u128,fmt,unpredictable,,1,5.197853
u128,naive,unpredictable,,1,6.819414
u128,null,unpredictable,,1,0.808745
u128,zmij_scalar,unpredictable,,1,4.993628
u128,zmij_x64_native,unpredictable,,1,2.590289
u128,zmij_x64_v1,unpredictable,,1,3.913280
u128,zmij_x64_v2,unpredictable,,1,2.461042
u128,zmij_x64_v3,unpredictable,,1,2.507904
u128,zmij_x64_v4,unpredictable,,1,2.238941
u128,fmt,unpredictable,,2,4.980007
u128,naive,unpredictable,,2,8.889780
u128,null,unpredictable,,2,1.247537
u128,zmij_scalar,unpredictable,,2,5.004713
u128,zmij_x64_native,unpredictable,,2,2.600549
u128,zmij_x64_v1,unpredictable,,2,3.912726
u128,zmij_x64_v2,unpredictable,,2,2.441339
u128,zmij_x64_v3,unpredictable,,2,2.502819
u128,zmij_x64_v4,unpredictable,,2,2.252241
u128,fmt,unpredictable,,3,4.503162
u128,naive,unpredictable,,3,11.376848
u128,null,unpredictable,,3,0.957952
u128,zmij_scalar,unpredictable,,3,4.988758
u128,zmij_x64_native,unpredictable,,3,2.608060
u128,zmij_x64_v1,unpredictable,,3,3.901967
u128,zmij_x64_v2,unpredictable,,3,2.471495
u128,zmij_x64_v3,unpredictable,,3,2.501081
u128,zmij_x64_v4,unpredictable,,3,2.206036
u128,fmt,unpredictable,,4,4.604540
u128,naive,unpredictable,,4,14.451555
u128,null,unpredictable,,4,0.835881
u128,zmij_scalar,unpredictable,,4,5.017653
u128,zmij_x64_native,unpredictable,,4,2.620557
u128,zmij_x64_v1,unpredictable,,4,3.934606
u128,zmij_x64_v2,unpredictable,,4,2.437557
u128,zmij_x64_v3,unpredictable,,4,2.424833
u128,zmij_x64_v4,unpredictable,,4,2.221781
u128,fmt,unpredictable,,5,4.978624
u128,naive,unpredictable,,5,17.408928
u128,null,unpredictable,,5,1.009015
u128,zmij_scalar,unpredictable,,5,4.935583
u128,zmij_x64_native,unpredictable,,5,2.743188
u128,zmij_x64_v1,unpredictable,,5,3.931975
u128,zmij_x64_v2,unpredictable,,5,2.477579
u128,zmij_x64_v3,unpredictable,,5,2.471159
u128,zmij_x64_v4,unpredictable,,5,2.222628
u128,fmt,unpredictable,,6,4.920595
u128,naive,unpredictable,,6,20.791357
u128,null,unpredictable,,6,1.241998
u128,zmij_scalar,unpredictable,,6,5.119473
u128,zmij_x64_native,unpredictable,,6,2.583961
u128,zmij_x64_v1,unpredictable,,6,3.909600
u128,zmij_x64_v2,unpredictable,,6,2.491827
u128,zmij_x64_v3,unpredictable,,6,2.475288
u128,zmij_x64_v4,unpredictable,,6,2.299496
u128,fmt,unpredictable,,7,4.995676
u128,naive,unpredictable,,7,24.129845
u128,null,unpredictable,,7,1.273236
u128,zmij_scalar,unpredictable,,7,4.963100
u128,zmij_x64_native,unpredictable,,7,2.601924
u128,zmij_x64_v1,unpredictable,,7,3.916295
u128,zmij_x64_v2,unpredictable,,7,2.462360
u128,zmij_x64_v3,unpredictable,,7,2.433298
u128,zmij_x64_v4,unpredictable,,7,2.219870
u128,fmt,unpredictable,,8,4.709934
u128,naive,unpredictable,,8,26.455585
u128,null,unpredictable,,8,0.675776
u128,zmij_scalar,unpredictable,,8,4.944355
u128,zmij_x64_native,unpredictable,,8,2.554685
u128,zmij_x64_v1,unpredictable,,8,3.661258
u128,zmij_x64_v2,unpredictable,,8,2.453131
u128,zmij_x64_v3,unpredictable,,8,2.368422
u128,zmij_x64_v4,unpredictable,,8,2.135902
u128,fmt,unpredictable,,9,5.030287
u128,naive,unpredictable,,9,29.849932
u128,null,unpredictable,,9,0.588981
u128,zmij_scalar,unpredictable,,9,5.001453
u128,zmij_x64_native,unpredictable,,9,2.594337
u128,zmij_x64_v1,unpredictable,,9,3.650634
u128,zmij_x64_v2,unpredictable,,9,2.386705
u128,zmij_x64_v3,unpredictable,,9,2.369474
u128,zmij_x64_v4,unpredictable,,9,2.240528
u128,fmt,unpredictable,,10,5.136879
u128,naive,unpredictable,,10,33.160805
u128,null,unpredictable,,10,0.851373
u128,zmij_scalar,unpredictable,,10,5.002562
u128,zmij_x64_native,unpredictable,,10,2.610999
u128,zmij_x64_v1,unpredictable,,10,3.703778
u128,zmij_x64_v2,unpredictable,,10,2.438282
u128,zmij_x64_v3,unpredictable,,10,2.380785
u128,zmij_x64_v4,unpredictable,,10,2.228010
u128,fmt,unpredictable,,11,5.543222
u128,naive,unpredictable,,11,36.572271
u128,null,unpredictable,,11,1.359782
u128,zmij_scalar,unpredictable,,11,5.005964
u128,zmij_x64_native,unpredictable,,11,2.538022
u128,zmij_x64_v1,unpredictable,,11,3.647042
u128,zmij_x64_v2,unpredictable,,11,2.459036
u128,zmij_x64_v3,unpredictable,,11,2.374004
u128,zmij_x64_v4,unpredictable,,11,2.112877
u128,fmt,unpredictable,,12,5.561199
u128,naive,unpredictable,,12,39.762205
u128,null,unpredictable,,12,0.823611
u128,zmij_scalar,unpredictable,,12,5.009745
u128,zmij_x64_native,unpredictable,,12,2.643628
u128,zmij_x64_v1,unpredictable,,12,3.651868
u128,zmij_x64_v2,unpredictable,,12,2.473927
u128,zmij_x64_v3,unpredictable,,12,2.376068
u128,zmij_x64_v4,unpredictable,,12,2.193924
u128,fmt,unpredictable,,13,5.960169
u128,naive,unpredictable,,13,43.415283
u128,null,unpredictable,,13,0.827090
u128,zmij_scalar,unpredictable,,13,5.071203
u128,zmij_x64_native,unpredictable,,13,2.560559
u128,zmij_x64_v1,unpredictable,,13,3.670880
u128,zmij_x64_v2,unpredictable,,13,2.474613
u128,zmij_x64_v3,unpredictable,,13,2.382013
u128,zmij_x64_v4,unpredictable,,13,2.201433
u128,fmt,unpredictable,,14,6.409451
u128,naive,unpredictable,,14,46.595459
u128,null,unpredictable,,14,0.995217
u128,zmij_scalar,unpredictable,,14,5.002678
u128,zmij_x64_native,unpredictable,,14,2.613511
u128,zmij_x64_v1,unpredictable,,14,3.934365
u128,zmij_x64_v2,unpredictable,,14,2.459517
u128,zmij_x64_v3,unpredictable,,14,2.435558
u128,zmij_x64_v4,unpredictable,,14,2.201931
u128,fmt,unpredictable,,15,7.455910
u128,naive,unpredictable,,15,50.725166
u128,null,unpredictable,,15,0.624837
u128,zmij_scalar,unpredictable,,15,5.348885
u128,zmij_x64_native,unpredictable,,15,2.776898
u128,zmij_x64_v1,unpredictable,,15,4.142259
u128,zmij_x64_v2,unpredictable,,15,2.740965
u128,zmij_x64_v3,unpredictable,,15,2.556980
u128,zmij_x64_v4,unpredictable,,15,2.397385
u128,fmt,unpredictable,,16,6.815968
u128,naive,unpredictable,,16,51.957964
u128,null,unpredictable,,16,0.849467
u128,zmij_scalar,unpredictable,,16,5.352533
u128,zmij_x64_native,unpredictable,,16,2.707129
u128,zmij_x64_v1,unpredictable,,16,4.117291
u128,zmij_x64_v2,unpredictable,,16,2.728428
u128,zmij_x64_v3,unpredictable,,16,2.538424
u128,zmij_x64_v4,unpredictable,,16,2.340803
u128,fmt,unpredictable,,17,7.157974
u128,naive,unpredictable,,17,55.355162
u128,null,unpredictable,,17,0.658372
u128,zmij_scalar,unpredictable,,17,4.990561
u128,zmij_x64_native,unpredictable,,17,2.624976
u128,zmij_x64_v1,unpredictable,,17,3.696219
u128,zmij_x64_v2,unpredictable,,17,2.450422
u128,zmij_x64_v3,unpredictable,,17,2.475000
u128,zmij_x64_v4,unpredictable,,17,2.240532
u128,fmt,unpredictable,,18,7.406223
u128,naive,unpredictable,,18,58.725231
u128,null,unpredictable,,18,0.857207
u128,zmij_scalar,unpredictable,,18,5.000671
u128,zmij_x64_native,unpredictable,,18,2.652837
u128,zmij_x64_v1,unpredictable,,18,3.906350
u128,zmij_x64_v2,unpredictable,,18,2.482241
u128,zmij_x64_v3,unpredictable,,18,2.430532
u128,zmij_x64_v4,unpredictable,,18,2.235163
u128,fmt,unpredictable,,19,7.997778
u128,naive,unpredictable,,19,61.884024
u128,null,unpredictable,,19,0.995370
u128,zmij_scalar,unpredictable,,19,5.038048
u128,zmij_x64_native,unpredictable,,19,2.612384
u128,zmij_x64_v1,unpredictable,,19,3.707847
u128,zmij_x64_v2,unpredictable,,19,2.500965
u128,zmij_x64_v3,unpredictable,,19,2.538729
u128,zmij_x64_v4,unpredictable,,19,2.267725
u128,fmt,unpredictable,,20,14.276871
u128,naive,unpredictable,,20,65.487114
u128,null,unpredictable,,20,0.655849
u128,zmij_scalar,unpredictable,,20,8.781570
u128,zmij_x64_native,unpredictable,,20,5.239831
u128,zmij_x64_v1,unpredictable,,20,5.658122
u128,zmij_x64_v2,unpredictable,,20,4.430592
u128,zmij_x64_v3,unpredictable,,20,4.327538
u128,zmij_x64_v4,unpredictable,,20,5.317837
u128,fmt,unpredictable,,21,13.787533
u128,naive,unpredictable,,21,68.763657
u128,null,unpredictable,,21,1.029786
u128,zmij_scalar,unpredictable,,21,8.696455
u128,zmij_x64_native,unpredictable,,21,4.963279
u128,zmij_x64_v1,unpredictable,,21,5.346541
u128,zmij_x64_v2,unpredictable,,21,4.062370
u128,zmij_x64_v3,unpredictable,,21,3.855377
u128,zmij_x64_v4,unpredictable,,21,5.086327
u128,fmt,unpredictable,,22,13.969992
u128,naive,unpredictable,,22,72.466671
u128,null,unpredictable,,22,0.689099
u128,zmij_scalar,unpredictable,,22,8.773771
u128,zmij_x64_native,unpredictable,,22,5.076427
u128,zmij_x64_v1,unpredictable,,22,5.321145
u128,zmij_x64_v2,unpredictable,,22,4.079664
u128,zmij_x64_v3,unpredictable,,22,3.833612
u128,zmij_x64_v4,unpredictable,,22,5.062038
u128,fmt,unpredictable,,23,14.076929
u128,naive,unpredictable,,23,75.676979
u128,null,unpredictable,,23,0.785317
u128,zmij_scalar,unpredictable,,23,8.803755
u128,zmij_x64_native,unpredictable,,23,5.064578
u128,zmij_x64_v1,unpredictable,,23,5.332572
u128,zmij_x64_v2,unpredictable,,23,4.347750
u128,zmij_x64_v3,unpredictable,,23,3.882093
u128,zmij_x64_v4,unpredictable,,23,5.049692
u128,fmt,unpredictable,,24,15.517866
u128,naive,unpredictable,,24,78.729824
u128,null,unpredictable,,24,0.860991
u128,zmij_scalar,unpredictable,,24,8.887705
u128,zmij_x64_native,unpredictable,,24,5.301747
u128,zmij_x64_v1,unpredictable,,24,5.615928
u128,zmij_x64_v2,unpredictable,,24,4.257994
u128,zmij_x64_v3,unpredictable,,24,4.066635
u128,zmij_x64_v4,unpredictable,,24,5.177269
u128,fmt,unpredictable,,25,15.597073
u128,naive,unpredictable,,25,82.339737
u128,null,unpredictable,,25,0.889617
u128,zmij_scalar,unpredictable,,25,9.059080
u128,zmij_x64_native,unpredictable,,25,5.310863
u128,zmij_x64_v1,unpredictable,,25,5.529284
u128,zmij_x64_v2,unpredictable,,25,4.254555
u128,zmij_x64_v3,unpredictable,,25,4.013491
u128,zmij_x64_v4,unpredictable,,25,5.254395
u128,fmt,unpredictable,,26,16.044029
u128,naive,unpredictable,,26,84.794281
u128,null,unpredictable,,26,0.957074
u128,zmij_scalar,unpredictable,,26,8.696991
u128,zmij_x64_native,unpredictable,,26,5.065839
u128,zmij_x64_v1,unpredictable,,26,5.323016
u128,zmij_x64_v2,unpredictable,,26,4.093615
u128,zmij_x64_v3,unpredictable,,26,3.838295
u128,zmij_x64_v4,unpredictable,,26,5.022501
u128,fmt,unpredictable,,27,16.706863
u128,naive,unpredictable,,27,89.277250
u128,null,unpredictable,,27,0.793056
u128,zmij_scalar,unpredictable,,27,9.147442
u128,zmij_x64_native,unpredictable,,27,5.290454
u128,zmij_x64_v1,unpredictable,,27,5.700336
u128,zmij_x64_v2,unpredictable,,27,4.302233
u128,zmij_x64_v3,unpredictable,,27,4.170170
u128,zmij_x64_v4,unpredictable,,27,5.213406
u128,fmt,unpredictable,,28,17.225071
u128,naive,unpredictable,,28,92.434999
u128,null,unpredictable,,28,0.854054
u128,zmij_scalar,unpredictable,,28,9.054914
u128,zmij_x64_native,unpredictable,,28,5.292516
u128,zmij_x64_v1,unpredictable,,28,5.632726
u128,zmij_x64_v2,unpredictable,,28,4.262560
u128,zmij_x64_v3,unpredictable,,28,4.073668
u128,zmij_x64_v4,unpredictable,,28,5.267351
u128,fmt,unpredictable,,29,16.435562
u128,naive,unpredictable,,29,95.671560
u128,null,unpredictable,,29,1.043696
u128,zmij_scalar,unpredictable,,29,8.829842
u128,zmij_x64_native,unpredictable,,29,5.091655
u128,zmij_x64_v1,unpredictable,,29,5.362784
u128,zmij_x64_v2,unpredictable,,29,4.124573
u128,zmij_x64_v3,unpredictable,,29,3.896826
u128,zmij_x64_v4,unpredictable,,29,5.051720
u128,fmt,unpredictable,,30,16.808962
u128,naive,unpredictable,,30,98.764166
u128,null,unpredictable,,30,0.859252
u128,zmij_scalar,unpredictable,,30,8.777422
u128,zmij_x64_native,unpredictable,,30,5.021945
u128,zmij_x64_v1,unpredictable,,30,5.317187
u128,zmij_x64_v2,unpredictable,,30,4.107811
u128,zmij_x64_v3,unpredictable,,30,3.856525
u128,zmij_x64_v4,unpredictable,,30,5.089363
u128,fmt,unpredictable,,31,16.873610
u128,naive,unpredictable,,31,102.015785
u128,null,unpredictable,,31,0.753594
u128,zmij_scalar,unpredictable,,31,8.745090
u128,zmij_x64_native,unpredictable,,31,5.007287
u128,zmij_x64_v1,unpredictable,,31,5.296359
u128,zmij_x64_v2,unpredictable,,31,4.104237
u128,zmij_x64_v3,unpredictable,,31,3.854862
u128,zmij_x64_v4,unpredictable,,31,5.084759
u128,fmt,unpredictable,,32,17.354485
u128,naive,unpredictable,,32,102.703041
u128,null,unpredictable,,32,0.983502
u128,zmij_scalar,unpredictable,,32,8.748911
u128,zmij_x64_native,unpredictable,,32,5.028329
u128,zmij_x64_v1,unpredictable,,32,5.290549
u128,zmij_x64_v2,unpredictable,,32,4.043814
u128,zmij_x64_v3,unpredictable,,32,3.896751
u128,zmij_x64_v4,unpredictable,,32,5.031767
u128,fmt,unpredictable,,33,17.688843
u128,naive,unpredictable,,33,107.220139
u128,null,unpredictable,,33,0.809222
u128,zmij_scalar,unpredictable,,33,11.387327
u128,zmij_x64_native,unpredictable,,33,6.982471
u128,zmij_x64_v1,unpredictable,,33,6.870318
u128,zmij_x64_v2,unpredictable,,33,5.583105
u128,zmij_x64_v3,unpredictable,,33,5.484507
u128,zmij_x64_v4,unpredictable,,33,6.870031
u128,fmt,unpredictable,,34,18.163298
u128,naive,unpredictable,,34,110.435894
u128,null,unpredictable,,34,0.674024
u128,zmij_scalar,unpredictable,,34,11.367321
u128,zmij_x64_native,unpredictable,,34,6.890897
u128,zmij_x64_v1,unpredictable,,34,6.952565
u128,zmij_x64_v2,unpredictable,,34,5.559811
u128,zmij_x64_v3,unpredictable,,34,5.471016
u128,zmij_x64_v4,unpredictable,,34,6.769037
u128,fmt,unpredictable,,35,18.363525
u128,naive,unpredictable,,35,113.979551
u128,null,unpredictable,,35,1.312436
u128,zmij_scalar,unpredictable,,35,11.306286
u128,zmij_x64_native,unpredictable,,35,6.847480
u128,zmij_x64_v1,unpredictable,,35,6.946622
u128,zmij_x64_v2,unpredictable,,35,5.522148
u128,zmij_x64_v3,unpredictable,,35,5.540478
u128,zmij_x64_v4,unpredictable,,35,6.735558
u128,fmt,unpredictable,,36,19.004019
u128,naive,unpredictable,,36,117.584724
u128,null,unpredictable,,36,0.752276
u128,zmij_scalar,unpredictable,,36,11.484272
u128,zmij_x64_native,unpredictable,,36,7.153960
u128,zmij_x64_v1,unpredictable,,36,7.300969
u128,zmij_x64_v2,unpredictable,,36,5.795893
u128,zmij_x64_v3,unpredictable,,36,5.681946
u128,zmij_x64_v4,unpredictable,,36,7.024475
u128,fmt,unpredictable,,37,18.452881
u128,naive,unpredictable,,37,120.771837
u128,null,unpredictable,,37,1.297301
u128,zmij_scalar,unpredictable,,37,11.346493
u128,zmij_x64_native,unpredictable,,37,6.880462
u128,zmij_x64_v1,unpredictable,,37,6.879527
u128,zmij_x64_v2,unpredictable,,37,5.537207
u128,zmij_x64_v3,unpredictable,,37,5.515522
u128,zmij_x64_v4,unpredictable,,37,6.763247
u128,fmt,unpredictable,,38,19.115026
u128,naive,unpredictable,,38,124.636610
u128,null,unpredictable,,38,0.906549
u128,zmij_scalar,unpredictable,,38,11.348022
u128,zmij_x64_native,unpredictable,,38,6.967355
u128,zmij_x64_v1,unpredictable,,38,6.852410
u128,zmij_x64_v2,unpredictable,,38,5.577185
u128,zmij_x64_v3,unpredictable,,38,5.501207
u128,zmij_x64_v4,unpredictable,,38,6.773567
u128,fmt,unpredictable,,39,26.881685
u128,naive,unpredictable,,39,127.783991
u128,null,unpredictable,,39,0.765004
u128,zmij_scalar,unpredictable,,39,11.353642
u128,zmij_x64_native,unpredictable,,39,6.912795
u128,zmij_x64_v1,unpredictable,,39,6.912683
u128,zmij_x64_v2,unpredictable,,39,5.588459
u128,zmij_x64_v3,unpredictable,,39,5.459091
u128,zmij_x64_v4,unpredictable,,39,6.795675
u128,fmt,admixture,5x6,0,3.009908
u128,naive,admixture,5x6,0,17.899422
u128,null,admixture,5x6,0,1.063828
u128,zmij_scalar,admixture,5x6,0,4.951514
u128,zmij_x64_native,admixture,5x6,0,2.335025
u128,zmij_x64_v1,admixture,5x6,0,3.663043
u128,zmij_x64_v2,admixture,5x6,0,2.491761
u128,zmij_x64_v3,admixture,5x6,0,2.401049
u128,zmij_x64_v4,admixture,5x6,0,2.280916
u128,fmt,admixture,5x6,10,3.802763
u128,naive,admixture,5x6,10,18.383629
u128,null,admixture,5x6,10,1.274856
u128,zmij_scalar,admixture,5x6,10,5.007753
u128,zmij_x64_native,admixture,5x6,10,2.355797
u128,zmij_x64_v1,admixture,5x6,10,3.663474
u128,zmij_x64_v2,admixture,5x6,10,2.472288
u128,zmij_x64_v3,admixture,5x6,10,2.424562
u128,zmij_x64_v4,admixture,5x6,10,2.297475
u128,fmt,admixture,5x6,20,4.587736
u128,naive,admixture,5x6,20,18.870952
u128,null,admixture,5x6,20,0.905802
u128,zmij_scalar,admixture,5x6,20,4.945304
u128,zmij_x64_native,admixture,5x6,20,2.331280
u128,zmij_x64_v1,admixture,5x6,20,3.663521
u128,zmij_x64_v2,admixture,5x6,20,2.459208
u128,zmij_x64_v3,admixture,5x6,20,2.389143
u128,zmij_x64_v4,admixture,5x6,20,2.284270
u128,fmt,admixture,5x6,30,5.424782
u128,naive,admixture,5x6,30,19.445509
u128,null,admixture,5x6,30,0.981601
u128,zmij_scalar,admixture,5x6,30,4.946336
u128,zmij_x64_native,admixture,5x6,30,2.338149
u128,zmij_x64_v1,admixture,5x6,30,3.660025
u128,zmij_x64_v2,admixture,5x6,30,2.472900
u128,zmij_x64_v3,admixture,5x6,30,2.399749
u128,zmij_x64_v4,admixture,5x6,30,2.288082
u128,fmt,admixture,5x6,40,6.318736
u128,naive,admixture,5x6,40,20.096542
u128,null,admixture,5x6,40,0.928418
u128,zmij_scalar,admixture,5x6,40,4.986753
u128,zmij_x64_native,admixture,5x6,40,2.401068
u128,zmij_x64_v1,admixture,5x6,40,3.712003
u128,zmij_x64_v2,admixture,5x6,40,2.505569
u128,zmij_x64_v3,admixture,5x6,40,2.461291
u128,zmij_x64_v4,admixture,5x6,40,2.307736
u128,fmt,admixture,5x6,50,6.641286
u128,naive,admixture,5x6,50,19.698577
u128,null,admixture,5x6,50,0.903089
u128,zmij_scalar,admixture,5x6,50,4.965034
u128,zmij_x64_native,admixture,5x6,50,2.348526
u128,zmij_x64_v1,admixture,5x6,50,3.643552
u128,zmij_x64_v2,admixture,5x6,50,2.467082
u128,zmij_x64_v3,admixture,5x6,50,2.423091
u128,zmij_x64_v4,admixture,5x6,50,2.286296
u128,fmt,admixture,5x6,60,6.230669
u128,naive,admixture,5x6,60,18.752291
u128,null,admixture,5x6,60,0.925035
u128,zmij_scalar,admixture,5x6,60,4.940298
u128,zmij_x64_native,admixture,5x6,60,2.358892
u128,zmij_x64_v1,admixture,5x6,60,3.667735
u128,zmij_x64_v2,admixture,5x6,60,2.470627
u128,zmij_x64_v3,admixture,5x6,60,2.371687
u128,zmij_x64_v4,admixture,5x6,60,2.277467
u128,fmt,admixture,5x6,70,5.452232
u128,naive,admixture,5x6,70,17.668578
u128,null,admixture,5x6,70,1.259932
u128,zmij_scalar,admixture,5x6,70,4.964251
u128,zmij_x64_native,admixture,5x6,70,2.389668
u128,zmij_x64_v1,admixture,5x6,70,3.713177
u128,zmij_x64_v2,admixture,5x6,70,2.531213
u128,zmij_x64_v3,admixture,5x6,70,2.461378
u128,zmij_x64_v4,admixture,5x6,70,2.355472
u128,fmt,admixture,5x6,80,4.634640
u128,naive,admixture,5x6,80,16.735296
u128,null,admixture,5x6,80,0.964899
u128,zmij_scalar,admixture,5x6,80,5.004324
u128,zmij_x64_native,admixture,5x6,80,2.398947
u128,zmij_x64_v1,admixture,5x6,80,3.700058
u128,zmij_x64_v2,admixture,5x6,80,2.544695
u128,zmij_x64_v3,admixture,5x6,80,2.471945
u128,zmij_x64_v4,admixture,5x6,80,2.316546
u128,fmt,admixture,5x6,90,3.891068
u128,naive,admixture,5x6,90,15.742861
u128,null,admixture,5x6,90,1.068119
u128,zmij_scalar,admixture,5x6,90,4.990432
u128,zmij_x64_native,admixture,5x6,90,2.403284
u128,zmij_x64_v1,admixture,5x6,90,3.731350
u128,zmij_x64_v2,admixture,5x6,90,2.493969
u128,zmij_x64_v3,admixture,5x6,90,2.452769
u128,zmij_x64_v4,admixture,5x6,90,2.338474
u128,fmt,admixture,5x6,100,3.114628
u128,naive,admixture,5x6,100,14.775458
u128,null,admixture,5x6,100,0.944518
u128,zmij_scalar,admixture,5x6,100,4.987679
u128,zmij_x64_native,admixture,5x6,100,2.385303
u128,zmij_x64_v1,admixture,5x6,100,3.731408
u128,zmij_x64_v2,admixture,5x6,100,2.500829
u128,zmij_x64_v3,admixture,5x6,100,2.455377
u128,zmij_x64_v4,admixture,5x6,100,2.329005
u128,fmt,admixture,straddle64,0,15.268935
u128,naive,admixture,straddle64,0,72.857025
u128,null,admixture,straddle64,0,0.929451
u128,zmij_scalar,admixture,straddle64,0,8.688406
u128,zmij_x64_native,admixture,straddle64,0,5.319841
u128,zmij_x64_v1,admixture,straddle64,0,5.477506
u128,zmij_x64_v2,admixture,straddle64,0,4.013856
u128,zmij_x64_v3,admixture,straddle64,0,3.876822
u128,zmij_x64_v4,admixture,straddle64,0,4.978756
u128,fmt,admixture,straddle64,10,15.434929
u128,naive,admixture,straddle64,10,72.661439
u128,null,admixture,straddle64,10,0.907723
u128,zmij_scalar,admixture,straddle64,10,8.729095
u128,zmij_x64_native,admixture,straddle64,10,5.377581
u128,zmij_x64_v1,admixture,straddle64,10,5.689191
u128,zmij_x64_v2,admixture,straddle64,10,4.367718
u128,zmij_x64_v3,admixture,straddle64,10,4.178695
u128,zmij_x64_v4,admixture,straddle64,10,5.145619
u128,fmt,admixture,straddle64,20,15.831816
u128,naive,admixture,straddle64,20,72.271415
u128,null,admixture,straddle64,20,0.918433
u128,zmij_scalar,admixture,straddle64,20,8.713775
u128,zmij_x64_native,admixture,straddle64,20,5.451841
u128,zmij_x64_v1,admixture,straddle64,20,5.894992
u128,zmij_x64_v2,admixture,straddle64,20,4.705938
u128,zmij_x64_v3,admixture,straddle64,20,4.516257
u128,zmij_x64_v4,admixture,straddle64,20,5.209341
u128,fmt,admixture,straddle64,30,16.155102
u128,naive,admixture,straddle64,30,71.973162
u128,null,admixture,straddle64,30,0.989483
u128,zmij_scalar,admixture,straddle64,30,8.695163
u128,zmij_x64_native,admixture,straddle64,30,5.569164
u128,zmij_x64_v1,admixture,straddle64,30,6.127641
u128,zmij_x64_v2,admixture,straddle64,30,5.041348
u128,zmij_x64_v3,admixture,straddle64,30,4.843259
u128,zmij_x64_v4,admixture,straddle64,30,5.439564
u128,fmt,admixture,straddle64,40,16.520849
u128,naive,admixture,straddle64,40,71.780405
u128,null,admixture,straddle64,40,1.029593
u128,zmij_scalar,admixture,straddle64,40,8.733144
u128,zmij_x64_native,admixture,straddle64,40,5.725089
u128,zmij_x64_v1,admixture,straddle64,40,6.346923
u128,zmij_x64_v2,admixture,straddle64,40,5.385321
u128,zmij_x64_v3,admixture,straddle64,40,5.247034
u128,zmij_x64_v4,admixture,straddle64,40,5.717225
u128,fmt,admixture,straddle64,50,16.698626
u128,naive,admixture,straddle64,50,71.300496
u128,null,admixture,straddle64,50,0.906920
u128,zmij_scalar,admixture,straddle64,50,8.724362
u128,zmij_x64_native,admixture,straddle64,50,5.818850
u128,zmij_x64_v1,admixture,straddle64,50,6.556096
u128,zmij_x64_v2,admixture,straddle64,50,5.550486
u128,zmij_x64_v3,admixture,straddle64,50,5.533000
u128,zmij_x64_v4,admixture,straddle64,50,5.637394
u128,fmt,admixture,straddle64,60,16.365058
u128,naive,admixture,straddle64,60,70.881081
u128,null,admixture,straddle64,60,1.044652
u128,zmij_scalar,admixture,straddle64,60,8.042103
u128,zmij_x64_native,admixture,straddle64,60,5.352567
u128,zmij_x64_v1,admixture,straddle64,60,6.204126
u128,zmij_x64_v2,admixture,straddle64,60,5.033132
u128,zmij_x64_v3,admixture,straddle64,60,5.017816
u128,zmij_x64_v4,admixture,straddle64,60,5.043136
u128,fmt,admixture,straddle64,70,15.604881
u128,naive,admixture,straddle64,70,69.817040
u128,null,admixture,straddle64,70,0.939684
u128,zmij_scalar,admixture,straddle64,70,7.113760
u128,zmij_x64_native,admixture,straddle64,70,4.661804
u128,zmij_x64_v1,admixture,straddle64,70,5.524487
u128,zmij_x64_v2,admixture,straddle64,70,4.328639
u128,zmij_x64_v3,admixture,straddle64,70,4.321778
u128,zmij_x64_v4,admixture,straddle64,70,4.192388
u128,fmt,admixture,straddle64,80,14.666534
u128,naive,admixture,straddle64,80,68.596036
u128,null,admixture,straddle64,80,0.976851
u128,zmij_scalar,admixture,straddle64,80,6.313013
u128,zmij_x64_native,admixture,straddle64,80,3.841967
u128,zmij_x64_v1,admixture,straddle64,80,4.841013
u128,zmij_x64_v2,admixture,straddle64,80,3.680308
u128,zmij_x64_v3,admixture,straddle64,80,3.597727
u128,zmij_x64_v4,admixture,straddle64,80,3.484218
u128,fmt,admixture,straddle64,90,13.897738
u128,naive,admixture,straddle64,90,67.540043
u128,null,admixture,straddle64,90,1.186732
u128,zmij_scalar,admixture,straddle64,90,5.705816
u128,zmij_x64_native,admixture,straddle64,90,3.191113
u128,zmij_x64_v1,admixture,straddle64,90,4.301245
u128,zmij_x64_v2,admixture,straddle64,90,3.165545
u128,zmij_x64_v3,admixture,straddle64,90,3.074326
u128,zmij_x64_v4,admixture,straddle64,90,3.016826
u128,fmt,admixture,straddle64,100,12.873877
u128,naive,admixture,straddle64,100,65.968999
u128,null,admixture,straddle64,100,1.098886
u128,zmij_scalar,admixture,straddle64,100,4.922143
u128,zmij_x64_native,admixture,straddle64,100,2.347742
u128,zmij_x64_v1,admixture,straddle64,100,3.655409
u128,zmij_x64_v2,admixture,straddle64,100,2.463699
u128,zmij_x64_v3,admixture,straddle64,100,2.433144
u128,zmij_x64_v4,admixture,straddle64,100,2.291828
u128,fmt,admixture,straddle1e32,0,18.699911
u128,naive,admixture,straddle1e32,0,111.106577
u128,null,admixture,straddle1e32,0,0.940515
u128,zmij_scalar,admixture,straddle1e32,0,10.737152
u128,zmij_x64_native,admixture,straddle1e32,0,6.104824
u128,zmij_x64_v1,admixture,straddle1e32,0,6.144753
u128,zmij_x64_v2,admixture,straddle1e32,0,4.792581
u128,zmij_x64_v3,admixture,straddle1e32,0,4.529662
u128,zmij_x64_v4,admixture,straddle1e32,0,5.858712
u128,fmt,admixture,straddle1e32,10,19.546800
u128,naive,admixture,straddle1e32,10,110.892557
u128,null,admixture,straddle1e32,10,0.993458
u128,zmij_scalar,admixture,straddle1e32,10,10.712242
u128,zmij_x64_native,admixture,straddle1e32,10,6.716674
u128,zmij_x64_v1,admixture,straddle1e32,10,6.558953
u128,zmij_x64_v2,admixture,straddle1e32,10,5.211433
u128,zmij_x64_v3,admixture,straddle1e32,10,5.020929
u128,zmij_x64_v4,admixture,straddle1e32,10,6.389833
u128,fmt,admixture,straddle1e32,20,20.161669
u128,naive,admixture,straddle1e32,20,110.770208
u128,null,admixture,straddle1e32,20,1.252785
u128,zmij_scalar,admixture,straddle1e32,20,10.734180
u128,zmij_x64_native,admixture,straddle1e32,20,7.321797
u128,zmij_x64_v1,admixture,straddle1e32,20,6.981513
u128,zmij_x64_v2,admixture,straddle1e32,20,5.611320
u128,zmij_x64_v3,admixture,straddle1e32,20,5.488015
u128,zmij_x64_v4,admixture,straddle1e32,20,6.896839
u128,fmt,admixture,straddle1e32,30,20.763571
u128,naive,admixture,straddle1e32,30,110.829000
u128,null,admixture,straddle1e32,30,1.266763
u128,zmij_scalar,admixture,straddle1e32,30,10.757895
u128,zmij_x64_native,admixture,straddle1e32,30,7.949746
u128,zmij_x64_v1,admixture,straddle1e32,30,7.470249
u128,zmij_x64_v2,admixture,straddle1e32,30,6.016977
u128,zmij_x64_v3,admixture,straddle1e32,30,6.042852
u128,zmij_x64_v4,admixture,straddle1e32,30,7.362615
u128,fmt,admixture,straddle1e32,40,21.374914
u128,naive,admixture,straddle1e32,40,110.717610
u128,null,admixture,straddle1e32,40,1.046162
u128,zmij_scalar,admixture,straddle1e32,40,10.772743
u128,zmij_x64_native,admixture,straddle1e32,40,8.628959
u128,zmij_x64_v1,admixture,straddle1e32,40,8.001370
u128,zmij_x64_v2,admixture,straddle1e32,40,6.413663
u128,zmij_x64_v3,admixture,straddle1e32,40,6.545997
u128,zmij_x64_v4,admixture,straddle1e32,40,7.751743
u128,fmt,admixture,straddle1e32,50,21.550770
u128,naive,admixture,straddle1e32,50,109.991802
u128,null,admixture,straddle1e32,50,0.985355
u128,zmij_scalar,admixture,straddle1e32,50,10.731524
u128,zmij_x64_native,admixture,straddle1e32,50,9.111618
u128,zmij_x64_v1,admixture,straddle1e32,50,8.229253
u128,zmij_x64_v2,admixture,straddle1e32,50,6.664629
u128,zmij_x64_v3,admixture,straddle1e32,50,6.845262
u128,zmij_x64_v4,admixture,straddle1e32,50,8.128746
u128,fmt,admixture,straddle1e32,60,20.866027
u128,naive,admixture,straddle1e32,60,108.591818
u128,null,admixture,straddle1e32,60,0.953376
u128,zmij_scalar,admixture,straddle1e32,60,10.441336
u128,zmij_x64_native,admixture,straddle1e32,60,8.589076
u128,zmij_x64_v1,admixture,straddle1e32,60,7.858002
u128,zmij_x64_v2,admixture,straddle1e32,60,6.436433
u128,zmij_x64_v3,admixture,straddle1e32,60,6.407959
u128,zmij_x64_v4,admixture,straddle1e32,60,7.664297
u128,fmt,admixture,straddle1e32,70,19.989223
u128,naive,admixture,straddle1e32,70,107.009499
u128,null,admixture,straddle1e32,70,1.214651
u128,zmij_scalar,admixture,straddle1e32,70,10.170888
u128,zmij_x64_native,admixture,straddle1e32,70,7.891959
u128,zmij_x64_v1,admixture,straddle1e32,70,7.239416
u128,zmij_x64_v2,admixture,straddle1e32,70,5.892681
u128,zmij_x64_v3,admixture,straddle1e32,70,5.822652
u128,zmij_x64_v4,admixture,straddle1e32,70,7.093143
u128,fmt,admixture,straddle1e32,80,19.095457
u128,naive,admixture,straddle1e32,80,105.587597
u128,null,admixture,straddle1e32,80,1.250328
u128,zmij_scalar,admixture,straddle1e32,80,9.641768
u128,zmij_x64_native,admixture,straddle1e32,80,6.945493
u128,zmij_x64_v1,admixture,straddle1e32,80,6.541898
u128,zmij_x64_v2,admixture,straddle1e32,80,5.189318
u128,zmij_x64_v3,admixture,straddle1e32,80,5.090459
u128,zmij_x64_v4,admixture,straddle1e32,80,6.317849
u128,fmt,admixture,straddle1e32,90,18.351183
u128,naive,admixture,straddle1e32,90,104.838902
u128,null,admixture,straddle1e32,90,1.248934
u128,zmij_scalar,admixture,straddle1e32,90,9.224454
u128,zmij_x64_native,admixture,straddle1e32,90,6.135914
u128,zmij_x64_v1,admixture,straddle1e32,90,6.004772
u128,zmij_x64_v2,admixture,straddle1e32,90,4.648249
u128,zmij_x64_v3,admixture,straddle1e32,90,4.491618
u128,zmij_x64_v4,admixture,straddle1e32,90,5.686423
u128,fmt,admixture,straddle1e32,100,17.478389
u128,naive,admixture,straddle1e32,100,103.231809
u128,null,admixture,straddle1e32,100,1.086143
u128,zmij_scalar,admixture,straddle1e32,100,8.793229
u128,zmij_x64_native,admixture,straddle1e32,100,5.268573
u128,zmij_x64_v1,admixture,straddle1e32,100,5.487338
u128,zmij_x64_v2,admixture,straddle1e32,100,4.035230
u128,zmij_x64_v3,admixture,straddle1e32,100,3.854527
u128,zmij_x64_v4,admixture,straddle1e32,100,4.958430
i128,fmt,bylength,,1,5.055846
i128,naive,bylength,,1,6.576968
i128,null,bylength,,1,0.772598
i128,zmij_scalar,bylength,,1,5.311898
i128,zmij_x64_native,bylength,,1,2.830539
i128,zmij_x64_v1,bylength,,1,4.224370
i128,zmij_x64_v2,bylength,,1,2.771832
i128,zmij_x64_v3,bylength,,1,2.691468
i128,zmij_x64_v4,bylength,,1,2.873807
i128,fmt,bylength,,2,5.093640
i128,naive,bylength,,2,8.308343
i128,null,bylength,,2,0.948506
i128,zmij_scalar,bylength,,2,5.315404
i128,zmij_x64_native,bylength,,2,2.819925
i128,zmij_x64_v1,bylength,,2,4.227867
i128,zmij_x64_v2,bylength,,2,2.753107
i128,zmij_x64_v3,bylength,,2,2.692263
i128,zmij_x64_v4,bylength,,2,2.871007
i128,fmt,bylength,,3,5.531991
i128,naive,bylength,,3,10.533336
i128,null,bylength,,3,0.902315
i128,zmij_scalar,bylength,,3,5.348230
i128,zmij_x64_native,bylength,,3,2.882509
i128,zmij_x64_v1,bylength,,3,4.291808
i128,zmij_x64_v2,bylength,,3,2.822104
i128,zmij_x64_v3,bylength,,3,2.724247
i128,zmij_x64_v4,bylength,,3,2.942763
i128,fmt,bylength,,4,5.383245
i128,naive,bylength,,4,13.212843
i128,null,bylength,,4,0.757637
i128,zmij_scalar,bylength,,4,5.330833
i128,zmij_x64_native,bylength,,4,2.819132
i128,zmij_x64_v1,bylength,,4,4.222298
i128,zmij_x64_v2,bylength,,4,2.797072
i128,zmij_x64_v3,bylength,,4,2.687581
i128,zmij_x64_v4,bylength,,4,2.869689
i128,fmt,bylength,,5,5.842832
i128,naive,bylength,,5,16.563922
i128,null,bylength,,5,0.798631
i128,zmij_scalar,bylength,,5,5.309462
i128,zmij_x64_native,bylength,,5,2.831388
i128,zmij_x64_v1,bylength,,5,4.208512
i128,zmij_x64_v2,bylength,,5,2.779150
i128,zmij_x64_v3,bylength,,5,2.677130
i128,zmij_x64_v4,bylength,,5,2.881975
i128,fmt,bylength,,6,5.721035
i128,naive,bylength,,6,20.047001
i128,null,bylength,,6,0.790568
i128,zmij_scalar,bylength,,6,5.297587
i128,zmij_x64_native,bylength,,6,2.814613
i128,zmij_x64_v1,bylength,,6,4.225278
i128,zmij_x64_v2,bylength,,6,2.796978
i128,zmij_x64_v3,bylength,,6,2.659025
i128,zmij_x64_v4,bylength,,6,2.869307
i128,fmt,bylength,,7,6.052941
i128,naive,bylength,,7,23.492686
i128,null,bylength,,7,0.776402
i128,zmij_scalar,bylength,,7,5.289448
i128,zmij_x64_native,bylength,,7,2.816017
i128,zmij_x64_v1,bylength,,7,4.232338
i128,zmij_x64_v2,bylength,,7,2.795497
i128,zmij_x64_v3,bylength,,7,2.688545
i128,zmij_x64_v4,bylength,,7,2.858015
i128,fmt,bylength,,8,6.226892
i128,naive,bylength,,8,25.986811
i128,null,bylength,,8,0.782724
i128,zmij_scalar,bylength,,8,5.292640
i128,zmij_x64_native,bylength,,8,2.831829
i128,zmij_x64_v1,bylength,,8,4.212734
i128,zmij_x64_v2,bylength,,8,2.785981
i128,zmij_x64_v3,bylength,,8,2.689367
i128,zmij_x64_v4,bylength,,8,2.882366
i128,fmt,bylength,,9,6.708086
i128,naive,bylength,,9,29.719664
i128,null,bylength,,9,0.799979
i128,zmij_scalar,bylength,,9,5.506951
i128,zmij_x64_native,bylength,,9,2.821845
i128,zmij_x64_v1,bylength,,9,4.223692
i128,zmij_x64_v2,bylength,,9,2.796825
i128,zmij_x64_v3,bylength,,9,2.696160
i128,zmij_x64_v4,bylength,,9,2.870978
i128,fmt,bylength,,10,6.655193
i128,naive,bylength,,10,33.145881
i128,null,bylength,,10,0.810496
i128,zmij_scalar,bylength,,10,5.532813
i128,zmij_x64_native,bylength,,10,2.878373
i128,zmij_x64_v1,bylength,,10,4.235481
i128,zmij_x64_v2,bylength,,10,2.784979
i128,zmij_x64_v3,bylength,,10,2.696551
i128,zmij_x64_v4,bylength,,10,2.892999
i128,fmt,bylength,,11,7.295120
i128,naive,bylength,,11,37.160591
i128,null,bylength,,11,0.831075
i128,zmij_scalar,bylength,,11,5.582864
i128,zmij_x64_native,bylength,,11,2.859199
i128,zmij_x64_v1,bylength,,11,4.262384
i128,zmij_x64_v2,bylength,,11,2.803780
i128,zmij_x64_v3,bylength,,11,2.687428
i128,zmij_x64_v4,bylength,,11,2.897490
i128,fmt,bylength,,12,7.258321
i128,naive,bylength,,12,40.147386
i128,null,bylength,,12,0.885291
i128,zmij_scalar,bylength,,12,5.492917
i128,zmij_x64_native,bylength,,12,2.814613
i128,zmij_x64_v1,bylength,,12,4.222870
i128,zmij_x64_v2,bylength,,12,2.773887
i128,zmij_x64_v3,bylength,,12,2.680856
i128,zmij_x64_v4,bylength,,12,2.872994
i128,fmt,bylength,,13,7.907738
i128,naive,bylength,,13,44.314149
i128,null,bylength,,13,0.946614
i128,zmij_scalar,bylength,,13,5.634509
i128,zmij_x64_native,bylength,,13,2.868408
i128,zmij_x64_v1,bylength,,13,4.326755
i128,zmij_x64_v2,bylength,,13,2.860193
i128,zmij_x64_v3,bylength,,13,2.743813
i128,zmij_x64_v4,bylength,,13,2.946394
i128,fmt,bylength,,14,7.835965
i128,naive,bylength,,14,47.086843
i128,null,bylength,,14,0.897101
i128,zmij_scalar,bylength,,14,5.442738
i128,zmij_x64_native,bylength,,14,2.806314
i128,zmij_x64_v1,bylength,,14,4.202651
i128,zmij_x64_v2,bylength,,14,2.774972
i128,zmij_x64_v3,bylength,,14,2.673870
i128,zmij_x64_v4,bylength,,14,2.850824
i128,fmt,bylength,,15,8.396649
i128,naive,bylength,,15,50.570991
i128,null,bylength,,15,0.904298
i128,zmij_scalar,bylength,,15,5.513077
i128,zmij_x64_native,bylength,,15,2.841355
i128,zmij_x64_v1,bylength,,15,4.264823
i128,zmij_x64_v2,bylength,,15,2.771026
i128,zmij_x64_v3,bylength,,15,2.687311
i128,zmij_x64_v4,bylength,,15,2.869771
i128,fmt,bylength,,16,8.473942
i128,naive,bylength,,16,52.225497
i128,null,bylength,,16,1.042799
i128,zmij_scalar,bylength,,16,5.495029
i128,zmij_x64_native,bylength,,16,2.834176
i128,zmij_x64_v1,bylength,,16,4.224979
i128,zmij_x64_v2,bylength,,16,2.796961
i128,zmij_x64_v3,bylength,,16,2.682800
i128,zmij_x64_v4,bylength,,16,2.885696
i128,fmt,bylength,,17,9.048107
i128,naive,bylength,,17,56.094977
i128,null,bylength,,17,0.822715
i128,zmij_scalar,bylength,,17,5.498833
i128,zmij_x64_native,bylength,,17,2.824440
i128,zmij_x64_v1,bylength,,17,4.214326
i128,zmij_x64_v2,bylength,,17,2.786031
i128,zmij_x64_v3,bylength,,17,2.684769
i128,zmij_x64_v4,bylength,,17,2.875587
i128,fmt,bylength,,18,9.074862
i128,naive,bylength,,18,59.630923
i128,null,bylength,,18,0.876087
i128,zmij_scalar,bylength,,18,5.495049
i128,zmij_x64_native,bylength,,18,2.819319
i128,zmij_x64_v1,bylength,,18,4.218636
i128,zmij_x64_v2,bylength,,18,2.785304
i128,zmij_x64_v3,bylength,,18,2.709066
i128,zmij_x64_v4,bylength,,18,2.876734
i128,fmt,bylength,,19,9.677347
i128,naive,bylength,,19,63.432263
i128,null,bylength,,19,0.803432
i128,zmij_scalar,bylength,,19,6.015316
i128,zmij_x64_native,bylength,,19,3.560291
i128,zmij_x64_v1,bylength,,19,4.683715
i128,zmij_x64_v2,bylength,,19,3.376296
i128,zmij_x64_v3,bylength,,19,3.230441
i128,zmij_x64_v4,bylength,,19,3.634523
i128,fmt,bylength,,20,14.770856
i128,naive,bylength,,20,66.753343
i128,null,bylength,,20,0.856252
i128,zmij_scalar,bylength,,20,9.546838
i128,zmij_x64_native,bylength,,20,5.837778
i128,zmij_x64_v1,bylength,,20,6.086546
i128,zmij_x64_v2,bylength,,20,5.120836
i128,zmij_x64_v3,bylength,,20,5.226693
i128,zmij_x64_v4,bylength,,20,5.922969
i128,fmt,bylength,,21,14.785533
i128,naive,bylength,,21,70.272033
i128,null,bylength,,21,1.059529
i128,zmij_scalar,bylength,,21,9.485841
i128,zmij_x64_native,bylength,,21,5.831138
i128,zmij_x64_v1,bylength,,21,6.077833
i128,zmij_x64_v2,bylength,,21,5.102453
i128,zmij_x64_v3,bylength,,21,5.218409
i128,zmij_x64_v4,bylength,,21,5.934512
i128,fmt,bylength,,22,15.660893
i128,naive,bylength,,22,73.805294
i128,null,bylength,,22,0.851569
i128,zmij_scalar,bylength,,22,9.412049
i128,zmij_x64_native,bylength,,22,5.844735
i128,zmij_x64_v1,bylength,,22,6.092279
i128,zmij_x64_v2,bylength,,22,5.112839
i128,zmij_x64_v3,bylength,,22,5.227820
i128,zmij_x64_v4,bylength,,22,5.924287
i128,fmt,bylength,,23,15.756909
i128,naive,bylength,,23,77.196630
i128,null,bylength,,23,0.919427
i128,zmij_scalar,bylength,,23,9.365270
i128,zmij_x64_native,bylength,,23,5.866500
i128,zmij_x64_v1,bylength,,23,6.063405
i128,zmij_x64_v2,bylength,,23,5.112676
i128,zmij_x64_v3,bylength,,23,5.243004
i128,zmij_x64_v4,bylength,,23,5.919453
i128,fmt,bylength,,24,16.419543
i128,naive,bylength,,24,79.518489
i128,null,bylength,,24,0.837850
i128,zmij_scalar,bylength,,24,9.469473
i128,zmij_x64_native,bylength,,24,5.862373
i128,zmij_x64_v1,bylength,,24,6.056268
i128,zmij_x64_v2,bylength,,24,5.110353
i128,zmij_x64_v3,bylength,,24,5.228863
i128,zmij_x64_v4,bylength,,24,5.939394
i128,fmt,bylength,,25,16.694071
i128,naive,bylength,,25,83.182942
i128,null,bylength,,25,0.834094
i128,zmij_scalar,bylength,,25,9.560779
i128,zmij_x64_native,bylength,,25,5.849432
i128,zmij_x64_v1,bylength,,25,6.078273
i128,zmij_x64_v2,bylength,,25,5.121037
i128,zmij_x64_v3,bylength,,25,5.230053
i128,zmij_x64_v4,bylength,,25,5.923343
i128,fmt,bylength,,26,17.404926
i128,naive,bylength,,26,86.769227
i128,null,bylength,,26,1.014200
i128,zmij_scalar,bylength,,26,9.448542
i128,zmij_x64_native,bylength,,26,5.867664
i128,zmij_x64_v1,bylength,,26,6.087954
i128,zmij_x64_v2,bylength,,26,5.122215
i128,zmij_x64_v3,bylength,,26,5.224482
i128,zmij_x64_v4,bylength,,26,5.933650
i128,fmt,bylength,,27,17.435177
i128,naive,bylength,,27,90.189974
i128,null,bylength,,27,1.018815
i128,zmij_scalar,bylength,,27,9.579176
i128,zmij_x64_native,bylength,,27,5.869048
i128,zmij_x64_v1,bylength,,27,6.071643
i128,zmij_x64_v2,bylength,,27,5.179994
i128,zmij_x64_v3,bylength,,27,5.231237
i128,zmij_x64_v4,bylength,,27,5.947018
i128,fmt,bylength,,28,18.270720
i128,naive,bylength,,28,93.734076
i128,null,bylength,,28,0.795402
i128,zmij_scalar,bylength,,28,9.559389
i128,zmij_x64_native,bylength,,28,5.847531
i128,zmij_x64_v1,bylength,,28,6.065901
i128,zmij_x64_v2,bylength,,28,5.112622
i128,zmij_x64_v3,bylength,,28,5.220153
i128,zmij_x64_v4,bylength,,28,5.932991
i128,fmt,bylength,,29,18.211612
i128,naive,bylength,,29,97.364515
i128,null,bylength,,29,0.806571
i128,zmij_scalar,bylength,,29,9.547607
i128,zmij_x64_native,bylength,,29,5.853293
i128,zmij_x64_v1,bylength,,29,6.064973
i128,zmij_x64_v2,bylength,,29,5.123697
i128,zmij_x64_v3,bylength,,29,5.229001
i128,zmij_x64_v4,bylength,,29,5.952598
i128,fmt,bylength,,30,18.871954
i128,naive,bylength,,30,101.272518
i128,null,bylength,,30,0.776120
i128,zmij_scalar,bylength,,30,9.798253
i128,zmij_x64_native,bylength,,30,5.953514
i128,zmij_x64_v1,bylength,,30,6.196154
i128,zmij_x64_v2,bylength,,30,5.196849
i128,zmij_x64_v3,bylength,,30,5.278783
i128,zmij_x64_v4,bylength,,30,6.068661
i128,fmt,bylength,,31,18.951356
i128,naive,bylength,,31,104.182162
i128,null,bylength,,31,0.994966
i128,zmij_scalar,bylength,,31,9.523118
i128,zmij_x64_native,bylength,,31,5.851001
i128,zmij_x64_v1,bylength,,31,6.092502
i128,zmij_x64_v2,bylength,,31,5.115547
i128,zmij_x64_v3,bylength,,31,5.233377
i128,zmij_x64_v4,bylength,,31,5.915916
i128,fmt,bylength,,32,19.388505
i128,naive,bylength,,32,104.779002
i128,null,bylength,,32,0.824018
i128,zmij_scalar,bylength,,32,9.595268
i128,zmij_x64_native,bylength,,32,5.868476
i128,zmij_x64_v1,bylength,,32,6.060874
i128,zmij_x64_v2,bylength,,32,5.160723
i128,zmij_x64_v3,bylength,,32,5.243486
i128,zmij_x64_v4,bylength,,32,5.950372
i128,fmt,bylength,,33,19.687717
i128,naive,bylength,,33,109.096031
i128,null,bylength,,33,0.870255
i128,zmij_scalar,bylength,,33,11.500992
i128,zmij_x64_native,bylength,,33,6.404404
i128,zmij_x64_v1,bylength,,33,6.690306
i128,zmij_x64_v2,bylength,,33,5.876969
i128,zmij_x64_v3,bylength,,33,5.890548
i128,zmij_x64_v4,bylength,,33,6.508839
i128,fmt,bylength,,34,20.245765
i128,naive,bylength,,34,112.532213
i128,null,bylength,,34,0.882835
i128,zmij_scalar,bylength,,34,11.460478
i128,zmij_x64_native,bylength,,34,6.433879
i128,zmij_x64_v1,bylength,,34,6.726465
i128,zmij_x64_v2,bylength,,34,5.870356
i128,zmij_x64_v3,bylength,,34,5.896001
i128,zmij_x64_v4,bylength,,34,6.497333
i128,fmt,bylength,,35,20.294590
i128,naive,bylength,,35,116.025620
i128,null,bylength,,35,0.766744
i128,zmij_scalar,bylength,,35,11.418619
i128,zmij_x64_native,bylength,,35,6.418755
i128,zmij_x64_v1,bylength,,35,6.697057
i128,zmij_x64_v2,bylength,,35,5.878621
i128,zmij_x64_v3,bylength,,35,5.880752
i128,zmij_x64_v4,bylength,,35,6.540041
i128,fmt,bylength,,36,20.830118
i128,naive,bylength,,36,119.642840
i128,null,bylength,,36,0.840460
i128,zmij_scalar,bylength,,36,11.449567
i128,zmij_x64_native,bylength,,36,6.409638
i128,zmij_x64_v1,bylength,,36,6.726046
i128,zmij_x64_v2,bylength,,36,5.857847
i128,zmij_x64_v3,bylength,,36,5.898111
i128,zmij_x64_v4,bylength,,36,6.523991
i128,fmt,bylength,,37,20.886492
i128,naive,bylength,,37,122.980266
i128,null,bylength,,37,0.849899
i128,zmij_scalar,bylength,,37,11.425479
i128,zmij_x64_native,bylength,,37,6.409275
i128,zmij_x64_v1,bylength,,37,6.665630
i128,zmij_x64_v2,bylength,,37,5.869610
i128,zmij_x64_v3,bylength,,37,5.885681
i128,zmij_x64_v4,bylength,,37,6.515754
i128,fmt,bylength,,38,21.309340
i128,naive,bylength,,38,126.739422
i128,null,bylength,,38,0.808948
i128,zmij_scalar,bylength,,38,11.431718
i128,zmij_x64_native,bylength,,38,6.419164
i128,zmij_x64_v1,bylength,,38,6.672920
i128,zmij_x64_v2,bylength,,38,5.875583
i128,zmij_x64_v3,bylength,,38,5.881812
i128,zmij_x64_v4,bylength,,38,6.525146
i128,fmt,bylength,,39,21.533676
i128,naive,bylength,,39,130.455982
i128,null,bylength,,39,0.902680
i128,zmij_scalar,bylength,,39,11.456198
i128,zmij_x64_native,bylength,,39,6.606029
i128,zmij_x64_v1,bylength,,39,6.673723
i128,zmij_x64_v2,bylength,,39,5.870500
i128,zmij_x64_v3,bylength,,39,5.907161
i128,zmij_x64_v4,bylength,,39,6.545985
i128,fmt,loguniform,1-39,39,23.404855
i128,naive,loguniform,1-39,39,74.610610
i128,null,loguniform,1-39,39,0.830724
i128,zmij_scalar,loguniform,1-39,39,10.061223
i128,zmij_x64_native,loguniform,1-39,39,8.187056
i128,zmij_x64_v1,loguniform,1-39,39,8.151920
i128,zmij_x64_v2,loguniform,1-39,39,7.511908
i128,zmij_x64_v3,loguniform,1-39,39,7.400615
i128,zmij_x64_v4,loguniform,1-39,39,8.124434
i128,fmt,loguniform,1-4,4,10.024142
i128,naive,loguniform,1-4,4,13.679638
i128,null,loguniform,1-4,4,0.777523
i128,zmij_scalar,loguniform,1-4,4,5.307361
i128,zmij_x64_native,loguniform,1-4,4,2.823379
i128,zmij_x64_v1,loguniform,1-4,4,4.219895
i128,zmij_x64_v2,loguniform,1-4,4,2.774698
i128,zmij_x64_v3,loguniform,1-4,4,2.683634
i128,zmij_x64_v4,loguniform,1-4,4,2.862639
i128,fmt,uniform,0-255,0,4.979246
i128,naive,uniform,0-255,0,9.392192
i128,null,uniform,0-255,0,0.796222
i128,toy256,uniform,0-255,0,0.814051
i128,zmij_scalar,uniform,0-255,0,5.327749
i128,zmij_x64_native,uniform,0-255,0,2.837472
i128,zmij_x64_v1,uniform,0-255,0,4.221978
i128,zmij_x64_v2,uniform,0-255,0,2.778195
i128,zmij_x64_v3,uniform,0-255,0,2.694230
i128,zmij_x64_v4,uniform,0-255,0,2.867206
i128,fmt,unpredictable,,1,8.118979
i128,naive,unpredictable,,1,9.658307
i128,null,unpredictable,,1,0.559221
i128,zmij_scalar,unpredictable,,1,5.251646
i128,zmij_x64_native,unpredictable,,1,3.090755
i128,zmij_x64_v1,unpredictable,,1,4.513020
i128,zmij_x64_v2,unpredictable,,1,2.895613
i128,zmij_x64_v3,unpredictable,,1,2.577369
i128,zmij_x64_v4,unpredictable,,1,3.138921
i128,fmt,unpredictable,,2,8.458797
i128,naive,unpredictable,,2,11.811412
i128,null,unpredictable,,2,0.836456
i128,zmij_scalar,unpredictable,,2,5.557449
i128,zmij_x64_native,unpredictable,,2,3.326064
i128,zmij_x64_v1,unpredictable,,2,4.832506
i128,zmij_x64_v2,unpredictable,,2,3.121214
i128,zmij_x64_v3,unpredictable,,2,2.748416
i128,zmij_x64_v4,unpredictable,,2,3.420608
i128,fmt,unpredictable,,3,8.158287
i128,naive,unpredictable,,3,14.409284
i128,null,unpredictable,,3,0.519434
i128,zmij_scalar,unpredictable,,3,5.544743
i128,zmij_x64_native,unpredictable,,3,3.232467
i128,zmij_x64_v1,unpredictable,,3,4.790125
i128,zmij_x64_v2,unpredictable,,3,3.096489
i128,zmij_x64_v3,unpredictable,,3,2.736318
i128,zmij_x64_v4,unpredictable,,3,3.347133
i128,fmt,unpredictable,,4,7.742815
i128,naive,unpredictable,,4,16.600169
i128,null,unpredictable,,4,0.616491
i128,zmij_scalar,unpredictable,,4,5.232134
i128,zmij_x64_native,unpredictable,,4,3.078010
i128,zmij_x64_v1,unpredictable,,4,4.613552
i128,zmij_x64_v2,unpredictable,,4,2.859535
i128,zmij_x64_v3,unpredictable,,4,2.696801
i128,zmij_x64_v4,unpredictable,,4,3.406178
i128,fmt,unpredictable,,5,7.697832
i128,naive,unpredictable,,5,19.818114
i128,null,unpredictable,,5,0.530403
i128,zmij_scalar,unpredictable,,5,5.267813
i128,zmij_x64_native,unpredictable,,5,3.060866
i128,zmij_x64_v1,unpredictable,,5,4.599930
i128,zmij_x64_v2,unpredictable,,5,2.857222
i128,zmij_x64_v3,unpredictable,,5,2.567891
i128,zmij_x64_v4,unpredictable,,5,3.119525
i128,fmt,unpredictable,,6,7.050089
i128,naive,unpredictable,,6,23.041984
i128,null,unpredictable,,6,0.709763
i128,zmij_scalar,unpredictable,,6,5.350956
i128,zmij_x64_native,unpredictable,,6,3.090489
i128,zmij_x64_v1,unpredictable,,6,4.293856
i128,zmij_x64_v2,unpredictable,,6,2.897924
i128,zmij_x64_v3,unpredictable,,6,2.518893
i128,zmij_x64_v4,unpredictable,,6,3.186942
i128,fmt,unpredictable,,7,7.193447
i128,naive,unpredictable,,7,26.284677
i128,null,unpredictable,,7,0.592012
i128,zmij_scalar,unpredictable,,7,5.316463
i128,zmij_x64_native,unpredictable,,7,3.156510
i128,zmij_x64_v1,unpredictable,,7,4.330261
i128,zmij_x64_v2,unpredictable,,7,2.885006
i128,zmij_x64_v3,unpredictable,,7,2.518760
i128,zmij_x64_v4,unpredictable,,7,3.157187
i128,fmt,unpredictable,,8,7.401295
i128,naive,unpredictable,,8,29.250607
i128,null,unpredictable,,8,0.590847
i128,zmij_scalar,unpredictable,,8,5.420782
i128,zmij_x64_native,unpredictable,,8,3.140763
i128,zmij_x64_v1,unpredictable,,8,4.695456
i128,zmij_x64_v2,unpredictable,,8,2.927925
i128,zmij_x64_v3,unpredictable,,8,2.640887
i128,zmij_x64_v4,unpredictable,,8,3.242627
i128,fmt,unpredictable,,9,7.691643
i128,naive,unpredictable,,9,32.227090
i128,null,unpredictable,,9,0.514465
i128,zmij_scalar,unpredictable,,9,5.371061
i128,zmij_x64_native,unpredictable,,9,3.099698
i128,zmij_x64_v1,unpredictable,,9,4.338686
i128,zmij_x64_v2,unpredictable,,9,2.854223
i128,zmij_x64_v3,unpredictable,,9,2.556214
i128,zmij_x64_v4,unpredictable,,9,3.181094
i128,fmt,unpredictable,,10,7.588175
i128,naive,unpredictable,,10,35.440782
i128,null,unpredictable,,10,0.862459
i128,zmij_scalar,unpredictable,,10,5.409000
i128,zmij_x64_native,unpredictable,,10,3.078551
i128,zmij_x64_v1,unpredictable,,10,4.299772
i128,zmij_x64_v2,unpredictable,,10,2.867149
i128,zmij_x64_v3,unpredictable,,10,2.694110
i128,zmij_x64_v4,unpredictable,,10,3.193830
i128,fmt,unpredictable,,11,7.942644
i128,naive,unpredictable,,11,38.983487
i128,null,unpredictable,,11,0.805113
i128,zmij_scalar,unpredictable,,11,5.489702
i128,zmij_x64_native,unpredictable,,11,3.132630
i128,zmij_x64_v1,unpredictable,,11,4.318060
i128,zmij_x64_v2,unpredictable,,11,2.888954
i128,zmij_x64_v3,unpredictable,,11,2.560914
i128,zmij_x64_v4,unpredictable,,11,3.190598
i128,fmt,unpredictable,,12,7.916998
i128,naive,unpredictable,,12,42.197293
i128,null,unpredictable,,12,0.584621
i128,zmij_scalar,unpredictable,,12,5.371105
i128,zmij_x64_native,unpredictable,,12,3.088489
i128,zmij_x64_v1,unpredictable,,12,4.462286
i128,zmij_x64_v2,unpredictable,,12,2.825012
i128,zmij_x64_v3,unpredictable,,12,2.574327
i128,zmij_x64_v4,unpredictable,,12,3.217948
i128,fmt,unpredictable,,13,8.363405
i128,naive,unpredictable,,13,45.533669
i128,null,unpredictable,,13,0.600731
i128,zmij_scalar,unpredictable,,13,5.414774
i128,zmij_x64_native,unpredictable,,13,3.124108
i128,zmij_x64_v1,unpredictable,,13,4.307648
i128,zmij_x64_v2,unpredictable,,13,2.852417
i128,zmij_x64_v3,unpredictable,,13,2.557719
i128,zmij_x64_v4,unpredictable,,13,3.198529
i128,fmt,unpredictable,,14,8.351730
i128,naive,unpredictable,,14,49.067374
i128,null,unpredictable,,14,0.501131
i128,zmij_scalar,unpredictable,,14,5.374014
i128,zmij_x64_native,unpredictable,,14,3.082124
i128,zmij_x64_v1,unpredictable,,14,4.331190
i128,zmij_x64_v2,unpredictable,,14,2.873436
i128,zmij_x64_v3,unpredictable,,14,2.558639
i128,zmij_x64_v4,unpredictable,,14,3.189855
i128,fmt,unpredictable,,15,8.786118
i128,naive,unpredictable,,15,52.340934
i128,null,unpredictable,,15,0.676674
i128,zmij_scalar,unpredictable,,15,5.388859
i128,zmij_x64_native,unpredictable,,15,3.107636
i128,zmij_x64_v1,unpredictable,,15,4.383188
i128,zmij_x64_v2,unpredictable,,15,2.883659
i128,zmij_x64_v3,unpredictable,,15,2.563302
i128,zmij_x64_v4,unpredictable,,15,3.190007
i128,fmt,unpredictable,,16,8.765919
i128,naive,unpredictable,,16,53.737201
i128,null,unpredictable,,16,0.505690
i128,zmij_scalar,unpredictable,,16,5.439140
i128,zmij_x64_native,unpredictable,,16,3.089709
i128,zmij_x64_v1,unpredictable,,16,4.327675
i128,zmij_x64_v2,unpredictable,,16,2.884415
i128,zmij_x64_v3,unpredictable,,16,2.580157
i128,zmij_x64_v4,unpredictable,,16,3.160359
i128,fmt,unpredictable,,17,10.158171
i128,naive,unpredictable,,17,57.795791
i128,null,unpredictable,,17,0.689425
i128,zmij_scalar,unpredictable,,17,5.430317
i128,zmij_x64_native,unpredictable,,17,3.213088
i128,zmij_x64_v1,unpredictable,,17,4.749393
i128,zmij_x64_v2,unpredictable,,17,3.018332
i128,zmij_x64_v3,unpredictable,,17,2.688853
i128,zmij_x64_v4,unpredictable,,17,3.221240
i128,fmt,unpredictable,,18,10.404831
i128,naive,unpredictable,,18,61.154271
i128,null,unpredictable,,18,0.617517
i128,zmij_scalar,unpredictable,,18,5.437143
i128,zmij_x64_native,unpredictable,,18,3.129220
i128,zmij_x64_v1,unpredictable,,18,4.571373
i128,zmij_x64_v2,unpredictable,,18,2.906467
i128,zmij_x64_v3,unpredictable,,18,2.563210
i128,zmij_x64_v4,unpredictable,,18,3.172835
i128,fmt,unpredictable,,19,10.797159
i128,naive,unpredictable,,19,64.668281
i128,null,unpredictable,,19,0.779581
i128,zmij_scalar,unpredictable,,19,6.271254
i128,zmij_x64_native,unpredictable,,19,3.777801
i128,zmij_x64_v1,unpredictable,,19,5.227579
i128,zmij_x64_v2,unpredictable,,19,3.563438
i128,zmij_x64_v3,unpredictable,,19,3.256755
i128,zmij_x64_v4,unpredictable,,19,3.852929
i128,fmt,unpredictable,,20,17.607679
i128,naive,unpredictable,,20,67.830207
i128,null,unpredictable,,20,0.537430
i128,zmij_scalar,unpredictable,,20,9.824629
i128,zmij_x64_native,unpredictable,,20,5.387036
i128,zmij_x64_v1,unpredictable,,20,6.055386
i128,zmij_x64_v2,unpredictable,,20,5.257479
i128,zmij_x64_v3,unpredictable,,20,5.338157
i128,zmij_x64_v4,unpredictable,,20,5.623883
i128,fmt,unpredictable,,21,16.766333
i128,naive,unpredictable,,21,71.295184
i128,null,unpredictable,,21,0.720093
i128,zmij_scalar,unpredictable,,21,9.562014
i128,zmij_x64_native,unpredictable,,21,5.322783
i128,zmij_x64_v1,unpredictable,,21,5.870974
i128,zmij_x64_v2,unpredictable,,21,5.246731
i128,zmij_x64_v3,unpredictable,,21,5.236503
i128,zmij_x64_v4,unpredictable,,21,5.575562
i128,fmt,unpredictable,,22,17.168631
i128,naive,unpredictable,,22,74.546149
i128,null,unpredictable,,22,0.700983
i128,zmij_scalar,unpredictable,,22,9.449453
i128,zmij_x64_native,unpredictable,,22,5.391906
i128,zmij_x64_v1,unpredictable,,22,5.938606
i128,zmij_x64_v2,unpredictable,,22,5.236963
i128,zmij_x64_v3,unpredictable,,22,5.258615
i128,zmij_x64_v4,unpredictable,,22,5.661122
i128,fmt,unpredictable,,23,17.120680
i128,naive,unpredictable,,23,78.111318
i128,null,unpredictable,,23,0.501698
i128,zmij_scalar,unpredictable,,23,9.454863
i128,zmij_x64_native,unpredictable,,23,5.373904
i128,zmij_x64_v1,unpredictable,,23,5.941664
i128,zmij_x64_v2,unpredictable,,23,5.214317
i128,zmij_x64_v3,unpredictable,,23,5.303754
i128,zmij_x64_v4,unpredictable,,23,5.604342
i128,fmt,unpredictable,,24,17.748224
i128,naive,unpredictable,,24,80.398828
i128,null,unpredictable,,24,0.649651
i128,zmij_scalar,unpredictable,,24,9.582903
i128,zmij_x64_native,unpredictable,,24,5.404023
i128,zmij_x64_v1,unpredictable,,24,5.899134
i128,zmij_x64_v2,unpredictable,,24,5.231560
i128,zmij_x64_v3,unpredictable,,24,5.255620
i128,zmij_x64_v4,unpredictable,,24,5.524785
i128,fmt,unpredictable,,25,17.805748
i128,naive,unpredictable,,25,84.952422
i128,null,unpredictable,,25,0.552536
i128,zmij_scalar,unpredictable,,25,9.796467
i128,zmij_x64_native,unpredictable,,25,5.532857
i128,zmij_x64_v1,unpredictable,,25,5.969036
i128,zmij_x64_v2,unpredictable,,25,5.259174
i128,zmij_x64_v3,unpredictable,,25,5.272893
i128,zmij_x64_v4,unpredictable,,25,5.674638
i128,fmt,unpredictable,,26,18.443348
i128,naive,unpredictable,,26,87.680837
i128,null,unpredictable,,26,0.568140
i128,zmij_scalar,unpredictable,,26,9.701056
i128,zmij_x64_native,unpredictable,,26,5.353765
i128,zmij_x64_v1,unpredictable,,26,5.912359
i128,zmij_x64_v2,unpredictable,,26,5.219864
i128,zmij_x64_v3,unpredictable,,26,5.291085
i128,zmij_x64_v4,unpredictable,,26,5.554404
i128,fmt,unpredictable,,27,18.530466
i128,naive,unpredictable,,27,91.172687
i128,null,unpredictable,,27,0.430620
i128,zmij_scalar,unpredictable,,27,9.749495
i128,zmij_x64_native,unpredictable,,27,5.588599
i128,zmij_x64_v1,unpredictable,,27,6.252062
i128,zmij_x64_v2,unpredictable,,27,5.432341
i128,zmij_x64_v3,unpredictable,,27,5.437310
i128,zmij_x64_v4,unpredictable,,27,5.804637
i128,fmt,unpredictable,,28,19.186064
i128,naive,unpredictable,,28,94.599088
i128,null,unpredictable,,28,0.515829
i128,zmij_scalar,unpredictable,,28,9.734571
i128,zmij_x64_native,unpredictable,,28,5.545068
i128,zmij_x64_v1,unpredictable,,28,5.896000
i128,zmij_x64_v2,unpredictable,,28,5.258829
i128,zmij_x64_v3,unpredictable,,28,5.297278
i128,zmij_x64_v4,unpredictable,,28,5.636649
i128,fmt,unpredictable,,29,19.031467
i128,naive,unpredictable,,29,98.224082
i128,null,unpredictable,,29,0.521902
i128,zmij_scalar,unpredictable,,29,9.920599
i128,zmij_x64_native,unpredictable,,29,5.395995
i128,zmij_x64_v1,unpredictable,,29,5.899845
i128,zmij_x64_v2,unpredictable,,29,5.301891
i128,zmij_x64_v3,unpredictable,,29,5.318439
i128,zmij_x64_v4,unpredictable,,29,5.539847
i128,fmt,unpredictable,,30,19.536037
i128,naive,unpredictable,,30,101.644946
i128,null,unpredictable,,30,0.426504
i128,zmij_scalar,unpredictable,,30,9.692823
i128,zmij_x64_native,unpredictable,,30,5.343596
i128,zmij_x64_v1,unpredictable,,30,6.067940
i128,zmij_x64_v2,unpredictable,,30,5.206799
i128,zmij_x64_v3,unpredictable,,30,5.271123
i128,zmij_x64_v4,unpredictable,,30,5.624103
i128,fmt,unpredictable,,31,19.588821
i128,naive,unpredictable,,31,104.379525
i128,null,unpredictable,,31,0.840759
i128,zmij_scalar,unpredictable,,31,9.586931
i128,zmij_x64_native,unpredictable,,31,5.338403
i128,zmij_x64_v1,unpredictable,,31,5.936056
i128,zmij_x64_v2,unpredictable,,31,5.235222
i128,zmij_x64_v3,unpredictable,,31,5.266078
i128,zmij_x64_v4,unpredictable,,31,5.566600
i128,fmt,unpredictable,,32,19.977949
i128,naive,unpredictable,,32,104.919032
i128,null,unpredictable,,32,0.498774
i128,zmij_scalar,unpredictable,,32,9.636137
i128,zmij_x64_native,unpredictable,,32,5.353309
i128,zmij_x64_v1,unpredictable,,32,5.899004
i128,zmij_x64_v2,unpredictable,,32,5.223320
i128,zmij_x64_v3,unpredictable,,32,5.247893
i128,zmij_x64_v4,unpredictable,,32,5.531875
i128,fmt,unpredictable,,33,20.358227
i128,naive,unpredictable,,33,109.279475
i128,null,unpredictable,,33,0.729958
i128,zmij_scalar,unpredictable,,33,12.068010
i128,zmij_x64_native,unpredictable,,33,7.352355
i128,zmij_x64_v1,unpredictable,,33,7.388288
i128,zmij_x64_v2,unpredictable,,33,6.750118
i128,zmij_x64_v3,unpredictable,,33,6.705401
i128,zmij_x64_v4,unpredictable,,33,7.477952
i128,fmt,unpredictable,,34,20.788645
i128,naive,unpredictable,,34,112.981681
i128,null,unpredictable,,34,0.578516
i128,zmij_scalar,unpredictable,,34,12.186659
i128,zmij_x64_native,unpredictable,,34,7.354514
i128,zmij_x64_v1,unpredictable,,34,7.388231
i128,zmij_x64_v2,unpredictable,,34,6.771404
i128,zmij_x64_v3,unpredictable,,34,6.714135
i128,zmij_x64_v4,unpredictable,,34,7.535777
i128,fmt,unpredictable,,35,21.153402
i128,naive,unpredictable,,35,116.243014
i128,null,unpredictable,,35,0.719791
i128,zmij_scalar,unpredictable,,35,12.059832
i128,zmij_x64_native,unpredictable,,35,7.315856
i128,zmij_x64_v1,unpredictable,,35,7.475828
i128,zmij_x64_v2,unpredictable,,35,6.767984
i128,zmij_x64_v3,unpredictable,,35,6.786998
i128,zmij_x64_v4,unpredictable,,35,7.484258
i128,fmt,unpredictable,,36,21.329689
i128,naive,unpredictable,,36,119.899510
i128,null,unpredictable,,36,0.833588
i128,zmij_scalar,unpredictable,,36,12.165850
i128,zmij_x64_native,unpredictable,,36,7.384402
i128,zmij_x64_v1,unpredictable,,36,7.415329
i128,zmij_x64_v2,unpredictable,,36,6.757399
i128,zmij_x64_v3,unpredictable,,36,6.766496
i128,zmij_x64_v4,unpredictable,,36,7.582576
i128,fmt,unpredictable,,37,21.019531
i128,naive,unpredictable,,37,124.505979
i128,null,unpredictable,,37,1.153412
i128,zmij_scalar,unpredictable,,37,12.654663
i128,zmij_x64_native,unpredictable,,37,7.736075
i128,zmij_x64_v1,unpredictable,,37,7.742790
i128,zmij_x64_v2,unpredictable,,37,7.104542
i128,zmij_x64_v3,unpredictable,,37,6.953954
i128,zmij_x64_v4,unpredictable,,37,7.749709
i128,fmt,unpredictable,,38,21.592302
i128,naive,unpredictable,,38,127.507651
i128,null,unpredictable,,38,0.520321
i128,zmij_scalar,unpredictable,,38,12.255478
i128,zmij_x64_native,unpredictable,,38,7.555524
i128,zmij_x64_v1,unpredictable,,38,7.411919
i128,zmij_x64_v2,unpredictable,,38,6.817835
i128,zmij_x64_v3,unpredictable,,38,6.717031
i128,zmij_x64_v4,unpredictable,,38,7.556411
i128,fmt,unpredictable,,39,21.808844
i128,naive,unpredictable,,39,129.973815
i128,null,unpredictable,,39,0.646570
i128,zmij_scalar,unpredictable,,39,12.087076
i128,zmij_x64_native,unpredictable,,39,7.447951
i128,zmij_x64_v1,unpredictable,,39,7.367929
i128,zmij_x64_v2,unpredictable,,39,6.757271
i128,zmij_x64_v3,unpredictable,,39,6.749438
i128,zmij_x64_v4,unpredictable,,39,7.473357
i128,fmt,admixture,5x6,0,5.693865
i128,naive,admixture,5x6,0,20.052944
i128,null,admixture,5x6,0,0.781288
i128,zmij_scalar,admixture,5x6,0,5.306737
i128,zmij_x64_native,admixture,5x6,0,2.833876
i128,zmij_x64_v1,admixture,5x6,0,4.199109
i128,zmij_x64_v2,admixture,5x6,0,2.789552
i128,zmij_x64_v3,admixture,5x6,0,2.700015
i128,zmij_x64_v4,admixture,5x6,0,2.871387
i128,fmt,admixture,5x6,10,6.119670
i128,naive,admixture,5x6,10,20.356535
i128,null,admixture,5x6,10,0.892075
i128,zmij_scalar,admixture,5x6,10,5.353785
i128,zmij_x64_native,admixture,5x6,10,2.831754
i128,zmij_x64_v1,admixture,5x6,10,4.228451
i128,zmij_x64_v2,admixture,5x6,10,2.789247
i128,zmij_x64_v3,admixture,5x6,10,2.680542
i128,zmij_x64_v4,admixture,5x6,10,2.876328
i128,fmt,admixture,5x6,20,6.731725
i128,naive,admixture,5x6,20,20.860850
i128,null,admixture,5x6,20,0.839791
i128,zmij_scalar,admixture,5x6,20,5.309717
i128,zmij_x64_native,admixture,5x6,20,2.832003
i128,zmij_x64_v1,admixture,5x6,20,4.232473
i128,zmij_x64_v2,admixture,5x6,20,2.782721
i128,zmij_x64_v3,admixture,5x6,20,2.668159
i128,zmij_x64_v4,admixture,5x6,20,2.878507
i128,fmt,admixture,5x6,30,7.685285
i128,naive,admixture,5x6,30,21.355718
i128,null,admixture,5x6,30,0.760545
i128,zmij_scalar,admixture,5x6,30,5.294794
i128,zmij_x64_native,admixture,5x6,30,2.826157
i128,zmij_x64_v1,admixture,5x6,30,4.217368
i128,zmij_x64_v2,admixture,5x6,30,2.790918
i128,zmij_x64_v3,admixture,5x6,30,2.695639
i128,zmij_x64_v4,admixture,5x6,30,2.879337
i128,fmt,admixture,5x6,40,8.312387
i128,naive,admixture,5x6,40,21.830807
i128,null,admixture,5x6,40,0.766755
i128,zmij_scalar,admixture,5x6,40,5.304577
i128,zmij_x64_native,admixture,5x6,40,2.817680
i128,zmij_x64_v1,admixture,5x6,40,4.229493
i128,zmij_x64_v2,admixture,5x6,40,2.782042
i128,zmij_x64_v3,admixture,5x6,40,2.687182
i128,zmij_x64_v4,admixture,5x6,40,2.877885
i128,fmt,admixture,5x6,50,8.788431
i128,naive,admixture,5x6,50,21.883567
i128,null,admixture,5x6,50,0.883342
i128,zmij_scalar,admixture,5x6,50,5.331571
i128,zmij_x64_native,admixture,5x6,50,2.807123
i128,zmij_x64_v1,admixture,5x6,50,4.234013
i128,zmij_x64_v2,admixture,5x6,50,2.766248
i128,zmij_x64_v3,admixture,5x6,50,2.699776
i128,zmij_x64_v4,admixture,5x6,50,2.896679
i128,fmt,admixture,5x6,60,8.330636
i128,naive,admixture,5x6,60,20.874667
i128,null,admixture,5x6,60,0.814949
i128,zmij_scalar,admixture,5x6,60,5.300604
i128,zmij_x64_native,admixture,5x6,60,2.822716
i128,zmij_x64_v1,admixture,5x6,60,4.227152
i128,zmij_x64_v2,admixture,5x6,60,2.787936
i128,zmij_x64_v3,admixture,5x6,60,2.700310
i128,zmij_x64_v4,admixture,5x6,60,2.868006
i128,fmt,admixture,5x6,70,7.501634
i128,naive,admixture,5x6,70,19.613341
i128,null,admixture,5x6,70,0.908194
i128,zmij_scalar,admixture,5x6,70,5.317773
i128,zmij_x64_native,admixture,5x6,70,2.829920
i128,zmij_x64_v1,admixture,5x6,70,4.213202
i128,zmij_x64_v2,admixture,5x6,70,2.786198
i128,zmij_x64_v3,admixture,5x6,70,2.723280
i128,zmij_x64_v4,admixture,5x6,70,2.875688
i128,fmt,admixture,5x6,80,6.715903
i128,naive,admixture,5x6,80,18.574010
i128,null,admixture,5x6,80,0.779778
i128,zmij_scalar,admixture,5x6,80,5.329257
i128,zmij_x64_native,admixture,5x6,80,2.832023
i128,zmij_x64_v1,admixture,5x6,80,4.215572
i128,zmij_x64_v2,admixture,5x6,80,2.785348
i128,zmij_x64_v3,admixture,5x6,80,2.678679
i128,zmij_x64_v4,admixture,5x6,80,2.909779
i128,fmt,admixture,5x6,90,6.053925
i128,naive,admixture,5x6,90,17.516132
i128,null,admixture,5x6,90,0.781240
i128,zmij_scalar,admixture,5x6,90,5.314476
i128,zmij_x64_native,admixture,5x6,90,2.825563
i128,zmij_x64_v1,admixture,5x6,90,4.227190
i128,zmij_x64_v2,admixture,5x6,90,2.766974
i128,zmij_x64_v3,admixture,5x6,90,2.656120
i128,zmij_x64_v4,admixture,5x6,90,2.843966
i128,fmt,admixture,5x6,100,5.687407
i128,naive,admixture,5x6,100,16.478083
i128,null,admixture,5x6,100,0.761796
i128,zmij_scalar,admixture,5x6,100,5.300651
i128,zmij_x64_native,admixture,5x6,100,2.823433
i128,zmij_x64_v1,admixture,5x6,100,4.211110
i128,zmij_x64_v2,admixture,5x6,100,2.774961
i128,zmij_x64_v3,admixture,5x6,100,2.666907
i128,zmij_x64_v4,admixture,5x6,100,2.883455
i128,fmt,admixture,straddle64,0,17.704494
i128,naive,admixture,straddle64,0,75.314506
i128,null,admixture,straddle64,0,0.969974
i128,zmij_scalar,admixture,straddle64,0,9.451078
i128,zmij_x64_native,admixture,straddle64,0,5.839937
i128,zmij_x64_v1,admixture,straddle64,0,6.089314
i128,zmij_x64_v2,admixture,straddle64,0,5.115337
i128,zmij_x64_v3,admixture,straddle64,0,5.221710
i128,zmij_x64_v4,admixture,straddle64,0,5.930335
i128,fmt,admixture,straddle64,10,17.865751
i128,naive,admixture,straddle64,10,75.278675
i128,null,admixture,straddle64,10,0.909053
i128,zmij_scalar,admixture,straddle64,10,9.443385
i128,zmij_x64_native,admixture,straddle64,10,5.905657
i128,zmij_x64_v1,admixture,straddle64,10,6.214272
i128,zmij_x64_v2,admixture,straddle64,10,5.269615
i128,zmij_x64_v3,admixture,straddle64,10,5.369396
i128,zmij_x64_v4,admixture,straddle64,10,5.981589
i128,fmt,admixture,straddle64,20,18.118631
i128,naive,admixture,straddle64,20,74.579206
i128,null,admixture,straddle64,20,0.809187
i128,zmij_scalar,admixture,straddle64,20,9.443853
i128,zmij_x64_native,admixture,straddle64,20,5.877976
i128,zmij_x64_v1,admixture,straddle64,20,6.301383
i128,zmij_x64_v2,admixture,straddle64,20,5.407225
i128,zmij_x64_v3,admixture,straddle64,20,5.407969
i128,zmij_x64_v4,admixture,straddle64,20,5.959537
i128,fmt,admixture,straddle64,30,18.524055
i128,naive,admixture,straddle64,30,74.315529
i128,null,admixture,straddle64,30,0.759749
i128,zmij_scalar,admixture,straddle64,30,9.444685
i128,zmij_x64_native,admixture,straddle64,30,5.856400
i128,zmij_x64_v1,admixture,straddle64,30,6.343015
i128,zmij_x64_v2,admixture,straddle64,30,5.524186
i128,zmij_x64_v3,admixture,straddle64,30,5.425178
i128,zmij_x64_v4,admixture,straddle64,30,5.984571
i128,fmt,admixture,straddle64,40,19.078127
i128,naive,admixture,straddle64,40,74.173882
i128,null,admixture,straddle64,40,0.848019
i128,zmij_scalar,admixture,straddle64,40,9.624204
i128,zmij_x64_native,admixture,straddle64,40,5.920534
i128,zmij_x64_v1,admixture,straddle64,40,6.484475
i128,zmij_x64_v2,admixture,straddle64,40,5.663943
i128,zmij_x64_v3,admixture,straddle64,40,5.534201
i128,zmij_x64_v4,admixture,straddle64,40,6.152104
i128,fmt,admixture,straddle64,50,18.884345
i128,naive,admixture,straddle64,50,74.132099
i128,null,admixture,straddle64,50,0.784883
i128,zmij_scalar,admixture,straddle64,50,9.680960
i128,zmij_x64_native,admixture,straddle64,50,6.073516
i128,zmij_x64_v1,admixture,straddle64,50,6.524730
i128,zmij_x64_v2,admixture,straddle64,50,5.788231
i128,zmij_x64_v3,admixture,straddle64,50,5.757131
i128,zmij_x64_v4,admixture,straddle64,50,6.086091
i128,fmt,admixture,straddle64,60,18.487528
i128,naive,admixture,straddle64,60,73.306724
i128,null,admixture,straddle64,60,0.881557
i128,zmij_scalar,admixture,straddle64,60,9.454885
i128,zmij_x64_native,admixture,straddle64,60,6.011649
i128,zmij_x64_v1,admixture,straddle64,60,6.569310
i128,zmij_x64_v2,admixture,straddle64,60,5.832202
i128,zmij_x64_v3,admixture,straddle64,60,5.777166
i128,zmij_x64_v4,admixture,straddle64,60,6.055563
i128,fmt,admixture,straddle64,70,17.567341
i128,naive,admixture,straddle64,70,72.172779
i128,null,admixture,straddle64,70,0.829732
i128,zmij_scalar,admixture,straddle64,70,9.397194
i128,zmij_x64_native,admixture,straddle64,70,6.147154
i128,zmij_x64_v1,admixture,straddle64,70,6.642443
i128,zmij_x64_v2,admixture,straddle64,70,5.920020
i128,zmij_x64_v3,admixture,straddle64,70,5.927540
i128,zmij_x64_v4,admixture,straddle64,70,6.117755
i128,fmt,admixture,straddle64,80,16.693523
i128,naive,admixture,straddle64,80,70.742285
i128,null,admixture,straddle64,80,0.829598
i128,zmij_scalar,admixture,straddle64,80,9.391232
i128,zmij_x64_native,admixture,straddle64,80,6.174424
i128,zmij_x64_v1,admixture,straddle64,80,6.704653
i128,zmij_x64_v2,admixture,straddle64,80,6.066227
i128,zmij_x64_v3,admixture,straddle64,80,6.077461
i128,zmij_x64_v4,admixture,straddle64,80,6.190467
i128,fmt,admixture,straddle64,90,15.814737
i128,naive,admixture,straddle64,90,69.668755
i128,null,admixture,straddle64,90,0.759677
i128,zmij_scalar,admixture,straddle64,90,9.333510
i128,zmij_x64_native,admixture,straddle64,90,6.341097
i128,zmij_x64_v1,admixture,straddle64,90,6.904443
i128,zmij_x64_v2,admixture,straddle64,90,6.250853
i128,zmij_x64_v3,admixture,straddle64,90,6.204043
i128,zmij_x64_v4,admixture,straddle64,90,6.283262
i128,fmt,admixture,straddle64,100,15.182492
i128,naive,admixture,straddle64,100,68.383807
i128,null,admixture,straddle64,100,0.815151
i128,zmij_scalar,admixture,straddle64,100,9.227889
i128,zmij_x64_native,admixture,straddle64,100,6.367932
i128,zmij_x64_v1,admixture,straddle64,100,6.968885
i128,zmij_x64_v2,admixture,straddle64,100,6.271404
i128,zmij_x64_v3,admixture,straddle64,100,6.132077
i128,zmij_x64_v4,admixture,straddle64,100,6.242664
i128,fmt,admixture,straddle1e32,0,20.865980
i128,naive,admixture,straddle1e32,0,112.965961
i128,null,admixture,straddle1e32,0,0.862545
i128,zmij_scalar,admixture,straddle1e32,0,11.491729
i128,zmij_x64_native,admixture,straddle1e32,0,6.429247
i128,zmij_x64_v1,admixture,straddle1e32,0,6.746353
i128,zmij_x64_v2,admixture,straddle1e32,0,5.868377
i128,zmij_x64_v3,admixture,straddle1e32,0,5.880569
i128,zmij_x64_v4,admixture,straddle1e32,0,6.539661
i128,fmt,admixture,straddle1e32,10,21.791414
i128,naive,admixture,straddle1e32,10,112.932559
i128,null,admixture,straddle1e32,10,0.888190
i128,zmij_scalar,admixture,straddle1e32,10,11.443535
i128,zmij_x64_native,admixture,straddle1e32,10,7.089935
i128,zmij_x64_v1,admixture,straddle1e32,10,7.139144
i128,zmij_x64_v2,admixture,straddle1e32,10,6.272785
i128,zmij_x64_v3,admixture,straddle1e32,10,6.329990
i128,zmij_x64_v4,admixture,straddle1e32,10,7.128460
i128,fmt,admixture,straddle1e32,20,22.257873
i128,naive,admixture,straddle1e32,20,112.967691
i128,null,admixture,straddle1e32,20,0.770455
i128,zmij_scalar,admixture,straddle1e32,20,11.473967
i128,zmij_x64_native,admixture,straddle1e32,20,7.728147
i128,zmij_x64_v1,admixture,straddle1e32,20,7.540626
i128,zmij_x64_v2,admixture,straddle1e32,20,6.682239
i128,zmij_x64_v3,admixture,straddle1e32,20,6.781774
i128,zmij_x64_v4,admixture,straddle1e32,20,7.713700
i128,fmt,admixture,straddle1e32,30,22.968819
i128,naive,admixture,straddle1e32,30,113.061445
i128,null,admixture,straddle1e32,30,0.851929
i128,zmij_scalar,admixture,straddle1e32,30,11.503681
i128,zmij_x64_native,admixture,straddle1e32,30,8.401898
i128,zmij_x64_v1,admixture,straddle1e32,30,8.029111
i128,zmij_x64_v2,admixture,straddle1e32,30,7.065899
i128,zmij_x64_v3,admixture,straddle1e32,30,7.175119
i128,zmij_x64_v4,admixture,straddle1e32,30,8.357078
i128,fmt,admixture,straddle1e32,40,23.510736
i128,naive,admixture,straddle1e32,40,112.918537
i128,null,admixture,straddle1e32,40,0.741868
i128,zmij_scalar,admixture,straddle1e32,40,11.501073
i128,zmij_x64_native,admixture,straddle1e32,40,9.036562
i128,zmij_x64_v1,admixture,straddle1e32,40,8.526168
i128,zmij_x64_v2,admixture,straddle1e32,40,7.577994
i128,zmij_x64_v3,admixture,straddle1e32,40,7.658778
i128,zmij_x64_v4,admixture,straddle1e32,40,8.872575
i128,fmt,admixture,straddle1e32,50,23.662674
i128,naive,admixture,straddle1e32,50,112.254455
i128,null,admixture,straddle1e32,50,0.826828
i128,zmij_scalar,admixture,straddle1e32,50,11.467689
i128,zmij_x64_native,admixture,straddle1e32,50,9.303646
i128,zmij_x64_v1,admixture,straddle1e32,50,8.860211
i128,zmij_x64_v2,admixture,straddle1e32,50,8.007852
i128,zmij_x64_v3,admixture,straddle1e32,50,8.097629
i128,zmij_x64_v4,admixture,straddle1e32,50,9.195373
i128,fmt,admixture,straddle1e32,60,23.062016
i128,naive,admixture,straddle1e32,60,111.001323
i128,null,admixture,straddle1e32,60,0.838208
i128,zmij_scalar,admixture,straddle1e32,60,11.168616
i128,zmij_x64_native,admixture,straddle1e32,60,8.817396
i128,zmij_x64_v1,admixture,straddle1e32,60,8.577659
i128,zmij_x64_v2,admixture,straddle1e32,60,7.608072
i128,zmij_x64_v3,admixture,straddle1e32,60,7.757518
i128,zmij_x64_v4,admixture,straddle1e32,60,8.811704
i128,fmt,admixture,straddle1e32,70,22.357403
i128,naive,admixture,straddle1e32,70,109.108324
i128,null,admixture,straddle1e32,70,0.766968
i128,zmij_scalar,admixture,straddle1e32,70,10.768058
i128,zmij_x64_native,admixture,straddle1e32,70,8.071071
i128,zmij_x64_v1,admixture,straddle1e32,70,7.836527
i128,zmij_x64_v2,admixture,straddle1e32,70,6.997726
i128,zmij_x64_v3,admixture,straddle1e32,70,6.952084
i128,zmij_x64_v4,admixture,straddle1e32,70,8.047928
i128,fmt,admixture,straddle1e32,80,21.399693
i128,naive,admixture,straddle1e32,80,107.716748
i128,null,admixture,straddle1e32,80,0.959947
i128,zmij_scalar,admixture,straddle1e32,80,10.349394
i128,zmij_x64_native,admixture,straddle1e32,80,7.287306
i128,zmij_x64_v1,admixture,straddle1e32,80,7.230264
i128,zmij_x64_v2,admixture,straddle1e32,80,6.401877
i128,zmij_x64_v3,admixture,straddle1e32,80,6.377217
i128,zmij_x64_v4,admixture,straddle1e32,80,7.278381
i128,fmt,admixture,straddle1e32,90,20.704381
i128,naive,admixture,straddle1e32,90,106.399621
i128,null,admixture,straddle1e32,90,0.763205
i128,zmij_scalar,admixture,straddle1e32,90,9.940730
i128,zmij_x64_native,admixture,straddle1e32,90,6.558100
i128,zmij_x64_v1,admixture,straddle1e32,90,6.697123
i128,zmij_x64_v2,admixture,straddle1e32,90,5.781960
i128,zmij_x64_v3,admixture,straddle1e32,90,5.854623
i128,zmij_x64_v4,admixture,straddle1e32,90,6.633994
i128,fmt,admixture,straddle1e32,100,19.889781
i128,naive,admixture,straddle1e32,100,105.255268
i128,null,admixture,straddle1e32,100,0.877422
i128,zmij_scalar,admixture,straddle1e32,100,9.529302
i128,zmij_x64_native,admixture,straddle1e32,100,5.843520
i128,zmij_x64_v1,admixture,straddle1e32,100,6.061187
i128,zmij_x64_v2,admixture,straddle1e32,100,5.103133
i128,zmij_x64_v3,admixture,straddle1e32,100,5.228587
i128,zmij_x64_v4,admixture,straddle1e32,100,5.914082
