Type,Function,Mode,Series,X,Time_ns
u32,amartin,bylength,,1,0.779310
u32,branchlut,bylength,,1,1.094843
u32,branchlut2,bylength,,1,1.007874
u32,countlut,bylength,,1,1.089024
u32,fmt,bylength,,1,1.198360
u32,jeaiii,bylength,,1,0.779177
u32,naive,bylength,,1,2.235606
u32,null,bylength,,1,0.885580
u32,sse2,bylength,,1,0.947678
u32,tmueller,bylength,,1,0.796834
u32,unrolledlut,bylength,,1,1.003937
u32,yy,bylength,,1,0.975597
u32,zmij_scalar,bylength,,1,2.290318
u32,zmij_x64_native,bylength,,1,1.259904
u32,zmij_x64_v1,bylength,,1,1.913051
u32,zmij_x64_v2,bylength,,1,1.298410
u32,zmij_x64_v3,bylength,,1,1.206502
u32,zmij_x64_v4,bylength,,1,1.182672
u32,amartin,bylength,,2,0.788617
u32,branchlut,bylength,,2,1.280151
u32,branchlut2,bylength,,2,0.954691
u32,countlut,bylength,,2,1.191557
u32,fmt,bylength,,2,1.023304
u32,jeaiii,bylength,,2,1.026812
u32,naive,bylength,,2,2.546697
u32,null,bylength,,2,0.769822
u32,sse2,bylength,,2,1.063540
u32,tmueller,bylength,,2,1.336496
u32,unrolledlut,bylength,,2,1.152382
u32,yy,bylength,,2,0.945949
u32,zmij_scalar,bylength,,2,2.270949
u32,zmij_x64_native,bylength,,2,1.250320
u32,zmij_x64_v1,bylength,,2,1.910385
u32,zmij_x64_v2,bylength,,2,1.284901
u32,zmij_x64_v3,bylength,,2,1.245638
u32,zmij_x64_v4,bylength,,2,1.172371
u32,amartin,bylength,,3,0.928930
u32,branchlut,bylength,,3,1.252718
u32,branchlut2,bylength,,3,0.989910
u32,countlut,bylength,,3,1.500507
u32,fmt,bylength,,3,1.675878
u32,jeaiii,bylength,,3,1.186723
u32,naive,bylength,,3,3.282474
u32,null,bylength,,3,0.758556
u32,sse2,bylength,,3,1.075378
u32,tmueller,bylength,,3,1.346950
u32,unrolledlut,bylength,,3,1.345249
u32,yy,bylength,,3,0.955914
u32,zmij_scalar,bylength,,3,2.279893
u32,zmij_x64_native,bylength,,3,1.236131
u32,zmij_x64_v1,bylength,,3,1.927976
u32,zmij_x64_v2,bylength,,3,1.295286
u32,zmij_x64_v3,bylength,,3,1.232071
u32,zmij_x64_v4,bylength,,3,1.211164
u32,amartin,bylength,,4,1.101464
u32,branchlut,bylength,,4,1.212951
u32,branchlut2,bylength,,4,1.114632
u32,countlut,bylength,,4,1.675219
u32,fmt,bylength,,4,1.676863
u32,jeaiii,bylength,,4,1.102076
u32,naive,bylength,,4,4.072169
u32,null,bylength,,4,1.110981
u32,sse2,bylength,,4,1.128610
u32,tmueller,bylength,,4,0.997582
u32,unrolledlut,bylength,,4,1.297197
u32,yy,bylength,,4,0.993731
u32,zmij_scalar,bylength,,4,2.269096
u32,zmij_x64_native,bylength,,4,1.227303
u32,zmij_x64_v1,bylength,,4,1.898335
u32,zmij_x64_v2,bylength,,4,1.311462
u32,zmij_x64_v3,bylength,,4,1.267272
u32,zmij_x64_v4,bylength,,4,1.235395
u32,amartin,bylength,,5,1.337357
u32,branchlut,bylength,,5,2.079393
u32,branchlut2,bylength,,5,1.913968
u32,countlut,bylength,,5,1.833095
u32,fmt,bylength,,5,2.223977
u32,jeaiii,bylength,,5,1.124157
u32,naive,bylength,,5,4.636628
u32,null,bylength,,5,0.958446
u32,sse2,bylength,,5,2.035057
u32,tmueller,bylength,,5,1.015470
u32,unrolledlut,bylength,,5,1.528770
u32,yy,bylength,,5,1.325575
u32,zmij_scalar,bylength,,5,2.274513
u32,zmij_x64_native,bylength,,5,1.238644
u32,zmij_x64_v1,bylength,,5,1.899254
u32,zmij_x64_v2,bylength,,5,1.255384
u32,zmij_x64_v3,bylength,,5,1.232185
u32,zmij_x64_v4,bylength,,5,1.237994
u32,amartin,bylength,,6,1.339908
u32,branchlut,bylength,,6,2.189322
u32,branchlut2,bylength,,6,1.945279
u32,countlut,bylength,,6,1.994468
u32,fmt,bylength,,6,2.218808
u32,jeaiii,bylength,,6,1.246900
u32,naive,bylength,,6,5.317769
u32,null,bylength,,6,1.118004
u32,sse2,bylength,,6,2.166362
u32,tmueller,bylength,,6,1.327237
u32,unrolledlut,bylength,,6,1.517180
u32,yy,bylength,,6,1.360250
u32,zmij_scalar,bylength,,6,2.291837
u32,zmij_x64_native,bylength,,6,1.276539
u32,zmij_x64_v1,bylength,,6,1.917006
u32,zmij_x64_v2,bylength,,6,1.295611
u32,zmij_x64_v3,bylength,,6,1.251342
u32,zmij_x64_v4,bylength,,6,1.180923
u32,amartin,bylength,,7,1.925281
u32,branchlut,bylength,,7,2.307536
u32,branchlut2,bylength,,7,2.418553
u32,countlut,bylength,,7,2.286381
u32,fmt,bylength,,7,2.775432
u32,jeaiii,bylength,,7,1.342125
u32,naive,bylength,,7,5.922731
u32,null,bylength,,7,0.886020
u32,sse2,bylength,,7,2.274819
u32,tmueller,bylength,,7,1.316326
u32,unrolledlut,bylength,,7,1.701753
u32,yy,bylength,,7,1.724054
u32,zmij_scalar,bylength,,7,2.252652
u32,zmij_x64_native,bylength,,7,1.221235
u32,zmij_x64_v1,bylength,,7,1.879332
u32,zmij_x64_v2,bylength,,7,1.265877
u32,zmij_x64_v3,bylength,,7,1.215006
u32,zmij_x64_v4,bylength,,7,1.196870
u32,amartin,bylength,,8,1.955140
u32,branchlut,bylength,,8,2.345517
u32,branchlut2,bylength,,8,2.491755
u32,countlut,bylength,,8,2.527910
u32,fmt,bylength,,8,2.780628
u32,jeaiii,bylength,,8,1.472749
u32,naive,bylength,,8,6.492359
u32,null,bylength,,8,1.102458
u32,sse2,bylength,,8,2.348719
u32,tmueller,bylength,,8,1.969329
u32,unrolledlut,bylength,,8,1.695934
u32,yy,bylength,,8,1.738349
u32,zmij_scalar,bylength,,8,2.255606
u32,zmij_x64_native,bylength,,8,1.205575
u32,zmij_x64_v1,bylength,,8,1.878605
u32,zmij_x64_v2,bylength,,8,1.299604
u32,zmij_x64_v3,bylength,,8,1.225202
u32,zmij_x64_v4,bylength,,8,1.236991
u32,amartin,bylength,,9,2.218647
u32,branchlut,bylength,,9,3.816171
u32,branchlut2,bylength,,9,3.599975
u32,countlut,bylength,,9,2.810019
u32,fmt,bylength,,9,3.313346
u32,jeaiii,bylength,,9,1.696729
u32,naive,bylength,,9,6.829752
u32,null,bylength,,9,1.090103
u32,sse2,bylength,,9,1.672850
u32,tmueller,bylength,,9,1.935257
u32,unrolledlut,bylength,,9,2.187191
u32,yy,bylength,,9,2.049218
u32,zmij_scalar,bylength,,9,2.259833
u32,zmij_x64_native,bylength,,9,1.213780
u32,zmij_x64_v1,bylength,,9,1.869366
u32,zmij_x64_v2,bylength,,9,1.280304
u32,zmij_x64_v3,bylength,,9,1.223987
u32,zmij_x64_v4,bylength,,9,1.187956
u32,amartin,bylength,,10,2.218776
u32,branchlut,bylength,,10,3.903101
u32,branchlut2,bylength,,10,3.645871
u32,countlut,bylength,,10,3.067594
u32,fmt,bylength,,10,3.313663
u32,jeaiii,bylength,,10,1.839375
u32,naive,bylength,,10,7.639697
u32,null,bylength,,10,1.112316
u32,sse2,bylength,,10,1.796799
u32,tmueller,bylength,,10,1.947604
u32,unrolledlut,bylength,,10,2.181444
u32,yy,bylength,,10,2.074791
u32,zmij_scalar,bylength,,10,2.232229
u32,zmij_x64_native,bylength,,10,1.247013
u32,zmij_x64_v1,bylength,,10,1.881703
u32,zmij_x64_v2,bylength,,10,1.290488
u32,zmij_x64_v3,bylength,,10,1.208010
u32,zmij_x64_v4,bylength,,10,1.195941
u32,amartin,loguniform,1-10,10,5.844485
u32,branchlut,loguniform,1-10,10,8.454080
u32,branchlut2,loguniform,1-10,10,9.008933
u32,countlut,loguniform,1-10,10,8.748009
u32,fmt,loguniform,1-10,10,9.749158
u32,jeaiii,loguniform,1-10,10,8.747321
u32,naive,loguniform,1-10,10,10.760121
u32,null,loguniform,1-10,10,1.090478
u32,sse2,loguniform,1-10,10,8.325964
u32,tmueller,loguniform,1-10,10,6.771195
u32,unrolledlut,loguniform,1-10,10,8.281979
u32,yy,loguniform,1-10,10,5.886475
u32,zmij_scalar,loguniform,1-10,10,2.220287
u32,zmij_x64_native,loguniform,1-10,10,1.201451
u32,zmij_x64_v1,loguniform,1-10,10,1.873571
u32,zmij_x64_v2,loguniform,1-10,10,1.292107
u32,zmij_x64_v3,loguniform,1-10,10,1.205062
u32,zmij_x64_v4,loguniform,1-10,10,1.234638
u32,amartin,loguniform,1-4,4,3.762969
u32,branchlut,loguniform,1-4,4,5.632001
u32,branchlut2,loguniform,1-4,4,6.053338
u32,countlut,loguniform,1-4,4,6.167044
u32,fmt,loguniform,1-4,4,6.319474
u32,jeaiii,loguniform,1-4,4,5.817205
u32,naive,loguniform,1-4,4,7.166582
u32,null,loguniform,1-4,4,1.086232
u32,sse2,loguniform,1-4,4,5.298944
u32,tmueller,loguniform,1-4,4,4.177512
u32,unrolledlut,loguniform,1-4,4,6.220618
u32,yy,loguniform,1-4,4,3.752267
u32,zmij_scalar,loguniform,1-4,4,2.228961
u32,zmij_x64_native,loguniform,1-4,4,1.247233
u32,zmij_x64_v1,loguniform,1-4,4,1.892558
u32,zmij_x64_v2,loguniform,1-4,4,1.286265
u32,zmij_x64_v3,loguniform,1-4,4,1.195693
u32,zmij_x64_v4,loguniform,1-4,4,1.176688
u32,amartin,uniform,0-255,0,3.125718
u32,branchlut,uniform,0-255,0,3.699055
u32,branchlut2,uniform,0-255,0,3.429069
u32,countlut,uniform,0-255,0,3.556312
u32,fmt,uniform,0-255,0,3.781084
u32,jeaiii,uniform,0-255,0,3.352113
u32,naive,uniform,0-255,0,5.538192
u32,null,uniform,0-255,0,0.831437
u32,sse2,uniform,0-255,0,3.372550
u32,tmueller,uniform,0-255,0,1.548434
u32,unrolledlut,uniform,0-255,0,3.639860
u32,yy,uniform,0-255,0,3.287875
u32,zmij_scalar,uniform,0-255,0,2.246342
u32,zmij_x64_native,uniform,0-255,0,1.206595
u32,zmij_x64_v1,uniform,0-255,0,1.874901
u32,zmij_x64_v2,uniform,0-255,0,1.281287
u32,zmij_x64_v3,uniform,0-255,0,1.201914
u32,zmij_x64_v4,uniform,0-255,0,1.192052
u32,amartin,unpredictable,,1,2.845048
u32,branchlut,unpredictable,,1,2.340277
u32,branchlut2,unpredictable,,1,1.313974
u32,countlut,unpredictable,,1,4.155337
u32,fmt,unpredictable,,1,4.003648
u32,jeaiii,unpredictable,,1,3.890120
u32,naive,unpredictable,,1,5.185363
u32,null,unpredictable,,1,0.922363
u32,sse2,unpredictable,,1,2.071228
u32,tmueller,unpredictable,,1,1.714080
u32,unrolledlut,unpredictable,,1,2.817311
u32,yy,unpredictable,,1,4.174674
u32,zmij_scalar,unpredictable,,1,2.273258
u32,zmij_x64_native,unpredictable,,1,1.223413
u32,zmij_x64_v1,unpredictable,,1,1.876105
u32,zmij_x64_v2,unpredictable,,1,1.261598
u32,zmij_x64_v3,unpredictable,,1,1.238251
u32,zmij_x64_v4,unpredictable,,1,1.227748
u32,amartin,unpredictable,,2,2.846873
u32,branchlut,unpredictable,,2,2.280922
u32,branchlut2,unpredictable,,2,1.285387
u32,countlut,unpredictable,,2,4.304700
u32,fmt,unpredictable,,2,4.350514
u32,jeaiii,unpredictable,,2,4.035946
u32,naive,unpredictable,,2,6.385703
u32,null,unpredictable,,2,1.066242
u32,sse2,unpredictable,,2,2.512516
u32,tmueller,unpredictable,,2,1.903651
u32,unrolledlut,unpredictable,,2,2.993144
u32,yy,unpredictable,,2,4.073985
u32,zmij_scalar,unpredictable,,2,2.278620
u32,zmij_x64_native,unpredictable,,2,1.180682
u32,zmij_x64_v1,unpredictable,,2,1.954629
u32,zmij_x64_v2,unpredictable,,2,1.274701
u32,zmij_x64_v3,unpredictable,,2,1.282396
u32,zmij_x64_v4,unpredictable,,2,1.142673
u32,amartin,unpredictable,,3,1.803985
u32,branchlut,unpredictable,,3,2.760582
u32,branchlut2,unpredictable,,3,1.482124
u32,countlut,unpredictable,,3,2.944873
u32,fmt,unpredictable,,3,3.410783
u32,jeaiii,unpredictable,,3,1.550728
u32,naive,unpredictable,,3,5.710183
u32,null,unpredictable,,3,0.864956
u32,sse2,unpredictable,,3,2.451994
u32,tmueller,unpredictable,,3,1.632979
u32,unrolledlut,unpredictable,,3,1.982797
u32,yy,unpredictable,,3,3.222041
u32,zmij_scalar,unpredictable,,3,2.278503
u32,zmij_x64_native,unpredictable,,3,1.302413
u32,zmij_x64_v1,unpredictable,,3,1.872705
u32,zmij_x64_v2,unpredictable,,3,1.236217
u32,zmij_x64_v3,unpredictable,,3,1.247196
u32,zmij_x64_v4,unpredictable,,3,1.259320
u32,amartin,unpredictable,,4,1.805381
u32,branchlut,unpredictable,,4,3.006031
u32,branchlut2,unpredictable,,4,1.457626
u32,countlut,unpredictable,,4,3.048867
u32,fmt,unpredictable,,4,3.315900
u32,jeaiii,unpredictable,,4,1.568998
u32,naive,unpredictable,,4,5.832507
u32,null,unpredictable,,4,0.834114
u32,sse2,unpredictable,,4,2.937428
u32,tmueller,unpredictable,,4,1.634507
u32,unrolledlut,unpredictable,,4,1.837197
u32,yy,unpredictable,,4,3.082520
u32,zmij_scalar,unpredictable,,4,2.227365
u32,zmij_x64_native,unpredictable,,4,1.097859
u32,zmij_x64_v1,unpredictable,,4,1.848088
u32,zmij_x64_v2,unpredictable,,4,1.290795
u32,zmij_x64_v3,unpredictable,,4,1.369328
u32,zmij_x64_v4,unpredictable,,4,1.149093
u32,amartin,unpredictable,,5,1.319835
u32,branchlut,unpredictable,,5,1.961519
u32,branchlut2,unpredictable,,5,2.158962
u32,countlut,unpredictable,,5,2.634906
u32,fmt,unpredictable,,5,2.888257
u32,jeaiii,unpredictable,,5,1.977781
u32,naive,unpredictable,,5,6.018447
u32,null,unpredictable,,5,1.412725
u32,sse2,unpredictable,,5,1.630419
u32,tmueller,unpredictable,,5,1.649873
u32,unrolledlut,unpredictable,,5,1.926539
u32,yy,unpredictable,,5,2.337842
u32,zmij_scalar,unpredictable,,5,2.220352
u32,zmij_x64_native,unpredictable,,5,1.126124
u32,zmij_x64_v1,unpredictable,,5,1.878608
u32,zmij_x64_v2,unpredictable,,5,1.249078
u32,zmij_x64_v3,unpredictable,,5,1.189465
u32,zmij_x64_v4,unpredictable,,5,1.176097
u32,amartin,unpredictable,,6,1.361722
u32,branchlut,unpredictable,,6,2.054502
u32,branchlut2,unpredictable,,6,2.017330
u32,countlut,unpredictable,,6,2.836392
u32,fmt,unpredictable,,6,2.831126
u32,jeaiii,unpredictable,,6,1.671114
u32,naive,unpredictable,,6,6.688527
u32,null,unpredictable,,6,0.823200
u32,sse2,unpredictable,,6,1.867411
u32,tmueller,unpredictable,,6,1.972383
u32,unrolledlut,unpredictable,,6,2.038264
u32,yy,unpredictable,,6,2.443320
u32,zmij_scalar,unpredictable,,6,2.236975
u32,zmij_x64_native,unpredictable,,6,1.202582
u32,zmij_x64_v1,unpredictable,,6,1.832015
u32,zmij_x64_v2,unpredictable,,6,1.304284
u32,zmij_x64_v3,unpredictable,,6,1.325411
u32,zmij_x64_v4,unpredictable,,6,1.229526
u32,amartin,unpredictable,,7,1.830712
u32,branchlut,unpredictable,,7,2.616369
u32,branchlut2,unpredictable,,7,2.381165
u32,countlut,unpredictable,,7,2.167602
u32,fmt,unpredictable,,7,3.074857
u32,jeaiii,unpredictable,,7,1.954287
u32,naive,unpredictable,,7,6.391555
u32,null,unpredictable,,7,0.815289
u32,sse2,unpredictable,,7,2.394159
u32,tmueller,unpredictable,,7,1.997342
u32,unrolledlut,unpredictable,,7,3.798926
u32,yy,unpredictable,,7,1.944591
u32,zmij_scalar,unpredictable,,7,2.229578
u32,zmij_x64_native,unpredictable,,7,1.127212
u32,zmij_x64_v1,unpredictable,,7,1.826760
u32,zmij_x64_v2,unpredictable,,7,1.203401
u32,zmij_x64_v3,unpredictable,,7,1.327208
u32,zmij_x64_v4,unpredictable,,7,1.158799
u32,amartin,unpredictable,,8,2.078992
u32,branchlut,unpredictable,,8,3.211035
u32,branchlut2,unpredictable,,8,2.697681
u32,countlut,unpredictable,,8,2.934602
u32,fmt,unpredictable,,8,3.313577
u32,jeaiii,unpredictable,,8,2.213648
u32,naive,unpredictable,,8,6.475965
u32,null,unpredictable,,8,1.423216
u32,sse2,unpredictable,,8,3.053493
u32,tmueller,unpredictable,,8,2.063405
u32,unrolledlut,unpredictable,,8,4.228440
u32,yy,unpredictable,,8,1.987662
u32,zmij_scalar,unpredictable,,8,2.244982
u32,zmij_x64_native,unpredictable,,8,1.197612
u32,zmij_x64_v1,unpredictable,,8,1.888066
u32,zmij_x64_v2,unpredictable,,8,1.319228
u32,zmij_x64_v3,unpredictable,,8,1.372728
u32,zmij_x64_v4,unpredictable,,8,1.339046
u32,amartin,unpredictable,,9,4.747182
u32,branchlut,unpredictable,,9,4.225412
u32,branchlut2,unpredictable,,9,6.096451
u32,countlut,unpredictable,,9,3.225453
u32,fmt,unpredictable,,9,3.784104
u32,jeaiii,unpredictable,,9,2.458197
u32,naive,unpredictable,,9,7.005044
u32,null,unpredictable,,9,1.413622
u32,sse2,unpredictable,,9,2.559977
u32,tmueller,unpredictable,,9,2.072789
u32,unrolledlut,unpredictable,,9,5.687087
u32,yy,unpredictable,,9,2.482841
u32,zmij_scalar,unpredictable,,9,2.264055
u32,zmij_x64_native,unpredictable,,9,1.171699
u32,zmij_x64_v1,unpredictable,,9,1.830066
u32,zmij_x64_v2,unpredictable,,9,1.326568
u32,zmij_x64_v3,unpredictable,,9,1.304754
u32,zmij_x64_v4,unpredictable,,9,1.184770
u32,amartin,unpredictable,,10,4.700536
u32,branchlut,unpredictable,,10,4.521044
u32,branchlut2,unpredictable,,10,6.201271
u32,countlut,unpredictable,,10,3.446158
u32,fmt,unpredictable,,10,3.925172
u32,jeaiii,unpredictable,,10,2.484436
u32,naive,unpredictable,,10,7.996356
u32,null,unpredictable,,10,1.368025
u32,sse2,unpredictable,,10,2.851749
u32,tmueller,unpredictable,,10,2.111886
u32,unrolledlut,unpredictable,,10,5.549115
u32,yy,unpredictable,,10,2.621524
u32,zmij_scalar,unpredictable,,10,2.286201
u32,zmij_x64_native,unpredictable,,10,1.220525
u32,zmij_x64_v1,unpredictable,,10,1.882983
u32,zmij_x64_v2,unpredictable,,10,1.272449
u32,zmij_x64_v3,unpredictable,,10,1.434164
u32,zmij_x64_v4,unpredictable,,10,1.200097
u32,amartin,admixture,5x6,0,1.351659
u32,branchlut,admixture,5x6,0,2.193443
u32,branchlut2,admixture,5x6,0,1.941526
u32,countlut,admixture,5x6,0,1.981496
u32,fmt,admixture,5x6,0,2.243053
u32,jeaiii,admixture,5x6,0,1.203069
u32,naive,admixture,5x6,0,5.267141
u32,null,admixture,5x6,0,1.109143
u32,sse2,admixture,5x6,0,2.152864
u32,tmueller,admixture,5x6,0,1.319286
u32,unrolledlut,admixture,5x6,0,1.533615
u32,yy,admixture,5x6,0,1.369832
u32,zmij_scalar,admixture,5x6,0,2.263272
u32,zmij_x64_native,admixture,5x6,0,1.174337
u32,zmij_x64_v1,admixture,5x6,0,1.888363
u32,zmij_x64_v2,admixture,5x6,0,1.263696
u32,zmij_x64_v3,admixture,5x6,0,1.231829
u32,zmij_x64_v4,admixture,5x6,0,1.192100
u32,amartin,admixture,5x6,10,1.339667
u32,branchlut,admixture,5x6,10,2.662766
u32,branchlut2,admixture,5x6,10,2.446317
u32,countlut,admixture,5x6,10,2.644334
u32,fmt,admixture,5x6,10,2.910804
u32,jeaiii,admixture,5x6,10,1.784308
u32,naive,admixture,5x6,10,5.867951
u32,null,admixture,5x6,10,1.100104
u32,sse2,admixture,5x6,10,2.619119
u32,tmueller,admixture,5x6,10,1.939109
u32,unrolledlut,admixture,5x6,10,2.214742
u32,yy,admixture,5x6,10,1.339944
u32,zmij_scalar,admixture,5x6,10,2.240980
u32,zmij_x64_native,admixture,5x6,10,1.206193
u32,zmij_x64_v1,admixture,5x6,10,1.886165
u32,zmij_x64_v2,admixture,5x6,10,1.294663
u32,zmij_x64_v3,admixture,5x6,10,1.231620
u32,zmij_x64_v4,admixture,5x6,10,1.205362
u32,amartin,admixture,5x6,20,1.360946
u32,branchlut,admixture,5x6,20,3.132375
u32,branchlut2,admixture,5x6,20,2.945346
u32,countlut,admixture,5x6,20,3.196174
u32,fmt,admixture,5x6,20,3.612560
u32,jeaiii,admixture,5x6,20,2.370546
u32,naive,admixture,5x6,20,6.518071
u32,null,admixture,5x6,20,1.081979
u32,sse2,admixture,5x6,20,3.121558
u32,tmueller,admixture,5x6,20,2.443775
u32,unrolledlut,admixture,5x6,20,2.910767
u32,yy,admixture,5x6,20,1.341368
u32,zmij_scalar,admixture,5x6,20,2.298482
u32,zmij_x64_native,admixture,5x6,20,1.289762
u32,zmij_x64_v1,admixture,5x6,20,1.902762
u32,zmij_x64_v2,admixture,5x6,20,1.313659
u32,zmij_x64_v3,admixture,5x6,20,1.203586
u32,zmij_x64_v4,admixture,5x6,20,1.294988
u32,amartin,admixture,5x6,30,1.388216
u32,branchlut,admixture,5x6,30,3.558156
u32,branchlut2,admixture,5x6,30,3.523537
u32,countlut,admixture,5x6,30,3.807329
u32,fmt,admixture,5x6,30,4.304447
u32,jeaiii,admixture,5x6,30,2.926255
u32,naive,admixture,5x6,30,7.126791
u32,null,admixture,5x6,30,0.971293
u32,sse2,admixture,5x6,30,3.550339
u32,tmueller,admixture,5x6,30,2.986145
u32,unrolledlut,admixture,5x6,30,3.442434
u32,yy,admixture,5x6,30,1.326854
u32,zmij_scalar,admixture,5x6,30,2.254768
u32,zmij_x64_native,admixture,5x6,30,1.227501
u32,zmij_x64_v1,admixture,5x6,30,1.902523
u32,zmij_x64_v2,admixture,5x6,30,1.279251
u32,zmij_x64_v3,admixture,5x6,30,1.219418
u32,zmij_x64_v4,admixture,5x6,30,1.171050
u32,amartin,admixture,5x6,40,1.338042
u32,branchlut,admixture,5x6,40,3.978384
u32,branchlut2,admixture,5x6,40,4.060184
u32,countlut,admixture,5x6,40,4.526230
u32,fmt,admixture,5x6,40,4.974300
u32,jeaiii,admixture,5x6,40,3.464315
u32,naive,admixture,5x6,40,7.826101
u32,null,admixture,5x6,40,1.110089
u32,sse2,admixture,5x6,40,4.056132
u32,tmueller,admixture,5x6,40,3.632646
u32,unrolledlut,admixture,5x6,40,4.082228
u32,yy,admixture,5x6,40,1.303645
u32,zmij_scalar,admixture,5x6,40,2.251921
u32,zmij_x64_native,admixture,5x6,40,1.233827
u32,zmij_x64_v1,admixture,5x6,40,1.897861
u32,zmij_x64_v2,admixture,5x6,40,1.280054
u32,zmij_x64_v3,admixture,5x6,40,1.230215
u32,zmij_x64_v4,admixture,5x6,40,1.180203
u32,amartin,admixture,5x6,50,1.329922
u32,branchlut,admixture,5x6,50,4.160244
u32,branchlut2,admixture,5x6,50,4.327609
u32,countlut,admixture,5x6,50,4.910110
u32,fmt,admixture,5x6,50,5.328753
u32,jeaiii,admixture,5x6,50,3.781809
u32,naive,admixture,5x6,50,7.988270
u32,null,admixture,5x6,50,1.106735
u32,sse2,admixture,5x6,50,4.230693
u32,tmueller,admixture,5x6,50,4.009581
u32,unrolledlut,admixture,5x6,50,4.415764
u32,yy,admixture,5x6,50,1.369814
u32,zmij_scalar,admixture,5x6,50,2.248060
u32,zmij_x64_native,admixture,5x6,50,1.199027
u32,zmij_x64_v1,admixture,5x6,50,1.883231
u32,zmij_x64_v2,admixture,5x6,50,1.289609
u32,zmij_x64_v3,admixture,5x6,50,1.276537
u32,zmij_x64_v4,admixture,5x6,50,1.190915
u32,amartin,admixture,5x6,60,1.357267
u32,branchlut,admixture,5x6,60,3.841527
u32,branchlut2,admixture,5x6,60,3.981650
u32,countlut,admixture,5x6,60,4.350990
u32,fmt,admixture,5x6,60,4.907310
u32,jeaiii,admixture,5x6,60,3.468041
u32,naive,admixture,5x6,60,7.477872
u32,null,admixture,5x6,60,0.739393
u32,sse2,admixture,5x6,60,3.888481
u32,tmueller,admixture,5x6,60,3.686584
u32,unrolledlut,admixture,5x6,60,4.078577
u32,yy,admixture,5x6,60,1.325363
u32,zmij_scalar,admixture,5x6,60,2.246341
u32,zmij_x64_native,admixture,5x6,60,1.189196
u32,zmij_x64_v1,admixture,5x6,60,1.895071
u32,zmij_x64_v2,admixture,5x6,60,1.257543
u32,zmij_x64_v3,admixture,5x6,60,1.250920
u32,zmij_x64_v4,admixture,5x6,60,1.227912
u32,amartin,admixture,5x6,70,1.339926
u32,branchlut,admixture,5x6,70,3.371250
u32,branchlut2,admixture,5x6,70,3.394449
u32,countlut,admixture,5x6,70,3.569278
u32,fmt,admixture,5x6,70,4.141306
u32,jeaiii,admixture,5x6,70,2.747290
u32,naive,admixture,5x6,70,6.618427
u32,null,admixture,5x6,70,0.785343
u32,sse2,admixture,5x6,70,3.321764
u32,tmueller,admixture,5x6,70,2.887423
u32,unrolledlut,admixture,5x6,70,3.383356
u32,yy,admixture,5x6,70,1.323730
u32,zmij_scalar,admixture,5x6,70,2.253832
u32,zmij_x64_native,admixture,5x6,70,1.264077
u32,zmij_x64_v1,admixture,5x6,70,1.902944
u32,zmij_x64_v2,admixture,5x6,70,1.260629
u32,zmij_x64_v3,admixture,5x6,70,1.209356
u32,zmij_x64_v4,admixture,5x6,70,1.242589
u32,amartin,admixture,5x6,80,1.336926
u32,branchlut,admixture,5x6,80,2.985754
u32,branchlut2,admixture,5x6,80,2.892554
u32,countlut,admixture,5x6,80,2.994143
u32,fmt,admixture,5x6,80,3.458324
u32,jeaiii,admixture,5x6,80,2.259651
u32,naive,admixture,5x6,80,6.012012
u32,null,admixture,5x6,80,0.865481
u32,sse2,admixture,5x6,80,2.885015
u32,tmueller,admixture,5x6,80,2.207576
u32,unrolledlut,admixture,5x6,80,2.763237
u32,yy,admixture,5x6,80,1.359493
u32,zmij_scalar,admixture,5x6,80,2.254262
u32,zmij_x64_native,admixture,5x6,80,1.180682
u32,zmij_x64_v1,admixture,5x6,80,1.893197
u32,zmij_x64_v2,admixture,5x6,80,1.282500
u32,zmij_x64_v3,admixture,5x6,80,1.293964
u32,zmij_x64_v4,admixture,5x6,80,1.247882
u32,amartin,admixture,5x6,90,1.343317
u32,branchlut,admixture,5x6,90,2.510412
u32,branchlut2,admixture,5x6,90,2.436181
u32,countlut,admixture,5x6,90,2.466698
u32,fmt,admixture,5x6,90,2.934175
u32,jeaiii,admixture,5x6,90,1.782494
u32,naive,admixture,5x6,90,5.189040
u32,null,admixture,5x6,90,0.902029
u32,sse2,admixture,5x6,90,2.462141
u32,tmueller,admixture,5x6,90,1.673978
u32,unrolledlut,admixture,5x6,90,2.151058
u32,yy,admixture,5x6,90,1.304620
u32,zmij_scalar,admixture,5x6,90,2.248806
u32,zmij_x64_native,admixture,5x6,90,1.234639
u32,zmij_x64_v1,admixture,5x6,90,1.905275
u32,zmij_x64_v2,admixture,5x6,90,1.273298
u32,zmij_x64_v3,admixture,5x6,90,1.218491
u32,zmij_x64_v4,admixture,5x6,90,1.216694
u32,amartin,admixture,5x6,100,1.330323
u32,branchlut,admixture,5x6,100,2.068770
u32,branchlut2,admixture,5x6,100,1.899609
u32,countlut,admixture,5x6,100,1.832676
u32,fmt,admixture,5x6,100,2.202664
u32,jeaiii,admixture,5x6,100,1.180520
u32,naive,admixture,5x6,100,4.564459
u32,null,admixture,5x6,100,0.900128
u32,sse2,admixture,5x6,100,2.020844
u32,tmueller,admixture,5x6,100,1.025757
u32,unrolledlut,admixture,5x6,100,1.506191
u32,yy,admixture,5x6,100,1.314319
u32,zmij_scalar,admixture,5x6,100,2.275464
u32,zmij_x64_native,admixture,5x6,100,1.214793
u32,zmij_x64_v1,admixture,5x6,100,1.880910
u32,zmij_x64_v2,admixture,5x6,100,1.272706
u32,zmij_x64_v3,admixture,5x6,100,1.302442
u32,zmij_x64_v4,admixture,5x6,100,1.212423
i32,amartin,bylength,,1,0.910323
i32,branchlut,bylength,,1,3.913983
i32,branchlut2,bylength,,1,3.848867
i32,countlut,bylength,,1,4.240630
i32,fmt,bylength,,1,1.131866
i32,jeaiii,bylength,,1,3.850184
i32,naive,bylength,,1,5.017815
i32,null,bylength,,1,0.850194
i32,sse2,bylength,,1,3.797489
i32,tmueller,bylength,,1,1.001937
i32,unrolledlut,bylength,,1,4.122952
i32,yy,bylength,,1,1.170362
i32,zmij_scalar,bylength,,1,2.520369
i32,zmij_x64_native,bylength,,1,1.448680
i32,zmij_x64_v1,bylength,,1,2.138311
i32,zmij_x64_v2,bylength,,1,1.506221
i32,zmij_x64_v3,bylength,,1,1.473599
i32,zmij_x64_v4,bylength,,1,1.463156
i32,amartin,bylength,,2,0.945085
i32,branchlut,bylength,,2,4.514582
i32,branchlut2,bylength,,2,4.119415
i32,countlut,bylength,,2,4.062802
i32,fmt,bylength,,2,1.103028
i32,jeaiii,bylength,,2,3.907659
i32,naive,bylength,,2,5.502740
i32,null,bylength,,2,0.741325
i32,sse2,bylength,,2,3.854131
i32,tmueller,bylength,,2,1.778261
i32,unrolledlut,bylength,,2,4.273155
i32,yy,bylength,,2,1.148319
i32,zmij_scalar,bylength,,2,2.530955
i32,zmij_x64_native,bylength,,2,1.448729
i32,zmij_x64_v1,bylength,,2,2.139946
i32,zmij_x64_v2,bylength,,2,1.543313
i32,zmij_x64_v3,bylength,,2,1.467369
i32,zmij_x64_v4,bylength,,2,1.470953
i32,amartin,bylength,,3,1.259482
i32,branchlut,bylength,,3,4.510894
i32,branchlut2,bylength,,3,3.927581
i32,countlut,bylength,,3,4.377488
i32,fmt,bylength,,3,1.846493
i32,jeaiii,bylength,,3,3.976016
i32,naive,bylength,,3,6.010138
i32,null,bylength,,3,0.822360
i32,sse2,bylength,,3,4.078597
i32,tmueller,bylength,,3,1.772156
i32,unrolledlut,bylength,,3,4.524633
i32,yy,bylength,,3,1.295132
i32,zmij_scalar,bylength,,3,2.507755
i32,zmij_x64_native,bylength,,3,1.461895
i32,zmij_x64_v1,bylength,,3,2.144008
i32,zmij_x64_v2,bylength,,3,1.510845
i32,zmij_x64_v3,bylength,,3,1.462468
i32,zmij_x64_v4,bylength,,3,1.480719
i32,amartin,bylength,,4,1.275181
i32,branchlut,bylength,,4,4.227005
i32,branchlut2,bylength,,4,3.966851
i32,countlut,bylength,,4,4.589341
i32,fmt,bylength,,4,1.363736
i32,jeaiii,bylength,,4,3.972898
i32,naive,bylength,,4,6.495962
i32,null,bylength,,4,0.949982
i32,sse2,bylength,,4,4.194442
i32,tmueller,bylength,,4,1.322458
i32,unrolledlut,bylength,,4,4.486338
i32,yy,bylength,,4,1.302919
i32,zmij_scalar,bylength,,4,2.521620
i32,zmij_x64_native,bylength,,4,1.470150
i32,zmij_x64_v1,bylength,,4,2.132293
i32,zmij_x64_v2,bylength,,4,1.550612
i32,zmij_x64_v3,bylength,,4,1.471718
i32,zmij_x64_v4,bylength,,4,1.478387
i32,amartin,bylength,,5,1.798661
i32,branchlut,bylength,,5,4.504339
i32,branchlut2,bylength,,5,4.630962
i32,countlut,bylength,,5,4.768908
i32,fmt,bylength,,5,1.832342
i32,jeaiii,bylength,,5,3.964385
i32,naive,bylength,,5,7.036814
i32,null,bylength,,5,1.105322
i32,sse2,bylength,,5,4.482486
i32,tmueller,bylength,,5,1.334087
i32,unrolledlut,bylength,,5,4.721906
i32,yy,bylength,,5,1.592798
i32,zmij_scalar,bylength,,5,2.539792
i32,zmij_x64_native,bylength,,5,1.462248
i32,zmij_x64_v1,bylength,,5,2.142449
i32,zmij_x64_v2,bylength,,5,1.537934
i32,zmij_x64_v3,bylength,,5,1.493868
i32,zmij_x64_v4,bylength,,5,1.464800
i32,amartin,bylength,,6,1.786240
i32,branchlut,bylength,,6,4.882565
i32,branchlut2,bylength,,6,4.638835
i32,countlut,bylength,,6,4.622621
i32,fmt,bylength,,6,1.834960
i32,jeaiii,bylength,,6,4.298668
i32,naive,bylength,,6,7.768764
i32,null,bylength,,6,1.081817
i32,sse2,bylength,,6,4.840580
i32,tmueller,bylength,,6,1.735760
i32,unrolledlut,bylength,,6,4.846045
i32,yy,bylength,,6,1.602172
i32,zmij_scalar,bylength,,6,2.517541
i32,zmij_x64_native,bylength,,6,1.467380
i32,zmij_x64_v1,bylength,,6,2.204633
i32,zmij_x64_v2,bylength,,6,1.508342
i32,zmij_x64_v3,bylength,,6,1.458703
i32,zmij_x64_v4,bylength,,6,1.479294
i32,amartin,bylength,,7,2.340400
i32,branchlut,bylength,,7,4.918787
i32,branchlut2,bylength,,7,4.852677
i32,countlut,bylength,,7,5.033007
i32,fmt,bylength,,7,2.130239
i32,jeaiii,bylength,,7,4.082467
i32,naive,bylength,,7,8.165679
i32,null,bylength,,7,0.967912
i32,sse2,bylength,,7,4.837694
i32,tmueller,bylength,,7,1.750256
i32,unrolledlut,bylength,,7,4.510560
i32,yy,bylength,,7,2.070300
i32,zmij_scalar,bylength,,7,2.525251
i32,zmij_x64_native,bylength,,7,1.475988
i32,zmij_x64_v1,bylength,,7,2.114042
i32,zmij_x64_v2,bylength,,7,1.519674
i32,zmij_x64_v3,bylength,,7,1.474536
i32,zmij_x64_v4,bylength,,7,1.470905
i32,amartin,bylength,,8,2.357090
i32,branchlut,bylength,,8,4.970788
i32,branchlut2,bylength,,8,5.262776
i32,countlut,bylength,,8,5.125664
i32,fmt,bylength,,8,2.148804
i32,jeaiii,bylength,,8,4.417806
i32,naive,bylength,,8,7.914908
i32,null,bylength,,8,0.758924
i32,sse2,bylength,,8,4.932321
i32,tmueller,bylength,,8,2.457087
i32,unrolledlut,bylength,,8,4.409406
i32,yy,bylength,,8,2.027770
i32,zmij_scalar,bylength,,8,2.537134
i32,zmij_x64_native,bylength,,8,1.482087
i32,zmij_x64_v1,bylength,,8,2.135006
i32,zmij_x64_v2,bylength,,8,1.521997
i32,zmij_x64_v3,bylength,,8,1.483597
i32,zmij_x64_v4,bylength,,8,1.479908
i32,amartin,bylength,,9,2.646626
i32,branchlut,bylength,,9,5.454336
i32,branchlut2,bylength,,9,5.498680
i32,countlut,bylength,,9,5.403188
i32,fmt,bylength,,9,2.514681
i32,jeaiii,bylength,,9,4.542564
i32,naive,bylength,,9,8.766912
i32,null,bylength,,9,0.866624
i32,sse2,bylength,,9,4.285611
i32,tmueller,bylength,,9,2.454885
i32,unrolledlut,bylength,,9,4.910592
i32,yy,bylength,,9,2.367640
i32,zmij_scalar,bylength,,9,2.527627
i32,zmij_x64_native,bylength,,9,1.482497
i32,zmij_x64_v1,bylength,,9,2.136380
i32,zmij_x64_v2,bylength,,9,1.525847
i32,zmij_x64_v3,bylength,,9,1.460761
i32,zmij_x64_v4,bylength,,9,1.463378
i32,amartin,bylength,,10,2.664482
i32,branchlut,bylength,,10,6.045778
i32,branchlut2,bylength,,10,5.559536
i32,countlut,bylength,,10,5.553469
i32,fmt,bylength,,10,2.550043
i32,jeaiii,bylength,,10,4.609670
i32,naive,bylength,,10,9.709736
i32,null,bylength,,10,0.914180
i32,sse2,bylength,,10,4.769753
i32,tmueller,bylength,,10,2.463723
i32,unrolledlut,bylength,,10,4.686787
i32,yy,bylength,,10,2.386702
i32,zmij_scalar,bylength,,10,2.531087
i32,zmij_x64_native,bylength,,10,1.478409
i32,zmij_x64_v1,bylength,,10,2.144197
i32,zmij_x64_v2,bylength,,10,1.519762
i32,zmij_x64_v3,bylength,,10,1.470420
i32,zmij_x64_v4,bylength,,10,1.480663
i32,amartin,loguniform,1-10,10,6.593928
i32,branchlut,loguniform,1-10,10,11.235018
i32,branchlut2,loguniform,1-10,10,11.353520
i32,countlut,loguniform,1-10,10,11.768635
i32,fmt,loguniform,1-10,10,9.663047
i32,jeaiii,loguniform,1-10,10,11.162117
i32,naive,loguniform,1-10,10,12.992478
i32,null,loguniform,1-10,10,0.744264
i32,sse2,loguniform,1-10,10,11.130144
i32,tmueller,loguniform,1-10,10,7.459159
i32,unrolledlut,loguniform,1-10,10,11.045230
i32,yy,loguniform,1-10,10,6.398330
i32,zmij_scalar,loguniform,1-10,10,2.522203
i32,zmij_x64_native,loguniform,1-10,10,1.468825
i32,zmij_x64_v1,loguniform,1-10,10,2.161661
i32,zmij_x64_v2,loguniform,1-10,10,1.530929
i32,zmij_x64_v3,loguniform,1-10,10,1.485778
i32,zmij_x64_v4,loguniform,1-10,10,1.480637
i32,amartin,loguniform,1-4,4,3.943690
i32,branchlut,loguniform,1-4,4,8.116430
i32,branchlut2,loguniform,1-4,4,8.828074
i32,countlut,loguniform,1-4,4,9.272006
i32,fmt,loguniform,1-4,4,6.809266
i32,jeaiii,loguniform,1-4,4,8.666270
i32,naive,loguniform,1-4,4,9.832050
i32,null,loguniform,1-4,4,0.803647
i32,sse2,loguniform,1-4,4,8.073643
i32,tmueller,loguniform,1-4,4,4.709987
i32,unrolledlut,loguniform,1-4,4,9.242156
i32,yy,loguniform,1-4,4,4.103544
i32,zmij_scalar,loguniform,1-4,4,2.506520
i32,zmij_x64_native,loguniform,1-4,4,1.490419
i32,zmij_x64_v1,loguniform,1-4,4,2.122870
i32,zmij_x64_v2,loguniform,1-4,4,1.531247
i32,zmij_x64_v3,loguniform,1-4,4,1.473678
i32,zmij_x64_v4,loguniform,1-4,4,1.469302
i32,amartin,uniform,0-255,0,3.574793
i32,branchlut,uniform,0-255,0,3.951592
i32,branchlut2,uniform,0-255,0,3.544312
i32,countlut,uniform,0-255,0,3.772236
i32,fmt,uniform,0-255,0,4.067464
i32,jeaiii,uniform,0-255,0,3.545124
i32,naive,uniform,0-255,0,5.537360
i32,null,uniform,0-255,0,0.947564
i32,sse2,uniform,0-255,0,3.534566
i32,tmueller,uniform,0-255,0,2.018846
i32,unrolledlut,uniform,0-255,0,3.943966
i32,yy,uniform,0-255,0,3.526845
i32,zmij_scalar,uniform,0-255,0,2.563076
i32,zmij_x64_native,uniform,0-255,0,1.469981
i32,zmij_x64_v1,uniform,0-255,0,2.144168
i32,zmij_x64_v2,uniform,0-255,0,1.509729
i32,zmij_x64_v3,uniform,0-255,0,1.473134
i32,zmij_x64_v4,uniform,0-255,0,1.470726
i32,amartin,unpredictable,,1,3.048811
i32,branchlut,unpredictable,,1,5.592256
i32,branchlut2,unpredictable,,1,4.711409
i32,countlut,unpredictable,,1,7.227715
i32,fmt,unpredictable,,1,4.369663
i32,jeaiii,unpredictable,,1,7.042407
i32,naive,unpredictable,,1,8.512675
i32,null,unpredictable,,1,1.108424
i32,sse2,unpredictable,,1,5.449540
i32,tmueller,unpredictable,,1,1.989676
i32,unrolledlut,unpredictable,,1,5.481226
i32,yy,unpredictable,,1,4.344275
i32,zmij_scalar,unpredictable,,1,2.492740
i32,zmij_x64_native,unpredictable,,1,1.493667
i32,zmij_x64_v1,unpredictable,,1,2.151423
i32,zmij_x64_v2,unpredictable,,1,1.573870
i32,zmij_x64_v3,unpredictable,,1,1.504292
i32,zmij_x64_v4,unpredictable,,1,1.484227
i32,amartin,unpredictable,,2,3.129555
i32,branchlut,unpredictable,,2,5.792722
i32,branchlut2,unpredictable,,2,4.534317
i32,countlut,unpredictable,,2,7.413980
i32,fmt,unpredictable,,2,4.316290
i32,jeaiii,unpredictable,,2,7.488780
i32,naive,unpredictable,,2,8.850560
i32,null,unpredictable,,2,1.125546
i32,sse2,unpredictable,,2,5.487054
i32,tmueller,unpredictable,,2,1.910236
i32,unrolledlut,unpredictable,,2,5.296015
i32,yy,unpredictable,,2,4.231737
i32,zmij_scalar,unpredictable,,2,2.522227
i32,zmij_x64_native,unpredictable,,2,1.461904
i32,zmij_x64_v1,unpredictable,,2,2.184845
i32,zmij_x64_v2,unpredictable,,2,1.551262
i32,zmij_x64_v3,unpredictable,,2,1.498769
i32,zmij_x64_v4,unpredictable,,2,1.487494
i32,amartin,unpredictable,,3,2.132504
i32,branchlut,unpredictable,,3,6.378081
i32,branchlut2,unpredictable,,3,4.527246
i32,countlut,unpredictable,,3,6.037083
i32,fmt,unpredictable,,3,3.569336
i32,jeaiii,unpredictable,,3,4.738048
i32,naive,unpredictable,,3,8.642606
i32,null,unpredictable,,3,0.872912
i32,sse2,unpredictable,,3,5.858247
i32,tmueller,unpredictable,,3,1.865442
i32,unrolledlut,unpredictable,,3,4.582275
i32,yy,unpredictable,,3,3.452240
i32,zmij_scalar,unpredictable,,3,2.518291
i32,zmij_x64_native,unpredictable,,3,1.476161
i32,zmij_x64_v1,unpredictable,,3,2.138773
i32,zmij_x64_v2,unpredictable,,3,1.531330
i32,zmij_x64_v3,unpredictable,,3,1.466207
i32,zmij_x64_v4,unpredictable,,3,1.451472
i32,amartin,unpredictable,,4,2.158457
i32,branchlut,unpredictable,,4,6.390428
i32,branchlut2,unpredictable,,4,4.641487
i32,countlut,unpredictable,,4,6.195776
i32,fmt,unpredictable,,4,3.279934
i32,jeaiii,unpredictable,,4,4.714927
i32,naive,unpredictable,,4,8.567695
i32,null,unpredictable,,4,0.752271
i32,sse2,unpredictable,,4,6.087667
i32,tmueller,unpredictable,,4,2.035542
i32,unrolledlut,unpredictable,,4,4.601078
i32,yy,unpredictable,,4,3.377600
i32,zmij_scalar,unpredictable,,4,2.462701
i32,zmij_x64_native,unpredictable,,4,1.481416
i32,zmij_x64_v1,unpredictable,,4,2.149015
i32,zmij_x64_v2,unpredictable,,4,1.555676
i32,zmij_x64_v3,unpredictable,,4,1.480500
i32,zmij_x64_v4,unpredictable,,4,1.451070
i32,amartin,unpredictable,,5,1.885736
i32,branchlut,unpredictable,,5,4.549829
i32,branchlut2,unpredictable,,5,5.034044
i32,countlut,unpredictable,,5,5.386871
i32,fmt,unpredictable,,5,2.719610
i32,jeaiii,unpredictable,,5,4.621612
i32,naive,unpredictable,,5,8.567006
i32,null,unpredictable,,5,0.760201
i32,sse2,unpredictable,,5,4.617629
i32,tmueller,unpredictable,,5,1.906223
i32,unrolledlut,unpredictable,,5,4.814516
i32,yy,unpredictable,,5,2.517611
i32,zmij_scalar,unpredictable,,5,2.468356
i32,zmij_x64_native,unpredictable,,5,1.452426
i32,zmij_x64_v1,unpredictable,,5,2.105673
i32,zmij_x64_v2,unpredictable,,5,1.551033
i32,zmij_x64_v3,unpredictable,,5,1.478972
i32,zmij_x64_v4,unpredictable,,5,1.448260
i32,amartin,unpredictable,,6,1.936132
i32,branchlut,unpredictable,,6,5.319600
i32,branchlut2,unpredictable,,6,5.114344
i32,countlut,unpredictable,,6,5.543894
i32,fmt,unpredictable,,6,2.688406
i32,jeaiii,unpredictable,,6,4.717908
i32,naive,unpredictable,,6,8.854098
i32,null,unpredictable,,6,0.907290
i32,sse2,unpredictable,,6,4.781190
i32,tmueller,unpredictable,,6,2.293566
i32,unrolledlut,unpredictable,,6,4.754705
i32,yy,unpredictable,,6,2.567314
i32,zmij_scalar,unpredictable,,6,2.487428
i32,zmij_x64_native,unpredictable,,6,1.478990
i32,zmij_x64_v1,unpredictable,,6,2.119680
i32,zmij_x64_v2,unpredictable,,6,1.516769
i32,zmij_x64_v3,unpredictable,,6,1.489825
i32,zmij_x64_v4,unpredictable,,6,1.497279
i32,amartin,unpredictable,,7,2.390224
i32,branchlut,unpredictable,,7,5.913117
i32,branchlut2,unpredictable,,7,5.193558
i32,countlut,unpredictable,,7,4.904037
i32,fmt,unpredictable,,7,2.405197
i32,jeaiii,unpredictable,,7,4.878280
i32,naive,unpredictable,,7,8.946609
i32,null,unpredictable,,7,1.175767
i32,sse2,unpredictable,,7,5.308759
i32,tmueller,unpredictable,,7,2.349787
i32,unrolledlut,unpredictable,,7,6.617836
i32,yy,unpredictable,,7,2.166559
i32,zmij_scalar,unpredictable,,7,2.503308
i32,zmij_x64_native,unpredictable,,7,1.482106
i32,zmij_x64_v1,unpredictable,,7,2.161016
i32,zmij_x64_v2,unpredictable,,7,1.544727
i32,zmij_x64_v3,unpredictable,,7,1.494699
i32,zmij_x64_v4,unpredictable,,7,1.500720
i32,amartin,unpredictable,,8,2.395750
i32,branchlut,unpredictable,,8,6.367700
i32,branchlut2,unpredictable,,8,5.546152
i32,countlut,unpredictable,,8,5.081375
i32,fmt,unpredictable,,8,2.256662
i32,jeaiii,unpredictable,,8,4.914495
i32,naive,unpredictable,,8,8.169396
i32,null,unpredictable,,8,0.937148
i32,sse2,unpredictable,,8,5.868337
i32,tmueller,unpredictable,,8,2.588261
i32,unrolledlut,unpredictable,,8,6.714025
i32,yy,unpredictable,,8,2.169262
i32,zmij_scalar,unpredictable,,8,2.491776
i32,zmij_x64_native,unpredictable,,8,1.453229
i32,zmij_x64_v1,unpredictable,,8,2.116600
i32,zmij_x64_v2,unpredictable,,8,1.535154
i32,zmij_x64_v3,unpredictable,,8,1.481132
i32,zmij_x64_v4,unpredictable,,8,1.500051
i32,amartin,unpredictable,,9,5.310678
i32,branchlut,unpredictable,,9,6.530612
i32,branchlut2,unpredictable,,9,8.115610
i32,countlut,unpredictable,,9,5.723545
i32,fmt,unpredictable,,9,2.671442
i32,jeaiii,unpredictable,,9,4.929095
i32,naive,unpredictable,,9,8.751716
i32,null,unpredictable,,9,0.670068
i32,sse2,unpredictable,,9,5.529042
i32,tmueller,unpredictable,,9,2.459993
i32,unrolledlut,unpredictable,,9,8.112986
i32,yy,unpredictable,,9,2.533190
i32,zmij_scalar,unpredictable,,9,2.535232
i32,zmij_x64_native,unpredictable,,9,1.481687
i32,zmij_x64_v1,unpredictable,,9,2.153940
i32,zmij_x64_v2,unpredictable,,9,1.578344
i32,zmij_x64_v3,unpredictable,,9,1.518493
i32,zmij_x64_v4,unpredictable,,9,1.501447
i32,amartin,unpredictable,,10,5.227894
i32,branchlut,unpredictable,,10,6.867463
i32,branchlut2,unpredictable,,10,8.334286
i32,countlut,unpredictable,,10,5.637548
i32,fmt,unpredictable,,10,2.712643
i32,jeaiii,unpredictable,,10,4.897985
i32,naive,unpredictable,,10,9.791577
i32,null,unpredictable,,10,0.703761
i32,sse2,unpredictable,,10,5.790618
i32,tmueller,unpredictable,,10,2.546505
i32,unrolledlut,unpredictable,,10,7.896049
i32,yy,unpredictable,,10,2.569862
i32,zmij_scalar,unpredictable,,10,2.491492
i32,zmij_x64_native,unpredictable,,10,1.488299
i32,zmij_x64_v1,unpredictable,,10,2.124798
i32,zmij_x64_v2,unpredictable,,10,1.570662
i32,zmij_x64_v3,unpredictable,,10,1.488109
i32,zmij_x64_v4,unpredictable,,10,1.496957
i32,amartin,admixture,5x6,0,1.792594
i32,branchlut,admixture,5x6,0,4.878573
i32,branchlut2,admixture,5x6,0,4.644421
i32,countlut,admixture,5x6,0,4.559649
i32,fmt,admixture,5x6,0,1.836136
i32,jeaiii,admixture,5x6,0,4.232410
i32,naive,admixture,5x6,0,7.633637
i32,null,admixture,5x6,0,0.949552
i32,sse2,admixture,5x6,0,4.802087
i32,tmueller,admixture,5x6,0,1.738111
i32,unrolledlut,admixture,5x6,0,4.710169
i32,yy,admixture,5x6,0,1.590267
i32,zmij_scalar,admixture,5x6,0,2.544559
i32,zmij_x64_native,admixture,5x6,0,1.476947
i32,zmij_x64_v1,admixture,5x6,0,2.131049
i32,zmij_x64_v2,admixture,5x6,0,1.531381
i32,zmij_x64_v3,admixture,5x6,0,1.471557
i32,zmij_x64_v4,admixture,5x6,0,1.486061
i32,amartin,admixture,5x6,10,1.790711
i32,branchlut,admixture,5x6,10,5.103832
i32,branchlut2,admixture,5x6,10,4.968639
i32,countlut,admixture,5x6,10,5.480593
i32,fmt,admixture,5x6,10,2.568551
i32,jeaiii,admixture,5x6,10,4.619663
i32,naive,admixture,5x6,10,8.151688
i32,null,admixture,5x6,10,0.793988
i32,sse2,admixture,5x6,10,5.024526
i32,tmueller,admixture,5x6,10,2.319692
i32,unrolledlut,admixture,5x6,10,5.021679
i32,yy,admixture,5x6,10,1.587783
i32,zmij_scalar,admixture,5x6,10,2.547521
i32,zmij_x64_native,admixture,5x6,10,1.477338
i32,zmij_x64_v1,admixture,5x6,10,2.138129
i32,zmij_x64_v2,admixture,5x6,10,1.518768
i32,zmij_x64_v3,admixture,5x6,10,1.485450
i32,zmij_x64_v4,admixture,5x6,10,1.471586
i32,amartin,admixture,5x6,20,1.787902
i32,branchlut,admixture,5x6,20,5.689139
i32,branchlut2,admixture,5x6,20,5.525539
i32,countlut,admixture,5x6,20,6.095568
i32,fmt,admixture,5x6,20,3.203066
i32,jeaiii,admixture,5x6,20,5.241347
i32,naive,admixture,5x6,20,8.738620
i32,null,admixture,5x6,20,0.900601
i32,sse2,admixture,5x6,20,5.650690
i32,tmueller,admixture,5x6,20,2.829439
i32,unrolledlut,admixture,5x6,20,5.593762
i32,yy,admixture,5x6,20,1.588681
i32,zmij_scalar,admixture,5x6,20,2.539810
i32,zmij_x64_native,admixture,5x6,20,1.468118
i32,zmij_x64_v1,admixture,5x6,20,2.135511
i32,zmij_x64_v2,admixture,5x6,20,1.515070
i32,zmij_x64_v3,admixture,5x6,20,1.485106
i32,zmij_x64_v4,admixture,5x6,20,1.484275
i32,amartin,admixture,5x6,30,1.793759
i32,branchlut,admixture,5x6,30,6.324247
i32,branchlut2,admixture,5x6,30,6.127686
i32,countlut,admixture,5x6,30,6.846040
i32,fmt,admixture,5x6,30,3.914127
i32,jeaiii,admixture,5x6,30,5.815399
i32,naive,admixture,5x6,30,9.324158
i32,null,admixture,5x6,30,0.876547
i32,sse2,admixture,5x6,30,6.290867
i32,tmueller,admixture,5x6,30,3.366741
i32,unrolledlut,admixture,5x6,30,6.289573
i32,yy,admixture,5x6,30,1.579785
i32,zmij_scalar,admixture,5x6,30,2.510556
i32,zmij_x64_native,admixture,5x6,30,1.472788
i32,zmij_x64_v1,admixture,5x6,30,2.130172
i32,zmij_x64_v2,admixture,5x6,30,1.522665
i32,zmij_x64_v3,admixture,5x6,30,1.474345
i32,zmij_x64_v4,admixture,5x6,30,1.480460
i32,amartin,admixture,5x6,40,1.781281
i32,branchlut,admixture,5x6,40,6.858997
i32,branchlut2,admixture,5x6,40,6.691201
i32,countlut,admixture,5x6,40,7.578488
i32,fmt,admixture,5x6,40,4.522150
i32,jeaiii,admixture,5x6,40,6.444139
i32,naive,admixture,5x6,40,9.942060
i32,null,admixture,5x6,40,1.060385
i32,sse2,admixture,5x6,40,6.831546
i32,tmueller,admixture,5x6,40,4.034578
i32,unrolledlut,admixture,5x6,40,6.941982
i32,yy,admixture,5x6,40,1.575017
i32,zmij_scalar,admixture,5x6,40,2.549436
i32,zmij_x64_native,admixture,5x6,40,1.464600
i32,zmij_x64_v1,admixture,5x6,40,2.151307
i32,zmij_x64_v2,admixture,5x6,40,1.513215
i32,zmij_x64_v3,admixture,5x6,40,1.483566
i32,zmij_x64_v4,admixture,5x6,40,1.470887
i32,amartin,admixture,5x6,50,1.783650
i32,branchlut,admixture,5x6,50,7.120928
i32,branchlut2,admixture,5x6,50,6.961188
i32,countlut,admixture,5x6,50,7.905871
i32,fmt,admixture,5x6,50,4.965981
i32,jeaiii,admixture,5x6,50,6.763802
i32,naive,admixture,5x6,50,10.180715
i32,null,admixture,5x6,50,0.831418
i32,sse2,admixture,5x6,50,7.119934
i32,tmueller,admixture,5x6,50,4.411647
i32,unrolledlut,admixture,5x6,50,7.247914
i32,yy,admixture,5x6,50,1.580377
i32,zmij_scalar,admixture,5x6,50,2.530507
i32,zmij_x64_native,admixture,5x6,50,1.452789
i32,zmij_x64_v1,admixture,5x6,50,2.145746
i32,zmij_x64_v2,admixture,5x6,50,1.518260
i32,zmij_x64_v3,admixture,5x6,50,1.470448
i32,zmij_x64_v4,admixture,5x6,50,1.478320
i32,amartin,admixture,5x6,60,1.784032
i32,branchlut,admixture,5x6,60,6.788128
i32,branchlut2,admixture,5x6,60,6.647488
i32,countlut,admixture,5x6,60,7.431666
i32,fmt,admixture,5x6,60,4.609417
i32,jeaiii,admixture,5x6,60,6.429395
i32,naive,admixture,5x6,60,9.731592
i32,null,admixture,5x6,60,0.981030
i32,sse2,admixture,5x6,60,6.814471
i32,tmueller,admixture,5x6,60,3.980755
i32,unrolledlut,admixture,5x6,60,6.944677
i32,yy,admixture,5x6,60,1.585947
i32,zmij_scalar,admixture,5x6,60,2.546254
i32,zmij_x64_native,admixture,5x6,60,1.469540
i32,zmij_x64_v1,admixture,5x6,60,2.132131
i32,zmij_x64_v2,admixture,5x6,60,1.512709
i32,zmij_x64_v3,admixture,5x6,60,1.481282
i32,zmij_x64_v4,admixture,5x6,60,1.478683
i32,amartin,admixture,5x6,70,1.775089
i32,branchlut,admixture,5x6,70,6.184701
i32,branchlut2,admixture,5x6,70,6.023720
i32,countlut,admixture,5x6,70,6.735873
i32,fmt,admixture,5x6,70,3.916603
i32,jeaiii,admixture,5x6,70,5.793022
i32,naive,admixture,5x6,70,9.009177
i32,null,admixture,5x6,70,0.819896
i32,sse2,admixture,5x6,70,6.259488
i32,tmueller,admixture,5x6,70,3.224936
i32,unrolledlut,admixture,5x6,70,6.271631
i32,yy,admixture,5x6,70,1.582049
i32,zmij_scalar,admixture,5x6,70,2.539804
i32,zmij_x64_native,admixture,5x6,70,1.465431
i32,zmij_x64_v1,admixture,5x6,70,2.100074
i32,zmij_x64_v2,admixture,5x6,70,1.512384
i32,zmij_x64_v3,admixture,5x6,70,1.455256
i32,zmij_x64_v4,admixture,5x6,70,1.459621
i32,amartin,admixture,5x6,80,1.789938
i32,branchlut,admixture,5x6,80,5.628371
i32,branchlut2,admixture,5x6,80,5.492309
i32,countlut,admixture,5x6,80,6.051659
i32,fmt,admixture,5x6,80,3.210345
i32,jeaiii,admixture,5x6,80,5.202247
i32,naive,admixture,5x6,80,8.293450
i32,null,admixture,5x6,80,0.792826
i32,sse2,admixture,5x6,80,5.656473
i32,tmueller,admixture,5x6,80,2.625141
i32,unrolledlut,admixture,5x6,80,5.579575
i32,yy,admixture,5x6,80,1.575190
i32,zmij_scalar,admixture,5x6,80,2.527249
i32,zmij_x64_native,admixture,5x6,80,1.442996
i32,zmij_x64_v1,admixture,5x6,80,2.115380
i32,zmij_x64_v2,admixture,5x6,80,1.528303
i32,zmij_x64_v3,admixture,5x6,80,1.461361
i32,zmij_x64_v4,admixture,5x6,80,1.465612
i32,amartin,admixture,5x6,90,1.784033
i32,branchlut,admixture,5x6,90,4.973243
i32,branchlut2,admixture,5x6,90,4.972249
i32,countlut,admixture,5x6,90,5.240391
i32,fmt,admixture,5x6,90,2.551500
i32,jeaiii,admixture,5x6,90,4.689927
i32,naive,admixture,5x6,90,7.580382
i32,null,admixture,5x6,90,1.091936
i32,sse2,admixture,5x6,90,5.068822
i32,tmueller,admixture,5x6,90,2.056332
i32,unrolledlut,admixture,5x6,90,5.091180
i32,yy,admixture,5x6,90,1.575982
i32,zmij_scalar,admixture,5x6,90,2.524125
i32,zmij_x64_native,admixture,5x6,90,1.471613
i32,zmij_x64_v1,admixture,5x6,90,2.128948
i32,zmij_x64_v2,admixture,5x6,90,1.535039
i32,zmij_x64_v3,admixture,5x6,90,1.450468
i32,zmij_x64_v4,admixture,5x6,90,1.457988
i32,amartin,admixture,5x6,100,1.792708
i32,branchlut,admixture,5x6,100,4.435431
i32,branchlut2,admixture,5x6,100,4.606121
i32,countlut,admixture,5x6,100,4.754749
i32,fmt,admixture,5x6,100,1.843111
i32,jeaiii,admixture,5x6,100,3.903856
i32,naive,admixture,5x6,100,7.002027
i32,null,admixture,5x6,100,0.793791
i32,sse2,admixture,5x6,100,4.477720
i32,tmueller,admixture,5x6,100,1.328765
i32,unrolledlut,admixture,5x6,100,4.718698
i32,yy,admixture,5x6,100,1.579757
i32,zmij_scalar,admixture,5x6,100,2.533909
i32,zmij_x64_native,admixture,5x6,100,1.477336
i32,zmij_x64_v1,admixture,5x6,100,2.127048
i32,zmij_x64_v2,admixture,5x6,100,1.516436
i32,zmij_x64_v3,admixture,5x6,100,1.465555
i32,zmij_x64_v4,admixture,5x6,100,1.474795
u64,amartin,bylength,,1,0.725779
u64,branchlut,bylength,,1,0.916497
u64,branchlut2,bylength,,1,0.963392
u64,countlut,bylength,,1,1.108398
u64,fmt,bylength,,1,1.672068
u64,jeaiii,bylength,,1,0.912158
u64,naive,bylength,,1,2.028928
u64,null,bylength,,1,0.806079
u64,sse2,bylength,,1,0.844395
u64,tmueller,bylength,,1,0.786195
u64,unrolledlut,bylength,,1,1.238041
u64,yy,bylength,,1,1.253386
u64,zmij_scalar,bylength,,1,4.780241
u64,zmij_x64_native,bylength,,1,2.040967
u64,zmij_x64_v1,bylength,,1,3.335850
u64,zmij_x64_v2,bylength,,1,2.385931
u64,zmij_x64_v3,bylength,,1,2.271615
u64,zmij_x64_v4,bylength,,1,2.329145
u64,amartin,bylength,,2,0.742891
u64,branchlut,bylength,,2,1.006332
u64,branchlut2,bylength,,2,1.071430
u64,countlut,bylength,,2,1.281403
u64,fmt,bylength,,2,1.722775
u64,jeaiii,bylength,,2,0.967166
u64,naive,bylength,,2,2.614325
u64,null,bylength,,2,0.830846
u64,sse2,bylength,,2,1.051452
u64,tmueller,bylength,,2,1.128340
u64,unrolledlut,bylength,,2,1.412210
u64,yy,bylength,,2,1.190954
u64,zmij_scalar,bylength,,2,4.775407
u64,zmij_x64_native,bylength,,2,2.034327
u64,zmij_x64_v1,bylength,,2,3.348338
u64,zmij_x64_v2,bylength,,2,2.389390
u64,zmij_x64_v3,bylength,,2,2.306433
u64,zmij_x64_v4,bylength,,2,2.334122
u64,amartin,bylength,,3,1.031959
u64,branchlut,bylength,,3,1.069633
u64,branchlut2,bylength,,3,0.995248
u64,countlut,bylength,,3,1.471700
u64,fmt,bylength,,3,1.681680
u64,jeaiii,bylength,,3,1.053868
u64,naive,bylength,,3,3.347775
u64,null,bylength,,3,0.795770
u64,sse2,bylength,,3,1.272286
u64,tmueller,bylength,,3,1.355414
u64,unrolledlut,bylength,,3,1.547813
u64,yy,bylength,,3,1.297129
u64,zmij_scalar,bylength,,3,4.760932
u64,zmij_x64_native,bylength,,3,2.035166
u64,zmij_x64_v1,bylength,,3,3.385892
u64,zmij_x64_v2,bylength,,3,2.396078
u64,zmij_x64_v3,bylength,,3,2.251693
u64,zmij_x64_v4,bylength,,3,2.315396
u64,amartin,bylength,,4,1.032246
u64,branchlut,bylength,,4,1.189492
u64,branchlut2,bylength,,4,1.161993
u64,countlut,bylength,,4,1.661777
u64,fmt,bylength,,4,1.543324
u64,jeaiii,bylength,,4,1.304047
u64,naive,bylength,,4,4.102515
u64,null,bylength,,4,1.086451
u64,sse2,bylength,,4,1.100574
u64,tmueller,bylength,,4,1.336554
u64,unrolledlut,bylength,,4,1.453822
u64,yy,bylength,,4,1.299289
u64,zmij_scalar,bylength,,4,4.783633
u64,zmij_x64_native,bylength,,4,2.046776
u64,zmij_x64_v1,bylength,,4,3.383080
u64,zmij_x64_v2,bylength,,4,2.395142
u64,zmij_x64_v3,bylength,,4,2.249448
u64,zmij_x64_v4,bylength,,4,2.319361
u64,amartin,bylength,,5,1.527644
u64,branchlut,bylength,,5,2.091054
u64,branchlut2,bylength,,5,1.890370
u64,countlut,bylength,,5,1.899839
u64,fmt,bylength,,5,2.000960
u64,jeaiii,bylength,,5,1.287278
u64,naive,bylength,,5,4.845369
u64,null,bylength,,5,0.820660
u64,sse2,bylength,,5,2.036323
u64,tmueller,bylength,,5,1.836509
u64,unrolledlut,bylength,,5,1.664165
u64,yy,bylength,,5,1.393119
u64,zmij_scalar,bylength,,5,4.786690
u64,zmij_x64_native,bylength,,5,2.030198
u64,zmij_x64_v1,bylength,,5,3.363130
u64,zmij_x64_v2,bylength,,5,2.386313
u64,zmij_x64_v3,bylength,,5,2.277530
u64,zmij_x64_v4,bylength,,5,2.325505
u64,amartin,bylength,,6,1.528637
u64,branchlut,bylength,,6,2.208533
u64,branchlut2,bylength,,6,1.908983
u64,countlut,bylength,,6,2.074285
u64,fmt,bylength,,6,1.999565
u64,jeaiii,bylength,,6,1.344378
u64,naive,bylength,,6,5.524661
u64,null,bylength,,6,0.959217
u64,sse2,bylength,,6,2.153811
u64,tmueller,bylength,,6,1.774803
u64,unrolledlut,bylength,,6,1.716002
u64,yy,bylength,,6,1.390015
u64,zmij_scalar,bylength,,6,4.789042
u64,zmij_x64_native,bylength,,6,2.057688
u64,zmij_x64_v1,bylength,,6,3.333424
u64,zmij_x64_v2,bylength,,6,2.432760
u64,zmij_x64_v3,bylength,,6,2.243782
u64,zmij_x64_v4,bylength,,6,2.321912
u64,amartin,bylength,,7,1.990182
u64,branchlut,bylength,,7,2.306630
u64,branchlut2,bylength,,7,2.428877
u64,countlut,bylength,,7,2.369698
u64,fmt,bylength,,7,2.558293
u64,jeaiii,bylength,,7,1.657449
u64,naive,bylength,,7,6.258104
u64,null,bylength,,7,0.795367
u64,sse2,bylength,,7,2.258286
u64,tmueller,bylength,,7,2.282087
u64,unrolledlut,bylength,,7,1.792145
u64,yy,bylength,,7,1.727631
u64,zmij_scalar,bylength,,7,4.824033
u64,zmij_x64_native,bylength,,7,2.052155
u64,zmij_x64_v1,bylength,,7,3.366006
u64,zmij_x64_v2,bylength,,7,2.401219
u64,zmij_x64_v3,bylength,,7,2.253613
u64,zmij_x64_v4,bylength,,7,2.337907
u64,amartin,bylength,,8,1.984426
u64,branchlut,bylength,,8,2.380309
u64,branchlut2,bylength,,8,2.482450
u64,countlut,bylength,,8,2.587327
u64,fmt,bylength,,8,2.554993
u64,jeaiii,bylength,,8,1.549848
u64,naive,bylength,,8,6.529818
u64,null,bylength,,8,0.782868
u64,sse2,bylength,,8,2.349455
u64,tmueller,bylength,,8,2.310013
u64,unrolledlut,bylength,,8,1.790565
u64,yy,bylength,,8,1.729901
u64,zmij_scalar,bylength,,8,4.779421
u64,zmij_x64_native,bylength,,8,2.043973
u64,zmij_x64_v1,bylength,,8,3.370300
u64,zmij_x64_v2,bylength,,8,2.432059
u64,zmij_x64_v3,bylength,,8,2.246481
u64,zmij_x64_v4,bylength,,8,2.389587
u64,amartin,bylength,,9,2.298709
u64,branchlut,bylength,,9,4.622577
u64,branchlut2,bylength,,9,4.041471
u64,countlut,bylength,,9,4.213633
u64,fmt,bylength,,9,3.086815
u64,jeaiii,bylength,,9,1.778574
u64,naive,bylength,,9,7.300332
u64,null,bylength,,9,0.747706
u64,sse2,bylength,,9,2.917117
u64,tmueller,bylength,,9,2.865463
u64,unrolledlut,bylength,,9,2.211358
u64,yy,bylength,,9,2.323074
u64,zmij_scalar,bylength,,9,4.961358
u64,zmij_x64_native,bylength,,9,2.074960
u64,zmij_x64_v1,bylength,,9,3.360564
u64,zmij_x64_v2,bylength,,9,2.391613
u64,zmij_x64_v3,bylength,,9,2.271821
u64,zmij_x64_v4,bylength,,9,2.339623
u64,amartin,bylength,,10,3.976660
u64,branchlut,bylength,,10,4.711170
u64,branchlut2,bylength,,10,3.962385
u64,countlut,bylength,,10,4.405488
u64,fmt,bylength,,10,3.108054
u64,jeaiii,bylength,,10,4.181758
u64,naive,bylength,,10,8.251388
u64,null,bylength,,10,1.089134
u64,sse2,bylength,,10,2.953139
u64,tmueller,bylength,,10,2.827062
u64,unrolledlut,bylength,,10,4.503063
u64,yy,bylength,,10,2.328884
u64,zmij_scalar,bylength,,10,4.993940
u64,zmij_x64_native,bylength,,10,2.059195
u64,zmij_x64_v1,bylength,,10,3.392066
u64,zmij_x64_v2,bylength,,10,2.425046
u64,zmij_x64_v3,bylength,,10,2.271315
u64,zmij_x64_v4,bylength,,10,2.342939
u64,amartin,bylength,,11,2.832871
u64,branchlut,bylength,,11,4.900416
u64,branchlut2,bylength,,11,4.501821
u64,countlut,bylength,,11,4.739577
u64,fmt,bylength,,11,3.772976
u64,jeaiii,bylength,,11,2.643624
u64,naive,bylength,,11,9.372684
u64,null,bylength,,11,0.779677
u64,sse2,bylength,,11,2.911489
u64,tmueller,bylength,,11,3.426781
u64,unrolledlut,bylength,,11,2.771777
u64,yy,bylength,,11,2.788774
u64,zmij_scalar,bylength,,11,5.013863
u64,zmij_x64_native,bylength,,11,2.061517
u64,zmij_x64_v1,bylength,,11,3.369718
u64,zmij_x64_v2,bylength,,11,2.432316
u64,zmij_x64_v3,bylength,,11,2.256323
u64,zmij_x64_v4,bylength,,11,2.330824
u64,amartin,bylength,,12,2.815940
u64,branchlut,bylength,,12,4.986115
u64,branchlut2,bylength,,12,4.625750
u64,countlut,bylength,,12,4.781639
u64,fmt,bylength,,12,3.686503
u64,jeaiii,bylength,,12,2.652559
u64,naive,bylength,,12,10.331231
u64,null,bylength,,12,1.088972
u64,sse2,bylength,,12,2.918044
u64,tmueller,bylength,,12,3.380277
u64,unrolledlut,bylength,,12,2.700563
u64,yy,bylength,,12,2.780051
u64,zmij_scalar,bylength,,12,4.991839
u64,zmij_x64_native,bylength,,12,2.045789
u64,zmij_x64_v1,bylength,,12,3.382320
u64,zmij_x64_v2,bylength,,12,2.402353
u64,zmij_x64_v3,bylength,,12,2.248499
u64,zmij_x64_v4,bylength,,12,2.337072
u64,amartin,bylength,,13,3.231028
u64,branchlut,bylength,,13,5.123784
u64,branchlut2,bylength,,13,5.538815
u64,countlut,bylength,,13,5.128867
u64,fmt,bylength,,13,4.474560
u64,jeaiii,bylength,,13,2.825093
u64,naive,bylength,,13,11.480599
u64,null,bylength,,13,1.003522
u64,sse2,bylength,,13,2.907418
u64,tmueller,bylength,,13,4.019581
u64,unrolledlut,bylength,,13,3.122751
u64,yy,bylength,,13,3.091209
u64,zmij_scalar,bylength,,13,5.017742
u64,zmij_x64_native,bylength,,13,2.063781
u64,zmij_x64_v1,bylength,,13,3.398125
u64,zmij_x64_v2,bylength,,13,2.433176
u64,zmij_x64_v3,bylength,,13,2.290282
u64,zmij_x64_v4,bylength,,13,2.356058
u64,amartin,bylength,,14,3.228552
u64,branchlut,bylength,,14,5.236972
u64,branchlut2,bylength,,14,5.479497
u64,countlut,bylength,,14,5.321276
u64,fmt,bylength,,14,4.399659
u64,jeaiii,bylength,,14,2.818988
u64,naive,bylength,,14,12.330199
u64,null,bylength,,14,0.929892
u64,sse2,bylength,,14,2.903932
u64,tmueller,bylength,,14,4.000844
u64,unrolledlut,bylength,,14,3.099693
u64,yy,bylength,,14,3.099016
u64,zmij_scalar,bylength,,14,4.997037
u64,zmij_x64_native,bylength,,14,2.066877
u64,zmij_x64_v1,bylength,,14,3.375039
u64,zmij_x64_v2,bylength,,14,2.393781
u64,zmij_x64_v3,bylength,,14,2.280622
u64,zmij_x64_v4,bylength,,14,2.334024
u64,amartin,bylength,,15,3.854968
u64,branchlut,bylength,,15,5.436117
u64,branchlut2,bylength,,15,5.917583
u64,countlut,bylength,,15,5.499964
u64,fmt,bylength,,15,5.252882
u64,jeaiii,bylength,,15,3.196831
u64,naive,bylength,,15,13.473855
u64,null,bylength,,15,1.101117
u64,sse2,bylength,,15,2.906922
u64,tmueller,bylength,,15,4.673496
u64,unrolledlut,bylength,,15,3.545864
u64,yy,bylength,,15,3.493971
u64,zmij_scalar,bylength,,15,5.000401
u64,zmij_x64_native,bylength,,15,2.038012
u64,zmij_x64_v1,bylength,,15,3.343853
u64,zmij_x64_v2,bylength,,15,2.389902
u64,zmij_x64_v3,bylength,,15,2.257384
u64,zmij_x64_v4,bylength,,15,2.329725
u64,amartin,bylength,,16,3.840253
u64,branchlut,bylength,,16,5.548206
u64,branchlut2,bylength,,16,6.079951
u64,countlut,bylength,,16,5.719099
u64,fmt,bylength,,16,5.190621
u64,jeaiii,bylength,,16,3.365810
u64,naive,bylength,,16,12.903481
u64,null,bylength,,16,0.795300
u64,sse2,bylength,,16,2.794116
u64,tmueller,bylength,,16,4.669693
u64,unrolledlut,bylength,,16,3.533968
u64,yy,bylength,,16,3.486127
u64,zmij_scalar,bylength,,16,4.974975
u64,zmij_x64_native,bylength,,16,2.048274
u64,zmij_x64_v1,bylength,,16,3.377467
u64,zmij_x64_v2,bylength,,16,2.391861
u64,zmij_x64_v3,bylength,,16,2.255473
u64,zmij_x64_v4,bylength,,16,2.332257
u64,amartin,bylength,,17,4.184376
u64,branchlut,bylength,,17,6.661793
u64,branchlut2,bylength,,17,6.965908
u64,countlut,bylength,,17,6.871420
u64,fmt,bylength,,17,5.948685
u64,jeaiii,bylength,,17,3.632776
u64,naive,bylength,,17,14.038662
u64,null,bylength,,17,1.081175
u64,sse2,bylength,,17,2.603246
u64,tmueller,bylength,,17,5.379409
u64,unrolledlut,bylength,,17,4.005708
u64,yy,bylength,,17,3.596831
u64,zmij_scalar,bylength,,17,4.951450
u64,zmij_x64_native,bylength,,17,2.035728
u64,zmij_x64_v1,bylength,,17,3.367817
u64,zmij_x64_v2,bylength,,17,2.407140
u64,zmij_x64_v3,bylength,,17,2.256887
u64,zmij_x64_v4,bylength,,17,2.322682
u64,amartin,bylength,,18,5.557046
u64,branchlut,bylength,,18,6.734516
u64,branchlut2,bylength,,18,6.889421
u64,countlut,bylength,,18,7.126177
u64,fmt,bylength,,18,5.880988
u64,jeaiii,bylength,,18,5.662801
u64,naive,bylength,,18,15.232281
u64,null,bylength,,18,0.898436
u64,sse2,bylength,,18,2.641609
u64,tmueller,bylength,,18,5.342221
u64,unrolledlut,bylength,,18,5.271419
u64,yy,bylength,,18,3.603117
u64,zmij_scalar,bylength,,18,4.932207
u64,zmij_x64_native,bylength,,18,2.065406
u64,zmij_x64_v1,bylength,,18,3.390071
u64,zmij_x64_v2,bylength,,18,2.412251
u64,zmij_x64_v3,bylength,,18,2.284558
u64,zmij_x64_v4,bylength,,18,2.346915
u64,amartin,bylength,,19,4.480056
u64,branchlut,bylength,,19,7.392588
u64,branchlut2,bylength,,19,7.697000
u64,countlut,bylength,,19,7.454236
u64,fmt,bylength,,19,6.582305
u64,jeaiii,bylength,,19,4.152166
u64,naive,bylength,,19,16.228024
u64,null,bylength,,19,1.077831
u64,sse2,bylength,,19,3.015305
u64,tmueller,bylength,,19,6.030372
u64,unrolledlut,bylength,,19,3.779531
u64,yy,bylength,,19,4.058785
u64,zmij_scalar,bylength,,19,4.953667
u64,zmij_x64_native,bylength,,19,2.079948
u64,zmij_x64_v1,bylength,,19,3.351306
u64,zmij_x64_v2,bylength,,19,2.420898
u64,zmij_x64_v3,bylength,,19,2.287225
u64,zmij_x64_v4,bylength,,19,2.321279
u64,amartin,bylength,,20,4.503609
u64,branchlut,bylength,,20,7.851446
u64,branchlut2,bylength,,20,7.798627
u64,countlut,bylength,,20,7.568390
u64,fmt,bylength,,20,6.506295
u64,jeaiii,bylength,,20,4.235466
u64,naive,bylength,,20,17.221257
u64,null,bylength,,20,0.754232
u64,sse2,bylength,,20,3.146361
u64,tmueller,bylength,,20,6.090740
u64,unrolledlut,bylength,,20,3.767856
u64,yy,bylength,,20,4.097588
u64,zmij_scalar,bylength,,20,4.943004
u64,zmij_x64_native,bylength,,20,2.164883
u64,zmij_x64_v1,bylength,,20,3.352186
u64,zmij_x64_v2,bylength,,20,2.370592
u64,zmij_x64_v3,bylength,,20,2.239422
u64,zmij_x64_v4,bylength,,20,2.335649
u64,amartin,loguniform,1-20,20,9.372196
u64,branchlut,loguniform,1-20,20,11.043775
u64,branchlut2,loguniform,1-20,20,12.266138
u64,countlut,loguniform,1-20,20,11.437081
u64,fmt,loguniform,1-20,20,12.496728
u64,jeaiii,loguniform,1-20,20,11.922178
u64,naive,loguniform,1-20,20,16.341029
u64,null,loguniform,1-20,20,0.879208
u64,sse2,loguniform,1-20,20,13.761784
u64,tmueller,loguniform,1-20,20,11.566523
u64,unrolledlut,loguniform,1-20,20,11.229119
u64,yy,loguniform,1-20,20,8.635002
u64,zmij_scalar,loguniform,1-20,20,4.897009
u64,zmij_x64_native,loguniform,1-20,20,2.054767
u64,zmij_x64_v1,loguniform,1-20,20,3.365381
u64,zmij_x64_v2,loguniform,1-20,20,2.391509
u64,zmij_x64_v3,loguniform,1-20,20,2.315920
u64,zmij_x64_v4,loguniform,1-20,20,2.398075
u64,amartin,loguniform,1-4,4,3.501841
u64,branchlut,loguniform,1-4,4,5.251370
u64,branchlut2,loguniform,1-4,4,5.995819
u64,countlut,loguniform,1-4,4,6.184616
u64,fmt,loguniform,1-4,4,6.841504
u64,jeaiii,loguniform,1-4,4,6.095011
u64,naive,loguniform,1-4,4,7.051378
u64,null,loguniform,1-4,4,0.772866
u64,sse2,loguniform,1-4,4,5.425261
u64,tmueller,loguniform,1-4,4,5.409983
u64,unrolledlut,loguniform,1-4,4,6.368560
u64,yy,loguniform,1-4,4,3.513288
u64,zmij_scalar,loguniform,1-4,4,4.757452
u64,zmij_x64_native,loguniform,1-4,4,2.057669
u64,zmij_x64_v1,loguniform,1-4,4,3.345654
u64,zmij_x64_v2,loguniform,1-4,4,2.384278
u64,zmij_x64_v3,loguniform,1-4,4,2.261764
u64,zmij_x64_v4,loguniform,1-4,4,2.323365
u64,amartin,uniform,0-255,0,3.182856
u64,branchlut,uniform,0-255,0,3.457905
u64,branchlut2,uniform,0-255,0,3.459732
u64,countlut,uniform,0-255,0,3.544389
u64,fmt,uniform,0-255,0,3.855748
u64,jeaiii,uniform,0-255,0,3.443642
u64,naive,uniform,0-255,0,5.433497
u64,null,uniform,0-255,0,0.927140
u64,sse2,uniform,0-255,0,3.730874
u64,tmueller,uniform,0-255,0,3.417574
u64,unrolledlut,uniform,0-255,0,3.879225
u64,yy,uniform,0-255,0,3.348903
u64,zmij_scalar,uniform,0-255,0,4.749284
u64,zmij_x64_native,uniform,0-255,0,2.033456
u64,zmij_x64_v1,uniform,0-255,0,3.348147
u64,zmij_x64_v2,uniform,0-255,0,2.404879
u64,zmij_x64_v3,uniform,0-255,0,2.257244
u64,zmij_x64_v4,uniform,0-255,0,2.317355
u64,amartin,unpredictable,,1,2.611644
u64,branchlut,unpredictable,,1,2.955803
u64,branchlut2,unpredictable,,1,2.781446
u64,countlut,unpredictable,,1,3.472958
u64,fmt,unpredictable,,1,6.129448
u64,jeaiii,unpredictable,,1,2.845758
u64,naive,unpredictable,,1,6.192263
u64,null,unpredictable,,1,1.249623
u64,sse2,unpredictable,,1,2.306396
u64,tmueller,unpredictable,,1,5.944894
u64,unrolledlut,unpredictable,,1,2.827573
u64,yy,unpredictable,,1,2.925312
u64,zmij_scalar,unpredictable,,1,4.767994
u64,zmij_x64_native,unpredictable,,1,2.038565
u64,zmij_x64_v1,unpredictable,,1,3.339797
u64,zmij_x64_v2,unpredictable,,1,2.366225
u64,zmij_x64_v3,unpredictable,,1,2.248069
u64,zmij_x64_v4,unpredictable,,1,2.342651
u64,amartin,unpredictable,,2,2.541167
u64,branchlut,unpredictable,,2,2.989513
u64,branchlut2,unpredictable,,2,2.573415
u64,countlut,unpredictable,,2,3.766769
u64,fmt,unpredictable,,2,6.152092
u64,jeaiii,unpredictable,,2,3.138407
u64,naive,unpredictable,,2,7.143019
u64,null,unpredictable,,2,1.256120
u64,sse2,unpredictable,,2,2.598779
u64,tmueller,unpredictable,,2,6.108323
u64,unrolledlut,unpredictable,,2,2.789660
u64,yy,unpredictable,,2,3.014462
u64,zmij_scalar,unpredictable,,2,4.739233
u64,zmij_x64_native,unpredictable,,2,2.080513
u64,zmij_x64_v1,unpredictable,,2,3.395522
u64,zmij_x64_v2,unpredictable,,2,2.405686
u64,zmij_x64_v3,unpredictable,,2,2.250590
u64,zmij_x64_v4,unpredictable,,2,2.334892
u64,amartin,unpredictable,,3,2.487334
u64,branchlut,unpredictable,,3,3.334047
u64,branchlut2,unpredictable,,3,2.848044
u64,countlut,unpredictable,,3,3.376297
u64,fmt,unpredictable,,3,5.095987
u64,jeaiii,unpredictable,,3,2.050980
u64,naive,unpredictable,,3,7.390570
u64,null,unpredictable,,3,0.917609
u64,sse2,unpredictable,,3,2.822612
u64,tmueller,unpredictable,,3,4.901286
u64,unrolledlut,unpredictable,,3,2.670991
u64,yy,unpredictable,,3,2.777958
u64,zmij_scalar,unpredictable,,3,4.784008
u64,zmij_x64_native,unpredictable,,3,2.073576
u64,zmij_x64_v1,unpredictable,,3,3.327949
u64,zmij_x64_v2,unpredictable,,3,2.404292
u64,zmij_x64_v3,unpredictable,,3,2.294448
u64,zmij_x64_v4,unpredictable,,3,2.347486
u64,amartin,unpredictable,,4,2.484468
u64,branchlut,unpredictable,,4,3.317533
u64,branchlut2,unpredictable,,4,2.977674
u64,countlut,unpredictable,,4,3.547045
u64,fmt,unpredictable,,4,4.978596
u64,jeaiii,unpredictable,,4,2.398149
u64,naive,unpredictable,,4,8.214548
u64,null,unpredictable,,4,0.846749
u64,sse2,unpredictable,,4,2.667842
u64,tmueller,unpredictable,,4,5.076060
u64,unrolledlut,unpredictable,,4,2.544177
u64,yy,unpredictable,,4,2.812967
u64,zmij_scalar,unpredictable,,4,4.778179
u64,zmij_x64_native,unpredictable,,4,2.032526
u64,zmij_x64_v1,unpredictable,,4,3.343389
u64,zmij_x64_v2,unpredictable,,4,2.375876
u64,zmij_x64_v3,unpredictable,,4,2.246558
u64,zmij_x64_v4,unpredictable,,4,2.340380
u64,amartin,unpredictable,,5,2.291005
u64,branchlut,unpredictable,,5,3.618402
u64,branchlut2,unpredictable,,5,3.441091
u64,countlut,unpredictable,,5,3.626875
u64,fmt,unpredictable,,5,4.934164
u64,jeaiii,unpredictable,,5,2.394308
u64,naive,unpredictable,,5,8.403473
u64,null,unpredictable,,5,0.715722
u64,sse2,unpredictable,,5,2.775867
u64,tmueller,unpredictable,,5,5.405841
u64,unrolledlut,unpredictable,,5,2.744428
u64,yy,unpredictable,,5,2.393661
u64,zmij_scalar,unpredictable,,5,4.782665
u64,zmij_x64_native,unpredictable,,5,2.048622
u64,zmij_x64_v1,unpredictable,,5,3.324107
u64,zmij_x64_v2,unpredictable,,5,2.390676
u64,zmij_x64_v3,unpredictable,,5,2.245706
u64,zmij_x64_v4,unpredictable,,5,2.347305
u64,amartin,unpredictable,,6,2.462346
u64,branchlut,unpredictable,,6,3.721504
u64,branchlut2,unpredictable,,6,3.715739
u64,countlut,unpredictable,,6,3.727985
u64,fmt,unpredictable,,6,5.124098
u64,jeaiii,unpredictable,,6,2.868694
u64,naive,unpredictable,,6,9.065804
u64,null,unpredictable,,6,0.783505
u64,sse2,unpredictable,,6,3.273740
u64,tmueller,unpredictable,,6,5.463000
u64,unrolledlut,unpredictable,,6,3.019383
u64,yy,unpredictable,,6,2.532784
u64,zmij_scalar,unpredictable,,6,4.931112
u64,zmij_x64_native,unpredictable,,6,2.093109
u64,zmij_x64_v1,unpredictable,,6,3.420115
u64,zmij_x64_v2,unpredictable,,6,2.446149
u64,zmij_x64_v3,unpredictable,,6,2.299863
u64,zmij_x64_v4,unpredictable,,6,2.449753
u64,amartin,unpredictable,,7,2.799026
u64,branchlut,unpredictable,,7,3.830357
u64,branchlut2,unpredictable,,7,3.920581
u64,countlut,unpredictable,,7,3.701616
u64,fmt,unpredictable,,7,4.525993
u64,jeaiii,unpredictable,,7,2.768713
u64,naive,unpredictable,,7,9.626593
u64,null,unpredictable,,7,0.660111
u64,sse2,unpredictable,,7,3.736869
u64,tmueller,unpredictable,,7,4.936826
u64,unrolledlut,unpredictable,,7,3.756650
u64,yy,unpredictable,,7,3.073214
u64,zmij_scalar,unpredictable,,7,4.918386
u64,zmij_x64_native,unpredictable,,7,2.111704
u64,zmij_x64_v1,unpredictable,,7,3.458146
u64,zmij_x64_v2,unpredictable,,7,2.529672
u64,zmij_x64_v3,unpredictable,,7,2.330171
u64,zmij_x64_v4,unpredictable,,7,2.432344
u64,amartin,unpredictable,,8,2.920339
u64,branchlut,unpredictable,,8,4.416857
u64,branchlut2,unpredictable,,8,4.094253
u64,countlut,unpredictable,,8,3.771080
u64,fmt,unpredictable,,8,4.583384
u64,jeaiii,unpredictable,,8,3.087675
u64,naive,unpredictable,,8,9.356510
u64,null,unpredictable,,8,0.777181
u64,sse2,unpredictable,,8,3.873296
u64,tmueller,unpredictable,,8,4.931897
u64,unrolledlut,unpredictable,,8,3.590468
u64,yy,unpredictable,,8,2.973309
u64,zmij_scalar,unpredictable,,8,4.972429
u64,zmij_x64_native,unpredictable,,8,2.054239
u64,zmij_x64_v1,unpredictable,,8,3.400186
u64,zmij_x64_v2,unpredictable,,8,2.565169
u64,zmij_x64_v3,unpredictable,,8,2.312915
u64,zmij_x64_v4,unpredictable,,8,2.370274
u64,amartin,unpredictable,,9,4.410880
u64,branchlut,unpredictable,,9,4.532055
u64,branchlut2,unpredictable,,9,3.964326
u64,countlut,unpredictable,,9,4.773287
u64,fmt,unpredictable,,9,4.905598
u64,jeaiii,unpredictable,,9,2.933937
u64,naive,unpredictable,,9,9.691698
u64,null,unpredictable,,9,1.139621
u64,sse2,unpredictable,,9,5.311744
u64,tmueller,unpredictable,,9,5.286004
u64,unrolledlut,unpredictable,,9,4.714328
u64,yy,unpredictable,,9,3.175360
u64,zmij_scalar,unpredictable,,9,5.078604
u64,zmij_x64_native,unpredictable,,9,2.097984
u64,zmij_x64_v1,unpredictable,,9,3.516948
u64,zmij_x64_v2,unpredictable,,9,2.405601
u64,zmij_x64_v3,unpredictable,,9,2.275060
u64,zmij_x64_v4,unpredictable,,9,2.363264
u64,amartin,unpredictable,,10,7.159432
u64,branchlut,unpredictable,,10,4.662233
u64,branchlut2,unpredictable,,10,4.101974
u64,countlut,unpredictable,,10,4.785252
u64,fmt,unpredictable,,10,5.021978
u64,jeaiii,unpredictable,,10,7.171581
u64,naive,unpredictable,,10,10.619473
u64,null,unpredictable,,10,0.686828
u64,sse2,unpredictable,,10,5.534989
u64,tmueller,unpredictable,,10,4.623403
u64,unrolledlut,unpredictable,,10,7.600110
u64,yy,unpredictable,,10,3.029739
u64,zmij_scalar,unpredictable,,10,5.012943
u64,zmij_x64_native,unpredictable,,10,2.074404
u64,zmij_x64_v1,unpredictable,,10,3.396134
u64,zmij_x64_v2,unpredictable,,10,2.455400
u64,zmij_x64_v3,unpredictable,,10,2.301774
u64,zmij_x64_v4,unpredictable,,10,2.352390
u64,amartin,unpredictable,,11,3.424870
u64,branchlut,unpredictable,,11,5.120543
u64,branchlut2,unpredictable,,11,4.541898
u64,countlut,unpredictable,,11,4.725582
u64,fmt,unpredictable,,11,4.902702
u64,jeaiii,unpredictable,,11,2.848310
u64,naive,unpredictable,,11,11.270229
u64,null,unpredictable,,11,0.623757
u64,sse2,unpredictable,,11,5.023744
u64,tmueller,unpredictable,,11,4.461272
u64,unrolledlut,unpredictable,,11,3.183028
u64,yy,unpredictable,,11,2.972517
u64,zmij_scalar,unpredictable,,11,5.072412
u64,zmij_x64_native,unpredictable,,11,2.057913
u64,zmij_x64_v1,unpredictable,,11,3.348466
u64,zmij_x64_v2,unpredictable,,11,2.397651
u64,zmij_x64_v3,unpredictable,,11,2.324019
u64,zmij_x64_v4,unpredictable,,11,2.371864
u64,amartin,unpredictable,,12,3.350339
u64,branchlut,unpredictable,,12,5.368820
u64,branchlut2,unpredictable,,12,4.673470
u64,countlut,unpredictable,,12,5.262190
u64,fmt,unpredictable,,12,5.339882
u64,jeaiii,unpredictable,,12,3.202953
u64,naive,unpredictable,,12,12.382353
u64,null,unpredictable,,12,0.853192
u64,sse2,unpredictable,,12,5.330134
u64,tmueller,unpredictable,,12,5.226510
u64,unrolledlut,unpredictable,,12,3.193480
u64,yy,unpredictable,,12,3.002254
u64,zmij_scalar,unpredictable,,12,5.135153
u64,zmij_x64_native,unpredictable,,12,2.083714
u64,zmij_x64_v1,unpredictable,,12,3.362609
u64,zmij_x64_v2,unpredictable,,12,2.436616
u64,zmij_x64_v3,unpredictable,,12,2.287557
u64,zmij_x64_v4,unpredictable,,12,2.357262
u64,amartin,unpredictable,,13,3.552354
u64,branchlut,unpredictable,,13,5.705862
u64,branchlut2,unpredictable,,13,5.766906
u64,countlut,unpredictable,,13,5.398424
u64,fmt,unpredictable,,13,5.599260
u64,jeaiii,unpredictable,,13,3.248587
u64,naive,unpredictable,,13,13.104214
u64,null,unpredictable,,13,1.111653
u64,sse2,unpredictable,,13,5.296538
u64,tmueller,unpredictable,,13,5.459937
u64,unrolledlut,unpredictable,,13,3.639640
u64,yy,unpredictable,,13,3.044392
u64,zmij_scalar,unpredictable,,13,5.094391
u64,zmij_x64_native,unpredictable,,13,2.114286
u64,zmij_x64_v1,unpredictable,,13,3.411950
u64,zmij_x64_v2,unpredictable,,13,2.450011
u64,zmij_x64_v3,unpredictable,,13,2.307069
u64,zmij_x64_v4,unpredictable,,13,2.403011
u64,amartin,unpredictable,,14,3.513406
u64,branchlut,unpredictable,,14,6.093376
u64,branchlut2,unpredictable,,14,5.553197
u64,countlut,unpredictable,,14,5.364622
u64,fmt,unpredictable,,14,5.548351
u64,jeaiii,unpredictable,,14,3.263741
u64,naive,unpredictable,,14,13.940828
u64,null,unpredictable,,14,0.719041
u64,sse2,unpredictable,,14,5.300361
u64,tmueller,unpredictable,,14,5.451760
u64,unrolledlut,unpredictable,,14,3.632703
u64,yy,unpredictable,,14,3.057024
u64,zmij_scalar,unpredictable,,14,5.096109
u64,zmij_x64_native,unpredictable,,14,2.091930
u64,zmij_x64_v1,unpredictable,,14,3.397618
u64,zmij_x64_v2,unpredictable,,14,2.436044
u64,zmij_x64_v3,unpredictable,,14,2.333556
u64,zmij_x64_v4,unpredictable,,14,2.427320
u64,amartin,unpredictable,,15,3.998462
u64,branchlut,unpredictable,,15,6.429155
u64,branchlut2,unpredictable,,15,6.025466
u64,countlut,unpredictable,,15,5.677509
u64,fmt,unpredictable,,15,5.982000
u64,jeaiii,unpredictable,,15,3.771124
u64,naive,unpredictable,,15,14.964788
u64,null,unpredictable,,15,1.134154
u64,sse2,unpredictable,,15,5.019931
u64,tmueller,unpredictable,,15,5.616815
u64,unrolledlut,unpredictable,,15,4.510571
u64,yy,unpredictable,,15,3.501236
u64,zmij_scalar,unpredictable,,15,5.032909
u64,zmij_x64_native,unpredictable,,15,2.063145
u64,zmij_x64_v1,unpredictable,,15,3.409509
u64,zmij_x64_v2,unpredictable,,15,2.443894
u64,zmij_x64_v3,unpredictable,,15,2.256213
u64,zmij_x64_v4,unpredictable,,15,2.381683
u64,amartin,unpredictable,,16,4.134391
u64,branchlut,unpredictable,,16,7.011631
u64,branchlut2,unpredictable,,16,6.357810
u64,countlut,unpredictable,,16,5.828077
u64,fmt,unpredictable,,16,5.984297
u64,jeaiii,unpredictable,,16,4.023817
u64,naive,unpredictable,,16,13.901394
u64,null,unpredictable,,16,1.110038
u64,sse2,unpredictable,,16,5.031110
u64,tmueller,unpredictable,,16,5.577086
u64,unrolledlut,unpredictable,,16,4.533008
u64,yy,unpredictable,,16,3.466745
u64,zmij_scalar,unpredictable,,16,5.059189
u64,zmij_x64_native,unpredictable,,16,2.082447
u64,zmij_x64_v1,unpredictable,,16,3.404216
u64,zmij_x64_v2,unpredictable,,16,2.421000
u64,zmij_x64_v3,unpredictable,,16,2.287021
u64,zmij_x64_v4,unpredictable,,16,2.362438
u64,amartin,unpredictable,,17,5.293166
u64,branchlut,unpredictable,,17,7.578815
u64,branchlut2,unpredictable,,17,7.528640
u64,countlut,unpredictable,,17,8.282204
u64,fmt,unpredictable,,17,6.545786
u64,jeaiii,unpredictable,,17,4.402081
u64,naive,unpredictable,,17,15.127089
u64,null,unpredictable,,17,0.801774
u64,sse2,unpredictable,,17,3.625859
u64,tmueller,unpredictable,,17,5.443069
u64,unrolledlut,unpredictable,,17,5.376866
u64,yy,unpredictable,,17,4.434799
u64,zmij_scalar,unpredictable,,17,5.074341
u64,zmij_x64_native,unpredictable,,17,2.116117
u64,zmij_x64_v1,unpredictable,,17,3.406796
u64,zmij_x64_v2,unpredictable,,17,2.449075
u64,zmij_x64_v3,unpredictable,,17,2.331048
u64,zmij_x64_v4,unpredictable,,17,2.396513
u64,amartin,unpredictable,,18,8.071607
u64,branchlut,unpredictable,,18,7.464062
u64,branchlut2,unpredictable,,18,7.154555
u64,countlut,unpredictable,,18,8.037846
u64,fmt,unpredictable,,18,6.079599
u64,jeaiii,unpredictable,,18,7.913313
u64,naive,unpredictable,,18,16.383366
u64,null,unpredictable,,18,0.661029
u64,sse2,unpredictable,,18,3.887858
u64,tmueller,unpredictable,,18,5.324872
u64,unrolledlut,unpredictable,,18,8.143346
u64,yy,unpredictable,,18,4.586914
u64,zmij_scalar,unpredictable,,18,5.077591
u64,zmij_x64_native,unpredictable,,18,2.075720
u64,zmij_x64_v1,unpredictable,,18,3.593482
u64,zmij_x64_v2,unpredictable,,18,2.470994
u64,zmij_x64_v3,unpredictable,,18,2.324763
u64,zmij_x64_v4,unpredictable,,18,2.440025
u64,amartin,unpredictable,,19,5.380212
u64,branchlut,unpredictable,,19,7.721800
u64,branchlut2,unpredictable,,19,7.789399
u64,countlut,unpredictable,,19,8.125082
u64,fmt,unpredictable,,19,6.727657
u64,jeaiii,unpredictable,,19,5.121305
u64,naive,unpredictable,,19,16.529041
u64,null,unpredictable,,19,0.759694
u64,sse2,unpredictable,,19,3.560887
u64,tmueller,unpredictable,,19,6.148038
u64,unrolledlut,unpredictable,,19,5.158708
u64,yy,unpredictable,,19,4.651680
u64,zmij_scalar,unpredictable,,19,5.067041
u64,zmij_x64_native,unpredictable,,19,2.131121
u64,zmij_x64_v1,unpredictable,,19,3.294660
u64,zmij_x64_v2,unpredictable,,19,2.404912
u64,zmij_x64_v3,unpredictable,,19,2.237639
u64,zmij_x64_v4,unpredictable,,19,2.339146
u64,amartin,unpredictable,,20,5.273198
u64,branchlut,unpredictable,,20,8.351492
u64,branchlut2,unpredictable,,20,7.625262
u64,countlut,unpredictable,,20,8.306360
u64,fmt,unpredictable,,20,6.555000
u64,jeaiii,unpredictable,,20,5.236481
u64,naive,unpredictable,,20,17.600405
u64,null,unpredictable,,20,0.856755
u64,sse2,unpredictable,,20,3.581756
u64,tmueller,unpredictable,,20,6.107255
u64,unrolledlut,unpredictable,,20,4.928512
u64,yy,unpredictable,,20,4.647383
u64,zmij_scalar,unpredictable,,20,4.957581
u64,zmij_x64_native,unpredictable,,20,2.112488
u64,zmij_x64_v1,unpredictable,,20,3.336089
u64,zmij_x64_v2,unpredictable,,20,2.361417
u64,zmij_x64_v3,unpredictable,,20,2.283751
u64,zmij_x64_v4,unpredictable,,20,2.335056
u64,amartin,admixture,5x6,0,1.520620
u64,branchlut,admixture,5x6,0,2.203660
u64,branchlut2,admixture,5x6,0,1.912528
u64,countlut,admixture,5x6,0,2.030294
u64,fmt,admixture,5x6,0,1.994578
u64,jeaiii,admixture,5x6,0,1.318226
u64,naive,admixture,5x6,0,5.544134
u64,null,admixture,5x6,0,0.787895
u64,sse2,admixture,5x6,0,2.130555
u64,tmueller,admixture,5x6,0,1.766681
u64,unrolledlut,admixture,5x6,0,1.669688
u64,yy,admixture,5x6,0,1.370855
u64,zmij_scalar,admixture,5x6,0,4.765669
u64,zmij_x64_native,admixture,5x6,0,2.033360
u64,zmij_x64_v1,admixture,5x6,0,3.363283
u64,zmij_x64_v2,admixture,5x6,0,2.403655
u64,zmij_x64_v3,admixture,5x6,0,2.253202
u64,zmij_x64_v4,admixture,5x6,0,2.336675
u64,amartin,admixture,5x6,10,1.512432
u64,branchlut,admixture,5x6,10,2.618644
u64,branchlut2,admixture,5x6,10,2.378726
u64,countlut,admixture,5x6,10,2.626333
u64,fmt,admixture,5x6,10,2.711995
u64,jeaiii,admixture,5x6,10,1.897123
u64,naive,admixture,5x6,10,6.067423
u64,null,admixture,5x6,10,0.868711
u64,sse2,admixture,5x6,10,2.564505
u64,tmueller,admixture,5x6,10,2.528272
u64,unrolledlut,admixture,5x6,10,2.447666
u64,yy,admixture,5x6,10,1.380229
u64,zmij_scalar,admixture,5x6,10,4.783200
u64,zmij_x64_native,admixture,5x6,10,2.049786
u64,zmij_x64_v1,admixture,5x6,10,3.354110
u64,zmij_x64_v2,admixture,5x6,10,2.395949
u64,zmij_x64_v3,admixture,5x6,10,2.261315
u64,zmij_x64_v4,admixture,5x6,10,2.352497
u64,amartin,admixture,5x6,20,1.495929
u64,branchlut,admixture,5x6,20,2.991034
u64,branchlut2,admixture,5x6,20,2.859242
u64,countlut,admixture,5x6,20,3.114398
u64,fmt,admixture,5x6,20,3.462707
u64,jeaiii,admixture,5x6,20,2.508594
u64,naive,admixture,5x6,20,6.645807
u64,null,admixture,5x6,20,0.780519
u64,sse2,admixture,5x6,20,2.980428
u64,tmueller,admixture,5x6,20,3.205047
u64,unrolledlut,admixture,5x6,20,3.045698
u64,yy,admixture,5x6,20,1.383982
u64,zmij_scalar,admixture,5x6,20,4.754215
u64,zmij_x64_native,admixture,5x6,20,2.044165
u64,zmij_x64_v1,admixture,5x6,20,3.384011
u64,zmij_x64_v2,admixture,5x6,20,2.395100
u64,zmij_x64_v3,admixture,5x6,20,2.260623
u64,zmij_x64_v4,admixture,5x6,20,2.336843
u64,amartin,admixture,5x6,30,1.509362
u64,branchlut,admixture,5x6,30,3.386535
u64,branchlut2,admixture,5x6,30,3.481014
u64,countlut,admixture,5x6,30,3.674961
u64,fmt,admixture,5x6,30,4.217560
u64,jeaiii,admixture,5x6,30,3.115125
u64,naive,admixture,5x6,30,7.297053
u64,null,admixture,5x6,30,0.785286
u64,sse2,admixture,5x6,30,3.483088
u64,tmueller,admixture,5x6,30,3.860166
u64,unrolledlut,admixture,5x6,30,3.686188
u64,yy,admixture,5x6,30,1.400105
u64,zmij_scalar,admixture,5x6,30,4.772274
u64,zmij_x64_native,admixture,5x6,30,2.047929
u64,zmij_x64_v1,admixture,5x6,30,3.354075
u64,zmij_x64_v2,admixture,5x6,30,2.382067
u64,zmij_x64_v3,admixture,5x6,30,2.272796
u64,zmij_x64_v4,admixture,5x6,30,2.323857
u64,amartin,admixture,5x6,40,1.513385
u64,branchlut,admixture,5x6,40,3.801984
u64,branchlut2,admixture,5x6,40,4.045417
u64,countlut,admixture,5x6,40,4.160010
u64,fmt,admixture,5x6,40,5.154378
u64,jeaiii,admixture,5x6,40,3.747980
u64,naive,admixture,5x6,40,8.035979
u64,null,admixture,5x6,40,1.016955
u64,sse2,admixture,5x6,40,3.936787
u64,tmueller,admixture,5x6,40,4.597094
u64,unrolledlut,admixture,5x6,40,4.265794
u64,yy,admixture,5x6,40,1.365589
u64,zmij_scalar,admixture,5x6,40,4.778914
u64,zmij_x64_native,admixture,5x6,40,2.031533
u64,zmij_x64_v1,admixture,5x6,40,3.348907
u64,zmij_x64_v2,admixture,5x6,40,2.397890
u64,zmij_x64_v3,admixture,5x6,40,2.264560
u64,zmij_x64_v4,admixture,5x6,40,2.339987
u64,amartin,admixture,5x6,50,1.512047
u64,branchlut,admixture,5x6,50,4.201163
u64,branchlut2,admixture,5x6,50,4.323133
u64,countlut,admixture,5x6,50,4.740514
u64,fmt,admixture,5x6,50,5.656416
u64,jeaiii,admixture,5x6,50,4.152729
u64,naive,admixture,5x6,50,8.370422
u64,null,admixture,5x6,50,0.786289
u64,sse2,admixture,5x6,50,4.170464
u64,tmueller,admixture,5x6,50,5.119378
u64,unrolledlut,admixture,5x6,50,4.556790
u64,yy,admixture,5x6,50,1.383180
u64,zmij_scalar,admixture,5x6,50,4.779527
u64,zmij_x64_native,admixture,5x6,50,2.043601
u64,zmij_x64_v1,admixture,5x6,50,3.375461
u64,zmij_x64_v2,admixture,5x6,50,2.381284
u64,zmij_x64_v3,admixture,5x6,50,2.261703
u64,zmij_x64_v4,admixture,5x6,50,2.338650
u64,amartin,admixture,5x6,60,1.516099
u64,branchlut,admixture,5x6,60,3.854327
u64,branchlut2,admixture,5x6,60,4.030168
u64,countlut,admixture,5x6,60,4.370879
u64,fmt,admixture,5x6,60,5.234727
u64,jeaiii,admixture,5x6,60,3.796367
u64,naive,admixture,5x6,60,7.827996
u64,null,admixture,5x6,60,0.738132
u64,sse2,admixture,5x6,60,3.836842
u64,tmueller,admixture,5x6,60,4.590529
u64,unrolledlut,admixture,5x6,60,4.169785
u64,yy,admixture,5x6,60,1.404048
u64,zmij_scalar,admixture,5x6,60,4.748665
u64,zmij_x64_native,admixture,5x6,60,2.058898
u64,zmij_x64_v1,admixture,5x6,60,3.364836
u64,zmij_x64_v2,admixture,5x6,60,2.374661
u64,zmij_x64_v3,admixture,5x6,60,2.250600
u64,zmij_x64_v4,admixture,5x6,60,2.324479
u64,amartin,admixture,5x6,70,1.529475
u64,branchlut,admixture,5x6,70,3.390586
u64,branchlut2,admixture,5x6,70,3.440052
u64,countlut,admixture,5x6,70,3.822528
u64,fmt,admixture,5x6,70,4.355706
u64,jeaiii,admixture,5x6,70,3.188631
u64,naive,admixture,5x6,70,7.067163
u64,null,admixture,5x6,70,0.912368
u64,sse2,admixture,5x6,70,3.354793
u64,tmueller,admixture,5x6,70,3.984142
u64,unrolledlut,admixture,5x6,70,3.527337
u64,yy,admixture,5x6,70,1.405184
u64,zmij_scalar,admixture,5x6,70,4.823127
u64,zmij_x64_native,admixture,5x6,70,2.052870
u64,zmij_x64_v1,admixture,5x6,70,3.396568
u64,zmij_x64_v2,admixture,5x6,70,2.416187
u64,zmij_x64_v3,admixture,5x6,70,2.299417
u64,zmij_x64_v4,admixture,5x6,70,2.356153
u64,amartin,admixture,5x6,80,1.512439
u64,branchlut,admixture,5x6,80,2.952767
u64,branchlut2,admixture,5x6,80,2.870222
u64,countlut,admixture,5x6,80,3.189091
u64,fmt,admixture,5x6,80,3.529754
u64,jeaiii,admixture,5x6,80,2.526557
u64,naive,admixture,5x6,80,6.268489
u64,null,admixture,5x6,80,1.110576
u64,sse2,admixture,5x6,80,2.932215
u64,tmueller,admixture,5x6,80,3.296001
u64,unrolledlut,admixture,5x6,80,2.873164
u64,yy,admixture,5x6,80,1.439010
u64,zmij_scalar,admixture,5x6,80,4.831563
u64,zmij_x64_native,admixture,5x6,80,2.061134
u64,zmij_x64_v1,admixture,5x6,80,3.409648
u64,zmij_x64_v2,admixture,5x6,80,2.417994
u64,zmij_x64_v3,admixture,5x6,80,2.263758
u64,zmij_x64_v4,admixture,5x6,80,2.344851
u64,amartin,admixture,5x6,90,1.518459
u64,branchlut,admixture,5x6,90,2.565323
u64,branchlut2,admixture,5x6,90,2.415233
u64,countlut,admixture,5x6,90,2.570892
u64,fmt,admixture,5x6,90,2.826393
u64,jeaiii,admixture,5x6,90,1.934100
u64,naive,admixture,5x6,90,5.562358
u64,null,admixture,5x6,90,0.845034
u64,sse2,admixture,5x6,90,2.505135
u64,tmueller,admixture,5x6,90,2.555099
u64,unrolledlut,admixture,5x6,90,2.366216
u64,yy,admixture,5x6,90,1.376185
u64,zmij_scalar,admixture,5x6,90,4.815234
u64,zmij_x64_native,admixture,5x6,90,2.059338
u64,zmij_x64_v1,admixture,5x6,90,3.366116
u64,zmij_x64_v2,admixture,5x6,90,2.421137
u64,zmij_x64_v3,admixture,5x6,90,2.270465
u64,zmij_x64_v4,admixture,5x6,90,2.354653
u64,amartin,admixture,5x6,100,1.535017
u64,branchlut,admixture,5x6,100,2.131555
u64,branchlut2,admixture,5x6,100,1.915535
u64,countlut,admixture,5x6,100,1.892689
u64,fmt,admixture,5x6,100,1.996524
u64,jeaiii,admixture,5x6,100,1.347874
u64,naive,admixture,5x6,100,4.867633
u64,null,admixture,5x6,100,1.105904
u64,sse2,admixture,5x6,100,2.046763
u64,tmueller,admixture,5x6,100,1.847943
u64,unrolledlut,admixture,5x6,100,1.686761
u64,yy,admixture,5x6,100,1.401649
u64,zmij_scalar,admixture,5x6,100,4.820833
u64,zmij_x64_native,admixture,5x6,100,2.063695
u64,zmij_x64_v1,admixture,5x6,100,3.375097
u64,zmij_x64_v2,admixture,5x6,100,2.407244
u64,zmij_x64_v3,admixture,5x6,100,2.300697
u64,zmij_x64_v4,admixture,5x6,100,2.349857
i64,amartin,bylength,,1,1.035694
i64,branchlut,bylength,,1,3.959480
i64,branchlut2,bylength,,1,4.213337
i64,countlut,bylength,,1,4.410446
i64,fmt,bylength,,1,1.692389
i64,jeaiii,bylength,,1,3.880260
i64,naive,bylength,,1,5.101416
i64,null,bylength,,1,1.093941
i64,sse2,bylength,,1,3.947804
i64,tmueller,bylength,,1,0.887343
i64,unrolledlut,bylength,,1,4.452403
i64,yy,bylength,,1,1.301092
i64,zmij_scalar,bylength,,1,4.972452
i64,zmij_x64_native,bylength,,1,2.365041
i64,zmij_x64_v1,bylength,,1,3.623958
i64,zmij_x64_v2,bylength,,1,2.668573
i64,zmij_x64_v3,bylength,,1,2.623101
i64,zmij_x64_v4,bylength,,1,2.600924
i64,amartin,bylength,,2,0.985032
i64,branchlut,bylength,,2,4.286443
i64,branchlut2,bylength,,2,4.203562
i64,countlut,bylength,,2,4.363886
i64,fmt,bylength,,2,1.698236
i64,jeaiii,bylength,,2,4.287169
i64,naive,bylength,,2,5.554599
i64,null,bylength,,2,0.837628
i64,sse2,bylength,,2,3.843186
i64,tmueller,bylength,,2,1.458607
i64,unrolledlut,bylength,,2,4.573618
i64,yy,bylength,,2,1.288881
i64,zmij_scalar,bylength,,2,4.942086
i64,zmij_x64_native,bylength,,2,2.331081
i64,zmij_x64_v1,bylength,,2,3.575322
i64,zmij_x64_v2,bylength,,2,2.642317
i64,zmij_x64_v3,bylength,,2,2.594551
i64,zmij_x64_v4,bylength,,2,2.599386
i64,amartin,bylength,,3,1.652965
i64,branchlut,bylength,,3,4.290102
i64,branchlut2,bylength,,3,4.096623
i64,countlut,bylength,,3,4.551583
i64,fmt,bylength,,3,1.788950
i64,jeaiii,bylength,,3,4.419897
i64,naive,bylength,,3,6.145575
i64,null,bylength,,3,0.883559
i64,sse2,bylength,,3,4.068618
i64,tmueller,bylength,,3,1.655305
i64,unrolledlut,bylength,,3,4.710311
i64,yy,bylength,,3,1.415122
i64,zmij_scalar,bylength,,3,4.960623
i64,zmij_x64_native,bylength,,3,2.335429
i64,zmij_x64_v1,bylength,,3,3.568815
i64,zmij_x64_v2,bylength,,3,2.637501
i64,zmij_x64_v3,bylength,,3,2.596586
i64,zmij_x64_v4,bylength,,3,2.594226
i64,amartin,bylength,,4,1.652247
i64,branchlut,bylength,,4,4.209085
i64,branchlut2,bylength,,4,4.433466
i64,countlut,bylength,,4,4.413152
i64,fmt,bylength,,4,1.795592
i64,jeaiii,bylength,,4,4.638237
i64,naive,bylength,,4,6.749230
i64,null,bylength,,4,1.089269
i64,sse2,bylength,,4,4.038338
i64,tmueller,bylength,,4,1.703377
i64,unrolledlut,bylength,,4,4.662107
i64,yy,bylength,,4,1.460632
i64,zmij_scalar,bylength,,4,4.947704
i64,zmij_x64_native,bylength,,4,2.333355
i64,zmij_x64_v1,bylength,,4,3.585116
i64,zmij_x64_v2,bylength,,4,2.654729
i64,zmij_x64_v3,bylength,,4,2.589562
i64,zmij_x64_v4,bylength,,4,2.591579
i64,amartin,bylength,,5,1.778250
i64,branchlut,bylength,,5,4.394423
i64,branchlut2,bylength,,5,4.647353
i64,countlut,bylength,,5,4.856607
i64,fmt,bylength,,5,2.319855
i64,jeaiii,bylength,,5,4.664535
i64,naive,bylength,,5,7.183867
i64,null,bylength,,5,0.770342
i64,sse2,bylength,,5,4.443948
i64,tmueller,bylength,,5,2.199615
i64,unrolledlut,bylength,,5,4.873367
i64,yy,bylength,,5,1.610512
i64,zmij_scalar,bylength,,5,4.949903
i64,zmij_x64_native,bylength,,5,2.330470
i64,zmij_x64_v1,bylength,,5,3.573487
i64,zmij_x64_v2,bylength,,5,2.649262
i64,zmij_x64_v3,bylength,,5,2.605606
i64,zmij_x64_v4,bylength,,5,2.588120
i64,amartin,bylength,,6,1.780972
i64,branchlut,bylength,,6,4.871388
i64,branchlut2,bylength,,6,4.771435
i64,countlut,bylength,,6,4.821484
i64,fmt,bylength,,6,2.313606
i64,jeaiii,bylength,,6,4.762988
i64,naive,bylength,,6,7.891500
i64,null,bylength,,6,1.084826
i64,sse2,bylength,,6,4.792073
i64,tmueller,bylength,,6,2.160487
i64,unrolledlut,bylength,,6,4.889075
i64,yy,bylength,,6,1.633071
i64,zmij_scalar,bylength,,6,4.994486
i64,zmij_x64_native,bylength,,6,2.333165
i64,zmij_x64_v1,bylength,,6,3.585508
i64,zmij_x64_v2,bylength,,6,2.630820
i64,zmij_x64_v3,bylength,,6,2.599539
i64,zmij_x64_v4,bylength,,6,2.653964
i64,amartin,bylength,,7,2.325655
i64,branchlut,bylength,,7,4.950963
i64,branchlut2,bylength,,7,4.595030
i64,countlut,bylength,,7,5.060426
i64,fmt,bylength,,7,2.885644
i64,jeaiii,bylength,,7,5.001738
i64,naive,bylength,,7,8.564630
i64,null,bylength,,7,1.090855
i64,sse2,bylength,,7,4.696609
i64,tmueller,bylength,,7,2.753480
i64,unrolledlut,bylength,,7,4.797338
i64,yy,bylength,,7,1.958619
i64,zmij_scalar,bylength,,7,4.980259
i64,zmij_x64_native,bylength,,7,2.337799
i64,zmij_x64_v1,bylength,,7,3.573525
i64,zmij_x64_v2,bylength,,7,2.662344
i64,zmij_x64_v3,bylength,,7,2.628395
i64,zmij_x64_v4,bylength,,7,2.609027
i64,amartin,bylength,,8,2.392750
i64,branchlut,bylength,,8,5.143716
i64,branchlut2,bylength,,8,5.042596
i64,countlut,bylength,,8,5.075837
i64,fmt,bylength,,8,2.843076
i64,jeaiii,bylength,,8,4.888111
i64,naive,bylength,,8,8.211402
i64,null,bylength,,8,0.790034
i64,sse2,bylength,,8,4.872603
i64,tmueller,bylength,,8,2.757606
i64,unrolledlut,bylength,,8,4.852136
i64,yy,bylength,,8,1.974663
i64,zmij_scalar,bylength,,8,4.899711
i64,zmij_x64_native,bylength,,8,2.354949
i64,zmij_x64_v1,bylength,,8,3.637979
i64,zmij_x64_v2,bylength,,8,2.635236
i64,zmij_x64_v3,bylength,,8,2.578977
i64,zmij_x64_v4,bylength,,8,2.581518
i64,amartin,bylength,,9,2.791368
i64,branchlut,bylength,,9,6.550553
i64,branchlut2,bylength,,9,5.904272
i64,countlut,bylength,,9,6.218051
i64,fmt,bylength,,9,3.498812
i64,jeaiii,bylength,,9,5.118164
i64,naive,bylength,,9,9.327227
i64,null,bylength,,9,0.757157
i64,sse2,bylength,,9,4.901476
i64,tmueller,bylength,,9,3.310482
i64,unrolledlut,bylength,,9,5.336791
i64,yy,bylength,,9,2.483669
i64,zmij_scalar,bylength,,9,5.204073
i64,zmij_x64_native,bylength,,9,2.346784
i64,zmij_x64_v1,bylength,,9,3.553179
i64,zmij_x64_v2,bylength,,9,2.646524
i64,zmij_x64_v3,bylength,,9,2.575636
i64,zmij_x64_v4,bylength,,9,2.578178
i64,amartin,bylength,,10,4.588080
i64,branchlut,bylength,,10,6.893540
i64,branchlut2,bylength,,10,5.879850
i64,countlut,bylength,,10,6.222416
i64,fmt,bylength,,10,3.452994
i64,jeaiii,bylength,,10,7.040792
i64,naive,bylength,,10,10.293705
i64,null,bylength,,10,0.793284
i64,sse2,bylength,,10,4.892322
i64,tmueller,bylength,,10,3.320821
i64,unrolledlut,bylength,,10,7.229437
i64,yy,bylength,,10,2.475595
i64,zmij_scalar,bylength,,10,5.128569
i64,zmij_x64_native,bylength,,10,2.320202
i64,zmij_x64_v1,bylength,,10,3.565313
i64,zmij_x64_v2,bylength,,10,2.651722
i64,zmij_x64_v3,bylength,,10,2.580987
i64,zmij_x64_v4,bylength,,10,2.590580
i64,amartin,bylength,,11,3.344096
i64,branchlut,bylength,,11,6.961200
i64,branchlut2,bylength,,11,6.478490
i64,countlut,bylength,,11,6.732949
i64,fmt,bylength,,11,4.093640
i64,jeaiii,bylength,,11,4.998449
i64,naive,bylength,,11,11.278445
i64,null,bylength,,11,0.889346
i64,sse2,bylength,,11,4.791373
i64,tmueller,bylength,,11,3.872364
i64,unrolledlut,bylength,,11,5.694952
i64,yy,bylength,,11,3.004045
i64,zmij_scalar,bylength,,11,5.112288
i64,zmij_x64_native,bylength,,11,2.319514
i64,zmij_x64_v1,bylength,,11,3.563003
i64,zmij_x64_v2,bylength,,11,2.664478
i64,zmij_x64_v3,bylength,,11,2.588392
i64,zmij_x64_v4,bylength,,11,2.589309
i64,amartin,bylength,,12,3.360219
i64,branchlut,bylength,,12,7.161800
i64,branchlut2,bylength,,12,6.417908
i64,countlut,bylength,,12,6.913546
i64,fmt,bylength,,12,4.030825
i64,jeaiii,bylength,,12,5.281845
i64,naive,bylength,,12,12.550748
i64,null,bylength,,12,0.913253
i64,sse2,bylength,,12,4.847793
i64,tmueller,bylength,,12,3.875356
i64,unrolledlut,bylength,,12,5.702531
i64,yy,bylength,,12,3.035953
i64,zmij_scalar,bylength,,12,5.134126
i64,zmij_x64_native,bylength,,12,2.322102
i64,zmij_x64_v1,bylength,,12,3.575130
i64,zmij_x64_v2,bylength,,12,2.637913
i64,zmij_x64_v3,bylength,,12,2.600572
i64,zmij_x64_v4,bylength,,12,2.580230
i64,amartin,bylength,,13,3.709473
i64,branchlut,bylength,,13,7.340554
i64,branchlut2,bylength,,13,7.422739
i64,countlut,bylength,,13,7.302155
i64,fmt,bylength,,13,4.764023
i64,jeaiii,bylength,,13,5.466907
i64,naive,bylength,,13,13.671209
i64,null,bylength,,13,1.087220
i64,sse2,bylength,,13,4.905685
i64,tmueller,bylength,,13,4.512690
i64,unrolledlut,bylength,,13,6.039332
i64,yy,bylength,,13,3.341128
i64,zmij_scalar,bylength,,13,5.158719
i64,zmij_x64_native,bylength,,13,2.358345
i64,zmij_x64_v1,bylength,,13,3.578301
i64,zmij_x64_v2,bylength,,13,2.645452
i64,zmij_x64_v3,bylength,,13,2.588972
i64,zmij_x64_v4,bylength,,13,2.607251
i64,amartin,bylength,,14,3.738280
i64,branchlut,bylength,,14,7.342830
i64,branchlut2,bylength,,14,7.456888
i64,countlut,bylength,,14,7.308843
i64,fmt,bylength,,14,4.741551
i64,jeaiii,bylength,,14,5.564327
i64,naive,bylength,,14,14.666196
i64,null,bylength,,14,0.777334
i64,sse2,bylength,,14,4.890990
i64,tmueller,bylength,,14,4.511649
i64,unrolledlut,bylength,,14,5.977074
i64,yy,bylength,,14,3.318666
i64,zmij_scalar,bylength,,14,5.126023
i64,zmij_x64_native,bylength,,14,2.332699
i64,zmij_x64_v1,bylength,,14,3.607436
i64,zmij_x64_v2,bylength,,14,2.632237
i64,zmij_x64_v3,bylength,,14,2.601680
i64,zmij_x64_v4,bylength,,14,2.615306
i64,amartin,bylength,,15,4.311225
i64,branchlut,bylength,,15,7.644575
i64,branchlut2,bylength,,15,7.924593
i64,countlut,bylength,,15,7.707131
i64,fmt,bylength,,15,5.500978
i64,jeaiii,bylength,,15,5.834007
i64,naive,bylength,,15,15.695275
i64,null,bylength,,15,0.833784
i64,sse2,bylength,,15,4.580359
i64,tmueller,bylength,,15,5.186019
i64,unrolledlut,bylength,,15,6.148786
i64,yy,bylength,,15,3.801438
i64,zmij_scalar,bylength,,15,5.106369
i64,zmij_x64_native,bylength,,15,2.340611
i64,zmij_x64_v1,bylength,,15,3.570888
i64,zmij_x64_v2,bylength,,15,2.643436
i64,zmij_x64_v3,bylength,,15,2.589785
i64,zmij_x64_v4,bylength,,15,2.590100
i64,amartin,bylength,,16,4.300618
i64,branchlut,bylength,,16,7.642981
i64,branchlut2,bylength,,16,7.931730
i64,countlut,bylength,,16,7.812026
i64,fmt,bylength,,16,5.445684
i64,jeaiii,bylength,,16,6.020548
i64,naive,bylength,,16,14.936287
i64,null,bylength,,16,1.079309
i64,sse2,bylength,,16,4.548512
i64,tmueller,bylength,,16,5.218678
i64,unrolledlut,bylength,,16,6.145890
i64,yy,bylength,,16,3.802127
i64,zmij_scalar,bylength,,16,5.128432
i64,zmij_x64_native,bylength,,16,2.336874
i64,zmij_x64_v1,bylength,,16,3.567829
i64,zmij_x64_v2,bylength,,16,2.641935
i64,zmij_x64_v3,bylength,,16,2.589278
i64,zmij_x64_v4,bylength,,16,2.590902
i64,amartin,bylength,,17,4.762849
i64,branchlut,bylength,,17,8.304116
i64,branchlut2,bylength,,17,8.207717
i64,countlut,bylength,,17,9.227938
i64,fmt,bylength,,17,6.308345
i64,jeaiii,bylength,,17,6.316992
i64,naive,bylength,,17,16.284932
i64,null,bylength,,17,0.924738
i64,sse2,bylength,,17,4.614385
i64,tmueller,bylength,,17,5.963209
i64,unrolledlut,bylength,,17,6.678484
i64,yy,bylength,,17,3.867282
i64,zmij_scalar,bylength,,17,5.158003
i64,zmij_x64_native,bylength,,17,2.361851
i64,zmij_x64_v1,bylength,,17,3.579917
i64,zmij_x64_v2,bylength,,17,2.660147
i64,zmij_x64_v3,bylength,,17,2.634951
i64,zmij_x64_v4,bylength,,17,2.604738
i64,amartin,bylength,,18,6.309558
i64,branchlut,bylength,,18,8.261311
i64,branchlut2,bylength,,18,8.198391
i64,countlut,bylength,,18,9.364344
i64,fmt,bylength,,18,6.272809
i64,jeaiii,bylength,,18,8.380315
i64,naive,bylength,,18,17.519414
i64,null,bylength,,18,0.805759
i64,sse2,bylength,,18,5.160357
i64,tmueller,bylength,,18,5.943562
i64,unrolledlut,bylength,,18,7.987963
i64,yy,bylength,,18,3.865993
i64,zmij_scalar,bylength,,18,5.125185
i64,zmij_x64_native,bylength,,18,2.334295
i64,zmij_x64_v1,bylength,,18,3.587705
i64,zmij_x64_v2,bylength,,18,2.678572
i64,zmij_x64_v3,bylength,,18,2.602753
i64,zmij_x64_v4,bylength,,18,2.605770
i64,amartin,bylength,,19,4.897424
i64,branchlut,bylength,,19,8.954782
i64,branchlut2,bylength,,19,8.656225
i64,countlut,bylength,,19,9.679863
i64,fmt,bylength,,19,7.078102
i64,jeaiii,bylength,,19,6.348091
i64,naive,bylength,,19,18.534515
i64,null,bylength,,19,0.863466
i64,sse2,bylength,,19,5.206653
i64,tmueller,bylength,,19,6.702601
i64,unrolledlut,bylength,,19,6.670199
i64,yy,bylength,,19,4.033059
i64,zmij_scalar,bylength,,19,5.176392
i64,zmij_x64_native,bylength,,19,2.386189
i64,zmij_x64_v1,bylength,,19,3.591752
i64,zmij_x64_v2,bylength,,19,2.670382
i64,zmij_x64_v3,bylength,,19,2.621327
i64,zmij_x64_v4,bylength,,19,2.600383
i64,amartin,loguniform,1-19,19,10.215587
i64,branchlut,loguniform,1-19,19,13.236497
i64,branchlut2,loguniform,1-19,19,14.227502
i64,countlut,loguniform,1-19,19,14.340242
i64,fmt,loguniform,1-19,19,12.803030
i64,jeaiii,loguniform,1-19,19,14.305869
i64,naive,loguniform,1-19,19,18.283832
i64,null,loguniform,1-19,19,0.872208
i64,sse2,loguniform,1-19,19,16.212265
i64,tmueller,loguniform,1-19,19,12.372468
i64,unrolledlut,loguniform,1-19,19,14.051888
i64,yy,loguniform,1-19,19,8.906119
i64,zmij_scalar,loguniform,1-19,19,5.050679
i64,zmij_x64_native,loguniform,1-19,19,2.343169
i64,zmij_x64_v1,loguniform,1-19,19,3.583378
i64,zmij_x64_v2,loguniform,1-19,19,2.697228
i64,zmij_x64_v3,loguniform,1-19,19,2.591838
i64,zmij_x64_v4,loguniform,1-19,19,2.606009
i64,amartin,loguniform,1-4,4,4.139053
i64,branchlut,loguniform,1-4,4,8.017703
i64,branchlut2,loguniform,1-4,4,8.742880
i64,countlut,loguniform,1-4,4,9.208695
i64,fmt,loguniform,1-4,4,7.602491
i64,jeaiii,loguniform,1-4,4,9.169348
i64,naive,loguniform,1-4,4,10.031190
i64,null,loguniform,1-4,4,0.798635
i64,sse2,loguniform,1-4,4,8.109909
i64,tmueller,loguniform,1-4,4,6.541724
i64,unrolledlut,loguniform,1-4,4,9.484061
i64,yy,loguniform,1-4,4,4.105687
i64,zmij_scalar,loguniform,1-4,4,4.934201
i64,zmij_x64_native,loguniform,1-4,4,2.343287
i64,zmij_x64_v1,loguniform,1-4,4,3.573942
i64,zmij_x64_v2,loguniform,1-4,4,2.628226
i64,zmij_x64_v3,loguniform,1-4,4,2.595824
i64,zmij_x64_v4,loguniform,1-4,4,2.589834
i64,amartin,uniform,0-255,0,4.098253
i64,branchlut,uniform,0-255,0,3.837849
i64,branchlut2,uniform,0-255,0,3.741995
i64,countlut,uniform,0-255,0,3.980755
i64,fmt,uniform,0-255,0,4.277409
i64,jeaiii,uniform,0-255,0,3.816563
i64,naive,uniform,0-255,0,5.650798
i64,null,uniform,0-255,0,0.960201
i64,sse2,uniform,0-255,0,3.769180
i64,tmueller,uniform,0-255,0,4.059766
i64,unrolledlut,uniform,0-255,0,4.244655
i64,yy,uniform,0-255,0,3.809845
i64,zmij_scalar,uniform,0-255,0,4.940576
i64,zmij_x64_native,uniform,0-255,0,2.327568
i64,zmij_x64_v1,uniform,0-255,0,3.578930
i64,zmij_x64_v2,uniform,0-255,0,2.662758
i64,zmij_x64_v3,uniform,0-255,0,2.609077
i64,zmij_x64_v4,uniform,0-255,0,2.566807
i64,amartin,unpredictable,,1,2.503138
i64,branchlut,unpredictable,,1,5.709499
i64,branchlut2,unpredictable,,1,5.624926
i64,countlut,unpredictable,,1,5.933657
i64,fmt,unpredictable,,1,6.071445
i64,jeaiii,unpredictable,,1,6.016240
i64,naive,unpredictable,,1,8.725235
i64,null,unpredictable,,1,0.584587
i64,sse2,unpredictable,,1,5.201335
i64,tmueller,unpredictable,,1,6.651424
i64,unrolledlut,unpredictable,,1,5.231882
i64,yy,unpredictable,,1,3.024384
i64,zmij_scalar,unpredictable,,1,4.889501
i64,zmij_x64_native,unpredictable,,1,2.375755
i64,zmij_x64_v1,unpredictable,,1,3.640224
i64,zmij_x64_v2,unpredictable,,1,2.578221
i64,zmij_x64_v3,unpredictable,,1,2.576265
i64,zmij_x64_v4,unpredictable,,1,2.590578
i64,amartin,unpredictable,,2,2.393618
i64,branchlut,unpredictable,,2,6.016426
i64,branchlut2,unpredictable,,2,5.665113
i64,countlut,unpredictable,,2,6.306015
i64,fmt,unpredictable,,2,5.869950
i64,jeaiii,unpredictable,,2,6.348603
i64,naive,unpredictable,,2,9.407290
i64,null,unpredictable,,2,0.819410
i64,sse2,unpredictable,,2,5.251079
i64,tmueller,unpredictable,,2,6.166338
i64,unrolledlut,unpredictable,,2,5.440735
i64,yy,unpredictable,,2,3.004606
i64,zmij_scalar,unpredictable,,2,4.903853
i64,zmij_x64_native,unpredictable,,2,2.346668
i64,zmij_x64_v1,unpredictable,,2,3.555548
i64,zmij_x64_v2,unpredictable,,2,2.571172
i64,zmij_x64_v3,unpredictable,,2,2.605925
i64,zmij_x64_v4,unpredictable,,2,2.594400
i64,amartin,unpredictable,,3,2.584736
i64,branchlut,unpredictable,,3,6.104889
i64,branchlut2,unpredictable,,3,5.833418
i64,countlut,unpredictable,,3,5.839752
i64,fmt,unpredictable,,3,4.732566
i64,jeaiii,unpredictable,,3,5.139651
i64,naive,unpredictable,,3,9.588795
i64,null,unpredictable,,3,0.868103
i64,sse2,unpredictable,,3,5.786962
i64,tmueller,unpredictable,,3,4.774681
i64,unrolledlut,unpredictable,,3,5.102644
i64,yy,unpredictable,,3,2.892984
i64,zmij_scalar,unpredictable,,3,4.881801
i64,zmij_x64_native,unpredictable,,3,2.328630
i64,zmij_x64_v1,unpredictable,,3,3.557135
i64,zmij_x64_v2,unpredictable,,3,2.605857
i64,zmij_x64_v3,unpredictable,,3,2.597860
i64,zmij_x64_v4,unpredictable,,3,2.614407
i64,amartin,unpredictable,,4,2.573599
i64,branchlut,unpredictable,,4,6.215477
i64,branchlut2,unpredictable,,4,5.916105
i64,countlut,unpredictable,,4,6.022465
i64,fmt,unpredictable,,4,4.643477
i64,jeaiii,unpredictable,,4,5.482734
i64,naive,unpredictable,,4,10.059378
i64,null,unpredictable,,4,0.776127
i64,sse2,unpredictable,,4,5.702630
i64,tmueller,unpredictable,,4,4.870649
i64,unrolledlut,unpredictable,,4,5.078358
i64,yy,unpredictable,,4,2.813278
i64,zmij_scalar,unpredictable,,4,4.887494
i64,zmij_x64_native,unpredictable,,4,2.373423
i64,zmij_x64_v1,unpredictable,,4,3.585800
i64,zmij_x64_v2,unpredictable,,4,2.598634
i64,zmij_x64_v3,unpredictable,,4,2.593369
i64,zmij_x64_v4,unpredictable,,4,2.605484
i64,amartin,unpredictable,,5,2.304148
i64,branchlut,unpredictable,,5,6.120979
i64,branchlut2,unpredictable,,5,6.161551
i64,countlut,unpredictable,,5,5.752972
i64,fmt,unpredictable,,5,4.418191
i64,jeaiii,unpredictable,,5,5.308585
i64,naive,unpredictable,,5,10.080706
i64,null,unpredictable,,5,1.026237
i64,sse2,unpredictable,,5,5.532168
i64,tmueller,unpredictable,,5,5.090719
i64,unrolledlut,unpredictable,,5,5.238804
i64,yy,unpredictable,,5,2.629536
i64,zmij_scalar,unpredictable,,5,4.915009
i64,zmij_x64_native,unpredictable,,5,2.342257
i64,zmij_x64_v1,unpredictable,,5,3.554771
i64,zmij_x64_v2,unpredictable,,5,2.630755
i64,zmij_x64_v3,unpredictable,,5,2.596809
i64,zmij_x64_v4,unpredictable,,5,2.599884
i64,amartin,unpredictable,,6,2.343407
i64,branchlut,unpredictable,,6,6.088064
i64,branchlut2,unpredictable,,6,6.209652
i64,countlut,unpredictable,,6,5.790123
i64,fmt,unpredictable,,6,4.400176
i64,jeaiii,unpredictable,,6,5.364190
i64,naive,unpredictable,,6,10.492399
i64,null,unpredictable,,6,1.139681
i64,sse2,unpredictable,,6,5.818057
i64,tmueller,unpredictable,,6,5.187784
i64,unrolledlut,unpredictable,,6,5.281239
i64,yy,unpredictable,,6,2.643013
i64,zmij_scalar,unpredictable,,6,4.926576
i64,zmij_x64_native,unpredictable,,6,2.358324
i64,zmij_x64_v1,unpredictable,,6,3.581278
i64,zmij_x64_v2,unpredictable,,6,2.609717
i64,zmij_x64_v3,unpredictable,,6,2.613684
i64,zmij_x64_v4,unpredictable,,6,2.552395
i64,amartin,unpredictable,,7,2.842825
i64,branchlut,unpredictable,,7,6.625286
i64,branchlut2,unpredictable,,7,6.510233
i64,countlut,unpredictable,,7,5.909275
i64,fmt,unpredictable,,7,4.754283
i64,jeaiii,unpredictable,,7,5.643483
i64,naive,unpredictable,,7,11.009823
i64,null,unpredictable,,7,0.794958
i64,sse2,unpredictable,,7,6.164847
i64,tmueller,unpredictable,,7,4.665987
i64,unrolledlut,unpredictable,,7,6.284399
i64,yy,unpredictable,,7,2.967327
i64,zmij_scalar,unpredictable,,7,4.949887
i64,zmij_x64_native,unpredictable,,7,2.430601
i64,zmij_x64_v1,unpredictable,,7,3.554926
i64,zmij_x64_v2,unpredictable,,7,2.616752
i64,zmij_x64_v3,unpredictable,,7,2.625303
i64,zmij_x64_v4,unpredictable,,7,2.598814
i64,amartin,unpredictable,,8,2.741774
i64,branchlut,unpredictable,,8,6.758562
i64,branchlut2,unpredictable,,8,6.565022
i64,countlut,unpredictable,,8,5.952940
i64,fmt,unpredictable,,8,4.457927
i64,jeaiii,unpredictable,,8,5.868388
i64,naive,unpredictable,,8,10.285057
i64,null,unpredictable,,8,0.714504
i64,sse2,unpredictable,,8,6.250556
i64,tmueller,unpredictable,,8,4.583490
i64,unrolledlut,unpredictable,,8,6.277750
i64,yy,unpredictable,,8,2.930105
i64,zmij_scalar,unpredictable,,8,4.908341
i64,zmij_x64_native,unpredictable,,8,2.333445
i64,zmij_x64_v1,unpredictable,,8,3.552919
i64,zmij_x64_v2,unpredictable,,8,2.630624
i64,zmij_x64_v3,unpredictable,,8,2.619434
i64,zmij_x64_v4,unpredictable,,8,2.567513
i64,amartin,unpredictable,,9,4.194134
i64,branchlut,unpredictable,,9,6.542503
i64,branchlut2,unpredictable,,9,6.111582
i64,countlut,unpredictable,,9,6.916218
i64,fmt,unpredictable,,9,4.909726
i64,jeaiii,unpredictable,,9,5.765807
i64,naive,unpredictable,,9,10.993046
i64,null,unpredictable,,9,0.485355
i64,sse2,unpredictable,,9,7.334628
i64,tmueller,unpredictable,,9,4.780418
i64,unrolledlut,unpredictable,,9,7.129925
i64,yy,unpredictable,,9,3.407606
i64,zmij_scalar,unpredictable,,9,5.088016
i64,zmij_x64_native,unpredictable,,9,2.348885
i64,zmij_x64_v1,unpredictable,,9,3.634327
i64,zmij_x64_v2,unpredictable,,9,2.621413
i64,zmij_x64_v3,unpredictable,,9,2.598566
i64,zmij_x64_v4,unpredictable,,9,2.602465
i64,amartin,unpredictable,,10,7.961437
i64,branchlut,unpredictable,,10,7.150757
i64,branchlut2,unpredictable,,10,6.255392
i64,countlut,unpredictable,,10,7.118811
i64,fmt,unpredictable,,10,4.766305
i64,jeaiii,unpredictable,,10,9.798472
i64,naive,unpredictable,,10,11.973568
i64,null,unpredictable,,10,0.792082
i64,sse2,unpredictable,,10,7.546004
i64,tmueller,unpredictable,,10,4.907923
i64,unrolledlut,unpredictable,,10,9.929630
i64,yy,unpredictable,,10,3.442125
i64,zmij_scalar,unpredictable,,10,5.071010
i64,zmij_x64_native,unpredictable,,10,2.297001
i64,zmij_x64_v1,unpredictable,,10,3.519026
i64,zmij_x64_v2,unpredictable,,10,2.571956
i64,zmij_x64_v3,unpredictable,,10,2.608599
i64,zmij_x64_v4,unpredictable,,10,2.588549
i64,amartin,unpredictable,,11,3.758024
i64,branchlut,unpredictable,,11,7.386984
i64,branchlut2,unpredictable,,11,6.618444
i64,countlut,unpredictable,,11,6.958502
i64,fmt,unpredictable,,11,4.914775
i64,jeaiii,unpredictable,,11,6.076776
i64,naive,unpredictable,,11,12.550114
i64,null,unpredictable,,11,1.152840
i64,sse2,unpredictable,,11,7.547988
i64,tmueller,unpredictable,,11,4.917099
i64,unrolledlut,unpredictable,,11,5.894056
i64,yy,unpredictable,,11,3.359322
i64,zmij_scalar,unpredictable,,11,5.096112
i64,zmij_x64_native,unpredictable,,11,2.348234
i64,zmij_x64_v1,unpredictable,,11,3.644007
i64,zmij_x64_v2,unpredictable,,11,2.590547
i64,zmij_x64_v3,unpredictable,,11,2.613474
i64,zmij_x64_v4,unpredictable,,11,2.606611
i64,amartin,unpredictable,,12,3.855083
i64,branchlut,unpredictable,,12,7.843555
i64,branchlut2,unpredictable,,12,6.602337
i64,countlut,unpredictable,,12,7.263664
i64,fmt,unpredictable,,12,4.919248
i64,jeaiii,unpredictable,,12,6.159408
i64,naive,unpredictable,,12,13.512949
i64,null,unpredictable,,12,0.818798
i64,sse2,unpredictable,,12,7.681319
i64,tmueller,unpredictable,,12,5.094250
i64,unrolledlut,unpredictable,,12,5.677904
i64,yy,unpredictable,,12,3.461885
i64,zmij_scalar,unpredictable,,12,5.151515
i64,zmij_x64_native,unpredictable,,12,2.421829
i64,zmij_x64_v1,unpredictable,,12,3.571924
i64,zmij_x64_v2,unpredictable,,12,2.685792
i64,zmij_x64_v3,unpredictable,,12,2.640303
i64,zmij_x64_v4,unpredictable,,12,2.616394
i64,amartin,unpredictable,,13,3.892942
i64,branchlut,unpredictable,,13,7.984247
i64,branchlut2,unpredictable,,13,7.511223
i64,countlut,unpredictable,,13,7.360115
i64,fmt,unpredictable,,13,5.151929
i64,jeaiii,unpredictable,,13,6.387237
i64,naive,unpredictable,,13,14.589413
i64,null,unpredictable,,13,1.177626
i64,sse2,unpredictable,,13,7.729171
i64,tmueller,unpredictable,,13,5.108601
i64,unrolledlut,unpredictable,,13,6.290300
i64,yy,unpredictable,,13,3.469414
i64,zmij_scalar,unpredictable,,13,5.189792
i64,zmij_x64_native,unpredictable,,13,2.348389
i64,zmij_x64_v1,unpredictable,,13,3.570127
i64,zmij_x64_v2,unpredictable,,13,2.622348
i64,zmij_x64_v3,unpredictable,,13,2.626984
i64,zmij_x64_v4,unpredictable,,13,2.626617
i64,amartin,unpredictable,,14,3.854717
i64,branchlut,unpredictable,,14,8.145555
i64,branchlut2,unpredictable,,14,7.599844
i64,countlut,unpredictable,,14,7.586548
i64,fmt,unpredictable,,14,5.191813
i64,jeaiii,unpredictable,,14,6.411452
i64,naive,unpredictable,,14,15.367607
i64,null,unpredictable,,14,0.706566
i64,sse2,unpredictable,,14,7.731292
i64,tmueller,unpredictable,,14,5.211874
i64,unrolledlut,unpredictable,,14,6.217186
i64,yy,unpredictable,,14,3.428061
i64,zmij_scalar,unpredictable,,14,5.201505
i64,zmij_x64_native,unpredictable,,14,2.389761
i64,zmij_x64_v1,unpredictable,,14,3.599367
i64,zmij_x64_v2,unpredictable,,14,2.645968
i64,zmij_x64_v3,unpredictable,,14,2.627327
i64,zmij_x64_v4,unpredictable,,14,2.612228
i64,amartin,unpredictable,,15,4.447815
i64,branchlut,unpredictable,,15,8.712837
i64,branchlut2,unpredictable,,15,8.026567
i64,countlut,unpredictable,,15,7.553377
i64,fmt,unpredictable,,15,5.585622
i64,jeaiii,unpredictable,,15,6.566070
i64,naive,unpredictable,,15,15.863314
i64,null,unpredictable,,15,0.703114
i64,sse2,unpredictable,,15,7.187591
i64,tmueller,unpredictable,,15,5.270298
i64,unrolledlut,unpredictable,,15,6.898687
i64,yy,unpredictable,,15,3.776176
i64,zmij_scalar,unpredictable,,15,5.152547
i64,zmij_x64_native,unpredictable,,15,2.361782
i64,zmij_x64_v1,unpredictable,,15,3.536924
i64,zmij_x64_v2,unpredictable,,15,2.617015
i64,zmij_x64_v3,unpredictable,,15,2.625187
i64,zmij_x64_v4,unpredictable,,15,2.632294
i64,amartin,unpredictable,,16,4.529835
i64,branchlut,unpredictable,,16,9.142488
i64,branchlut2,unpredictable,,16,8.175341
i64,countlut,unpredictable,,16,7.831278
i64,fmt,unpredictable,,16,5.578227
i64,jeaiii,unpredictable,,16,7.107476
i64,naive,unpredictable,,16,15.451361
i64,null,unpredictable,,16,1.024258
i64,sse2,unpredictable,,16,7.265079
i64,tmueller,unpredictable,,16,5.281534
i64,unrolledlut,unpredictable,,16,6.788731
i64,yy,unpredictable,,16,3.690374
i64,zmij_scalar,unpredictable,,16,5.103492
i64,zmij_x64_native,unpredictable,,16,2.345825
i64,zmij_x64_v1,unpredictable,,16,3.526394
i64,zmij_x64_v2,unpredictable,,16,2.645738
i64,zmij_x64_v3,unpredictable,,16,2.597458
i64,zmij_x64_v4,unpredictable,,16,2.627880
i64,amartin,unpredictable,,17,5.935125
i64,branchlut,unpredictable,,17,9.236111
i64,branchlut2,unpredictable,,17,8.835802
i64,countlut,unpredictable,,17,10.239597
i64,fmt,unpredictable,,17,6.196647
i64,jeaiii,unpredictable,,17,7.204249
i64,naive,unpredictable,,17,16.525324
i64,null,unpredictable,,17,0.792299
i64,sse2,unpredictable,,17,6.517995
i64,tmueller,unpredictable,,17,5.787800
i64,unrolledlut,unpredictable,,17,8.147640
i64,yy,unpredictable,,17,4.853998
i64,zmij_scalar,unpredictable,,17,5.102424
i64,zmij_x64_native,unpredictable,,17,2.382345
i64,zmij_x64_v1,unpredictable,,17,3.612062
i64,zmij_x64_v2,unpredictable,,17,2.673791
i64,zmij_x64_v3,unpredictable,,17,2.566349
i64,zmij_x64_v4,unpredictable,,17,2.591839
i64,amartin,unpredictable,,18,9.030487
i64,branchlut,unpredictable,,18,9.158485
i64,branchlut2,unpredictable,,18,8.823269
i64,countlut,unpredictable,,18,10.494522
i64,fmt,unpredictable,,18,6.044475
i64,jeaiii,unpredictable,,18,10.408689
i64,naive,unpredictable,,18,17.247778
i64,null,unpredictable,,18,1.133661
i64,sse2,unpredictable,,18,6.284720
i64,tmueller,unpredictable,,18,5.589037
i64,unrolledlut,unpredictable,,18,10.401854
i64,yy,unpredictable,,18,4.814825
i64,zmij_scalar,unpredictable,,18,5.041558
i64,zmij_x64_native,unpredictable,,18,2.340303
i64,zmij_x64_v1,unpredictable,,18,3.567211
i64,zmij_x64_v2,unpredictable,,18,2.618926
i64,zmij_x64_v3,unpredictable,,18,2.608522
i64,zmij_x64_v4,unpredictable,,18,2.583546
i64,amartin,unpredictable,,19,6.042564
i64,branchlut,unpredictable,,19,9.900394
i64,branchlut2,unpredictable,,19,9.660473
i64,countlut,unpredictable,,19,10.815861
i64,fmt,unpredictable,,19,6.901761
i64,jeaiii,unpredictable,,19,8.152011
i64,naive,unpredictable,,19,18.461864
i64,null,unpredictable,,19,1.027620
i64,sse2,unpredictable,,19,6.454114
i64,tmueller,unpredictable,,19,6.624359
i64,unrolledlut,unpredictable,,19,7.860228
i64,yy,unpredictable,,19,5.238302
i64,zmij_scalar,unpredictable,,19,5.102780
i64,zmij_x64_native,unpredictable,,19,2.398476
i64,zmij_x64_v1,unpredictable,,19,3.708036
i64,zmij_x64_v2,unpredictable,,19,2.711963
i64,zmij_x64_v3,unpredictable,,19,2.610567
i64,zmij_x64_v4,unpredictable,,19,2.570608
i64,amartin,admixture,5x6,0,1.805670
i64,branchlut,admixture,5x6,0,4.896693
i64,branchlut2,admixture,5x6,0,4.744436
i64,countlut,admixture,5x6,0,4.859955
i64,fmt,admixture,5x6,0,2.270548
i64,jeaiii,admixture,5x6,0,4.720844
i64,naive,admixture,5x6,0,7.845599
i64,null,admixture,5x6,0,0.914888
i64,sse2,admixture,5x6,0,4.725248
i64,tmueller,admixture,5x6,0,2.154923
i64,unrolledlut,admixture,5x6,0,4.895929
i64,yy,admixture,5x6,0,1.606381
i64,zmij_scalar,admixture,5x6,0,4.930222
i64,zmij_x64_native,admixture,5x6,0,2.363375
i64,zmij_x64_v1,admixture,5x6,0,3.547064
i64,zmij_x64_v2,admixture,5x6,0,2.634249
i64,zmij_x64_v3,admixture,5x6,0,2.603806
i64,zmij_x64_v4,admixture,5x6,0,2.600328
i64,amartin,admixture,5x6,10,1.792818
i64,branchlut,admixture,5x6,10,5.092322
i64,branchlut2,admixture,5x6,10,5.066639
i64,countlut,admixture,5x6,10,5.326428
i64,fmt,admixture,5x6,10,3.091998
i64,jeaiii,admixture,5x6,10,4.993333
i64,naive,admixture,5x6,10,8.382539
i64,null,admixture,5x6,10,0.981878
i64,sse2,admixture,5x6,10,4.997165
i64,tmueller,admixture,5x6,10,2.937399
i64,unrolledlut,admixture,5x6,10,5.334532
i64,yy,admixture,5x6,10,1.604633
i64,zmij_scalar,admixture,5x6,10,4.925941
i64,zmij_x64_native,admixture,5x6,10,2.339143
i64,zmij_x64_v1,admixture,5x6,10,3.581089
i64,zmij_x64_v2,admixture,5x6,10,2.642456
i64,zmij_x64_v3,admixture,5x6,10,2.609502
i64,zmij_x64_v4,admixture,5x6,10,2.588346
i64,amartin,admixture,5x6,20,1.793162
i64,branchlut,admixture,5x6,20,5.622049
i64,branchlut2,admixture,5x6,20,5.547922
i64,countlut,admixture,5x6,20,6.079924
i64,fmt,admixture,5x6,20,3.866735
i64,jeaiii,admixture,5x6,20,5.638484
i64,naive,admixture,5x6,20,9.046629
i64,null,admixture,5x6,20,0.934590
i64,sse2,admixture,5x6,20,5.642584
i64,tmueller,admixture,5x6,20,3.704348
i64,unrolledlut,admixture,5x6,20,5.784637
i64,yy,admixture,5x6,20,1.610061
i64,zmij_scalar,admixture,5x6,20,4.964581
i64,zmij_x64_native,admixture,5x6,20,2.346128
i64,zmij_x64_v1,admixture,5x6,20,3.572614
i64,zmij_x64_v2,admixture,5x6,20,2.628066
i64,zmij_x64_v3,admixture,5x6,20,2.599802
i64,zmij_x64_v4,admixture,5x6,20,2.595082
i64,amartin,admixture,5x6,30,1.804485
i64,branchlut,admixture,5x6,30,6.274970
i64,branchlut2,admixture,5x6,30,6.148683
i64,countlut,admixture,5x6,30,6.778202
i64,fmt,admixture,5x6,30,4.749557
i64,jeaiii,admixture,5x6,30,6.257026
i64,naive,admixture,5x6,30,9.672996
i64,null,admixture,5x6,30,0.822167
i64,sse2,admixture,5x6,30,6.233932
i64,tmueller,admixture,5x6,30,4.504004
i64,unrolledlut,admixture,5x6,30,6.309416
i64,yy,admixture,5x6,30,1.626534
i64,zmij_scalar,admixture,5x6,30,4.977988
i64,zmij_x64_native,admixture,5x6,30,2.341340
i64,zmij_x64_v1,admixture,5x6,30,3.571477
i64,zmij_x64_v2,admixture,5x6,30,2.633684
i64,zmij_x64_v3,admixture,5x6,30,2.587266
i64,zmij_x64_v4,admixture,5x6,30,2.627837
i64,amartin,admixture,5x6,40,1.782777
i64,branchlut,admixture,5x6,40,6.943111
i64,branchlut2,admixture,5x6,40,6.770157
i64,countlut,admixture,5x6,40,7.436415
i64,fmt,admixture,5x6,40,5.638771
i64,jeaiii,admixture,5x6,40,6.900135
i64,naive,admixture,5x6,40,10.306165
i64,null,admixture,5x6,40,0.779590
i64,sse2,admixture,5x6,40,6.798038
i64,tmueller,admixture,5x6,40,5.137355
i64,unrolledlut,admixture,5x6,40,6.931780
i64,yy,admixture,5x6,40,1.616157
i64,zmij_scalar,admixture,5x6,40,4.915030
i64,zmij_x64_native,admixture,5x6,40,2.328775
i64,zmij_x64_v1,admixture,5x6,40,3.567492
i64,zmij_x64_v2,admixture,5x6,40,2.665799
i64,zmij_x64_v3,admixture,5x6,40,2.586703
i64,zmij_x64_v4,admixture,5x6,40,2.586349
i64,amartin,admixture,5x6,50,1.791682
i64,branchlut,admixture,5x6,50,7.220444
i64,branchlut2,admixture,5x6,50,7.075314
i64,countlut,admixture,5x6,50,7.820687
i64,fmt,admixture,5x6,50,6.098337
i64,jeaiii,admixture,5x6,50,7.190022
i64,naive,admixture,5x6,50,10.625683
i64,null,admixture,5x6,50,0.742947
i64,sse2,admixture,5x6,50,7.169697
i64,tmueller,admixture,5x6,50,5.621820
i64,unrolledlut,admixture,5x6,50,7.259543
i64,yy,admixture,5x6,50,1.598891
i64,zmij_scalar,admixture,5x6,50,4.903755
i64,zmij_x64_native,admixture,5x6,50,2.321734
i64,zmij_x64_v1,admixture,5x6,50,3.559294
i64,zmij_x64_v2,admixture,5x6,50,2.624398
i64,zmij_x64_v3,admixture,5x6,50,2.584352
i64,zmij_x64_v4,admixture,5x6,50,2.578944
i64,amartin,admixture,5x6,60,1.786143
i64,branchlut,admixture,5x6,60,6.906444
i64,branchlut2,admixture,5x6,60,6.711226
i64,countlut,admixture,5x6,60,7.458006
i64,fmt,admixture,5x6,60,5.586623
i64,jeaiii,admixture,5x6,60,6.868975
i64,naive,admixture,5x6,60,10.166627
i64,null,admixture,5x6,60,0.790905
i64,sse2,admixture,5x6,60,6.881177
i64,tmueller,admixture,5x6,60,5.096689
i64,unrolledlut,admixture,5x6,60,6.862874
i64,yy,admixture,5x6,60,1.609624
i64,zmij_scalar,admixture,5x6,60,4.936931
i64,zmij_x64_native,admixture,5x6,60,2.345770
i64,zmij_x64_v1,admixture,5x6,60,3.548504
i64,zmij_x64_v2,admixture,5x6,60,2.640799
i64,zmij_x64_v3,admixture,5x6,60,2.590025
i64,zmij_x64_v4,admixture,5x6,60,2.582227
i64,amartin,admixture,5x6,70,1.772777
i64,branchlut,admixture,5x6,70,6.256466
i64,branchlut2,admixture,5x6,70,6.145809
i64,countlut,admixture,5x6,70,6.722902
i64,fmt,admixture,5x6,70,4.727352
i64,jeaiii,admixture,5x6,70,6.288590
i64,naive,admixture,5x6,70,9.316080
i64,null,admixture,5x6,70,0.830100
i64,sse2,admixture,5x6,70,6.290558
i64,tmueller,admixture,5x6,70,4.427545
i64,unrolledlut,admixture,5x6,70,6.256198
i64,yy,admixture,5x6,70,1.608736
i64,zmij_scalar,admixture,5x6,70,4.947517
i64,zmij_x64_native,admixture,5x6,70,2.333080
i64,zmij_x64_v1,admixture,5x6,70,3.560984
i64,zmij_x64_v2,admixture,5x6,70,2.639701
i64,zmij_x64_v3,admixture,5x6,70,2.586699
i64,zmij_x64_v4,admixture,5x6,70,2.597515
i64,amartin,admixture,5x6,80,1.783439
i64,branchlut,admixture,5x6,80,5.719122
i64,branchlut2,admixture,5x6,80,5.613396
i64,countlut,admixture,5x6,80,5.989079
i64,fmt,admixture,5x6,80,3.903224
i64,jeaiii,admixture,5x6,80,5.669015
i64,naive,admixture,5x6,80,8.614605
i64,null,admixture,5x6,80,0.875653
i64,sse2,admixture,5x6,80,5.659422
i64,tmueller,admixture,5x6,80,3.670503
i64,unrolledlut,admixture,5x6,80,5.820883
i64,yy,admixture,5x6,80,1.617621
i64,zmij_scalar,admixture,5x6,80,4.925704
i64,zmij_x64_native,admixture,5x6,80,2.325484
i64,zmij_x64_v1,admixture,5x6,80,3.554467
i64,zmij_x64_v2,admixture,5x6,80,2.618689
i64,zmij_x64_v3,admixture,5x6,80,2.581177
i64,zmij_x64_v4,admixture,5x6,80,2.596645
i64,amartin,admixture,5x6,90,1.791169
i64,branchlut,admixture,5x6,90,5.176428
i64,branchlut2,admixture,5x6,90,5.139984
i64,countlut,admixture,5x6,90,5.330778
i64,fmt,admixture,5x6,90,3.177618
i64,jeaiii,admixture,5x6,90,5.000615
i64,naive,admixture,5x6,90,7.889864
i64,null,admixture,5x6,90,1.072472
i64,sse2,admixture,5x6,90,5.082119
i64,tmueller,admixture,5x6,90,3.019779
i64,unrolledlut,admixture,5x6,90,5.373097
i64,yy,admixture,5x6,90,1.612281
i64,zmij_scalar,admixture,5x6,90,5.035892
i64,zmij_x64_native,admixture,5x6,90,2.366581
i64,zmij_x64_v1,admixture,5x6,90,3.571236
i64,zmij_x64_v2,admixture,5x6,90,2.672617
i64,zmij_x64_v3,admixture,5x6,90,2.620926
i64,zmij_x64_v4,admixture,5x6,90,2.602112
i64,amartin,admixture,5x6,100,1.794131
i64,branchlut,admixture,5x6,100,4.522493
i64,branchlut2,admixture,5x6,100,4.671703
i64,countlut,admixture,5x6,100,4.932861
i64,fmt,admixture,5x6,100,2.345101
i64,jeaiii,admixture,5x6,100,4.677313
i64,naive,admixture,5x6,100,7.250883
i64,null,admixture,5x6,100,0.933828
i64,sse2,admixture,5x6,100,4.440004
i64,tmueller,admixture,5x6,100,2.229171
i64,unrolledlut,admixture,5x6,100,4.915547
i64,yy,admixture,5x6,100,1.629251
i64,zmij_scalar,admixture,5x6,100,4.928944
i64,zmij_x64_native,admixture,5x6,100,2.365129
i64,zmij_x64_v1,admixture,5x6,100,3.539724
i64,zmij_x64_v2,admixture,5x6,100,2.659117
i64,zmij_x64_v3,admixture,5x6,100,2.612794
i64,zmij_x64_v4,admixture,5x6,100,2.640101
u128,fmt,bylength,,1,2.182914
u128,naive,bylength,,1,3.705818
u128,null,bylength,,1,1.017769
u128,zmij_scalar,bylength,,1,5.057363
u128,zmij_x64_native,bylength,,1,2.353356
u128,zmij_x64_v1,bylength,,1,3.456261
u128,zmij_x64_v2,bylength,,1,2.899415
u128,zmij_x64_v3,bylength,,1,2.494312
u128,zmij_x64_v4,bylength,,1,2.518724
u128,fmt,bylength,,2,2.192565
u128,naive,bylength,,2,5.693954
u128,null,bylength,,2,1.054862
u128,zmij_scalar,bylength,,2,5.075994
u128,zmij_x64_native,bylength,,2,2.352956
u128,zmij_x64_v1,bylength,,2,3.525295
u128,zmij_x64_v2,bylength,,2,2.909438
u128,zmij_x64_v3,bylength,,2,2.506886
u128,zmij_x64_v4,bylength,,2,2.534405
u128,fmt,bylength,,3,2.637895
u128,naive,bylength,,3,8.199492
u128,null,bylength,,3,0.968828
u128,zmij_scalar,bylength,,3,5.181748
u128,zmij_x64_native,bylength,,3,2.469383
u128,zmij_x64_v1,bylength,,3,3.576645
u128,zmij_x64_v2,bylength,,3,2.917349
u128,zmij_x64_v3,bylength,,3,2.594143
u128,zmij_x64_v4,bylength,,3,2.602102
u128,fmt,bylength,,4,2.714058
u128,naive,bylength,,4,11.458444
u128,null,bylength,,4,1.129916
u128,zmij_scalar,bylength,,4,5.013821
u128,zmij_x64_native,bylength,,4,2.480821
u128,zmij_x64_v1,bylength,,4,3.555480
u128,zmij_x64_v2,bylength,,4,2.872900
u128,zmij_x64_v3,bylength,,4,2.611771
u128,zmij_x64_v4,bylength,,4,2.583078
u128,fmt,bylength,,5,3.031943
u128,naive,bylength,,5,14.449587
u128,null,bylength,,5,0.897930
u128,zmij_scalar,bylength,,5,4.967154
u128,zmij_x64_native,bylength,,5,2.384468
u128,zmij_x64_v1,bylength,,5,3.461966
u128,zmij_x64_v2,bylength,,5,2.867740
u128,zmij_x64_v3,bylength,,5,2.500504
u128,zmij_x64_v4,bylength,,5,2.494570
u128,fmt,bylength,,6,3.052629
u128,naive,bylength,,6,18.062740
u128,null,bylength,,6,1.173086
u128,zmij_scalar,bylength,,6,4.919637
u128,zmij_x64_native,bylength,,6,2.348494
u128,zmij_x64_v1,bylength,,6,3.462682
u128,zmij_x64_v2,bylength,,6,2.869928
u128,zmij_x64_v3,bylength,,6,2.487432
u128,zmij_x64_v4,bylength,,6,2.493185
u128,fmt,bylength,,7,3.629712
u128,naive,bylength,,7,21.365825
u128,null,bylength,,7,1.274875
u128,zmij_scalar,bylength,,7,4.978784
u128,zmij_x64_native,bylength,,7,2.354445
u128,zmij_x64_v1,bylength,,7,3.507246
u128,zmij_x64_v2,bylength,,7,2.875738
u128,zmij_x64_v3,bylength,,7,2.488980
u128,zmij_x64_v4,bylength,,7,2.506743
u128,fmt,bylength,,8,3.555748
u128,naive,bylength,,8,23.918118
u128,null,bylength,,8,1.008654
u128,zmij_scalar,bylength,,8,4.910369
u128,zmij_x64_native,bylength,,8,2.341747
u128,zmij_x64_v1,bylength,,8,3.530809
u128,zmij_x64_v2,bylength,,8,2.842840
u128,zmij_x64_v3,bylength,,8,2.499328
u128,zmij_x64_v4,bylength,,8,2.470139
u128,fmt,bylength,,9,4.160139
u128,naive,bylength,,9,27.395954
u128,null,bylength,,9,0.975679
u128,zmij_scalar,bylength,,9,4.962740
u128,zmij_x64_native,bylength,,9,2.361154
u128,zmij_x64_v1,bylength,,9,3.470250
u128,zmij_x64_v2,bylength,,9,2.867004
u128,zmij_x64_v3,bylength,,9,2.478607
u128,zmij_x64_v4,bylength,,9,2.519896
u128,fmt,bylength,,10,4.195312
u128,naive,bylength,,10,30.926450
u128,null,bylength,,10,0.898893
u128,zmij_scalar,bylength,,10,4.920659
u128,zmij_x64_native,bylength,,10,2.326646
u128,zmij_x64_v1,bylength,,10,3.481030
u128,zmij_x64_v2,bylength,,10,2.864361
u128,zmij_x64_v3,bylength,,10,2.490352
u128,zmij_x64_v4,bylength,,10,2.501960
u128,fmt,bylength,,11,4.818640
u128,naive,bylength,,11,34.637574
u128,null,bylength,,11,1.256202
u128,zmij_scalar,bylength,,11,4.950662
u128,zmij_x64_native,bylength,,11,2.326359
u128,zmij_x64_v1,bylength,,11,3.480169
u128,zmij_x64_v2,bylength,,11,2.874261
u128,zmij_x64_v3,bylength,,11,2.443322
u128,zmij_x64_v4,bylength,,11,2.497182
u128,fmt,bylength,,12,4.822854
u128,naive,bylength,,12,38.088276
u128,null,bylength,,12,1.144896
u128,zmij_scalar,bylength,,12,4.907034
u128,zmij_x64_native,bylength,,12,2.315944
u128,zmij_x64_v1,bylength,,12,3.438873
u128,zmij_x64_v2,bylength,,12,2.859508
u128,zmij_x64_v3,bylength,,12,2.502152
u128,zmij_x64_v4,bylength,,12,2.480031
u128,fmt,bylength,,13,5.492313
u128,naive,bylength,,13,41.656774
u128,null,bylength,,13,0.965778
u128,zmij_scalar,bylength,,13,5.027168
u128,zmij_x64_native,bylength,,13,2.367923
u128,zmij_x64_v1,bylength,,13,3.507182
u128,zmij_x64_v2,bylength,,13,2.870763
u128,zmij_x64_v3,bylength,,13,2.516724
u128,zmij_x64_v4,bylength,,13,2.519408
u128,fmt,bylength,,14,5.461002
u128,naive,bylength,,14,45.037430
u128,null,bylength,,14,1.228320
u128,zmij_scalar,bylength,,14,4.957599
u128,zmij_x64_native,bylength,,14,2.353715
u128,zmij_x64_v1,bylength,,14,3.537491
u128,zmij_x64_v2,bylength,,14,2.904950
u128,zmij_x64_v3,bylength,,14,2.481092
u128,zmij_x64_v4,bylength,,14,2.513455
u128,fmt,bylength,,15,6.227627
u128,naive,bylength,,15,48.522767
u128,null,bylength,,15,0.936522
u128,zmij_scalar,bylength,,15,4.970116
u128,zmij_x64_native,bylength,,15,2.326665
u128,zmij_x64_v1,bylength,,15,3.511605
u128,zmij_x64_v2,bylength,,15,2.877279
u128,zmij_x64_v3,bylength,,15,2.497680
u128,zmij_x64_v4,bylength,,15,2.515624
u128,fmt,bylength,,16,6.137772
u128,naive,bylength,,16,50.259779
u128,null,bylength,,16,0.918396
u128,zmij_scalar,bylength,,16,4.964048
u128,zmij_x64_native,bylength,,16,2.399206
u128,zmij_x64_v1,bylength,,16,3.503102
u128,zmij_x64_v2,bylength,,16,2.884723
u128,zmij_x64_v3,bylength,,16,2.501999
u128,zmij_x64_v4,bylength,,16,2.520736
u128,fmt,bylength,,17,6.969657
u128,naive,bylength,,17,54.063852
u128,null,bylength,,17,1.073129
u128,zmij_scalar,bylength,,17,4.914639
u128,zmij_x64_native,bylength,,17,2.343415
u128,zmij_x64_v1,bylength,,17,3.594229
u128,zmij_x64_v2,bylength,,17,2.915930
u128,zmij_x64_v3,bylength,,17,2.481589
u128,zmij_x64_v4,bylength,,17,2.538213
u128,fmt,bylength,,18,6.856336
u128,naive,bylength,,18,57.432117
u128,null,bylength,,18,1.012407
u128,zmij_scalar,bylength,,18,4.973881
u128,zmij_x64_native,bylength,,18,2.346519
u128,zmij_x64_v1,bylength,,18,3.503904
u128,zmij_x64_v2,bylength,,18,2.874576
u128,zmij_x64_v3,bylength,,18,2.482612
u128,zmij_x64_v4,bylength,,18,2.506518
u128,fmt,bylength,,19,7.637101
u128,naive,bylength,,19,60.908306
u128,null,bylength,,19,1.253049
u128,zmij_scalar,bylength,,19,4.941957
u128,zmij_x64_native,bylength,,19,2.408216
u128,zmij_x64_v1,bylength,,19,3.487786
u128,zmij_x64_v2,bylength,,19,2.862709
u128,zmij_x64_v3,bylength,,19,2.495568
u128,zmij_x64_v4,bylength,,19,2.514755
u128,fmt,bylength,,20,12.225686
u128,naive,bylength,,20,64.733497
u128,null,bylength,,20,1.183575
u128,zmij_scalar,bylength,,20,8.686457
u128,zmij_x64_native,bylength,,20,5.415673
u128,zmij_x64_v1,bylength,,20,5.598346
u128,zmij_x64_v2,bylength,,20,4.978342
u128,zmij_x64_v3,bylength,,20,4.521548
u128,zmij_x64_v4,bylength,,20,5.039227
u128,fmt,bylength,,21,12.203964
u128,naive,bylength,,21,68.694596
u128,null,bylength,,21,1.249210
u128,zmij_scalar,bylength,,21,8.653653
u128,zmij_x64_native,bylength,,21,5.341945
u128,zmij_x64_v1,bylength,,21,5.514379
u128,zmij_x64_v2,bylength,,21,4.677142
u128,zmij_x64_v3,bylength,,21,4.306350
u128,zmij_x64_v4,bylength,,21,5.070187
u128,fmt,bylength,,22,12.998261
u128,naive,bylength,,22,71.487389
u128,null,bylength,,22,0.913611
u128,zmij_scalar,bylength,,22,8.610876
u128,zmij_x64_native,bylength,,22,5.361862
u128,zmij_x64_v1,bylength,,22,5.500323
u128,zmij_x64_v2,bylength,,22,4.676749
u128,zmij_x64_v3,bylength,,22,4.323339
u128,zmij_x64_v4,bylength,,22,5.046242
u128,fmt,bylength,,23,13.000383
u128,naive,bylength,,23,75.863605
u128,null,bylength,,23,1.123017
u128,zmij_scalar,bylength,,23,8.659119
u128,zmij_x64_native,bylength,,23,5.352021
u128,zmij_x64_v1,bylength,,23,5.483793
u128,zmij_x64_v2,bylength,,23,4.697236
u128,zmij_x64_v3,bylength,,23,4.289332
u128,zmij_x64_v4,bylength,,23,5.082445
u128,fmt,bylength,,24,13.884262
u128,naive,bylength,,24,77.769769
u128,null,bylength,,24,1.083217
u128,zmij_scalar,bylength,,24,8.686934
u128,zmij_x64_native,bylength,,24,5.360926
u128,zmij_x64_v1,bylength,,24,5.554442
u128,zmij_x64_v2,bylength,,24,4.825693
u128,zmij_x64_v3,bylength,,24,4.366517
u128,zmij_x64_v4,bylength,,24,5.072982
u128,fmt,bylength,,25,14.116687
u128,naive,bylength,,25,81.533488
u128,null,bylength,,25,1.266212
u128,zmij_scalar,bylength,,25,8.643258
u128,zmij_x64_native,bylength,,25,5.329247
u128,zmij_x64_v1,bylength,,25,5.558613
u128,zmij_x64_v2,bylength,,25,4.758332
u128,zmij_x64_v3,bylength,,25,4.372671
u128,zmij_x64_v4,bylength,,25,5.146460
u128,fmt,bylength,,26,15.023452
u128,naive,bylength,,26,84.305449
u128,null,bylength,,26,1.111891
u128,zmij_scalar,bylength,,26,8.670221
u128,zmij_x64_native,bylength,,26,5.336843
u128,zmij_x64_v1,bylength,,26,5.445090
u128,zmij_x64_v2,bylength,,26,4.686637
u128,zmij_x64_v3,bylength,,26,4.299433
u128,zmij_x64_v4,bylength,,26,5.051254
u128,fmt,bylength,,27,14.913686
u128,naive,bylength,,27,87.797232
u128,null,bylength,,27,1.223789
u128,zmij_scalar,bylength,,27,8.617514
u128,zmij_x64_native,bylength,,27,5.334798
u128,zmij_x64_v1,bylength,,27,5.463025
u128,zmij_x64_v2,bylength,,27,4.683446
u128,zmij_x64_v3,bylength,,27,4.300102
u128,zmij_x64_v4,bylength,,27,5.037964
u128,fmt,bylength,,28,15.820153
u128,naive,bylength,,28,91.159119
u128,null,bylength,,28,1.022385
u128,zmij_scalar,bylength,,28,8.589421
u128,zmij_x64_native,bylength,,28,5.306050
u128,zmij_x64_v1,bylength,,28,5.456015
u128,zmij_x64_v2,bylength,,28,4.666076
u128,zmij_x64_v3,bylength,,28,4.296231
u128,zmij_x64_v4,bylength,,28,5.073376
u128,fmt,bylength,,29,15.787684
u128,naive,bylength,,29,94.973255
u128,null,bylength,,29,1.260571
u128,zmij_scalar,bylength,,29,8.794082
u128,zmij_x64_native,bylength,,29,5.337811
u128,zmij_x64_v1,bylength,,29,5.551929
u128,zmij_x64_v2,bylength,,29,4.713210
u128,zmij_x64_v3,bylength,,29,4.335424
u128,zmij_x64_v4,bylength,,29,5.047368
u128,fmt,bylength,,30,16.446111
u128,naive,bylength,,30,98.606750
u128,null,bylength,,30,1.237161
u128,zmij_scalar,bylength,,30,8.833027
u128,zmij_x64_native,bylength,,30,5.467596
u128,zmij_x64_v1,bylength,,30,5.621242
u128,zmij_x64_v2,bylength,,30,4.685968
u128,zmij_x64_v3,bylength,,30,4.353753
u128,zmij_x64_v4,bylength,,30,5.045819
u128,fmt,bylength,,31,16.572018
u128,naive,bylength,,31,103.803644
u128,null,bylength,,31,1.212137
u128,zmij_scalar,bylength,,31,8.739055
u128,zmij_x64_native,bylength,,31,5.373269
u128,zmij_x64_v1,bylength,,31,5.510470
u128,zmij_x64_v2,bylength,,31,4.781377
u128,zmij_x64_v3,bylength,,31,4.351516
u128,zmij_x64_v4,bylength,,31,5.051056
u128,fmt,bylength,,32,17.101558
u128,naive,bylength,,32,104.647590
u128,null,bylength,,32,1.253845
u128,zmij_scalar,bylength,,32,8.761250
u128,zmij_x64_native,bylength,,32,5.346823
u128,zmij_x64_v1,bylength,,32,5.437039
u128,zmij_x64_v2,bylength,,32,4.677198
u128,zmij_x64_v3,bylength,,32,4.274131
u128,zmij_x64_v4,bylength,,32,5.003463
u128,fmt,bylength,,33,17.384617
u128,naive,bylength,,33,106.748079
u128,null,bylength,,33,0.906578
u128,zmij_scalar,bylength,,33,10.682364
u128,zmij_x64_native,bylength,,33,6.111486
u128,zmij_x64_v1,bylength,,33,5.883170
u128,zmij_x64_v2,bylength,,33,5.533257
u128,zmij_x64_v3,bylength,,33,5.147942
u128,zmij_x64_v4,bylength,,33,5.810982
u128,fmt,bylength,,34,18.085925
u128,naive,bylength,,34,110.333937
u128,null,bylength,,34,0.972392
u128,zmij_scalar,bylength,,34,10.721875
u128,zmij_x64_native,bylength,,34,6.100670
u128,zmij_x64_v1,bylength,,34,5.940978
u128,zmij_x64_v2,bylength,,34,5.539907
u128,zmij_x64_v3,bylength,,34,5.145965
u128,zmij_x64_v4,bylength,,34,5.845925
u128,fmt,bylength,,35,17.991199
u128,naive,bylength,,35,113.579286
u128,null,bylength,,35,1.075337
u128,zmij_scalar,bylength,,35,10.673622
u128,zmij_x64_native,bylength,,35,6.095178
u128,zmij_x64_v1,bylength,,35,5.923675
u128,zmij_x64_v2,bylength,,35,5.550686
u128,zmij_x64_v3,bylength,,35,5.181434
u128,zmij_x64_v4,bylength,,35,5.854495
u128,fmt,bylength,,36,18.535003
u128,naive,bylength,,36,117.262691
u128,null,bylength,,36,0.901217
u128,zmij_scalar,bylength,,36,10.688472
u128,zmij_x64_native,bylength,,36,6.084380
u128,zmij_x64_v1,bylength,,36,5.871839
u128,zmij_x64_v2,bylength,,36,5.559582
u128,zmij_x64_v3,bylength,,36,5.135884
u128,zmij_x64_v4,bylength,,36,5.821847
u128,fmt,bylength,,37,18.597397
u128,naive,bylength,,37,120.760177
u128,null,bylength,,37,1.010278
u128,zmij_scalar,bylength,,37,10.694560
u128,zmij_x64_native,bylength,,37,6.052084
u128,zmij_x64_v1,bylength,,37,5.885598
u128,zmij_x64_v2,bylength,,37,5.510031
u128,zmij_x64_v3,bylength,,37,5.181663
u128,zmij_x64_v4,bylength,,37,5.831889
u128,fmt,bylength,,38,19.374601
u128,naive,bylength,,38,124.473093
u128,null,bylength,,38,0.921837
u128,zmij_scalar,bylength,,38,10.691292
u128,zmij_x64_native,bylength,,38,6.097481
u128,zmij_x64_v1,bylength,,38,5.885406
u128,zmij_x64_v2,bylength,,38,5.524707
u128,zmij_x64_v3,bylength,,38,5.167274
u128,zmij_x64_v4,bylength,,38,5.832884
u128,fmt,bylength,,39,26.800319
u128,naive,bylength,,39,129.531459
u128,null,bylength,,39,1.121298
u128,zmij_scalar,bylength,,39,10.831187
u128,zmij_x64_native,bylength,,39,6.134173
u128,zmij_x64_v1,bylength,,39,5.857240
u128,zmij_x64_v2,bylength,,39,5.576591
u128,zmij_x64_v3,bylength,,39,5.117062
u128,zmij_x64_v4,bylength,,39,5.870566
u128,fmt,loguniform,1-39,39,20.983413
u128,naive,loguniform,1-39,39,71.937097
u128,null,loguniform,1-39,39,1.134992
u128,zmij_scalar,loguniform,1-39,39,9.567400
u128,zmij_x64_native,loguniform,1-39,39,7.727571
u128,zmij_x64_v1,loguniform,1-39,39,7.373503
u128,zmij_x64_v2,loguniform,1-39,39,7.233432
u128,zmij_x64_v3,loguniform,1-39,39,6.787642
u128,zmij_x64_v4,loguniform,1-39,39,7.493045
u128,fmt,loguniform,1-4,4,7.560374
u128,naive,loguniform,1-4,4,11.344641
u128,null,loguniform,1-4,4,1.046933
u128,zmij_scalar,loguniform,1-4,4,4.956886
u128,zmij_x64_native,loguniform,1-4,4,2.377439
u128,zmij_x64_v1,loguniform,1-4,4,3.475442
u128,zmij_x64_v2,loguniform,1-4,4,2.872029
u128,zmij_x64_v3,loguniform,1-4,4,2.499588
u128,zmij_x64_v4,loguniform,1-4,4,2.520408
u128,fmt,uniform,0-255,0,4.764565
u128,naive,uniform,0-255,0,9.589811
u128,null,uniform,0-255,0,1.100652
u128,zmij_scalar,uniform,0-255,0,4.993730
u128,zmij_x64_native,uniform,0-255,0,2.355118
u128,zmij_x64_v1,uniform,0-255,0,3.504843
u128,zmij_x64_v2,uniform,0-255,0,2.902537
u128,zmij_x64_v3,uniform,0-255,0,2.504193
u128,zmij_x64_v4,uniform,0-255,0,2.533508
u128,fmt,unpredictable,,1,4.984291
u128,naive,unpredictable,,1,6.673251
u128,null,unpredictable,,1,1.292148
u128,zmij_scalar,unpredictable,,1,5.090756
u128,zmij_x64_native,unpredictable,,1,2.523149
u128,zmij_x64_v1,unpredictable,,1,3.626440
u128,zmij_x64_v2,unpredictable,,1,2.991336
u128,zmij_x64_v3,unpredictable,,1,2.284081
u128,zmij_x64_v4,unpredictable,,1,2.479211
u128,fmt,unpredictable,,2,4.868210
u128,naive,unpredictable,,2,8.497222
u128,null,unpredictable,,2,1.344012
u128,zmij_scalar,unpredictable,,2,5.103007
u128,zmij_x64_native,unpredictable,,2,2.514871
u128,zmij_x64_v1,unpredictable,,2,3.624205
u128,zmij_x64_v2,unpredictable,,2,3.078803
u128,zmij_x64_v3,unpredictable,,2,2.433811
u128,zmij_x64_v4,unpredictable,,2,2.593411
u128,fmt,unpredictable,,3,4.602255
u128,naive,unpredictable,,3,11.041125
u128,null,unpredictable,,3,1.508262
u128,zmij_scalar,unpredictable,,3,5.072507
u128,zmij_x64_native,unpredictable,,3,2.600965
u128,zmij_x64_v1,unpredictable,,3,3.566587
u128,zmij_x64_v2,unpredictable,,3,2.811761
u128,zmij_x64_v3,unpredictable,,3,2.337286
u128,zmij_x64_v4,unpredictable,,3,2.490792
u128,fmt,unpredictable,,4,4.126188
u128,naive,unpredictable,,4,13.804416
u128,null,unpredictable,,4,1.546407
u128,zmij_scalar,unpredictable,,4,4.889415
u128,zmij_x64_native,unpredictable,,4,2.615447
u128,zmij_x64_v1,unpredictable,,4,3.501329
u128,zmij_x64_v2,unpredictable,,4,2.891870
u128,zmij_x64_v3,unpredictable,,4,2.322321
u128,zmij_x64_v4,unpredictable,,4,2.493773
u128,fmt,unpredictable,,5,4.187588
u128,naive,unpredictable,,5,17.227185
u128,null,unpredictable,,5,1.318215
u128,zmij_scalar,unpredictable,,5,4.886224
u128,zmij_x64_native,unpredictable,,5,2.486743
u128,zmij_x64_v1,unpredictable,,5,3.387547
u128,zmij_x64_v2,unpredictable,,5,2.854508
u128,zmij_x64_v3,unpredictable,,5,2.291462
u128,zmij_x64_v4,unpredictable,,5,2.555058
u128,fmt,unpredictable,,6,4.051603
u128,naive,unpredictable,,6,21.213666
u128,null,unpredictable,,6,1.313359
u128,zmij_scalar,unpredictable,,6,4.953759
u128,zmij_x64_native,unpredictable,,6,2.406232
u128,zmij_x64_v1,unpredictable,,6,3.279688
u128,zmij_x64_v2,unpredictable,,6,2.853496
u128,zmij_x64_v3,unpredictable,,6,2.372793
u128,zmij_x64_v4,unpredictable,,6,2.625901
u128,fmt,unpredictable,,7,4.619686
u128,naive,unpredictable,,7,24.538386
u128,null,unpredictable,,7,1.464692
u128,zmij_scalar,unpredictable,,7,5.027410
u128,zmij_x64_native,unpredictable,,7,2.430234
u128,zmij_x64_v1,unpredictable,,7,3.264441
u128,zmij_x64_v2,unpredictable,,7,2.863320
u128,zmij_x64_v3,unpredictable,,7,2.319761
u128,zmij_x64_v4,unpredictable,,7,2.503768
u128,fmt,unpredictable,,8,4.441868
u128,naive,unpredictable,,8,27.218011
u128,null,unpredictable,,8,1.584971
u128,zmij_scalar,unpredictable,,8,5.100944
u128,zmij_x64_native,unpredictable,,8,2.465207
u128,zmij_x64_v1,unpredictable,,8,3.253529
u128,zmij_x64_v2,unpredictable,,8,2.867524
u128,zmij_x64_v3,unpredictable,,8,2.334841
u128,zmij_x64_v4,unpredictable,,8,2.449323
u128,fmt,unpredictable,,9,4.812315
u128,naive,unpredictable,,9,30.740579
u128,null,unpredictable,,9,1.506715
u128,zmij_scalar,unpredictable,,9,4.976041
u128,zmij_x64_native,unpredictable,,9,2.454276
u128,zmij_x64_v1,unpredictable,,9,3.239580
u128,zmij_x64_v2,unpredictable,,9,2.912395
u128,zmij_x64_v3,unpredictable,,9,2.247183
u128,zmij_x64_v4,unpredictable,,9,2.529090
u128,fmt,unpredictable,,10,5.078197
u128,naive,unpredictable,,10,33.671306
u128,null,unpredictable,,10,1.576011
u128,zmij_scalar,unpredictable,,10,4.928554
u128,zmij_x64_native,unpredictable,,10,2.441491
u128,zmij_x64_v1,unpredictable,,10,3.291782
u128,zmij_x64_v2,unpredictable,,10,2.910104
u128,zmij_x64_v3,unpredictable,,10,2.319323
u128,zmij_x64_v4,unpredictable,,10,2.507966
u128,fmt,unpredictable,,11,5.618153
u128,naive,unpredictable,,11,35.964639
u128,null,unpredictable,,11,1.473729
u128,zmij_scalar,unpredictable,,11,5.087142
u128,zmij_x64_native,unpredictable,,11,2.487409
u128,zmij_x64_v1,unpredictable,,11,3.327404
u128,zmij_x64_v2,unpredictable,,11,2.780759
u128,zmij_x64_v3,unpredictable,,11,2.306400
u128,zmij_x64_v4,unpredictable,,11,2.541999
u128,fmt,unpredictable,,12,5.737398
u128,naive,unpredictable,,12,39.486058
u128,null,unpredictable,,12,1.317122
u128,zmij_scalar,unpredictable,,12,5.092261
u128,zmij_x64_native,unpredictable,,12,2.505256
u128,zmij_x64_v1,unpredictable,,12,3.557775
u128,zmij_x64_v2,unpredictable,,12,2.864444
u128,zmij_x64_v3,unpredictable,,12,2.340416
u128,zmij_x64_v4,unpredictable,,12,2.431258
u128,fmt,unpredictable,,13,6.235365
u128,naive,unpredictable,,13,43.765069
u128,null,unpredictable,,13,1.537787
u128,zmij_scalar,unpredictable,,13,5.086913
u128,zmij_x64_native,unpredictable,,13,2.544393
u128,zmij_x64_v1,unpredictable,,13,3.561062
u128,zmij_x64_v2,unpredictable,,13,3.043733
u128,zmij_x64_v3,unpredictable,,13,2.374203
u128,zmij_x64_v4,unpredictable,,13,2.569005
u128,fmt,unpredictable,,14,6.236574
u128,naive,unpredictable,,14,46.662051
u128,null,unpredictable,,14,0.972608
u128,zmij_scalar,unpredictable,,14,5.450459
u128,zmij_x64_native,unpredictable,,14,2.682559
u128,zmij_x64_v1,unpredictable,,14,3.792370
u128,zmij_x64_v2,unpredictable,,14,3.110141
u128,zmij_x64_v3,unpredictable,,14,2.475430
u128,zmij_x64_v4,unpredictable,,14,2.791999
u128,fmt,unpredictable,,15,6.810120
u128,naive,unpredictable,,15,50.257638
u128,null,unpredictable,,15,1.603488
u128,zmij_scalar,unpredictable,,15,5.070668
u128,zmij_x64_native,unpredictable,,15,2.628612
u128,zmij_x64_v1,unpredictable,,15,3.684856
u128,zmij_x64_v2,unpredictable,,15,2.983670
u128,zmij_x64_v3,unpredictable,,15,2.401072
u128,zmij_x64_v4,unpredictable,,15,2.585612
u128,fmt,unpredictable,,16,6.824070
u128,naive,unpredictable,,16,53.447206
u128,null,unpredictable,,16,0.960570
u128,zmij_scalar,unpredictable,,16,5.124770
u128,zmij_x64_native,unpredictable,,16,2.613994
u128,zmij_x64_v1,unpredictable,,16,3.729919
u128,zmij_x64_v2,unpredictable,,16,3.078036
u128,zmij_x64_v3,unpredictable,,16,2.424253
u128,zmij_x64_v4,unpredictable,,16,2.623448
u128,fmt,unpredictable,,17,7.428122
u128,naive,unpredictable,,17,56.560477
u128,null,unpredictable,,17,1.466546
u128,zmij_scalar,unpredictable,,17,5.184682
u128,zmij_x64_native,unpredictable,,17,2.598456
u128,zmij_x64_v1,unpredictable,,17,3.649504
u128,zmij_x64_v2,unpredictable,,17,2.984950
u128,zmij_x64_v3,unpredictable,,17,2.421768
u128,zmij_x64_v4,unpredictable,,17,2.571355
u128,fmt,unpredictable,,18,7.219305
u128,naive,unpredictable,,18,61.878982
u128,null,unpredictable,,18,1.537271
u128,zmij_scalar,unpredictable,,18,5.384244
u128,zmij_x64_native,unpredictable,,18,2.605184
u128,zmij_x64_v1,unpredictable,,18,3.489094
u128,zmij_x64_v2,unpredictable,,18,3.062289
u128,zmij_x64_v3,unpredictable,,18,2.415710
u128,zmij_x64_v4,unpredictable,,18,2.645734
u128,fmt,unpredictable,,19,8.995274
u128,naive,unpredictable,,19,68.220347
u128,null,unpredictable,,19,1.440728
u128,zmij_scalar,unpredictable,,19,5.228213
u128,zmij_x64_native,unpredictable,,19,2.691449
u128,zmij_x64_v1,unpredictable,,19,3.403790
u128,zmij_x64_v2,unpredictable,,19,2.986920
u128,zmij_x64_v3,unpredictable,,19,2.710176
u128,zmij_x64_v4,unpredictable,,19,3.071120
u128,fmt,unpredictable,,20,15.029350
u128,naive,unpredictable,,20,71.118955
u128,null,unpredictable,,20,1.462314
u128,zmij_scalar,unpredictable,,20,9.361371
u128,zmij_x64_native,unpredictable,,20,5.205842
u128,zmij_x64_v1,unpredictable,,20,5.694561
u128,zmij_x64_v2,unpredictable,,20,5.592605
u128,zmij_x64_v3,unpredictable,,20,5.089561
u128,zmij_x64_v4,unpredictable,,20,5.133929
u128,fmt,unpredictable,,21,14.548454
u128,naive,unpredictable,,21,76.028499
u128,null,unpredictable,,21,0.939174
u128,zmij_scalar,unpredictable,,21,9.377183
u128,zmij_x64_native,unpredictable,,21,5.321454
u128,zmij_x64_v1,unpredictable,,21,5.861843
u128,zmij_x64_v2,unpredictable,,21,5.171020
u128,zmij_x64_v3,unpredictable,,21,4.766153
u128,zmij_x64_v4,unpredictable,,21,4.977572
u128,fmt,unpredictable,,22,14.381781
u128,naive,unpredictable,,22,74.020839
u128,null,unpredictable,,22,1.587937
u128,zmij_scalar,unpredictable,,22,8.906793
u128,zmij_x64_native,unpredictable,,22,5.111686
u128,zmij_x64_v1,unpredictable,,22,5.332693
u128,zmij_x64_v2,unpredictable,,22,5.107520
u128,zmij_x64_v3,unpredictable,,22,4.651262
u128,zmij_x64_v4,unpredictable,,22,4.692548
u128,fmt,unpredictable,,23,14.308971
u128,naive,unpredictable,,23,76.646096
u128,null,unpredictable,,23,1.600892
u128,zmij_scalar,unpredictable,,23,8.772929
u128,zmij_x64_native,unpredictable,,23,5.216218
u128,zmij_x64_v1,unpredictable,,23,5.600594
u128,zmij_x64_v2,unpredictable,,23,5.252812
u128,zmij_x64_v3,unpredictable,,23,4.648014
u128,zmij_x64_v4,unpredictable,,23,4.996875
u128,fmt,unpredictable,,24,15.106808
u128,naive,unpredictable,,24,78.883275
u128,null,unpredictable,,24,1.351794
u128,zmij_scalar,unpredictable,,24,8.758195
u128,zmij_x64_native,unpredictable,,24,5.023438
u128,zmij_x64_v1,unpredictable,,24,5.318399
u128,zmij_x64_v2,unpredictable,,24,5.016826
u128,zmij_x64_v3,unpredictable,,24,4.587172
u128,zmij_x64_v4,unpredictable,,24,4.705543
u128,fmt,unpredictable,,25,15.657518
u128,naive,unpredictable,,25,83.682551
u128,null,unpredictable,,25,1.137795
u128,zmij_scalar,unpredictable,,25,9.116431
u128,zmij_x64_native,unpredictable,,25,5.204278
u128,zmij_x64_v1,unpredictable,,25,5.604153
u128,zmij_x64_v2,unpredictable,,25,5.285663
u128,zmij_x64_v3,unpredictable,,25,4.682978
u128,zmij_x64_v4,unpredictable,,25,4.830007
u128,fmt,unpredictable,,26,15.937576
u128,naive,unpredictable,,26,85.236123
u128,null,unpredictable,,26,1.024283
u128,zmij_scalar,unpredictable,,26,8.871554
u128,zmij_x64_native,unpredictable,,26,5.015740
u128,zmij_x64_v1,unpredictable,,26,5.490200
u128,zmij_x64_v2,unpredictable,,26,5.197356
u128,zmij_x64_v3,unpredictable,,26,4.655804
u128,zmij_x64_v4,unpredictable,,26,4.845351
u128,fmt,unpredictable,,27,15.583410
u128,naive,unpredictable,,27,88.741893
u128,null,unpredictable,,27,1.420051
u128,zmij_scalar,unpredictable,,27,8.741321
u128,zmij_x64_native,unpredictable,,27,5.046947
u128,zmij_x64_v1,unpredictable,,27,5.264034
u128,zmij_x64_v2,unpredictable,,27,5.032857
u128,zmij_x64_v3,unpredictable,,27,4.614241
u128,zmij_x64_v4,unpredictable,,27,4.600612
u128,fmt,unpredictable,,28,16.206820
u128,naive,unpredictable,,28,95.812284
u128,null,unpredictable,,28,1.517859
u128,zmij_scalar,unpredictable,,28,8.722882
u128,zmij_x64_native,unpredictable,,28,5.050319
u128,zmij_x64_v1,unpredictable,,28,5.295454
u128,zmij_x64_v2,unpredictable,,28,5.041821
u128,zmij_x64_v3,unpredictable,,28,4.642811
u128,zmij_x64_v4,unpredictable,,28,4.736369
u128,fmt,unpredictable,,29,17.708750
u128,naive,unpredictable,,29,102.874425
u128,null,unpredictable,,29,1.206134
u128,zmij_scalar,unpredictable,,29,9.552560
u128,zmij_x64_native,unpredictable,,29,5.201806
u128,zmij_x64_v1,unpredictable,,29,5.466486
u128,zmij_x64_v2,unpredictable,,29,5.100316
u128,zmij_x64_v3,unpredictable,,29,4.922218
u128,zmij_x64_v4,unpredictable,,29,5.187938
u128,fmt,unpredictable,,30,24.182850
u128,naive,unpredictable,,30,129.188153
u128,null,unpredictable,,30,1.241612
u128,zmij_scalar,unpredictable,,30,11.894847
u128,zmij_x64_native,unpredictable,,30,7.111615
u128,zmij_x64_v1,unpredictable,,30,7.238235
u128,zmij_x64_v2,unpredictable,,30,6.551463
u128,zmij_x64_v3,unpredictable,,30,6.014158
u128,zmij_x64_v4,unpredictable,,30,6.592654
u128,fmt,unpredictable,,31,17.947226
u128,naive,unpredictable,,31,105.277127
u128,null,unpredictable,,31,0.918750
u128,zmij_scalar,unpredictable,,31,9.003116
u128,zmij_x64_native,unpredictable,,31,5.287843
u128,zmij_x64_v1,unpredictable,,31,5.438982
u128,zmij_x64_v2,unpredictable,,31,5.226094
u128,zmij_x64_v3,unpredictable,,31,4.630737
u128,zmij_x64_v4,unpredictable,,31,4.769217
u128,fmt,unpredictable,,32,20.865759
u128,naive,unpredictable,,32,124.071876
u128,null,unpredictable,,32,1.703776
u128,zmij_scalar,unpredictable,,32,11.136849
u128,zmij_x64_native,unpredictable,,32,6.110848
u128,zmij_x64_v1,unpredictable,,32,6.577663
u128,zmij_x64_v2,unpredictable,,32,6.392203
u128,zmij_x64_v3,unpredictable,,32,5.867031
u128,zmij_x64_v4,unpredictable,,32,5.532676
u128,fmt,unpredictable,,33,18.536728
u128,naive,unpredictable,,33,110.853473
u128,null,unpredictable,,33,1.606317
u128,zmij_scalar,unpredictable,,33,12.151011
u128,zmij_x64_native,unpredictable,,33,7.866084
u128,zmij_x64_v1,unpredictable,,33,8.452204
u128,zmij_x64_v2,unpredictable,,33,8.437106
u128,zmij_x64_v3,unpredictable,,33,7.493671
u128,zmij_x64_v4,unpredictable,,33,8.758653
u128,fmt,unpredictable,,34,21.533012
u128,naive,unpredictable,,34,117.188159
u128,null,unpredictable,,34,1.202331
u128,zmij_scalar,unpredictable,,34,11.903861
u128,zmij_x64_native,unpredictable,,34,7.408193
u128,zmij_x64_v1,unpredictable,,34,7.075922
u128,zmij_x64_v2,unpredictable,,34,6.824721
u128,zmij_x64_v3,unpredictable,,34,6.312788
u128,zmij_x64_v4,unpredictable,,34,7.073361
u128,fmt,unpredictable,,35,19.177971
u128,naive,unpredictable,,35,119.929088
u128,null,unpredictable,,35,1.526034
u128,zmij_scalar,unpredictable,,35,12.092669
u128,zmij_x64_native,unpredictable,,35,6.818707
u128,zmij_x64_v1,unpredictable,,35,7.142080
u128,zmij_x64_v2,unpredictable,,35,7.097518
u128,zmij_x64_v3,unpredictable,,35,6.446505
u128,zmij_x64_v4,unpredictable,,35,6.916471
u128,fmt,unpredictable,,36,18.622711
u128,naive,unpredictable,,36,120.011815
u128,null,unpredictable,,36,1.150006
u128,zmij_scalar,unpredictable,,36,11.454648
u128,zmij_x64_native,unpredictable,,36,6.849570
u128,zmij_x64_v1,unpredictable,,36,6.908714
u128,zmij_x64_v2,unpredictable,,36,6.490354
u128,zmij_x64_v3,unpredictable,,36,6.097097
u128,zmij_x64_v4,unpredictable,,36,6.744231
u128,fmt,unpredictable,,37,18.708632
u128,naive,unpredictable,,37,120.367581
u128,null,unpredictable,,37,1.379638
u128,zmij_scalar,unpredictable,,37,11.391574
u128,zmij_x64_native,unpredictable,,37,6.834128
u128,zmij_x64_v1,unpredictable,,37,6.808889
u128,zmij_x64_v2,unpredictable,,37,6.591172
u128,zmij_x64_v3,unpredictable,,37,6.134865
u128,zmij_x64_v4,unpredictable,,37,6.776610
u128,fmt,unpredictable,,38,19.122049
u128,naive,unpredictable,,38,123.603921
u128,null,unpredictable,,38,1.388543
u128,zmij_scalar,unpredictable,,38,11.367265
u128,zmij_x64_native,unpredictable,,38,6.884063
u128,zmij_x64_v1,unpredictable,,38,6.785919
u128,zmij_x64_v2,unpredictable,,38,6.516551
u128,zmij_x64_v3,unpredictable,,38,6.221050
u128,zmij_x64_v4,unpredictable,,38,6.772580
u128,fmt,unpredictable,,39,27.780968
u128,naive,unpredictable,,39,128.292302
u128,null,unpredictable,,39,1.448606
u128,zmij_scalar,unpredictable,,39,11.352685
u128,zmij_x64_native,unpredictable,,39,6.934550
u128,zmij_x64_v1,unpredictable,,39,6.864767
u128,zmij_x64_v2,unpredictable,,39,6.496886
u128,zmij_x64_v3,unpredictable,,39,6.260075
u128,zmij_x64_v4,unpredictable,,39,6.863635
u128,fmt,admixture,5x6,0,2.999665
u128,naive,admixture,5x6,0,17.857569
u128,null,admixture,5x6,0,1.278524
u128,zmij_scalar,admixture,5x6,0,4.946848
u128,zmij_x64_native,admixture,5x6,0,2.325645
u128,zmij_x64_v1,admixture,5x6,0,3.481791
u128,zmij_x64_v2,admixture,5x6,0,2.867013
u128,zmij_x64_v3,admixture,5x6,0,2.489562
u128,zmij_x64_v4,admixture,5x6,0,2.511854
u128,fmt,admixture,5x6,10,3.843628
u128,naive,admixture,5x6,10,18.620918
u128,null,admixture,5x6,10,1.024687
u128,zmij_scalar,admixture,5x6,10,5.005745
u128,zmij_x64_native,admixture,5x6,10,2.432777
u128,zmij_x64_v1,admixture,5x6,10,3.523480
u128,zmij_x64_v2,admixture,5x6,10,2.913680
u128,zmij_x64_v3,admixture,5x6,10,2.553514
u128,zmij_x64_v4,admixture,5x6,10,2.582809
u128,fmt,admixture,5x6,20,4.711097
u128,naive,admixture,5x6,20,19.156218
u128,null,admixture,5x6,20,0.988445
u128,zmij_scalar,admixture,5x6,20,5.032211
u128,zmij_x64_native,admixture,5x6,20,2.424349
u128,zmij_x64_v1,admixture,5x6,20,3.547061
u128,zmij_x64_v2,admixture,5x6,20,2.903790
u128,zmij_x64_v3,admixture,5x6,20,2.527046
u128,zmij_x64_v4,admixture,5x6,20,2.563718
u128,fmt,admixture,5x6,30,5.416887
u128,naive,admixture,5x6,30,19.471179
u128,null,admixture,5x6,30,0.909396
u128,zmij_scalar,admixture,5x6,30,4.921976
u128,zmij_x64_native,admixture,5x6,30,2.352840
u128,zmij_x64_v1,admixture,5x6,30,3.489396
u128,zmij_x64_v2,admixture,5x6,30,2.925614
u128,zmij_x64_v3,admixture,5x6,30,2.480944
u128,zmij_x64_v4,admixture,5x6,30,2.496948
u128,fmt,admixture,5x6,40,6.234795
u128,naive,admixture,5x6,40,19.851142
u128,null,admixture,5x6,40,0.937631
u128,zmij_scalar,admixture,5x6,40,4.944946
u128,zmij_x64_native,admixture,5x6,40,2.375714
u128,zmij_x64_v1,admixture,5x6,40,3.529901
u128,zmij_x64_v2,admixture,5x6,40,2.873520
u128,zmij_x64_v3,admixture,5x6,40,2.508127
u128,zmij_x64_v4,admixture,5x6,40,2.512208
u128,fmt,admixture,5x6,50,6.694703
u128,naive,admixture,5x6,50,19.799136
u128,null,admixture,5x6,50,0.956148
u128,zmij_scalar,admixture,5x6,50,4.955074
u128,zmij_x64_native,admixture,5x6,50,2.372064
u128,zmij_x64_v1,admixture,5x6,50,3.492532
u128,zmij_x64_v2,admixture,5x6,50,2.856589
u128,zmij_x64_v3,admixture,5x6,50,2.524906
u128,zmij_x64_v4,admixture,5x6,50,2.516154
u128,fmt,admixture,5x6,60,6.354919
u128,naive,admixture,5x6,60,19.015989
u128,null,admixture,5x6,60,1.008425
u128,zmij_scalar,admixture,5x6,60,5.010074
u128,zmij_x64_native,admixture,5x6,60,2.417146
u128,zmij_x64_v1,admixture,5x6,60,3.547290
u128,zmij_x64_v2,admixture,5x6,60,2.936785
u128,zmij_x64_v3,admixture,5x6,60,2.546663
u128,zmij_x64_v4,admixture,5x6,60,2.560470
u128,fmt,admixture,5x6,70,5.475850
u128,naive,admixture,5x6,70,17.874397
u128,null,admixture,5x6,70,0.970960
u128,zmij_scalar,admixture,5x6,70,4.978017
u128,zmij_x64_native,admixture,5x6,70,2.370479
u128,zmij_x64_v1,admixture,5x6,70,3.491624
u128,zmij_x64_v2,admixture,5x6,70,2.871924
u128,zmij_x64_v3,admixture,5x6,70,2.494837
u128,zmij_x64_v4,admixture,5x6,70,2.537279
u128,fmt,admixture,5x6,80,4.619350
u128,naive,admixture,5x6,80,16.586947
u128,null,admixture,5x6,80,1.254379
u128,zmij_scalar,admixture,5x6,80,4.954942
u128,zmij_x64_native,admixture,5x6,80,2.383674
u128,zmij_x64_v1,admixture,5x6,80,3.503184
u128,zmij_x64_v2,admixture,5x6,80,2.957136
u128,zmij_x64_v3,admixture,5x6,80,2.482673
u128,zmij_x64_v4,admixture,5x6,80,2.527525
u128,fmt,admixture,5x6,90,3.876603
u128,naive,admixture,5x6,90,15.800506
u128,null,admixture,5x6,90,1.264412
u128,zmij_scalar,admixture,5x6,90,4.967659
u128,zmij_x64_native,admixture,5x6,90,2.393363
u128,zmij_x64_v1,admixture,5x6,90,3.485929
u128,zmij_x64_v2,admixture,5x6,90,2.893193
u128,zmij_x64_v3,admixture,5x6,90,2.483458
u128,zmij_x64_v4,admixture,5x6,90,2.502969
u128,fmt,admixture,5x6,100,3.052189
u128,naive,admixture,5x6,100,14.489829
u128,null,admixture,5x6,100,1.233655
u128,zmij_scalar,admixture,5x6,100,4.973879
u128,zmij_x64_native,admixture,5x6,100,2.376117
u128,zmij_x64_v1,admixture,5x6,100,3.489339
u128,zmij_x64_v2,admixture,5x6,100,2.873588
u128,zmij_x64_v3,admixture,5x6,100,2.483131
u128,zmij_x64_v4,admixture,5x6,100,2.503379
u128,fmt,admixture,straddle64,0,15.415680
u128,naive,admixture,straddle64,0,73.496821
u128,null,admixture,straddle64,0,1.204493
u128,zmij_scalar,admixture,straddle64,0,8.789980
u128,zmij_x64_native,admixture,straddle64,0,5.352925
u128,zmij_x64_v1,admixture,straddle64,0,5.428878
u128,zmij_x64_v2,admixture,straddle64,0,4.798000
u128,zmij_x64_v3,admixture,straddle64,0,4.361490
u128,zmij_x64_v4,admixture,straddle64,0,5.183124
u128,fmt,admixture,straddle64,10,15.654353
u128,naive,admixture,straddle64,10,73.130177
u128,null,admixture,straddle64,10,0.918665
u128,zmij_scalar,admixture,straddle64,10,8.696093
u128,zmij_x64_native,admixture,straddle64,10,5.430121
u128,zmij_x64_v1,admixture,straddle64,10,5.638830
u128,zmij_x64_v2,admixture,straddle64,10,5.011421
u128,zmij_x64_v3,admixture,straddle64,10,4.586864
u128,zmij_x64_v4,admixture,straddle64,10,5.048304
u128,fmt,admixture,straddle64,20,15.850655
u128,naive,admixture,straddle64,20,72.691949
u128,null,admixture,straddle64,20,1.268306
u128,zmij_scalar,admixture,straddle64,20,8.773498
u128,zmij_x64_native,admixture,straddle64,20,5.463936
u128,zmij_x64_v1,admixture,straddle64,20,5.847912
u128,zmij_x64_v2,admixture,straddle64,20,5.408126
u128,zmij_x64_v3,admixture,straddle64,20,4.781369
u128,zmij_x64_v4,admixture,straddle64,20,5.155449
u128,fmt,admixture,straddle64,30,16.146677
u128,naive,admixture,straddle64,30,72.333066
u128,null,admixture,straddle64,30,0.910741
u128,zmij_scalar,admixture,straddle64,30,8.702819
u128,zmij_x64_native,admixture,straddle64,30,5.579856
u128,zmij_x64_v1,admixture,straddle64,30,6.027010
u128,zmij_x64_v2,admixture,straddle64,30,5.632811
u128,zmij_x64_v3,admixture,straddle64,30,5.065877
u128,zmij_x64_v4,admixture,straddle64,30,5.387096
u128,fmt,admixture,straddle64,40,16.536453
u128,naive,admixture,straddle64,40,71.422527
u128,null,admixture,straddle64,40,1.037152
u128,zmij_scalar,admixture,straddle64,40,8.681750
u128,zmij_x64_native,admixture,straddle64,40,5.812654
u128,zmij_x64_v1,admixture,straddle64,40,6.068010
u128,zmij_x64_v2,admixture,straddle64,40,6.036652
u128,zmij_x64_v3,admixture,straddle64,40,5.508309
u128,zmij_x64_v4,admixture,straddle64,40,5.473244
u128,fmt,admixture,straddle64,50,16.727915
u128,naive,admixture,straddle64,50,70.978872
u128,null,admixture,straddle64,50,1.121647
u128,zmij_scalar,admixture,straddle64,50,8.596292
u128,zmij_x64_native,admixture,straddle64,50,5.884613
u128,zmij_x64_v1,admixture,straddle64,50,6.124548
u128,zmij_x64_v2,admixture,straddle64,50,6.020265
u128,zmij_x64_v3,admixture,straddle64,50,5.506982
u128,zmij_x64_v4,admixture,straddle64,50,5.560805
u128,fmt,admixture,straddle64,60,16.326637
u128,naive,admixture,straddle64,60,70.483671
u128,null,admixture,straddle64,60,1.004952
u128,zmij_scalar,admixture,straddle64,60,8.005882
u128,zmij_x64_native,admixture,straddle64,60,5.304177
u128,zmij_x64_v1,admixture,straddle64,60,5.695778
u128,zmij_x64_v2,admixture,straddle64,60,5.480027
u128,zmij_x64_v3,admixture,straddle64,60,4.834925
u128,zmij_x64_v4,admixture,straddle64,60,5.175826
u128,fmt,admixture,straddle64,70,15.614123
u128,naive,admixture,straddle64,70,69.456594
u128,null,admixture,straddle64,70,1.006759
u128,zmij_scalar,admixture,straddle64,70,7.109062
u128,zmij_x64_native,admixture,straddle64,70,4.646110
u128,zmij_x64_v1,admixture,straddle64,70,5.016899
u128,zmij_x64_v2,admixture,straddle64,70,4.923728
u128,zmij_x64_v3,admixture,straddle64,70,4.131516
u128,zmij_x64_v4,admixture,straddle64,70,4.456443
u128,fmt,admixture,straddle64,80,14.849373
u128,naive,admixture,straddle64,80,68.215384
u128,null,admixture,straddle64,80,1.242527
u128,zmij_scalar,admixture,straddle64,80,6.317396
u128,zmij_x64_native,admixture,straddle64,80,3.877097
u128,zmij_x64_v1,admixture,straddle64,80,4.523137
u128,zmij_x64_v2,admixture,straddle64,80,4.101868
u128,zmij_x64_v3,admixture,straddle64,80,3.507607
u128,zmij_x64_v4,admixture,straddle64,80,3.800141
u128,fmt,admixture,straddle64,90,13.874213
u128,naive,admixture,straddle64,90,67.318346
u128,null,admixture,straddle64,90,1.179531
u128,zmij_scalar,admixture,straddle64,90,5.683729
u128,zmij_x64_native,admixture,straddle64,90,3.273558
u128,zmij_x64_v1,admixture,straddle64,90,4.045321
u128,zmij_x64_v2,admixture,straddle64,90,3.560752
u128,zmij_x64_v3,admixture,straddle64,90,3.026276
u128,zmij_x64_v4,admixture,straddle64,90,3.273338
u128,fmt,admixture,straddle64,100,13.008802
u128,naive,admixture,straddle64,100,65.934176
u128,null,admixture,straddle64,100,0.983932
u128,zmij_scalar,admixture,straddle64,100,5.014490
u128,zmij_x64_native,admixture,straddle64,100,2.478690
u128,zmij_x64_v1,admixture,straddle64,100,3.549038
u128,zmij_x64_v2,admixture,straddle64,100,2.938638
u128,zmij_x64_v3,admixture,straddle64,100,2.507651
u128,zmij_x64_v4,admixture,straddle64,100,2.544294
u128,fmt,admixture,straddle1e32,0,18.598330
u128,naive,admixture,straddle1e32,0,110.842476
u128,null,admixture,straddle1e32,0,1.269032
u128,zmij_scalar,admixture,straddle1e32,0,10.640509
u128,zmij_x64_native,admixture,straddle1e32,0,6.143132
u128,zmij_x64_v1,admixture,straddle1e32,0,5.911912
u128,zmij_x64_v2,admixture,straddle1e32,0,5.555303
u128,zmij_x64_v3,admixture,straddle1e32,0,5.189606
u128,zmij_x64_v4,admixture,straddle1e32,0,5.865503
u128,fmt,admixture,straddle1e32,10,19.873783
u128,naive,admixture,straddle1e32,10,110.686370
u128,null,admixture,straddle1e32,10,0.969905
u128,zmij_scalar,admixture,straddle1e32,10,10.738668
u128,zmij_x64_native,admixture,straddle1e32,10,6.662765
u128,zmij_x64_v1,admixture,straddle1e32,10,6.432055
u128,zmij_x64_v2,admixture,straddle1e32,10,5.984725
u128,zmij_x64_v3,admixture,straddle1e32,10,5.651467
u128,zmij_x64_v4,admixture,straddle1e32,10,6.490226
u128,fmt,admixture,straddle1e32,20,20.501427
u128,naive,admixture,straddle1e32,20,111.165963
u128,null,admixture,straddle1e32,20,0.981156
u128,zmij_scalar,admixture,straddle1e32,20,10.705537
u128,zmij_x64_native,admixture,straddle1e32,20,7.352000
u128,zmij_x64_v1,admixture,straddle1e32,20,6.829179
u128,zmij_x64_v2,admixture,straddle1e32,20,6.476747
u128,zmij_x64_v3,admixture,straddle1e32,20,6.033965
u128,zmij_x64_v4,admixture,straddle1e32,20,7.108545
u128,fmt,admixture,straddle1e32,30,20.771890
u128,naive,admixture,straddle1e32,30,110.314857
u128,null,admixture,straddle1e32,30,1.195473
u128,zmij_scalar,admixture,straddle1e32,30,10.923077
u128,zmij_x64_native,admixture,straddle1e32,30,7.938863
u128,zmij_x64_v1,admixture,straddle1e32,30,7.364093
u128,zmij_x64_v2,admixture,straddle1e32,30,6.922701
u128,zmij_x64_v3,admixture,straddle1e32,30,6.456197
u128,zmij_x64_v4,admixture,straddle1e32,30,7.718488
u128,fmt,admixture,straddle1e32,40,21.430626
u128,naive,admixture,straddle1e32,40,111.183284
u128,null,admixture,straddle1e32,40,0.998181
u128,zmij_scalar,admixture,straddle1e32,40,10.781108
u128,zmij_x64_native,admixture,straddle1e32,40,8.630577
u128,zmij_x64_v1,admixture,straddle1e32,40,7.947176
u128,zmij_x64_v2,admixture,straddle1e32,40,7.481008
u128,zmij_x64_v3,admixture,straddle1e32,40,6.881882
u128,zmij_x64_v4,admixture,straddle1e32,40,8.231906
u128,fmt,admixture,straddle1e32,50,21.596501
u128,naive,admixture,straddle1e32,50,109.312942
u128,null,admixture,straddle1e32,50,0.954008
u128,zmij_scalar,admixture,straddle1e32,50,10.699270
u128,zmij_x64_native,admixture,straddle1e32,50,9.074503
u128,zmij_x64_v1,admixture,straddle1e32,50,8.100658
u128,zmij_x64_v2,admixture,straddle1e32,50,7.778607
u128,zmij_x64_v3,admixture,straddle1e32,50,7.135452
u128,zmij_x64_v4,admixture,straddle1e32,50,8.655851
u128,fmt,admixture,straddle1e32,60,20.852322
u128,naive,admixture,straddle1e32,60,107.927271
u128,null,admixture,straddle1e32,60,1.045392
u128,zmij_scalar,admixture,straddle1e32,60,10.456182
u128,zmij_x64_native,admixture,straddle1e32,60,8.624749
u128,zmij_x64_v1,admixture,straddle1e32,60,7.641513
u128,zmij_x64_v2,admixture,straddle1e32,60,7.422991
u128,zmij_x64_v3,admixture,straddle1e32,60,6.668740
u128,zmij_x64_v4,admixture,straddle1e32,60,8.084157
u128,fmt,admixture,straddle1e32,70,19.962419
u128,naive,admixture,straddle1e32,70,106.701589
u128,null,admixture,straddle1e32,70,1.138992
u128,zmij_scalar,admixture,straddle1e32,70,10.024956
u128,zmij_x64_native,admixture,straddle1e32,70,7.835508
u128,zmij_x64_v1,admixture,straddle1e32,70,6.939165
u128,zmij_x64_v2,admixture,straddle1e32,70,6.666876
u128,zmij_x64_v3,admixture,straddle1e32,70,5.973042
u128,zmij_x64_v4,admixture,straddle1e32,70,7.266270
u128,fmt,admixture,straddle1e32,80,19.100851
u128,naive,admixture,straddle1e32,80,105.199439
u128,null,admixture,straddle1e32,80,1.263083
u128,zmij_scalar,admixture,straddle1e32,80,9.564189
u128,zmij_x64_native,admixture,straddle1e32,80,6.945777
u128,zmij_x64_v1,admixture,straddle1e32,80,6.415970
u128,zmij_x64_v2,admixture,straddle1e32,80,6.024737
u128,zmij_x64_v3,admixture,straddle1e32,80,5.406425
u128,zmij_x64_v4,admixture,straddle1e32,80,6.552474
u128,fmt,admixture,straddle1e32,90,18.607435
u128,naive,admixture,straddle1e32,90,105.566055
u128,null,admixture,straddle1e32,90,1.205783
u128,zmij_scalar,admixture,straddle1e32,90,9.199059
u128,zmij_x64_native,admixture,straddle1e32,90,6.177675
u128,zmij_x64_v1,admixture,straddle1e32,90,5.917003
u128,zmij_x64_v2,admixture,straddle1e32,90,5.373043
u128,zmij_x64_v3,admixture,straddle1e32,90,4.870951
u128,zmij_x64_v4,admixture,straddle1e32,90,5.845710
u128,fmt,admixture,straddle1e32,100,17.682446
u128,naive,admixture,straddle1e32,100,104.698841
u128,null,admixture,straddle1e32,100,1.257854
u128,zmij_scalar,admixture,straddle1e32,100,8.774414
u128,zmij_x64_native,admixture,straddle1e32,100,5.321622
u128,zmij_x64_v1,admixture,straddle1e32,100,5.451571
u128,zmij_x64_v2,admixture,straddle1e32,100,4.742330
u128,zmij_x64_v3,admixture,straddle1e32,100,4.299780
u128,zmij_x64_v4,admixture,straddle1e32,100,4.976326
i128,fmt,bylength,,1,5.234571
i128,naive,bylength,,1,6.555008
i128,null,bylength,,1,0.838244
i128,zmij_scalar,bylength,,1,5.308303
i128,zmij_x64_native,bylength,,1,2.823393
i128,zmij_x64_v1,bylength,,1,4.093147
i128,zmij_x64_v2,bylength,,1,3.180283
i128,zmij_x64_v3,bylength,,1,2.951579
i128,zmij_x64_v4,bylength,,1,2.930454
i128,fmt,bylength,,2,5.294773
i128,naive,bylength,,2,8.313699
i128,null,bylength,,2,0.772315
i128,zmij_scalar,bylength,,2,5.307099
i128,zmij_x64_native,bylength,,2,2.835671
i128,zmij_x64_v1,bylength,,2,4.196530
i128,zmij_x64_v2,bylength,,2,3.171221
i128,zmij_x64_v3,bylength,,2,2.980724
i128,zmij_x64_v4,bylength,,2,2.945963
i128,fmt,bylength,,3,5.290655
i128,naive,bylength,,3,10.375268
i128,null,bylength,,3,0.751867
i128,zmij_scalar,bylength,,3,5.293378
i128,zmij_x64_native,bylength,,3,2.813695
i128,zmij_x64_v1,bylength,,3,4.119136
i128,zmij_x64_v2,bylength,,3,3.153009
i128,zmij_x64_v3,bylength,,3,2.974026
i128,zmij_x64_v4,bylength,,3,2.924111
i128,fmt,bylength,,4,5.366311
i128,naive,bylength,,4,13.197562
i128,null,bylength,,4,0.762721
i128,zmij_scalar,bylength,,4,5.324517
i128,zmij_x64_native,bylength,,4,2.843669
i128,zmij_x64_v1,bylength,,4,4.119499
i128,zmij_x64_v2,bylength,,4,3.187197
i128,zmij_x64_v3,bylength,,4,2.972516
i128,zmij_x64_v4,bylength,,4,2.938578
i128,fmt,bylength,,5,5.715801
i128,naive,bylength,,5,16.548243
i128,null,bylength,,5,0.791607
i128,zmij_scalar,bylength,,5,5.291620
i128,zmij_x64_native,bylength,,5,2.898792
i128,zmij_x64_v1,bylength,,5,4.119192
i128,zmij_x64_v2,bylength,,5,3.159192
i128,zmij_x64_v3,bylength,,5,2.967195
i128,zmij_x64_v4,bylength,,5,3.033688
i128,fmt,bylength,,6,5.708999
i128,naive,bylength,,6,20.086679
i128,null,bylength,,6,0.906102
i128,zmij_scalar,bylength,,6,5.302283
i128,zmij_x64_native,bylength,,6,2.892427
i128,zmij_x64_v1,bylength,,6,4.105644
i128,zmij_x64_v2,bylength,,6,3.189738
i128,zmij_x64_v3,bylength,,6,2.978221
i128,zmij_x64_v4,bylength,,6,2.928755
i128,fmt,bylength,,7,6.203189
i128,naive,bylength,,7,23.510627
i128,null,bylength,,7,0.853645
i128,zmij_scalar,bylength,,7,5.310462
i128,zmij_x64_native,bylength,,7,2.877952
i128,zmij_x64_v1,bylength,,7,4.273477
i128,zmij_x64_v2,bylength,,7,3.210091
i128,zmij_x64_v3,bylength,,7,2.960343
i128,zmij_x64_v4,bylength,,7,2.948314
i128,fmt,bylength,,8,6.407014
i128,naive,bylength,,8,26.221913
i128,null,bylength,,8,0.957757
i128,zmij_scalar,bylength,,8,5.374280
i128,zmij_x64_native,bylength,,8,2.833779
i128,zmij_x64_v1,bylength,,8,4.175691
i128,zmij_x64_v2,bylength,,8,3.234120
i128,zmij_x64_v3,bylength,,8,3.012141
i128,zmij_x64_v4,bylength,,8,2.961662
i128,fmt,bylength,,9,6.692076
i128,naive,bylength,,9,29.885461
i128,null,bylength,,9,1.066950
i128,zmij_scalar,bylength,,9,5.542705
i128,zmij_x64_native,bylength,,9,2.861479
i128,zmij_x64_v1,bylength,,9,4.164722
i128,zmij_x64_v2,bylength,,9,3.213874
i128,zmij_x64_v3,bylength,,9,3.006914
i128,zmij_x64_v4,bylength,,9,2.963373
i128,fmt,bylength,,10,6.708548
i128,naive,bylength,,10,33.044031
i128,null,bylength,,10,0.968841
i128,zmij_scalar,bylength,,10,5.582137
i128,zmij_x64_native,bylength,,10,2.813265
i128,zmij_x64_v1,bylength,,10,4.214351
i128,zmij_x64_v2,bylength,,10,3.188821
i128,zmij_x64_v3,bylength,,10,3.004745
i128,zmij_x64_v4,bylength,,10,2.967768
i128,fmt,bylength,,11,7.157945
i128,naive,bylength,,11,36.744766
i128,null,bylength,,11,0.761518
i128,zmij_scalar,bylength,,11,5.488174
i128,zmij_x64_native,bylength,,11,2.814899
i128,zmij_x64_v1,bylength,,11,4.192986
i128,zmij_x64_v2,bylength,,11,3.147573
i128,zmij_x64_v3,bylength,,11,2.973444
i128,zmij_x64_v4,bylength,,11,2.949413
i128,fmt,bylength,,12,7.228518
i128,naive,bylength,,12,40.025537
i128,null,bylength,,12,1.066644
i128,zmij_scalar,bylength,,12,5.464890
i128,zmij_x64_native,bylength,,12,2.821185
i128,zmij_x64_v1,bylength,,12,4.124793
i128,zmij_x64_v2,bylength,,12,3.155904
i128,zmij_x64_v3,bylength,,12,2.960029
i128,zmij_x64_v4,bylength,,12,2.932099
i128,fmt,bylength,,13,7.790748
i128,naive,bylength,,13,43.684976
i128,null,bylength,,13,0.863842
i128,zmij_scalar,bylength,,13,5.512483
i128,zmij_x64_native,bylength,,13,2.807523
i128,zmij_x64_v1,bylength,,13,4.128672
i128,zmij_x64_v2,bylength,,13,3.159488
i128,zmij_x64_v3,bylength,,13,2.958509
i128,zmij_x64_v4,bylength,,13,2.962742
i128,fmt,bylength,,14,7.908828
i128,naive,bylength,,14,47.560500
i128,null,bylength,,14,0.900962
i128,zmij_scalar,bylength,,14,5.540441
i128,zmij_x64_native,bylength,,14,2.896594
i128,zmij_x64_v1,bylength,,14,4.149109
i128,zmij_x64_v2,bylength,,14,3.190924
i128,zmij_x64_v3,bylength,,14,2.990499
i128,zmij_x64_v4,bylength,,14,2.977801
i128,fmt,bylength,,15,8.438123
i128,naive,bylength,,15,50.518337
i128,null,bylength,,15,0.940199
i128,zmij_scalar,bylength,,15,5.499048
i128,zmij_x64_native,bylength,,15,2.816135
i128,zmij_x64_v1,bylength,,15,4.111648
i128,zmij_x64_v2,bylength,,15,3.205062
i128,zmij_x64_v3,bylength,,15,2.971429
i128,zmij_x64_v4,bylength,,15,2.933687
i128,fmt,bylength,,16,8.493466
i128,naive,bylength,,16,52.359812
i128,null,bylength,,16,0.884848
i128,zmij_scalar,bylength,,16,5.548761
i128,zmij_x64_native,bylength,,16,2.812179
i128,zmij_x64_v1,bylength,,16,4.122272
i128,zmij_x64_v2,bylength,,16,3.156820
i128,zmij_x64_v3,bylength,,16,2.968381
i128,zmij_x64_v4,bylength,,16,2.953227
i128,fmt,bylength,,17,9.042807
i128,naive,bylength,,17,56.603605
i128,null,bylength,,17,0.799133
i128,zmij_scalar,bylength,,17,5.528811
i128,zmij_x64_native,bylength,,17,2.841043
i128,zmij_x64_v1,bylength,,17,4.145032
i128,zmij_x64_v2,bylength,,17,3.173675
i128,zmij_x64_v3,bylength,,17,2.967532
i128,zmij_x64_v4,bylength,,17,2.952395
i128,fmt,bylength,,18,9.081887
i128,naive,bylength,,18,60.101521
i128,null,bylength,,18,0.784064
i128,zmij_scalar,bylength,,18,5.512196
i128,zmij_x64_native,bylength,,18,2.797207
i128,zmij_x64_v1,bylength,,18,4.116530
i128,zmij_x64_v2,bylength,,18,3.164637
i128,zmij_x64_v3,bylength,,18,2.967760
i128,zmij_x64_v4,bylength,,18,2.927486
i128,fmt,bylength,,19,9.734879
i128,naive,bylength,,19,63.220760
i128,null,bylength,,19,0.804684
i128,zmij_scalar,bylength,,19,6.035663
i128,zmij_x64_native,bylength,,19,3.648117
i128,zmij_x64_v1,bylength,,19,4.497431
i128,zmij_x64_v2,bylength,,19,3.760959
i128,zmij_x64_v3,bylength,,19,3.472185
i128,zmij_x64_v4,bylength,,19,3.530688
i128,fmt,bylength,,20,14.746643
i128,naive,bylength,,20,66.380404
i128,null,bylength,,20,0.976048
i128,zmij_scalar,bylength,,20,9.348073
i128,zmij_x64_native,bylength,,20,5.847979
i128,zmij_x64_v1,bylength,,20,6.199804
i128,zmij_x64_v2,bylength,,20,5.315750
i128,zmij_x64_v3,bylength,,20,5.229164
i128,zmij_x64_v4,bylength,,20,5.780226
i128,fmt,bylength,,21,14.816986
i128,naive,bylength,,21,70.709213
i128,null,bylength,,21,0.757923
i128,zmij_scalar,bylength,,21,9.405890
i128,zmij_x64_native,bylength,,21,5.815627
i128,zmij_x64_v1,bylength,,21,6.191836
i128,zmij_x64_v2,bylength,,21,5.386847
i128,zmij_x64_v3,bylength,,21,5.225429
i128,zmij_x64_v4,bylength,,21,5.804362
i128,fmt,bylength,,22,15.626286
i128,naive,bylength,,22,73.437829
i128,null,bylength,,22,0.893237
i128,zmij_scalar,bylength,,22,9.353233
i128,zmij_x64_native,bylength,,22,5.836504
i128,zmij_x64_v1,bylength,,22,6.227180
i128,zmij_x64_v2,bylength,,22,5.356234
i128,zmij_x64_v3,bylength,,22,5.272782
i128,zmij_x64_v4,bylength,,22,5.768369
i128,fmt,bylength,,23,15.732879
i128,naive,bylength,,23,76.937104
i128,null,bylength,,23,0.799658
i128,zmij_scalar,bylength,,23,9.330369
i128,zmij_x64_native,bylength,,23,5.831134
i128,zmij_x64_v1,bylength,,23,6.225441
i128,zmij_x64_v2,bylength,,23,5.304465
i128,zmij_x64_v3,bylength,,23,5.230532
i128,zmij_x64_v4,bylength,,23,5.781374
i128,fmt,bylength,,24,16.370173
i128,naive,bylength,,24,78.994667
i128,null,bylength,,24,0.810703
i128,zmij_scalar,bylength,,24,9.429461
i128,zmij_x64_native,bylength,,24,5.843984
i128,zmij_x64_v1,bylength,,24,6.186211
i128,zmij_x64_v2,bylength,,24,5.366376
i128,zmij_x64_v3,bylength,,24,5.215234
i128,zmij_x64_v4,bylength,,24,5.768675
i128,fmt,bylength,,25,16.671434
i128,naive,bylength,,25,82.795009
i128,null,bylength,,25,0.754270
i128,zmij_scalar,bylength,,25,9.547358
i128,zmij_x64_native,bylength,,25,5.830025
i128,zmij_x64_v1,bylength,,25,6.189143
i128,zmij_x64_v2,bylength,,25,5.318888
i128,zmij_x64_v3,bylength,,25,5.214722
i128,zmij_x64_v4,bylength,,25,5.768749
i128,fmt,bylength,,26,17.411153
i128,naive,bylength,,26,86.311473
i128,null,bylength,,26,0.777514
i128,zmij_scalar,bylength,,26,9.475117
i128,zmij_x64_native,bylength,,26,5.820745
i128,zmij_x64_v1,bylength,,26,6.193473
i128,zmij_x64_v2,bylength,,26,5.334481
i128,zmij_x64_v3,bylength,,26,5.226751
i128,zmij_x64_v4,bylength,,26,5.756021
i128,fmt,bylength,,27,17.472820
i128,naive,bylength,,27,89.737405
i128,null,bylength,,27,0.817942
i128,zmij_scalar,bylength,,27,9.572816
i128,zmij_x64_native,bylength,,27,5.832077
i128,zmij_x64_v1,bylength,,27,6.203229
i128,zmij_x64_v2,bylength,,27,5.340074
i128,zmij_x64_v3,bylength,,27,5.240435
i128,zmij_x64_v4,bylength,,27,5.774652
i128,fmt,bylength,,28,18.379937
i128,naive,bylength,,28,95.379975
i128,null,bylength,,28,0.877773
i128,zmij_scalar,bylength,,28,9.624851
i128,zmij_x64_native,bylength,,28,5.840160
i128,zmij_x64_v1,bylength,,28,6.171688
i128,zmij_x64_v2,bylength,,28,5.370411
i128,zmij_x64_v3,bylength,,28,5.231273
i128,zmij_x64_v4,bylength,,28,5.823268
i128,fmt,bylength,,29,18.390459
i128,naive,bylength,,29,97.849344
i128,null,bylength,,29,0.782415
i128,zmij_scalar,bylength,,29,9.429855
i128,zmij_x64_native,bylength,,29,5.903701
i128,zmij_x64_v1,bylength,,29,6.273478
i128,zmij_x64_v2,bylength,,29,5.340515
i128,zmij_x64_v3,bylength,,29,5.232648
i128,zmij_x64_v4,bylength,,29,5.763348
i128,fmt,bylength,,30,19.022040
i128,naive,bylength,,30,101.387865
i128,null,bylength,,30,0.798459
i128,zmij_scalar,bylength,,30,9.398362
i128,zmij_x64_native,bylength,,30,5.850279
i128,zmij_x64_v1,bylength,,30,6.204739
i128,zmij_x64_v2,bylength,,30,5.319178
i128,zmij_x64_v3,bylength,,30,5.218583
i128,zmij_x64_v4,bylength,,30,5.753498
i128,fmt,bylength,,31,19.146829
i128,naive,bylength,,31,104.043980
i128,null,bylength,,31,0.773300
i128,zmij_scalar,bylength,,31,9.493530
i128,zmij_x64_native,bylength,,31,5.838097
i128,zmij_x64_v1,bylength,,31,6.256193
i128,zmij_x64_v2,bylength,,31,5.323582
i128,zmij_x64_v3,bylength,,31,5.240377
i128,zmij_x64_v4,bylength,,31,5.764094
i128,fmt,bylength,,32,19.835138
i128,naive,bylength,,32,106.179951
i128,null,bylength,,32,0.853123
i128,zmij_scalar,bylength,,32,9.846786
i128,zmij_x64_native,bylength,,32,5.920308
i128,zmij_x64_v1,bylength,,32,6.330253
i128,zmij_x64_v2,bylength,,32,5.396392
i128,zmij_x64_v3,bylength,,32,5.381300
i128,zmij_x64_v4,bylength,,32,5.871950
i128,fmt,bylength,,33,20.077474
i128,naive,bylength,,33,109.788774
i128,null,bylength,,33,1.064181
i128,zmij_scalar,bylength,,33,11.965416
i128,zmij_x64_native,bylength,,33,6.698883
i128,zmij_x64_v1,bylength,,33,7.111682
i128,zmij_x64_v2,bylength,,33,6.257095
i128,zmij_x64_v3,bylength,,33,6.070048
i128,zmij_x64_v4,bylength,,33,6.598337
i128,fmt,bylength,,34,20.429620
i128,naive,bylength,,34,113.288816
i128,null,bylength,,34,0.964803
i128,zmij_scalar,bylength,,34,11.641089
i128,zmij_x64_native,bylength,,34,6.575845
i128,zmij_x64_v1,bylength,,34,6.777986
i128,zmij_x64_v2,bylength,,34,6.182030
i128,zmij_x64_v3,bylength,,34,5.944938
i128,zmij_x64_v4,bylength,,34,6.569252
i128,fmt,bylength,,35,20.273327
i128,naive,bylength,,35,116.067724
i128,null,bylength,,35,0.815063
i128,zmij_scalar,bylength,,35,11.488417
i128,zmij_x64_native,bylength,,35,6.500598
i128,zmij_x64_v1,bylength,,35,6.669667
i128,zmij_x64_v2,bylength,,35,6.124871
i128,zmij_x64_v3,bylength,,35,5.899113
i128,zmij_x64_v4,bylength,,35,6.461690
i128,fmt,bylength,,36,20.967948
i128,naive,bylength,,36,119.795254
i128,null,bylength,,36,0.948511
i128,zmij_scalar,bylength,,36,11.471065
i128,zmij_x64_native,bylength,,36,6.562364
i128,zmij_x64_v1,bylength,,36,6.679939
i128,zmij_x64_v2,bylength,,36,6.174941
i128,zmij_x64_v3,bylength,,36,5.930452
i128,zmij_x64_v4,bylength,,36,6.501794
i128,fmt,bylength,,37,20.799077
i128,naive,bylength,,37,123.102736
i128,null,bylength,,37,0.781763
i128,zmij_scalar,bylength,,37,11.477632
i128,zmij_x64_native,bylength,,37,6.626131
i128,zmij_x64_v1,bylength,,37,6.665966
i128,zmij_x64_v2,bylength,,37,6.097545
i128,zmij_x64_v3,bylength,,37,5.884566
i128,zmij_x64_v4,bylength,,37,6.451525
i128,fmt,bylength,,38,21.264421
i128,naive,bylength,,38,125.912470
i128,null,bylength,,38,0.915627
i128,zmij_scalar,bylength,,38,11.384213
i128,zmij_x64_native,bylength,,38,6.491494
i128,zmij_x64_v1,bylength,,38,6.641907
i128,zmij_x64_v2,bylength,,38,6.107195
i128,zmij_x64_v3,bylength,,38,5.898555
i128,zmij_x64_v4,bylength,,38,6.469556
i128,fmt,bylength,,39,21.540911
i128,naive,bylength,,39,129.440250
i128,null,bylength,,39,0.948792
i128,zmij_scalar,bylength,,39,11.373225
i128,zmij_x64_native,bylength,,39,6.478691
i128,zmij_x64_v1,bylength,,39,6.633929
i128,zmij_x64_v2,bylength,,39,6.115375
i128,zmij_x64_v3,bylength,,39,5.883095
i128,zmij_x64_v4,bylength,,39,6.481757
i128,fmt,loguniform,1-39,39,24.015120
i128,naive,loguniform,1-39,39,75.151021
i128,null,loguniform,1-39,39,0.840511
i128,zmij_scalar,loguniform,1-39,39,10.223430
i128,zmij_x64_native,loguniform,1-39,39,8.242130
i128,zmij_x64_v1,loguniform,1-39,39,8.043311
i128,zmij_x64_v2,loguniform,1-39,39,7.768788
i128,zmij_x64_v3,loguniform,1-39,39,7.399707
i128,zmij_x64_v4,loguniform,1-39,39,7.463167
i128,fmt,loguniform,1-4,4,10.379398
i128,naive,loguniform,1-4,4,13.783036
i128,null,loguniform,1-4,4,0.799926
i128,zmij_scalar,loguniform,1-4,4,5.338377
i128,zmij_x64_native,loguniform,1-4,4,2.828859
i128,zmij_x64_v1,loguniform,1-4,4,4.123463
i128,zmij_x64_v2,loguniform,1-4,4,3.185370
i128,zmij_x64_v3,loguniform,1-4,4,2.967027
i128,zmij_x64_v4,loguniform,1-4,4,2.944563
i128,fmt,uniform,0-255,0,5.186918
i128,naive,uniform,0-255,0,9.509797
i128,null,uniform,0-255,0,0.766598
i128,zmij_scalar,uniform,0-255,0,5.359283
i128,zmij_x64_native,uniform,0-255,0,2.815683
i128,zmij_x64_v1,uniform,0-255,0,4.132598
i128,zmij_x64_v2,uniform,0-255,0,3.171515
i128,zmij_x64_v3,uniform,0-255,0,2.966368
i128,zmij_x64_v4,uniform,0-255,0,2.951089
i128,fmt,unpredictable,,1,7.444003
i128,naive,unpredictable,,1,9.477302
i128,null,unpredictable,,1,1.069811
i128,zmij_scalar,unpredictable,,1,5.207977
i128,zmij_x64_native,unpredictable,,1,3.147770
i128,zmij_x64_v1,unpredictable,,1,3.974689
i128,zmij_x64_v2,unpredictable,,1,3.219559
i128,zmij_x64_v3,unpredictable,,1,3.166394
i128,zmij_x64_v4,unpredictable,,1,3.106807
i128,fmt,unpredictable,,2,7.344398
i128,naive,unpredictable,,2,10.567639
i128,null,unpredictable,,2,0.827930
i128,zmij_scalar,unpredictable,,2,5.211723
i128,zmij_x64_native,unpredictable,,2,3.026077
i128,zmij_x64_v1,unpredictable,,2,4.023363
i128,zmij_x64_v2,unpredictable,,2,3.192997
i128,zmij_x64_v3,unpredictable,,2,3.093930
i128,zmij_x64_v4,unpredictable,,2,3.138551
i128,fmt,unpredictable,,3,7.491656
i128,naive,unpredictable,,3,12.867940
i128,null,unpredictable,,3,0.969368
i128,zmij_scalar,unpredictable,,3,5.150455
i128,zmij_x64_native,unpredictable,,3,2.958044
i128,zmij_x64_v1,unpredictable,,3,3.970354
i128,zmij_x64_v2,unpredictable,,3,3.158539
i128,zmij_x64_v3,unpredictable,,3,3.007377
i128,zmij_x64_v4,unpredictable,,3,2.977220
i128,fmt,unpredictable,,4,6.726850
i128,naive,unpredictable,,4,17.355365
i128,null,unpredictable,,4,1.000843
i128,zmij_scalar,unpredictable,,4,5.209923
i128,zmij_x64_native,unpredictable,,4,2.966131
i128,zmij_x64_v1,unpredictable,,4,3.911560
i128,zmij_x64_v2,unpredictable,,4,3.117167
i128,zmij_x64_v3,unpredictable,,4,3.017144
i128,zmij_x64_v4,unpredictable,,4,3.302812
i128,fmt,unpredictable,,5,7.102796
i128,naive,unpredictable,,5,19.636987
i128,null,unpredictable,,5,0.801147
i128,zmij_scalar,unpredictable,,5,5.061291
i128,zmij_x64_native,unpredictable,,5,3.286394
i128,zmij_x64_v1,unpredictable,,5,4.109653
i128,zmij_x64_v2,unpredictable,,5,3.124672
i128,zmij_x64_v3,unpredictable,,5,3.009669
i128,zmij_x64_v4,unpredictable,,5,3.204894
i128,fmt,unpredictable,,6,7.752341
i128,naive,unpredictable,,6,23.041905
i128,null,unpredictable,,6,0.752455
i128,zmij_scalar,unpredictable,,6,5.137770
i128,zmij_x64_native,unpredictable,,6,3.151438
i128,zmij_x64_v1,unpredictable,,6,4.297369
i128,zmij_x64_v2,unpredictable,,6,3.364939
i128,zmij_x64_v3,unpredictable,,6,3.105641
i128,zmij_x64_v4,unpredictable,,6,3.236978
i128,fmt,unpredictable,,7,7.666919
i128,naive,unpredictable,,7,25.575130
i128,null,unpredictable,,7,0.686735
i128,zmij_scalar,unpredictable,,7,5.269970
i128,zmij_x64_native,unpredictable,,7,3.210299
i128,zmij_x64_v1,unpredictable,,7,4.276598
i128,zmij_x64_v2,unpredictable,,7,3.377266
i128,zmij_x64_v3,unpredictable,,7,3.167500
i128,zmij_x64_v4,unpredictable,,7,3.164763
i128,fmt,unpredictable,,8,7.613946
i128,naive,unpredictable,,8,27.984981
i128,null,unpredictable,,8,0.709112
i128,zmij_scalar,unpredictable,,8,5.163891
i128,zmij_x64_native,unpredictable,,8,3.010563
i128,zmij_x64_v1,unpredictable,,8,4.072197
i128,zmij_x64_v2,unpredictable,,8,3.169922
i128,zmij_x64_v3,unpredictable,,8,3.015939
i128,zmij_x64_v4,unpredictable,,8,3.044316
i128,fmt,unpredictable,,9,8.177211
i128,naive,unpredictable,,9,31.864013
i128,null,unpredictable,,9,0.854635
i128,zmij_scalar,unpredictable,,9,5.175280
i128,zmij_x64_native,unpredictable,,9,3.055088
i128,zmij_x64_v1,unpredictable,,9,4.092896
i128,zmij_x64_v2,unpredictable,,9,3.136978
i128,zmij_x64_v3,unpredictable,,9,3.017716
i128,zmij_x64_v4,unpredictable,,9,3.112498
i128,fmt,unpredictable,,10,8.343965
i128,naive,unpredictable,,10,35.067878
i128,null,unpredictable,,10,1.275854
i128,zmij_scalar,unpredictable,,10,5.341766
i128,zmij_x64_native,unpredictable,,10,3.160080
i128,zmij_x64_v1,unpredictable,,10,4.287350
i128,zmij_x64_v2,unpredictable,,10,3.292704
i128,zmij_x64_v3,unpredictable,,10,3.142869
i128,zmij_x64_v4,unpredictable,,10,3.139905
i128,fmt,unpredictable,,11,8.634274
i128,naive,unpredictable,,11,38.583547
i128,null,unpredictable,,11,1.305677
i128,zmij_scalar,unpredictable,,11,5.604900
i128,zmij_x64_native,unpredictable,,11,3.139294
i128,zmij_x64_v1,unpredictable,,11,4.212629
i128,zmij_x64_v2,unpredictable,,11,3.291927
i128,zmij_x64_v3,unpredictable,,11,3.115926
i128,zmij_x64_v4,unpredictable,,11,3.172009
i128,fmt,unpredictable,,12,7.864488
i128,naive,unpredictable,,12,41.810414
i128,null,unpredictable,,12,1.303917
i128,zmij_scalar,unpredictable,,12,5.213436
i128,zmij_x64_native,unpredictable,,12,3.158308
i128,zmij_x64_v1,unpredictable,,12,3.844133
i128,zmij_x64_v2,unpredictable,,12,3.176403
i128,zmij_x64_v3,unpredictable,,12,3.068799
i128,zmij_x64_v4,unpredictable,,12,3.121867
i128,fmt,unpredictable,,13,8.688680
i128,naive,unpredictable,,13,45.214417
i128,null,unpredictable,,13,1.123234
i128,zmij_scalar,unpredictable,,13,5.170952
i128,zmij_x64_native,unpredictable,,13,3.134918
i128,zmij_x64_v1,unpredictable,,13,4.030378
i128,zmij_x64_v2,unpredictable,,13,3.233124
i128,zmij_x64_v3,unpredictable,,13,3.046956
i128,zmij_x64_v4,unpredictable,,13,3.113706
i128,fmt,unpredictable,,14,8.271434
i128,naive,unpredictable,,14,48.962630
i128,null,unpredictable,,14,1.116470
i128,zmij_scalar,unpredictable,,14,5.234972
i128,zmij_x64_native,unpredictable,,14,3.005562
i128,zmij_x64_v1,unpredictable,,14,3.948071
i128,zmij_x64_v2,unpredictable,,14,3.109005
i128,zmij_x64_v3,unpredictable,,14,3.040977
i128,zmij_x64_v4,unpredictable,,14,3.082269
i128,fmt,unpredictable,,15,8.822375
i128,naive,unpredictable,,15,51.819383
i128,null,unpredictable,,15,1.076014
i128,zmij_scalar,unpredictable,,15,5.249416
i128,zmij_x64_native,unpredictable,,15,2.966482
i128,zmij_x64_v1,unpredictable,,15,3.881533
i128,zmij_x64_v2,unpredictable,,15,3.137327
i128,zmij_x64_v3,unpredictable,,15,3.013782
i128,zmij_x64_v4,unpredictable,,15,3.039157
i128,fmt,unpredictable,,16,8.922971
i128,naive,unpredictable,,16,53.384698
i128,null,unpredictable,,16,1.140739
i128,zmij_scalar,unpredictable,,16,5.287945
i128,zmij_x64_native,unpredictable,,16,3.001644
i128,zmij_x64_v1,unpredictable,,16,3.928982
i128,zmij_x64_v2,unpredictable,,16,3.163698
i128,zmij_x64_v3,unpredictable,,16,3.087163
i128,zmij_x64_v4,unpredictable,,16,2.969598
i128,fmt,unpredictable,,17,9.494473
i128,naive,unpredictable,,17,56.904799
i128,null,unpredictable,,17,0.897736
i128,zmij_scalar,unpredictable,,17,5.347015
i128,zmij_x64_native,unpredictable,,17,3.090126
i128,zmij_x64_v1,unpredictable,,17,4.148861
i128,zmij_x64_v2,unpredictable,,17,3.330242
i128,zmij_x64_v3,unpredictable,,17,3.142928
i128,zmij_x64_v4,unpredictable,,17,3.160373
i128,fmt,unpredictable,,18,9.683337
i128,naive,unpredictable,,18,60.078580
i128,null,unpredictable,,18,1.122202
i128,zmij_scalar,unpredictable,,18,5.361881
i128,zmij_x64_native,unpredictable,,18,3.043995
i128,zmij_x64_v1,unpredictable,,18,4.106590
i128,zmij_x64_v2,unpredictable,,18,3.190338
i128,zmij_x64_v3,unpredictable,,18,3.086802
i128,zmij_x64_v4,unpredictable,,18,3.072085
i128,fmt,unpredictable,,19,10.216641
i128,naive,unpredictable,,19,63.290969
i128,null,unpredictable,,19,1.049145
i128,zmij_scalar,unpredictable,,19,5.886950
i128,zmij_x64_native,unpredictable,,19,3.764650
i128,zmij_x64_v1,unpredictable,,19,4.557756
i128,zmij_x64_v2,unpredictable,,19,3.787909
i128,zmij_x64_v3,unpredictable,,19,3.635470
i128,zmij_x64_v4,unpredictable,,19,3.680966
i128,fmt,unpredictable,,20,16.835950
i128,naive,unpredictable,,20,66.504695
i128,null,unpredictable,,20,1.220858
i128,zmij_scalar,unpredictable,,20,9.308796
i128,zmij_x64_native,unpredictable,,20,5.230803
i128,zmij_x64_v1,unpredictable,,20,5.953836
i128,zmij_x64_v2,unpredictable,,20,5.508129
i128,zmij_x64_v3,unpredictable,,20,5.193427
i128,zmij_x64_v4,unpredictable,,20,5.449784
i128,fmt,unpredictable,,21,16.419312
i128,naive,unpredictable,,21,71.190154
i128,null,unpredictable,,21,1.016176
i128,zmij_scalar,unpredictable,,21,9.712494
i128,zmij_x64_native,unpredictable,,21,5.322086
i128,zmij_x64_v1,unpredictable,,21,5.995722
i128,zmij_x64_v2,unpredictable,,21,5.524862
i128,zmij_x64_v3,unpredictable,,21,5.240449
i128,zmij_x64_v4,unpredictable,,21,5.488362
i128,fmt,unpredictable,,22,16.883969
i128,naive,unpredictable,,22,73.502072
i128,null,unpredictable,,22,1.134085
i128,zmij_scalar,unpredictable,,22,9.383976
i128,zmij_x64_native,unpredictable,,22,5.300547
i128,zmij_x64_v1,unpredictable,,22,5.917366
i128,zmij_x64_v2,unpredictable,,22,5.547222
i128,zmij_x64_v3,unpredictable,,22,5.181230
i128,zmij_x64_v4,unpredictable,,22,5.559928
i128,fmt,unpredictable,,23,17.488536
i128,naive,unpredictable,,23,83.484855
i128,null,unpredictable,,23,0.932264
i128,zmij_scalar,unpredictable,,23,10.065264
i128,zmij_x64_native,unpredictable,,23,5.530537
i128,zmij_x64_v1,unpredictable,,23,6.229029
i128,zmij_x64_v2,unpredictable,,23,5.410049
i128,zmij_x64_v3,unpredictable,,23,5.335469
i128,zmij_x64_v4,unpredictable,,23,5.738933
i128,fmt,unpredictable,,24,17.264167
i128,naive,unpredictable,,24,82.702268
i128,null,unpredictable,,24,0.804192
i128,zmij_scalar,unpredictable,,24,9.469341
i128,zmij_x64_native,unpredictable,,24,5.282473
i128,zmij_x64_v1,unpredictable,,24,6.000954
i128,zmij_x64_v2,unpredictable,,24,5.326120
i128,zmij_x64_v3,unpredictable,,24,5.159560
i128,zmij_x64_v4,unpredictable,,24,5.500844
i128,fmt,unpredictable,,25,17.551522
i128,naive,unpredictable,,25,82.888404
i128,null,unpredictable,,25,0.669847
i128,zmij_scalar,unpredictable,,25,9.681232
i128,zmij_x64_native,unpredictable,,25,5.312817
i128,zmij_x64_v1,unpredictable,,25,6.012995
i128,zmij_x64_v2,unpredictable,,25,5.365641
i128,zmij_x64_v3,unpredictable,,25,5.213948
i128,zmij_x64_v4,unpredictable,,25,5.439786
i128,fmt,unpredictable,,26,18.091760
i128,naive,unpredictable,,26,87.528741
i128,null,unpredictable,,26,1.019426
i128,zmij_scalar,unpredictable,,26,9.731585
i128,zmij_x64_native,unpredictable,,26,5.386183
i128,zmij_x64_v1,unpredictable,,26,6.269564
i128,zmij_x64_v2,unpredictable,,26,5.688236
i128,zmij_x64_v3,unpredictable,,26,5.422055
i128,zmij_x64_v4,unpredictable,,26,5.382895
i128,fmt,unpredictable,,27,18.613328
i128,naive,unpredictable,,27,91.104878
i128,null,unpredictable,,27,1.034025
i128,zmij_scalar,unpredictable,,27,9.692566
i128,zmij_x64_native,unpredictable,,27,5.401051
i128,zmij_x64_v1,unpredictable,,27,5.990807
i128,zmij_x64_v2,unpredictable,,27,5.635548
i128,zmij_x64_v3,unpredictable,,27,5.348483
i128,zmij_x64_v4,unpredictable,,27,5.524941
i128,fmt,unpredictable,,28,18.822948
i128,naive,unpredictable,,28,94.301650
i128,null,unpredictable,,28,0.966568
i128,zmij_scalar,unpredictable,,28,9.699236
i128,zmij_x64_native,unpredictable,,28,5.408026
i128,zmij_x64_v1,unpredictable,,28,6.038773
i128,zmij_x64_v2,unpredictable,,28,5.621426
i128,zmij_x64_v3,unpredictable,,28,5.207128
i128,zmij_x64_v4,unpredictable,,28,5.497729
i128,fmt,unpredictable,,29,18.925721
i128,naive,unpredictable,,29,98.365781
i128,null,unpredictable,,29,1.114914
i128,zmij_scalar,unpredictable,,29,9.938911
i128,zmij_x64_native,unpredictable,,29,5.568874
i128,zmij_x64_v1,unpredictable,,29,6.222017
i128,zmij_x64_v2,unpredictable,,29,5.893934
i128,zmij_x64_v3,unpredictable,,29,5.353587
i128,zmij_x64_v4,unpredictable,,29,5.713939
i128,fmt,unpredictable,,30,19.421012
i128,naive,unpredictable,,30,102.343205
i128,null,unpredictable,,30,0.892113
i128,zmij_scalar,unpredictable,,30,9.487539
i128,zmij_x64_native,unpredictable,,30,5.435577
i128,zmij_x64_v1,unpredictable,,30,5.972916
i128,zmij_x64_v2,unpredictable,,30,5.579725
i128,zmij_x64_v3,unpredictable,,30,5.229159
i128,zmij_x64_v4,unpredictable,,30,5.579381
i128,fmt,unpredictable,,31,19.905967
i128,naive,unpredictable,,31,109.503861
i128,null,unpredictable,,31,0.723696
i128,zmij_scalar,unpredictable,,31,9.605221
i128,zmij_x64_native,unpredictable,,31,5.361141
i128,zmij_x64_v1,unpredictable,,31,6.171452
i128,zmij_x64_v2,unpredictable,,31,5.507719
i128,zmij_x64_v3,unpredictable,,31,5.225795
i128,zmij_x64_v4,unpredictable,,31,5.556165
i128,fmt,unpredictable,,32,20.218583
i128,naive,unpredictable,,32,109.194289
i128,null,unpredictable,,32,0.896488
i128,zmij_scalar,unpredictable,,32,9.848108
i128,zmij_x64_native,unpredictable,,32,5.318836
i128,zmij_x64_v1,unpredictable,,32,6.079128
i128,zmij_x64_v2,unpredictable,,32,5.534130
i128,zmij_x64_v3,unpredictable,,32,5.508660
i128,zmij_x64_v4,unpredictable,,32,5.562318
i128,fmt,unpredictable,,33,20.219258
i128,naive,unpredictable,,33,110.651116
i128,null,unpredictable,,33,0.737989
i128,zmij_scalar,unpredictable,,33,12.061798
i128,zmij_x64_native,unpredictable,,33,7.343721
i128,zmij_x64_v1,unpredictable,,33,7.932102
i128,zmij_x64_v2,unpredictable,,33,6.949448
i128,zmij_x64_v3,unpredictable,,33,6.668612
i128,zmij_x64_v4,unpredictable,,33,7.212745
i128,fmt,unpredictable,,34,20.329808
i128,naive,unpredictable,,34,112.017518
i128,null,unpredictable,,34,1.064636
i128,zmij_scalar,unpredictable,,34,11.980736
i128,zmij_x64_native,unpredictable,,34,7.327269
i128,zmij_x64_v1,unpredictable,,34,7.829388
i128,zmij_x64_v2,unpredictable,,34,7.095371
i128,zmij_x64_v3,unpredictable,,34,6.598077
i128,zmij_x64_v4,unpredictable,,34,7.193997
i128,fmt,unpredictable,,35,20.399257
i128,naive,unpredictable,,35,114.708920
i128,null,unpredictable,,35,1.195578
i128,zmij_scalar,unpredictable,,35,11.812243
i128,zmij_x64_native,unpredictable,,35,7.257669
i128,zmij_x64_v1,unpredictable,,35,7.739092
i128,zmij_x64_v2,unpredictable,,35,7.111959
i128,zmij_x64_v3,unpredictable,,35,6.545220
i128,zmij_x64_v4,unpredictable,,35,7.051229
i128,fmt,unpredictable,,36,20.825637
i128,naive,unpredictable,,36,117.797338
i128,null,unpredictable,,36,1.113367
i128,zmij_scalar,unpredictable,,36,11.888876
i128,zmij_x64_native,unpredictable,,36,7.339058
i128,zmij_x64_v1,unpredictable,,36,7.784500
i128,zmij_x64_v2,unpredictable,,36,7.106056
i128,zmij_x64_v3,unpredictable,,36,6.601117
i128,zmij_x64_v4,unpredictable,,36,7.118592
i128,fmt,unpredictable,,37,20.729552
i128,naive,unpredictable,,37,121.489892
i128,null,unpredictable,,37,0.968735
i128,zmij_scalar,unpredictable,,37,11.943468
i128,zmij_x64_native,unpredictable,,37,7.262470
i128,zmij_x64_v1,unpredictable,,37,7.729954
i128,zmij_x64_v2,unpredictable,,37,7.047411
i128,zmij_x64_v3,unpredictable,,37,6.580438
i128,zmij_x64_v4,unpredictable,,37,7.137187
i128,fmt,unpredictable,,38,21.226642
i128,naive,unpredictable,,38,126.249373
i128,null,unpredictable,,38,0.863195
i128,zmij_scalar,unpredictable,,38,11.899136
i128,zmij_x64_native,unpredictable,,38,7.272387
i128,zmij_x64_v1,unpredictable,,38,7.867271
i128,zmij_x64_v2,unpredictable,,38,7.176607
i128,zmij_x64_v3,unpredictable,,38,6.828378
i128,zmij_x64_v4,unpredictable,,38,7.029584
i128,fmt,unpredictable,,39,21.510602
i128,naive,unpredictable,,39,128.877780
i128,null,unpredictable,,39,1.175724
i128,zmij_scalar,unpredictable,,39,11.811024
i128,zmij_x64_native,unpredictable,,39,7.240496
i128,zmij_x64_v1,unpredictable,,39,7.939333
i128,zmij_x64_v2,unpredictable,,39,7.294052
i128,zmij_x64_v3,unpredictable,,39,6.787885
i128,zmij_x64_v4,unpredictable,,39,7.278537
i128,fmt,admixture,5x6,0,5.704389
i128,naive,admixture,5x6,0,20.241257
i128,null,admixture,5x6,0,0.779876
i128,zmij_scalar,admixture,5x6,0,5.285413
i128,zmij_x64_native,admixture,5x6,0,2.885917
i128,zmij_x64_v1,admixture,5x6,0,4.132902
i128,zmij_x64_v2,admixture,5x6,0,3.181246
i128,zmij_x64_v3,admixture,5x6,0,3.021657
i128,zmij_x64_v4,admixture,5x6,0,2.916874
i128,fmt,admixture,5x6,10,6.241866
i128,naive,admixture,5x6,10,20.669051
i128,null,admixture,5x6,10,0.804842
i128,zmij_scalar,admixture,5x6,10,5.323163
i128,zmij_x64_native,admixture,5x6,10,2.879477
i128,zmij_x64_v1,admixture,5x6,10,4.102595
i128,zmij_x64_v2,admixture,5x6,10,3.167650
i128,zmij_x64_v3,admixture,5x6,10,2.952101
i128,zmij_x64_v4,admixture,5x6,10,2.920686
i128,fmt,admixture,5x6,20,6.745140
i128,naive,admixture,5x6,20,21.012868
i128,null,admixture,5x6,20,0.853537
i128,zmij_scalar,admixture,5x6,20,5.291394
i128,zmij_x64_native,admixture,5x6,20,2.899837
i128,zmij_x64_v1,admixture,5x6,20,4.119401
i128,zmij_x64_v2,admixture,5x6,20,3.161401
i128,zmij_x64_v3,admixture,5x6,20,2.973302
i128,zmij_x64_v4,admixture,5x6,20,2.965056
i128,fmt,admixture,5x6,30,7.591399
i128,naive,admixture,5x6,30,21.311007
i128,null,admixture,5x6,30,0.883274
i128,zmij_scalar,admixture,5x6,30,5.278667
i128,zmij_x64_native,admixture,5x6,30,2.883633
i128,zmij_x64_v1,admixture,5x6,30,4.146097
i128,zmij_x64_v2,admixture,5x6,30,3.186214
i128,zmij_x64_v3,admixture,5x6,30,3.000484
i128,zmij_x64_v4,admixture,5x6,30,2.928873
i128,fmt,admixture,5x6,40,8.493088
i128,naive,admixture,5x6,40,21.837546
i128,null,admixture,5x6,40,0.745011
i128,zmij_scalar,admixture,5x6,40,5.346840
i128,zmij_x64_native,admixture,5x6,40,2.853441
i128,zmij_x64_v1,admixture,5x6,40,4.084662
i128,zmij_x64_v2,admixture,5x6,40,3.178858
i128,zmij_x64_v3,admixture,5x6,40,2.964158
i128,zmij_x64_v4,admixture,5x6,40,2.941294
i128,fmt,admixture,5x6,50,8.929268
i128,naive,admixture,5x6,50,21.913820
i128,null,admixture,5x6,50,0.772843
i128,zmij_scalar,admixture,5x6,50,5.283273
i128,zmij_x64_native,admixture,5x6,50,2.868977
i128,zmij_x64_v1,admixture,5x6,50,4.127628
i128,zmij_x64_v2,admixture,5x6,50,3.215040
i128,zmij_x64_v3,admixture,5x6,50,3.005912
i128,zmij_x64_v4,admixture,5x6,50,2.989295
i128,fmt,admixture,5x6,60,8.561517
i128,naive,admixture,5x6,60,20.902965
i128,null,admixture,5x6,60,1.050794
i128,zmij_scalar,admixture,5x6,60,5.295666
i128,zmij_x64_native,admixture,5x6,60,2.851720
i128,zmij_x64_v1,admixture,5x6,60,4.114854
i128,zmij_x64_v2,admixture,5x6,60,3.157149
i128,zmij_x64_v3,admixture,5x6,60,2.963346
i128,zmij_x64_v4,admixture,5x6,60,2.925158
i128,fmt,admixture,5x6,70,7.699816
i128,naive,admixture,5x6,70,19.659944
i128,null,admixture,5x6,70,0.786535
i128,zmij_scalar,admixture,5x6,70,5.300462
i128,zmij_x64_native,admixture,5x6,70,2.842291
i128,zmij_x64_v1,admixture,5x6,70,4.115438
i128,zmij_x64_v2,admixture,5x6,70,3.163484
i128,zmij_x64_v3,admixture,5x6,70,2.973426
i128,zmij_x64_v4,admixture,5x6,70,2.923742
i128,fmt,admixture,5x6,80,7.007459
i128,naive,admixture,5x6,80,18.574305
i128,null,admixture,5x6,80,0.825976
i128,zmij_scalar,admixture,5x6,80,5.325084
i128,zmij_x64_native,admixture,5x6,80,2.841564
i128,zmij_x64_v1,admixture,5x6,80,4.143823
i128,zmij_x64_v2,admixture,5x6,80,3.182422
i128,zmij_x64_v3,admixture,5x6,80,2.969233
i128,zmij_x64_v4,admixture,5x6,80,2.925596
i128,fmt,admixture,5x6,90,6.299395
i128,naive,admixture,5x6,90,17.722148
i128,null,admixture,5x6,90,0.818066
i128,zmij_scalar,admixture,5x6,90,5.344643
i128,zmij_x64_native,admixture,5x6,90,2.874747
i128,zmij_x64_v1,admixture,5x6,90,4.172113
i128,zmij_x64_v2,admixture,5x6,90,3.200498
i128,zmij_x64_v3,admixture,5x6,90,2.997236
i128,zmij_x64_v4,admixture,5x6,90,2.962524
i128,fmt,admixture,5x6,100,5.913661
i128,naive,admixture,5x6,100,16.738686
i128,null,admixture,5x6,100,0.838073
i128,zmij_scalar,admixture,5x6,100,5.386616
i128,zmij_x64_native,admixture,5x6,100,2.881627
i128,zmij_x64_v1,admixture,5x6,100,4.161920
i128,zmij_x64_v2,admixture,5x6,100,3.199571
i128,zmij_x64_v3,admixture,5x6,100,3.015553
i128,zmij_x64_v4,admixture,5x6,100,2.970713
i128,fmt,admixture,straddle64,0,17.638709
i128,naive,admixture,straddle64,0,75.275352
i128,null,admixture,straddle64,0,0.769892
i128,zmij_scalar,admixture,straddle64,0,9.351024
i128,zmij_x64_native,admixture,straddle64,0,5.901612
i128,zmij_x64_v1,admixture,straddle64,0,6.228901
i128,zmij_x64_v2,admixture,straddle64,0,5.421938
i128,zmij_x64_v3,admixture,straddle64,0,5.288873
i128,zmij_x64_v4,admixture,straddle64,0,5.826762
i128,fmt,admixture,straddle64,10,17.781420
i128,naive,admixture,straddle64,10,73.870607
i128,null,admixture,straddle64,10,0.880625
i128,zmij_scalar,admixture,straddle64,10,9.361247
i128,zmij_x64_native,admixture,straddle64,10,5.819139
i128,zmij_x64_v1,admixture,straddle64,10,6.282324
i128,zmij_x64_v2,admixture,straddle64,10,5.481585
i128,zmij_x64_v3,admixture,straddle64,10,5.376826
i128,zmij_x64_v4,admixture,straddle64,10,5.730680
i128,fmt,admixture,straddle64,20,18.005549
i128,naive,admixture,straddle64,20,73.720382
i128,null,admixture,straddle64,20,0.851295
i128,zmij_scalar,admixture,straddle64,20,9.360436
i128,zmij_x64_native,admixture,straddle64,20,5.871384
i128,zmij_x64_v1,admixture,straddle64,20,6.384784
i128,zmij_x64_v2,admixture,straddle64,20,5.632668
i128,zmij_x64_v3,admixture,straddle64,20,5.369958
i128,zmij_x64_v4,admixture,straddle64,20,5.808946
i128,fmt,admixture,straddle64,30,18.512941
i128,naive,admixture,straddle64,30,74.351939
i128,null,admixture,straddle64,30,0.812714
i128,zmij_scalar,admixture,straddle64,30,9.537010
i128,zmij_x64_native,admixture,straddle64,30,5.862484
i128,zmij_x64_v1,admixture,straddle64,30,6.368784
i128,zmij_x64_v2,admixture,straddle64,30,5.799929
i128,zmij_x64_v3,admixture,straddle64,30,5.396257
i128,zmij_x64_v4,admixture,straddle64,30,5.808661
i128,fmt,admixture,straddle64,40,18.918775
i128,naive,admixture,straddle64,40,74.041734
i128,null,admixture,straddle64,40,0.992755
i128,zmij_scalar,admixture,straddle64,40,9.394165
i128,zmij_x64_native,admixture,straddle64,40,5.924925
i128,zmij_x64_v1,admixture,straddle64,40,6.455302
i128,zmij_x64_v2,admixture,straddle64,40,5.897999
i128,zmij_x64_v3,admixture,straddle64,40,5.522390
i128,zmij_x64_v4,admixture,straddle64,40,5.680972
i128,fmt,admixture,straddle64,50,19.138985
i128,naive,admixture,straddle64,50,73.356350
i128,null,admixture,straddle64,50,0.953962
i128,zmij_scalar,admixture,straddle64,50,9.367002
i128,zmij_x64_native,admixture,straddle64,50,5.938761
i128,zmij_x64_v1,admixture,straddle64,50,6.472044
i128,zmij_x64_v2,admixture,straddle64,50,5.992125
i128,zmij_x64_v3,admixture,straddle64,50,5.570030
i128,zmij_x64_v4,admixture,straddle64,50,5.723232
i128,fmt,admixture,straddle64,60,18.698860
i128,naive,admixture,straddle64,60,72.859022
i128,null,admixture,straddle64,60,0.775670
i128,zmij_scalar,admixture,straddle64,60,9.351857
i128,zmij_x64_native,admixture,straddle64,60,6.019642
i128,zmij_x64_v1,admixture,straddle64,60,6.523315
i128,zmij_x64_v2,admixture,straddle64,60,6.124563
i128,zmij_x64_v3,admixture,straddle64,60,5.705919
i128,zmij_x64_v4,admixture,straddle64,60,5.779166
i128,fmt,admixture,straddle64,70,17.936893
i128,naive,admixture,straddle64,70,71.763639
i128,null,admixture,straddle64,70,0.763144
i128,zmij_scalar,admixture,straddle64,70,9.357074
i128,zmij_x64_native,admixture,straddle64,70,6.054059
i128,zmij_x64_v1,admixture,straddle64,70,6.612089
i128,zmij_x64_v2,admixture,straddle64,70,6.240214
i128,zmij_x64_v3,admixture,straddle64,70,5.800532
i128,zmij_x64_v4,admixture,straddle64,70,5.831098
i128,fmt,admixture,straddle64,80,17.026386
i128,naive,admixture,straddle64,80,70.403303
i128,null,admixture,straddle64,80,0.862580
i128,zmij_scalar,admixture,straddle64,80,9.323537
i128,zmij_x64_native,admixture,straddle64,80,6.199340
i128,zmij_x64_v1,admixture,straddle64,80,6.643581
i128,zmij_x64_v2,admixture,straddle64,80,6.506498
i128,zmij_x64_v3,admixture,straddle64,80,5.994847
i128,zmij_x64_v4,admixture,straddle64,80,5.897590
i128,fmt,admixture,straddle64,90,16.037472
i128,naive,admixture,straddle64,90,69.212420
i128,null,admixture,straddle64,90,0.893080
i128,zmij_scalar,admixture,straddle64,90,9.276442
i128,zmij_x64_native,admixture,straddle64,90,6.304434
i128,zmij_x64_v1,admixture,straddle64,90,6.728456
i128,zmij_x64_v2,admixture,straddle64,90,6.608994
i128,zmij_x64_v3,admixture,straddle64,90,6.094237
i128,zmij_x64_v4,admixture,straddle64,90,5.970837
i128,fmt,admixture,straddle64,100,15.156555
i128,naive,admixture,straddle64,100,67.942060
i128,null,admixture,straddle64,100,1.006505
i128,zmij_scalar,admixture,straddle64,100,9.121511
i128,zmij_x64_native,admixture,straddle64,100,6.369100
i128,zmij_x64_v1,admixture,straddle64,100,6.707876
i128,zmij_x64_v2,admixture,straddle64,100,6.519809
i128,zmij_x64_v3,admixture,straddle64,100,6.133508
i128,zmij_x64_v4,admixture,straddle64,100,6.030861
i128,fmt,admixture,straddle1e32,0,20.808372
i128,naive,admixture,straddle1e32,0,112.489312
i128,null,admixture,straddle1e32,0,0.920948
i128,zmij_scalar,admixture,straddle1e32,0,11.406181
i128,zmij_x64_native,admixture,straddle1e32,0,6.422068
i128,zmij_x64_v1,admixture,straddle1e32,0,6.652658
i128,zmij_x64_v2,admixture,straddle1e32,0,6.085989
i128,zmij_x64_v3,admixture,straddle1e32,0,5.877278
i128,zmij_x64_v4,admixture,straddle1e32,0,6.451333
i128,fmt,admixture,straddle1e32,10,21.630693
i128,naive,admixture,straddle1e32,10,112.292959
i128,null,admixture,straddle1e32,10,0.809966
i128,zmij_scalar,admixture,straddle1e32,10,11.416510
i128,zmij_x64_native,admixture,straddle1e32,10,7.079281
i128,zmij_x64_v1,admixture,straddle1e32,10,7.152954
i128,zmij_x64_v2,admixture,straddle1e32,10,6.588636
i128,zmij_x64_v3,admixture,straddle1e32,10,6.316217
i128,zmij_x64_v4,admixture,straddle1e32,10,6.915092
i128,fmt,admixture,straddle1e32,20,22.603910
i128,naive,admixture,straddle1e32,20,112.592916
i128,null,admixture,straddle1e32,20,0.861491
i128,zmij_scalar,admixture,straddle1e32,20,11.530702
i128,zmij_x64_native,admixture,straddle1e32,20,7.700465
i128,zmij_x64_v1,admixture,straddle1e32,20,7.701421
i128,zmij_x64_v2,admixture,straddle1e32,20,7.044112
i128,zmij_x64_v3,admixture,straddle1e32,20,6.919659
i128,zmij_x64_v4,admixture,straddle1e32,20,7.516701
i128,fmt,admixture,straddle1e32,30,22.995940
i128,naive,admixture,straddle1e32,30,113.474396
i128,null,admixture,straddle1e32,30,0.792462
i128,zmij_scalar,admixture,straddle1e32,30,11.447629
i128,zmij_x64_native,admixture,straddle1e32,30,8.450938
i128,zmij_x64_v1,admixture,straddle1e32,30,8.255978
i128,zmij_x64_v2,admixture,straddle1e32,30,7.572928
i128,zmij_x64_v3,admixture,straddle1e32,30,7.166416
i128,zmij_x64_v4,admixture,straddle1e32,30,8.014093
i128,fmt,admixture,straddle1e32,40,24.013720
i128,naive,admixture,straddle1e32,40,113.299933
i128,null,admixture,straddle1e32,40,0.946619
i128,zmij_scalar,admixture,straddle1e32,40,11.558113
i128,zmij_x64_native,admixture,straddle1e32,40,9.086913
i128,zmij_x64_v1,admixture,straddle1e32,40,8.675968
i128,zmij_x64_v2,admixture,straddle1e32,40,8.118434
i128,zmij_x64_v3,admixture,straddle1e32,40,7.612606
i128,zmij_x64_v4,admixture,straddle1e32,40,8.282708
i128,fmt,admixture,straddle1e32,50,24.041866
i128,naive,admixture,straddle1e32,50,112.227707
i128,null,admixture,straddle1e32,50,0.800775
i128,zmij_scalar,admixture,straddle1e32,50,11.404473
i128,zmij_x64_native,admixture,straddle1e32,50,9.424167
i128,zmij_x64_v1,admixture,straddle1e32,50,8.812803
i128,zmij_x64_v2,admixture,straddle1e32,50,8.368544
i128,zmij_x64_v3,admixture,straddle1e32,50,8.053380
i128,zmij_x64_v4,admixture,straddle1e32,50,8.873081
i128,fmt,admixture,straddle1e32,60,23.042977
i128,naive,admixture,straddle1e32,60,110.116720
i128,null,admixture,straddle1e32,60,0.985222
i128,zmij_scalar,admixture,straddle1e32,60,11.116080
i128,zmij_x64_native,admixture,straddle1e32,60,8.789845
i128,zmij_x64_v1,admixture,straddle1e32,60,8.326858
i128,zmij_x64_v2,admixture,straddle1e32,60,7.953080
i128,zmij_x64_v3,admixture,straddle1e32,60,7.601733
i128,zmij_x64_v4,admixture,straddle1e32,60,8.168565
i128,fmt,admixture,straddle1e32,70,22.246865
i128,naive,admixture,straddle1e32,70,108.826404
i128,null,admixture,straddle1e32,70,0.897593
i128,zmij_scalar,admixture,straddle1e32,70,10.715663
i128,zmij_x64_native,admixture,straddle1e32,70,8.085949
i128,zmij_x64_v1,admixture,straddle1e32,70,7.712339
i128,zmij_x64_v2,admixture,straddle1e32,70,7.282320
i128,zmij_x64_v3,admixture,straddle1e32,70,6.963837
i128,zmij_x64_v4,admixture,straddle1e32,70,7.599811
i128,fmt,admixture,straddle1e32,80,21.525458
i128,naive,admixture,straddle1e32,80,107.100525
i128,null,admixture,straddle1e32,80,0.726384
i128,zmij_scalar,admixture,straddle1e32,80,10.342242
i128,zmij_x64_native,admixture,straddle1e32,80,7.275641
i128,zmij_x64_v1,admixture,straddle1e32,80,7.329746
i128,zmij_x64_v2,admixture,straddle1e32,80,6.594421
i128,zmij_x64_v3,admixture,straddle1e32,80,6.395706
i128,zmij_x64_v4,admixture,straddle1e32,80,7.016881
i128,fmt,admixture,straddle1e32,90,20.803938
i128,naive,admixture,straddle1e32,90,106.656675
i128,null,admixture,straddle1e32,90,0.886873
i128,zmij_scalar,admixture,straddle1e32,90,9.947861
i128,zmij_x64_native,admixture,straddle1e32,90,6.654583
i128,zmij_x64_v1,admixture,straddle1e32,90,6.849713
i128,zmij_x64_v2,admixture,straddle1e32,90,6.016182
i128,zmij_x64_v3,admixture,straddle1e32,90,5.845727
i128,zmij_x64_v4,admixture,straddle1e32,90,6.510833
i128,fmt,admixture,straddle1e32,100,20.071430
i128,naive,admixture,straddle1e32,100,105.380697
i128,null,admixture,straddle1e32,100,0.782104
i128,zmij_scalar,admixture,straddle1e32,100,9.489830
i128,zmij_x64_native,admixture,straddle1e32,100,5.826400
i128,zmij_x64_v1,admixture,straddle1e32,100,6.215268
i128,zmij_x64_v2,admixture,straddle1e32,100,5.325004
i128,zmij_x64_v3,admixture,straddle1e32,100,5.243793
i128,zmij_x64_v4,admixture,straddle1e32,100,5.759903
