Type,Function,Mode,Series,X,Time_ns
u32,amartin,bylength,,1,0.823731
u32,branchlut,bylength,,1,0.833518
u32,branchlut2,bylength,,1,1.023624
u32,countlut,bylength,,1,0.967402
u32,fmt,bylength,,1,1.131572
u32,jeaiii,bylength,,1,0.819505
u32,naive,bylength,,1,2.215768
u32,null,bylength,,1,0.793923
u32,sse2,bylength,,1,0.818481
u32,tmueller,bylength,,1,0.746306
u32,unrolledlut,bylength,,1,0.951856
u32,yy,bylength,,1,0.933310
u32,zmij_scalar,bylength,,1,2.351637
u32,zmij_x64_native,bylength,,1,1.363454
u32,zmij_x64_v1,bylength,,1,2.048880
u32,zmij_x64_v2,bylength,,1,1.433880
u32,zmij_x64_v3,bylength,,1,1.371719
u32,zmij_x64_v3_nokernel,bylength,,1,1.375419
u32,zmij_x64_v4,bylength,,1,1.373649
u32,amartin,bylength,,2,0.820007
u32,branchlut,bylength,,2,1.139944
u32,branchlut2,bylength,,2,1.059846
u32,countlut,bylength,,2,1.159693
u32,fmt,bylength,,2,1.153590
u32,jeaiii,bylength,,2,0.797998
u32,naive,bylength,,2,2.633534
u32,null,bylength,,2,0.791493
u32,sse2,bylength,,2,1.033535
u32,tmueller,bylength,,2,1.380098
u32,unrolledlut,bylength,,2,1.177375
u32,yy,bylength,,2,0.942213
u32,zmij_scalar,bylength,,2,2.489467
u32,zmij_x64_native,bylength,,2,1.413862
u32,zmij_x64_v1,bylength,,2,2.168348
u32,zmij_x64_v2,bylength,,2,1.473494
u32,zmij_x64_v3,bylength,,2,1.434233
u32,zmij_x64_v3_nokernel,bylength,,2,1.407289
u32,zmij_x64_v4,bylength,,2,1.417543
u32,amartin,bylength,,3,0.922836
u32,branchlut,bylength,,3,1.123259
u32,branchlut2,bylength,,3,0.975731
u32,countlut,bylength,,3,1.482826
u32,fmt,bylength,,3,1.636482
u32,jeaiii,bylength,,3,0.925929
u32,naive,bylength,,3,3.221011
u32,null,bylength,,3,0.739604
u32,sse2,bylength,,3,0.973187
u32,tmueller,bylength,,3,1.323238
u32,unrolledlut,bylength,,3,1.252661
u32,yy,bylength,,3,0.945602
u32,zmij_scalar,bylength,,3,2.346363
u32,zmij_x64_native,bylength,,3,1.357628
u32,zmij_x64_v1,bylength,,3,2.024558
u32,zmij_x64_v2,bylength,,3,1.418463
u32,zmij_x64_v3,bylength,,3,1.374210
u32,zmij_x64_v3_nokernel,bylength,,3,1.369504
u32,zmij_x64_v4,bylength,,3,1.365788
u32,amartin,bylength,,4,0.930888
u32,branchlut,bylength,,4,1.282814
u32,branchlut2,bylength,,4,1.212821
u32,countlut,bylength,,4,1.653565
u32,fmt,bylength,,4,1.642546
u32,jeaiii,bylength,,4,0.936845
u32,naive,bylength,,4,3.911381
u32,null,bylength,,4,0.769415
u32,sse2,bylength,,4,1.088656
u32,tmueller,bylength,,4,0.982130
u32,unrolledlut,bylength,,4,1.187477
u32,yy,bylength,,4,0.927840
u32,zmij_scalar,bylength,,4,2.337028
u32,zmij_x64_native,bylength,,4,1.364070
u32,zmij_x64_v1,bylength,,4,2.033406
u32,zmij_x64_v2,bylength,,4,1.423171
u32,zmij_x64_v3,bylength,,4,1.365427
u32,zmij_x64_v3_nokernel,bylength,,4,1.373426
u32,zmij_x64_v4,bylength,,4,1.372653
u32,amartin,bylength,,5,1.335148
u32,branchlut,bylength,,5,2.038642
u32,branchlut2,bylength,,5,1.918985
u32,countlut,bylength,,5,1.838675
u32,fmt,bylength,,5,2.184679
u32,jeaiii,bylength,,5,1.109192
u32,naive,bylength,,5,4.537941
u32,null,bylength,,5,0.776086
u32,sse2,bylength,,5,2.016296
u32,tmueller,bylength,,5,1.010728
u32,unrolledlut,bylength,,5,1.301579
u32,yy,bylength,,5,1.309971
u32,zmij_scalar,bylength,,5,2.350949
u32,zmij_x64_native,bylength,,5,1.367142
u32,zmij_x64_v1,bylength,,5,2.043610
u32,zmij_x64_v2,bylength,,5,1.434776
u32,zmij_x64_v3,bylength,,5,1.365881
u32,zmij_x64_v3_nokernel,bylength,,5,1.388519
u32,zmij_x64_v4,bylength,,5,1.373305
u32,amartin,bylength,,6,1.359180
u32,branchlut,bylength,,6,2.173011
u32,branchlut2,bylength,,6,1.987593
u32,countlut,bylength,,6,1.939857
u32,fmt,bylength,,6,2.177709
u32,jeaiii,bylength,,6,1.110446
u32,naive,bylength,,6,5.174470
u32,null,bylength,,6,0.878494
u32,sse2,bylength,,6,2.123333
u32,tmueller,bylength,,6,1.307329
u32,unrolledlut,bylength,,6,1.395747
u32,yy,bylength,,6,1.311796
u32,zmij_scalar,bylength,,6,2.391516
u32,zmij_x64_native,bylength,,6,1.365343
u32,zmij_x64_v1,bylength,,6,2.038298
u32,zmij_x64_v2,bylength,,6,1.422691
u32,zmij_x64_v3,bylength,,6,1.366717
u32,zmij_x64_v3_nokernel,bylength,,6,1.372617
u32,zmij_x64_v4,bylength,,6,1.372622
u32,amartin,bylength,,7,1.923249
u32,branchlut,bylength,,7,2.265453
u32,branchlut2,bylength,,7,2.449915
u32,countlut,bylength,,7,2.267213
u32,fmt,bylength,,7,2.723086
u32,jeaiii,bylength,,7,1.296167
u32,naive,bylength,,7,5.790196
u32,null,bylength,,7,0.810061
u32,sse2,bylength,,7,2.249571
u32,tmueller,bylength,,7,1.304869
u32,unrolledlut,bylength,,7,1.676549
u32,yy,bylength,,7,1.706692
u32,zmij_scalar,bylength,,7,2.329303
u32,zmij_x64_native,bylength,,7,1.361810
u32,zmij_x64_v1,bylength,,7,2.033327
u32,zmij_x64_v2,bylength,,7,1.431718
u32,zmij_x64_v3,bylength,,7,1.375056
u32,zmij_x64_v3_nokernel,bylength,,7,1.376873
u32,zmij_x64_v4,bylength,,7,1.377167
u32,amartin,bylength,,8,1.931466
u32,branchlut,bylength,,8,2.318030
u32,branchlut2,bylength,,8,2.590645
u32,countlut,bylength,,8,2.489897
u32,fmt,bylength,,8,2.739274
u32,jeaiii,bylength,,8,1.470111
u32,naive,bylength,,8,6.324434
u32,null,bylength,,8,1.093997
u32,sse2,bylength,,8,2.337638
u32,tmueller,bylength,,8,1.974651
u32,unrolledlut,bylength,,8,1.693609
u32,yy,bylength,,8,1.701755
u32,zmij_scalar,bylength,,8,2.345285
u32,zmij_x64_native,bylength,,8,1.370997
u32,zmij_x64_v1,bylength,,8,2.048273
u32,zmij_x64_v2,bylength,,8,1.438645
u32,zmij_x64_v3,bylength,,8,1.373572
u32,zmij_x64_v3_nokernel,bylength,,8,1.394930
u32,zmij_x64_v4,bylength,,8,1.377573
u32,amartin,bylength,,9,2.300719
u32,branchlut,bylength,,9,3.800630
u32,branchlut2,bylength,,9,3.589651
u32,countlut,bylength,,9,2.838140
u32,fmt,bylength,,9,3.345648
u32,jeaiii,bylength,,9,1.715917
u32,naive,bylength,,9,6.818748
u32,null,bylength,,9,0.766202
u32,sse2,bylength,,9,1.709532
u32,tmueller,bylength,,9,2.004039
u32,unrolledlut,bylength,,9,2.230434
u32,yy,bylength,,9,2.091023
u32,zmij_scalar,bylength,,9,2.410236
u32,zmij_x64_native,bylength,,9,1.424662
u32,zmij_x64_v1,bylength,,9,2.127183
u32,zmij_x64_v2,bylength,,9,1.466139
u32,zmij_x64_v3,bylength,,9,1.403861
u32,zmij_x64_v3_nokernel,bylength,,9,1.419134
u32,zmij_x64_v4,bylength,,9,1.411118
u32,amartin,bylength,,10,2.222922
u32,branchlut,bylength,,10,3.789311
u32,branchlut2,bylength,,10,3.551630
u32,countlut,bylength,,10,3.007349
u32,fmt,bylength,,10,3.263529
u32,jeaiii,bylength,,10,1.821192
u32,naive,bylength,,10,7.407065
u32,null,bylength,,10,0.852818
u32,sse2,bylength,,10,1.792138
u32,tmueller,bylength,,10,1.931855
u32,unrolledlut,bylength,,10,2.135116
u32,yy,bylength,,10,2.038985
u32,zmij_scalar,bylength,,10,2.338740
u32,zmij_x64_native,bylength,,10,1.378046
u32,zmij_x64_v1,bylength,,10,2.037215
u32,zmij_x64_v2,bylength,,10,1.432081
u32,zmij_x64_v3,bylength,,10,1.379482
u32,zmij_x64_v3_nokernel,bylength,,10,1.371451
u32,zmij_x64_v4,bylength,,10,1.372003
u32,amartin,loguniform,1-10,10,5.555778
u32,branchlut,loguniform,1-10,10,8.063965
u32,branchlut2,loguniform,1-10,10,8.660598
u32,countlut,loguniform,1-10,10,8.082620
u32,fmt,loguniform,1-10,10,9.073478
u32,jeaiii,loguniform,1-10,10,8.160864
u32,naive,loguniform,1-10,10,9.993459
u32,null,loguniform,1-10,10,0.773451
u32,sse2,loguniform,1-10,10,7.957747
u32,tmueller,loguniform,1-10,10,6.233713
u32,unrolledlut,loguniform,1-10,10,7.500120
u32,yy,loguniform,1-10,10,5.585563
u32,zmij_scalar,loguniform,1-10,10,2.322793
u32,zmij_x64_native,loguniform,1-10,10,1.381077
u32,zmij_x64_v1,loguniform,1-10,10,2.043900
u32,zmij_x64_v2,loguniform,1-10,10,1.432780
u32,zmij_x64_v3,loguniform,1-10,10,1.360320
u32,zmij_x64_v3_nokernel,loguniform,1-10,10,1.368421
u32,zmij_x64_v4,loguniform,1-10,10,1.385014
u32,amartin,loguniform,1-4,4,3.515426
u32,branchlut,loguniform,1-4,4,5.224586
u32,branchlut2,loguniform,1-4,4,6.078852
u32,countlut,loguniform,1-4,4,5.930375
u32,fmt,loguniform,1-4,4,6.059732
u32,jeaiii,loguniform,1-4,4,5.781999
u32,naive,loguniform,1-4,4,6.762782
u32,null,loguniform,1-4,4,0.805539
u32,sse2,loguniform,1-4,4,5.194880
u32,tmueller,loguniform,1-4,4,3.979800
u32,unrolledlut,loguniform,1-4,4,5.943984
u32,yy,loguniform,1-4,4,3.532510
u32,zmij_scalar,loguniform,1-4,4,2.331089
u32,zmij_x64_native,loguniform,1-4,4,1.360250
u32,zmij_x64_v1,loguniform,1-4,4,2.052264
u32,zmij_x64_v2,loguniform,1-4,4,1.428949
u32,zmij_x64_v3,loguniform,1-4,4,1.386951
u32,zmij_x64_v3_nokernel,loguniform,1-4,4,1.374922
u32,zmij_x64_v4,loguniform,1-4,4,1.383418
u32,amartin,uniform,0-255,0,3.193132
u32,branchlut,uniform,0-255,0,3.520763
u32,branchlut2,uniform,0-255,0,3.533475
u32,countlut,uniform,0-255,0,3.670904
u32,fmt,uniform,0-255,0,3.675199
u32,jeaiii,uniform,0-255,0,3.323834
u32,naive,uniform,0-255,0,5.517112
u32,null,uniform,0-255,0,1.098283
u32,sse2,uniform,0-255,0,3.339430
u32,tmueller,uniform,0-255,0,1.561598
u32,unrolledlut,uniform,0-255,0,3.590685
u32,yy,uniform,0-255,0,3.234803
u32,zmij_scalar,uniform,0-255,0,2.390372
u32,zmij_x64_native,uniform,0-255,0,1.390233
u32,zmij_x64_v1,uniform,0-255,0,2.082254
u32,zmij_x64_v2,uniform,0-255,0,1.426622
u32,zmij_x64_v3,uniform,0-255,0,1.391944
u32,zmij_x64_v3_nokernel,uniform,0-255,0,1.410554
u32,zmij_x64_v4,uniform,0-255,0,1.390513
u32,amartin,unpredictable,,1,3.302827
u32,branchlut,unpredictable,,1,2.625501
u32,branchlut2,unpredictable,,1,1.519928
u32,countlut,unpredictable,,1,4.586373
u32,fmt,unpredictable,,1,4.794810
u32,jeaiii,unpredictable,,1,3.755627
u32,naive,unpredictable,,1,5.700579
u32,null,unpredictable,,1,0.833410
u32,sse2,unpredictable,,1,2.192475
u32,tmueller,unpredictable,,1,2.218020
u32,unrolledlut,unpredictable,,1,2.240983
u32,yy,unpredictable,,1,3.916512
u32,zmij_scalar,unpredictable,,1,2.310262
u32,zmij_x64_native,unpredictable,,1,1.363446
u32,zmij_x64_v1,unpredictable,,1,2.037604
u32,zmij_x64_v2,unpredictable,,1,1.407704
u32,zmij_x64_v3,unpredictable,,1,1.362081
u32,zmij_x64_v3_nokernel,unpredictable,,1,1.367094
u32,zmij_x64_v4,unpredictable,,1,1.371614
u32,amartin,unpredictable,,2,3.189703
u32,branchlut,unpredictable,,2,2.311082
u32,branchlut2,unpredictable,,2,1.261562
u32,countlut,unpredictable,,2,3.963120
u32,fmt,unpredictable,,2,4.400547
u32,jeaiii,unpredictable,,2,3.617259
u32,naive,unpredictable,,2,5.784775
u32,null,unpredictable,,2,0.669436
u32,sse2,unpredictable,,2,2.458132
u32,tmueller,unpredictable,,2,1.797615
u32,unrolledlut,unpredictable,,2,2.262701
u32,yy,unpredictable,,2,3.833385
u32,zmij_scalar,unpredictable,,2,2.316158
u32,zmij_x64_native,unpredictable,,2,1.380244
u32,zmij_x64_v1,unpredictable,,2,2.036013
u32,zmij_x64_v2,unpredictable,,2,1.420092
u32,zmij_x64_v3,unpredictable,,2,1.356939
u32,zmij_x64_v3_nokernel,unpredictable,,2,1.376042
u32,zmij_x64_v4,unpredictable,,2,1.378918
u32,amartin,unpredictable,,3,2.068546
u32,branchlut,unpredictable,,3,2.817838
u32,branchlut2,unpredictable,,3,1.551071
u32,countlut,unpredictable,,3,3.155184
u32,fmt,unpredictable,,3,4.030013
u32,jeaiii,unpredictable,,3,1.914929
u32,naive,unpredictable,,3,6.358601
u32,null,unpredictable,,3,0.835770
u32,sse2,unpredictable,,3,2.777562
u32,tmueller,unpredictable,,3,2.057562
u32,unrolledlut,unpredictable,,3,2.075566
u32,yy,unpredictable,,3,3.260276
u32,zmij_scalar,unpredictable,,3,2.382998
u32,zmij_x64_native,unpredictable,,3,1.386316
u32,zmij_x64_v1,unpredictable,,3,2.042138
u32,zmij_x64_v2,unpredictable,,3,1.429895
u32,zmij_x64_v3,unpredictable,,3,1.351446
u32,zmij_x64_v3_nokernel,unpredictable,,3,1.394531
u32,zmij_x64_v4,unpredictable,,3,1.368212
u32,amartin,unpredictable,,4,2.027556
u32,branchlut,unpredictable,,4,3.129185
u32,branchlut2,unpredictable,,4,1.669488
u32,countlut,unpredictable,,4,3.137225
u32,fmt,unpredictable,,4,4.007789
u32,jeaiii,unpredictable,,4,1.924335
u32,naive,unpredictable,,4,6.506715
u32,null,unpredictable,,4,0.707918
u32,sse2,unpredictable,,4,3.144924
u32,tmueller,unpredictable,,4,2.040942
u32,unrolledlut,unpredictable,,4,2.151540
u32,yy,unpredictable,,4,3.262698
u32,zmij_scalar,unpredictable,,4,2.384130
u32,zmij_x64_native,unpredictable,,4,1.445441
u32,zmij_x64_v1,unpredictable,,4,2.092845
u32,zmij_x64_v2,unpredictable,,4,1.470284
u32,zmij_x64_v3,unpredictable,,4,1.436932
u32,zmij_x64_v3_nokernel,unpredictable,,4,1.471313
u32,zmij_x64_v4,unpredictable,,4,1.426912
u32,amartin,unpredictable,,5,1.447860
u32,branchlut,unpredictable,,5,1.672771
u32,branchlut2,unpredictable,,5,1.892588
u32,countlut,unpredictable,,5,2.243965
u32,fmt,unpredictable,,5,3.161452
u32,jeaiii,unpredictable,,5,1.776925
u32,naive,unpredictable,,5,6.120641
u32,null,unpredictable,,5,0.712265
u32,sse2,unpredictable,,5,1.797076
u32,tmueller,unpredictable,,5,1.711857
u32,unrolledlut,unpredictable,,5,1.576564
u32,yy,unpredictable,,5,2.355708
u32,zmij_scalar,unpredictable,,5,2.339438
u32,zmij_x64_native,unpredictable,,5,1.351728
u32,zmij_x64_v1,unpredictable,,5,2.053652
u32,zmij_x64_v2,unpredictable,,5,1.410781
u32,zmij_x64_v3,unpredictable,,5,1.361608
u32,zmij_x64_v3_nokernel,unpredictable,,5,1.385367
u32,zmij_x64_v4,unpredictable,,5,1.372163
u32,amartin,unpredictable,,6,1.464489
u32,branchlut,unpredictable,,6,1.958115
u32,branchlut2,unpredictable,,6,1.951211
u32,countlut,unpredictable,,6,2.558001
u32,fmt,unpredictable,,6,3.230710
u32,jeaiii,unpredictable,,6,1.716730
u32,naive,unpredictable,,6,6.308120
u32,null,unpredictable,,6,0.704999
u32,sse2,unpredictable,,6,2.005648
u32,tmueller,unpredictable,,6,2.010028
u32,unrolledlut,unpredictable,,6,1.719489
u32,yy,unpredictable,,6,2.395374
u32,zmij_scalar,unpredictable,,6,2.398596
u32,zmij_x64_native,unpredictable,,6,1.370469
u32,zmij_x64_v1,unpredictable,,6,2.053470
u32,zmij_x64_v2,unpredictable,,6,1.424970
u32,zmij_x64_v3,unpredictable,,6,1.357910
u32,zmij_x64_v3_nokernel,unpredictable,,6,1.365508
u32,zmij_x64_v4,unpredictable,,6,1.374953
u32,amartin,unpredictable,,7,1.936686
u32,branchlut,unpredictable,,7,2.446860
u32,branchlut2,unpredictable,,7,2.242656
u32,countlut,unpredictable,,7,2.202755
u32,fmt,unpredictable,,7,3.186849
u32,jeaiii,unpredictable,,7,1.780909
u32,naive,unpredictable,,7,6.472892
u32,null,unpredictable,,7,0.754092
u32,sse2,unpredictable,,7,2.457010
u32,tmueller,unpredictable,,7,2.022917
u32,unrolledlut,unpredictable,,7,3.186743
u32,yy,unpredictable,,7,1.865820
u32,zmij_scalar,unpredictable,,7,2.336744
u32,zmij_x64_native,unpredictable,,7,1.359806
u32,zmij_x64_v1,unpredictable,,7,2.033840
u32,zmij_x64_v2,unpredictable,,7,1.413800
u32,zmij_x64_v3,unpredictable,,7,1.366404
u32,zmij_x64_v3_nokernel,unpredictable,,7,1.376081
u32,zmij_x64_v4,unpredictable,,7,1.374676
u32,amartin,unpredictable,,8,2.007567
u32,branchlut,unpredictable,,8,2.960443
u32,branchlut2,unpredictable,,8,2.633157
u32,countlut,unpredictable,,8,2.322413
u32,fmt,unpredictable,,8,3.185717
u32,jeaiii,unpredictable,,8,1.933925
u32,naive,unpredictable,,8,6.134629
u32,null,unpredictable,,8,1.204095
u32,sse2,unpredictable,,8,3.016453
u32,tmueller,unpredictable,,8,2.114922
u32,unrolledlut,unpredictable,,8,3.526957
u32,yy,unpredictable,,8,2.029854
u32,zmij_scalar,unpredictable,,8,2.366487
u32,zmij_x64_native,unpredictable,,8,1.368890
u32,zmij_x64_v1,unpredictable,,8,2.054132
u32,zmij_x64_v2,unpredictable,,8,1.421772
u32,zmij_x64_v3,unpredictable,,8,1.364103
u32,zmij_x64_v3_nokernel,unpredictable,,8,1.371396
u32,zmij_x64_v4,unpredictable,,8,1.376197
u32,amartin,unpredictable,,9,4.571607
u32,branchlut,unpredictable,,9,4.085935
u32,branchlut2,unpredictable,,9,5.818585
u32,countlut,unpredictable,,9,2.716910
u32,fmt,unpredictable,,9,3.720182
u32,jeaiii,unpredictable,,9,2.065954
u32,naive,unpredictable,,9,6.726089
u32,null,unpredictable,,9,0.716056
u32,sse2,unpredictable,,9,2.662544
u32,tmueller,unpredictable,,9,2.024217
u32,unrolledlut,unpredictable,,9,4.897048
u32,yy,unpredictable,,9,2.512599
u32,zmij_scalar,unpredictable,,9,2.335180
u32,zmij_x64_native,unpredictable,,9,1.393722
u32,zmij_x64_v1,unpredictable,,9,2.038065
u32,zmij_x64_v2,unpredictable,,9,1.422688
u32,zmij_x64_v3,unpredictable,,9,1.353014
u32,zmij_x64_v3_nokernel,unpredictable,,9,1.349022
u32,zmij_x64_v4,unpredictable,,9,1.377950
u32,amartin,unpredictable,,10,4.552464
u32,branchlut,unpredictable,,10,4.067881
u32,branchlut2,unpredictable,,10,5.775124
u32,countlut,unpredictable,,10,2.783760
u32,fmt,unpredictable,,10,3.632998
u32,jeaiii,unpredictable,,10,2.275478
u32,naive,unpredictable,,10,7.590920
u32,null,unpredictable,,10,0.684959
u32,sse2,unpredictable,,10,2.730970
u32,tmueller,unpredictable,,10,2.010945
u32,unrolledlut,unpredictable,,10,4.703515
u32,yy,unpredictable,,10,2.476486
u32,zmij_scalar,unpredictable,,10,2.329762
u32,zmij_x64_native,unpredictable,,10,1.402981
u32,zmij_x64_v1,unpredictable,,10,2.047310
u32,zmij_x64_v2,unpredictable,,10,1.444765
u32,zmij_x64_v3,unpredictable,,10,1.358890
u32,zmij_x64_v3_nokernel,unpredictable,,10,1.387042
u32,zmij_x64_v4,unpredictable,,10,1.386970
u32,amartin,admixture,5x6,0,1.333435
u32,branchlut,admixture,5x6,0,2.182706
u32,branchlut2,admixture,5x6,0,2.005358
u32,countlut,admixture,5x6,0,1.956164
u32,fmt,admixture,5x6,0,2.182520
u32,jeaiii,admixture,5x6,0,1.140615
u32,naive,admixture,5x6,0,5.205338
u32,null,admixture,5x6,0,0.757919
u32,sse2,admixture,5x6,0,2.129304
u32,tmueller,admixture,5x6,0,1.321886
u32,unrolledlut,admixture,5x6,0,1.434920
u32,yy,admixture,5x6,0,1.298503
u32,zmij_scalar,admixture,5x6,0,2.393880
u32,zmij_x64_native,admixture,5x6,0,1.370561
u32,zmij_x64_v1,admixture,5x6,0,2.049401
u32,zmij_x64_v2,admixture,5x6,0,1.430608
u32,zmij_x64_v3,admixture,5x6,0,1.395083
u32,zmij_x64_v3_nokernel,admixture,5x6,0,1.370609
u32,zmij_x64_v4,admixture,5x6,0,1.376389
u32,amartin,admixture,5x6,10,1.372756
u32,branchlut,admixture,5x6,10,2.713739
u32,branchlut2,admixture,5x6,10,2.502885
u32,countlut,admixture,5x6,10,2.592166
u32,fmt,admixture,5x6,10,2.890617
u32,jeaiii,admixture,5x6,10,1.846974
u32,naive,admixture,5x6,10,5.850772
u32,null,admixture,5x6,10,1.103600
u32,sse2,admixture,5x6,10,2.618004
u32,tmueller,admixture,5x6,10,1.894607
u32,unrolledlut,admixture,5x6,10,2.219518
u32,yy,admixture,5x6,10,1.358092
u32,zmij_scalar,admixture,5x6,10,2.421587
u32,zmij_x64_native,admixture,5x6,10,1.401531
u32,zmij_x64_v1,admixture,5x6,10,2.078022
u32,zmij_x64_v2,admixture,5x6,10,1.465235
u32,zmij_x64_v3,admixture,5x6,10,1.386515
u32,zmij_x64_v3_nokernel,admixture,5x6,10,1.394273
u32,zmij_x64_v4,admixture,5x6,10,1.402591
u32,amartin,admixture,5x6,20,1.375811
u32,branchlut,admixture,5x6,20,3.173962
u32,branchlut2,admixture,5x6,20,2.999984
u32,countlut,admixture,5x6,20,3.150572
u32,fmt,admixture,5x6,20,3.529718
u32,jeaiii,admixture,5x6,20,2.449062
u32,naive,admixture,5x6,20,6.383671
u32,null,admixture,5x6,20,0.957300
u32,sse2,admixture,5x6,20,3.086461
u32,tmueller,admixture,5x6,20,2.358461
u32,unrolledlut,admixture,5x6,20,2.812940
u32,yy,admixture,5x6,20,1.354105
u32,zmij_scalar,admixture,5x6,20,2.413855
u32,zmij_x64_native,admixture,5x6,20,1.393282
u32,zmij_x64_v1,admixture,5x6,20,2.070159
u32,zmij_x64_v2,admixture,5x6,20,1.440125
u32,zmij_x64_v3,admixture,5x6,20,1.398750
u32,zmij_x64_v3_nokernel,admixture,5x6,20,1.404172
u32,zmij_x64_v4,admixture,5x6,20,1.398110
u32,amartin,admixture,5x6,30,1.342154
u32,branchlut,admixture,5x6,30,3.548279
u32,branchlut2,admixture,5x6,30,3.461769
u32,countlut,admixture,5x6,30,3.657066
u32,fmt,admixture,5x6,30,4.148167
u32,jeaiii,admixture,5x6,30,3.070638
u32,naive,admixture,5x6,30,6.860294
u32,null,admixture,5x6,30,1.085618
u32,sse2,admixture,5x6,30,3.455549
u32,tmueller,admixture,5x6,30,2.788891
u32,unrolledlut,admixture,5x6,30,3.300177
u32,yy,admixture,5x6,30,1.306450
u32,zmij_scalar,admixture,5x6,30,2.363928
u32,zmij_x64_native,admixture,5x6,30,1.375450
u32,zmij_x64_v1,admixture,5x6,30,2.021945
u32,zmij_x64_v2,admixture,5x6,30,1.427778
u32,zmij_x64_v3,admixture,5x6,30,1.397732
u32,zmij_x64_v3_nokernel,admixture,5x6,30,1.372605
u32,zmij_x64_v4,admixture,5x6,30,1.385738
u32,amartin,admixture,5x6,40,1.332233
u32,branchlut,admixture,5x6,40,3.826145
u32,branchlut2,admixture,5x6,40,3.954987
u32,countlut,admixture,5x6,40,4.090234
u32,fmt,admixture,5x6,40,4.582620
u32,jeaiii,admixture,5x6,40,3.517019
u32,naive,admixture,5x6,40,7.319011
u32,null,admixture,5x6,40,0.745487
u32,sse2,admixture,5x6,40,3.732431
u32,tmueller,admixture,5x6,40,3.423111
u32,unrolledlut,admixture,5x6,40,3.631230
u32,yy,admixture,5x6,40,1.286279
u32,zmij_scalar,admixture,5x6,40,2.363779
u32,zmij_x64_native,admixture,5x6,40,1.359536
u32,zmij_x64_v1,admixture,5x6,40,2.038675
u32,zmij_x64_v2,admixture,5x6,40,1.425811
u32,zmij_x64_v3,admixture,5x6,40,1.362658
u32,zmij_x64_v3_nokernel,admixture,5x6,40,1.376525
u32,zmij_x64_v4,admixture,5x6,40,1.374848
u32,amartin,admixture,5x6,50,1.327374
u32,branchlut,admixture,5x6,50,4.027681
u32,branchlut2,admixture,5x6,50,4.202917
u32,countlut,admixture,5x6,50,4.439118
u32,fmt,admixture,5x6,50,4.916031
u32,jeaiii,admixture,5x6,50,3.864412
u32,naive,admixture,5x6,50,7.594915
u32,null,admixture,5x6,50,0.745323
u32,sse2,admixture,5x6,50,3.929626
u32,tmueller,admixture,5x6,50,3.773306
u32,unrolledlut,admixture,5x6,50,3.942721
u32,yy,admixture,5x6,50,1.284132
u32,zmij_scalar,admixture,5x6,50,2.360449
u32,zmij_x64_native,admixture,5x6,50,1.365138
u32,zmij_x64_v1,admixture,5x6,50,2.044174
u32,zmij_x64_v2,admixture,5x6,50,1.421413
u32,zmij_x64_v3,admixture,5x6,50,1.363284
u32,zmij_x64_v3_nokernel,admixture,5x6,50,1.370777
u32,zmij_x64_v4,admixture,5x6,50,1.368427
u32,amartin,admixture,5x6,60,1.324637
u32,branchlut,admixture,5x6,60,3.781882
u32,branchlut2,admixture,5x6,60,3.976512
u32,countlut,admixture,5x6,60,4.057141
u32,fmt,admixture,5x6,60,4.587147
u32,jeaiii,admixture,5x6,60,3.501740
u32,naive,admixture,5x6,60,7.116304
u32,null,admixture,5x6,60,0.745445
u32,sse2,admixture,5x6,60,3.620751
u32,tmueller,admixture,5x6,60,3.422368
u32,unrolledlut,admixture,5x6,60,3.584000
u32,yy,admixture,5x6,60,1.287266
u32,zmij_scalar,admixture,5x6,60,2.371122
u32,zmij_x64_native,admixture,5x6,60,1.369590
u32,zmij_x64_v1,admixture,5x6,60,2.057001
u32,zmij_x64_v2,admixture,5x6,60,1.433202
u32,zmij_x64_v3,admixture,5x6,60,1.376054
u32,zmij_x64_v3_nokernel,admixture,5x6,60,1.380423
u32,zmij_x64_v4,admixture,5x6,60,1.370068
u32,amartin,admixture,5x6,70,1.333511
u32,branchlut,admixture,5x6,70,3.322539
u32,branchlut2,admixture,5x6,70,3.422048
u32,countlut,admixture,5x6,70,3.423784
u32,fmt,admixture,5x6,70,4.022820
u32,jeaiii,admixture,5x6,70,2.903920
u32,naive,admixture,5x6,70,6.414176
u32,null,admixture,5x6,70,0.861333
u32,sse2,admixture,5x6,70,3.226323
u32,tmueller,admixture,5x6,70,2.700751
u32,unrolledlut,admixture,5x6,70,3.006922
u32,yy,admixture,5x6,70,1.290342
u32,zmij_scalar,admixture,5x6,70,2.348212
u32,zmij_x64_native,admixture,5x6,70,1.357833
u32,zmij_x64_v1,admixture,5x6,70,2.043428
u32,zmij_x64_v2,admixture,5x6,70,1.424146
u32,zmij_x64_v3,admixture,5x6,70,1.371788
u32,zmij_x64_v3_nokernel,admixture,5x6,70,1.367366
u32,zmij_x64_v4,admixture,5x6,70,1.370266
u32,amartin,admixture,5x6,80,1.328531
u32,branchlut,admixture,5x6,80,2.885184
u32,branchlut2,admixture,5x6,80,2.853528
u32,countlut,admixture,5x6,80,2.946929
u32,fmt,admixture,5x6,80,3.454030
u32,jeaiii,admixture,5x6,80,2.405701
u32,naive,admixture,5x6,80,5.800560
u32,null,admixture,5x6,80,1.086386
u32,sse2,admixture,5x6,80,2.863274
u32,tmueller,admixture,5x6,80,2.082293
u32,unrolledlut,admixture,5x6,80,2.568029
u32,yy,admixture,5x6,80,1.284440
u32,zmij_scalar,admixture,5x6,80,2.350706
u32,zmij_x64_native,admixture,5x6,80,1.359352
u32,zmij_x64_v1,admixture,5x6,80,2.040946
u32,zmij_x64_v2,admixture,5x6,80,1.418284
u32,zmij_x64_v3,admixture,5x6,80,1.364244
u32,zmij_x64_v3_nokernel,admixture,5x6,80,1.375431
u32,zmij_x64_v4,admixture,5x6,80,1.370982
u32,amartin,admixture,5x6,90,1.336382
u32,branchlut,admixture,5x6,90,2.481302
u32,branchlut2,admixture,5x6,90,2.396748
u32,countlut,admixture,5x6,90,2.456786
u32,fmt,admixture,5x6,90,2.831888
u32,jeaiii,admixture,5x6,90,1.772235
u32,naive,admixture,5x6,90,5.166031
u32,null,admixture,5x6,90,0.816280
u32,sse2,admixture,5x6,90,2.447071
u32,tmueller,admixture,5x6,90,1.599041
u32,unrolledlut,admixture,5x6,90,1.986708
u32,yy,admixture,5x6,90,1.290072
u32,zmij_scalar,admixture,5x6,90,2.346704
u32,zmij_x64_native,admixture,5x6,90,1.366630
u32,zmij_x64_v1,admixture,5x6,90,2.046266
u32,zmij_x64_v2,admixture,5x6,90,1.425238
u32,zmij_x64_v3,admixture,5x6,90,1.369127
u32,zmij_x64_v3_nokernel,admixture,5x6,90,1.373615
u32,zmij_x64_v4,admixture,5x6,90,1.372315
u32,amartin,admixture,5x6,100,1.328678
u32,branchlut,admixture,5x6,100,2.026349
u32,branchlut2,admixture,5x6,100,1.898815
u32,countlut,admixture,5x6,100,1.835211
u32,fmt,admixture,5x6,100,2.178355
u32,jeaiii,admixture,5x6,100,1.099421
u32,naive,admixture,5x6,100,4.567127
u32,null,admixture,5x6,100,1.092067
u32,sse2,admixture,5x6,100,2.010067
u32,tmueller,admixture,5x6,100,0.999974
u32,unrolledlut,admixture,5x6,100,1.388320
u32,yy,admixture,5x6,100,1.299082
u32,zmij_scalar,admixture,5x6,100,2.346740
u32,zmij_x64_native,admixture,5x6,100,1.362460
u32,zmij_x64_v1,admixture,5x6,100,2.051574
u32,zmij_x64_v2,admixture,5x6,100,1.423661
u32,zmij_x64_v3,admixture,5x6,100,1.361660
u32,zmij_x64_v3_nokernel,admixture,5x6,100,1.369127
u32,zmij_x64_v4,admixture,5x6,100,1.371305
i32,amartin,bylength,,1,0.954411
i32,branchlut,bylength,,1,3.633713
i32,branchlut2,bylength,,1,3.672512
i32,countlut,bylength,,1,3.890411
i32,fmt,bylength,,1,0.957103
i32,jeaiii,bylength,,1,3.666328
i32,naive,bylength,,1,4.919405
i32,null,bylength,,1,0.786186
i32,sse2,bylength,,1,3.713436
i32,tmueller,bylength,,1,0.929146
i32,unrolledlut,bylength,,1,3.876437
i32,yy,bylength,,1,1.125123
i32,zmij_scalar,bylength,,1,2.607218
i32,zmij_x64_native,bylength,,1,1.632365
i32,zmij_x64_v1,bylength,,1,2.277645
i32,zmij_x64_v2,bylength,,1,1.734917
i32,zmij_x64_v3,bylength,,1,1.671235
i32,zmij_x64_v3_nokernel,bylength,,1,1.649425
i32,zmij_x64_v4,bylength,,1,1.637608
i32,amartin,bylength,,2,0.917972
i32,branchlut,bylength,,2,3.903300
i32,branchlut2,bylength,,2,3.655729
i32,countlut,bylength,,2,3.664964
i32,fmt,bylength,,2,0.947011
i32,jeaiii,bylength,,2,3.591489
i32,naive,bylength,,2,5.295843
i32,null,bylength,,2,0.813096
i32,sse2,bylength,,2,3.533923
i32,tmueller,bylength,,2,1.750727
i32,unrolledlut,bylength,,2,3.758634
i32,yy,bylength,,2,1.135888
i32,zmij_scalar,bylength,,2,2.614551
i32,zmij_x64_native,bylength,,2,1.645292
i32,zmij_x64_v1,bylength,,2,2.284061
i32,zmij_x64_v2,bylength,,2,1.730027
i32,zmij_x64_v3,bylength,,2,1.658339
i32,zmij_x64_v3_nokernel,bylength,,2,1.642349
i32,zmij_x64_v4,bylength,,2,1.637130
i32,amartin,bylength,,3,1.240604
i32,branchlut,bylength,,3,3.928394
i32,branchlut2,bylength,,3,3.603882
i32,countlut,bylength,,3,3.957207
i32,fmt,bylength,,3,1.640931
i32,jeaiii,bylength,,3,3.521461
i32,naive,bylength,,3,5.743807
i32,null,bylength,,3,0.731722
i32,sse2,bylength,,3,3.413394
i32,tmueller,bylength,,3,1.729756
i32,unrolledlut,bylength,,3,4.080428
i32,yy,bylength,,3,1.196870
i32,zmij_scalar,bylength,,3,2.612832
i32,zmij_x64_native,bylength,,3,1.627581
i32,zmij_x64_v1,bylength,,3,2.257589
i32,zmij_x64_v2,bylength,,3,1.714722
i32,zmij_x64_v3,bylength,,3,1.652790
i32,zmij_x64_v3_nokernel,bylength,,3,1.646200
i32,zmij_x64_v4,bylength,,3,1.652974
i32,amartin,bylength,,4,1.244359
i32,branchlut,bylength,,4,3.773973
i32,branchlut2,bylength,,4,3.540548
i32,countlut,bylength,,4,4.224163
i32,fmt,bylength,,4,1.334804
i32,jeaiii,bylength,,4,3.522038
i32,naive,bylength,,4,6.282755
i32,null,bylength,,4,0.748662
i32,sse2,bylength,,4,3.612639
i32,tmueller,bylength,,4,1.329462
i32,unrolledlut,bylength,,4,3.966521
i32,yy,bylength,,4,1.154737
i32,zmij_scalar,bylength,,4,2.629658
i32,zmij_x64_native,bylength,,4,1.629961
i32,zmij_x64_v1,bylength,,4,2.265276
i32,zmij_x64_v2,bylength,,4,1.724301
i32,zmij_x64_v3,bylength,,4,1.655587
i32,zmij_x64_v3_nokernel,bylength,,4,1.640793
i32,zmij_x64_v4,bylength,,4,1.643849
i32,amartin,bylength,,5,1.801963
i32,branchlut,bylength,,5,4.194538
i32,branchlut2,bylength,,5,4.394249
i32,countlut,bylength,,5,4.527377
i32,fmt,bylength,,5,1.803912
i32,jeaiii,bylength,,5,3.815066
i32,naive,bylength,,5,7.090031
i32,null,bylength,,5,0.951483
i32,sse2,bylength,,5,4.417078
i32,tmueller,bylength,,5,1.359066
i32,unrolledlut,bylength,,5,4.504192
i32,yy,bylength,,5,1.598186
i32,zmij_scalar,bylength,,5,2.674860
i32,zmij_x64_native,bylength,,5,1.693785
i32,zmij_x64_v1,bylength,,5,2.260006
i32,zmij_x64_v2,bylength,,5,1.780020
i32,zmij_x64_v3,bylength,,5,1.719129
i32,zmij_x64_v3_nokernel,bylength,,5,1.706450
i32,zmij_x64_v4,bylength,,5,1.684686
i32,amartin,bylength,,6,1.793430
i32,branchlut,bylength,,6,4.712784
i32,branchlut2,bylength,,6,4.556665
i32,countlut,bylength,,6,4.283797
i32,fmt,bylength,,6,1.736299
i32,jeaiii,bylength,,6,3.988310
i32,naive,bylength,,6,7.582042
i32,null,bylength,,6,0.912922
i32,sse2,bylength,,6,4.595711
i32,tmueller,bylength,,6,1.732446
i32,unrolledlut,bylength,,6,4.420692
i32,yy,bylength,,6,1.575034
i32,zmij_scalar,bylength,,6,2.619716
i32,zmij_x64_native,bylength,,6,1.636680
i32,zmij_x64_v1,bylength,,6,2.271219
i32,zmij_x64_v2,bylength,,6,1.745675
i32,zmij_x64_v3,bylength,,6,1.672227
i32,zmij_x64_v3_nokernel,bylength,,6,1.639890
i32,zmij_x64_v4,bylength,,6,1.642831
i32,amartin,bylength,,7,2.369487
i32,branchlut,bylength,,7,4.692517
i32,branchlut2,bylength,,7,4.396889
i32,countlut,bylength,,7,4.846112
i32,fmt,bylength,,7,2.174425
i32,jeaiii,bylength,,7,3.814022
i32,naive,bylength,,7,8.161457
i32,null,bylength,,7,0.744846
i32,sse2,bylength,,7,4.657916
i32,tmueller,bylength,,7,1.744114
i32,unrolledlut,bylength,,7,4.195202
i32,yy,bylength,,7,2.040045
i32,zmij_scalar,bylength,,7,2.649940
i32,zmij_x64_native,bylength,,7,1.653632
i32,zmij_x64_v1,bylength,,7,2.290951
i32,zmij_x64_v2,bylength,,7,1.756599
i32,zmij_x64_v3,bylength,,7,1.677136
i32,zmij_x64_v3_nokernel,bylength,,7,1.660418
i32,zmij_x64_v4,bylength,,7,1.662878
i32,amartin,bylength,,8,2.345524
i32,branchlut,bylength,,8,4.900568
i32,branchlut2,bylength,,8,4.743766
i32,countlut,bylength,,8,4.947887
i32,fmt,bylength,,8,2.130986
i32,jeaiii,bylength,,8,4.234304
i32,naive,bylength,,8,7.793567
i32,null,bylength,,8,0.751611
i32,sse2,bylength,,8,4.637402
i32,tmueller,bylength,,8,2.424693
i32,unrolledlut,bylength,,8,4.044809
i32,yy,bylength,,8,2.025938
i32,zmij_scalar,bylength,,8,2.640548
i32,zmij_x64_native,bylength,,8,1.654422
i32,zmij_x64_v1,bylength,,8,2.288180
i32,zmij_x64_v2,bylength,,8,1.747181
i32,zmij_x64_v3,bylength,,8,1.673284
i32,zmij_x64_v3_nokernel,bylength,,8,1.668487
i32,zmij_x64_v4,bylength,,8,1.656388
i32,amartin,bylength,,9,2.666699
i32,branchlut,bylength,,9,5.298039
i32,branchlut2,bylength,,9,5.444871
i32,countlut,bylength,,9,5.234255
i32,fmt,bylength,,9,2.573422
i32,jeaiii,bylength,,9,4.258409
i32,naive,bylength,,9,8.653773
i32,null,bylength,,9,0.752861
i32,sse2,bylength,,9,3.883266
i32,tmueller,bylength,,9,2.435517
i32,unrolledlut,bylength,,9,4.349682
i32,yy,bylength,,9,2.372765
i32,zmij_scalar,bylength,,9,2.618612
i32,zmij_x64_native,bylength,,9,1.644696
i32,zmij_x64_v1,bylength,,9,2.272852
i32,zmij_x64_v2,bylength,,9,1.732226
i32,zmij_x64_v3,bylength,,9,1.664654
i32,zmij_x64_v3_nokernel,bylength,,9,1.652880
i32,zmij_x64_v4,bylength,,9,1.646990
i32,amartin,bylength,,10,2.678789
i32,branchlut,bylength,,10,5.652109
i32,branchlut2,bylength,,10,5.511697
i32,countlut,bylength,,10,5.379040
i32,fmt,bylength,,10,2.537618
i32,jeaiii,bylength,,10,4.417820
i32,naive,bylength,,10,9.575230
i32,null,bylength,,10,0.797903
i32,sse2,bylength,,10,4.484668
i32,tmueller,bylength,,10,2.444549
i32,unrolledlut,bylength,,10,4.306752
i32,yy,bylength,,10,2.372481
i32,zmij_scalar,bylength,,10,2.632008
i32,zmij_x64_native,bylength,,10,1.644515
i32,zmij_x64_v1,bylength,,10,2.271159
i32,zmij_x64_v2,bylength,,10,1.741351
i32,zmij_x64_v3,bylength,,10,1.670755
i32,zmij_x64_v3_nokernel,bylength,,10,1.652861
i32,zmij_x64_v4,bylength,,10,1.645950
i32,amartin,loguniform,1-10,10,6.381516
i32,branchlut,loguniform,1-10,10,10.703697
i32,branchlut2,loguniform,1-10,10,10.945720
i32,countlut,loguniform,1-10,10,11.340214
i32,fmt,loguniform,1-10,10,9.319258
i32,jeaiii,loguniform,1-10,10,10.634942
i32,naive,loguniform,1-10,10,12.715486
i32,null,loguniform,1-10,10,0.867090
i32,sse2,loguniform,1-10,10,10.538291
i32,tmueller,loguniform,1-10,10,7.039843
i32,unrolledlut,loguniform,1-10,10,10.479762
i32,yy,loguniform,1-10,10,6.233648
i32,zmij_scalar,loguniform,1-10,10,2.618940
i32,zmij_x64_native,loguniform,1-10,10,1.645188
i32,zmij_x64_v1,loguniform,1-10,10,2.278079
i32,zmij_x64_v2,loguniform,1-10,10,1.729011
i32,zmij_x64_v3,loguniform,1-10,10,1.671830
i32,zmij_x64_v3_nokernel,loguniform,1-10,10,1.647537
i32,zmij_x64_v4,loguniform,1-10,10,1.644706
i32,amartin,loguniform,1-4,4,3.969488
i32,branchlut,loguniform,1-4,4,7.839350
i32,branchlut2,loguniform,1-4,4,8.539109
i32,countlut,loguniform,1-4,4,9.003609
i32,fmt,loguniform,1-4,4,6.508814
i32,jeaiii,loguniform,1-4,4,8.045482
i32,naive,loguniform,1-4,4,9.185020
i32,null,loguniform,1-4,4,0.805749
i32,sse2,loguniform,1-4,4,7.390305
i32,tmueller,loguniform,1-4,4,4.384784
i32,unrolledlut,loguniform,1-4,4,8.164068
i32,yy,loguniform,1-4,4,3.859975
i32,zmij_scalar,loguniform,1-4,4,2.653159
i32,zmij_x64_native,loguniform,1-4,4,1.637754
i32,zmij_x64_v1,loguniform,1-4,4,2.267370
i32,zmij_x64_v2,loguniform,1-4,4,1.725946
i32,zmij_x64_v3,loguniform,1-4,4,1.663305
i32,zmij_x64_v3_nokernel,loguniform,1-4,4,1.649336
i32,zmij_x64_v4,loguniform,1-4,4,1.639524
i32,amartin,uniform,0-255,0,3.444802
i32,branchlut,uniform,0-255,0,3.624400
i32,branchlut2,uniform,0-255,0,3.601325
i32,countlut,uniform,0-255,0,3.375797
i32,fmt,uniform,0-255,0,3.597197
i32,jeaiii,uniform,0-255,0,3.171299
i32,naive,uniform,0-255,0,5.258194
i32,null,uniform,0-255,0,0.845771
i32,sse2,uniform,0-255,0,3.148919
i32,tmueller,uniform,0-255,0,1.942856
i32,unrolledlut,uniform,0-255,0,3.648158
i32,yy,uniform,0-255,0,3.285673
i32,zmij_scalar,uniform,0-255,0,2.614403
i32,zmij_x64_native,uniform,0-255,0,1.639221
i32,zmij_x64_v1,uniform,0-255,0,2.267334
i32,zmij_x64_v2,uniform,0-255,0,1.724283
i32,zmij_x64_v3,uniform,0-255,0,1.660480
i32,zmij_x64_v3_nokernel,uniform,0-255,0,1.641722
i32,zmij_x64_v4,uniform,0-255,0,1.639794
i32,amartin,unpredictable,,1,3.000256
i32,branchlut,unpredictable,,1,4.814518
i32,branchlut2,unpredictable,,1,4.409374
i32,countlut,unpredictable,,1,6.611216
i32,fmt,unpredictable,,1,4.288006
i32,jeaiii,unpredictable,,1,6.578026
i32,naive,unpredictable,,1,7.796019
i32,null,unpredictable,,1,0.558342
i32,sse2,unpredictable,,1,4.537466
i32,tmueller,unpredictable,,1,1.867357
i32,unrolledlut,unpredictable,,1,4.233004
i32,yy,unpredictable,,1,4.030798
i32,zmij_scalar,unpredictable,,1,2.572546
i32,zmij_x64_native,unpredictable,,1,1.625473
i32,zmij_x64_v1,unpredictable,,1,2.263475
i32,zmij_x64_v2,unpredictable,,1,1.703511
i32,zmij_x64_v3,unpredictable,,1,1.657076
i32,zmij_x64_v3_nokernel,unpredictable,,1,1.646442
i32,zmij_x64_v4,unpredictable,,1,1.657237
i32,amartin,unpredictable,,2,2.950374
i32,branchlut,unpredictable,,2,5.162142
i32,branchlut2,unpredictable,,2,4.298987
i32,countlut,unpredictable,,2,6.803538
i32,fmt,unpredictable,,2,4.239809
i32,jeaiii,unpredictable,,2,6.830135
i32,naive,unpredictable,,2,8.199620
i32,null,unpredictable,,2,0.446355
i32,sse2,unpredictable,,2,4.594712
i32,tmueller,unpredictable,,2,1.905942
i32,unrolledlut,unpredictable,,2,4.124241
i32,yy,unpredictable,,2,4.028963
i32,zmij_scalar,unpredictable,,2,2.606442
i32,zmij_x64_native,unpredictable,,2,1.599612
i32,zmij_x64_v1,unpredictable,,2,2.253881
i32,zmij_x64_v2,unpredictable,,2,1.719898
i32,zmij_x64_v3,unpredictable,,2,1.634530
i32,zmij_x64_v3_nokernel,unpredictable,,2,1.635312
i32,zmij_x64_v4,unpredictable,,2,1.644324
i32,amartin,unpredictable,,3,2.216967
i32,branchlut,unpredictable,,3,5.691739
i32,branchlut2,unpredictable,,3,4.423677
i32,countlut,unpredictable,,3,5.885339
i32,fmt,unpredictable,,3,3.909349
i32,jeaiii,unpredictable,,3,5.182919
i32,naive,unpredictable,,3,8.170286
i32,null,unpredictable,,3,0.742537
i32,sse2,unpredictable,,3,5.062294
i32,tmueller,unpredictable,,3,2.030049
i32,unrolledlut,unpredictable,,3,4.264648
i32,yy,unpredictable,,3,3.407409
i32,zmij_scalar,unpredictable,,3,2.581704
i32,zmij_x64_native,unpredictable,,3,1.612697
i32,zmij_x64_v1,unpredictable,,3,2.264301
i32,zmij_x64_v2,unpredictable,,3,1.730146
i32,zmij_x64_v3,unpredictable,,3,1.644099
i32,zmij_x64_v3_nokernel,unpredictable,,3,1.631843
i32,zmij_x64_v4,unpredictable,,3,1.651147
i32,amartin,unpredictable,,4,2.332824
i32,branchlut,unpredictable,,4,6.708181
i32,branchlut2,unpredictable,,4,4.825133
i32,countlut,unpredictable,,4,6.779965
i32,fmt,unpredictable,,4,3.681479
i32,jeaiii,unpredictable,,4,4.731644
i32,naive,unpredictable,,4,8.793804
i32,null,unpredictable,,4,0.765808
i32,sse2,unpredictable,,4,5.767847
i32,tmueller,unpredictable,,4,1.936842
i32,unrolledlut,unpredictable,,4,3.466320
i32,yy,unpredictable,,4,3.182802
i32,zmij_scalar,unpredictable,,4,2.624336
i32,zmij_x64_native,unpredictable,,4,1.617696
i32,zmij_x64_v1,unpredictable,,4,2.264221
i32,zmij_x64_v2,unpredictable,,4,1.719230
i32,zmij_x64_v3,unpredictable,,4,1.613907
i32,zmij_x64_v3_nokernel,unpredictable,,4,1.635264
i32,zmij_x64_v4,unpredictable,,4,1.639118
i32,amartin,unpredictable,,5,2.033402
i32,branchlut,unpredictable,,5,4.735113
i32,branchlut2,unpredictable,,5,5.112675
i32,countlut,unpredictable,,5,6.195708
i32,fmt,unpredictable,,5,2.928670
i32,jeaiii,unpredictable,,5,4.618893
i32,naive,unpredictable,,5,8.587632
i32,null,unpredictable,,5,0.589984
i32,sse2,unpredictable,,5,3.925444
i32,tmueller,unpredictable,,5,1.889470
i32,unrolledlut,unpredictable,,5,3.798681
i32,yy,unpredictable,,5,2.540073
i32,zmij_scalar,unpredictable,,5,2.611634
i32,zmij_x64_native,unpredictable,,5,1.637034
i32,zmij_x64_v1,unpredictable,,5,2.260122
i32,zmij_x64_v2,unpredictable,,5,1.730762
i32,zmij_x64_v3,unpredictable,,5,1.630675
i32,zmij_x64_v3_nokernel,unpredictable,,5,1.634672
i32,zmij_x64_v4,unpredictable,,5,1.648138
i32,amartin,unpredictable,,6,2.260691
i32,branchlut,unpredictable,,6,5.736534
i32,branchlut2,unpredictable,,6,5.697049
i32,countlut,unpredictable,,6,5.889778
i32,fmt,unpredictable,,6,2.824929
i32,jeaiii,unpredictable,,6,4.600241
i32,naive,unpredictable,,6,8.991212
i32,null,unpredictable,,6,0.603455
i32,sse2,unpredictable,,6,5.002301
i32,tmueller,unpredictable,,6,2.477406
i32,unrolledlut,unpredictable,,6,4.761024
i32,yy,unpredictable,,6,2.675693
i32,zmij_scalar,unpredictable,,6,2.617921
i32,zmij_x64_native,unpredictable,,6,1.657626
i32,zmij_x64_v1,unpredictable,,6,2.251055
i32,zmij_x64_v2,unpredictable,,6,1.748311
i32,zmij_x64_v3,unpredictable,,6,1.644804
i32,zmij_x64_v3_nokernel,unpredictable,,6,1.657036
i32,zmij_x64_v4,unpredictable,,6,1.649353
i32,amartin,unpredictable,,7,2.539019
i32,branchlut,unpredictable,,7,5.336062
i32,branchlut2,unpredictable,,7,5.290797
i32,countlut,unpredictable,,7,5.026465
i32,fmt,unpredictable,,7,2.527215
i32,jeaiii,unpredictable,,7,4.413568
i32,naive,unpredictable,,7,8.655942
i32,null,unpredictable,,7,0.556321
i32,sse2,unpredictable,,7,4.744311
i32,tmueller,unpredictable,,7,2.172511
i32,unrolledlut,unpredictable,,7,6.059667
i32,yy,unpredictable,,7,2.123956
i32,zmij_scalar,unpredictable,,7,2.607133
i32,zmij_x64_native,unpredictable,,7,1.627050
i32,zmij_x64_v1,unpredictable,,7,2.247606
i32,zmij_x64_v2,unpredictable,,7,1.715614
i32,zmij_x64_v3,unpredictable,,7,1.648884
i32,zmij_x64_v3_nokernel,unpredictable,,7,1.627861
i32,zmij_x64_v4,unpredictable,,7,1.653442
i32,amartin,unpredictable,,8,2.528198
i32,branchlut,unpredictable,,8,5.982693
i32,branchlut2,unpredictable,,8,5.362373
i32,countlut,unpredictable,,8,5.173334
i32,fmt,unpredictable,,8,2.505000
i32,jeaiii,unpredictable,,8,4.650780
i32,naive,unpredictable,,8,8.018048
i32,null,unpredictable,,8,0.478339
i32,sse2,unpredictable,,8,5.298861
i32,tmueller,unpredictable,,8,2.389629
i32,unrolledlut,unpredictable,,8,5.281247
i32,yy,unpredictable,,8,2.027813
i32,zmij_scalar,unpredictable,,8,2.613792
i32,zmij_x64_native,unpredictable,,8,1.590519
i32,zmij_x64_v1,unpredictable,,8,2.252789
i32,zmij_x64_v2,unpredictable,,8,1.710963
i32,zmij_x64_v3,unpredictable,,8,1.641192
i32,zmij_x64_v3_nokernel,unpredictable,,8,1.625398
i32,zmij_x64_v4,unpredictable,,8,1.652889
i32,amartin,unpredictable,,9,5.102907
i32,branchlut,unpredictable,,9,6.456487
i32,branchlut2,unpredictable,,9,7.965899
i32,countlut,unpredictable,,9,5.486375
i32,fmt,unpredictable,,9,2.758328
i32,jeaiii,unpredictable,,9,4.729280
i32,naive,unpredictable,,9,8.655343
i32,null,unpredictable,,9,0.534334
i32,sse2,unpredictable,,9,4.713561
i32,tmueller,unpredictable,,9,2.392920
i32,unrolledlut,unpredictable,,9,6.807358
i32,yy,unpredictable,,9,2.448751
i32,zmij_scalar,unpredictable,,9,2.571472
i32,zmij_x64_native,unpredictable,,9,1.619743
i32,zmij_x64_v1,unpredictable,,9,2.238097
i32,zmij_x64_v2,unpredictable,,9,1.722904
i32,zmij_x64_v3,unpredictable,,9,1.613436
i32,zmij_x64_v3_nokernel,unpredictable,,9,1.640670
i32,zmij_x64_v4,unpredictable,,9,1.635575
i32,amartin,unpredictable,,10,5.371858
i32,branchlut,unpredictable,,10,6.881394
i32,branchlut2,unpredictable,,10,8.362292
i32,countlut,unpredictable,,10,6.134549
i32,fmt,unpredictable,,10,3.192309
i32,jeaiii,unpredictable,,10,5.246946
i32,naive,unpredictable,,10,9.925683
i32,null,unpredictable,,10,1.169652
i32,sse2,unpredictable,,10,5.460569
i32,tmueller,unpredictable,,10,2.515564
i32,unrolledlut,unpredictable,,10,7.321678
i32,yy,unpredictable,,10,2.498392
i32,zmij_scalar,unpredictable,,10,2.592305
i32,zmij_x64_native,unpredictable,,10,1.619150
i32,zmij_x64_v1,unpredictable,,10,2.259471
i32,zmij_x64_v2,unpredictable,,10,1.724232
i32,zmij_x64_v3,unpredictable,,10,1.648865
i32,zmij_x64_v3_nokernel,unpredictable,,10,1.652819
i32,zmij_x64_v4,unpredictable,,10,1.639956
i32,amartin,admixture,5x6,0,1.790566
i32,branchlut,admixture,5x6,0,4.678180
i32,branchlut2,admixture,5x6,0,4.556485
i32,countlut,admixture,5x6,0,4.256716
i32,fmt,admixture,5x6,0,1.739640
i32,jeaiii,admixture,5x6,0,3.841466
i32,naive,admixture,5x6,0,7.560872
i32,null,admixture,5x6,0,0.884977
i32,sse2,admixture,5x6,0,4.535404
i32,tmueller,admixture,5x6,0,1.733866
i32,unrolledlut,admixture,5x6,0,4.285444
i32,yy,admixture,5x6,0,1.577417
i32,zmij_scalar,admixture,5x6,0,2.615523
i32,zmij_x64_native,admixture,5x6,0,1.645299
i32,zmij_x64_v1,admixture,5x6,0,2.267601
i32,zmij_x64_v2,admixture,5x6,0,1.739623
i32,zmij_x64_v3,admixture,5x6,0,1.658616
i32,zmij_x64_v3_nokernel,admixture,5x6,0,1.650604
i32,zmij_x64_v4,admixture,5x6,0,1.646185
i32,amartin,admixture,5x6,10,1.812649
i32,branchlut,admixture,5x6,10,4.816138
i32,branchlut2,admixture,5x6,10,4.686608
i32,countlut,admixture,5x6,10,5.048642
i32,fmt,admixture,5x6,10,2.405774
i32,jeaiii,admixture,5x6,10,4.497121
i32,naive,admixture,5x6,10,8.539809
i32,null,admixture,5x6,10,0.785735
i32,sse2,admixture,5x6,10,5.006788
i32,tmueller,admixture,5x6,10,2.365266
i32,unrolledlut,admixture,5x6,10,4.738040
i32,yy,admixture,5x6,10,1.639934
i32,zmij_scalar,admixture,5x6,10,2.746783
i32,zmij_x64_native,admixture,5x6,10,1.693068
i32,zmij_x64_v1,admixture,5x6,10,2.373023
i32,zmij_x64_v2,admixture,5x6,10,1.827812
i32,zmij_x64_v3,admixture,5x6,10,1.747465
i32,zmij_x64_v3_nokernel,admixture,5x6,10,1.707720
i32,zmij_x64_v4,admixture,5x6,10,1.689544
i32,amartin,admixture,5x6,20,1.776919
i32,branchlut,admixture,5x6,20,5.297047
i32,branchlut2,admixture,5x6,20,5.191002
i32,countlut,admixture,5x6,20,5.663682
i32,fmt,admixture,5x6,20,2.936952
i32,jeaiii,admixture,5x6,20,4.704625
i32,naive,admixture,5x6,20,8.475496
i32,null,admixture,5x6,20,0.777026
i32,sse2,admixture,5x6,20,5.215956
i32,tmueller,admixture,5x6,20,2.665890
i32,unrolledlut,admixture,5x6,20,4.904851
i32,yy,admixture,5x6,20,1.580064
i32,zmij_scalar,admixture,5x6,20,2.599836
i32,zmij_x64_native,admixture,5x6,20,1.639446
i32,zmij_x64_v1,admixture,5x6,20,2.256192
i32,zmij_x64_v2,admixture,5x6,20,1.731869
i32,zmij_x64_v3,admixture,5x6,20,1.660539
i32,zmij_x64_v3_nokernel,admixture,5x6,20,1.644006
i32,zmij_x64_v4,admixture,5x6,20,1.641639
i32,amartin,admixture,5x6,30,1.777617
i32,branchlut,admixture,5x6,30,5.866736
i32,branchlut2,admixture,5x6,30,5.747605
i32,countlut,admixture,5x6,30,6.423160
i32,fmt,admixture,5x6,30,3.671607
i32,jeaiii,admixture,5x6,30,5.581177
i32,naive,admixture,5x6,30,9.276831
i32,null,admixture,5x6,30,0.831022
i32,sse2,admixture,5x6,30,6.070630
i32,tmueller,admixture,5x6,30,3.248282
i32,unrolledlut,admixture,5x6,30,5.873049
i32,yy,admixture,5x6,30,1.600298
i32,zmij_scalar,admixture,5x6,30,2.676295
i32,zmij_x64_native,admixture,5x6,30,1.718758
i32,zmij_x64_v1,admixture,5x6,30,2.308808
i32,zmij_x64_v2,admixture,5x6,30,1.792840
i32,zmij_x64_v3,admixture,5x6,30,1.686176
i32,zmij_x64_v3_nokernel,admixture,5x6,30,1.692661
i32,zmij_x64_v4,admixture,5x6,30,1.675836
i32,amartin,admixture,5x6,40,1.776093
i32,branchlut,admixture,5x6,40,6.397768
i32,branchlut2,admixture,5x6,40,6.208184
i32,countlut,admixture,5x6,40,7.090806
i32,fmt,admixture,5x6,40,4.382455
i32,jeaiii,admixture,5x6,40,6.182815
i32,naive,admixture,5x6,40,9.738135
i32,null,admixture,5x6,40,1.002032
i32,sse2,admixture,5x6,40,6.520167
i32,tmueller,admixture,5x6,40,3.752380
i32,unrolledlut,admixture,5x6,40,6.402736
i32,yy,admixture,5x6,40,1.571467
i32,zmij_scalar,admixture,5x6,40,2.603369
i32,zmij_x64_native,admixture,5x6,40,1.635460
i32,zmij_x64_v1,admixture,5x6,40,2.254017
i32,zmij_x64_v2,admixture,5x6,40,1.733192
i32,zmij_x64_v3,admixture,5x6,40,1.654950
i32,zmij_x64_v3_nokernel,admixture,5x6,40,1.643529
i32,zmij_x64_v4,admixture,5x6,40,1.636535
i32,amartin,admixture,5x6,50,1.778281
i32,branchlut,admixture,5x6,50,6.741599
i32,branchlut2,admixture,5x6,50,6.487176
i32,countlut,admixture,5x6,50,7.326508
i32,fmt,admixture,5x6,50,4.578510
i32,jeaiii,admixture,5x6,50,6.075973
i32,naive,admixture,5x6,50,9.752965
i32,null,admixture,5x6,50,0.805081
i32,sse2,admixture,5x6,50,6.506654
i32,tmueller,admixture,5x6,50,3.968519
i32,unrolledlut,admixture,5x6,50,6.398909
i32,yy,admixture,5x6,50,1.575685
i32,zmij_scalar,admixture,5x6,50,2.607839
i32,zmij_x64_native,admixture,5x6,50,1.628966
i32,zmij_x64_v1,admixture,5x6,50,2.270403
i32,zmij_x64_v2,admixture,5x6,50,1.723646
i32,zmij_x64_v3,admixture,5x6,50,1.658645
i32,zmij_x64_v3_nokernel,admixture,5x6,50,1.639734
i32,zmij_x64_v4,admixture,5x6,50,1.645128
i32,amartin,admixture,5x6,60,1.776738
i32,branchlut,admixture,5x6,60,6.501078
i32,branchlut2,admixture,5x6,60,6.203123
i32,countlut,admixture,5x6,60,6.948665
i32,fmt,admixture,5x6,60,4.233944
i32,jeaiii,admixture,5x6,60,5.792107
i32,naive,admixture,5x6,60,9.398353
i32,null,admixture,5x6,60,0.799587
i32,sse2,admixture,5x6,60,6.304048
i32,tmueller,admixture,5x6,60,3.595301
i32,unrolledlut,admixture,5x6,60,6.119356
i32,yy,admixture,5x6,60,1.569019
i32,zmij_scalar,admixture,5x6,60,2.621031
i32,zmij_x64_native,admixture,5x6,60,1.638329
i32,zmij_x64_v1,admixture,5x6,60,2.262886
i32,zmij_x64_v2,admixture,5x6,60,1.729730
i32,zmij_x64_v3,admixture,5x6,60,1.658210
i32,zmij_x64_v3_nokernel,admixture,5x6,60,1.644922
i32,zmij_x64_v4,admixture,5x6,60,1.636010
i32,amartin,admixture,5x6,70,1.776091
i32,branchlut,admixture,5x6,70,5.849830
i32,branchlut2,admixture,5x6,70,5.605540
i32,countlut,admixture,5x6,70,6.187090
i32,fmt,admixture,5x6,70,3.681159
i32,jeaiii,admixture,5x6,70,5.224104
i32,naive,admixture,5x6,70,8.684389
i32,null,admixture,5x6,70,0.732494
i32,sse2,admixture,5x6,70,5.769831
i32,tmueller,admixture,5x6,70,2.954630
i32,unrolledlut,admixture,5x6,70,5.520190
i32,yy,admixture,5x6,70,1.571833
i32,zmij_scalar,admixture,5x6,70,2.602591
i32,zmij_x64_native,admixture,5x6,70,1.637512
i32,zmij_x64_v1,admixture,5x6,70,2.263800
i32,zmij_x64_v2,admixture,5x6,70,1.729904
i32,zmij_x64_v3,admixture,5x6,70,1.649969
i32,zmij_x64_v3_nokernel,admixture,5x6,70,1.641336
i32,zmij_x64_v4,admixture,5x6,70,1.635976
i32,amartin,admixture,5x6,80,1.778214
i32,branchlut,admixture,5x6,80,5.326931
i32,branchlut2,admixture,5x6,80,5.205354
i32,countlut,admixture,5x6,80,5.669114
i32,fmt,admixture,5x6,80,3.111251
i32,jeaiii,admixture,5x6,80,5.001246
i32,naive,admixture,5x6,80,8.151118
i32,null,admixture,5x6,80,0.886126
i32,sse2,admixture,5x6,80,5.416476
i32,tmueller,admixture,5x6,80,2.470557
i32,unrolledlut,admixture,5x6,80,5.160208
i32,yy,admixture,5x6,80,1.568907
i32,zmij_scalar,admixture,5x6,80,2.596861
i32,zmij_x64_native,admixture,5x6,80,1.634199
i32,zmij_x64_v1,admixture,5x6,80,2.252664
i32,zmij_x64_v2,admixture,5x6,80,1.726113
i32,zmij_x64_v3,admixture,5x6,80,1.656373
i32,zmij_x64_v3_nokernel,admixture,5x6,80,1.644501
i32,zmij_x64_v4,admixture,5x6,80,1.636671
i32,amartin,admixture,5x6,90,1.775422
i32,branchlut,admixture,5x6,90,4.746485
i32,branchlut2,admixture,5x6,90,4.637872
i32,countlut,admixture,5x6,90,4.907843
i32,fmt,admixture,5x6,90,2.487592
i32,jeaiii,admixture,5x6,90,4.447784
i32,naive,admixture,5x6,90,7.430382
i32,null,admixture,5x6,90,1.050348
i32,sse2,admixture,5x6,90,4.828108
i32,tmueller,admixture,5x6,90,1.951387
i32,unrolledlut,admixture,5x6,90,4.635468
i32,yy,admixture,5x6,90,1.571059
i32,zmij_scalar,admixture,5x6,90,2.603680
i32,zmij_x64_native,admixture,5x6,90,1.644289
i32,zmij_x64_v1,admixture,5x6,90,2.267732
i32,zmij_x64_v2,admixture,5x6,90,1.729710
i32,zmij_x64_v3,admixture,5x6,90,1.658813
i32,zmij_x64_v3_nokernel,admixture,5x6,90,1.644578
i32,zmij_x64_v4,admixture,5x6,90,1.639466
i32,amartin,admixture,5x6,100,1.778506
i32,branchlut,admixture,5x6,100,4.195340
i32,branchlut2,admixture,5x6,100,4.360112
i32,countlut,admixture,5x6,100,4.485112
i32,fmt,admixture,5x6,100,1.790604
i32,jeaiii,admixture,5x6,100,3.794547
i32,naive,admixture,5x6,100,7.073184
i32,null,admixture,5x6,100,0.814351
i32,sse2,admixture,5x6,100,4.408043
i32,tmueller,admixture,5x6,100,1.368911
i32,unrolledlut,admixture,5x6,100,4.509913
i32,yy,admixture,5x6,100,1.590789
i32,zmij_scalar,admixture,5x6,100,2.667322
i32,zmij_x64_native,admixture,5x6,100,1.676067
i32,zmij_x64_v1,admixture,5x6,100,2.320852
i32,zmij_x64_v2,admixture,5x6,100,1.753640
i32,zmij_x64_v3,admixture,5x6,100,1.684590
i32,zmij_x64_v3_nokernel,admixture,5x6,100,1.670960
i32,zmij_x64_v4,admixture,5x6,100,1.667740
u64,amartin,bylength,,1,0.773237
u64,branchlut,bylength,,1,0.956754
u64,branchlut2,bylength,,1,0.946627
u64,countlut,bylength,,1,1.164444
u64,fmt,bylength,,1,1.154705
u64,jeaiii,bylength,,1,0.826949
u64,naive,bylength,,1,2.027976
u64,null,bylength,,1,0.762930
u64,sse2,bylength,,1,0.904689
u64,tmueller,bylength,,1,0.765376
u64,unrolledlut,bylength,,1,1.129686
u64,yy,bylength,,1,1.132337
u64,zmij_scalar,bylength,,1,4.680857
u64,zmij_x64_native,bylength,,1,2.134614
u64,zmij_x64_v1,bylength,,1,3.341984
u64,zmij_x64_v2,bylength,,1,2.558785
u64,zmij_x64_v3,bylength,,1,2.291799
u64,zmij_x64_v3_nokernel,bylength,,1,2.417864
u64,zmij_x64_v4,bylength,,1,2.196182
u64,amartin,bylength,,2,0.861233
u64,branchlut,bylength,,2,1.071264
u64,branchlut2,bylength,,2,1.067475
u64,countlut,bylength,,2,1.421333
u64,fmt,bylength,,2,1.193311
u64,jeaiii,bylength,,2,0.982347
u64,naive,bylength,,2,2.710562
u64,null,bylength,,2,0.775198
u64,sse2,bylength,,2,0.989033
u64,tmueller,bylength,,2,1.158087
u64,unrolledlut,bylength,,2,1.349713
u64,yy,bylength,,2,1.150138
u64,zmij_scalar,bylength,,2,4.893689
u64,zmij_x64_native,bylength,,2,2.237950
u64,zmij_x64_v1,bylength,,2,3.589801
u64,zmij_x64_v2,bylength,,2,2.495785
u64,zmij_x64_v3,bylength,,2,2.309016
u64,zmij_x64_v3_nokernel,bylength,,2,2.338132
u64,zmij_x64_v4,bylength,,2,2.227321
u64,amartin,bylength,,3,1.106200
u64,branchlut,bylength,,3,1.048430
u64,branchlut2,bylength,,3,0.927209
u64,countlut,bylength,,3,1.510290
u64,fmt,bylength,,3,1.647078
u64,jeaiii,bylength,,3,1.047867
u64,naive,bylength,,3,3.318995
u64,null,bylength,,3,0.766252
u64,sse2,bylength,,3,1.366436
u64,tmueller,bylength,,3,1.384186
u64,unrolledlut,bylength,,3,1.495511
u64,yy,bylength,,3,1.306475
u64,zmij_scalar,bylength,,3,4.609123
u64,zmij_x64_native,bylength,,3,2.144061
u64,zmij_x64_v1,bylength,,3,3.371552
u64,zmij_x64_v2,bylength,,3,2.356035
u64,zmij_x64_v3,bylength,,3,2.201719
u64,zmij_x64_v3_nokernel,bylength,,3,2.206616
u64,zmij_x64_v4,bylength,,3,2.122144
u64,amartin,bylength,,4,1.099412
u64,branchlut,bylength,,4,1.122076
u64,branchlut2,bylength,,4,1.122964
u64,countlut,bylength,,4,1.668863
u64,fmt,bylength,,4,1.396994
u64,jeaiii,bylength,,4,1.149431
u64,naive,bylength,,4,4.085264
u64,null,bylength,,4,0.746197
u64,sse2,bylength,,4,1.102677
u64,tmueller,bylength,,4,1.365552
u64,unrolledlut,bylength,,4,1.389781
u64,yy,bylength,,4,1.299314
u64,zmij_scalar,bylength,,4,4.620896
u64,zmij_x64_native,bylength,,4,2.143698
u64,zmij_x64_v1,bylength,,4,3.366991
u64,zmij_x64_v2,bylength,,4,2.366982
u64,zmij_x64_v3,bylength,,4,2.208584
u64,zmij_x64_v3_nokernel,bylength,,4,2.214606
u64,zmij_x64_v4,bylength,,4,2.117305
u64,amartin,bylength,,5,1.518566
u64,branchlut,bylength,,5,2.080629
u64,branchlut2,bylength,,5,1.898317
u64,countlut,bylength,,5,1.923071
u64,fmt,bylength,,5,1.897049
u64,jeaiii,bylength,,5,1.292881
u64,naive,bylength,,5,4.734731
u64,null,bylength,,5,0.733597
u64,sse2,bylength,,5,2.004475
u64,tmueller,bylength,,5,1.826920
u64,unrolledlut,bylength,,5,1.516775
u64,yy,bylength,,5,1.363447
u64,zmij_scalar,bylength,,5,4.596924
u64,zmij_x64_native,bylength,,5,2.140110
u64,zmij_x64_v1,bylength,,5,3.380189
u64,zmij_x64_v2,bylength,,5,2.361799
u64,zmij_x64_v3,bylength,,5,2.186142
u64,zmij_x64_v3_nokernel,bylength,,5,2.209322
u64,zmij_x64_v4,bylength,,5,2.118167
u64,amartin,bylength,,6,1.528504
u64,branchlut,bylength,,6,2.181044
u64,branchlut2,bylength,,6,1.930074
u64,countlut,bylength,,6,2.048490
u64,fmt,bylength,,6,1.861806
u64,jeaiii,bylength,,6,1.307980
u64,naive,bylength,,6,5.461579
u64,null,bylength,,6,0.790564
u64,sse2,bylength,,6,2.120579
u64,tmueller,bylength,,6,1.781314
u64,unrolledlut,bylength,,6,1.607018
u64,yy,bylength,,6,1.385634
u64,zmij_scalar,bylength,,6,4.594482
u64,zmij_x64_native,bylength,,6,2.144869
u64,zmij_x64_v1,bylength,,6,3.361531
u64,zmij_x64_v2,bylength,,6,2.353068
u64,zmij_x64_v3,bylength,,6,2.203003
u64,zmij_x64_v3_nokernel,bylength,,6,2.200686
u64,zmij_x64_v4,bylength,,6,2.117956
u64,amartin,bylength,,7,2.018003
u64,branchlut,bylength,,7,2.302007
u64,branchlut2,bylength,,7,2.404941
u64,countlut,bylength,,7,2.404870
u64,fmt,bylength,,7,2.451389
u64,jeaiii,bylength,,7,1.680860
u64,naive,bylength,,7,6.282923
u64,null,bylength,,7,0.954875
u64,sse2,bylength,,7,2.269560
u64,tmueller,bylength,,7,2.293334
u64,unrolledlut,bylength,,7,1.776305
u64,yy,bylength,,7,1.744406
u64,zmij_scalar,bylength,,7,4.634485
u64,zmij_x64_native,bylength,,7,2.159901
u64,zmij_x64_v1,bylength,,7,3.386529
u64,zmij_x64_v2,bylength,,7,2.362336
u64,zmij_x64_v3,bylength,,7,2.231653
u64,zmij_x64_v3_nokernel,bylength,,7,2.204883
u64,zmij_x64_v4,bylength,,7,2.137369
u64,amartin,bylength,,8,1.972033
u64,branchlut,bylength,,8,2.319536
u64,branchlut2,bylength,,8,2.423843
u64,countlut,bylength,,8,2.539719
u64,fmt,bylength,,8,2.425706
u64,jeaiii,bylength,,8,1.527847
u64,naive,bylength,,8,6.322800
u64,null,bylength,,8,0.756680
u64,sse2,bylength,,8,2.292730
u64,tmueller,bylength,,8,2.272141
u64,unrolledlut,bylength,,8,1.772560
u64,yy,bylength,,8,1.713645
u64,zmij_scalar,bylength,,8,4.608014
u64,zmij_x64_native,bylength,,8,2.139184
u64,zmij_x64_v1,bylength,,8,3.369540
u64,zmij_x64_v2,bylength,,8,2.332578
u64,zmij_x64_v3,bylength,,8,2.204871
u64,zmij_x64_v3_nokernel,bylength,,8,2.193969
u64,zmij_x64_v4,bylength,,8,2.122000
u64,amartin,bylength,,9,2.279317
u64,branchlut,bylength,,9,4.529853
u64,branchlut2,bylength,,9,3.923021
u64,countlut,bylength,,9,4.135068
u64,fmt,bylength,,9,2.958032
u64,jeaiii,bylength,,9,1.760081
u64,naive,bylength,,9,7.145475
u64,null,bylength,,9,0.767431
u64,sse2,bylength,,9,2.878240
u64,tmueller,bylength,,9,2.812135
u64,unrolledlut,bylength,,9,2.188609
u64,yy,bylength,,9,2.282100
u64,zmij_scalar,bylength,,9,4.773034
u64,zmij_x64_native,bylength,,9,2.135035
u64,zmij_x64_v1,bylength,,9,3.368516
u64,zmij_x64_v2,bylength,,9,2.357733
u64,zmij_x64_v3,bylength,,9,2.201868
u64,zmij_x64_v3_nokernel,bylength,,9,2.204897
u64,zmij_x64_v4,bylength,,9,2.117294
u64,amartin,bylength,,10,3.810874
u64,branchlut,bylength,,10,4.601283
u64,branchlut2,bylength,,10,3.882694
u64,countlut,bylength,,10,4.314361
u64,fmt,bylength,,10,2.978956
u64,jeaiii,bylength,,10,3.867750
u64,naive,bylength,,10,8.047552
u64,null,bylength,,10,0.764375
u64,sse2,bylength,,10,2.881111
u64,tmueller,bylength,,10,2.803242
u64,unrolledlut,bylength,,10,4.270579
u64,yy,bylength,,10,2.287980
u64,zmij_scalar,bylength,,10,4.806464
u64,zmij_x64_native,bylength,,10,2.143481
u64,zmij_x64_v1,bylength,,10,3.373591
u64,zmij_x64_v2,bylength,,10,2.355007
u64,zmij_x64_v3,bylength,,10,2.207503
u64,zmij_x64_v3_nokernel,bylength,,10,2.211535
u64,zmij_x64_v4,bylength,,10,2.120404
u64,amartin,bylength,,11,2.803395
u64,branchlut,bylength,,11,4.797540
u64,branchlut2,bylength,,11,4.398813
u64,countlut,bylength,,11,4.614038
u64,fmt,bylength,,11,3.563164
u64,jeaiii,bylength,,11,2.591542
u64,naive,bylength,,11,9.099117
u64,null,bylength,,11,0.864502
u64,sse2,bylength,,11,2.872430
u64,tmueller,bylength,,11,3.348694
u64,unrolledlut,bylength,,11,2.739017
u64,yy,bylength,,11,2.717376
u64,zmij_scalar,bylength,,11,4.778239
u64,zmij_x64_native,bylength,,11,2.142576
u64,zmij_x64_v1,bylength,,11,3.367433
u64,zmij_x64_v2,bylength,,11,2.367676
u64,zmij_x64_v3,bylength,,11,2.198949
u64,zmij_x64_v3_nokernel,bylength,,11,2.205547
u64,zmij_x64_v4,bylength,,11,2.128851
u64,amartin,bylength,,12,2.798962
u64,branchlut,bylength,,12,4.914657
u64,branchlut2,bylength,,12,4.554600
u64,countlut,bylength,,12,4.717270
u64,fmt,bylength,,12,3.591872
u64,jeaiii,bylength,,12,2.635439
u64,naive,bylength,,12,10.104255
u64,null,bylength,,12,1.084899
u64,sse2,bylength,,12,2.875739
u64,tmueller,bylength,,12,3.449148
u64,unrolledlut,bylength,,12,2.687699
u64,yy,bylength,,12,2.744638
u64,zmij_scalar,bylength,,12,4.769147
u64,zmij_x64_native,bylength,,12,2.146810
u64,zmij_x64_v1,bylength,,12,3.365839
u64,zmij_x64_v2,bylength,,12,2.361351
u64,zmij_x64_v3,bylength,,12,2.200021
u64,zmij_x64_v3_nokernel,bylength,,12,2.208013
u64,zmij_x64_v4,bylength,,12,2.123838
u64,amartin,bylength,,13,3.315238
u64,branchlut,bylength,,13,5.158829
u64,branchlut2,bylength,,13,5.555539
u64,countlut,bylength,,13,5.167428
u64,fmt,bylength,,13,4.336385
u64,jeaiii,bylength,,13,2.874127
u64,naive,bylength,,13,11.439062
u64,null,bylength,,13,0.774778
u64,sse2,bylength,,13,3.071796
u64,tmueller,bylength,,13,4.150607
u64,unrolledlut,bylength,,13,3.114625
u64,yy,bylength,,13,3.126901
u64,zmij_scalar,bylength,,13,4.891458
u64,zmij_x64_native,bylength,,13,2.214427
u64,zmij_x64_v1,bylength,,13,3.460140
u64,zmij_x64_v2,bylength,,13,2.458482
u64,zmij_x64_v3,bylength,,13,2.320133
u64,zmij_x64_v3_nokernel,bylength,,13,2.249113
u64,zmij_x64_v4,bylength,,13,2.179320
u64,amartin,bylength,,14,3.212781
u64,branchlut,bylength,,14,5.155858
u64,branchlut2,bylength,,14,5.389053
u64,countlut,bylength,,14,5.218424
u64,fmt,bylength,,14,4.308337
u64,jeaiii,bylength,,14,2.807224
u64,naive,bylength,,14,12.172940
u64,null,bylength,,14,0.795058
u64,sse2,bylength,,14,2.882970
u64,tmueller,bylength,,14,3.912879
u64,unrolledlut,bylength,,14,3.071285
u64,yy,bylength,,14,3.067305
u64,zmij_scalar,bylength,,14,4.779960
u64,zmij_x64_native,bylength,,14,2.147983
u64,zmij_x64_v1,bylength,,14,3.367722
u64,zmij_x64_v2,bylength,,14,2.353071
u64,zmij_x64_v3,bylength,,14,2.211202
u64,zmij_x64_v3_nokernel,bylength,,14,2.206850
u64,zmij_x64_v4,bylength,,14,2.122326
u64,amartin,bylength,,15,3.856925
u64,branchlut,bylength,,15,5.397624
u64,branchlut2,bylength,,15,5.797393
u64,countlut,bylength,,15,5.452827
u64,fmt,bylength,,15,4.948467
u64,jeaiii,bylength,,15,3.164377
u64,naive,bylength,,15,13.364366
u64,null,bylength,,15,0.791762
u64,sse2,bylength,,15,2.890578
u64,tmueller,bylength,,15,4.606275
u64,unrolledlut,bylength,,15,3.562263
u64,yy,bylength,,15,3.469489
u64,zmij_scalar,bylength,,15,4.823601
u64,zmij_x64_native,bylength,,15,2.146659
u64,zmij_x64_v1,bylength,,15,3.406927
u64,zmij_x64_v2,bylength,,15,2.383137
u64,zmij_x64_v3,bylength,,15,2.206181
u64,zmij_x64_v3_nokernel,bylength,,15,2.224992
u64,zmij_x64_v4,bylength,,15,2.132576
u64,amartin,bylength,,16,3.915357
u64,branchlut,bylength,,16,5.600967
u64,branchlut2,bylength,,16,6.096163
u64,countlut,bylength,,16,5.775120
u64,fmt,bylength,,16,5.195470
u64,jeaiii,bylength,,16,3.414770
u64,naive,bylength,,16,12.996310
u64,null,bylength,,16,1.058457
u64,sse2,bylength,,16,2.848745
u64,tmueller,bylength,,16,4.742523
u64,unrolledlut,bylength,,16,3.508899
u64,yy,bylength,,16,3.495073
u64,zmij_scalar,bylength,,16,4.901737
u64,zmij_x64_native,bylength,,16,2.210464
u64,zmij_x64_v1,bylength,,16,3.483010
u64,zmij_x64_v2,bylength,,16,2.427456
u64,zmij_x64_v3,bylength,,16,2.231147
u64,zmij_x64_v3_nokernel,bylength,,16,2.264807
u64,zmij_x64_v4,bylength,,16,2.157481
u64,amartin,bylength,,17,4.180210
u64,branchlut,bylength,,17,6.551923
u64,branchlut2,bylength,,17,6.923005
u64,countlut,bylength,,17,6.800496
u64,fmt,bylength,,17,5.732909
u64,jeaiii,bylength,,17,3.603665
u64,naive,bylength,,17,13.750528
u64,null,bylength,,17,0.739563
u64,sse2,bylength,,17,2.609111
u64,tmueller,bylength,,17,5.313598
u64,unrolledlut,bylength,,17,3.997642
u64,yy,bylength,,17,3.575118
u64,zmij_scalar,bylength,,17,4.953495
u64,zmij_x64_native,bylength,,17,2.127662
u64,zmij_x64_v1,bylength,,17,3.387706
u64,zmij_x64_v2,bylength,,17,2.372769
u64,zmij_x64_v3,bylength,,17,2.205952
u64,zmij_x64_v3_nokernel,bylength,,17,2.224691
u64,zmij_x64_v4,bylength,,17,2.120360
u64,amartin,bylength,,18,5.489900
u64,branchlut,bylength,,18,6.583189
u64,branchlut2,bylength,,18,6.736356
u64,countlut,bylength,,18,6.972498
u64,fmt,bylength,,18,5.693932
u64,jeaiii,bylength,,18,5.353804
u64,naive,bylength,,18,15.030156
u64,null,bylength,,18,0.753566
u64,sse2,bylength,,18,2.639752
u64,tmueller,bylength,,18,5.246743
u64,unrolledlut,bylength,,18,5.125639
u64,yy,bylength,,18,3.551804
u64,zmij_scalar,bylength,,18,4.905246
u64,zmij_x64_native,bylength,,18,2.145540
u64,zmij_x64_v1,bylength,,18,3.379207
u64,zmij_x64_v2,bylength,,18,2.366948
u64,zmij_x64_v3,bylength,,18,2.206860
u64,zmij_x64_v3_nokernel,bylength,,18,2.219357
u64,zmij_x64_v4,bylength,,18,2.126081
u64,amartin,bylength,,19,4.463631
u64,branchlut,bylength,,19,7.293040
u64,branchlut2,bylength,,19,7.582680
u64,countlut,bylength,,19,7.420916
u64,fmt,bylength,,19,6.386580
u64,jeaiii,bylength,,19,4.097251
u64,naive,bylength,,19,16.025475
u64,null,bylength,,19,0.980371
u64,sse2,bylength,,19,2.985952
u64,tmueller,bylength,,19,5.948495
u64,unrolledlut,bylength,,19,3.744600
u64,yy,bylength,,19,4.048664
u64,zmij_scalar,bylength,,19,4.919293
u64,zmij_x64_native,bylength,,19,2.146262
u64,zmij_x64_v1,bylength,,19,3.385857
u64,zmij_x64_v2,bylength,,19,2.374691
u64,zmij_x64_v3,bylength,,19,2.215252
u64,zmij_x64_v3_nokernel,bylength,,19,2.223032
u64,zmij_x64_v4,bylength,,19,2.136891
u64,amartin,bylength,,20,4.480842
u64,branchlut,bylength,,20,7.816567
u64,branchlut2,bylength,,20,7.824008
u64,countlut,bylength,,20,7.611877
u64,fmt,bylength,,20,6.479234
u64,jeaiii,bylength,,20,4.274475
u64,naive,bylength,,20,17.203654
u64,null,bylength,,20,0.961875
u64,sse2,bylength,,20,3.142216
u64,tmueller,bylength,,20,6.015754
u64,unrolledlut,bylength,,20,3.832962
u64,yy,bylength,,20,4.173459
u64,zmij_scalar,bylength,,20,5.117980
u64,zmij_x64_native,bylength,,20,2.222590
u64,zmij_x64_v1,bylength,,20,3.433349
u64,zmij_x64_v2,bylength,,20,2.391479
u64,zmij_x64_v3,bylength,,20,2.294528
u64,zmij_x64_v3_nokernel,bylength,,20,2.323372
u64,zmij_x64_v4,bylength,,20,2.186727
u64,amartin,loguniform,1-20,20,9.065780
u64,branchlut,loguniform,1-20,20,10.997225
u64,branchlut2,loguniform,1-20,20,12.037971
u64,countlut,loguniform,1-20,20,11.270974
u64,fmt,loguniform,1-20,20,11.524722
u64,jeaiii,loguniform,1-20,20,11.578254
u64,naive,loguniform,1-20,20,16.265114
u64,null,loguniform,1-20,20,0.783765
u64,sse2,loguniform,1-20,20,13.914547
u64,tmueller,loguniform,1-20,20,11.571276
u64,unrolledlut,loguniform,1-20,20,11.017481
u64,yy,loguniform,1-20,20,8.533664
u64,zmij_scalar,loguniform,1-20,20,4.883493
u64,zmij_x64_native,loguniform,1-20,20,2.184651
u64,zmij_x64_v1,loguniform,1-20,20,3.454686
u64,zmij_x64_v2,loguniform,1-20,20,2.410170
u64,zmij_x64_v3,loguniform,1-20,20,2.259524
u64,zmij_x64_v3_nokernel,loguniform,1-20,20,2.252218
u64,zmij_x64_v4,loguniform,1-20,20,2.166457
u64,amartin,loguniform,1-4,4,3.657773
u64,branchlut,loguniform,1-4,4,5.532749
u64,branchlut2,loguniform,1-4,4,6.144464
u64,countlut,loguniform,1-4,4,6.456859
u64,fmt,loguniform,1-4,4,6.320816
u64,jeaiii,loguniform,1-4,4,6.185406
u64,naive,loguniform,1-4,4,7.257684
u64,null,loguniform,1-4,4,1.064713
u64,sse2,loguniform,1-4,4,5.457855
u64,tmueller,loguniform,1-4,4,5.706812
u64,unrolledlut,loguniform,1-4,4,6.436618
u64,yy,loguniform,1-4,4,3.783079
u64,zmij_scalar,loguniform,1-4,4,4.712252
u64,zmij_x64_native,loguniform,1-4,4,2.217445
u64,zmij_x64_v1,loguniform,1-4,4,3.481652
u64,zmij_x64_v2,loguniform,1-4,4,2.426567
u64,zmij_x64_v3,loguniform,1-4,4,2.250502
u64,zmij_x64_v3_nokernel,loguniform,1-4,4,2.267222
u64,zmij_x64_v4,loguniform,1-4,4,2.174422
u64,amartin,uniform,0-255,0,3.082712
u64,branchlut,uniform,0-255,0,3.290540
u64,branchlut2,uniform,0-255,0,3.301094
u64,countlut,uniform,0-255,0,3.347119
u64,fmt,uniform,0-255,0,3.497759
u64,jeaiii,uniform,0-255,0,3.288902
u64,naive,uniform,0-255,0,5.455945
u64,null,uniform,0-255,0,0.810315
u64,sse2,uniform,0-255,0,3.519176
u64,tmueller,uniform,0-255,0,3.261011
u64,unrolledlut,uniform,0-255,0,3.812995
u64,yy,uniform,0-255,0,3.381377
u64,zmij_scalar,uniform,0-255,0,4.621335
u64,zmij_x64_native,uniform,0-255,0,2.142178
u64,zmij_x64_v1,uniform,0-255,0,3.377883
u64,zmij_x64_v2,uniform,0-255,0,2.363225
u64,zmij_x64_v3,uniform,0-255,0,2.206971
u64,zmij_x64_v3_nokernel,uniform,0-255,0,2.211612
u64,zmij_x64_v4,uniform,0-255,0,2.119244
u64,amartin,unpredictable,,1,2.595662
u64,branchlut,unpredictable,,1,2.738151
u64,branchlut2,unpredictable,,1,2.462022
u64,countlut,unpredictable,,1,3.885428
u64,fmt,unpredictable,,1,5.730627
u64,jeaiii,unpredictable,,1,2.998258
u64,naive,unpredictable,,1,6.050463
u64,null,unpredictable,,1,0.767964
u64,sse2,unpredictable,,1,2.216972
u64,tmueller,unpredictable,,1,6.654145
u64,unrolledlut,unpredictable,,1,2.851040
u64,yy,unpredictable,,1,3.076414
u64,zmij_scalar,unpredictable,,1,4.639868
u64,zmij_x64_native,unpredictable,,1,2.155116
u64,zmij_x64_v1,unpredictable,,1,3.418297
u64,zmij_x64_v2,unpredictable,,1,2.380300
u64,zmij_x64_v3,unpredictable,,1,2.223675
u64,zmij_x64_v3_nokernel,unpredictable,,1,2.234060
u64,zmij_x64_v4,unpredictable,,1,2.128836
u64,amartin,unpredictable,,2,2.435494
u64,branchlut,unpredictable,,2,2.790300
u64,branchlut2,unpredictable,,2,2.705473
u64,countlut,unpredictable,,2,3.989831
u64,fmt,unpredictable,,2,5.957863
u64,jeaiii,unpredictable,,2,3.087084
u64,naive,unpredictable,,2,6.915539
u64,null,unpredictable,,2,0.858230
u64,sse2,unpredictable,,2,2.502359
u64,tmueller,unpredictable,,2,6.057236
u64,unrolledlut,unpredictable,,2,2.662233
u64,yy,unpredictable,,2,3.085930
u64,zmij_scalar,unpredictable,,2,4.607175
u64,zmij_x64_native,unpredictable,,2,2.207853
u64,zmij_x64_v1,unpredictable,,2,3.427809
u64,zmij_x64_v2,unpredictable,,2,2.373191
u64,zmij_x64_v3,unpredictable,,2,2.365750
u64,zmij_x64_v3_nokernel,unpredictable,,2,2.281963
u64,zmij_x64_v4,unpredictable,,2,2.257849
u64,amartin,unpredictable,,3,2.142369
u64,branchlut,unpredictable,,3,2.746364
u64,branchlut2,unpredictable,,3,2.413893
u64,countlut,unpredictable,,3,3.171561
u64,fmt,unpredictable,,3,4.399611
u64,jeaiii,unpredictable,,3,1.947568
u64,naive,unpredictable,,3,6.933958
u64,null,unpredictable,,3,0.816062
u64,sse2,unpredictable,,3,2.632285
u64,tmueller,unpredictable,,3,4.199963
u64,unrolledlut,unpredictable,,3,2.136164
u64,yy,unpredictable,,3,2.843823
u64,zmij_scalar,unpredictable,,3,4.795050
u64,zmij_x64_native,unpredictable,,3,2.279520
u64,zmij_x64_v1,unpredictable,,3,3.533452
u64,zmij_x64_v2,unpredictable,,3,2.559408
u64,zmij_x64_v3,unpredictable,,3,2.403338
u64,zmij_x64_v3_nokernel,unpredictable,,3,2.407824
u64,zmij_x64_v4,unpredictable,,3,2.445663
u64,amartin,unpredictable,,4,2.417317
u64,branchlut,unpredictable,,4,3.117523
u64,branchlut2,unpredictable,,4,2.889256
u64,countlut,unpredictable,,4,3.358103
u64,fmt,unpredictable,,4,4.191058
u64,jeaiii,unpredictable,,4,2.264092
u64,naive,unpredictable,,4,7.608643
u64,null,unpredictable,,4,0.943776
u64,sse2,unpredictable,,4,2.548021
u64,tmueller,unpredictable,,4,4.088463
u64,unrolledlut,unpredictable,,4,2.159047
u64,yy,unpredictable,,4,2.812302
u64,zmij_scalar,unpredictable,,4,4.561360
u64,zmij_x64_native,unpredictable,,4,2.175631
u64,zmij_x64_v1,unpredictable,,4,3.361972
u64,zmij_x64_v2,unpredictable,,4,2.488517
u64,zmij_x64_v3,unpredictable,,4,2.222672
u64,zmij_x64_v3_nokernel,unpredictable,,4,2.199072
u64,zmij_x64_v4,unpredictable,,4,2.291221
u64,amartin,unpredictable,,5,1.947180
u64,branchlut,unpredictable,,5,3.055418
u64,branchlut2,unpredictable,,5,3.175125
u64,countlut,unpredictable,,5,3.212585
u64,fmt,unpredictable,,5,4.429470
u64,jeaiii,unpredictable,,5,2.169405
u64,naive,unpredictable,,5,7.733272
u64,null,unpredictable,,5,0.921772
u64,sse2,unpredictable,,5,2.760535
u64,tmueller,unpredictable,,5,4.743195
u64,unrolledlut,unpredictable,,5,2.283656
u64,yy,unpredictable,,5,2.425645
u64,zmij_scalar,unpredictable,,5,4.613778
u64,zmij_x64_native,unpredictable,,5,2.162489
u64,zmij_x64_v1,unpredictable,,5,3.365746
u64,zmij_x64_v2,unpredictable,,5,2.375631
u64,zmij_x64_v3,unpredictable,,5,2.207662
u64,zmij_x64_v3_nokernel,unpredictable,,5,2.219060
u64,zmij_x64_v4,unpredictable,,5,2.134613
u64,amartin,unpredictable,,6,1.914589
u64,branchlut,unpredictable,,6,3.346189
u64,branchlut2,unpredictable,,6,3.135760
u64,countlut,unpredictable,,6,3.323697
u64,fmt,unpredictable,,6,4.429694
u64,jeaiii,unpredictable,,6,2.209846
u64,naive,unpredictable,,6,8.281352
u64,null,unpredictable,,6,0.862474
u64,sse2,unpredictable,,6,2.805723
u64,tmueller,unpredictable,,6,4.526239
u64,unrolledlut,unpredictable,,6,2.287826
u64,yy,unpredictable,,6,2.411360
u64,zmij_scalar,unpredictable,,6,4.590712
u64,zmij_x64_native,unpredictable,,6,2.166181
u64,zmij_x64_v1,unpredictable,,6,3.371990
u64,zmij_x64_v2,unpredictable,,6,2.352447
u64,zmij_x64_v3,unpredictable,,6,2.232871
u64,zmij_x64_v3_nokernel,unpredictable,,6,2.219657
u64,zmij_x64_v4,unpredictable,,6,2.155681
u64,amartin,unpredictable,,7,2.668664
u64,branchlut,unpredictable,,7,3.746855
u64,branchlut2,unpredictable,,7,3.920170
u64,countlut,unpredictable,,7,4.364280
u64,fmt,unpredictable,,7,4.850666
u64,jeaiii,unpredictable,,7,2.422008
u64,naive,unpredictable,,7,8.715113
u64,null,unpredictable,,7,0.922460
u64,sse2,unpredictable,,7,3.194276
u64,tmueller,unpredictable,,7,4.167008
u64,unrolledlut,unpredictable,,7,3.169105
u64,yy,unpredictable,,7,2.926715
u64,zmij_scalar,unpredictable,,7,4.647199
u64,zmij_x64_native,unpredictable,,7,2.137775
u64,zmij_x64_v1,unpredictable,,7,3.326026
u64,zmij_x64_v2,unpredictable,,7,2.343461
u64,zmij_x64_v3,unpredictable,,7,2.205741
u64,zmij_x64_v3_nokernel,unpredictable,,7,2.229957
u64,zmij_x64_v4,unpredictable,,7,2.131020
u64,amartin,unpredictable,,8,2.692642
u64,branchlut,unpredictable,,8,3.951436
u64,branchlut2,unpredictable,,8,4.017236
u64,countlut,unpredictable,,8,4.261088
u64,fmt,unpredictable,,8,4.925014
u64,jeaiii,unpredictable,,8,2.816010
u64,naive,unpredictable,,8,8.717301
u64,null,unpredictable,,8,0.823727
u64,sse2,unpredictable,,8,3.596636
u64,tmueller,unpredictable,,8,4.808594
u64,unrolledlut,unpredictable,,8,3.348009
u64,yy,unpredictable,,8,2.942957
u64,zmij_scalar,unpredictable,,8,4.606451
u64,zmij_x64_native,unpredictable,,8,2.156105
u64,zmij_x64_v1,unpredictable,,8,3.367739
u64,zmij_x64_v2,unpredictable,,8,2.425110
u64,zmij_x64_v3,unpredictable,,8,2.205549
u64,zmij_x64_v3_nokernel,unpredictable,,8,2.256580
u64,zmij_x64_v4,unpredictable,,8,2.141300
u64,amartin,unpredictable,,9,4.752898
u64,branchlut,unpredictable,,9,5.349628
u64,branchlut2,unpredictable,,9,4.822215
u64,countlut,unpredictable,,9,5.775571
u64,fmt,unpredictable,,9,5.886635
u64,jeaiii,unpredictable,,9,3.719163
u64,naive,unpredictable,,9,8.978269
u64,null,unpredictable,,9,0.753767
u64,sse2,unpredictable,,9,4.976731
u64,tmueller,unpredictable,,9,4.217206
u64,unrolledlut,unpredictable,,9,4.112343
u64,yy,unpredictable,,9,3.094963
u64,zmij_scalar,unpredictable,,9,4.871385
u64,zmij_x64_native,unpredictable,,9,2.167336
u64,zmij_x64_v1,unpredictable,,9,3.409665
u64,zmij_x64_v2,unpredictable,,9,2.372893
u64,zmij_x64_v3,unpredictable,,9,2.218194
u64,zmij_x64_v3_nokernel,unpredictable,,9,2.212504
u64,zmij_x64_v4,unpredictable,,9,2.144309
u64,amartin,unpredictable,,10,7.631042
u64,branchlut,unpredictable,,10,4.731557
u64,branchlut2,unpredictable,,10,4.267956
u64,countlut,unpredictable,,10,5.624996
u64,fmt,unpredictable,,10,5.445811
u64,jeaiii,unpredictable,,10,6.331505
u64,naive,unpredictable,,10,10.022131
u64,null,unpredictable,,10,0.922011
u64,sse2,unpredictable,,10,5.019397
u64,tmueller,unpredictable,,10,4.240366
u64,unrolledlut,unpredictable,,10,7.312349
u64,yy,unpredictable,,10,3.344997
u64,zmij_scalar,unpredictable,,10,4.959970
u64,zmij_x64_native,unpredictable,,10,2.255792
u64,zmij_x64_v1,unpredictable,,10,3.516564
u64,zmij_x64_v2,unpredictable,,10,2.540487
u64,zmij_x64_v3,unpredictable,,10,2.306861
u64,zmij_x64_v3_nokernel,unpredictable,,10,2.374671
u64,zmij_x64_v4,unpredictable,,10,2.270239
u64,amartin,unpredictable,,11,3.192947
u64,branchlut,unpredictable,,11,4.753183
u64,branchlut2,unpredictable,,11,4.055916
u64,countlut,unpredictable,,11,4.485345
u64,fmt,unpredictable,,11,4.840873
u64,jeaiii,unpredictable,,11,2.619870
u64,naive,unpredictable,,11,10.560679
u64,null,unpredictable,,11,0.741710
u64,sse2,unpredictable,,11,4.960211
u64,tmueller,unpredictable,,11,4.287441
u64,unrolledlut,unpredictable,,11,2.829936
u64,yy,unpredictable,,11,2.977052
u64,zmij_scalar,unpredictable,,11,4.759989
u64,zmij_x64_native,unpredictable,,11,2.223927
u64,zmij_x64_v1,unpredictable,,11,3.404481
u64,zmij_x64_v2,unpredictable,,11,2.387510
u64,zmij_x64_v3,unpredictable,,11,2.213458
u64,zmij_x64_v3_nokernel,unpredictable,,11,2.226032
u64,zmij_x64_v4,unpredictable,,11,2.141202
u64,amartin,unpredictable,,12,3.158600
u64,branchlut,unpredictable,,12,5.119863
u64,branchlut2,unpredictable,,12,4.357021
u64,countlut,unpredictable,,12,4.745799
u64,fmt,unpredictable,,12,4.828447
u64,jeaiii,unpredictable,,12,2.646260
u64,naive,unpredictable,,12,11.511708
u64,null,unpredictable,,12,0.850479
u64,sse2,unpredictable,,12,4.951260
u64,tmueller,unpredictable,,12,4.342635
u64,unrolledlut,unpredictable,,12,2.780275
u64,yy,unpredictable,,12,3.026854
u64,zmij_scalar,unpredictable,,12,4.745843
u64,zmij_x64_native,unpredictable,,12,2.191999
u64,zmij_x64_v1,unpredictable,,12,3.368073
u64,zmij_x64_v2,unpredictable,,12,2.369923
u64,zmij_x64_v3,unpredictable,,12,2.195379
u64,zmij_x64_v3_nokernel,unpredictable,,12,2.274855
u64,zmij_x64_v4,unpredictable,,12,2.166206
u64,amartin,unpredictable,,13,3.226530
u64,branchlut,unpredictable,,13,5.360175
u64,branchlut2,unpredictable,,13,5.392372
u64,countlut,unpredictable,,13,4.784176
u64,fmt,unpredictable,,13,5.075376
u64,jeaiii,unpredictable,,13,2.850454
u64,naive,unpredictable,,13,12.600533
u64,null,unpredictable,,13,0.846734
u64,sse2,unpredictable,,13,5.083403
u64,tmueller,unpredictable,,13,4.610565
u64,unrolledlut,unpredictable,,13,3.171274
u64,yy,unpredictable,,13,2.987144
u64,zmij_scalar,unpredictable,,13,4.745751
u64,zmij_x64_native,unpredictable,,13,2.143059
u64,zmij_x64_v1,unpredictable,,13,3.377659
u64,zmij_x64_v2,unpredictable,,13,2.372779
u64,zmij_x64_v3,unpredictable,,13,2.198845
u64,zmij_x64_v3_nokernel,unpredictable,,13,2.216604
u64,zmij_x64_v4,unpredictable,,13,2.131377
u64,amartin,unpredictable,,14,3.222055
u64,branchlut,unpredictable,,14,5.745280
u64,branchlut2,unpredictable,,14,5.193627
u64,countlut,unpredictable,,14,4.958636
u64,fmt,unpredictable,,14,5.095886
u64,jeaiii,unpredictable,,14,2.870931
u64,naive,unpredictable,,14,13.266514
u64,null,unpredictable,,14,0.951079
u64,sse2,unpredictable,,14,5.033544
u64,tmueller,unpredictable,,14,4.523563
u64,unrolledlut,unpredictable,,14,3.174266
u64,yy,unpredictable,,14,2.961978
u64,zmij_scalar,unpredictable,,14,4.752458
u64,zmij_x64_native,unpredictable,,14,2.170254
u64,zmij_x64_v1,unpredictable,,14,3.370407
u64,zmij_x64_v2,unpredictable,,14,2.369630
u64,zmij_x64_v3,unpredictable,,14,2.231117
u64,zmij_x64_v3_nokernel,unpredictable,,14,2.178790
u64,zmij_x64_v4,unpredictable,,14,2.151943
u64,amartin,unpredictable,,15,4.807442
u64,branchlut,unpredictable,,15,7.401412
u64,branchlut2,unpredictable,,15,5.935198
u64,countlut,unpredictable,,15,5.161392
u64,fmt,unpredictable,,15,5.429524
u64,jeaiii,unpredictable,,15,3.412442
u64,naive,unpredictable,,15,13.991350
u64,null,unpredictable,,15,0.802252
u64,sse2,unpredictable,,15,4.695862
u64,tmueller,unpredictable,,15,4.756897
u64,unrolledlut,unpredictable,,15,4.023833
u64,yy,unpredictable,,15,3.362446
u64,zmij_scalar,unpredictable,,15,4.901381
u64,zmij_x64_native,unpredictable,,15,2.150545
u64,zmij_x64_v1,unpredictable,,15,3.396914
u64,zmij_x64_v2,unpredictable,,15,2.414577
u64,zmij_x64_v3,unpredictable,,15,2.212531
u64,zmij_x64_v3_nokernel,unpredictable,,15,2.201069
u64,zmij_x64_v4,unpredictable,,15,2.121265
u64,amartin,unpredictable,,16,4.104128
u64,branchlut,unpredictable,,16,6.851621
u64,branchlut2,unpredictable,,16,6.484309
u64,countlut,unpredictable,,16,6.248840
u64,fmt,unpredictable,,16,6.155905
u64,jeaiii,unpredictable,,16,4.056303
u64,naive,unpredictable,,16,13.806214
u64,null,unpredictable,,16,0.839194
u64,sse2,unpredictable,,16,4.765245
u64,tmueller,unpredictable,,16,5.426273
u64,unrolledlut,unpredictable,,16,4.181250
u64,yy,unpredictable,,16,3.404001
u64,zmij_scalar,unpredictable,,16,4.742384
u64,zmij_x64_native,unpredictable,,16,2.142630
u64,zmij_x64_v1,unpredictable,,16,3.360824
u64,zmij_x64_v2,unpredictable,,16,2.364804
u64,zmij_x64_v3,unpredictable,,16,2.200176
u64,zmij_x64_v3_nokernel,unpredictable,,16,2.229290
u64,zmij_x64_v4,unpredictable,,16,2.143156
u64,amartin,unpredictable,,17,5.126503
u64,branchlut,unpredictable,,17,7.099070
u64,branchlut2,unpredictable,,17,7.007982
u64,countlut,unpredictable,,17,7.534296
u64,fmt,unpredictable,,17,5.704898
u64,jeaiii,unpredictable,,17,3.887686
u64,naive,unpredictable,,17,14.161053
u64,null,unpredictable,,17,0.765729
u64,sse2,unpredictable,,17,3.522021
u64,tmueller,unpredictable,,17,5.010065
u64,unrolledlut,unpredictable,,17,4.995815
u64,yy,unpredictable,,17,4.255029
u64,zmij_scalar,unpredictable,,17,4.841523
u64,zmij_x64_native,unpredictable,,17,2.141121
u64,zmij_x64_v1,unpredictable,,17,3.379484
u64,zmij_x64_v2,unpredictable,,17,2.392766
u64,zmij_x64_v3,unpredictable,,17,2.217050
u64,zmij_x64_v3_nokernel,unpredictable,,17,2.219501
u64,zmij_x64_v4,unpredictable,,17,2.141512
u64,amartin,unpredictable,,18,7.660317
u64,branchlut,unpredictable,,18,6.962201
u64,branchlut2,unpredictable,,18,6.878252
u64,countlut,unpredictable,,18,7.769654
u64,fmt,unpredictable,,18,5.820108
u64,jeaiii,unpredictable,,18,7.230282
u64,naive,unpredictable,,18,15.412860
u64,null,unpredictable,,18,0.801277
u64,sse2,unpredictable,,18,3.441996
u64,tmueller,unpredictable,,18,5.497243
u64,unrolledlut,unpredictable,,18,7.804051
u64,yy,unpredictable,,18,4.286796
u64,zmij_scalar,unpredictable,,18,4.862025
u64,zmij_x64_native,unpredictable,,18,2.148717
u64,zmij_x64_v1,unpredictable,,18,3.401206
u64,zmij_x64_v2,unpredictable,,18,2.373259
u64,zmij_x64_v3,unpredictable,,18,2.219558
u64,zmij_x64_v3_nokernel,unpredictable,,18,2.207816
u64,zmij_x64_v4,unpredictable,,18,2.141360
u64,amartin,unpredictable,,19,5.244332
u64,branchlut,unpredictable,,19,7.686177
u64,branchlut2,unpredictable,,19,7.620655
u64,countlut,unpredictable,,19,8.091345
u64,fmt,unpredictable,,19,6.965882
u64,jeaiii,unpredictable,,19,5.298494
u64,naive,unpredictable,,19,16.591344
u64,null,unpredictable,,19,1.147326
u64,sse2,unpredictable,,19,3.754254
u64,tmueller,unpredictable,,19,6.278435
u64,unrolledlut,unpredictable,,19,4.916695
u64,yy,unpredictable,,19,4.813991
u64,zmij_scalar,unpredictable,,19,4.855355
u64,zmij_x64_native,unpredictable,,19,2.159317
u64,zmij_x64_v1,unpredictable,,19,3.390890
u64,zmij_x64_v2,unpredictable,,19,2.356632
u64,zmij_x64_v3,unpredictable,,19,2.243210
u64,zmij_x64_v3_nokernel,unpredictable,,19,2.218755
u64,zmij_x64_v4,unpredictable,,19,2.156665
u64,amartin,unpredictable,,20,5.090051
u64,branchlut,unpredictable,,20,8.134145
u64,branchlut2,unpredictable,,20,7.789133
u64,countlut,unpredictable,,20,9.700282
u64,fmt,unpredictable,,20,7.166515
u64,jeaiii,unpredictable,,20,5.687090
u64,naive,unpredictable,,20,18.008145
u64,null,unpredictable,,20,0.813306
u64,sse2,unpredictable,,20,4.000809
u64,tmueller,unpredictable,,20,5.789746
u64,unrolledlut,unpredictable,,20,4.549042
u64,yy,unpredictable,,20,4.714010
u64,zmij_scalar,unpredictable,,20,4.951623
u64,zmij_x64_native,unpredictable,,20,2.164854
u64,zmij_x64_v1,unpredictable,,20,3.322525
u64,zmij_x64_v2,unpredictable,,20,2.374466
u64,zmij_x64_v3,unpredictable,,20,2.212046
u64,zmij_x64_v3_nokernel,unpredictable,,20,2.198947
u64,zmij_x64_v4,unpredictable,,20,2.123204
u64,amartin,admixture,5x6,0,1.538260
u64,branchlut,admixture,5x6,0,2.214180
u64,branchlut2,admixture,5x6,0,1.948995
u64,countlut,admixture,5x6,0,2.090193
u64,fmt,admixture,5x6,0,1.900399
u64,jeaiii,admixture,5x6,0,1.324312
u64,naive,admixture,5x6,0,5.562551
u64,null,admixture,5x6,0,0.841311
u64,sse2,admixture,5x6,0,2.179688
u64,tmueller,admixture,5x6,0,1.793133
u64,unrolledlut,admixture,5x6,0,1.605031
u64,yy,admixture,5x6,0,1.428707
u64,zmij_scalar,admixture,5x6,0,4.704240
u64,zmij_x64_native,admixture,5x6,0,2.188258
u64,zmij_x64_v1,admixture,5x6,0,3.471611
u64,zmij_x64_v2,admixture,5x6,0,2.419029
u64,zmij_x64_v3,admixture,5x6,0,2.250417
u64,zmij_x64_v3_nokernel,admixture,5x6,0,2.279021
u64,zmij_x64_v4,admixture,5x6,0,2.188394
u64,amartin,admixture,5x6,10,1.539772
u64,branchlut,admixture,5x6,10,2.692356
u64,branchlut2,admixture,5x6,10,2.424492
u64,countlut,admixture,5x6,10,2.683474
u64,fmt,admixture,5x6,10,2.590898
u64,jeaiii,admixture,5x6,10,1.919263
u64,naive,admixture,5x6,10,6.166506
u64,null,admixture,5x6,10,1.005847
u64,sse2,admixture,5x6,10,2.662267
u64,tmueller,admixture,5x6,10,2.564998
u64,unrolledlut,admixture,5x6,10,2.335996
u64,yy,admixture,5x6,10,1.423087
u64,zmij_scalar,admixture,5x6,10,4.680821
u64,zmij_x64_native,admixture,5x6,10,2.183743
u64,zmij_x64_v1,admixture,5x6,10,3.449867
u64,zmij_x64_v2,admixture,5x6,10,2.414711
u64,zmij_x64_v3,admixture,5x6,10,2.266698
u64,zmij_x64_v3_nokernel,admixture,5x6,10,2.284401
u64,zmij_x64_v4,admixture,5x6,10,2.192467
u64,amartin,admixture,5x6,20,1.502030
u64,branchlut,admixture,5x6,20,3.061172
u64,branchlut2,admixture,5x6,20,2.892377
u64,countlut,admixture,5x6,20,3.155350
u64,fmt,admixture,5x6,20,3.113983
u64,jeaiii,admixture,5x6,20,2.430237
u64,naive,admixture,5x6,20,6.607914
u64,null,admixture,5x6,20,1.001913
u64,sse2,admixture,5x6,20,3.043493
u64,tmueller,admixture,5x6,20,3.148779
u64,unrolledlut,admixture,5x6,20,2.994752
u64,yy,admixture,5x6,20,1.416121
u64,zmij_scalar,admixture,5x6,20,4.658086
u64,zmij_x64_native,admixture,5x6,20,2.212666
u64,zmij_x64_v1,admixture,5x6,20,3.457460
u64,zmij_x64_v2,admixture,5x6,20,2.406940
u64,zmij_x64_v3,admixture,5x6,20,2.239918
u64,zmij_x64_v3_nokernel,admixture,5x6,20,2.300438
u64,zmij_x64_v4,admixture,5x6,20,2.172624
u64,amartin,admixture,5x6,30,1.506292
u64,branchlut,admixture,5x6,30,3.376242
u64,branchlut2,admixture,5x6,30,3.425213
u64,countlut,admixture,5x6,30,3.604207
u64,fmt,admixture,5x6,30,3.679952
u64,jeaiii,admixture,5x6,30,3.029906
u64,naive,admixture,5x6,30,7.096752
u64,null,admixture,5x6,30,0.740948
u64,sse2,admixture,5x6,30,3.448914
u64,tmueller,admixture,5x6,30,3.745042
u64,unrolledlut,admixture,5x6,30,3.329524
u64,yy,admixture,5x6,30,1.354127
u64,zmij_scalar,admixture,5x6,30,4.614681
u64,zmij_x64_native,admixture,5x6,30,2.142090
u64,zmij_x64_v1,admixture,5x6,30,3.365304
u64,zmij_x64_v2,admixture,5x6,30,2.359379
u64,zmij_x64_v3,admixture,5x6,30,2.202595
u64,zmij_x64_v3_nokernel,admixture,5x6,30,2.207415
u64,zmij_x64_v4,admixture,5x6,30,2.122930
u64,amartin,admixture,5x6,40,1.508305
u64,branchlut,admixture,5x6,40,3.702253
u64,branchlut2,admixture,5x6,40,3.998735
u64,countlut,admixture,5x6,40,4.060982
u64,fmt,admixture,5x6,40,4.370353
u64,jeaiii,admixture,5x6,40,3.637534
u64,naive,admixture,5x6,40,7.694097
u64,null,admixture,5x6,40,0.781826
u64,sse2,admixture,5x6,40,3.885454
u64,tmueller,admixture,5x6,40,4.277531
u64,unrolledlut,admixture,5x6,40,3.844397
u64,yy,admixture,5x6,40,1.350953
u64,zmij_scalar,admixture,5x6,40,4.600821
u64,zmij_x64_native,admixture,5x6,40,2.148059
u64,zmij_x64_v1,admixture,5x6,40,3.373486
u64,zmij_x64_v2,admixture,5x6,40,2.356670
u64,zmij_x64_v3,admixture,5x6,40,2.202901
u64,zmij_x64_v3_nokernel,admixture,5x6,40,2.204637
u64,zmij_x64_v4,admixture,5x6,40,2.130629
u64,amartin,admixture,5x6,50,1.513608
u64,branchlut,admixture,5x6,50,3.912035
u64,branchlut2,admixture,5x6,50,4.278319
u64,countlut,admixture,5x6,50,4.331864
u64,fmt,admixture,5x6,50,4.880656
u64,jeaiii,admixture,5x6,50,3.976604
u64,naive,admixture,5x6,50,8.079500
u64,null,admixture,5x6,50,0.749177
u64,sse2,admixture,5x6,50,4.111636
u64,tmueller,admixture,5x6,50,4.646956
u64,unrolledlut,admixture,5x6,50,4.057091
u64,yy,admixture,5x6,50,1.362394
u64,zmij_scalar,admixture,5x6,50,4.616618
u64,zmij_x64_native,admixture,5x6,50,2.143004
u64,zmij_x64_v1,admixture,5x6,50,3.378920
u64,zmij_x64_v2,admixture,5x6,50,2.367157
u64,zmij_x64_v3,admixture,5x6,50,2.211041
u64,zmij_x64_v3_nokernel,admixture,5x6,50,2.206338
u64,zmij_x64_v4,admixture,5x6,50,2.118788
u64,amartin,admixture,5x6,60,1.507226
u64,branchlut,admixture,5x6,60,3.732646
u64,branchlut2,admixture,5x6,60,3.952658
u64,countlut,admixture,5x6,60,4.276577
u64,fmt,admixture,5x6,60,4.636971
u64,jeaiii,admixture,5x6,60,3.696652
u64,naive,admixture,5x6,60,7.725400
u64,null,admixture,5x6,60,1.083895
u64,sse2,admixture,5x6,60,3.822099
u64,tmueller,admixture,5x6,60,4.452427
u64,unrolledlut,admixture,5x6,60,4.012196
u64,yy,admixture,5x6,60,1.361072
u64,zmij_scalar,admixture,5x6,60,4.624702
u64,zmij_x64_native,admixture,5x6,60,2.143590
u64,zmij_x64_v1,admixture,5x6,60,3.379303
u64,zmij_x64_v2,admixture,5x6,60,2.370186
u64,zmij_x64_v3,admixture,5x6,60,2.208560
u64,zmij_x64_v3_nokernel,admixture,5x6,60,2.205378
u64,zmij_x64_v4,admixture,5x6,60,2.118805
u64,amartin,admixture,5x6,70,1.509911
u64,branchlut,admixture,5x6,70,3.288525
u64,branchlut2,admixture,5x6,70,3.409207
u64,countlut,admixture,5x6,70,3.594873
u64,fmt,admixture,5x6,70,3.764561
u64,jeaiii,admixture,5x6,70,3.063208
u64,naive,admixture,5x6,70,6.885890
u64,null,admixture,5x6,70,0.778100
u64,sse2,admixture,5x6,70,3.367140
u64,tmueller,admixture,5x6,70,3.723093
u64,unrolledlut,admixture,5x6,70,3.184078
u64,yy,admixture,5x6,70,1.356218
u64,zmij_scalar,admixture,5x6,70,4.630478
u64,zmij_x64_native,admixture,5x6,70,2.147713
u64,zmij_x64_v1,admixture,5x6,70,3.375964
u64,zmij_x64_v2,admixture,5x6,70,2.363648
u64,zmij_x64_v3,admixture,5x6,70,2.202918
u64,zmij_x64_v3_nokernel,admixture,5x6,70,2.216144
u64,zmij_x64_v4,admixture,5x6,70,2.135989
u64,amartin,admixture,5x6,80,1.515367
u64,branchlut,admixture,5x6,80,2.842344
u64,branchlut2,admixture,5x6,80,2.825198
u64,countlut,admixture,5x6,80,3.008972
u64,fmt,admixture,5x6,80,3.114299
u64,jeaiii,admixture,5x6,80,2.409540
u64,naive,admixture,5x6,80,6.152012
u64,null,admixture,5x6,80,0.921516
u64,sse2,admixture,5x6,80,2.902491
u64,tmueller,admixture,5x6,80,3.164801
u64,unrolledlut,admixture,5x6,80,2.723337
u64,yy,admixture,5x6,80,1.363983
u64,zmij_scalar,admixture,5x6,80,4.610831
u64,zmij_x64_native,admixture,5x6,80,2.142649
u64,zmij_x64_v1,admixture,5x6,80,3.366435
u64,zmij_x64_v2,admixture,5x6,80,2.358753
u64,zmij_x64_v3,admixture,5x6,80,2.208710
u64,zmij_x64_v3_nokernel,admixture,5x6,80,2.209618
u64,zmij_x64_v4,admixture,5x6,80,2.124270
u64,amartin,admixture,5x6,90,1.511246
u64,branchlut,admixture,5x6,90,2.459131
u64,branchlut2,admixture,5x6,90,2.379557
u64,countlut,admixture,5x6,90,2.483878
u64,fmt,admixture,5x6,90,2.497608
u64,jeaiii,admixture,5x6,90,1.885769
u64,naive,admixture,5x6,90,5.423781
u64,null,admixture,5x6,90,0.776635
u64,sse2,admixture,5x6,90,2.459088
u64,tmueller,admixture,5x6,90,2.469756
u64,unrolledlut,admixture,5x6,90,2.053565
u64,yy,admixture,5x6,90,1.360553
u64,zmij_scalar,admixture,5x6,90,4.609113
u64,zmij_x64_native,admixture,5x6,90,2.139154
u64,zmij_x64_v1,admixture,5x6,90,3.376083
u64,zmij_x64_v2,admixture,5x6,90,2.365991
u64,zmij_x64_v3,admixture,5x6,90,2.229681
u64,zmij_x64_v3_nokernel,admixture,5x6,90,2.212590
u64,zmij_x64_v4,admixture,5x6,90,2.127698
u64,amartin,admixture,5x6,100,1.657950
u64,branchlut,admixture,5x6,100,2.164142
u64,branchlut2,admixture,5x6,100,1.985294
u64,countlut,admixture,5x6,100,2.020522
u64,fmt,admixture,5x6,100,2.025565
u64,jeaiii,admixture,5x6,100,1.289812
u64,naive,admixture,5x6,100,4.736803
u64,null,admixture,5x6,100,0.780894
u64,sse2,admixture,5x6,100,2.009823
u64,tmueller,admixture,5x6,100,1.838222
u64,unrolledlut,admixture,5x6,100,1.527470
u64,yy,admixture,5x6,100,1.373789
u64,zmij_scalar,admixture,5x6,100,4.637316
u64,zmij_x64_native,admixture,5x6,100,2.140389
u64,zmij_x64_v1,admixture,5x6,100,3.373742
u64,zmij_x64_v2,admixture,5x6,100,2.384090
u64,zmij_x64_v3,admixture,5x6,100,2.221351
u64,zmij_x64_v3_nokernel,admixture,5x6,100,2.214450
u64,zmij_x64_v4,admixture,5x6,100,2.128909
i64,amartin,bylength,,1,0.926210
i64,branchlut,bylength,,1,3.863132
i64,branchlut2,bylength,,1,3.969893
i64,countlut,bylength,,1,4.294792
i64,fmt,bylength,,1,1.108142
i64,jeaiii,bylength,,1,3.562083
i64,naive,bylength,,1,5.082006
i64,null,bylength,,1,0.826026
i64,sse2,bylength,,1,3.694619
i64,tmueller,bylength,,1,0.829590
i64,unrolledlut,bylength,,1,4.345693
i64,yy,bylength,,1,1.203043
i64,zmij_scalar,bylength,,1,4.866086
i64,zmij_x64_native,bylength,,1,2.403637
i64,zmij_x64_v1,bylength,,1,3.732244
i64,zmij_x64_v2,bylength,,1,2.608011
i64,zmij_x64_v3,bylength,,1,2.407951
i64,zmij_x64_v3_nokernel,bylength,,1,2.486756
i64,zmij_x64_v4,bylength,,1,2.409081
i64,amartin,bylength,,2,0.917919
i64,branchlut,bylength,,2,4.273222
i64,branchlut2,bylength,,2,4.142259
i64,countlut,bylength,,2,4.337705
i64,fmt,bylength,,2,1.092480
i64,jeaiii,bylength,,2,4.135502
i64,naive,bylength,,2,5.563086
i64,null,bylength,,2,0.808235
i64,sse2,bylength,,2,3.684450
i64,tmueller,bylength,,2,1.459110
i64,unrolledlut,bylength,,2,4.433436
i64,yy,bylength,,2,1.223824
i64,zmij_scalar,bylength,,2,4.874271
i64,zmij_x64_native,bylength,,2,2.407428
i64,zmij_x64_v1,bylength,,2,3.745539
i64,zmij_x64_v2,bylength,,2,2.622073
i64,zmij_x64_v3,bylength,,2,2.400340
i64,zmij_x64_v3_nokernel,bylength,,2,2.494106
i64,zmij_x64_v4,bylength,,2,2.404838
i64,amartin,bylength,,3,1.378050
i64,branchlut,bylength,,3,4.282973
i64,branchlut2,bylength,,3,3.860413
i64,countlut,bylength,,3,4.442370
i64,fmt,bylength,,3,1.662252
i64,jeaiii,bylength,,3,4.258481
i64,naive,bylength,,3,6.114905
i64,null,bylength,,3,0.868654
i64,sse2,bylength,,3,3.888740
i64,tmueller,bylength,,3,1.687464
i64,unrolledlut,bylength,,3,4.649362
i64,yy,bylength,,3,1.441245
i64,zmij_scalar,bylength,,3,4.964447
i64,zmij_x64_native,bylength,,3,2.455369
i64,zmij_x64_v1,bylength,,3,3.838850
i64,zmij_x64_v2,bylength,,3,2.709723
i64,zmij_x64_v3,bylength,,3,2.445164
i64,zmij_x64_v3_nokernel,bylength,,3,2.533376
i64,zmij_x64_v4,bylength,,3,2.464522
i64,amartin,bylength,,4,1.374419
i64,branchlut,bylength,,4,4.243430
i64,branchlut2,bylength,,4,4.173542
i64,countlut,bylength,,4,4.114746
i64,fmt,bylength,,4,1.620053
i64,jeaiii,bylength,,4,4.453131
i64,naive,bylength,,4,6.702054
i64,null,bylength,,4,0.848549
i64,sse2,bylength,,4,3.869810
i64,tmueller,bylength,,4,1.704438
i64,unrolledlut,bylength,,4,4.494237
i64,yy,bylength,,4,1.378943
i64,zmij_scalar,bylength,,4,4.886181
i64,zmij_x64_native,bylength,,4,2.403866
i64,zmij_x64_v1,bylength,,4,3.751111
i64,zmij_x64_v2,bylength,,4,2.638208
i64,zmij_x64_v3,bylength,,4,2.409283
i64,zmij_x64_v3_nokernel,bylength,,4,2.499973
i64,zmij_x64_v4,bylength,,4,2.433347
i64,amartin,bylength,,5,1.782935
i64,branchlut,bylength,,5,4.319908
i64,branchlut2,bylength,,5,4.557585
i64,countlut,bylength,,5,4.776910
i64,fmt,bylength,,5,2.161206
i64,jeaiii,bylength,,5,4.516708
i64,naive,bylength,,5,7.208602
i64,null,bylength,,5,0.851867
i64,sse2,bylength,,5,4.283720
i64,tmueller,bylength,,5,2.205206
i64,unrolledlut,bylength,,5,4.701533
i64,yy,bylength,,5,1.605864
i64,zmij_scalar,bylength,,5,4.897036
i64,zmij_x64_native,bylength,,5,2.412730
i64,zmij_x64_v1,bylength,,5,3.747719
i64,zmij_x64_v2,bylength,,5,2.630208
i64,zmij_x64_v3,bylength,,5,2.417027
i64,zmij_x64_v3_nokernel,bylength,,5,2.489546
i64,zmij_x64_v4,bylength,,5,2.408068
i64,amartin,bylength,,6,1.788506
i64,branchlut,bylength,,6,4.976518
i64,branchlut2,bylength,,6,4.641777
i64,countlut,bylength,,6,4.715091
i64,fmt,bylength,,6,2.147805
i64,jeaiii,bylength,,6,4.554167
i64,naive,bylength,,6,7.763943
i64,null,bylength,,6,0.852062
i64,sse2,bylength,,6,4.661848
i64,tmueller,bylength,,6,2.156888
i64,unrolledlut,bylength,,6,4.712119
i64,yy,bylength,,6,1.622411
i64,zmij_scalar,bylength,,6,4.891656
i64,zmij_x64_native,bylength,,6,2.408865
i64,zmij_x64_v1,bylength,,6,3.756094
i64,zmij_x64_v2,bylength,,6,2.646165
i64,zmij_x64_v3,bylength,,6,2.399440
i64,zmij_x64_v3_nokernel,bylength,,6,2.502144
i64,zmij_x64_v4,bylength,,6,2.399846
i64,amartin,bylength,,7,2.341308
i64,branchlut,bylength,,7,5.009477
i64,branchlut2,bylength,,7,4.492960
i64,countlut,bylength,,7,4.977426
i64,fmt,bylength,,7,2.709802
i64,jeaiii,bylength,,7,4.634973
i64,naive,bylength,,7,8.405523
i64,null,bylength,,7,0.741921
i64,sse2,bylength,,7,4.714868
i64,tmueller,bylength,,7,2.721803
i64,unrolledlut,bylength,,7,4.619786
i64,yy,bylength,,7,1.968170
i64,zmij_scalar,bylength,,7,4.891688
i64,zmij_x64_native,bylength,,7,2.404207
i64,zmij_x64_v1,bylength,,7,3.744912
i64,zmij_x64_v2,bylength,,7,2.628390
i64,zmij_x64_v3,bylength,,7,2.403619
i64,zmij_x64_v3_nokernel,bylength,,7,2.481906
i64,zmij_x64_v4,bylength,,7,2.409792
i64,amartin,bylength,,8,2.338300
i64,branchlut,bylength,,8,4.989868
i64,branchlut2,bylength,,8,4.943071
i64,countlut,bylength,,8,5.061837
i64,fmt,bylength,,8,2.755553
i64,jeaiii,bylength,,8,4.686638
i64,naive,bylength,,8,8.217274
i64,null,bylength,,8,0.784180
i64,sse2,bylength,,8,4.743819
i64,tmueller,bylength,,8,2.716127
i64,unrolledlut,bylength,,8,4.684182
i64,yy,bylength,,8,1.966466
i64,zmij_scalar,bylength,,8,4.869808
i64,zmij_x64_native,bylength,,8,2.410009
i64,zmij_x64_v1,bylength,,8,3.747413
i64,zmij_x64_v2,bylength,,8,2.612394
i64,zmij_x64_v3,bylength,,8,2.412264
i64,zmij_x64_v3_nokernel,bylength,,8,2.488939
i64,zmij_x64_v4,bylength,,8,2.402035
i64,amartin,bylength,,9,2.711023
i64,branchlut,bylength,,9,6.343673
i64,branchlut2,bylength,,9,5.961883
i64,countlut,bylength,,9,6.226395
i64,fmt,bylength,,9,3.334570
i64,jeaiii,bylength,,9,4.825457
i64,naive,bylength,,9,9.208004
i64,null,bylength,,9,0.776163
i64,sse2,bylength,,9,4.818326
i64,tmueller,bylength,,9,3.328815
i64,unrolledlut,bylength,,9,4.979740
i64,yy,bylength,,9,2.482157
i64,zmij_scalar,bylength,,9,5.098881
i64,zmij_x64_native,bylength,,9,2.425832
i64,zmij_x64_v1,bylength,,9,3.750736
i64,zmij_x64_v2,bylength,,9,2.623659
i64,zmij_x64_v3,bylength,,9,2.408960
i64,zmij_x64_v3_nokernel,bylength,,9,2.498692
i64,zmij_x64_v4,bylength,,9,2.405939
i64,amartin,bylength,,10,4.503027
i64,branchlut,bylength,,10,6.794400
i64,branchlut2,bylength,,10,6.035831
i64,countlut,bylength,,10,6.003065
i64,fmt,bylength,,10,3.344561
i64,jeaiii,bylength,,10,6.502311
i64,naive,bylength,,10,10.219081
i64,null,bylength,,10,0.840776
i64,sse2,bylength,,10,5.085397
i64,tmueller,bylength,,10,3.382395
i64,unrolledlut,bylength,,10,6.833768
i64,yy,bylength,,10,2.487458
i64,zmij_scalar,bylength,,10,5.093908
i64,zmij_x64_native,bylength,,10,2.410994
i64,zmij_x64_v1,bylength,,10,3.744941
i64,zmij_x64_v2,bylength,,10,2.617378
i64,zmij_x64_v3,bylength,,10,2.414949
i64,zmij_x64_v3_nokernel,bylength,,10,2.493642
i64,zmij_x64_v4,bylength,,10,2.404876
i64,amartin,bylength,,11,3.329102
i64,branchlut,bylength,,11,6.990658
i64,branchlut2,bylength,,11,6.520660
i64,countlut,bylength,,11,6.624468
i64,fmt,bylength,,11,3.899965
i64,jeaiii,bylength,,11,4.687276
i64,naive,bylength,,11,11.354753
i64,null,bylength,,11,0.813840
i64,sse2,bylength,,11,4.865647
i64,tmueller,bylength,,11,3.909372
i64,unrolledlut,bylength,,11,5.577991
i64,yy,bylength,,11,3.035695
i64,zmij_scalar,bylength,,11,5.108303
i64,zmij_x64_native,bylength,,11,2.410441
i64,zmij_x64_v1,bylength,,11,3.729654
i64,zmij_x64_v2,bylength,,11,2.610359
i64,zmij_x64_v3,bylength,,11,2.391819
i64,zmij_x64_v3_nokernel,bylength,,11,2.484940
i64,zmij_x64_v4,bylength,,11,2.394483
i64,amartin,bylength,,12,3.339872
i64,branchlut,bylength,,12,7.137883
i64,branchlut2,bylength,,12,6.537264
i64,countlut,bylength,,12,6.787920
i64,fmt,bylength,,12,3.913882
i64,jeaiii,bylength,,12,4.935553
i64,naive,bylength,,12,12.564591
i64,null,bylength,,12,0.796861
i64,sse2,bylength,,12,4.889034
i64,tmueller,bylength,,12,3.939113
i64,unrolledlut,bylength,,12,5.605428
i64,yy,bylength,,12,3.007347
i64,zmij_scalar,bylength,,12,5.162868
i64,zmij_x64_native,bylength,,12,2.458672
i64,zmij_x64_v1,bylength,,12,3.839589
i64,zmij_x64_v2,bylength,,12,2.689023
i64,zmij_x64_v3,bylength,,12,2.464718
i64,zmij_x64_v3_nokernel,bylength,,12,2.548798
i64,zmij_x64_v4,bylength,,12,2.465859
i64,amartin,bylength,,13,3.694172
i64,branchlut,bylength,,13,7.233359
i64,branchlut2,bylength,,13,7.135902
i64,countlut,bylength,,13,7.164973
i64,fmt,bylength,,13,4.560875
i64,jeaiii,bylength,,13,5.043386
i64,naive,bylength,,13,13.386712
i64,null,bylength,,13,0.782251
i64,sse2,bylength,,13,4.744319
i64,tmueller,bylength,,13,4.440387
i64,unrolledlut,bylength,,13,5.702499
i64,yy,bylength,,13,3.289731
i64,zmij_scalar,bylength,,13,5.073715
i64,zmij_x64_native,bylength,,13,2.411285
i64,zmij_x64_v1,bylength,,13,3.745718
i64,zmij_x64_v2,bylength,,13,2.607464
i64,zmij_x64_v3,bylength,,13,2.406111
i64,zmij_x64_v3_nokernel,bylength,,13,2.490241
i64,zmij_x64_v4,bylength,,13,2.404434
i64,amartin,bylength,,14,3.708220
i64,branchlut,bylength,,14,7.292610
i64,branchlut2,bylength,,14,7.232444
i64,countlut,bylength,,14,7.108566
i64,fmt,bylength,,14,4.565906
i64,jeaiii,bylength,,14,5.109185
i64,naive,bylength,,14,14.430901
i64,null,bylength,,14,0.836558
i64,sse2,bylength,,14,4.767764
i64,tmueller,bylength,,14,4.416006
i64,unrolledlut,bylength,,14,5.749781
i64,yy,bylength,,14,3.302029
i64,zmij_scalar,bylength,,14,5.078649
i64,zmij_x64_native,bylength,,14,2.407010
i64,zmij_x64_v1,bylength,,14,3.746104
i64,zmij_x64_v2,bylength,,14,2.628830
i64,zmij_x64_v3,bylength,,14,2.408295
i64,zmij_x64_v3_nokernel,bylength,,14,2.496762
i64,zmij_x64_v4,bylength,,14,2.407039
i64,amartin,bylength,,15,4.183959
i64,branchlut,bylength,,15,7.574759
i64,branchlut2,bylength,,15,7.541034
i64,countlut,bylength,,15,7.555674
i64,fmt,bylength,,15,5.279524
i64,jeaiii,bylength,,15,5.343089
i64,naive,bylength,,15,15.380938
i64,null,bylength,,15,0.815677
i64,sse2,bylength,,15,4.450628
i64,tmueller,bylength,,15,5.134835
i64,unrolledlut,bylength,,15,5.867269
i64,yy,bylength,,15,3.736301
i64,zmij_scalar,bylength,,15,5.109738
i64,zmij_x64_native,bylength,,15,2.408780
i64,zmij_x64_v1,bylength,,15,3.746479
i64,zmij_x64_v2,bylength,,15,2.605066
i64,zmij_x64_v3,bylength,,15,2.402209
i64,zmij_x64_v3_nokernel,bylength,,15,2.485617
i64,zmij_x64_v4,bylength,,15,2.394405
i64,amartin,bylength,,16,4.177330
i64,branchlut,bylength,,16,7.663086
i64,branchlut2,bylength,,16,7.687419
i64,countlut,bylength,,16,7.703780
i64,fmt,bylength,,16,5.288691
i64,jeaiii,bylength,,16,5.549205
i64,naive,bylength,,16,14.787655
i64,null,bylength,,16,0.745683
i64,sse2,bylength,,16,4.443161
i64,tmueller,bylength,,16,5.142525
i64,unrolledlut,bylength,,16,5.811939
i64,yy,bylength,,16,3.758707
i64,zmij_scalar,bylength,,16,5.089171
i64,zmij_x64_native,bylength,,16,2.415074
i64,zmij_x64_v1,bylength,,16,3.759581
i64,zmij_x64_v2,bylength,,16,2.612387
i64,zmij_x64_v3,bylength,,16,2.405316
i64,zmij_x64_v3_nokernel,bylength,,16,2.483763
i64,zmij_x64_v4,bylength,,16,2.416691
i64,amartin,bylength,,17,4.963451
i64,branchlut,bylength,,17,8.793249
i64,branchlut2,bylength,,17,8.566973
i64,countlut,bylength,,17,9.413013
i64,fmt,bylength,,17,6.039605
i64,jeaiii,bylength,,17,5.803204
i64,naive,bylength,,17,16.098426
i64,null,bylength,,17,0.782632
i64,sse2,bylength,,17,4.447166
i64,tmueller,bylength,,17,5.908074
i64,unrolledlut,bylength,,17,6.293273
i64,yy,bylength,,17,3.787068
i64,zmij_scalar,bylength,,17,5.091244
i64,zmij_x64_native,bylength,,17,2.404436
i64,zmij_x64_v1,bylength,,17,3.868551
i64,zmij_x64_v2,bylength,,17,2.746669
i64,zmij_x64_v3,bylength,,17,2.537890
i64,zmij_x64_v3_nokernel,bylength,,17,2.606805
i64,zmij_x64_v4,bylength,,17,2.506698
i64,amartin,bylength,,18,6.210617
i64,branchlut,bylength,,18,8.093727
i64,branchlut2,bylength,,18,8.064953
i64,countlut,bylength,,18,9.186162
i64,fmt,bylength,,18,6.006794
i64,jeaiii,bylength,,18,7.602293
i64,naive,bylength,,18,17.322817
i64,null,bylength,,18,0.833657
i64,sse2,bylength,,18,5.101887
i64,tmueller,bylength,,18,5.844100
i64,unrolledlut,bylength,,18,7.539576
i64,yy,bylength,,18,3.791307
i64,zmij_scalar,bylength,,18,5.090422
i64,zmij_x64_native,bylength,,18,2.415120
i64,zmij_x64_v1,bylength,,18,3.761128
i64,zmij_x64_v2,bylength,,18,2.629952
i64,zmij_x64_v3,bylength,,18,2.427678
i64,zmij_x64_v3_nokernel,bylength,,18,2.493273
i64,zmij_x64_v4,bylength,,18,2.422064
i64,amartin,bylength,,19,4.897236
i64,branchlut,bylength,,19,8.743122
i64,branchlut2,bylength,,19,8.440553
i64,countlut,bylength,,19,9.468115
i64,fmt,bylength,,19,6.706903
i64,jeaiii,bylength,,19,5.808217
i64,naive,bylength,,19,18.162818
i64,null,bylength,,19,0.818042
i64,sse2,bylength,,19,5.137144
i64,tmueller,bylength,,19,6.573825
i64,unrolledlut,bylength,,19,6.156090
i64,yy,bylength,,19,3.974787
i64,zmij_scalar,bylength,,19,5.112761
i64,zmij_x64_native,bylength,,19,2.418644
i64,zmij_x64_v1,bylength,,19,3.767905
i64,zmij_x64_v2,bylength,,19,2.622260
i64,zmij_x64_v3,bylength,,19,2.418677
i64,zmij_x64_v3_nokernel,bylength,,19,2.483582
i64,zmij_x64_v4,bylength,,19,2.413587
i64,amartin,loguniform,1-19,19,9.982567
i64,branchlut,loguniform,1-19,19,13.191115
i64,branchlut2,loguniform,1-19,19,13.900324
i64,countlut,loguniform,1-19,19,14.136949
i64,fmt,loguniform,1-19,19,12.055573
i64,jeaiii,loguniform,1-19,19,13.574613
i64,naive,loguniform,1-19,19,18.405241
i64,null,loguniform,1-19,19,0.807265
i64,sse2,loguniform,1-19,19,15.904771
i64,tmueller,loguniform,1-19,19,12.098083
i64,unrolledlut,loguniform,1-19,19,13.390464
i64,yy,loguniform,1-19,19,8.752994
i64,zmij_scalar,loguniform,1-19,19,4.982292
i64,zmij_x64_native,loguniform,1-19,19,2.407049
i64,zmij_x64_v1,loguniform,1-19,19,3.758669
i64,zmij_x64_v2,loguniform,1-19,19,2.620236
i64,zmij_x64_v3,loguniform,1-19,19,2.408904
i64,zmij_x64_v3_nokernel,loguniform,1-19,19,2.506788
i64,zmij_x64_v4,loguniform,1-19,19,2.403216
i64,amartin,loguniform,1-4,4,3.963666
i64,branchlut,loguniform,1-4,4,7.961018
i64,branchlut2,loguniform,1-4,4,8.640090
i64,countlut,loguniform,1-4,4,9.104365
i64,fmt,loguniform,1-4,4,6.790022
i64,jeaiii,loguniform,1-4,4,8.683483
i64,naive,loguniform,1-4,4,10.060220
i64,null,loguniform,1-4,4,0.742312
i64,sse2,loguniform,1-4,4,7.900895
i64,tmueller,loguniform,1-4,4,6.482554
i64,unrolledlut,loguniform,1-4,4,9.185717
i64,yy,loguniform,1-4,4,3.695010
i64,zmij_scalar,loguniform,1-4,4,4.872196
i64,zmij_x64_native,loguniform,1-4,4,2.414602
i64,zmij_x64_v1,loguniform,1-4,4,3.747599
i64,zmij_x64_v2,loguniform,1-4,4,2.635787
i64,zmij_x64_v3,loguniform,1-4,4,2.413725
i64,zmij_x64_v3_nokernel,loguniform,1-4,4,2.494413
i64,zmij_x64_v4,loguniform,1-4,4,2.409297
i64,amartin,uniform,0-255,0,3.520705
i64,branchlut,uniform,0-255,0,3.650459
i64,branchlut2,uniform,0-255,0,3.492377
i64,countlut,uniform,0-255,0,3.835799
i64,fmt,uniform,0-255,0,3.802298
i64,jeaiii,uniform,0-255,0,3.643476
i64,naive,uniform,0-255,0,5.751750
i64,null,uniform,0-255,0,0.840280
i64,sse2,uniform,0-255,0,3.597838
i64,tmueller,uniform,0-255,0,3.882071
i64,unrolledlut,uniform,0-255,0,4.181396
i64,yy,uniform,0-255,0,3.609220
i64,zmij_scalar,uniform,0-255,0,4.948995
i64,zmij_x64_native,uniform,0-255,0,2.491606
i64,zmij_x64_v1,uniform,0-255,0,3.854737
i64,zmij_x64_v2,uniform,0-255,0,2.661368
i64,zmij_x64_v3,uniform,0-255,0,2.535981
i64,zmij_x64_v3_nokernel,uniform,0-255,0,2.622351
i64,zmij_x64_v4,uniform,0-255,0,2.540326
i64,amartin,unpredictable,,1,1.979703
i64,branchlut,unpredictable,,1,5.264706
i64,branchlut2,unpredictable,,1,5.410795
i64,countlut,unpredictable,,1,5.998706
i64,fmt,unpredictable,,1,5.191952
i64,jeaiii,unpredictable,,1,5.755333
i64,naive,unpredictable,,1,8.488064
i64,null,unpredictable,,1,0.770361
i64,sse2,unpredictable,,1,4.964045
i64,tmueller,unpredictable,,1,6.392884
i64,unrolledlut,unpredictable,,1,4.822513
i64,yy,unpredictable,,1,2.699302
i64,zmij_scalar,unpredictable,,1,4.821555
i64,zmij_x64_native,unpredictable,,1,2.341120
i64,zmij_x64_v1,unpredictable,,1,3.587653
i64,zmij_x64_v2,unpredictable,,1,2.461868
i64,zmij_x64_v3,unpredictable,,1,2.312336
i64,zmij_x64_v3_nokernel,unpredictable,,1,2.400441
i64,zmij_x64_v4,unpredictable,,1,2.358302
i64,amartin,unpredictable,,2,2.031327
i64,branchlut,unpredictable,,2,5.353651
i64,branchlut2,unpredictable,,2,5.466728
i64,countlut,unpredictable,,2,6.278204
i64,fmt,unpredictable,,2,5.166062
i64,jeaiii,unpredictable,,2,5.914059
i64,naive,unpredictable,,2,9.337331
i64,null,unpredictable,,2,0.833596
i64,sse2,unpredictable,,2,5.009722
i64,tmueller,unpredictable,,2,5.885932
i64,unrolledlut,unpredictable,,2,4.912146
i64,yy,unpredictable,,2,2.718797
i64,zmij_scalar,unpredictable,,2,4.837829
i64,zmij_x64_native,unpredictable,,2,2.403435
i64,zmij_x64_v1,unpredictable,,2,3.655295
i64,zmij_x64_v2,unpredictable,,2,2.610997
i64,zmij_x64_v3,unpredictable,,2,2.491372
i64,zmij_x64_v3_nokernel,unpredictable,,2,2.551386
i64,zmij_x64_v4,unpredictable,,2,2.469992
i64,amartin,unpredictable,,3,2.703177
i64,branchlut,unpredictable,,3,5.736293
i64,branchlut2,unpredictable,,3,6.056957
i64,countlut,unpredictable,,3,6.072840
i64,fmt,unpredictable,,3,4.576598
i64,jeaiii,unpredictable,,3,5.068003
i64,naive,unpredictable,,3,9.710298
i64,null,unpredictable,,3,0.896887
i64,sse2,unpredictable,,3,5.629953
i64,tmueller,unpredictable,,3,4.591480
i64,unrolledlut,unpredictable,,3,4.853880
i64,yy,unpredictable,,3,2.569418
i64,zmij_scalar,unpredictable,,3,4.753934
i64,zmij_x64_native,unpredictable,,3,2.359249
i64,zmij_x64_v1,unpredictable,,3,3.618871
i64,zmij_x64_v2,unpredictable,,3,2.495953
i64,zmij_x64_v3,unpredictable,,3,2.326261
i64,zmij_x64_v3_nokernel,unpredictable,,3,2.393952
i64,zmij_x64_v4,unpredictable,,3,2.363384
i64,amartin,unpredictable,,4,2.378166
i64,branchlut,unpredictable,,4,5.889379
i64,branchlut2,unpredictable,,4,5.750148
i64,countlut,unpredictable,,4,5.938500
i64,fmt,unpredictable,,4,4.254889
i64,jeaiii,unpredictable,,4,5.105042
i64,naive,unpredictable,,4,9.943198
i64,null,unpredictable,,4,1.015920
i64,sse2,unpredictable,,4,5.535856
i64,tmueller,unpredictable,,4,4.418610
i64,unrolledlut,unpredictable,,4,4.638247
i64,yy,unpredictable,,4,2.577195
i64,zmij_scalar,unpredictable,,4,4.802171
i64,zmij_x64_native,unpredictable,,4,2.405346
i64,zmij_x64_v1,unpredictable,,4,3.630868
i64,zmij_x64_v2,unpredictable,,4,2.486078
i64,zmij_x64_v3,unpredictable,,4,2.330274
i64,zmij_x64_v3_nokernel,unpredictable,,4,2.439656
i64,zmij_x64_v4,unpredictable,,4,2.376646
i64,amartin,unpredictable,,5,2.441195
i64,branchlut,unpredictable,,5,6.178156
i64,branchlut2,unpredictable,,5,6.547277
i64,countlut,unpredictable,,5,6.103258
i64,fmt,unpredictable,,5,4.972306
i64,jeaiii,unpredictable,,5,5.322937
i64,naive,unpredictable,,5,10.138856
i64,null,unpredictable,,5,0.768476
i64,sse2,unpredictable,,5,5.348254
i64,tmueller,unpredictable,,5,4.692707
i64,unrolledlut,unpredictable,,5,4.800864
i64,yy,unpredictable,,5,2.435130
i64,zmij_scalar,unpredictable,,5,4.877337
i64,zmij_x64_native,unpredictable,,5,2.369866
i64,zmij_x64_v1,unpredictable,,5,3.758804
i64,zmij_x64_v2,unpredictable,,5,2.529334
i64,zmij_x64_v3,unpredictable,,5,2.371472
i64,zmij_x64_v3_nokernel,unpredictable,,5,2.526755
i64,zmij_x64_v4,unpredictable,,5,2.485969
i64,amartin,unpredictable,,6,2.213247
i64,branchlut,unpredictable,,6,6.485734
i64,branchlut2,unpredictable,,6,6.597334
i64,countlut,unpredictable,,6,5.677453
i64,fmt,unpredictable,,6,4.395780
i64,jeaiii,unpredictable,,6,5.236117
i64,naive,unpredictable,,6,10.297010
i64,null,unpredictable,,6,0.905028
i64,sse2,unpredictable,,6,5.561916
i64,tmueller,unpredictable,,6,4.822975
i64,unrolledlut,unpredictable,,6,4.807651
i64,yy,unpredictable,,6,2.370296
i64,zmij_scalar,unpredictable,,6,4.974117
i64,zmij_x64_native,unpredictable,,6,2.488169
i64,zmij_x64_v1,unpredictable,,6,3.834965
i64,zmij_x64_v2,unpredictable,,6,2.658472
i64,zmij_x64_v3,unpredictable,,6,2.406490
i64,zmij_x64_v3_nokernel,unpredictable,,6,2.517649
i64,zmij_x64_v4,unpredictable,,6,2.544855
i64,amartin,unpredictable,,7,2.603414
i64,branchlut,unpredictable,,7,6.114652
i64,branchlut2,unpredictable,,7,6.148071
i64,countlut,unpredictable,,7,5.954254
i64,fmt,unpredictable,,7,4.328589
i64,jeaiii,unpredictable,,7,5.312390
i64,naive,unpredictable,,7,10.722418
i64,null,unpredictable,,7,0.806648
i64,sse2,unpredictable,,7,5.965087
i64,tmueller,unpredictable,,7,4.361417
i64,unrolledlut,unpredictable,,7,5.612098
i64,yy,unpredictable,,7,2.719297
i64,zmij_scalar,unpredictable,,7,4.819912
i64,zmij_x64_native,unpredictable,,7,2.383801
i64,zmij_x64_v1,unpredictable,,7,3.575920
i64,zmij_x64_v2,unpredictable,,7,2.483089
i64,zmij_x64_v3,unpredictable,,7,2.326353
i64,zmij_x64_v3_nokernel,unpredictable,,7,2.417620
i64,zmij_x64_v4,unpredictable,,7,2.370494
i64,amartin,unpredictable,,8,2.716351
i64,branchlut,unpredictable,,8,6.407199
i64,branchlut2,unpredictable,,8,6.648272
i64,countlut,unpredictable,,8,6.221847
i64,fmt,unpredictable,,8,4.492611
i64,jeaiii,unpredictable,,8,5.570669
i64,naive,unpredictable,,8,10.030939
i64,null,unpredictable,,8,1.048263
i64,sse2,unpredictable,,8,6.459884
i64,tmueller,unpredictable,,8,4.532120
i64,unrolledlut,unpredictable,,8,5.988641
i64,yy,unpredictable,,8,2.850493
i64,zmij_scalar,unpredictable,,8,4.820800
i64,zmij_x64_native,unpredictable,,8,2.381240
i64,zmij_x64_v1,unpredictable,,8,3.632527
i64,zmij_x64_v2,unpredictable,,8,2.484837
i64,zmij_x64_v3,unpredictable,,8,2.314371
i64,zmij_x64_v3_nokernel,unpredictable,,8,2.397569
i64,zmij_x64_v4,unpredictable,,8,2.345594
i64,amartin,unpredictable,,9,4.851372
i64,branchlut,unpredictable,,9,7.710103
i64,branchlut2,unpredictable,,9,6.905149
i64,countlut,unpredictable,,9,7.328689
i64,fmt,unpredictable,,9,4.716541
i64,jeaiii,unpredictable,,9,5.879406
i64,naive,unpredictable,,9,11.645497
i64,null,unpredictable,,9,0.964191
i64,sse2,unpredictable,,9,7.544760
i64,tmueller,unpredictable,,9,4.681748
i64,unrolledlut,unpredictable,,9,6.713742
i64,yy,unpredictable,,9,3.444153
i64,zmij_scalar,unpredictable,,9,5.245533
i64,zmij_x64_native,unpredictable,,9,2.478976
i64,zmij_x64_v1,unpredictable,,9,4.126632
i64,zmij_x64_v2,unpredictable,,9,2.753278
i64,zmij_x64_v3,unpredictable,,9,2.573062
i64,zmij_x64_v3_nokernel,unpredictable,,9,2.849279
i64,zmij_x64_v4,unpredictable,,9,2.547415
i64,amartin,unpredictable,,10,8.336075
i64,branchlut,unpredictable,,10,7.281660
i64,branchlut2,unpredictable,,10,6.673992
i64,countlut,unpredictable,,10,7.831781
i64,fmt,unpredictable,,10,4.781713
i64,jeaiii,unpredictable,,10,9.602000
i64,naive,unpredictable,,10,11.954813
i64,null,unpredictable,,10,0.794240
i64,sse2,unpredictable,,10,7.458046
i64,tmueller,unpredictable,,10,4.616030
i64,unrolledlut,unpredictable,,10,9.420324
i64,yy,unpredictable,,10,3.249505
i64,zmij_scalar,unpredictable,,10,5.185414
i64,zmij_x64_native,unpredictable,,10,2.439653
i64,zmij_x64_v1,unpredictable,,10,3.828385
i64,zmij_x64_v2,unpredictable,,10,2.612211
i64,zmij_x64_v3,unpredictable,,10,2.398473
i64,zmij_x64_v3_nokernel,unpredictable,,10,2.500288
i64,zmij_x64_v4,unpredictable,,10,2.447381
i64,amartin,unpredictable,,11,4.005895
i64,branchlut,unpredictable,,11,7.841554
i64,branchlut2,unpredictable,,11,6.848075
i64,countlut,unpredictable,,11,7.356999
i64,fmt,unpredictable,,11,5.138540
i64,jeaiii,unpredictable,,11,6.256423
i64,naive,unpredictable,,11,13.625404
i64,null,unpredictable,,11,0.953069
i64,sse2,unpredictable,,11,7.727331
i64,tmueller,unpredictable,,11,4.776897
i64,unrolledlut,unpredictable,,11,5.848404
i64,yy,unpredictable,,11,3.232811
i64,zmij_scalar,unpredictable,,11,5.168564
i64,zmij_x64_native,unpredictable,,11,2.401764
i64,zmij_x64_v1,unpredictable,,11,3.840643
i64,zmij_x64_v2,unpredictable,,11,2.610420
i64,zmij_x64_v3,unpredictable,,11,2.418121
i64,zmij_x64_v3_nokernel,unpredictable,,11,2.510602
i64,zmij_x64_v4,unpredictable,,11,2.486641
i64,amartin,unpredictable,,12,3.748783
i64,branchlut,unpredictable,,12,7.843640
i64,branchlut2,unpredictable,,12,7.084730
i64,countlut,unpredictable,,12,7.687952
i64,fmt,unpredictable,,12,4.817223
i64,jeaiii,unpredictable,,12,5.793838
i64,naive,unpredictable,,12,13.571454
i64,null,unpredictable,,12,0.844468
i64,sse2,unpredictable,,12,7.546807
i64,tmueller,unpredictable,,12,4.750360
i64,unrolledlut,unpredictable,,12,5.526866
i64,yy,unpredictable,,12,3.184970
i64,zmij_scalar,unpredictable,,12,5.107667
i64,zmij_x64_native,unpredictable,,12,2.402685
i64,zmij_x64_v1,unpredictable,,12,3.690945
i64,zmij_x64_v2,unpredictable,,12,2.508891
i64,zmij_x64_v3,unpredictable,,12,2.346284
i64,zmij_x64_v3_nokernel,unpredictable,,12,2.431598
i64,zmij_x64_v4,unpredictable,,12,2.396784
i64,amartin,unpredictable,,13,3.937084
i64,branchlut,unpredictable,,13,8.402942
i64,branchlut2,unpredictable,,13,7.947468
i64,countlut,unpredictable,,13,7.833835
i64,fmt,unpredictable,,13,5.525824
i64,jeaiii,unpredictable,,13,6.405296
i64,naive,unpredictable,,13,15.129345
i64,null,unpredictable,,13,0.954018
i64,sse2,unpredictable,,13,7.991284
i64,tmueller,unpredictable,,13,5.186123
i64,unrolledlut,unpredictable,,13,5.993069
i64,yy,unpredictable,,13,3.473827
i64,zmij_scalar,unpredictable,,13,5.340168
i64,zmij_x64_native,unpredictable,,13,2.444875
i64,zmij_x64_v1,unpredictable,,13,3.769547
i64,zmij_x64_v2,unpredictable,,13,2.579983
i64,zmij_x64_v3,unpredictable,,13,2.421098
i64,zmij_x64_v3_nokernel,unpredictable,,13,2.476922
i64,zmij_x64_v4,unpredictable,,13,2.448565
i64,amartin,unpredictable,,14,3.994094
i64,branchlut,unpredictable,,14,8.544921
i64,branchlut2,unpredictable,,14,7.793116
i64,countlut,unpredictable,,14,7.871882
i64,fmt,unpredictable,,14,5.402200
i64,jeaiii,unpredictable,,14,6.295367
i64,naive,unpredictable,,14,16.231478
i64,null,unpredictable,,14,0.958386
i64,sse2,unpredictable,,14,7.816786
i64,tmueller,unpredictable,,14,5.368872
i64,unrolledlut,unpredictable,,14,6.284654
i64,yy,unpredictable,,14,3.510225
i64,zmij_scalar,unpredictable,,14,5.646203
i64,zmij_x64_native,unpredictable,,14,2.403192
i64,zmij_x64_v1,unpredictable,,14,4.057440
i64,zmij_x64_v2,unpredictable,,14,2.644836
i64,zmij_x64_v3,unpredictable,,14,2.452930
i64,zmij_x64_v3_nokernel,unpredictable,,14,2.531493
i64,zmij_x64_v4,unpredictable,,14,2.510127
i64,amartin,unpredictable,,15,4.190018
i64,branchlut,unpredictable,,15,8.577847
i64,branchlut2,unpredictable,,15,7.766863
i64,countlut,unpredictable,,15,7.617718
i64,fmt,unpredictable,,15,5.383298
i64,jeaiii,unpredictable,,15,6.292002
i64,naive,unpredictable,,15,15.826670
i64,null,unpredictable,,15,0.847679
i64,sse2,unpredictable,,15,7.537939
i64,tmueller,unpredictable,,15,4.966577
i64,unrolledlut,unpredictable,,15,6.499650
i64,yy,unpredictable,,15,3.504194
i64,zmij_scalar,unpredictable,,15,5.113031
i64,zmij_x64_native,unpredictable,,15,2.361590
i64,zmij_x64_v1,unpredictable,,15,3.694053
i64,zmij_x64_v2,unpredictable,,15,2.583828
i64,zmij_x64_v3,unpredictable,,15,2.370127
i64,zmij_x64_v3_nokernel,unpredictable,,15,2.426094
i64,zmij_x64_v4,unpredictable,,15,2.397060
i64,amartin,unpredictable,,16,3.945692
i64,branchlut,unpredictable,,16,8.815278
i64,branchlut2,unpredictable,,16,7.937439
i64,countlut,unpredictable,,16,7.715808
i64,fmt,unpredictable,,16,5.303421
i64,jeaiii,unpredictable,,16,6.312431
i64,naive,unpredictable,,16,15.136004
i64,null,unpredictable,,16,0.773945
i64,sse2,unpredictable,,16,7.168950
i64,tmueller,unpredictable,,16,4.989070
i64,unrolledlut,unpredictable,,16,6.139612
i64,yy,unpredictable,,16,3.481359
i64,zmij_scalar,unpredictable,,16,5.024974
i64,zmij_x64_native,unpredictable,,16,2.362192
i64,zmij_x64_v1,unpredictable,,16,3.615399
i64,zmij_x64_v2,unpredictable,,16,2.473643
i64,zmij_x64_v3,unpredictable,,16,2.340579
i64,zmij_x64_v3_nokernel,unpredictable,,16,2.413544
i64,zmij_x64_v4,unpredictable,,16,2.366570
i64,amartin,unpredictable,,17,5.641347
i64,branchlut,unpredictable,,17,9.089151
i64,branchlut2,unpredictable,,17,9.164988
i64,countlut,unpredictable,,17,10.298126
i64,fmt,unpredictable,,17,5.738340
i64,jeaiii,unpredictable,,17,6.720675
i64,naive,unpredictable,,17,15.992848
i64,null,unpredictable,,17,0.806586
i64,sse2,unpredictable,,17,6.368455
i64,tmueller,unpredictable,,17,5.348252
i64,unrolledlut,unpredictable,,17,7.237267
i64,yy,unpredictable,,17,4.549100
i64,zmij_scalar,unpredictable,,17,5.041412
i64,zmij_x64_native,unpredictable,,17,2.373069
i64,zmij_x64_v1,unpredictable,,17,3.629117
i64,zmij_x64_v2,unpredictable,,17,2.480302
i64,zmij_x64_v3,unpredictable,,17,2.342255
i64,zmij_x64_v3_nokernel,unpredictable,,17,2.397611
i64,zmij_x64_v4,unpredictable,,17,2.350045
i64,amartin,unpredictable,,18,8.569069
i64,branchlut,unpredictable,,18,8.815114
i64,branchlut2,unpredictable,,18,9.183784
i64,countlut,unpredictable,,18,10.644491
i64,fmt,unpredictable,,18,5.909718
i64,jeaiii,unpredictable,,18,9.969151
i64,naive,unpredictable,,18,17.258347
i64,null,unpredictable,,18,0.921401
i64,sse2,unpredictable,,18,6.487655
i64,tmueller,unpredictable,,18,5.905801
i64,unrolledlut,unpredictable,,18,10.640484
i64,yy,unpredictable,,18,4.867245
i64,zmij_scalar,unpredictable,,18,5.260197
i64,zmij_x64_native,unpredictable,,18,2.475186
i64,zmij_x64_v1,unpredictable,,18,3.818935
i64,zmij_x64_v2,unpredictable,,18,2.608876
i64,zmij_x64_v3,unpredictable,,18,2.429772
i64,zmij_x64_v3_nokernel,unpredictable,,18,2.514126
i64,zmij_x64_v4,unpredictable,,18,2.475729
i64,amartin,unpredictable,,19,5.918118
i64,branchlut,unpredictable,,19,9.474648
i64,branchlut2,unpredictable,,19,9.555637
i64,countlut,unpredictable,,19,10.891026
i64,fmt,unpredictable,,19,6.713922
i64,jeaiii,unpredictable,,19,7.813674
i64,naive,unpredictable,,19,18.269149
i64,null,unpredictable,,19,0.835380
i64,sse2,unpredictable,,19,6.262745
i64,tmueller,unpredictable,,19,6.194569
i64,unrolledlut,unpredictable,,19,7.257381
i64,yy,unpredictable,,19,5.012612
i64,zmij_scalar,unpredictable,,19,5.192982
i64,zmij_x64_native,unpredictable,,19,2.469254
i64,zmij_x64_v1,unpredictable,,19,3.857620
i64,zmij_x64_v2,unpredictable,,19,2.668199
i64,zmij_x64_v3,unpredictable,,19,2.416764
i64,zmij_x64_v3_nokernel,unpredictable,,19,2.522116
i64,zmij_x64_v4,unpredictable,,19,2.464335
i64,amartin,admixture,5x6,0,1.834980
i64,branchlut,admixture,5x6,0,5.079446
i64,branchlut2,admixture,5x6,0,4.761284
i64,countlut,admixture,5x6,0,4.802871
i64,fmt,admixture,5x6,0,2.149228
i64,jeaiii,admixture,5x6,0,4.647853
i64,naive,admixture,5x6,0,7.857563
i64,null,admixture,5x6,0,0.851795
i64,sse2,admixture,5x6,0,4.702276
i64,tmueller,admixture,5x6,0,2.169330
i64,unrolledlut,admixture,5x6,0,4.715539
i64,yy,admixture,5x6,0,1.618054
i64,zmij_scalar,admixture,5x6,0,4.895713
i64,zmij_x64_native,admixture,5x6,0,2.406702
i64,zmij_x64_v1,admixture,5x6,0,3.732418
i64,zmij_x64_v2,admixture,5x6,0,2.617967
i64,zmij_x64_v3,admixture,5x6,0,2.401234
i64,zmij_x64_v3_nokernel,admixture,5x6,0,2.496320
i64,zmij_x64_v4,admixture,5x6,0,2.407186
i64,amartin,admixture,5x6,10,1.788623
i64,branchlut,admixture,5x6,10,5.076333
i64,branchlut2,admixture,5x6,10,4.857415
i64,countlut,admixture,5x6,10,5.153445
i64,fmt,admixture,5x6,10,2.791508
i64,jeaiii,admixture,5x6,10,4.701994
i64,naive,admixture,5x6,10,8.374650
i64,null,admixture,5x6,10,0.861424
i64,sse2,admixture,5x6,10,4.820132
i64,tmueller,admixture,5x6,10,2.921378
i64,unrolledlut,admixture,5x6,10,5.070254
i64,yy,admixture,5x6,10,1.608229
i64,zmij_scalar,admixture,5x6,10,4.860401
i64,zmij_x64_native,admixture,5x6,10,2.407053
i64,zmij_x64_v1,admixture,5x6,10,3.757903
i64,zmij_x64_v2,admixture,5x6,10,2.605297
i64,zmij_x64_v3,admixture,5x6,10,2.394316
i64,zmij_x64_v3_nokernel,admixture,5x6,10,2.491992
i64,zmij_x64_v4,admixture,5x6,10,2.408185
i64,amartin,admixture,5x6,20,1.789684
i64,branchlut,admixture,5x6,20,5.651060
i64,branchlut2,admixture,5x6,20,5.435669
i64,countlut,admixture,5x6,20,5.856127
i64,fmt,admixture,5x6,20,3.344377
i64,jeaiii,admixture,5x6,20,5.289484
i64,naive,admixture,5x6,20,9.043857
i64,null,admixture,5x6,20,0.733472
i64,sse2,admixture,5x6,20,5.465526
i64,tmueller,admixture,5x6,20,3.564514
i64,unrolledlut,admixture,5x6,20,5.490412
i64,yy,admixture,5x6,20,1.606571
i64,zmij_scalar,admixture,5x6,20,4.870839
i64,zmij_x64_native,admixture,5x6,20,2.412455
i64,zmij_x64_v1,admixture,5x6,20,3.733142
i64,zmij_x64_v2,admixture,5x6,20,2.599661
i64,zmij_x64_v3,admixture,5x6,20,2.397807
i64,zmij_x64_v3_nokernel,admixture,5x6,20,2.491205
i64,zmij_x64_v4,admixture,5x6,20,2.402233
i64,amartin,admixture,5x6,30,1.791072
i64,branchlut,admixture,5x6,30,6.249404
i64,branchlut2,admixture,5x6,30,6.018924
i64,countlut,admixture,5x6,30,6.563522
i64,fmt,admixture,5x6,30,4.007421
i64,jeaiii,admixture,5x6,30,5.936808
i64,naive,admixture,5x6,30,9.707376
i64,null,admixture,5x6,30,0.805458
i64,sse2,admixture,5x6,30,6.024772
i64,tmueller,admixture,5x6,30,4.353450
i64,unrolledlut,admixture,5x6,30,5.981976
i64,yy,admixture,5x6,30,1.605190
i64,zmij_scalar,admixture,5x6,30,4.870452
i64,zmij_x64_native,admixture,5x6,30,2.399190
i64,zmij_x64_v1,admixture,5x6,30,3.753188
i64,zmij_x64_v2,admixture,5x6,30,2.613771
i64,zmij_x64_v3,admixture,5x6,30,2.403614
i64,zmij_x64_v3_nokernel,admixture,5x6,30,2.486889
i64,zmij_x64_v4,admixture,5x6,30,2.414530
i64,amartin,admixture,5x6,40,1.782670
i64,branchlut,admixture,5x6,40,6.811588
i64,branchlut2,admixture,5x6,40,6.650012
i64,countlut,admixture,5x6,40,7.272859
i64,fmt,admixture,5x6,40,4.747274
i64,jeaiii,admixture,5x6,40,6.537650
i64,naive,admixture,5x6,40,10.429631
i64,null,admixture,5x6,40,0.760892
i64,sse2,admixture,5x6,40,6.680963
i64,tmueller,admixture,5x6,40,4.976290
i64,unrolledlut,admixture,5x6,40,6.548805
i64,yy,admixture,5x6,40,1.608831
i64,zmij_scalar,admixture,5x6,40,4.880307
i64,zmij_x64_native,admixture,5x6,40,2.422599
i64,zmij_x64_v1,admixture,5x6,40,3.769796
i64,zmij_x64_v2,admixture,5x6,40,2.625251
i64,zmij_x64_v3,admixture,5x6,40,2.404624
i64,zmij_x64_v3_nokernel,admixture,5x6,40,2.480563
i64,zmij_x64_v4,admixture,5x6,40,2.393113
i64,amartin,admixture,5x6,50,1.792079
i64,branchlut,admixture,5x6,50,7.100226
i64,branchlut2,admixture,5x6,50,6.894533
i64,countlut,admixture,5x6,50,7.652625
i64,fmt,admixture,5x6,50,5.284469
i64,jeaiii,admixture,5x6,50,6.773835
i64,naive,admixture,5x6,50,10.652393
i64,null,admixture,5x6,50,0.748311
i64,sse2,admixture,5x6,50,6.998043
i64,tmueller,admixture,5x6,50,5.410089
i64,unrolledlut,admixture,5x6,50,6.865145
i64,yy,admixture,5x6,50,1.602795
i64,zmij_scalar,admixture,5x6,50,4.865526
i64,zmij_x64_native,admixture,5x6,50,2.409755
i64,zmij_x64_v1,admixture,5x6,50,3.754497
i64,zmij_x64_v2,admixture,5x6,50,2.614970
i64,zmij_x64_v3,admixture,5x6,50,2.401999
i64,zmij_x64_v3_nokernel,admixture,5x6,50,2.492335
i64,zmij_x64_v4,admixture,5x6,50,2.418166
i64,amartin,admixture,5x6,60,1.805363
i64,branchlut,admixture,5x6,60,6.941120
i64,branchlut2,admixture,5x6,60,6.740441
i64,countlut,admixture,5x6,60,7.428507
i64,fmt,admixture,5x6,60,4.954567
i64,jeaiii,admixture,5x6,60,6.670763
i64,naive,admixture,5x6,60,10.393015
i64,null,admixture,5x6,60,0.894998
i64,sse2,admixture,5x6,60,6.732300
i64,tmueller,admixture,5x6,60,4.965591
i64,unrolledlut,admixture,5x6,60,6.549572
i64,yy,admixture,5x6,60,1.625050
i64,zmij_scalar,admixture,5x6,60,4.917810
i64,zmij_x64_native,admixture,5x6,60,2.445961
i64,zmij_x64_v1,admixture,5x6,60,3.801829
i64,zmij_x64_v2,admixture,5x6,60,2.639170
i64,zmij_x64_v3,admixture,5x6,60,2.415522
i64,zmij_x64_v3_nokernel,admixture,5x6,60,2.513469
i64,zmij_x64_v4,admixture,5x6,60,2.426268
i64,amartin,admixture,5x6,70,1.799845
i64,branchlut,admixture,5x6,70,6.238736
i64,branchlut2,admixture,5x6,70,6.047683
i64,countlut,admixture,5x6,70,6.592091
i64,fmt,admixture,5x6,70,4.069002
i64,jeaiii,admixture,5x6,70,5.976878
i64,naive,admixture,5x6,70,9.343649
i64,null,admixture,5x6,70,0.764504
i64,sse2,admixture,5x6,70,6.155294
i64,tmueller,admixture,5x6,70,4.328151
i64,unrolledlut,admixture,5x6,70,6.062441
i64,yy,admixture,5x6,70,1.616902
i64,zmij_scalar,admixture,5x6,70,4.889131
i64,zmij_x64_native,admixture,5x6,70,2.419038
i64,zmij_x64_v1,admixture,5x6,70,3.766342
i64,zmij_x64_v2,admixture,5x6,70,2.610372
i64,zmij_x64_v3,admixture,5x6,70,2.401323
i64,zmij_x64_v3_nokernel,admixture,5x6,70,2.497559
i64,zmij_x64_v4,admixture,5x6,70,2.403882
i64,amartin,admixture,5x6,80,1.799972
i64,branchlut,admixture,5x6,80,5.666570
i64,branchlut2,admixture,5x6,80,5.431453
i64,countlut,admixture,5x6,80,5.865615
i64,fmt,admixture,5x6,80,3.419922
i64,jeaiii,admixture,5x6,80,5.425887
i64,naive,admixture,5x6,80,8.591330
i64,null,admixture,5x6,80,0.826192
i64,sse2,admixture,5x6,80,5.637583
i64,tmueller,admixture,5x6,80,3.659061
i64,unrolledlut,admixture,5x6,80,5.600806
i64,yy,admixture,5x6,80,1.640455
i64,zmij_scalar,admixture,5x6,80,4.968008
i64,zmij_x64_native,admixture,5x6,80,2.485730
i64,zmij_x64_v1,admixture,5x6,80,3.858257
i64,zmij_x64_v2,admixture,5x6,80,2.684316
i64,zmij_x64_v3,admixture,5x6,80,2.461769
i64,zmij_x64_v3_nokernel,admixture,5x6,80,2.543023
i64,zmij_x64_v4,admixture,5x6,80,2.454488
i64,amartin,admixture,5x6,90,1.785869
i64,branchlut,admixture,5x6,90,5.048228
i64,branchlut2,admixture,5x6,90,4.743736
i64,countlut,admixture,5x6,90,5.030319
i64,fmt,admixture,5x6,90,2.777891
i64,jeaiii,admixture,5x6,90,4.667380
i64,naive,admixture,5x6,90,7.798935
i64,null,admixture,5x6,90,0.837966
i64,sse2,admixture,5x6,90,4.858663
i64,tmueller,admixture,5x6,90,2.911125
i64,unrolledlut,admixture,5x6,90,5.056373
i64,yy,admixture,5x6,90,1.609106
i64,zmij_scalar,admixture,5x6,90,4.878994
i64,zmij_x64_native,admixture,5x6,90,2.406327
i64,zmij_x64_v1,admixture,5x6,90,3.765375
i64,zmij_x64_v2,admixture,5x6,90,2.630045
i64,zmij_x64_v3,admixture,5x6,90,2.405240
i64,zmij_x64_v3_nokernel,admixture,5x6,90,2.486900
i64,zmij_x64_v4,admixture,5x6,90,2.410372
i64,amartin,admixture,5x6,100,1.818786
i64,branchlut,admixture,5x6,100,4.420886
i64,branchlut2,admixture,5x6,100,4.649035
i64,countlut,admixture,5x6,100,4.843354
i64,fmt,admixture,5x6,100,2.207001
i64,jeaiii,admixture,5x6,100,4.573189
i64,naive,admixture,5x6,100,7.375850
i64,null,admixture,5x6,100,0.767663
i64,sse2,admixture,5x6,100,4.352273
i64,tmueller,admixture,5x6,100,2.249481
i64,unrolledlut,admixture,5x6,100,4.800485
i64,yy,admixture,5x6,100,1.632962
i64,zmij_scalar,admixture,5x6,100,4.958769
i64,zmij_x64_native,admixture,5x6,100,2.458652
i64,zmij_x64_v1,admixture,5x6,100,3.835702
i64,zmij_x64_v2,admixture,5x6,100,2.671308
i64,zmij_x64_v3,admixture,5x6,100,2.455021
i64,zmij_x64_v3_nokernel,admixture,5x6,100,2.517927
i64,zmij_x64_v4,admixture,5x6,100,2.440973
u128,fmt,bylength,,1,9.457122
u128,naive,bylength,,1,3.689041
u128,null,bylength,,1,0.816426
u128,zmij_scalar,bylength,,1,4.766433
u128,zmij_x64_native,bylength,,1,2.470667
u128,zmij_x64_v1,bylength,,1,3.748512
u128,zmij_x64_v2,bylength,,1,2.568804
u128,zmij_x64_v3,bylength,,1,2.538525
u128,zmij_x64_v3_nokernel,bylength,,1,2.415445
u128,zmij_x64_v4,bylength,,1,2.509953
u128,fmt,bylength,,2,9.449189
u128,naive,bylength,,2,5.409699
u128,null,bylength,,2,0.825802
u128,zmij_scalar,bylength,,2,4.705137
u128,zmij_x64_native,bylength,,2,2.430135
u128,zmij_x64_v1,bylength,,2,3.687717
u128,zmij_x64_v2,bylength,,2,2.521226
u128,zmij_x64_v3,bylength,,2,2.482238
u128,zmij_x64_v3_nokernel,bylength,,2,2.359007
u128,zmij_x64_v4,bylength,,2,2.417327
u128,fmt,bylength,,3,9.636305
u128,naive,bylength,,3,7.912119
u128,null,bylength,,3,0.743191
u128,zmij_scalar,bylength,,3,4.721548
u128,zmij_x64_native,bylength,,3,2.435216
u128,zmij_x64_v1,bylength,,3,3.667005
u128,zmij_x64_v2,bylength,,3,2.514148
u128,zmij_x64_v3,bylength,,3,2.469403
u128,zmij_x64_v3_nokernel,bylength,,3,2.375031
u128,zmij_x64_v4,bylength,,3,2.442526
u128,fmt,bylength,,4,9.794028
u128,naive,bylength,,4,10.808553
u128,null,bylength,,4,0.820884
u128,zmij_scalar,bylength,,4,4.715256
u128,zmij_x64_native,bylength,,4,2.427842
u128,zmij_x64_v1,bylength,,4,3.668830
u128,zmij_x64_v2,bylength,,4,2.508614
u128,zmij_x64_v3,bylength,,4,2.466988
u128,zmij_x64_v3_nokernel,bylength,,4,2.367270
u128,zmij_x64_v4,bylength,,4,2.444023
u128,fmt,bylength,,5,10.085407
u128,naive,bylength,,5,14.213850
u128,null,bylength,,5,0.746177
u128,zmij_scalar,bylength,,5,4.701998
u128,zmij_x64_native,bylength,,5,2.437146
u128,zmij_x64_v1,bylength,,5,3.674942
u128,zmij_x64_v2,bylength,,5,2.520977
u128,zmij_x64_v3,bylength,,5,2.471484
u128,zmij_x64_v3_nokernel,bylength,,5,2.370487
u128,zmij_x64_v4,bylength,,5,2.450934
u128,fmt,bylength,,6,10.182147
u128,naive,bylength,,6,18.419165
u128,null,bylength,,6,0.829626
u128,zmij_scalar,bylength,,6,4.983498
u128,zmij_x64_native,bylength,,6,2.576035
u128,zmij_x64_v1,bylength,,6,3.914207
u128,zmij_x64_v2,bylength,,6,2.684407
u128,zmij_x64_v3,bylength,,6,2.580815
u128,zmij_x64_v3_nokernel,bylength,,6,2.488303
u128,zmij_x64_v4,bylength,,6,2.564263
u128,fmt,bylength,,7,10.476855
u128,naive,bylength,,7,20.819561
u128,null,bylength,,7,0.733477
u128,zmij_scalar,bylength,,7,4.708320
u128,zmij_x64_native,bylength,,7,2.434598
u128,zmij_x64_v1,bylength,,7,3.679231
u128,zmij_x64_v2,bylength,,7,2.526850
u128,zmij_x64_v3,bylength,,7,2.488719
u128,zmij_x64_v3_nokernel,bylength,,7,2.373847
u128,zmij_x64_v4,bylength,,7,2.448431
u128,fmt,bylength,,8,10.598654
u128,naive,bylength,,8,23.498838
u128,null,bylength,,8,0.776516
u128,zmij_scalar,bylength,,8,4.716322
u128,zmij_x64_native,bylength,,8,2.435279
u128,zmij_x64_v1,bylength,,8,3.663798
u128,zmij_x64_v2,bylength,,8,2.525280
u128,zmij_x64_v3,bylength,,8,2.461884
u128,zmij_x64_v3_nokernel,bylength,,8,2.371826
u128,zmij_x64_v4,bylength,,8,2.450636
u128,fmt,bylength,,9,11.611944
u128,naive,bylength,,9,27.274352
u128,null,bylength,,9,0.880111
u128,zmij_scalar,bylength,,9,4.880753
u128,zmij_x64_native,bylength,,9,2.451044
u128,zmij_x64_v1,bylength,,9,3.672031
u128,zmij_x64_v2,bylength,,9,2.517268
u128,zmij_x64_v3,bylength,,9,2.465580
u128,zmij_x64_v3_nokernel,bylength,,9,2.372461
u128,zmij_x64_v4,bylength,,9,2.449747
u128,fmt,bylength,,10,11.763481
u128,naive,bylength,,10,30.796973
u128,null,bylength,,10,0.878143
u128,zmij_scalar,bylength,,10,4.984119
u128,zmij_x64_native,bylength,,10,2.509885
u128,zmij_x64_v1,bylength,,10,3.769177
u128,zmij_x64_v2,bylength,,10,2.599014
u128,zmij_x64_v3,bylength,,10,2.518479
u128,zmij_x64_v3_nokernel,bylength,,10,2.418465
u128,zmij_x64_v4,bylength,,10,2.527203
u128,fmt,bylength,,11,12.536973
u128,naive,bylength,,11,34.143030
u128,null,bylength,,11,0.856769
u128,zmij_scalar,bylength,,11,4.871009
u128,zmij_x64_native,bylength,,11,2.425530
u128,zmij_x64_v1,bylength,,11,3.677456
u128,zmij_x64_v2,bylength,,11,2.516043
u128,zmij_x64_v3,bylength,,11,2.475445
u128,zmij_x64_v3_nokernel,bylength,,11,2.367105
u128,zmij_x64_v4,bylength,,11,2.448450
u128,fmt,bylength,,12,12.723802
u128,naive,bylength,,12,37.196372
u128,null,bylength,,12,0.731236
u128,zmij_scalar,bylength,,12,4.865658
u128,zmij_x64_native,bylength,,12,2.422287
u128,zmij_x64_v1,bylength,,12,3.662567
u128,zmij_x64_v2,bylength,,12,2.514617
u128,zmij_x64_v3,bylength,,12,2.468673
u128,zmij_x64_v3_nokernel,bylength,,12,2.366279
u128,zmij_x64_v4,bylength,,12,2.449800
u128,fmt,bylength,,13,13.531316
u128,naive,bylength,,13,40.769129
u128,null,bylength,,13,0.778585
u128,zmij_scalar,bylength,,13,4.875363
u128,zmij_x64_native,bylength,,13,2.436160
u128,zmij_x64_v1,bylength,,13,3.691625
u128,zmij_x64_v2,bylength,,13,2.516248
u128,zmij_x64_v3,bylength,,13,2.464392
u128,zmij_x64_v3_nokernel,bylength,,13,2.373772
u128,zmij_x64_v4,bylength,,13,2.443957
u128,fmt,bylength,,14,13.762606
u128,naive,bylength,,14,44.578563
u128,null,bylength,,14,0.760925
u128,zmij_scalar,bylength,,14,4.897332
u128,zmij_x64_native,bylength,,14,2.439693
u128,zmij_x64_v1,bylength,,14,3.679928
u128,zmij_x64_v2,bylength,,14,2.513054
u128,zmij_x64_v3,bylength,,14,2.466981
u128,zmij_x64_v3_nokernel,bylength,,14,2.381001
u128,zmij_x64_v4,bylength,,14,2.454027
u128,fmt,bylength,,15,14.605592
u128,naive,bylength,,15,47.427954
u128,null,bylength,,15,0.753236
u128,zmij_scalar,bylength,,15,4.870748
u128,zmij_x64_native,bylength,,15,2.434829
u128,zmij_x64_v1,bylength,,15,3.685261
u128,zmij_x64_v2,bylength,,15,2.515164
u128,zmij_x64_v3,bylength,,15,2.471021
u128,zmij_x64_v3_nokernel,bylength,,15,2.389781
u128,zmij_x64_v4,bylength,,15,2.451008
u128,fmt,bylength,,16,14.825090
u128,naive,bylength,,16,49.100095
u128,null,bylength,,16,0.879523
u128,zmij_scalar,bylength,,16,4.924090
u128,zmij_x64_native,bylength,,16,2.431186
u128,zmij_x64_v1,bylength,,16,3.658563
u128,zmij_x64_v2,bylength,,16,2.525126
u128,zmij_x64_v3,bylength,,16,2.482075
u128,zmij_x64_v3_nokernel,bylength,,16,2.380706
u128,zmij_x64_v4,bylength,,16,2.481488
u128,fmt,bylength,,17,15.747105
u128,naive,bylength,,17,53.382967
u128,null,bylength,,17,0.939492
u128,zmij_scalar,bylength,,17,5.007087
u128,zmij_x64_native,bylength,,17,2.498719
u128,zmij_x64_v1,bylength,,17,3.781891
u128,zmij_x64_v2,bylength,,17,2.603055
u128,zmij_x64_v3,bylength,,17,2.574584
u128,zmij_x64_v3_nokernel,bylength,,17,2.431492
u128,zmij_x64_v4,bylength,,17,2.532503
u128,fmt,bylength,,18,15.838109
u128,naive,bylength,,18,56.415949
u128,null,bylength,,18,0.812416
u128,zmij_scalar,bylength,,18,4.885987
u128,zmij_x64_native,bylength,,18,2.444776
u128,zmij_x64_v1,bylength,,18,3.655611
u128,zmij_x64_v2,bylength,,18,2.537032
u128,zmij_x64_v3,bylength,,18,2.488522
u128,zmij_x64_v3_nokernel,bylength,,18,2.373191
u128,zmij_x64_v4,bylength,,18,2.471238
u128,fmt,bylength,,19,16.732789
u128,naive,bylength,,19,60.097773
u128,null,bylength,,19,0.876801
u128,zmij_scalar,bylength,,19,4.940221
u128,zmij_x64_native,bylength,,19,2.470903
u128,zmij_x64_v1,bylength,,19,3.678064
u128,zmij_x64_v2,bylength,,19,2.527941
u128,zmij_x64_v3,bylength,,19,2.582649
u128,zmij_x64_v3_nokernel,bylength,,19,2.455109
u128,zmij_x64_v4,bylength,,19,2.547789
u128,fmt,bylength,,20,21.577856
u128,naive,bylength,,20,63.335656
u128,null,bylength,,20,0.844243
u128,zmij_scalar,bylength,,20,8.648219
u128,zmij_x64_native,bylength,,20,4.222354
u128,zmij_x64_v1,bylength,,20,5.616599
u128,zmij_x64_v2,bylength,,20,4.293066
u128,zmij_x64_v3,bylength,,20,4.259818
u128,zmij_x64_v3_nokernel,bylength,,20,4.195653
u128,zmij_x64_v4,bylength,,20,4.245496
u128,fmt,bylength,,21,21.452283
u128,naive,bylength,,21,66.678300
u128,null,bylength,,21,0.745229
u128,zmij_scalar,bylength,,21,8.590164
u128,zmij_x64_native,bylength,,21,3.888274
u128,zmij_x64_v1,bylength,,21,5.435022
u128,zmij_x64_v2,bylength,,21,4.010780
u128,zmij_x64_v3,bylength,,21,3.909915
u128,zmij_x64_v3_nokernel,bylength,,21,3.911501
u128,zmij_x64_v4,bylength,,21,3.925482
u128,fmt,bylength,,22,22.160551
u128,naive,bylength,,22,70.339355
u128,null,bylength,,22,0.806226
u128,zmij_scalar,bylength,,22,8.660795
u128,zmij_x64_native,bylength,,22,3.920917
u128,zmij_x64_v1,bylength,,22,5.672416
u128,zmij_x64_v2,bylength,,22,4.009194
u128,zmij_x64_v3,bylength,,22,3.895268
u128,zmij_x64_v3_nokernel,bylength,,22,3.950557
u128,zmij_x64_v4,bylength,,22,4.216377
u128,fmt,bylength,,23,22.098392
u128,naive,bylength,,23,73.680655
u128,null,bylength,,23,0.791065
u128,zmij_scalar,bylength,,23,8.646061
u128,zmij_x64_native,bylength,,23,3.922620
u128,zmij_x64_v1,bylength,,23,5.432871
u128,zmij_x64_v2,bylength,,23,3.994785
u128,zmij_x64_v3,bylength,,23,3.899393
u128,zmij_x64_v3_nokernel,bylength,,23,3.893120
u128,zmij_x64_v4,bylength,,23,3.918471
u128,fmt,bylength,,24,22.514906
u128,naive,bylength,,24,75.895702
u128,null,bylength,,24,0.740865
u128,zmij_scalar,bylength,,24,8.608304
u128,zmij_x64_native,bylength,,24,3.896231
u128,zmij_x64_v1,bylength,,24,5.428808
u128,zmij_x64_v2,bylength,,24,4.011036
u128,zmij_x64_v3,bylength,,24,3.893641
u128,zmij_x64_v3_nokernel,bylength,,24,3.897377
u128,zmij_x64_v4,bylength,,24,3.906863
u128,fmt,bylength,,25,23.105976
u128,naive,bylength,,25,79.674299
u128,null,bylength,,25,0.763531
u128,zmij_scalar,bylength,,25,8.713684
u128,zmij_x64_native,bylength,,25,3.895284
u128,zmij_x64_v1,bylength,,25,5.443063
u128,zmij_x64_v2,bylength,,25,4.006818
u128,zmij_x64_v3,bylength,,25,3.898368
u128,zmij_x64_v3_nokernel,bylength,,25,3.894147
u128,zmij_x64_v4,bylength,,25,3.927807
u128,fmt,bylength,,26,23.788639
u128,naive,bylength,,26,82.849538
u128,null,bylength,,26,0.756697
u128,zmij_scalar,bylength,,26,8.833739
u128,zmij_x64_native,bylength,,26,3.912502
u128,zmij_x64_v1,bylength,,26,5.461645
u128,zmij_x64_v2,bylength,,26,4.021441
u128,zmij_x64_v3,bylength,,26,3.889038
u128,zmij_x64_v3_nokernel,bylength,,26,3.898540
u128,zmij_x64_v4,bylength,,26,3.922408
u128,fmt,bylength,,27,23.830539
u128,naive,bylength,,27,86.592775
u128,null,bylength,,27,0.880238
u128,zmij_scalar,bylength,,27,8.820288
u128,zmij_x64_native,bylength,,27,3.906546
u128,zmij_x64_v1,bylength,,27,5.453016
u128,zmij_x64_v2,bylength,,27,3.997999
u128,zmij_x64_v3,bylength,,27,3.928338
u128,zmij_x64_v3_nokernel,bylength,,27,3.912455
u128,zmij_x64_v4,bylength,,27,4.025345
u128,fmt,bylength,,28,24.205995
u128,naive,bylength,,28,89.891365
u128,null,bylength,,28,0.788765
u128,zmij_scalar,bylength,,28,8.823859
u128,zmij_x64_native,bylength,,28,3.890152
u128,zmij_x64_v1,bylength,,28,5.431931
u128,zmij_x64_v2,bylength,,28,3.997758
u128,zmij_x64_v3,bylength,,28,3.912709
u128,zmij_x64_v3_nokernel,bylength,,28,3.897655
u128,zmij_x64_v4,bylength,,28,3.915262
u128,fmt,bylength,,29,24.235830
u128,naive,bylength,,29,93.527797
u128,null,bylength,,29,0.803309
u128,zmij_scalar,bylength,,29,8.789731
u128,zmij_x64_native,bylength,,29,3.905362
u128,zmij_x64_v1,bylength,,29,5.445585
u128,zmij_x64_v2,bylength,,29,4.047940
u128,zmij_x64_v3,bylength,,29,3.953895
u128,zmij_x64_v3_nokernel,bylength,,29,3.939085
u128,zmij_x64_v4,bylength,,29,3.946796
u128,fmt,bylength,,30,24.815262
u128,naive,bylength,,30,96.913657
u128,null,bylength,,30,0.730818
u128,zmij_scalar,bylength,,30,8.601843
u128,zmij_x64_native,bylength,,30,3.894792
u128,zmij_x64_v1,bylength,,30,5.436948
u128,zmij_x64_v2,bylength,,30,4.010710
u128,zmij_x64_v3,bylength,,30,3.901535
u128,zmij_x64_v3_nokernel,bylength,,30,3.907502
u128,zmij_x64_v4,bylength,,30,3.933703
u128,fmt,bylength,,31,25.236704
u128,naive,bylength,,31,100.629547
u128,null,bylength,,31,0.866319
u128,zmij_scalar,bylength,,31,8.879092
u128,zmij_x64_native,bylength,,31,3.917563
u128,zmij_x64_v1,bylength,,31,5.473688
u128,zmij_x64_v2,bylength,,31,4.030689
u128,zmij_x64_v3,bylength,,31,3.902232
u128,zmij_x64_v3_nokernel,bylength,,31,3.917733
u128,zmij_x64_v4,bylength,,31,3.943576
u128,fmt,bylength,,32,25.353134
u128,naive,bylength,,32,100.892251
u128,null,bylength,,32,0.800023
u128,zmij_scalar,bylength,,32,8.640554
u128,zmij_x64_native,bylength,,32,3.894087
u128,zmij_x64_v1,bylength,,32,5.428122
u128,zmij_x64_v2,bylength,,32,3.992274
u128,zmij_x64_v3,bylength,,32,3.890810
u128,zmij_x64_v3_nokernel,bylength,,32,3.895720
u128,zmij_x64_v4,bylength,,32,3.914544
u128,fmt,bylength,,33,25.959535
u128,naive,bylength,,33,105.282480
u128,null,bylength,,33,0.817090
u128,zmij_scalar,bylength,,33,10.424232
u128,zmij_x64_native,bylength,,33,4.541747
u128,zmij_x64_v1,bylength,,33,6.144773
u128,zmij_x64_v2,bylength,,33,4.796799
u128,zmij_x64_v3,bylength,,33,4.587256
u128,zmij_x64_v3_nokernel,bylength,,33,4.612552
u128,zmij_x64_v4,bylength,,33,4.600279
u128,fmt,bylength,,34,26.502842
u128,naive,bylength,,34,109.302779
u128,null,bylength,,34,0.798642
u128,zmij_scalar,bylength,,34,10.480729
u128,zmij_x64_native,bylength,,34,4.582302
u128,zmij_x64_v1,bylength,,34,6.190370
u128,zmij_x64_v2,bylength,,34,4.814585
u128,zmij_x64_v3,bylength,,34,4.570953
u128,zmij_x64_v3_nokernel,bylength,,34,4.617224
u128,zmij_x64_v4,bylength,,34,4.610756
u128,fmt,bylength,,35,26.889398
u128,naive,bylength,,35,113.317698
u128,null,bylength,,35,0.895076
u128,zmij_scalar,bylength,,35,10.695620
u128,zmij_x64_native,bylength,,35,4.672279
u128,zmij_x64_v1,bylength,,35,6.263240
u128,zmij_x64_v2,bylength,,35,4.869408
u128,zmij_x64_v3,bylength,,35,4.660402
u128,zmij_x64_v3_nokernel,bylength,,35,4.685512
u128,zmij_x64_v4,bylength,,35,4.690581
u128,fmt,bylength,,36,27.068421
u128,naive,bylength,,36,115.338309
u128,null,bylength,,36,0.844564
u128,zmij_scalar,bylength,,36,10.438295
u128,zmij_x64_native,bylength,,36,4.543005
u128,zmij_x64_v1,bylength,,36,6.126596
u128,zmij_x64_v2,bylength,,36,4.816720
u128,zmij_x64_v3,bylength,,36,4.550962
u128,zmij_x64_v3_nokernel,bylength,,36,4.599760
u128,zmij_x64_v4,bylength,,36,4.592033
u128,fmt,bylength,,37,27.311410
u128,naive,bylength,,37,119.130986
u128,null,bylength,,37,0.751064
u128,zmij_scalar,bylength,,37,10.410108
u128,zmij_x64_native,bylength,,37,4.537093
u128,zmij_x64_v1,bylength,,37,6.131557
u128,zmij_x64_v2,bylength,,37,4.812316
u128,zmij_x64_v3,bylength,,37,4.534335
u128,zmij_x64_v3_nokernel,bylength,,37,4.603365
u128,zmij_x64_v4,bylength,,37,4.597923
u128,fmt,bylength,,38,28.253369
u128,naive,bylength,,38,122.324872
u128,null,bylength,,38,0.771033
u128,zmij_scalar,bylength,,38,10.460851
u128,zmij_x64_native,bylength,,38,4.553674
u128,zmij_x64_v1,bylength,,38,6.158684
u128,zmij_x64_v2,bylength,,38,4.819607
u128,zmij_x64_v3,bylength,,38,4.579765
u128,zmij_x64_v3_nokernel,bylength,,38,4.605145
u128,zmij_x64_v4,bylength,,38,4.640768
u128,fmt,bylength,,39,35.794431
u128,naive,bylength,,39,128.099146
u128,null,bylength,,39,0.771573
u128,zmij_scalar,bylength,,39,10.770306
u128,zmij_x64_native,bylength,,39,4.704968
u128,zmij_x64_v1,bylength,,39,6.303832
u128,zmij_x64_v2,bylength,,39,4.923239
u128,zmij_x64_v3,bylength,,39,4.666190
u128,zmij_x64_v3_nokernel,bylength,,39,4.771017
u128,zmij_x64_v4,bylength,,39,4.776555
u128,fmt,loguniform,1-39,39,27.191653
u128,naive,loguniform,1-39,39,71.459617
u128,null,loguniform,1-39,39,0.816374
u128,zmij_scalar,loguniform,1-39,39,9.415600
u128,zmij_x64_native,loguniform,1-39,39,6.879964
u128,zmij_x64_v1,loguniform,1-39,39,7.550537
u128,zmij_x64_v2,loguniform,1-39,39,6.589673
u128,zmij_x64_v3,loguniform,1-39,39,6.931879
u128,zmij_x64_v3_nokernel,loguniform,1-39,39,6.244999
u128,zmij_x64_v4,loguniform,1-39,39,6.919258
u128,fmt,loguniform,1-4,4,13.906111
u128,naive,loguniform,1-4,4,11.043703
u128,null,loguniform,1-4,4,0.786867
u128,zmij_scalar,loguniform,1-4,4,4.699847
u128,zmij_x64_native,loguniform,1-4,4,2.427416
u128,zmij_x64_v1,loguniform,1-4,4,3.678434
u128,zmij_x64_v2,loguniform,1-4,4,2.516841
u128,zmij_x64_v3,loguniform,1-4,4,2.471618
u128,zmij_x64_v3_nokernel,loguniform,1-4,4,2.365585
u128,zmij_x64_v4,loguniform,1-4,4,2.460138
u128,fmt,uniform,0-255,0,11.607487
u128,naive,uniform,0-255,0,9.310247
u128,null,uniform,0-255,0,0.854974
u128,zmij_scalar,uniform,0-255,0,4.699429
u128,zmij_x64_native,uniform,0-255,0,2.425843
u128,zmij_x64_v1,uniform,0-255,0,3.676017
u128,zmij_x64_v2,uniform,0-255,0,2.508575
u128,zmij_x64_v3,uniform,0-255,0,2.471577
u128,zmij_x64_v3_nokernel,uniform,0-255,0,2.369997
u128,zmij_x64_v4,uniform,0-255,0,2.452285
u128,fmt,unpredictable,,1,11.577585
u128,naive,unpredictable,,1,6.885265
u128,null,unpredictable,,1,0.873703
u128,zmij_scalar,unpredictable,,1,4.892318
u128,zmij_x64_native,unpredictable,,1,2.586671
u128,zmij_x64_v1,unpredictable,,1,3.618522
u128,zmij_x64_v2,unpredictable,,1,2.539139
u128,zmij_x64_v3,unpredictable,,1,2.651022
u128,zmij_x64_v3_nokernel,unpredictable,,1,2.844241
u128,zmij_x64_v4,unpredictable,,1,2.661167
u128,fmt,unpredictable,,2,11.062203
u128,naive,unpredictable,,2,8.703631
u128,null,unpredictable,,2,0.976086
u128,zmij_scalar,unpredictable,,2,4.902252
u128,zmij_x64_native,unpredictable,,2,2.520668
u128,zmij_x64_v1,unpredictable,,2,3.625044
u128,zmij_x64_v2,unpredictable,,2,2.507087
u128,zmij_x64_v3,unpredictable,,2,2.551219
u128,zmij_x64_v3_nokernel,unpredictable,,2,2.653508
u128,zmij_x64_v4,unpredictable,,2,2.415568
u128,fmt,unpredictable,,3,10.377276
u128,naive,unpredictable,,3,11.843326
u128,null,unpredictable,,3,0.939854
u128,zmij_scalar,unpredictable,,3,5.029999
u128,zmij_x64_native,unpredictable,,3,2.596437
u128,zmij_x64_v1,unpredictable,,3,3.639476
u128,zmij_x64_v2,unpredictable,,3,2.494035
u128,zmij_x64_v3,unpredictable,,3,2.593226
u128,zmij_x64_v3_nokernel,unpredictable,,3,2.706513
u128,zmij_x64_v4,unpredictable,,3,2.499626
u128,fmt,unpredictable,,4,10.786909
u128,naive,unpredictable,,4,13.972377
u128,null,unpredictable,,4,0.951880
u128,zmij_scalar,unpredictable,,4,4.937258
u128,zmij_x64_native,unpredictable,,4,2.549794
u128,zmij_x64_v1,unpredictable,,4,3.643914
u128,zmij_x64_v2,unpredictable,,4,2.525003
u128,zmij_x64_v3,unpredictable,,4,2.535347
u128,zmij_x64_v3_nokernel,unpredictable,,4,2.644757
u128,zmij_x64_v4,unpredictable,,4,2.427449
u128,fmt,unpredictable,,5,10.496321
u128,naive,unpredictable,,5,17.343308
u128,null,unpredictable,,5,0.970355
u128,zmij_scalar,unpredictable,,5,4.815861
u128,zmij_x64_native,unpredictable,,5,2.592700
u128,zmij_x64_v1,unpredictable,,5,3.655509
u128,zmij_x64_v2,unpredictable,,5,2.554125
u128,zmij_x64_v3,unpredictable,,5,2.580364
u128,zmij_x64_v3_nokernel,unpredictable,,5,2.664578
u128,zmij_x64_v4,unpredictable,,5,2.446505
u128,fmt,unpredictable,,6,10.429241
u128,naive,unpredictable,,6,20.438734
u128,null,unpredictable,,6,0.824545
u128,zmij_scalar,unpredictable,,6,4.888515
u128,zmij_x64_native,unpredictable,,6,2.531629
u128,zmij_x64_v1,unpredictable,,6,3.615541
u128,zmij_x64_v2,unpredictable,,6,2.583419
u128,zmij_x64_v3,unpredictable,,6,2.586908
u128,zmij_x64_v3_nokernel,unpredictable,,6,2.715919
u128,zmij_x64_v4,unpredictable,,6,2.466898
u128,fmt,unpredictable,,7,11.173465
u128,naive,unpredictable,,7,23.954665
u128,null,unpredictable,,7,0.888854
u128,zmij_scalar,unpredictable,,7,4.904466
u128,zmij_x64_native,unpredictable,,7,2.566170
u128,zmij_x64_v1,unpredictable,,7,3.637073
u128,zmij_x64_v2,unpredictable,,7,2.534341
u128,zmij_x64_v3,unpredictable,,7,2.553127
u128,zmij_x64_v3_nokernel,unpredictable,,7,2.688851
u128,zmij_x64_v4,unpredictable,,7,2.431555
u128,fmt,unpredictable,,8,11.533798
u128,naive,unpredictable,,8,27.560809
u128,null,unpredictable,,8,1.128255
u128,zmij_scalar,unpredictable,,8,5.255768
u128,zmij_x64_native,unpredictable,,8,2.660760
u128,zmij_x64_v1,unpredictable,,8,4.005669
u128,zmij_x64_v2,unpredictable,,8,2.566290
u128,zmij_x64_v3,unpredictable,,8,2.589821
u128,zmij_x64_v3_nokernel,unpredictable,,8,2.749565
u128,zmij_x64_v4,unpredictable,,8,2.521121
u128,fmt,unpredictable,,9,12.159497
u128,naive,unpredictable,,9,31.585484
u128,null,unpredictable,,9,1.005372
u128,zmij_scalar,unpredictable,,9,5.319130
u128,zmij_x64_native,unpredictable,,9,2.640839
u128,zmij_x64_v1,unpredictable,,9,3.796844
u128,zmij_x64_v2,unpredictable,,9,2.653324
u128,zmij_x64_v3,unpredictable,,9,2.655826
u128,zmij_x64_v3_nokernel,unpredictable,,9,2.760400
u128,zmij_x64_v4,unpredictable,,9,2.529423
u128,fmt,unpredictable,,10,12.772163
u128,naive,unpredictable,,10,36.450464
u128,null,unpredictable,,10,0.933092
u128,zmij_scalar,unpredictable,,10,5.510265
u128,zmij_x64_native,unpredictable,,10,2.728399
u128,zmij_x64_v1,unpredictable,,10,4.188243
u128,zmij_x64_v2,unpredictable,,10,2.796594
u128,zmij_x64_v3,unpredictable,,10,2.781853
u128,zmij_x64_v3_nokernel,unpredictable,,10,2.895936
u128,zmij_x64_v4,unpredictable,,10,2.823600
u128,fmt,unpredictable,,11,13.578534
u128,naive,unpredictable,,11,39.775436
u128,null,unpredictable,,11,0.773946
u128,zmij_scalar,unpredictable,,11,5.574709
u128,zmij_x64_native,unpredictable,,11,2.704061
u128,zmij_x64_v1,unpredictable,,11,3.925088
u128,zmij_x64_v2,unpredictable,,11,2.763733
u128,zmij_x64_v3,unpredictable,,11,2.744387
u128,zmij_x64_v3_nokernel,unpredictable,,11,2.857326
u128,zmij_x64_v4,unpredictable,,11,2.616499
u128,fmt,unpredictable,,12,14.197845
u128,naive,unpredictable,,12,40.720631
u128,null,unpredictable,,12,0.780487
u128,zmij_scalar,unpredictable,,12,5.471020
u128,zmij_x64_native,unpredictable,,12,2.715962
u128,zmij_x64_v1,unpredictable,,12,3.837475
u128,zmij_x64_v2,unpredictable,,12,2.757956
u128,zmij_x64_v3,unpredictable,,12,2.708092
u128,zmij_x64_v3_nokernel,unpredictable,,12,2.866623
u128,zmij_x64_v4,unpredictable,,12,2.553226
u128,fmt,unpredictable,,13,13.863732
u128,naive,unpredictable,,13,45.719207
u128,null,unpredictable,,13,1.029471
u128,zmij_scalar,unpredictable,,13,5.518395
u128,zmij_x64_native,unpredictable,,13,2.934631
u128,zmij_x64_v1,unpredictable,,13,4.066250
u128,zmij_x64_v2,unpredictable,,13,2.853184
u128,zmij_x64_v3,unpredictable,,13,2.774321
u128,zmij_x64_v3_nokernel,unpredictable,,13,3.029794
u128,zmij_x64_v4,unpredictable,,13,2.769379
u128,fmt,unpredictable,,14,14.091536
u128,naive,unpredictable,,14,48.378759
u128,null,unpredictable,,14,0.869782
u128,zmij_scalar,unpredictable,,14,5.191373
u128,zmij_x64_native,unpredictable,,14,2.654977
u128,zmij_x64_v1,unpredictable,,14,3.911782
u128,zmij_x64_v2,unpredictable,,14,2.845415
u128,zmij_x64_v3,unpredictable,,14,2.808187
u128,zmij_x64_v3_nokernel,unpredictable,,14,3.003227
u128,zmij_x64_v4,unpredictable,,14,2.822732
u128,fmt,unpredictable,,15,15.333985
u128,naive,unpredictable,,15,50.228041
u128,null,unpredictable,,15,1.072429
u128,zmij_scalar,unpredictable,,15,4.998309
u128,zmij_x64_native,unpredictable,,15,2.610509
u128,zmij_x64_v1,unpredictable,,15,3.756885
u128,zmij_x64_v2,unpredictable,,15,2.652471
u128,zmij_x64_v3,unpredictable,,15,2.611828
u128,zmij_x64_v3_nokernel,unpredictable,,15,2.761534
u128,zmij_x64_v4,unpredictable,,15,2.612915
u128,fmt,unpredictable,,16,14.645766
u128,naive,unpredictable,,16,51.186311
u128,null,unpredictable,,16,1.018349
u128,zmij_scalar,unpredictable,,16,4.978531
u128,zmij_x64_native,unpredictable,,16,2.728055
u128,zmij_x64_v1,unpredictable,,16,3.932322
u128,zmij_x64_v2,unpredictable,,16,2.774691
u128,zmij_x64_v3,unpredictable,,16,2.795623
u128,zmij_x64_v3_nokernel,unpredictable,,16,2.881096
u128,zmij_x64_v4,unpredictable,,16,2.657660
u128,fmt,unpredictable,,17,15.092494
u128,naive,unpredictable,,17,55.243799
u128,null,unpredictable,,17,0.937876
u128,zmij_scalar,unpredictable,,17,5.057230
u128,zmij_x64_native,unpredictable,,17,2.576316
u128,zmij_x64_v1,unpredictable,,17,3.633367
u128,zmij_x64_v2,unpredictable,,17,2.566840
u128,zmij_x64_v3,unpredictable,,17,2.605549
u128,zmij_x64_v3_nokernel,unpredictable,,17,2.691739
u128,zmij_x64_v4,unpredictable,,17,2.453033
u128,fmt,unpredictable,,18,15.815915
u128,naive,unpredictable,,18,57.912319
u128,null,unpredictable,,18,0.887318
u128,zmij_scalar,unpredictable,,18,4.992975
u128,zmij_x64_native,unpredictable,,18,2.661082
u128,zmij_x64_v1,unpredictable,,18,3.930703
u128,zmij_x64_v2,unpredictable,,18,2.665074
u128,zmij_x64_v3,unpredictable,,18,2.587736
u128,zmij_x64_v3_nokernel,unpredictable,,18,2.730955
u128,zmij_x64_v4,unpredictable,,18,2.418366
u128,fmt,unpredictable,,19,16.068638
u128,naive,unpredictable,,19,61.352525
u128,null,unpredictable,,19,0.818098
u128,zmij_scalar,unpredictable,,19,4.954369
u128,zmij_x64_native,unpredictable,,19,2.556515
u128,zmij_x64_v1,unpredictable,,19,3.626078
u128,zmij_x64_v2,unpredictable,,19,2.537464
u128,zmij_x64_v3,unpredictable,,19,2.535609
u128,zmij_x64_v3_nokernel,unpredictable,,19,2.669745
u128,zmij_x64_v4,unpredictable,,19,2.381569
u128,fmt,unpredictable,,20,22.974538
u128,naive,unpredictable,,20,64.374564
u128,null,unpredictable,,20,0.875154
u128,zmij_scalar,unpredictable,,20,8.813715
u128,zmij_x64_native,unpredictable,,20,4.390253
u128,zmij_x64_v1,unpredictable,,20,5.435766
u128,zmij_x64_v2,unpredictable,,20,4.214205
u128,zmij_x64_v3,unpredictable,,20,4.345870
u128,zmij_x64_v3_nokernel,unpredictable,,20,4.478435
u128,zmij_x64_v4,unpredictable,,20,4.322550
u128,fmt,unpredictable,,21,22.955927
u128,naive,unpredictable,,21,68.406150
u128,null,unpredictable,,21,0.949469
u128,zmij_scalar,unpredictable,,21,8.723820
u128,zmij_x64_native,unpredictable,,21,4.000539
u128,zmij_x64_v1,unpredictable,,21,5.194737
u128,zmij_x64_v2,unpredictable,,21,3.866430
u128,zmij_x64_v3,unpredictable,,21,4.046005
u128,zmij_x64_v3_nokernel,unpredictable,,21,4.123196
u128,zmij_x64_v4,unpredictable,,21,3.966828
u128,fmt,unpredictable,,22,23.794751
u128,naive,unpredictable,,22,71.730467
u128,null,unpredictable,,22,0.776561
u128,zmij_scalar,unpredictable,,22,8.709029
u128,zmij_x64_native,unpredictable,,22,3.936549
u128,zmij_x64_v1,unpredictable,,22,5.162929
u128,zmij_x64_v2,unpredictable,,22,3.802394
u128,zmij_x64_v3,unpredictable,,22,3.922065
u128,zmij_x64_v3_nokernel,unpredictable,,22,4.039730
u128,zmij_x64_v4,unpredictable,,22,3.813860
u128,fmt,unpredictable,,23,23.513270
u128,naive,unpredictable,,23,74.258515
u128,null,unpredictable,,23,0.747573
u128,zmij_scalar,unpredictable,,23,8.680635
u128,zmij_x64_native,unpredictable,,23,3.931515
u128,zmij_x64_v1,unpredictable,,23,5.126958
u128,zmij_x64_v2,unpredictable,,23,3.814089
u128,zmij_x64_v3,unpredictable,,23,4.000620
u128,zmij_x64_v3_nokernel,unpredictable,,23,4.070805
u128,zmij_x64_v4,unpredictable,,23,3.829067
u128,fmt,unpredictable,,24,22.862567
u128,naive,unpredictable,,24,76.808635
u128,null,unpredictable,,24,0.909760
u128,zmij_scalar,unpredictable,,24,8.591346
u128,zmij_x64_native,unpredictable,,24,3.956956
u128,zmij_x64_v1,unpredictable,,24,5.114243
u128,zmij_x64_v2,unpredictable,,24,3.786546
u128,zmij_x64_v3,unpredictable,,24,3.893918
u128,zmij_x64_v3_nokernel,unpredictable,,24,4.086756
u128,zmij_x64_v4,unpredictable,,24,3.842721
u128,fmt,unpredictable,,25,23.518574
u128,naive,unpredictable,,25,79.060806
u128,null,unpredictable,,25,0.791906
u128,zmij_scalar,unpredictable,,25,8.728660
u128,zmij_x64_native,unpredictable,,25,3.935634
u128,zmij_x64_v1,unpredictable,,25,5.129799
u128,zmij_x64_v2,unpredictable,,25,3.772383
u128,zmij_x64_v3,unpredictable,,25,4.004266
u128,zmij_x64_v3_nokernel,unpredictable,,25,4.084432
u128,zmij_x64_v4,unpredictable,,25,3.838972
u128,fmt,unpredictable,,26,23.995548
u128,naive,unpredictable,,26,84.537135
u128,null,unpredictable,,26,0.879224
u128,zmij_scalar,unpredictable,,26,9.302644
u128,zmij_x64_native,unpredictable,,26,3.925625
u128,zmij_x64_v1,unpredictable,,26,5.864365
u128,zmij_x64_v2,unpredictable,,26,4.231514
u128,zmij_x64_v3,unpredictable,,26,4.503726
u128,zmij_x64_v3_nokernel,unpredictable,,26,4.308023
u128,zmij_x64_v4,unpredictable,,26,4.082139
u128,fmt,unpredictable,,27,25.556075
u128,naive,unpredictable,,27,89.386675
u128,null,unpredictable,,27,1.037966
u128,zmij_scalar,unpredictable,,27,9.142314
u128,zmij_x64_native,unpredictable,,27,4.022510
u128,zmij_x64_v1,unpredictable,,27,5.232631
u128,zmij_x64_v2,unpredictable,,27,3.903537
u128,zmij_x64_v3,unpredictable,,27,4.158231
u128,zmij_x64_v3_nokernel,unpredictable,,27,4.181121
u128,zmij_x64_v4,unpredictable,,27,4.000106
u128,fmt,unpredictable,,28,24.237098
u128,naive,unpredictable,,28,89.821463
u128,null,unpredictable,,28,0.877209
u128,zmij_scalar,unpredictable,,28,8.879320
u128,zmij_x64_native,unpredictable,,28,3.952572
u128,zmij_x64_v1,unpredictable,,28,5.227528
u128,zmij_x64_v2,unpredictable,,28,3.802340
u128,zmij_x64_v3,unpredictable,,28,3.975413
u128,zmij_x64_v3_nokernel,unpredictable,,28,4.107066
u128,zmij_x64_v4,unpredictable,,28,3.882400
u128,fmt,unpredictable,,29,24.910464
u128,naive,unpredictable,,29,92.972948
u128,null,unpredictable,,29,0.857152
u128,zmij_scalar,unpredictable,,29,8.788746
u128,zmij_x64_native,unpredictable,,29,4.129327
u128,zmij_x64_v1,unpredictable,,29,5.134804
u128,zmij_x64_v2,unpredictable,,29,3.790664
u128,zmij_x64_v3,unpredictable,,29,3.931576
u128,zmij_x64_v3_nokernel,unpredictable,,29,4.084789
u128,zmij_x64_v4,unpredictable,,29,3.822701
u128,fmt,unpredictable,,30,24.774207
u128,naive,unpredictable,,30,98.563274
u128,null,unpredictable,,30,0.730433
u128,zmij_scalar,unpredictable,,30,8.645695
u128,zmij_x64_native,unpredictable,,30,3.934194
u128,zmij_x64_v1,unpredictable,,30,5.123957
u128,zmij_x64_v2,unpredictable,,30,3.868627
u128,zmij_x64_v3,unpredictable,,30,4.004126
u128,zmij_x64_v3_nokernel,unpredictable,,30,4.106517
u128,zmij_x64_v4,unpredictable,,30,3.887397
u128,fmt,unpredictable,,31,24.893049
u128,naive,unpredictable,,31,102.362757
u128,null,unpredictable,,31,0.964196
u128,zmij_scalar,unpredictable,,31,8.733188
u128,zmij_x64_native,unpredictable,,31,4.165890
u128,zmij_x64_v1,unpredictable,,31,5.389036
u128,zmij_x64_v2,unpredictable,,31,4.005993
u128,zmij_x64_v3,unpredictable,,31,4.356654
u128,zmij_x64_v3_nokernel,unpredictable,,31,4.325636
u128,zmij_x64_v4,unpredictable,,31,4.242517
u128,fmt,unpredictable,,32,25.670470
u128,naive,unpredictable,,32,103.279347
u128,null,unpredictable,,32,0.946835
u128,zmij_scalar,unpredictable,,32,8.815571
u128,zmij_x64_native,unpredictable,,32,3.991672
u128,zmij_x64_v1,unpredictable,,32,5.289423
u128,zmij_x64_v2,unpredictable,,32,4.002572
u128,zmij_x64_v3,unpredictable,,32,4.018536
u128,zmij_x64_v3_nokernel,unpredictable,,32,4.176401
u128,zmij_x64_v4,unpredictable,,32,3.907994
u128,fmt,unpredictable,,33,26.354562
u128,naive,unpredictable,,33,107.509058
u128,null,unpredictable,,33,0.840915
u128,zmij_scalar,unpredictable,,33,11.057112
u128,zmij_x64_native,unpredictable,,33,5.681974
u128,zmij_x64_v1,unpredictable,,33,6.836908
u128,zmij_x64_v2,unpredictable,,33,5.521293
u128,zmij_x64_v3,unpredictable,,33,5.774680
u128,zmij_x64_v3_nokernel,unpredictable,,33,5.755375
u128,zmij_x64_v4,unpredictable,,33,5.740691
u128,fmt,unpredictable,,34,27.749774
u128,naive,unpredictable,,34,112.864390
u128,null,unpredictable,,34,0.893184
u128,zmij_scalar,unpredictable,,34,11.187226
u128,zmij_x64_native,unpredictable,,34,5.942156
u128,zmij_x64_v1,unpredictable,,34,6.829946
u128,zmij_x64_v2,unpredictable,,34,5.574404
u128,zmij_x64_v3,unpredictable,,34,5.677555
u128,zmij_x64_v3_nokernel,unpredictable,,34,5.804347
u128,zmij_x64_v4,unpredictable,,34,5.749123
u128,fmt,unpredictable,,35,27.451323
u128,naive,unpredictable,,35,113.952197
u128,null,unpredictable,,35,0.954630
u128,zmij_scalar,unpredictable,,35,10.997615
u128,zmij_x64_native,unpredictable,,35,5.667478
u128,zmij_x64_v1,unpredictable,,35,6.733089
u128,zmij_x64_v2,unpredictable,,35,5.491324
u128,zmij_x64_v3,unpredictable,,35,5.697389
u128,zmij_x64_v3_nokernel,unpredictable,,35,5.948865
u128,zmij_x64_v4,unpredictable,,35,5.886600
u128,fmt,unpredictable,,36,27.146512
u128,naive,unpredictable,,36,115.625423
u128,null,unpredictable,,36,0.829094
u128,zmij_scalar,unpredictable,,36,10.876537
u128,zmij_x64_native,unpredictable,,36,5.625952
u128,zmij_x64_v1,unpredictable,,36,6.728479
u128,zmij_x64_v2,unpredictable,,36,5.446244
u128,zmij_x64_v3,unpredictable,,36,5.523597
u128,zmij_x64_v3_nokernel,unpredictable,,36,5.648384
u128,zmij_x64_v4,unpredictable,,36,5.599140
u128,fmt,unpredictable,,37,27.326078
u128,naive,unpredictable,,37,117.896952
u128,null,unpredictable,,37,1.018791
u128,zmij_scalar,unpredictable,,37,10.862118
u128,zmij_x64_native,unpredictable,,37,5.868696
u128,zmij_x64_v1,unpredictable,,37,6.608796
u128,zmij_x64_v2,unpredictable,,37,5.427927
u128,zmij_x64_v3,unpredictable,,37,5.645855
u128,zmij_x64_v3_nokernel,unpredictable,,37,5.868019
u128,zmij_x64_v4,unpredictable,,37,5.811485
u128,fmt,unpredictable,,38,28.751279
u128,naive,unpredictable,,38,121.728286
u128,null,unpredictable,,38,0.970768
u128,zmij_scalar,unpredictable,,38,10.840188
u128,zmij_x64_native,unpredictable,,38,5.616082
u128,zmij_x64_v1,unpredictable,,38,6.763469
u128,zmij_x64_v2,unpredictable,,38,5.722596
u128,zmij_x64_v3,unpredictable,,38,5.994346
u128,zmij_x64_v3_nokernel,unpredictable,,38,5.903119
u128,zmij_x64_v4,unpredictable,,38,5.835845
u128,fmt,unpredictable,,39,35.376203
u128,naive,unpredictable,,39,124.347098
u128,null,unpredictable,,39,0.881201
u128,zmij_scalar,unpredictable,,39,10.967186
u128,zmij_x64_native,unpredictable,,39,5.596410
u128,zmij_x64_v1,unpredictable,,39,6.625865
u128,zmij_x64_v2,unpredictable,,39,5.412846
u128,zmij_x64_v3,unpredictable,,39,5.567497
u128,zmij_x64_v3_nokernel,unpredictable,,39,5.655226
u128,zmij_x64_v4,unpredictable,,39,5.619664
u128,fmt,admixture,5x6,0,10.077320
u128,naive,admixture,5x6,0,17.439579
u128,null,admixture,5x6,0,0.758677
u128,zmij_scalar,admixture,5x6,0,4.678144
u128,zmij_x64_native,admixture,5x6,0,2.427316
u128,zmij_x64_v1,admixture,5x6,0,3.664537
u128,zmij_x64_v2,admixture,5x6,0,2.524252
u128,zmij_x64_v3,admixture,5x6,0,2.465989
u128,zmij_x64_v3_nokernel,admixture,5x6,0,2.361131
u128,zmij_x64_v4,admixture,5x6,0,2.437927
u128,fmt,admixture,5x6,10,10.660464
u128,naive,admixture,5x6,10,17.942742
u128,null,admixture,5x6,10,0.759620
u128,zmij_scalar,admixture,5x6,10,4.680691
u128,zmij_x64_native,admixture,5x6,10,2.431487
u128,zmij_x64_v1,admixture,5x6,10,3.661271
u128,zmij_x64_v2,admixture,5x6,10,2.510022
u128,zmij_x64_v3,admixture,5x6,10,2.463694
u128,zmij_x64_v3_nokernel,admixture,5x6,10,2.366015
u128,zmij_x64_v4,admixture,5x6,10,2.453995
u128,fmt,admixture,5x6,20,11.281337
u128,naive,admixture,5x6,20,18.415565
u128,null,admixture,5x6,20,0.774029
u128,zmij_scalar,admixture,5x6,20,4.685760
u128,zmij_x64_native,admixture,5x6,20,2.438053
u128,zmij_x64_v1,admixture,5x6,20,3.652944
u128,zmij_x64_v2,admixture,5x6,20,2.507966
u128,zmij_x64_v3,admixture,5x6,20,2.472478
u128,zmij_x64_v3_nokernel,admixture,5x6,20,2.351831
u128,zmij_x64_v4,admixture,5x6,20,2.446014
u128,fmt,admixture,5x6,30,11.944286
u128,naive,admixture,5x6,30,18.985407
u128,null,admixture,5x6,30,0.733262
u128,zmij_scalar,admixture,5x6,30,4.697111
u128,zmij_x64_native,admixture,5x6,30,2.426880
u128,zmij_x64_v1,admixture,5x6,30,3.678109
u128,zmij_x64_v2,admixture,5x6,30,2.528020
u128,zmij_x64_v3,admixture,5x6,30,2.465935
u128,zmij_x64_v3_nokernel,admixture,5x6,30,2.370190
u128,zmij_x64_v4,admixture,5x6,30,2.441879
u128,fmt,admixture,5x6,40,12.584024
u128,naive,admixture,5x6,40,19.811656
u128,null,admixture,5x6,40,0.885111
u128,zmij_scalar,admixture,5x6,40,4.766103
u128,zmij_x64_native,admixture,5x6,40,2.505419
u128,zmij_x64_v1,admixture,5x6,40,3.768674
u128,zmij_x64_v2,admixture,5x6,40,2.549284
u128,zmij_x64_v3,admixture,5x6,40,2.498570
u128,zmij_x64_v3_nokernel,admixture,5x6,40,2.437606
u128,zmij_x64_v4,admixture,5x6,40,2.507425
u128,fmt,admixture,5x6,50,13.023622
u128,naive,admixture,5x6,50,19.575547
u128,null,admixture,5x6,50,0.750499
u128,zmij_scalar,admixture,5x6,50,4.749327
u128,zmij_x64_native,admixture,5x6,50,2.450139
u128,zmij_x64_v1,admixture,5x6,50,3.714063
u128,zmij_x64_v2,admixture,5x6,50,2.545491
u128,zmij_x64_v3,admixture,5x6,50,2.498406
u128,zmij_x64_v3_nokernel,admixture,5x6,50,2.379773
u128,zmij_x64_v4,admixture,5x6,50,2.474511
u128,fmt,admixture,5x6,60,13.198674
u128,naive,admixture,5x6,60,18.262660
u128,null,admixture,5x6,60,0.815949
u128,zmij_scalar,admixture,5x6,60,4.757184
u128,zmij_x64_native,admixture,5x6,60,2.453371
u128,zmij_x64_v1,admixture,5x6,60,3.646348
u128,zmij_x64_v2,admixture,5x6,60,2.522264
u128,zmij_x64_v3,admixture,5x6,60,2.462133
u128,zmij_x64_v3_nokernel,admixture,5x6,60,2.367837
u128,zmij_x64_v4,admixture,5x6,60,2.445503
u128,fmt,admixture,5x6,70,12.520473
u128,naive,admixture,5x6,70,17.168989
u128,null,admixture,5x6,70,0.786243
u128,zmij_scalar,admixture,5x6,70,4.693652
u128,zmij_x64_native,admixture,5x6,70,2.428593
u128,zmij_x64_v1,admixture,5x6,70,3.690661
u128,zmij_x64_v2,admixture,5x6,70,2.529037
u128,zmij_x64_v3,admixture,5x6,70,2.582773
u128,zmij_x64_v3_nokernel,admixture,5x6,70,2.502817
u128,zmij_x64_v4,admixture,5x6,70,2.508234
u128,fmt,admixture,5x6,80,11.211980
u128,naive,admixture,5x6,80,16.259698
u128,null,admixture,5x6,80,0.739255
u128,zmij_scalar,admixture,5x6,80,4.683818
u128,zmij_x64_native,admixture,5x6,80,2.424260
u128,zmij_x64_v1,admixture,5x6,80,3.666022
u128,zmij_x64_v2,admixture,5x6,80,2.514392
u128,zmij_x64_v3,admixture,5x6,80,2.461951
u128,zmij_x64_v3_nokernel,admixture,5x6,80,2.369586
u128,zmij_x64_v4,admixture,5x6,80,2.451625
u128,fmt,admixture,5x6,90,10.729817
u128,naive,admixture,5x6,90,15.226724
u128,null,admixture,5x6,90,0.773760
u128,zmij_scalar,admixture,5x6,90,4.689758
u128,zmij_x64_native,admixture,5x6,90,2.427265
u128,zmij_x64_v1,admixture,5x6,90,3.672376
u128,zmij_x64_v2,admixture,5x6,90,2.511170
u128,zmij_x64_v3,admixture,5x6,90,2.472497
u128,zmij_x64_v3_nokernel,admixture,5x6,90,2.368596
u128,zmij_x64_v4,admixture,5x6,90,2.463845
u128,fmt,admixture,5x6,100,10.098173
u128,naive,admixture,5x6,100,14.189659
u128,null,admixture,5x6,100,0.794274
u128,zmij_scalar,admixture,5x6,100,4.685535
u128,zmij_x64_native,admixture,5x6,100,2.440338
u128,zmij_x64_v1,admixture,5x6,100,3.666203
u128,zmij_x64_v2,admixture,5x6,100,2.519339
u128,zmij_x64_v3,admixture,5x6,100,2.455483
u128,zmij_x64_v3_nokernel,admixture,5x6,100,2.369096
u128,zmij_x64_v4,admixture,5x6,100,2.452167
u128,fmt,admixture,straddle64,0,21.927680
u128,naive,admixture,straddle64,0,71.054312
u128,null,admixture,straddle64,0,0.832376
u128,zmij_scalar,admixture,straddle64,0,8.576043
u128,zmij_x64_native,admixture,straddle64,0,3.883178
u128,zmij_x64_v1,admixture,straddle64,0,5.389791
u128,zmij_x64_v2,admixture,straddle64,0,3.976282
u128,zmij_x64_v3,admixture,straddle64,0,3.895394
u128,zmij_x64_v3_nokernel,admixture,straddle64,0,3.894421
u128,zmij_x64_v4,admixture,straddle64,0,3.904977
u128,fmt,admixture,straddle64,10,22.270428
u128,naive,admixture,straddle64,10,70.674250
u128,null,admixture,straddle64,10,0.743495
u128,zmij_scalar,admixture,straddle64,10,8.607860
u128,zmij_x64_native,admixture,straddle64,10,4.218770
u128,zmij_x64_v1,admixture,straddle64,10,5.625440
u128,zmij_x64_v2,admixture,straddle64,10,4.308823
u128,zmij_x64_v3,admixture,straddle64,10,4.271846
u128,zmij_x64_v3_nokernel,admixture,straddle64,10,4.213811
u128,zmij_x64_v4,admixture,straddle64,10,4.265875
u128,fmt,admixture,straddle64,20,22.814461
u128,naive,admixture,straddle64,20,70.832280
u128,null,admixture,straddle64,20,0.760710
u128,zmij_scalar,admixture,straddle64,20,8.603140
u128,zmij_x64_native,admixture,straddle64,20,4.537237
u128,zmij_x64_v1,admixture,straddle64,20,5.751357
u128,zmij_x64_v2,admixture,straddle64,20,4.566238
u128,zmij_x64_v3,admixture,straddle64,20,4.551579
u128,zmij_x64_v3_nokernel,admixture,straddle64,20,4.529209
u128,zmij_x64_v4,admixture,straddle64,20,4.525614
u128,fmt,admixture,straddle64,30,23.691789
u128,naive,admixture,straddle64,30,71.032191
u128,null,admixture,straddle64,30,0.753735
u128,zmij_scalar,admixture,straddle64,30,8.723630
u128,zmij_x64_native,admixture,straddle64,30,4.919490
u128,zmij_x64_v1,admixture,straddle64,30,5.930977
u128,zmij_x64_v2,admixture,straddle64,30,4.818933
u128,zmij_x64_v3,admixture,straddle64,30,4.855980
u128,zmij_x64_v3_nokernel,admixture,straddle64,30,4.901627
u128,zmij_x64_v4,admixture,straddle64,30,4.852181
u128,fmt,admixture,straddle64,40,23.915239
u128,naive,admixture,straddle64,40,70.369147
u128,null,admixture,straddle64,40,0.780572
u128,zmij_scalar,admixture,straddle64,40,8.501515
u128,zmij_x64_native,admixture,straddle64,40,5.216607
u128,zmij_x64_v1,admixture,straddle64,40,6.114670
u128,zmij_x64_v2,admixture,straddle64,40,5.070646
u128,zmij_x64_v3,admixture,straddle64,40,5.271977
u128,zmij_x64_v3_nokernel,admixture,straddle64,40,5.441505
u128,zmij_x64_v4,admixture,straddle64,40,5.270355
u128,fmt,admixture,straddle64,50,24.088908
u128,naive,admixture,straddle64,50,69.596949
u128,null,admixture,straddle64,50,0.832440
u128,zmij_scalar,admixture,straddle64,50,8.390907
u128,zmij_x64_native,admixture,straddle64,50,5.486840
u128,zmij_x64_v1,admixture,straddle64,50,6.250780
u128,zmij_x64_v2,admixture,straddle64,50,5.343105
u128,zmij_x64_v3,admixture,straddle64,50,5.454623
u128,zmij_x64_v3_nokernel,admixture,straddle64,50,5.505625
u128,zmij_x64_v4,admixture,straddle64,50,5.423174
u128,fmt,admixture,straddle64,60,23.658419
u128,naive,admixture,straddle64,60,69.336211
u128,null,admixture,straddle64,60,0.737862
u128,zmij_scalar,admixture,straddle64,60,7.818532
u128,zmij_x64_native,admixture,straddle64,60,5.053419
u128,zmij_x64_v1,admixture,straddle64,60,5.870961
u128,zmij_x64_v2,admixture,straddle64,60,4.922540
u128,zmij_x64_v3,admixture,straddle64,60,4.976305
u128,zmij_x64_v3_nokernel,admixture,straddle64,60,5.004123
u128,zmij_x64_v4,admixture,straddle64,60,5.021952
u128,fmt,admixture,straddle64,70,22.699655
u128,naive,admixture,straddle64,70,68.359404
u128,null,admixture,straddle64,70,0.759721
u128,zmij_scalar,admixture,straddle64,70,6.913065
u128,zmij_x64_native,admixture,straddle64,70,4.305581
u128,zmij_x64_v1,admixture,straddle64,70,5.234181
u128,zmij_x64_v2,admixture,straddle64,70,4.280837
u128,zmij_x64_v3,admixture,straddle64,70,4.273382
u128,zmij_x64_v3_nokernel,admixture,straddle64,70,4.335352
u128,zmij_x64_v4,admixture,straddle64,70,4.234456
u128,fmt,admixture,straddle64,80,21.751122
u128,naive,admixture,straddle64,80,66.950916
u128,null,admixture,straddle64,80,0.757335
u128,zmij_scalar,admixture,straddle64,80,6.248669
u128,zmij_x64_native,admixture,straddle64,80,3.596723
u128,zmij_x64_v1,admixture,straddle64,80,4.652527
u128,zmij_x64_v2,admixture,straddle64,80,3.629987
u128,zmij_x64_v3,admixture,straddle64,80,3.579049
u128,zmij_x64_v3_nokernel,admixture,straddle64,80,3.616962
u128,zmij_x64_v4,admixture,straddle64,80,3.566136
u128,fmt,admixture,straddle64,90,20.860843
u128,naive,admixture,straddle64,90,65.552451
u128,null,admixture,straddle64,90,0.819247
u128,zmij_scalar,admixture,straddle64,90,5.501994
u128,zmij_x64_native,admixture,straddle64,90,3.056866
u128,zmij_x64_v1,admixture,straddle64,90,4.151719
u128,zmij_x64_v2,admixture,straddle64,90,3.130404
u128,zmij_x64_v3,admixture,straddle64,90,3.104803
u128,zmij_x64_v3_nokernel,admixture,straddle64,90,3.013674
u128,zmij_x64_v4,admixture,straddle64,90,3.078861
u128,fmt,admixture,straddle64,100,19.963896
u128,naive,admixture,straddle64,100,64.678593
u128,null,admixture,straddle64,100,0.763486
u128,zmij_scalar,admixture,straddle64,100,4.852441
u128,zmij_x64_native,admixture,straddle64,100,2.451906
u128,zmij_x64_v1,admixture,straddle64,100,3.667956
u128,zmij_x64_v2,admixture,straddle64,100,2.522955
u128,zmij_x64_v3,admixture,straddle64,100,2.490417
u128,zmij_x64_v3_nokernel,admixture,straddle64,100,2.378779
u128,zmij_x64_v4,admixture,straddle64,100,2.466300
u128,fmt,admixture,straddle1e32,0,26.950368
u128,naive,admixture,straddle1e32,0,108.534063
u128,null,admixture,straddle1e32,0,0.840236
u128,zmij_scalar,admixture,straddle1e32,0,10.445537
u128,zmij_x64_native,admixture,straddle1e32,0,4.575052
u128,zmij_x64_v1,admixture,straddle1e32,0,6.134373
u128,zmij_x64_v2,admixture,straddle1e32,0,4.813720
u128,zmij_x64_v3,admixture,straddle1e32,0,4.550288
u128,zmij_x64_v3_nokernel,admixture,straddle1e32,0,4.612499
u128,zmij_x64_v4,admixture,straddle1e32,0,4.663949
u128,fmt,admixture,straddle1e32,10,27.370811
u128,naive,admixture,straddle1e32,10,109.623844
u128,null,admixture,straddle1e32,10,0.777341
u128,zmij_scalar,admixture,straddle1e32,10,10.377081
u128,zmij_x64_native,admixture,straddle1e32,10,5.053013
u128,zmij_x64_v1,admixture,straddle1e32,10,6.554653
u128,zmij_x64_v2,admixture,straddle1e32,10,5.159672
u128,zmij_x64_v3,admixture,straddle1e32,10,5.062789
u128,zmij_x64_v3_nokernel,admixture,straddle1e32,10,5.033786
u128,zmij_x64_v4,admixture,straddle1e32,10,5.117271
u128,fmt,admixture,straddle1e32,20,27.803704
u128,naive,admixture,straddle1e32,20,109.133589
u128,null,admixture,straddle1e32,20,0.766445
u128,zmij_scalar,admixture,straddle1e32,20,10.484890
u128,zmij_x64_native,admixture,straddle1e32,20,5.518781
u128,zmij_x64_v1,admixture,straddle1e32,20,6.997051
u128,zmij_x64_v2,admixture,straddle1e32,20,5.579805
u128,zmij_x64_v3,admixture,straddle1e32,20,5.527985
u128,zmij_x64_v3_nokernel,admixture,straddle1e32,20,5.516433
u128,zmij_x64_v4,admixture,straddle1e32,20,5.578708
u128,fmt,admixture,straddle1e32,30,27.891745
u128,naive,admixture,straddle1e32,30,108.633491
u128,null,admixture,straddle1e32,30,0.765738
u128,zmij_scalar,admixture,straddle1e32,30,10.578907
u128,zmij_x64_native,admixture,straddle1e32,30,6.038205
u128,zmij_x64_v1,admixture,straddle1e32,30,7.340242
u128,zmij_x64_v2,admixture,straddle1e32,30,5.937183
u128,zmij_x64_v3,admixture,straddle1e32,30,6.028234
u128,zmij_x64_v3_nokernel,admixture,straddle1e32,30,5.847538
u128,zmij_x64_v4,admixture,straddle1e32,30,6.053144
u128,fmt,admixture,straddle1e32,40,28.267806
u128,naive,admixture,straddle1e32,40,109.475306
u128,null,admixture,straddle1e32,40,0.791543
u128,zmij_scalar,admixture,straddle1e32,40,10.490943
u128,zmij_x64_native,admixture,straddle1e32,40,6.487952
u128,zmij_x64_v1,admixture,straddle1e32,40,7.905059
u128,zmij_x64_v2,admixture,straddle1e32,40,6.266725
u128,zmij_x64_v3,admixture,straddle1e32,40,6.514631
u128,zmij_x64_v3_nokernel,admixture,straddle1e32,40,6.247769
u128,zmij_x64_v4,admixture,straddle1e32,40,6.484622
u128,fmt,admixture,straddle1e32,50,28.345838
u128,naive,admixture,straddle1e32,50,109.263385
u128,null,admixture,straddle1e32,50,0.790792
u128,zmij_scalar,admixture,straddle1e32,50,10.621556
u128,zmij_x64_native,admixture,straddle1e32,50,6.691351
u128,zmij_x64_v1,admixture,straddle1e32,50,8.177480
u128,zmij_x64_v2,admixture,straddle1e32,50,6.492998
u128,zmij_x64_v3,admixture,straddle1e32,50,6.839837
u128,zmij_x64_v3_nokernel,admixture,straddle1e32,50,6.549384
u128,zmij_x64_v4,admixture,straddle1e32,50,6.814402
u128,fmt,admixture,straddle1e32,60,27.766275
u128,naive,admixture,straddle1e32,60,107.025634
u128,null,admixture,straddle1e32,60,0.740781
u128,zmij_scalar,admixture,straddle1e32,60,10.167240
u128,zmij_x64_native,admixture,straddle1e32,60,6.240729
u128,zmij_x64_v1,admixture,straddle1e32,60,7.859480
u128,zmij_x64_v2,admixture,straddle1e32,60,6.109690
u128,zmij_x64_v3,admixture,straddle1e32,60,6.348928
u128,zmij_x64_v3_nokernel,admixture,straddle1e32,60,6.054901
u128,zmij_x64_v4,admixture,straddle1e32,60,6.233351
u128,fmt,admixture,straddle1e32,70,27.360828
u128,naive,admixture,straddle1e32,70,105.320364
u128,null,admixture,straddle1e32,70,0.875184
u128,zmij_scalar,admixture,straddle1e32,70,9.802205
u128,zmij_x64_native,admixture,straddle1e32,70,5.710677
u128,zmij_x64_v1,admixture,straddle1e32,70,7.179097
u128,zmij_x64_v2,admixture,straddle1e32,70,5.604270
u128,zmij_x64_v3,admixture,straddle1e32,70,5.779584
u128,zmij_x64_v3_nokernel,admixture,straddle1e32,70,5.509007
u128,zmij_x64_v4,admixture,straddle1e32,70,5.687243
u128,fmt,admixture,straddle1e32,80,26.638047
u128,naive,admixture,straddle1e32,80,104.058639
u128,null,admixture,straddle1e32,80,0.779516
u128,zmij_scalar,admixture,straddle1e32,80,9.456793
u128,zmij_x64_native,admixture,straddle1e32,80,5.102518
u128,zmij_x64_v1,admixture,straddle1e32,80,6.631678
u128,zmij_x64_v2,admixture,straddle1e32,80,5.071697
u128,zmij_x64_v3,admixture,straddle1e32,80,5.183530
u128,zmij_x64_v3_nokernel,admixture,straddle1e32,80,5.044747
u128,zmij_x64_v4,admixture,straddle1e32,80,5.113775
u128,fmt,admixture,straddle1e32,90,26.369704
u128,naive,admixture,straddle1e32,90,102.773114
u128,null,admixture,straddle1e32,90,0.884817
u128,zmij_scalar,admixture,straddle1e32,90,9.050642
u128,zmij_x64_native,admixture,straddle1e32,90,4.494343
u128,zmij_x64_v1,admixture,straddle1e32,90,6.020313
u128,zmij_x64_v2,admixture,straddle1e32,90,4.561397
u128,zmij_x64_v3,admixture,straddle1e32,90,4.533398
u128,zmij_x64_v3_nokernel,admixture,straddle1e32,90,4.485194
u128,zmij_x64_v4,admixture,straddle1e32,90,4.530995
u128,fmt,admixture,straddle1e32,100,25.695705
u128,naive,admixture,straddle1e32,100,100.930230
u128,null,admixture,straddle1e32,100,0.731972
u128,zmij_scalar,admixture,straddle1e32,100,8.615758
u128,zmij_x64_native,admixture,straddle1e32,100,3.876410
u128,zmij_x64_v1,admixture,straddle1e32,100,5.400371
u128,zmij_x64_v2,admixture,straddle1e32,100,4.001957
u128,zmij_x64_v3,admixture,straddle1e32,100,3.888490
u128,zmij_x64_v3_nokernel,admixture,straddle1e32,100,3.895377
u128,zmij_x64_v4,admixture,straddle1e32,100,3.924853
i128,fmt,bylength,,1,12.447524
i128,naive,bylength,,1,6.496338
i128,null,bylength,,1,1.250839
i128,zmij_scalar,bylength,,1,5.121050
i128,zmij_x64_native,bylength,,1,2.896619
i128,zmij_x64_v1,bylength,,1,4.194034
i128,zmij_x64_v2,bylength,,1,3.002775
i128,zmij_x64_v3,bylength,,1,2.775589
i128,zmij_x64_v3_nokernel,bylength,,1,2.929199
i128,zmij_x64_v4,bylength,,1,2.938553
i128,fmt,bylength,,2,12.430234
i128,naive,bylength,,2,8.181943
i128,null,bylength,,2,1.172586
i128,zmij_scalar,bylength,,2,5.106176
i128,zmij_x64_native,bylength,,2,2.914334
i128,zmij_x64_v1,bylength,,2,4.203684
i128,zmij_x64_v2,bylength,,2,3.013605
i128,zmij_x64_v3,bylength,,2,2.781228
i128,zmij_x64_v3_nokernel,bylength,,2,2.929331
i128,zmij_x64_v4,bylength,,2,2.935964
i128,fmt,bylength,,3,12.666440
i128,naive,bylength,,3,10.206049
i128,null,bylength,,3,1.178902
i128,zmij_scalar,bylength,,3,5.133398
i128,zmij_x64_native,bylength,,3,2.928993
i128,zmij_x64_v1,bylength,,3,4.206864
i128,zmij_x64_v2,bylength,,3,3.020501
i128,zmij_x64_v3,bylength,,3,2.782430
i128,zmij_x64_v3_nokernel,bylength,,3,2.928929
i128,zmij_x64_v4,bylength,,3,2.951870
i128,fmt,bylength,,4,12.752197
i128,naive,bylength,,4,12.888348
i128,null,bylength,,4,1.222406
i128,zmij_scalar,bylength,,4,5.077138
i128,zmij_x64_native,bylength,,4,2.913154
i128,zmij_x64_v1,bylength,,4,4.238985
i128,zmij_x64_v2,bylength,,4,3.031729
i128,zmij_x64_v3,bylength,,4,2.794142
i128,zmij_x64_v3_nokernel,bylength,,4,2.953285
i128,zmij_x64_v4,bylength,,4,2.975696
i128,fmt,bylength,,5,13.313403
i128,naive,bylength,,5,16.249216
i128,null,bylength,,5,1.241227
i128,zmij_scalar,bylength,,5,5.071517
i128,zmij_x64_native,bylength,,5,2.914639
i128,zmij_x64_v1,bylength,,5,4.181138
i128,zmij_x64_v2,bylength,,5,2.993987
i128,zmij_x64_v3,bylength,,5,2.772086
i128,zmij_x64_v3_nokernel,bylength,,5,2.912681
i128,zmij_x64_v4,bylength,,5,2.947165
i128,fmt,bylength,,6,13.345651
i128,naive,bylength,,6,20.016539
i128,null,bylength,,6,1.171916
i128,zmij_scalar,bylength,,6,5.142315
i128,zmij_x64_native,bylength,,6,2.987552
i128,zmij_x64_v1,bylength,,6,4.279747
i128,zmij_x64_v2,bylength,,6,3.090367
i128,zmij_x64_v3,bylength,,6,2.835474
i128,zmij_x64_v3_nokernel,bylength,,6,2.984387
i128,zmij_x64_v4,bylength,,6,2.999959
i128,fmt,bylength,,7,14.011892
i128,naive,bylength,,7,23.376130
i128,null,bylength,,7,1.094701
i128,zmij_scalar,bylength,,7,5.057960
i128,zmij_x64_native,bylength,,7,2.921547
i128,zmij_x64_v1,bylength,,7,4.221058
i128,zmij_x64_v2,bylength,,7,3.015392
i128,zmij_x64_v3,bylength,,7,2.808090
i128,zmij_x64_v3_nokernel,bylength,,7,2.986677
i128,zmij_x64_v4,bylength,,7,2.987411
i128,fmt,bylength,,8,14.122112
i128,naive,bylength,,8,25.887365
i128,null,bylength,,8,1.105706
i128,zmij_scalar,bylength,,8,5.066283
i128,zmij_x64_native,bylength,,8,2.916690
i128,zmij_x64_v1,bylength,,8,4.220318
i128,zmij_x64_v2,bylength,,8,3.012772
i128,zmij_x64_v3,bylength,,8,2.813410
i128,zmij_x64_v3_nokernel,bylength,,8,2.946662
i128,zmij_x64_v4,bylength,,8,3.023043
i128,fmt,bylength,,9,14.822587
i128,naive,bylength,,9,29.065180
i128,null,bylength,,9,1.145850
i128,zmij_scalar,bylength,,9,5.072725
i128,zmij_x64_native,bylength,,9,2.907019
i128,zmij_x64_v1,bylength,,9,4.188039
i128,zmij_x64_v2,bylength,,9,3.019563
i128,zmij_x64_v3,bylength,,9,2.783845
i128,zmij_x64_v3_nokernel,bylength,,9,2.931694
i128,zmij_x64_v4,bylength,,9,2.947385
i128,fmt,bylength,,10,15.000713
i128,naive,bylength,,10,32.495301
i128,null,bylength,,10,1.249418
i128,zmij_scalar,bylength,,10,5.049533
i128,zmij_x64_native,bylength,,10,2.911450
i128,zmij_x64_v1,bylength,,10,4.199588
i128,zmij_x64_v2,bylength,,10,2.997981
i128,zmij_x64_v3,bylength,,10,2.774388
i128,zmij_x64_v3_nokernel,bylength,,10,2.923804
i128,zmij_x64_v4,bylength,,10,2.945840
i128,fmt,bylength,,11,15.821016
i128,naive,bylength,,11,35.982285
i128,null,bylength,,11,1.098754
i128,zmij_scalar,bylength,,11,5.054408
i128,zmij_x64_native,bylength,,11,2.905778
i128,zmij_x64_v1,bylength,,11,4.192368
i128,zmij_x64_v2,bylength,,11,3.011606
i128,zmij_x64_v3,bylength,,11,2.778031
i128,zmij_x64_v3_nokernel,bylength,,11,2.928811
i128,zmij_x64_v4,bylength,,11,2.946194
i128,fmt,bylength,,12,16.018022
i128,naive,bylength,,12,39.192024
i128,null,bylength,,12,1.249107
i128,zmij_scalar,bylength,,12,5.033908
i128,zmij_x64_native,bylength,,12,2.914626
i128,zmij_x64_v1,bylength,,12,4.199160
i128,zmij_x64_v2,bylength,,12,3.011731
i128,zmij_x64_v3,bylength,,12,2.780045
i128,zmij_x64_v3_nokernel,bylength,,12,2.948803
i128,zmij_x64_v4,bylength,,12,2.957093
i128,fmt,bylength,,13,16.957858
i128,naive,bylength,,13,42.950074
i128,null,bylength,,13,1.125494
i128,zmij_scalar,bylength,,13,5.041854
i128,zmij_x64_native,bylength,,13,2.902842
i128,zmij_x64_v1,bylength,,13,4.211894
i128,zmij_x64_v2,bylength,,13,3.006030
i128,zmij_x64_v3,bylength,,13,2.777697
i128,zmij_x64_v3_nokernel,bylength,,13,2.937247
i128,zmij_x64_v4,bylength,,13,2.937146
i128,fmt,bylength,,14,17.040409
i128,naive,bylength,,14,46.072651
i128,null,bylength,,14,1.223500
i128,zmij_scalar,bylength,,14,5.077293
i128,zmij_x64_native,bylength,,14,2.907488
i128,zmij_x64_v1,bylength,,14,4.203462
i128,zmij_x64_v2,bylength,,14,3.008180
i128,zmij_x64_v3,bylength,,14,2.782145
i128,zmij_x64_v3_nokernel,bylength,,14,2.937337
i128,zmij_x64_v4,bylength,,14,2.939332
i128,fmt,bylength,,15,17.856467
i128,naive,bylength,,15,49.918610
i128,null,bylength,,15,0.962988
i128,zmij_scalar,bylength,,15,5.034532
i128,zmij_x64_native,bylength,,15,2.927679
i128,zmij_x64_v1,bylength,,15,4.204378
i128,zmij_x64_v2,bylength,,15,3.022037
i128,zmij_x64_v3,bylength,,15,2.786585
i128,zmij_x64_v3_nokernel,bylength,,15,2.937260
i128,zmij_x64_v4,bylength,,15,2.946994
i128,fmt,bylength,,16,18.221912
i128,naive,bylength,,16,51.216882
i128,null,bylength,,16,1.225302
i128,zmij_scalar,bylength,,16,5.078017
i128,zmij_x64_native,bylength,,16,2.919117
i128,zmij_x64_v1,bylength,,16,4.199378
i128,zmij_x64_v2,bylength,,16,3.023179
i128,zmij_x64_v3,bylength,,16,2.781148
i128,zmij_x64_v3_nokernel,bylength,,16,2.929713
i128,zmij_x64_v4,bylength,,16,2.947973
i128,fmt,bylength,,17,18.897118
i128,naive,bylength,,17,54.838644
i128,null,bylength,,17,1.219399
i128,zmij_scalar,bylength,,17,5.050850
i128,zmij_x64_native,bylength,,17,2.915451
i128,zmij_x64_v1,bylength,,17,4.197221
i128,zmij_x64_v2,bylength,,17,3.023074
i128,zmij_x64_v3,bylength,,17,2.788973
i128,zmij_x64_v3_nokernel,bylength,,17,2.933664
i128,zmij_x64_v4,bylength,,17,2.951238
i128,fmt,bylength,,18,19.049292
i128,naive,bylength,,18,58.453041
i128,null,bylength,,18,1.181281
i128,zmij_scalar,bylength,,18,5.044353
i128,zmij_x64_native,bylength,,18,2.911509
i128,zmij_x64_v1,bylength,,18,4.214179
i128,zmij_x64_v2,bylength,,18,3.019139
i128,zmij_x64_v3,bylength,,18,2.790146
i128,zmij_x64_v3_nokernel,bylength,,18,2.940273
i128,zmij_x64_v4,bylength,,18,2.951748
i128,fmt,bylength,,19,19.919591
i128,naive,bylength,,19,61.690445
i128,null,bylength,,19,1.093784
i128,zmij_scalar,bylength,,19,5.678015
i128,zmij_x64_native,bylength,,19,3.457849
i128,zmij_x64_v1,bylength,,19,4.686389
i128,zmij_x64_v2,bylength,,19,3.628646
i128,zmij_x64_v3,bylength,,19,3.320279
i128,zmij_x64_v3_nokernel,bylength,,19,3.550361
i128,zmij_x64_v4,bylength,,19,3.500179
i128,fmt,bylength,,20,24.220174
i128,naive,bylength,,20,67.566260
i128,null,bylength,,20,1.175454
i128,zmij_scalar,bylength,,20,10.016087
i128,zmij_x64_native,bylength,,20,4.897992
i128,zmij_x64_v1,bylength,,20,6.166784
i128,zmij_x64_v2,bylength,,20,5.340451
i128,zmij_x64_v3,bylength,,20,5.151846
i128,zmij_x64_v3_nokernel,bylength,,20,5.155016
i128,zmij_x64_v4,bylength,,20,4.631661
i128,fmt,bylength,,21,24.111676
i128,naive,bylength,,21,69.102765
i128,null,bylength,,21,1.082328
i128,zmij_scalar,bylength,,21,9.758281
i128,zmij_x64_native,bylength,,21,4.688032
i128,zmij_x64_v1,bylength,,21,6.038766
i128,zmij_x64_v2,bylength,,21,5.317977
i128,zmij_x64_v3,bylength,,21,5.221865
i128,zmij_x64_v3_nokernel,bylength,,21,5.198492
i128,zmij_x64_v4,bylength,,21,4.758827
i128,fmt,bylength,,22,24.605006
i128,naive,bylength,,22,72.238770
i128,null,bylength,,22,1.094912
i128,zmij_scalar,bylength,,22,9.496121
i128,zmij_x64_native,bylength,,22,4.684857
i128,zmij_x64_v1,bylength,,22,6.043629
i128,zmij_x64_v2,bylength,,22,5.310426
i128,zmij_x64_v3,bylength,,22,5.160765
i128,zmij_x64_v3_nokernel,bylength,,22,5.158545
i128,zmij_x64_v4,bylength,,22,4.650190
i128,fmt,bylength,,23,24.699370
i128,naive,bylength,,23,75.555392
i128,null,bylength,,23,1.065325
i128,zmij_scalar,bylength,,23,9.492425
i128,zmij_x64_native,bylength,,23,4.673123
i128,zmij_x64_v1,bylength,,23,6.024325
i128,zmij_x64_v2,bylength,,23,5.337162
i128,zmij_x64_v3,bylength,,23,5.148853
i128,zmij_x64_v3_nokernel,bylength,,23,5.124439
i128,zmij_x64_v4,bylength,,23,4.646915
i128,fmt,bylength,,24,25.233165
i128,naive,bylength,,24,78.151183
i128,null,bylength,,24,1.123286
i128,zmij_scalar,bylength,,24,9.580671
i128,zmij_x64_native,bylength,,24,4.677473
i128,zmij_x64_v1,bylength,,24,6.032384
i128,zmij_x64_v2,bylength,,24,5.335293
i128,zmij_x64_v3,bylength,,24,5.137464
i128,zmij_x64_v3_nokernel,bylength,,24,5.119403
i128,zmij_x64_v4,bylength,,24,4.642417
i128,fmt,bylength,,25,25.365900
i128,naive,bylength,,25,81.847817
i128,null,bylength,,25,1.146257
i128,zmij_scalar,bylength,,25,9.783502
i128,zmij_x64_native,bylength,,25,4.764572
i128,zmij_x64_v1,bylength,,25,6.211544
i128,zmij_x64_v2,bylength,,25,5.436567
i128,zmij_x64_v3,bylength,,25,5.244590
i128,zmij_x64_v3_nokernel,bylength,,25,5.233667
i128,zmij_x64_v4,bylength,,25,4.776544
i128,fmt,bylength,,26,26.054307
i128,naive,bylength,,26,84.850030
i128,null,bylength,,26,1.104336
i128,zmij_scalar,bylength,,26,9.517674
i128,zmij_x64_native,bylength,,26,4.684323
i128,zmij_x64_v1,bylength,,26,6.029069
i128,zmij_x64_v2,bylength,,26,5.331188
i128,zmij_x64_v3,bylength,,26,5.141581
i128,zmij_x64_v3_nokernel,bylength,,26,5.098802
i128,zmij_x64_v4,bylength,,26,4.612247
i128,fmt,bylength,,27,25.949946
i128,naive,bylength,,27,88.582601
i128,null,bylength,,27,1.235718
i128,zmij_scalar,bylength,,27,9.696364
i128,zmij_x64_native,bylength,,27,4.687815
i128,zmij_x64_v1,bylength,,27,6.040456
i128,zmij_x64_v2,bylength,,27,5.346304
i128,zmij_x64_v3,bylength,,27,5.150350
i128,zmij_x64_v3_nokernel,bylength,,27,5.110122
i128,zmij_x64_v4,bylength,,27,4.645229
i128,fmt,bylength,,28,26.630551
i128,naive,bylength,,28,92.097772
i128,null,bylength,,28,1.134316
i128,zmij_scalar,bylength,,28,9.692331
i128,zmij_x64_native,bylength,,28,4.692799
i128,zmij_x64_v1,bylength,,28,6.050550
i128,zmij_x64_v2,bylength,,28,5.361670
i128,zmij_x64_v3,bylength,,28,5.149987
i128,zmij_x64_v3_nokernel,bylength,,28,5.131444
i128,zmij_x64_v4,bylength,,28,4.642476
i128,fmt,bylength,,29,26.601131
i128,naive,bylength,,29,96.063147
i128,null,bylength,,29,1.137488
i128,zmij_scalar,bylength,,29,9.668719
i128,zmij_x64_native,bylength,,29,4.657723
i128,zmij_x64_v1,bylength,,29,6.070880
i128,zmij_x64_v2,bylength,,29,5.359545
i128,zmij_x64_v3,bylength,,29,5.159011
i128,zmij_x64_v3_nokernel,bylength,,29,5.228429
i128,zmij_x64_v4,bylength,,29,4.735893
i128,fmt,bylength,,30,27.096127
i128,naive,bylength,,30,100.793391
i128,null,bylength,,30,1.076340
i128,zmij_scalar,bylength,,30,9.773134
i128,zmij_x64_native,bylength,,30,4.717051
i128,zmij_x64_v1,bylength,,30,6.062357
i128,zmij_x64_v2,bylength,,30,5.374051
i128,zmij_x64_v3,bylength,,30,5.160244
i128,zmij_x64_v3_nokernel,bylength,,30,5.129009
i128,zmij_x64_v4,bylength,,30,4.618921
i128,fmt,bylength,,31,27.194281
i128,naive,bylength,,31,102.252877
i128,null,bylength,,31,1.246071
i128,zmij_scalar,bylength,,31,9.606399
i128,zmij_x64_native,bylength,,31,4.706930
i128,zmij_x64_v1,bylength,,31,6.022164
i128,zmij_x64_v2,bylength,,31,5.338805
i128,zmij_x64_v3,bylength,,31,5.110984
i128,zmij_x64_v3_nokernel,bylength,,31,5.114990
i128,zmij_x64_v4,bylength,,31,4.662274
i128,fmt,bylength,,32,27.858255
i128,naive,bylength,,32,102.686929
i128,null,bylength,,32,1.083919
i128,zmij_scalar,bylength,,32,9.481657
i128,zmij_x64_native,bylength,,32,4.665121
i128,zmij_x64_v1,bylength,,32,6.030190
i128,zmij_x64_v2,bylength,,32,5.328266
i128,zmij_x64_v3,bylength,,32,5.121781
i128,zmij_x64_v3_nokernel,bylength,,32,5.107532
i128,zmij_x64_v4,bylength,,32,4.633880
i128,fmt,bylength,,33,28.339036
i128,naive,bylength,,33,107.324475
i128,null,bylength,,33,1.067356
i128,zmij_scalar,bylength,,33,11.339489
i128,zmij_x64_native,bylength,,33,5.150800
i128,zmij_x64_v1,bylength,,33,6.831720
i128,zmij_x64_v2,bylength,,33,6.069691
i128,zmij_x64_v3,bylength,,33,5.754587
i128,zmij_x64_v3_nokernel,bylength,,33,5.862707
i128,zmij_x64_v4,bylength,,33,5.238577
i128,fmt,bylength,,34,28.549525
i128,naive,bylength,,34,110.528200
i128,null,bylength,,34,1.169404
i128,zmij_scalar,bylength,,34,11.236600
i128,zmij_x64_native,bylength,,34,5.201647
i128,zmij_x64_v1,bylength,,34,6.666584
i128,zmij_x64_v2,bylength,,34,6.039148
i128,zmij_x64_v3,bylength,,34,5.723798
i128,zmij_x64_v3_nokernel,bylength,,34,5.863485
i128,zmij_x64_v4,bylength,,34,5.268605
i128,fmt,bylength,,35,28.475947
i128,naive,bylength,,35,114.010769
i128,null,bylength,,35,1.194762
i128,zmij_scalar,bylength,,35,11.202797
i128,zmij_x64_native,bylength,,35,5.166440
i128,zmij_x64_v1,bylength,,35,6.620645
i128,zmij_x64_v2,bylength,,35,5.954542
i128,zmij_x64_v3,bylength,,35,5.705748
i128,zmij_x64_v3_nokernel,bylength,,35,5.894684
i128,zmij_x64_v4,bylength,,35,5.255139
i128,fmt,bylength,,36,29.195251
i128,naive,bylength,,36,117.511807
i128,null,bylength,,36,1.248843
i128,zmij_scalar,bylength,,36,11.201796
i128,zmij_x64_native,bylength,,36,5.247202
i128,zmij_x64_v1,bylength,,36,6.791618
i128,zmij_x64_v2,bylength,,36,5.939349
i128,zmij_x64_v3,bylength,,36,5.771453
i128,zmij_x64_v3_nokernel,bylength,,36,6.002592
i128,zmij_x64_v4,bylength,,36,5.378124
i128,fmt,bylength,,37,29.103263
i128,naive,bylength,,37,120.970439
i128,null,bylength,,37,1.242991
i128,zmij_scalar,bylength,,37,11.193369
i128,zmij_x64_native,bylength,,37,5.172250
i128,zmij_x64_v1,bylength,,37,6.655477
i128,zmij_x64_v2,bylength,,37,5.952401
i128,zmij_x64_v3,bylength,,37,5.686711
i128,zmij_x64_v3_nokernel,bylength,,37,5.888617
i128,zmij_x64_v4,bylength,,37,5.248628
i128,fmt,bylength,,38,29.814743
i128,naive,bylength,,38,123.713146
i128,null,bylength,,38,1.111340
i128,zmij_scalar,bylength,,38,11.157706
i128,zmij_x64_native,bylength,,38,5.161493
i128,zmij_x64_v1,bylength,,38,6.653294
i128,zmij_x64_v2,bylength,,38,5.948308
i128,zmij_x64_v3,bylength,,38,5.683811
i128,zmij_x64_v3_nokernel,bylength,,38,5.892467
i128,zmij_x64_v4,bylength,,38,5.243914
i128,fmt,bylength,,39,30.004135
i128,naive,bylength,,39,128.155395
i128,null,bylength,,39,1.160146
i128,zmij_scalar,bylength,,39,11.330390
i128,zmij_x64_native,bylength,,39,5.340192
i128,zmij_x64_v1,bylength,,39,6.836719
i128,zmij_x64_v2,bylength,,39,6.114500
i128,zmij_x64_v3,bylength,,39,5.806051
i128,zmij_x64_v3_nokernel,bylength,,39,6.026726
i128,zmij_x64_v4,bylength,,39,5.421114
i128,fmt,loguniform,1-39,39,30.158627
i128,naive,loguniform,1-39,39,73.348175
i128,null,loguniform,1-39,39,1.150139
i128,zmij_scalar,loguniform,1-39,39,9.991902
i128,zmij_x64_native,loguniform,1-39,39,7.934780
i128,zmij_x64_v1,loguniform,1-39,39,8.214765
i128,zmij_x64_v2,loguniform,1-39,39,7.649625
i128,zmij_x64_v3,loguniform,1-39,39,7.492366
i128,zmij_x64_v3_nokernel,loguniform,1-39,39,7.513547
i128,zmij_x64_v4,loguniform,1-39,39,7.632241
i128,fmt,loguniform,1-4,4,16.613164
i128,naive,loguniform,1-4,4,13.523632
i128,null,loguniform,1-4,4,1.126420
i128,zmij_scalar,loguniform,1-4,4,5.128220
i128,zmij_x64_native,loguniform,1-4,4,2.936324
i128,zmij_x64_v1,loguniform,1-4,4,4.191901
i128,zmij_x64_v2,loguniform,1-4,4,3.003888
i128,zmij_x64_v3,loguniform,1-4,4,2.786214
i128,zmij_x64_v3_nokernel,loguniform,1-4,4,2.934623
i128,zmij_x64_v4,loguniform,1-4,4,2.955969
i128,fmt,uniform,0-255,0,12.310867
i128,naive,uniform,0-255,0,9.330529
i128,null,uniform,0-255,0,1.204260
i128,zmij_scalar,uniform,0-255,0,5.086664
i128,zmij_x64_native,uniform,0-255,0,2.895740
i128,zmij_x64_v1,uniform,0-255,0,4.205276
i128,zmij_x64_v2,uniform,0-255,0,2.988126
i128,zmij_x64_v3,uniform,0-255,0,2.772567
i128,zmij_x64_v3_nokernel,uniform,0-255,0,2.943603
i128,zmij_x64_v4,uniform,0-255,0,2.938309
i128,fmt,unpredictable,,1,14.742954
i128,naive,unpredictable,,1,9.006761
i128,null,unpredictable,,1,1.183414
i128,zmij_scalar,unpredictable,,1,5.285271
i128,zmij_x64_native,unpredictable,,1,2.965961
i128,zmij_x64_v1,unpredictable,,1,4.212986
i128,zmij_x64_v2,unpredictable,,1,3.047735
i128,zmij_x64_v3,unpredictable,,1,2.629223
i128,zmij_x64_v3_nokernel,unpredictable,,1,3.069606
i128,zmij_x64_v4,unpredictable,,1,3.268061
i128,fmt,unpredictable,,2,15.038898
i128,naive,unpredictable,,2,12.124016
i128,null,unpredictable,,2,1.073955
i128,zmij_scalar,unpredictable,,2,5.416424
i128,zmij_x64_native,unpredictable,,2,3.098318
i128,zmij_x64_v1,unpredictable,,2,4.346601
i128,zmij_x64_v2,unpredictable,,2,3.113662
i128,zmij_x64_v3,unpredictable,,2,2.720022
i128,zmij_x64_v3_nokernel,unpredictable,,2,3.291331
i128,zmij_x64_v4,unpredictable,,2,3.213398
i128,fmt,unpredictable,,3,15.424633
i128,naive,unpredictable,,3,14.031570
i128,null,unpredictable,,3,0.970630
i128,zmij_scalar,unpredictable,,3,5.591419
i128,zmij_x64_native,unpredictable,,3,3.274579
i128,zmij_x64_v1,unpredictable,,3,4.451221
i128,zmij_x64_v2,unpredictable,,3,3.152589
i128,zmij_x64_v3,unpredictable,,3,2.720461
i128,zmij_x64_v3_nokernel,unpredictable,,3,3.109385
i128,zmij_x64_v4,unpredictable,,3,3.211267
i128,fmt,unpredictable,,4,14.395174
i128,naive,unpredictable,,4,16.047991
i128,null,unpredictable,,4,1.280552
i128,zmij_scalar,unpredictable,,4,5.215965
i128,zmij_x64_native,unpredictable,,4,2.941566
i128,zmij_x64_v1,unpredictable,,4,4.194014
i128,zmij_x64_v2,unpredictable,,4,2.962927
i128,zmij_x64_v3,unpredictable,,4,2.608384
i128,zmij_x64_v3_nokernel,unpredictable,,4,3.031824
i128,zmij_x64_v4,unpredictable,,4,3.132665
i128,fmt,unpredictable,,5,14.558775
i128,naive,unpredictable,,5,18.945639
i128,null,unpredictable,,5,1.213368
i128,zmij_scalar,unpredictable,,5,5.120472
i128,zmij_x64_native,unpredictable,,5,2.894109
i128,zmij_x64_v1,unpredictable,,5,4.176438
i128,zmij_x64_v2,unpredictable,,5,2.981211
i128,zmij_x64_v3,unpredictable,,5,2.575225
i128,zmij_x64_v3_nokernel,unpredictable,,5,3.022461
i128,zmij_x64_v4,unpredictable,,5,3.131467
i128,fmt,unpredictable,,6,14.207097
i128,naive,unpredictable,,6,21.657948
i128,null,unpredictable,,6,1.265145
i128,zmij_scalar,unpredictable,,6,5.394889
i128,zmij_x64_native,unpredictable,,6,2.983336
i128,zmij_x64_v1,unpredictable,,6,4.234086
i128,zmij_x64_v2,unpredictable,,6,3.010859
i128,zmij_x64_v3,unpredictable,,6,2.643565
i128,zmij_x64_v3_nokernel,unpredictable,,6,3.245015
i128,zmij_x64_v4,unpredictable,,6,3.304728
i128,fmt,unpredictable,,7,16.003395
i128,naive,unpredictable,,7,24.898243
i128,null,unpredictable,,7,1.223860
i128,zmij_scalar,unpredictable,,7,5.088512
i128,zmij_x64_native,unpredictable,,7,2.961826
i128,zmij_x64_v1,unpredictable,,7,4.779101
i128,zmij_x64_v2,unpredictable,,7,3.564473
i128,zmij_x64_v3,unpredictable,,7,3.102453
i128,zmij_x64_v3_nokernel,unpredictable,,7,3.586915
i128,zmij_x64_v4,unpredictable,,7,3.579778
i128,fmt,unpredictable,,8,15.245765
i128,naive,unpredictable,,8,27.968235
i128,null,unpredictable,,8,1.150876
i128,zmij_scalar,unpredictable,,8,5.114110
i128,zmij_x64_native,unpredictable,,8,2.954755
i128,zmij_x64_v1,unpredictable,,8,4.172865
i128,zmij_x64_v2,unpredictable,,8,2.979765
i128,zmij_x64_v3,unpredictable,,8,2.591302
i128,zmij_x64_v3_nokernel,unpredictable,,8,3.066175
i128,zmij_x64_v4,unpredictable,,8,3.075186
i128,fmt,unpredictable,,9,15.435116
i128,naive,unpredictable,,9,31.200332
i128,null,unpredictable,,9,1.138187
i128,zmij_scalar,unpredictable,,9,5.133825
i128,zmij_x64_native,unpredictable,,9,2.938794
i128,zmij_x64_v1,unpredictable,,9,4.147316
i128,zmij_x64_v2,unpredictable,,9,2.955022
i128,zmij_x64_v3,unpredictable,,9,2.573123
i128,zmij_x64_v3_nokernel,unpredictable,,9,3.053223
i128,zmij_x64_v4,unpredictable,,9,3.111220
i128,fmt,unpredictable,,10,15.611936
i128,naive,unpredictable,,10,33.759224
i128,null,unpredictable,,10,1.237169
i128,zmij_scalar,unpredictable,,10,5.000535
i128,zmij_x64_native,unpredictable,,10,2.930475
i128,zmij_x64_v1,unpredictable,,10,4.122764
i128,zmij_x64_v2,unpredictable,,10,2.930337
i128,zmij_x64_v3,unpredictable,,10,2.567929
i128,zmij_x64_v3_nokernel,unpredictable,,10,3.048369
i128,zmij_x64_v4,unpredictable,,10,3.119433
i128,fmt,unpredictable,,11,16.492468
i128,naive,unpredictable,,11,37.511697
i128,null,unpredictable,,11,1.093843
i128,zmij_scalar,unpredictable,,11,5.148036
i128,zmij_x64_native,unpredictable,,11,3.012522
i128,zmij_x64_v1,unpredictable,,11,4.161847
i128,zmij_x64_v2,unpredictable,,11,2.991816
i128,zmij_x64_v3,unpredictable,,11,2.628349
i128,zmij_x64_v3_nokernel,unpredictable,,11,3.058827
i128,zmij_x64_v4,unpredictable,,11,3.126355
i128,fmt,unpredictable,,12,18.343966
i128,naive,unpredictable,,12,43.237306
i128,null,unpredictable,,12,1.385430
i128,zmij_scalar,unpredictable,,12,5.019950
i128,zmij_x64_native,unpredictable,,12,2.908434
i128,zmij_x64_v1,unpredictable,,12,4.177734
i128,zmij_x64_v2,unpredictable,,12,2.994000
i128,zmij_x64_v3,unpredictable,,12,2.584741
i128,zmij_x64_v3_nokernel,unpredictable,,12,3.073627
i128,zmij_x64_v4,unpredictable,,12,3.108822
i128,fmt,unpredictable,,13,18.106810
i128,naive,unpredictable,,13,44.862430
i128,null,unpredictable,,13,1.066442
i128,zmij_scalar,unpredictable,,13,5.018200
i128,zmij_x64_native,unpredictable,,13,2.935468
i128,zmij_x64_v1,unpredictable,,13,4.144087
i128,zmij_x64_v2,unpredictable,,13,2.931336
i128,zmij_x64_v3,unpredictable,,13,2.575971
i128,zmij_x64_v3_nokernel,unpredictable,,13,3.041352
i128,zmij_x64_v4,unpredictable,,13,3.070575
i128,fmt,unpredictable,,14,17.489810
i128,naive,unpredictable,,14,47.473722
i128,null,unpredictable,,14,1.082909
i128,zmij_scalar,unpredictable,,14,5.044271
i128,zmij_x64_native,unpredictable,,14,2.906723
i128,zmij_x64_v1,unpredictable,,14,4.134742
i128,zmij_x64_v2,unpredictable,,14,2.975040
i128,zmij_x64_v3,unpredictable,,14,2.613406
i128,zmij_x64_v3_nokernel,unpredictable,,14,3.027980
i128,zmij_x64_v4,unpredictable,,14,3.074202
i128,fmt,unpredictable,,15,18.119184
i128,naive,unpredictable,,15,50.213332
i128,null,unpredictable,,15,1.257268
i128,zmij_scalar,unpredictable,,15,5.081363
i128,zmij_x64_native,unpredictable,,15,2.913099
i128,zmij_x64_v1,unpredictable,,15,4.170785
i128,zmij_x64_v2,unpredictable,,15,2.991692
i128,zmij_x64_v3,unpredictable,,15,2.572171
i128,zmij_x64_v3_nokernel,unpredictable,,15,2.985771
i128,zmij_x64_v4,unpredictable,,15,3.076206
i128,fmt,unpredictable,,16,18.354889
i128,naive,unpredictable,,16,52.345212
i128,null,unpredictable,,16,0.976233
i128,zmij_scalar,unpredictable,,16,5.054696
i128,zmij_x64_native,unpredictable,,16,2.949756
i128,zmij_x64_v1,unpredictable,,16,4.171946
i128,zmij_x64_v2,unpredictable,,16,2.966778
i128,zmij_x64_v3,unpredictable,,16,2.597916
i128,zmij_x64_v3_nokernel,unpredictable,,16,3.038331
i128,zmij_x64_v4,unpredictable,,16,3.085818
i128,fmt,unpredictable,,17,19.572486
i128,naive,unpredictable,,17,59.026736
i128,null,unpredictable,,17,1.341144
i128,zmij_scalar,unpredictable,,17,5.847927
i128,zmij_x64_native,unpredictable,,17,3.504749
i128,zmij_x64_v1,unpredictable,,17,4.136254
i128,zmij_x64_v2,unpredictable,,17,3.004839
i128,zmij_x64_v3,unpredictable,,17,2.571626
i128,zmij_x64_v3_nokernel,unpredictable,,17,3.049515
i128,zmij_x64_v4,unpredictable,,17,3.055721
i128,fmt,unpredictable,,18,19.732623
i128,naive,unpredictable,,18,59.504783
i128,null,unpredictable,,18,1.000908
i128,zmij_scalar,unpredictable,,18,5.160663
i128,zmij_x64_native,unpredictable,,18,3.010490
i128,zmij_x64_v1,unpredictable,,18,4.211416
i128,zmij_x64_v2,unpredictable,,18,2.978549
i128,zmij_x64_v3,unpredictable,,18,2.649569
i128,zmij_x64_v3_nokernel,unpredictable,,18,3.045463
i128,zmij_x64_v4,unpredictable,,18,3.123526
i128,fmt,unpredictable,,19,20.436629
i128,naive,unpredictable,,19,62.845348
i128,null,unpredictable,,19,1.177505
i128,zmij_scalar,unpredictable,,19,5.768006
i128,zmij_x64_native,unpredictable,,19,3.558169
i128,zmij_x64_v1,unpredictable,,19,4.652546
i128,zmij_x64_v2,unpredictable,,19,3.564715
i128,zmij_x64_v3,unpredictable,,19,3.270079
i128,zmij_x64_v3_nokernel,unpredictable,,19,3.720354
i128,zmij_x64_v4,unpredictable,,19,3.811211
i128,fmt,unpredictable,,20,25.982331
i128,naive,unpredictable,,20,65.108335
i128,null,unpredictable,,20,1.210793
i128,zmij_scalar,unpredictable,,20,9.617166
i128,zmij_x64_native,unpredictable,,20,4.511481
i128,zmij_x64_v1,unpredictable,,20,5.912403
i128,zmij_x64_v2,unpredictable,,20,5.248479
i128,zmij_x64_v3,unpredictable,,20,5.209940
i128,zmij_x64_v3_nokernel,unpredictable,,20,5.179505
i128,zmij_x64_v4,unpredictable,,20,4.706387
i128,fmt,unpredictable,,21,25.409482
i128,naive,unpredictable,,21,68.829492
i128,null,unpredictable,,21,0.955849
i128,zmij_scalar,unpredictable,,21,9.568050
i128,zmij_x64_native,unpredictable,,21,4.580353
i128,zmij_x64_v1,unpredictable,,21,5.938316
i128,zmij_x64_v2,unpredictable,,21,5.285732
i128,zmij_x64_v3,unpredictable,,21,5.152960
i128,zmij_x64_v3_nokernel,unpredictable,,21,5.159101
i128,zmij_x64_v4,unpredictable,,21,4.763080
i128,fmt,unpredictable,,22,25.865961
i128,naive,unpredictable,,22,72.912787
i128,null,unpredictable,,22,1.067835
i128,zmij_scalar,unpredictable,,22,9.406140
i128,zmij_x64_native,unpredictable,,22,4.663264
i128,zmij_x64_v1,unpredictable,,22,5.939702
i128,zmij_x64_v2,unpredictable,,22,5.254231
i128,zmij_x64_v3,unpredictable,,22,5.124831
i128,zmij_x64_v3_nokernel,unpredictable,,22,5.163296
i128,zmij_x64_v4,unpredictable,,22,4.725358
i128,fmt,unpredictable,,23,25.615191
i128,naive,unpredictable,,23,76.764258
i128,null,unpredictable,,23,1.087189
i128,zmij_scalar,unpredictable,,23,9.369445
i128,zmij_x64_native,unpredictable,,23,4.512341
i128,zmij_x64_v1,unpredictable,,23,5.975718
i128,zmij_x64_v2,unpredictable,,23,5.295718
i128,zmij_x64_v3,unpredictable,,23,5.158277
i128,zmij_x64_v3_nokernel,unpredictable,,23,5.129753
i128,zmij_x64_v4,unpredictable,,23,4.670003
i128,fmt,unpredictable,,24,26.176600
i128,naive,unpredictable,,24,80.897762
i128,null,unpredictable,,24,0.838278
i128,zmij_scalar,unpredictable,,24,9.831801
i128,zmij_x64_native,unpredictable,,24,4.940447
i128,zmij_x64_v1,unpredictable,,24,5.929272
i128,zmij_x64_v2,unpredictable,,24,5.307604
i128,zmij_x64_v3,unpredictable,,24,5.314812
i128,zmij_x64_v3_nokernel,unpredictable,,24,5.322693
i128,zmij_x64_v4,unpredictable,,24,4.746985
i128,fmt,unpredictable,,25,26.254007
i128,naive,unpredictable,,25,82.437744
i128,null,unpredictable,,25,1.227506
i128,zmij_scalar,unpredictable,,25,9.527319
i128,zmij_x64_native,unpredictable,,25,4.572880
i128,zmij_x64_v1,unpredictable,,25,5.968714
i128,zmij_x64_v2,unpredictable,,25,5.300619
i128,zmij_x64_v3,unpredictable,,25,5.190706
i128,zmij_x64_v3_nokernel,unpredictable,,25,5.128019
i128,zmij_x64_v4,unpredictable,,25,4.660992
i128,fmt,unpredictable,,26,26.844496
i128,naive,unpredictable,,26,85.997655
i128,null,unpredictable,,26,1.200570
i128,zmij_scalar,unpredictable,,26,9.597972
i128,zmij_x64_native,unpredictable,,26,4.601608
i128,zmij_x64_v1,unpredictable,,26,6.011583
i128,zmij_x64_v2,unpredictable,,26,5.347897
i128,zmij_x64_v3,unpredictable,,26,5.172749
i128,zmij_x64_v3_nokernel,unpredictable,,26,5.439052
i128,zmij_x64_v4,unpredictable,,26,5.104722
i128,fmt,unpredictable,,27,26.569407
i128,naive,unpredictable,,27,87.613766
i128,null,unpredictable,,27,1.116149
i128,zmij_scalar,unpredictable,,27,9.620373
i128,zmij_x64_native,unpredictable,,27,4.633019
i128,zmij_x64_v1,unpredictable,,27,5.939903
i128,zmij_x64_v2,unpredictable,,27,5.280669
i128,zmij_x64_v3,unpredictable,,27,5.175677
i128,zmij_x64_v3_nokernel,unpredictable,,27,5.280371
i128,zmij_x64_v4,unpredictable,,27,4.910075
i128,fmt,unpredictable,,28,27.038651
i128,naive,unpredictable,,28,91.564833
i128,null,unpredictable,,28,1.136415
i128,zmij_scalar,unpredictable,,28,9.640399
i128,zmij_x64_native,unpredictable,,28,4.609356
i128,zmij_x64_v1,unpredictable,,28,5.973349
i128,zmij_x64_v2,unpredictable,,28,5.272242
i128,zmij_x64_v3,unpredictable,,28,5.162792
i128,zmij_x64_v3_nokernel,unpredictable,,28,5.127007
i128,zmij_x64_v4,unpredictable,,28,4.687034
i128,fmt,unpredictable,,29,27.617511
i128,naive,unpredictable,,29,95.471020
i128,null,unpredictable,,29,0.997823
i128,zmij_scalar,unpredictable,,29,9.631972
i128,zmij_x64_native,unpredictable,,29,4.791083
i128,zmij_x64_v1,unpredictable,,29,6.425656
i128,zmij_x64_v2,unpredictable,,29,5.627521
i128,zmij_x64_v3,unpredictable,,29,5.563094
i128,zmij_x64_v3_nokernel,unpredictable,,29,5.399529
i128,zmij_x64_v4,unpredictable,,29,4.922616
i128,fmt,unpredictable,,30,28.140452
i128,naive,unpredictable,,30,98.890154
i128,null,unpredictable,,30,1.088378
i128,zmij_scalar,unpredictable,,30,9.637380
i128,zmij_x64_native,unpredictable,,30,4.667619
i128,zmij_x64_v1,unpredictable,,30,6.021412
i128,zmij_x64_v2,unpredictable,,30,5.381881
i128,zmij_x64_v3,unpredictable,,30,5.418055
i128,zmij_x64_v3_nokernel,unpredictable,,30,5.469672
i128,zmij_x64_v4,unpredictable,,30,5.016112
i128,fmt,unpredictable,,31,27.805844
i128,naive,unpredictable,,31,102.214130
i128,null,unpredictable,,31,1.024748
i128,zmij_scalar,unpredictable,,31,9.546284
i128,zmij_x64_native,unpredictable,,31,4.579725
i128,zmij_x64_v1,unpredictable,,31,5.921054
i128,zmij_x64_v2,unpredictable,,31,5.317740
i128,zmij_x64_v3,unpredictable,,31,5.168862
i128,zmij_x64_v3_nokernel,unpredictable,,31,5.155789
i128,zmij_x64_v4,unpredictable,,31,4.715601
i128,fmt,unpredictable,,32,28.183167
i128,naive,unpredictable,,32,101.615332
i128,null,unpredictable,,32,1.214516
i128,zmij_scalar,unpredictable,,32,9.451202
i128,zmij_x64_native,unpredictable,,32,4.587573
i128,zmij_x64_v1,unpredictable,,32,5.979434
i128,zmij_x64_v2,unpredictable,,32,5.328957
i128,zmij_x64_v3,unpredictable,,32,5.168026
i128,zmij_x64_v3_nokernel,unpredictable,,32,5.144136
i128,zmij_x64_v4,unpredictable,,32,4.676216
i128,fmt,unpredictable,,33,28.076186
i128,naive,unpredictable,,33,106.864340
i128,null,unpredictable,,33,1.147767
i128,zmij_scalar,unpredictable,,33,11.685924
i128,zmij_x64_native,unpredictable,,33,5.923642
i128,zmij_x64_v1,unpredictable,,33,7.460064
i128,zmij_x64_v2,unpredictable,,33,6.680245
i128,zmij_x64_v3,unpredictable,,33,6.558216
i128,zmij_x64_v3_nokernel,unpredictable,,33,6.696867
i128,zmij_x64_v4,unpredictable,,33,6.368036
i128,fmt,unpredictable,,34,28.837249
i128,naive,unpredictable,,34,110.361483
i128,null,unpredictable,,34,1.161315
i128,zmij_scalar,unpredictable,,34,11.453809
i128,zmij_x64_native,unpredictable,,34,6.067782
i128,zmij_x64_v1,unpredictable,,34,7.825171
i128,zmij_x64_v2,unpredictable,,34,6.882548
i128,zmij_x64_v3,unpredictable,,34,6.595112
i128,zmij_x64_v3_nokernel,unpredictable,,34,6.738507
i128,zmij_x64_v4,unpredictable,,34,6.258237
i128,fmt,unpredictable,,35,28.590279
i128,naive,unpredictable,,35,113.846272
i128,null,unpredictable,,35,1.033449
i128,zmij_scalar,unpredictable,,35,11.420545
i128,zmij_x64_native,unpredictable,,35,5.855656
i128,zmij_x64_v1,unpredictable,,35,7.387827
i128,zmij_x64_v2,unpredictable,,35,6.549279
i128,zmij_x64_v3,unpredictable,,35,6.585028
i128,zmij_x64_v3_nokernel,unpredictable,,35,6.735838
i128,zmij_x64_v4,unpredictable,,35,6.302119
i128,fmt,unpredictable,,36,29.255380
i128,naive,unpredictable,,36,119.478856
i128,null,unpredictable,,36,1.269962
i128,zmij_scalar,unpredictable,,36,11.769700
i128,zmij_x64_native,unpredictable,,36,5.930994
i128,zmij_x64_v1,unpredictable,,36,7.672597
i128,zmij_x64_v2,unpredictable,,36,6.730886
i128,zmij_x64_v3,unpredictable,,36,6.756909
i128,zmij_x64_v3_nokernel,unpredictable,,36,6.894861
i128,zmij_x64_v4,unpredictable,,36,6.485651
i128,fmt,unpredictable,,37,29.490512
i128,naive,unpredictable,,37,120.483588
i128,null,unpredictable,,37,1.113975
i128,zmij_scalar,unpredictable,,37,11.410670
i128,zmij_x64_native,unpredictable,,37,5.858177
i128,zmij_x64_v1,unpredictable,,37,7.385608
i128,zmij_x64_v2,unpredictable,,37,6.528152
i128,zmij_x64_v3,unpredictable,,37,6.518559
i128,zmij_x64_v3_nokernel,unpredictable,,37,6.684896
i128,zmij_x64_v4,unpredictable,,37,6.313550
i128,fmt,unpredictable,,38,30.081713
i128,naive,unpredictable,,38,124.324658
i128,null,unpredictable,,38,0.988822
i128,zmij_scalar,unpredictable,,38,11.406535
i128,zmij_x64_native,unpredictable,,38,5.945750
i128,zmij_x64_v1,unpredictable,,38,7.453013
i128,zmij_x64_v2,unpredictable,,38,6.566084
i128,zmij_x64_v3,unpredictable,,38,6.764823
i128,zmij_x64_v3_nokernel,unpredictable,,38,6.879640
i128,zmij_x64_v4,unpredictable,,38,6.473778
i128,fmt,unpredictable,,39,30.293571
i128,naive,unpredictable,,39,125.851970
i128,null,unpredictable,,39,1.300744
i128,zmij_scalar,unpredictable,,39,11.314263
i128,zmij_x64_native,unpredictable,,39,5.810512
i128,zmij_x64_v1,unpredictable,,39,7.450834
i128,zmij_x64_v2,unpredictable,,39,6.526857
i128,zmij_x64_v3,unpredictable,,39,6.534147
i128,zmij_x64_v3_nokernel,unpredictable,,39,6.682832
i128,zmij_x64_v4,unpredictable,,39,6.299174
i128,fmt,admixture,5x6,0,13.279985
i128,naive,admixture,5x6,0,19.595031
i128,null,admixture,5x6,0,1.061075
i128,zmij_scalar,admixture,5x6,0,5.056093
i128,zmij_x64_native,admixture,5x6,0,2.899879
i128,zmij_x64_v1,admixture,5x6,0,4.206378
i128,zmij_x64_v2,admixture,5x6,0,3.004385
i128,zmij_x64_v3,admixture,5x6,0,2.784408
i128,zmij_x64_v3_nokernel,admixture,5x6,0,2.934907
i128,zmij_x64_v4,admixture,5x6,0,2.947140
i128,fmt,admixture,5x6,10,13.797879
i128,naive,admixture,5x6,10,20.024714
i128,null,admixture,5x6,10,1.246750
i128,zmij_scalar,admixture,5x6,10,5.054955
i128,zmij_x64_native,admixture,5x6,10,2.912874
i128,zmij_x64_v1,admixture,5x6,10,4.210475
i128,zmij_x64_v2,admixture,5x6,10,3.020045
i128,zmij_x64_v3,admixture,5x6,10,2.789161
i128,zmij_x64_v3_nokernel,admixture,5x6,10,2.924027
i128,zmij_x64_v4,admixture,5x6,10,2.925562
i128,fmt,admixture,5x6,20,14.475254
i128,naive,admixture,5x6,20,20.670683
i128,null,admixture,5x6,20,1.103790
i128,zmij_scalar,admixture,5x6,20,5.161680
i128,zmij_x64_native,admixture,5x6,20,2.993225
i128,zmij_x64_v1,admixture,5x6,20,4.309949
i128,zmij_x64_v2,admixture,5x6,20,3.122976
i128,zmij_x64_v3,admixture,5x6,20,2.867329
i128,zmij_x64_v3_nokernel,admixture,5x6,20,3.041945
i128,zmij_x64_v4,admixture,5x6,20,3.008452
i128,fmt,admixture,5x6,30,15.434089
i128,naive,admixture,5x6,30,20.998822
i128,null,admixture,5x6,30,1.154053
i128,zmij_scalar,admixture,5x6,30,5.056143
i128,zmij_x64_native,admixture,5x6,30,2.895073
i128,zmij_x64_v1,admixture,5x6,30,4.223713
i128,zmij_x64_v2,admixture,5x6,30,3.020878
i128,zmij_x64_v3,admixture,5x6,30,2.790824
i128,zmij_x64_v3_nokernel,admixture,5x6,30,3.033928
i128,zmij_x64_v4,admixture,5x6,30,3.003493
i128,fmt,admixture,5x6,40,16.108019
i128,naive,admixture,5x6,40,21.753127
i128,null,admixture,5x6,40,1.171856
i128,zmij_scalar,admixture,5x6,40,5.104905
i128,zmij_x64_native,admixture,5x6,40,2.921421
i128,zmij_x64_v1,admixture,5x6,40,4.206729
i128,zmij_x64_v2,admixture,5x6,40,3.000164
i128,zmij_x64_v3,admixture,5x6,40,2.777349
i128,zmij_x64_v3_nokernel,admixture,5x6,40,2.920021
i128,zmij_x64_v4,admixture,5x6,40,2.951542
i128,fmt,admixture,5x6,50,16.480544
i128,naive,admixture,5x6,50,21.745564
i128,null,admixture,5x6,50,1.008785
i128,zmij_scalar,admixture,5x6,50,5.130500
i128,zmij_x64_native,admixture,5x6,50,2.943253
i128,zmij_x64_v1,admixture,5x6,50,4.272190
i128,zmij_x64_v2,admixture,5x6,50,3.089188
i128,zmij_x64_v3,admixture,5x6,50,2.838789
i128,zmij_x64_v3_nokernel,admixture,5x6,50,2.980596
i128,zmij_x64_v4,admixture,5x6,50,3.004424
i128,fmt,admixture,5x6,60,15.818929
i128,naive,admixture,5x6,60,20.493308
i128,null,admixture,5x6,60,1.064411
i128,zmij_scalar,admixture,5x6,60,5.035062
i128,zmij_x64_native,admixture,5x6,60,2.896675
i128,zmij_x64_v1,admixture,5x6,60,4.189279
i128,zmij_x64_v2,admixture,5x6,60,3.007281
i128,zmij_x64_v3,admixture,5x6,60,2.761731
i128,zmij_x64_v3_nokernel,admixture,5x6,60,2.917885
i128,zmij_x64_v4,admixture,5x6,60,2.944891
i128,fmt,admixture,5x6,70,15.085010
i128,naive,admixture,5x6,70,19.259739
i128,null,admixture,5x6,70,1.160105
i128,zmij_scalar,admixture,5x6,70,5.067878
i128,zmij_x64_native,admixture,5x6,70,2.911165
i128,zmij_x64_v1,admixture,5x6,70,4.191870
i128,zmij_x64_v2,admixture,5x6,70,3.002446
i128,zmij_x64_v3,admixture,5x6,70,2.774066
i128,zmij_x64_v3_nokernel,admixture,5x6,70,2.928777
i128,zmij_x64_v4,admixture,5x6,70,2.946640
i128,fmt,admixture,5x6,80,14.424335
i128,naive,admixture,5x6,80,18.186496
i128,null,admixture,5x6,80,1.144091
i128,zmij_scalar,admixture,5x6,80,5.049915
i128,zmij_x64_native,admixture,5x6,80,2.902413
i128,zmij_x64_v1,admixture,5x6,80,4.200116
i128,zmij_x64_v2,admixture,5x6,80,3.010346
i128,zmij_x64_v3,admixture,5x6,80,2.773280
i128,zmij_x64_v3_nokernel,admixture,5x6,80,2.933738
i128,zmij_x64_v4,admixture,5x6,80,2.937090
i128,fmt,admixture,5x6,90,13.764714
i128,naive,admixture,5x6,90,17.139428
i128,null,admixture,5x6,90,1.168198
i128,zmij_scalar,admixture,5x6,90,5.044904
i128,zmij_x64_native,admixture,5x6,90,2.907038
i128,zmij_x64_v1,admixture,5x6,90,4.193548
i128,zmij_x64_v2,admixture,5x6,90,3.012172
i128,zmij_x64_v3,admixture,5x6,90,2.767809
i128,zmij_x64_v3_nokernel,admixture,5x6,90,2.910151
i128,zmij_x64_v4,admixture,5x6,90,2.940810
i128,fmt,admixture,5x6,100,13.182907
i128,naive,admixture,5x6,100,16.199201
i128,null,admixture,5x6,100,0.955593
i128,zmij_scalar,admixture,5x6,100,5.051093
i128,zmij_x64_native,admixture,5x6,100,2.896975
i128,zmij_x64_v1,admixture,5x6,100,4.189357
i128,zmij_x64_v2,admixture,5x6,100,3.004900
i128,zmij_x64_v3,admixture,5x6,100,2.779384
i128,zmij_x64_v3_nokernel,admixture,5x6,100,2.942895
i128,zmij_x64_v4,admixture,5x6,100,2.943788
i128,fmt,admixture,straddle64,0,24.867563
i128,naive,admixture,straddle64,0,73.858453
i128,null,admixture,straddle64,0,1.217107
i128,zmij_scalar,admixture,straddle64,0,9.549893
i128,zmij_x64_native,admixture,straddle64,0,4.681702
i128,zmij_x64_v1,admixture,straddle64,0,6.211901
i128,zmij_x64_v2,admixture,straddle64,0,5.413143
i128,zmij_x64_v3,admixture,straddle64,0,5.239900
i128,zmij_x64_v3_nokernel,admixture,straddle64,0,5.205272
i128,zmij_x64_v4,admixture,straddle64,0,4.758543
i128,fmt,admixture,straddle64,10,25.535546
i128,naive,admixture,straddle64,10,73.769987
i128,null,admixture,straddle64,10,1.187072
i128,zmij_scalar,admixture,straddle64,10,9.568322
i128,zmij_x64_native,admixture,straddle64,10,4.908114
i128,zmij_x64_v1,admixture,straddle64,10,6.140976
i128,zmij_x64_v2,admixture,straddle64,10,5.456569
i128,zmij_x64_v3,admixture,straddle64,10,5.266668
i128,zmij_x64_v3_nokernel,admixture,straddle64,10,5.260859
i128,zmij_x64_v4,admixture,straddle64,10,4.856384
i128,fmt,admixture,straddle64,20,25.728496
i128,naive,admixture,straddle64,20,73.269369
i128,null,admixture,straddle64,20,1.173411
i128,zmij_scalar,admixture,straddle64,20,9.516113
i128,zmij_x64_native,admixture,straddle64,20,5.055756
i128,zmij_x64_v1,admixture,straddle64,20,6.240950
i128,zmij_x64_v2,admixture,straddle64,20,5.731465
i128,zmij_x64_v3,admixture,straddle64,20,5.522831
i128,zmij_x64_v3_nokernel,admixture,straddle64,20,5.477296
i128,zmij_x64_v4,admixture,straddle64,20,5.111547
i128,fmt,admixture,straddle64,30,26.259554
i128,naive,admixture,straddle64,30,73.018044
i128,null,admixture,straddle64,30,1.186969
i128,zmij_scalar,admixture,straddle64,30,9.540011
i128,zmij_x64_native,admixture,straddle64,30,5.178256
i128,zmij_x64_v1,admixture,straddle64,30,6.330450
i128,zmij_x64_v2,admixture,straddle64,30,5.692777
i128,zmij_x64_v3,admixture,straddle64,30,5.458989
i128,zmij_x64_v3_nokernel,admixture,straddle64,30,5.511043
i128,zmij_x64_v4,admixture,straddle64,30,5.110221
i128,fmt,admixture,straddle64,40,26.864774
i128,naive,admixture,straddle64,40,72.543561
i128,null,admixture,straddle64,40,1.099123
i128,zmij_scalar,admixture,straddle64,40,9.408306
i128,zmij_x64_native,admixture,straddle64,40,5.364869
i128,zmij_x64_v1,admixture,straddle64,40,6.407459
i128,zmij_x64_v2,admixture,straddle64,40,5.779881
i128,zmij_x64_v3,admixture,straddle64,40,5.559196
i128,zmij_x64_v3_nokernel,admixture,straddle64,40,5.607398
i128,zmij_x64_v4,admixture,straddle64,40,5.323524
i128,fmt,admixture,straddle64,50,27.564007
i128,naive,admixture,straddle64,50,72.852742
i128,null,admixture,straddle64,50,1.249833
i128,zmij_scalar,admixture,straddle64,50,9.571398
i128,zmij_x64_native,admixture,straddle64,50,5.478164
i128,zmij_x64_v1,admixture,straddle64,50,6.519590
i128,zmij_x64_v2,admixture,straddle64,50,5.866083
i128,zmij_x64_v3,admixture,straddle64,50,5.722783
i128,zmij_x64_v3_nokernel,admixture,straddle64,50,5.767717
i128,zmij_x64_v4,admixture,straddle64,50,5.522912
i128,fmt,admixture,straddle64,60,26.991558
i128,naive,admixture,straddle64,60,71.927814
i128,null,admixture,straddle64,60,1.056100
i128,zmij_scalar,admixture,straddle64,60,9.348058
i128,zmij_x64_native,admixture,straddle64,60,5.724334
i128,zmij_x64_v1,admixture,straddle64,60,6.592659
i128,zmij_x64_v2,admixture,straddle64,60,5.911411
i128,zmij_x64_v3,admixture,straddle64,60,5.822965
i128,zmij_x64_v3_nokernel,admixture,straddle64,60,5.823359
i128,zmij_x64_v4,admixture,straddle64,60,5.738142
i128,fmt,admixture,straddle64,70,25.897408
i128,naive,admixture,straddle64,70,70.556929
i128,null,admixture,straddle64,70,1.239092
i128,zmij_scalar,admixture,straddle64,70,9.302678
i128,zmij_x64_native,admixture,straddle64,70,5.856672
i128,zmij_x64_v1,admixture,straddle64,70,6.691092
i128,zmij_x64_v2,admixture,straddle64,70,6.012682
i128,zmij_x64_v3,admixture,straddle64,70,5.917285
i128,zmij_x64_v3_nokernel,admixture,straddle64,70,5.966380
i128,zmij_x64_v4,admixture,straddle64,70,5.772908
i128,fmt,admixture,straddle64,80,25.214448
i128,naive,admixture,straddle64,80,69.337586
i128,null,admixture,straddle64,80,1.067977
i128,zmij_scalar,admixture,straddle64,80,9.231965
i128,zmij_x64_native,admixture,straddle64,80,6.031211
i128,zmij_x64_v1,admixture,straddle64,80,6.756928
i128,zmij_x64_v2,admixture,straddle64,80,6.078658
i128,zmij_x64_v3,admixture,straddle64,80,6.060568
i128,zmij_x64_v3_nokernel,admixture,straddle64,80,5.996207
i128,zmij_x64_v4,admixture,straddle64,80,5.939636
i128,fmt,admixture,straddle64,90,24.560047
i128,naive,admixture,straddle64,90,70.984550
i128,null,admixture,straddle64,90,1.247067
i128,zmij_scalar,admixture,straddle64,90,9.129391
i128,zmij_x64_native,admixture,straddle64,90,6.239009
i128,zmij_x64_v1,admixture,straddle64,90,6.969180
i128,zmij_x64_v2,admixture,straddle64,90,6.347886
i128,zmij_x64_v3,admixture,straddle64,90,6.199971
i128,zmij_x64_v3_nokernel,admixture,straddle64,90,6.138493
i128,zmij_x64_v4,admixture,straddle64,90,6.252398
i128,fmt,admixture,straddle64,100,23.386807
i128,naive,admixture,straddle64,100,67.235150
i128,null,admixture,straddle64,100,1.249037
i128,zmij_scalar,admixture,straddle64,100,8.986033
i128,zmij_x64_native,admixture,straddle64,100,6.303550
i128,zmij_x64_v1,admixture,straddle64,100,6.929866
i128,zmij_x64_v2,admixture,straddle64,100,6.231984
i128,zmij_x64_v3,admixture,straddle64,100,6.156079
i128,zmij_x64_v3_nokernel,admixture,straddle64,100,6.169300
i128,zmij_x64_v4,admixture,straddle64,100,6.332279
i128,fmt,admixture,straddle1e32,0,28.793315
i128,naive,admixture,straddle1e32,0,110.564793
i128,null,admixture,straddle1e32,0,1.186341
i128,zmij_scalar,admixture,straddle1e32,0,11.216008
i128,zmij_x64_native,admixture,straddle1e32,0,5.134568
i128,zmij_x64_v1,admixture,straddle1e32,0,6.620649
i128,zmij_x64_v2,admixture,straddle1e32,0,5.926486
i128,zmij_x64_v3,admixture,straddle1e32,0,5.679849
i128,zmij_x64_v3_nokernel,admixture,straddle1e32,0,5.872513
i128,zmij_x64_v4,admixture,straddle1e32,0,5.218399
i128,fmt,admixture,straddle1e32,10,29.254828
i128,naive,admixture,straddle1e32,10,110.510815
i128,null,admixture,straddle1e32,10,1.179636
i128,zmij_scalar,admixture,straddle1e32,10,11.193249
i128,zmij_x64_native,admixture,straddle1e32,10,5.715978
i128,zmij_x64_v1,admixture,straddle1e32,10,7.039601
i128,zmij_x64_v2,admixture,straddle1e32,10,6.356536
i128,zmij_x64_v3,admixture,straddle1e32,10,6.117825
i128,zmij_x64_v3_nokernel,admixture,straddle1e32,10,6.461548
i128,zmij_x64_v4,admixture,straddle1e32,10,5.767549
i128,fmt,admixture,straddle1e32,20,29.599418
i128,naive,admixture,straddle1e32,20,111.190293
i128,null,admixture,straddle1e32,20,1.140263
i128,zmij_scalar,admixture,straddle1e32,20,11.370117
i128,zmij_x64_native,admixture,straddle1e32,20,6.314194
i128,zmij_x64_v1,admixture,straddle1e32,20,7.577893
i128,zmij_x64_v2,admixture,straddle1e32,20,6.791201
i128,zmij_x64_v3,admixture,straddle1e32,20,6.588055
i128,zmij_x64_v3_nokernel,admixture,straddle1e32,20,6.801157
i128,zmij_x64_v4,admixture,straddle1e32,20,6.211017
i128,fmt,admixture,straddle1e32,30,30.053617
i128,naive,admixture,straddle1e32,30,110.432964
i128,null,admixture,straddle1e32,30,1.014018
i128,zmij_scalar,admixture,straddle1e32,30,11.202705
i128,zmij_x64_native,admixture,straddle1e32,30,6.682392
i128,zmij_x64_v1,admixture,straddle1e32,30,7.916069
i128,zmij_x64_v2,admixture,straddle1e32,30,7.152639
i128,zmij_x64_v3,admixture,straddle1e32,30,6.930273
i128,zmij_x64_v3_nokernel,admixture,straddle1e32,30,7.085758
i128,zmij_x64_v4,admixture,straddle1e32,30,6.737303
i128,fmt,admixture,straddle1e32,40,30.198455
i128,naive,admixture,straddle1e32,40,110.460495
i128,null,admixture,straddle1e32,40,1.130405
i128,zmij_scalar,admixture,straddle1e32,40,11.200049
i128,zmij_x64_native,admixture,straddle1e32,40,7.178711
i128,zmij_x64_v1,admixture,straddle1e32,40,8.462377
i128,zmij_x64_v2,admixture,straddle1e32,40,7.567356
i128,zmij_x64_v3,admixture,straddle1e32,40,7.375730
i128,zmij_x64_v3_nokernel,admixture,straddle1e32,40,7.529574
i128,zmij_x64_v4,admixture,straddle1e32,40,7.285094
i128,fmt,admixture,straddle1e32,50,30.661753
i128,naive,admixture,straddle1e32,50,110.617238
i128,null,admixture,straddle1e32,50,1.117496
i128,zmij_scalar,admixture,straddle1e32,50,11.292912
i128,zmij_x64_native,admixture,straddle1e32,50,7.365000
i128,zmij_x64_v1,admixture,straddle1e32,50,8.768210
i128,zmij_x64_v2,admixture,straddle1e32,50,7.931378
i128,zmij_x64_v3,admixture,straddle1e32,50,7.565714
i128,zmij_x64_v3_nokernel,admixture,straddle1e32,50,7.742248
i128,zmij_x64_v4,admixture,straddle1e32,50,7.306506
i128,fmt,admixture,straddle1e32,60,29.692806
i128,naive,admixture,straddle1e32,60,108.830559
i128,null,admixture,straddle1e32,60,1.088547
i128,zmij_scalar,admixture,straddle1e32,60,10.911734
i128,zmij_x64_native,admixture,straddle1e32,60,6.997388
i128,zmij_x64_v1,admixture,straddle1e32,60,8.479044
i128,zmij_x64_v2,admixture,straddle1e32,60,7.707337
i128,zmij_x64_v3,admixture,straddle1e32,60,7.253778
i128,zmij_x64_v3_nokernel,admixture,straddle1e32,60,7.488691
i128,zmij_x64_v4,admixture,straddle1e32,60,6.955860
i128,fmt,admixture,straddle1e32,70,29.259594
i128,naive,admixture,straddle1e32,70,106.487217
i128,null,admixture,straddle1e32,70,1.085363
i128,zmij_scalar,admixture,straddle1e32,70,10.572103
i128,zmij_x64_native,admixture,straddle1e32,70,6.699793
i128,zmij_x64_v1,admixture,straddle1e32,70,7.829328
i128,zmij_x64_v2,admixture,straddle1e32,70,7.178142
i128,zmij_x64_v3,admixture,straddle1e32,70,6.719492
i128,zmij_x64_v3_nokernel,admixture,straddle1e32,70,6.900968
i128,zmij_x64_v4,admixture,straddle1e32,70,6.398383
i128,fmt,admixture,straddle1e32,80,29.116514
i128,naive,admixture,straddle1e32,80,105.380222
i128,null,admixture,straddle1e32,80,1.141347
i128,zmij_scalar,admixture,straddle1e32,80,10.242558
i128,zmij_x64_native,admixture,straddle1e32,80,6.084650
i128,zmij_x64_v1,admixture,straddle1e32,80,7.208335
i128,zmij_x64_v2,admixture,straddle1e32,80,6.612405
i128,zmij_x64_v3,admixture,straddle1e32,80,6.218623
i128,zmij_x64_v3_nokernel,admixture,straddle1e32,80,6.413379
i128,zmij_x64_v4,admixture,straddle1e32,80,5.956573
i128,fmt,admixture,straddle1e32,90,28.316102
i128,naive,admixture,straddle1e32,90,104.407335
i128,null,admixture,straddle1e32,90,1.163254
i128,zmij_scalar,admixture,straddle1e32,90,9.848754
i128,zmij_x64_native,admixture,straddle1e32,90,5.350142
i128,zmij_x64_v1,admixture,straddle1e32,90,6.614155
i128,zmij_x64_v2,admixture,straddle1e32,90,5.988684
i128,zmij_x64_v3,admixture,straddle1e32,90,5.741660
i128,zmij_x64_v3_nokernel,admixture,straddle1e32,90,5.855703
i128,zmij_x64_v4,admixture,straddle1e32,90,5.335595
i128,fmt,admixture,straddle1e32,100,27.871756
i128,naive,admixture,straddle1e32,100,102.685433
i128,null,admixture,straddle1e32,100,1.192396
i128,zmij_scalar,admixture,straddle1e32,100,9.498808
i128,zmij_x64_native,admixture,straddle1e32,100,4.663739
i128,zmij_x64_v1,admixture,straddle1e32,100,6.003537
i128,zmij_x64_v2,admixture,straddle1e32,100,5.320822
i128,zmij_x64_v3,admixture,straddle1e32,100,5.117768
i128,zmij_x64_v3_nokernel,admixture,straddle1e32,100,5.105595
i128,zmij_x64_v4,admixture,straddle1e32,100,4.628686
