Type,Function,Mode,Series,X,Time_ns
u32,amartin,bylength,,1,0.774377
u32,branchlut,bylength,,1,0.848225
u32,branchlut2,bylength,,1,1.059815
u32,countlut,bylength,,1,0.975638
u32,fmt,bylength,,1,1.166199
u32,jeaiii,bylength,,1,0.817602
u32,naive,bylength,,1,2.227438
u32,null,bylength,,1,0.801016
u32,sse2,bylength,,1,0.884036
u32,tmueller,bylength,,1,0.766159
u32,unrolledlut,bylength,,1,0.966906
u32,yy,bylength,,1,0.959137
u32,amartin,bylength,,2,0.812911
u32,branchlut,bylength,,2,1.165998
u32,branchlut2,bylength,,2,1.075171
u32,countlut,bylength,,2,1.164459
u32,fmt,bylength,,2,1.182222
u32,jeaiii,bylength,,2,0.838212
u32,naive,bylength,,2,2.591800
u32,null,bylength,,2,0.819866
u32,sse2,bylength,,2,1.038547
u32,tmueller,bylength,,2,1.353396
u32,unrolledlut,bylength,,2,1.186952
u32,yy,bylength,,2,0.998465
u32,amartin,bylength,,3,0.953241
u32,branchlut,bylength,,3,1.164546
u32,branchlut2,bylength,,3,1.001140
u32,countlut,bylength,,3,1.498208
u32,fmt,bylength,,3,1.689848
u32,jeaiii,bylength,,3,0.975581
u32,naive,bylength,,3,3.293655
u32,null,bylength,,3,0.783195
u32,sse2,bylength,,3,1.050777
u32,tmueller,bylength,,3,1.354189
u32,unrolledlut,bylength,,3,1.327884
u32,yy,bylength,,3,0.991756
u32,amartin,bylength,,4,0.936320
u32,branchlut,bylength,,4,1.305632
u32,branchlut2,bylength,,4,1.232948
u32,countlut,bylength,,4,1.678392
u32,fmt,bylength,,4,1.677647
u32,jeaiii,bylength,,4,1.025008
u32,naive,bylength,,4,4.020927
u32,null,bylength,,4,0.990516
u32,sse2,bylength,,4,1.100051
u32,tmueller,bylength,,4,1.053720
u32,unrolledlut,bylength,,4,1.191566
u32,yy,bylength,,4,1.064316
u32,amartin,bylength,,5,1.357972
u32,branchlut,bylength,,5,2.093194
u32,branchlut2,bylength,,5,1.945992
u32,countlut,bylength,,5,1.865971
u32,fmt,bylength,,5,2.247809
u32,jeaiii,bylength,,5,1.179814
u32,naive,bylength,,5,4.672133
u32,null,bylength,,5,0.884237
u32,sse2,bylength,,5,2.076750
u32,tmueller,bylength,,5,1.026174
u32,unrolledlut,bylength,,5,1.463763
u32,yy,bylength,,5,1.369916
u32,amartin,bylength,,6,1.365874
u32,branchlut,bylength,,6,2.241628
u32,branchlut2,bylength,,6,2.031031
u32,countlut,bylength,,6,1.997607
u32,fmt,bylength,,6,2.226233
u32,jeaiii,bylength,,6,1.327330
u32,naive,bylength,,6,5.305624
u32,null,bylength,,6,1.072543
u32,sse2,bylength,,6,2.158501
u32,tmueller,bylength,,6,1.326824
u32,unrolledlut,bylength,,6,1.535281
u32,yy,bylength,,6,1.417460
u32,amartin,bylength,,7,1.944234
u32,branchlut,bylength,,7,2.327562
u32,branchlut2,bylength,,7,2.517807
u32,countlut,bylength,,7,2.264397
u32,fmt,bylength,,7,2.808292
u32,jeaiii,bylength,,7,1.313734
u32,naive,bylength,,7,5.939211
u32,null,bylength,,7,0.988260
u32,sse2,bylength,,7,2.289725
u32,tmueller,bylength,,7,1.307151
u32,unrolledlut,bylength,,7,1.694989
u32,yy,bylength,,7,1.733103
u32,amartin,bylength,,8,1.957047
u32,branchlut,bylength,,8,2.355816
u32,branchlut2,bylength,,8,2.632494
u32,countlut,bylength,,8,2.541876
u32,fmt,bylength,,8,2.798203
u32,jeaiii,bylength,,8,1.464289
u32,naive,bylength,,8,6.512804
u32,null,bylength,,8,0.928724
u32,sse2,bylength,,8,2.360154
u32,tmueller,bylength,,8,1.951324
u32,unrolledlut,bylength,,8,1.712215
u32,yy,bylength,,8,1.711442
u32,amartin,bylength,,9,2.240070
u32,branchlut,bylength,,9,3.793906
u32,branchlut2,bylength,,9,3.582372
u32,countlut,bylength,,9,2.786365
u32,fmt,bylength,,9,3.362842
u32,jeaiii,bylength,,9,1.691587
u32,naive,bylength,,9,6.877117
u32,null,bylength,,9,1.108856
u32,sse2,bylength,,9,1.704773
u32,tmueller,bylength,,9,1.977418
u32,unrolledlut,bylength,,9,2.192201
u32,yy,bylength,,9,2.065752
u32,amartin,bylength,,10,2.250523
u32,branchlut,bylength,,10,3.864717
u32,branchlut2,bylength,,10,3.646236
u32,countlut,bylength,,10,3.040817
u32,fmt,bylength,,10,3.310472
u32,jeaiii,bylength,,10,1.831851
u32,naive,bylength,,10,7.597260
u32,null,bylength,,10,0.787151
u32,sse2,bylength,,10,1.800168
u32,tmueller,bylength,,10,1.939199
u32,unrolledlut,bylength,,10,2.173836
u32,yy,bylength,,10,2.062780
u32,amartin,loguniform,1-10,10,5.809511
u32,branchlut,loguniform,1-10,10,8.325916
u32,branchlut2,loguniform,1-10,10,9.087042
u32,countlut,loguniform,1-10,10,8.476503
u32,fmt,loguniform,1-10,10,9.573607
u32,jeaiii,loguniform,1-10,10,8.570969
u32,naive,loguniform,1-10,10,10.490996
u32,null,loguniform,1-10,10,0.881500
u32,sse2,loguniform,1-10,10,8.248190
u32,tmueller,loguniform,1-10,10,6.516305
u32,unrolledlut,loguniform,1-10,10,8.024023
u32,yy,loguniform,1-10,10,5.810725
u32,amartin,loguniform,1-4,4,3.649370
u32,branchlut,loguniform,1-4,4,5.446527
u32,branchlut2,loguniform,1-4,4,6.405025
u32,countlut,loguniform,1-4,4,6.170666
u32,fmt,loguniform,1-4,4,6.469243
u32,jeaiii,loguniform,1-4,4,5.931705
u32,naive,loguniform,1-4,4,7.088344
u32,null,loguniform,1-4,4,0.729717
u32,sse2,loguniform,1-4,4,5.495811
u32,tmueller,loguniform,1-4,4,4.128189
u32,unrolledlut,loguniform,1-4,4,6.193797
u32,yy,loguniform,1-4,4,3.759633
u32,amartin,uniform,0-255,0,3.185190
u32,branchlut,uniform,0-255,0,3.595234
u32,branchlut2,uniform,0-255,0,3.640245
u32,countlut,uniform,0-255,0,3.594784
u32,fmt,uniform,0-255,0,3.770535
u32,jeaiii,uniform,0-255,0,3.502102
u32,naive,uniform,0-255,0,5.393510
u32,null,uniform,0-255,0,0.880932
u32,sse2,uniform,0-255,0,3.517171
u32,tmueller,uniform,0-255,0,1.567489
u32,unrolledlut,uniform,0-255,0,3.708304
u32,yy,uniform,0-255,0,3.381531
u32,amartin,unpredictable,,1,3.042342
u32,branchlut,unpredictable,,1,2.076474
u32,branchlut2,unpredictable,,1,1.461533
u32,countlut,unpredictable,,1,4.152358
u32,fmt,unpredictable,,1,4.292488
u32,jeaiii,unpredictable,,1,3.608477
u32,naive,unpredictable,,1,5.501616
u32,null,unpredictable,,1,0.483197
u32,sse2,unpredictable,,1,2.308849
u32,tmueller,unpredictable,,1,1.638930
u32,unrolledlut,unpredictable,,1,1.916467
u32,yy,unpredictable,,1,4.065104
u32,amartin,unpredictable,,2,3.102748
u32,branchlut,unpredictable,,2,2.447009
u32,branchlut2,unpredictable,,2,1.456604
u32,countlut,unpredictable,,2,4.387004
u32,fmt,unpredictable,,2,4.360134
u32,jeaiii,unpredictable,,2,3.477020
u32,naive,unpredictable,,2,5.866571
u32,null,unpredictable,,2,0.473031
u32,sse2,unpredictable,,2,2.624138
u32,tmueller,unpredictable,,2,1.821984
u32,unrolledlut,unpredictable,,2,2.064281
u32,yy,unpredictable,,2,4.107754
u32,amartin,unpredictable,,3,2.094102
u32,branchlut,unpredictable,,3,2.769412
u32,branchlut2,unpredictable,,3,1.576975
u32,countlut,unpredictable,,3,3.111625
u32,fmt,unpredictable,,3,3.643696
u32,jeaiii,unpredictable,,3,1.420860
u32,naive,unpredictable,,3,5.538948
u32,null,unpredictable,,3,0.465072
u32,sse2,unpredictable,,3,2.694443
u32,tmueller,unpredictable,,3,1.807670
u32,unrolledlut,unpredictable,,3,1.392999
u32,yy,unpredictable,,3,3.202129
u32,amartin,unpredictable,,4,2.060182
u32,branchlut,unpredictable,,4,3.172145
u32,branchlut2,unpredictable,,4,1.664078
u32,countlut,unpredictable,,4,3.428311
u32,fmt,unpredictable,,4,3.738211
u32,jeaiii,unpredictable,,4,1.664068
u32,naive,unpredictable,,4,6.040865
u32,null,unpredictable,,4,0.473699
u32,sse2,unpredictable,,4,3.030600
u32,tmueller,unpredictable,,4,1.703752
u32,unrolledlut,unpredictable,,4,1.413714
u32,yy,unpredictable,,4,3.083879
u32,amartin,unpredictable,,5,1.729356
u32,branchlut,unpredictable,,5,1.951306
u32,branchlut2,unpredictable,,5,2.299818
u32,countlut,unpredictable,,5,2.897407
u32,fmt,unpredictable,,5,3.426075
u32,jeaiii,unpredictable,,5,1.858299
u32,naive,unpredictable,,5,6.437065
u32,null,unpredictable,,5,1.101241
u32,sse2,unpredictable,,5,1.935982
u32,tmueller,unpredictable,,5,1.788215
u32,unrolledlut,unpredictable,,5,1.766860
u32,yy,unpredictable,,5,2.591728
u32,amartin,unpredictable,,6,1.451978
u32,branchlut,unpredictable,,6,2.110488
u32,branchlut2,unpredictable,,6,2.043633
u32,countlut,unpredictable,,6,3.163220
u32,fmt,unpredictable,,6,3.339119
u32,jeaiii,unpredictable,,6,1.773203
u32,naive,unpredictable,,6,6.589939
u32,null,unpredictable,,6,0.419486
u32,sse2,unpredictable,,6,2.020407
u32,tmueller,unpredictable,,6,1.905492
u32,unrolledlut,unpredictable,,6,1.890384
u32,yy,unpredictable,,6,2.412041
u32,amartin,unpredictable,,7,2.038568
u32,branchlut,unpredictable,,7,2.694596
u32,branchlut2,unpredictable,,7,2.548893
u32,countlut,unpredictable,,7,2.609653
u32,fmt,unpredictable,,7,3.222977
u32,jeaiii,unpredictable,,7,1.681839
u32,naive,unpredictable,,7,6.660208
u32,null,unpredictable,,7,0.430053
u32,sse2,unpredictable,,7,2.585154
u32,tmueller,unpredictable,,7,1.960124
u32,unrolledlut,unpredictable,,7,3.472911
u32,yy,unpredictable,,7,1.750254
u32,amartin,unpredictable,,8,2.205548
u32,branchlut,unpredictable,,8,3.127887
u32,branchlut2,unpredictable,,8,2.849125
u32,countlut,unpredictable,,8,2.839849
u32,fmt,unpredictable,,8,3.270140
u32,jeaiii,unpredictable,,8,1.875898
u32,naive,unpredictable,,8,6.208054
u32,null,unpredictable,,8,1.078712
u32,sse2,unpredictable,,8,3.117817
u32,tmueller,unpredictable,,8,1.919288
u32,unrolledlut,unpredictable,,8,3.643390
u32,yy,unpredictable,,8,1.838024
u32,amartin,unpredictable,,9,4.883960
u32,branchlut,unpredictable,,9,4.384921
u32,branchlut2,unpredictable,,9,6.298857
u32,countlut,unpredictable,,9,3.271840
u32,fmt,unpredictable,,9,3.901331
u32,jeaiii,unpredictable,,9,2.207012
u32,naive,unpredictable,,9,6.933931
u32,null,unpredictable,,9,1.118306
u32,sse2,unpredictable,,9,2.556776
u32,tmueller,unpredictable,,9,1.953246
u32,unrolledlut,unpredictable,,9,5.027139
u32,yy,unpredictable,,9,2.412842
u32,amartin,unpredictable,,10,4.861350
u32,branchlut,unpredictable,,10,4.321649
u32,branchlut2,unpredictable,,10,6.308870
u32,countlut,unpredictable,,10,3.426763
u32,fmt,unpredictable,,10,3.926575
u32,jeaiii,unpredictable,,10,2.312363
u32,naive,unpredictable,,10,7.869865
u32,null,unpredictable,,10,1.127105
u32,sse2,unpredictable,,10,2.810514
u32,tmueller,unpredictable,,10,1.932511
u32,unrolledlut,unpredictable,,10,4.869082
u32,yy,unpredictable,,10,2.490103
u32,amartin,admixture,5x6,0,1.344041
u32,branchlut,admixture,5x6,0,2.226693
u32,branchlut2,admixture,5x6,0,2.031136
u32,countlut,admixture,5x6,0,1.993901
u32,fmt,admixture,5x6,0,2.214214
u32,jeaiii,admixture,5x6,0,1.181200
u32,naive,admixture,5x6,0,5.301974
u32,null,admixture,5x6,0,0.846926
u32,sse2,admixture,5x6,0,2.162934
u32,tmueller,admixture,5x6,0,1.318398
u32,unrolledlut,admixture,5x6,0,1.440813
u32,yy,admixture,5x6,0,1.430790
u32,amartin,admixture,5x6,10,1.368665
u32,branchlut,admixture,5x6,10,2.699826
u32,branchlut2,admixture,5x6,10,2.518467
u32,countlut,admixture,5x6,10,2.583871
u32,fmt,admixture,5x6,10,2.898222
u32,jeaiii,admixture,5x6,10,1.804420
u32,naive,admixture,5x6,10,5.853065
u32,null,admixture,5x6,10,0.915186
u32,sse2,admixture,5x6,10,2.623456
u32,tmueller,admixture,5x6,10,1.885626
u32,unrolledlut,admixture,5x6,10,2.212370
u32,yy,admixture,5x6,10,1.328410
u32,amartin,admixture,5x6,20,1.346345
u32,branchlut,admixture,5x6,20,3.185726
u32,branchlut2,admixture,5x6,20,3.013730
u32,countlut,admixture,5x6,20,3.192021
u32,fmt,admixture,5x6,20,3.536166
u32,jeaiii,admixture,5x6,20,2.427086
u32,naive,admixture,5x6,20,6.388095
u32,null,admixture,5x6,20,1.094576
u32,sse2,admixture,5x6,20,3.110741
u32,tmueller,admixture,5x6,20,2.392717
u32,unrolledlut,admixture,5x6,20,2.881321
u32,yy,admixture,5x6,20,1.319324
u32,amartin,admixture,5x6,30,1.349298
u32,branchlut,admixture,5x6,30,3.588116
u32,branchlut2,admixture,5x6,30,3.546838
u32,countlut,admixture,5x6,30,3.732240
u32,fmt,admixture,5x6,30,4.201131
u32,jeaiii,admixture,5x6,30,3.059057
u32,naive,admixture,5x6,30,6.984552
u32,null,admixture,5x6,30,0.898952
u32,sse2,admixture,5x6,30,3.524548
u32,tmueller,admixture,5x6,30,2.952923
u32,unrolledlut,admixture,5x6,30,3.393398
u32,yy,admixture,5x6,30,1.346469
u32,amartin,admixture,5x6,40,1.368836
u32,branchlut,admixture,5x6,40,3.894985
u32,branchlut2,admixture,5x6,40,4.065845
u32,countlut,admixture,5x6,40,4.365349
u32,fmt,admixture,5x6,40,4.798104
u32,jeaiii,admixture,5x6,40,3.578886
u32,naive,admixture,5x6,40,7.526203
u32,null,admixture,5x6,40,0.758363
u32,sse2,admixture,5x6,40,3.986770
u32,tmueller,admixture,5x6,40,3.628641
u32,unrolledlut,admixture,5x6,40,3.804016
u32,yy,admixture,5x6,40,1.288241
u32,amartin,admixture,5x6,50,1.321177
u32,branchlut,admixture,5x6,50,4.161717
u32,branchlut2,admixture,5x6,50,4.386235
u32,countlut,admixture,5x6,50,4.680791
u32,fmt,admixture,5x6,50,5.120472
u32,jeaiii,admixture,5x6,50,3.929336
u32,naive,admixture,5x6,50,7.761002
u32,null,admixture,5x6,50,0.788050
u32,sse2,admixture,5x6,50,4.101227
u32,tmueller,admixture,5x6,50,3.966064
u32,unrolledlut,admixture,5x6,50,4.081610
u32,yy,admixture,5x6,50,1.347272
u32,amartin,admixture,5x6,60,1.368484
u32,branchlut,admixture,5x6,60,4.008965
u32,branchlut2,admixture,5x6,60,4.078743
u32,countlut,admixture,5x6,60,4.248590
u32,fmt,admixture,5x6,60,4.846786
u32,jeaiii,admixture,5x6,60,3.586624
u32,naive,admixture,5x6,60,7.403205
u32,null,admixture,5x6,60,0.805964
u32,sse2,admixture,5x6,60,3.897059
u32,tmueller,admixture,5x6,60,3.606203
u32,unrolledlut,admixture,5x6,60,3.679708
u32,yy,admixture,5x6,60,1.328526
u32,amartin,admixture,5x6,70,1.355508
u32,branchlut,admixture,5x6,70,3.507617
u32,branchlut2,admixture,5x6,70,3.523376
u32,countlut,admixture,5x6,70,3.623554
u32,fmt,admixture,5x6,70,4.245342
u32,jeaiii,admixture,5x6,70,2.955112
u32,naive,admixture,5x6,70,6.629091
u32,null,admixture,5x6,70,0.787584
u32,sse2,admixture,5x6,70,3.400593
u32,tmueller,admixture,5x6,70,2.905399
u32,unrolledlut,admixture,5x6,70,3.120305
u32,yy,admixture,5x6,70,1.362058
u32,amartin,admixture,5x6,80,1.331511
u32,branchlut,admixture,5x6,80,3.003162
u32,branchlut2,admixture,5x6,80,2.883729
u32,countlut,admixture,5x6,80,2.983883
u32,fmt,admixture,5x6,80,3.474732
u32,jeaiii,admixture,5x6,80,2.340681
u32,naive,admixture,5x6,80,5.860148
u32,null,admixture,5x6,80,0.792046
u32,sse2,admixture,5x6,80,2.929792
u32,tmueller,admixture,5x6,80,2.233122
u32,unrolledlut,admixture,5x6,80,2.562285
u32,yy,admixture,5x6,80,1.336756
u32,amartin,admixture,5x6,90,1.357281
u32,branchlut,admixture,5x6,90,2.586718
u32,branchlut2,admixture,5x6,90,2.423740
u32,countlut,admixture,5x6,90,2.484462
u32,fmt,admixture,5x6,90,2.864275
u32,jeaiii,admixture,5x6,90,1.782011
u32,naive,admixture,5x6,90,5.230505
u32,null,admixture,5x6,90,0.797130
u32,sse2,admixture,5x6,90,2.469891
u32,tmueller,admixture,5x6,90,1.655849
u32,unrolledlut,admixture,5x6,90,1.973948
u32,yy,admixture,5x6,90,1.324574
u32,amartin,admixture,5x6,100,1.369511
u32,branchlut,admixture,5x6,100,2.126041
u32,branchlut2,admixture,5x6,100,1.954236
u32,countlut,admixture,5x6,100,1.838680
u32,fmt,admixture,5x6,100,2.212894
u32,jeaiii,admixture,5x6,100,1.160900
u32,naive,admixture,5x6,100,4.621848
u32,null,admixture,5x6,100,0.758681
u32,sse2,admixture,5x6,100,2.104572
u32,tmueller,admixture,5x6,100,1.009514
u32,unrolledlut,admixture,5x6,100,1.303793
u32,yy,admixture,5x6,100,1.356430
i32,amartin,bylength,,1,0.926855
i32,branchlut,bylength,,1,3.674398
i32,branchlut2,bylength,,1,3.621331
i32,countlut,bylength,,1,3.893740
i32,fmt,bylength,,1,0.991666
i32,jeaiii,bylength,,1,3.738808
i32,naive,bylength,,1,5.049098
i32,null,bylength,,1,0.753254
i32,sse2,bylength,,1,3.693919
i32,tmueller,bylength,,1,0.950303
i32,unrolledlut,bylength,,1,3.782138
i32,yy,bylength,,1,1.212592
i32,amartin,bylength,,2,0.909063
i32,branchlut,bylength,,2,4.056228
i32,branchlut2,bylength,,2,3.818448
i32,countlut,bylength,,2,3.887959
i32,fmt,bylength,,2,0.980324
i32,jeaiii,bylength,,2,3.746289
i32,naive,bylength,,2,5.436718
i32,null,bylength,,2,0.798133
i32,sse2,bylength,,2,3.666949
i32,tmueller,bylength,,2,1.806958
i32,unrolledlut,bylength,,2,3.893519
i32,yy,bylength,,2,1.192862
i32,amartin,bylength,,3,1.262964
i32,branchlut,bylength,,3,4.043110
i32,branchlut2,bylength,,3,3.718743
i32,countlut,bylength,,3,4.170246
i32,fmt,bylength,,3,1.659795
i32,jeaiii,bylength,,3,3.806313
i32,naive,bylength,,3,6.147691
i32,null,bylength,,3,0.882960
i32,sse2,bylength,,3,3.613745
i32,tmueller,bylength,,3,1.804914
i32,unrolledlut,bylength,,3,4.242820
i32,yy,bylength,,3,1.226943
i32,amartin,bylength,,4,1.251575
i32,branchlut,bylength,,4,4.075167
i32,branchlut2,bylength,,4,3.913231
i32,countlut,bylength,,4,4.549094
i32,fmt,bylength,,4,1.385190
i32,jeaiii,bylength,,4,3.779445
i32,naive,bylength,,4,6.681796
i32,null,bylength,,4,0.857497
i32,sse2,bylength,,4,3.909916
i32,tmueller,bylength,,4,1.332065
i32,unrolledlut,bylength,,4,4.167992
i32,yy,bylength,,4,1.249779
i32,amartin,bylength,,5,1.853453
i32,branchlut,bylength,,5,4.367305
i32,branchlut2,bylength,,5,4.551731
i32,countlut,bylength,,5,4.725095
i32,fmt,bylength,,5,1.806892
i32,jeaiii,bylength,,5,3.964388
i32,naive,bylength,,5,7.312145
i32,null,bylength,,5,0.859484
i32,sse2,bylength,,5,4.485564
i32,tmueller,bylength,,5,1.340235
i32,unrolledlut,bylength,,5,4.593438
i32,yy,bylength,,5,1.630395
i32,amartin,bylength,,6,1.825667
i32,branchlut,bylength,,6,4.899537
i32,branchlut2,bylength,,6,4.774635
i32,countlut,bylength,,6,4.527625
i32,fmt,bylength,,6,1.760522
i32,jeaiii,bylength,,6,4.035992
i32,naive,bylength,,6,7.850435
i32,null,bylength,,6,0.871026
i32,sse2,bylength,,6,4.726196
i32,tmueller,bylength,,6,1.774653
i32,unrolledlut,bylength,,6,4.481943
i32,yy,bylength,,6,1.604884
i32,amartin,bylength,,7,2.391732
i32,branchlut,bylength,,7,4.843889
i32,branchlut2,bylength,,7,4.648540
i32,countlut,bylength,,7,5.080170
i32,fmt,bylength,,7,2.226062
i32,jeaiii,bylength,,7,3.917569
i32,naive,bylength,,7,8.315955
i32,null,bylength,,7,0.854516
i32,sse2,bylength,,7,4.818157
i32,tmueller,bylength,,7,1.809749
i32,unrolledlut,bylength,,7,4.434178
i32,yy,bylength,,7,2.029882
i32,amartin,bylength,,8,2.378265
i32,branchlut,bylength,,8,5.046901
i32,branchlut2,bylength,,8,4.889666
i32,countlut,bylength,,8,5.171514
i32,fmt,bylength,,8,2.167949
i32,jeaiii,bylength,,8,4.448100
i32,naive,bylength,,8,7.952080
i32,null,bylength,,8,1.115152
i32,sse2,bylength,,8,4.854581
i32,tmueller,bylength,,8,2.460585
i32,unrolledlut,bylength,,8,4.273066
i32,yy,bylength,,8,2.048667
i32,amartin,bylength,,9,2.751882
i32,branchlut,bylength,,9,5.577584
i32,branchlut2,bylength,,9,5.647515
i32,countlut,bylength,,9,5.359638
i32,fmt,bylength,,9,2.618429
i32,jeaiii,bylength,,9,4.465433
i32,naive,bylength,,9,8.931744
i32,null,bylength,,9,1.080917
i32,sse2,bylength,,9,4.134311
i32,tmueller,bylength,,9,2.486468
i32,unrolledlut,bylength,,9,4.569571
i32,yy,bylength,,9,2.418533
i32,amartin,bylength,,10,2.698614
i32,branchlut,bylength,,10,5.801558
i32,branchlut2,bylength,,10,5.687654
i32,countlut,bylength,,10,5.524545
i32,fmt,bylength,,10,2.574200
i32,jeaiii,bylength,,10,4.547155
i32,naive,bylength,,10,9.847553
i32,null,bylength,,10,0.989706
i32,sse2,bylength,,10,4.599286
i32,tmueller,bylength,,10,2.452911
i32,unrolledlut,bylength,,10,4.434704
i32,yy,bylength,,10,2.389630
i32,amartin,loguniform,1-10,10,6.486220
i32,branchlut,loguniform,1-10,10,10.975280
i32,branchlut2,loguniform,1-10,10,11.172089
i32,countlut,loguniform,1-10,10,11.569014
i32,fmt,loguniform,1-10,10,9.490460
i32,jeaiii,loguniform,1-10,10,10.887178
i32,naive,loguniform,1-10,10,12.889637
i32,null,loguniform,1-10,10,1.097720
i32,sse2,loguniform,1-10,10,10.755578
i32,tmueller,loguniform,1-10,10,7.264969
i32,unrolledlut,loguniform,1-10,10,10.770053
i32,yy,loguniform,1-10,10,6.387510
i32,amartin,loguniform,1-4,4,4.100266
i32,branchlut,loguniform,1-4,4,7.779586
i32,branchlut2,loguniform,1-4,4,8.461169
i32,countlut,loguniform,1-4,4,8.921711
i32,fmt,loguniform,1-4,4,6.606369
i32,jeaiii,loguniform,1-4,4,8.473400
i32,naive,loguniform,1-4,4,9.657870
i32,null,loguniform,1-4,4,1.077038
i32,sse2,loguniform,1-4,4,7.789285
i32,tmueller,loguniform,1-4,4,4.582956
i32,unrolledlut,loguniform,1-4,4,8.606076
i32,yy,loguniform,1-4,4,4.072319
i32,amartin,uniform,0-255,0,3.547023
i32,branchlut,uniform,0-255,0,3.647464
i32,branchlut2,uniform,0-255,0,3.590144
i32,countlut,uniform,0-255,0,3.563715
i32,fmt,uniform,0-255,0,3.905892
i32,jeaiii,uniform,0-255,0,3.449841
i32,naive,uniform,0-255,0,5.506324
i32,null,uniform,0-255,0,0.764691
i32,sse2,uniform,0-255,0,3.392226
i32,tmueller,uniform,0-255,0,2.002756
i32,unrolledlut,uniform,0-255,0,3.834069
i32,yy,uniform,0-255,0,3.492485
i32,amartin,unpredictable,,1,3.352824
i32,branchlut,unpredictable,,1,5.397290
i32,branchlut2,unpredictable,,1,4.820328
i32,countlut,unpredictable,,1,7.038372
i32,fmt,unpredictable,,1,4.332983
i32,jeaiii,unpredictable,,1,6.469211
i32,naive,unpredictable,,1,8.333219
i32,null,unpredictable,,1,0.529958
i32,sse2,unpredictable,,1,5.441903
i32,tmueller,unpredictable,,1,2.052670
i32,unrolledlut,unpredictable,,1,4.598731
i32,yy,unpredictable,,1,4.633074
i32,amartin,unpredictable,,2,3.134490
i32,branchlut,unpredictable,,2,5.710479
i32,branchlut2,unpredictable,,2,4.638487
i32,countlut,unpredictable,,2,7.050106
i32,fmt,unpredictable,,2,4.071400
i32,jeaiii,unpredictable,,2,6.868932
i32,naive,unpredictable,,2,8.619655
i32,null,unpredictable,,2,0.493962
i32,sse2,unpredictable,,2,5.193332
i32,tmueller,unpredictable,,2,1.991466
i32,unrolledlut,unpredictable,,2,4.767373
i32,yy,unpredictable,,2,4.489464
i32,amartin,unpredictable,,3,2.302520
i32,branchlut,unpredictable,,3,5.771781
i32,branchlut2,unpredictable,,3,4.665377
i32,countlut,unpredictable,,3,6.132765
i32,fmt,unpredictable,,3,3.397749
i32,jeaiii,unpredictable,,3,4.534360
i32,naive,unpredictable,,3,8.395072
i32,null,unpredictable,,3,0.440969
i32,sse2,unpredictable,,3,5.560578
i32,tmueller,unpredictable,,3,1.991017
i32,unrolledlut,unpredictable,,3,4.081927
i32,yy,unpredictable,,3,3.606289
i32,amartin,unpredictable,,4,2.117454
i32,branchlut,unpredictable,,4,6.488347
i32,branchlut2,unpredictable,,4,4.587980
i32,countlut,unpredictable,,4,6.432804
i32,fmt,unpredictable,,4,3.354385
i32,jeaiii,unpredictable,,4,4.577462
i32,naive,unpredictable,,4,8.668403
i32,null,unpredictable,,4,0.524825
i32,sse2,unpredictable,,4,6.004289
i32,tmueller,unpredictable,,4,1.778398
i32,unrolledlut,unpredictable,,4,3.989533
i32,yy,unpredictable,,4,3.527630
i32,amartin,unpredictable,,5,1.914657
i32,branchlut,unpredictable,,5,4.777968
i32,branchlut2,unpredictable,,5,5.337538
i32,countlut,unpredictable,,5,5.471395
i32,fmt,unpredictable,,5,2.749910
i32,jeaiii,unpredictable,,5,4.492681
i32,naive,unpredictable,,5,8.763095
i32,null,unpredictable,,5,0.626662
i32,sse2,unpredictable,,5,4.401019
i32,tmueller,unpredictable,,5,2.048770
i32,unrolledlut,unpredictable,,5,4.334334
i32,yy,unpredictable,,5,2.780043
i32,amartin,unpredictable,,6,2.026929
i32,branchlut,unpredictable,,6,5.341317
i32,branchlut2,unpredictable,,6,5.370523
i32,countlut,unpredictable,,6,5.544744
i32,fmt,unpredictable,,6,2.583977
i32,jeaiii,unpredictable,,6,4.511731
i32,naive,unpredictable,,6,8.904950
i32,null,unpredictable,,6,0.516206
i32,sse2,unpredictable,,6,4.993018
i32,tmueller,unpredictable,,6,2.392713
i32,unrolledlut,unpredictable,,6,4.319009
i32,yy,unpredictable,,6,2.861488
i32,amartin,unpredictable,,7,2.549403
i32,branchlut,unpredictable,,7,5.633014
i32,branchlut2,unpredictable,,7,5.228228
i32,countlut,unpredictable,,7,5.259220
i32,fmt,unpredictable,,7,2.406693
i32,jeaiii,unpredictable,,7,4.664708
i32,naive,unpredictable,,7,8.883143
i32,null,unpredictable,,7,0.620872
i32,sse2,unpredictable,,7,5.189572
i32,tmueller,unpredictable,,7,2.332419
i32,unrolledlut,unpredictable,,7,6.009171
i32,yy,unpredictable,,7,2.228733
i32,amartin,unpredictable,,8,2.618371
i32,branchlut,unpredictable,,8,6.307775
i32,branchlut2,unpredictable,,8,5.344416
i32,countlut,unpredictable,,8,5.404247
i32,fmt,unpredictable,,8,2.517817
i32,jeaiii,unpredictable,,8,4.801114
i32,naive,unpredictable,,8,8.204770
i32,null,unpredictable,,8,0.660851
i32,sse2,unpredictable,,8,5.819350
i32,tmueller,unpredictable,,8,2.518191
i32,unrolledlut,unpredictable,,8,6.388278
i32,yy,unpredictable,,8,2.179007
i32,amartin,unpredictable,,9,5.327636
i32,branchlut,unpredictable,,9,6.748990
i32,branchlut2,unpredictable,,9,8.351017
i32,countlut,unpredictable,,9,5.662996
i32,fmt,unpredictable,,9,2.865585
i32,jeaiii,unpredictable,,9,4.711068
i32,naive,unpredictable,,9,8.816087
i32,null,unpredictable,,9,0.402844
i32,sse2,unpredictable,,9,5.499026
i32,tmueller,unpredictable,,9,2.502120
i32,unrolledlut,unpredictable,,9,7.645728
i32,yy,unpredictable,,9,2.563253
i32,amartin,unpredictable,,10,5.363029
i32,branchlut,unpredictable,,10,6.766494
i32,branchlut2,unpredictable,,10,8.110764
i32,countlut,unpredictable,,10,5.853834
i32,fmt,unpredictable,,10,2.847944
i32,jeaiii,unpredictable,,10,4.879296
i32,naive,unpredictable,,10,9.825715
i32,null,unpredictable,,10,1.083186
i32,sse2,unpredictable,,10,5.650186
i32,tmueller,unpredictable,,10,2.505330
i32,unrolledlut,unpredictable,,10,7.648171
i32,yy,unpredictable,,10,2.677610
i32,amartin,admixture,5x6,0,1.782232
i32,branchlut,admixture,5x6,0,4.802203
i32,branchlut2,admixture,5x6,0,4.666731
i32,countlut,admixture,5x6,0,4.505919
i32,fmt,admixture,5x6,0,1.762473
i32,jeaiii,admixture,5x6,0,4.061604
i32,naive,admixture,5x6,0,7.757389
i32,null,admixture,5x6,0,1.101452
i32,sse2,admixture,5x6,0,4.688803
i32,tmueller,admixture,5x6,0,1.731524
i32,unrolledlut,admixture,5x6,0,4.501872
i32,yy,admixture,5x6,0,1.582886
i32,amartin,admixture,5x6,10,1.791244
i32,branchlut,admixture,5x6,10,5.058527
i32,branchlut2,admixture,5x6,10,4.953049
i32,countlut,admixture,5x6,10,5.362484
i32,fmt,admixture,5x6,10,2.449980
i32,jeaiii,admixture,5x6,10,4.603449
i32,naive,admixture,5x6,10,8.189030
i32,null,admixture,5x6,10,0.745889
i32,sse2,admixture,5x6,10,4.948663
i32,tmueller,admixture,5x6,10,2.298656
i32,unrolledlut,admixture,5x6,10,4.864666
i32,yy,admixture,5x6,10,1.591198
i32,amartin,admixture,5x6,20,1.801057
i32,branchlut,admixture,5x6,20,5.575955
i32,branchlut2,admixture,5x6,20,5.503278
i32,countlut,admixture,5x6,20,6.021910
i32,fmt,admixture,5x6,20,3.132395
i32,jeaiii,admixture,5x6,20,5.119671
i32,naive,admixture,5x6,20,8.738353
i32,null,admixture,5x6,20,0.944844
i32,sse2,admixture,5x6,20,5.525905
i32,tmueller,admixture,5x6,20,2.782564
i32,unrolledlut,admixture,5x6,20,5.368446
i32,yy,admixture,5x6,20,1.588189
i32,amartin,admixture,5x6,30,1.796652
i32,branchlut,admixture,5x6,30,6.237357
i32,branchlut2,admixture,5x6,30,6.016167
i32,countlut,admixture,5x6,30,6.704161
i32,fmt,admixture,5x6,30,3.837818
i32,jeaiii,admixture,5x6,30,5.737961
i32,naive,admixture,5x6,30,9.322178
i32,null,admixture,5x6,30,0.882077
i32,sse2,admixture,5x6,30,6.149345
i32,tmueller,admixture,5x6,30,3.278425
i32,unrolledlut,admixture,5x6,30,6.061075
i32,yy,admixture,5x6,30,1.592832
i32,amartin,admixture,5x6,40,1.789266
i32,branchlut,admixture,5x6,40,6.813844
i32,branchlut2,admixture,5x6,40,6.515325
i32,countlut,admixture,5x6,40,7.413091
i32,fmt,admixture,5x6,40,4.444030
i32,jeaiii,admixture,5x6,40,6.315776
i32,naive,admixture,5x6,40,9.919810
i32,null,admixture,5x6,40,0.862404
i32,sse2,admixture,5x6,40,6.701830
i32,tmueller,admixture,5x6,40,4.015448
i32,unrolledlut,admixture,5x6,40,6.635498
i32,yy,admixture,5x6,40,1.586583
i32,amartin,admixture,5x6,50,1.804831
i32,branchlut,admixture,5x6,50,7.096893
i32,branchlut2,admixture,5x6,50,6.810844
i32,countlut,admixture,5x6,50,7.711869
i32,fmt,admixture,5x6,50,4.760705
i32,jeaiii,admixture,5x6,50,6.358019
i32,naive,admixture,5x6,50,10.164153
i32,null,admixture,5x6,50,0.773169
i32,sse2,admixture,5x6,50,6.812067
i32,tmueller,admixture,5x6,50,4.271838
i32,unrolledlut,admixture,5x6,50,6.744588
i32,yy,admixture,5x6,50,1.597916
i32,amartin,admixture,5x6,60,1.814984
i32,branchlut,admixture,5x6,60,6.729830
i32,branchlut2,admixture,5x6,60,6.526417
i32,countlut,admixture,5x6,60,7.350257
i32,fmt,admixture,5x6,60,4.393848
i32,jeaiii,admixture,5x6,60,5.986230
i32,naive,admixture,5x6,60,9.656919
i32,null,admixture,5x6,60,0.881681
i32,sse2,admixture,5x6,60,6.498249
i32,tmueller,admixture,5x6,60,3.819347
i32,unrolledlut,admixture,5x6,60,6.326159
i32,yy,admixture,5x6,60,1.587276
i32,amartin,admixture,5x6,70,1.815855
i32,branchlut,admixture,5x6,70,6.211654
i32,branchlut2,admixture,5x6,70,5.824953
i32,countlut,admixture,5x6,70,6.434896
i32,fmt,admixture,5x6,70,3.912120
i32,jeaiii,admixture,5x6,70,5.436416
i32,naive,admixture,5x6,70,8.987343
i32,null,admixture,5x6,70,0.774693
i32,sse2,admixture,5x6,70,6.039792
i32,tmueller,admixture,5x6,70,3.123620
i32,unrolledlut,admixture,5x6,70,5.798201
i32,yy,admixture,5x6,70,1.593644
i32,amartin,admixture,5x6,80,1.823084
i32,branchlut,admixture,5x6,80,5.505715
i32,branchlut2,admixture,5x6,80,5.416854
i32,countlut,admixture,5x6,80,5.843396
i32,fmt,admixture,5x6,80,3.202193
i32,jeaiii,admixture,5x6,80,4.901298
i32,naive,admixture,5x6,80,8.316944
i32,null,admixture,5x6,80,0.812871
i32,sse2,admixture,5x6,80,5.494280
i32,tmueller,admixture,5x6,80,2.524891
i32,unrolledlut,admixture,5x6,80,5.159907
i32,yy,admixture,5x6,80,1.621285
i32,amartin,admixture,5x6,90,1.821783
i32,branchlut,admixture,5x6,90,4.922724
i32,branchlut2,admixture,5x6,90,4.800666
i32,countlut,admixture,5x6,90,5.124970
i32,fmt,admixture,5x6,90,2.479103
i32,jeaiii,admixture,5x6,90,4.345376
i32,naive,admixture,5x6,90,7.522527
i32,null,admixture,5x6,90,0.774769
i32,sse2,admixture,5x6,90,4.830095
i32,tmueller,admixture,5x6,90,2.001761
i32,unrolledlut,admixture,5x6,90,4.747802
i32,yy,admixture,5x6,90,1.588682
i32,amartin,admixture,5x6,100,1.832004
i32,branchlut,admixture,5x6,100,4.396803
i32,branchlut2,admixture,5x6,100,4.342878
i32,countlut,admixture,5x6,100,4.617752
i32,fmt,admixture,5x6,100,1.796043
i32,jeaiii,admixture,5x6,100,3.747620
i32,naive,admixture,5x6,100,7.093622
i32,null,admixture,5x6,100,0.850302
i32,sse2,admixture,5x6,100,4.364190
i32,tmueller,admixture,5x6,100,1.338074
i32,unrolledlut,admixture,5x6,100,4.381800
i32,yy,admixture,5x6,100,1.594782
u64,amartin,bylength,,1,0.725596
u64,branchlut,bylength,,1,0.934526
u64,branchlut2,bylength,,1,1.003769
u64,countlut,bylength,,1,1.201292
u64,fmt,bylength,,1,1.190317
u64,jeaiii,bylength,,1,0.804026
u64,naive,bylength,,1,2.074508
u64,null,bylength,,1,0.828436
u64,sse2,bylength,,1,0.928943
u64,tmueller,bylength,,1,0.783158
u64,unrolledlut,bylength,,1,1.193605
u64,yy,bylength,,1,1.178479
u64,amartin,bylength,,2,0.767985
u64,branchlut,bylength,,2,1.064728
u64,branchlut2,bylength,,2,1.057935
u64,countlut,bylength,,2,1.356981
u64,fmt,bylength,,2,1.169106
u64,jeaiii,bylength,,2,0.982949
u64,naive,bylength,,2,2.653173
u64,null,bylength,,2,0.787353
u64,sse2,bylength,,2,1.008709
u64,tmueller,bylength,,2,1.165790
u64,unrolledlut,bylength,,2,1.334814
u64,yy,bylength,,2,1.159694
u64,amartin,bylength,,3,1.134421
u64,branchlut,bylength,,3,1.077533
u64,branchlut2,bylength,,3,0.960876
u64,countlut,bylength,,3,1.542353
u64,fmt,bylength,,3,1.688188
u64,jeaiii,bylength,,3,1.073748
u64,naive,bylength,,3,3.436705
u64,null,bylength,,3,0.766925
u64,sse2,bylength,,3,1.296700
u64,tmueller,bylength,,3,1.402524
u64,unrolledlut,bylength,,3,1.502882
u64,yy,bylength,,3,1.338320
u64,amartin,bylength,,4,1.139481
u64,branchlut,bylength,,4,1.164193
u64,branchlut2,bylength,,4,1.189266
u64,countlut,bylength,,4,1.689545
u64,fmt,bylength,,4,1.401154
u64,jeaiii,bylength,,4,1.206187
u64,naive,bylength,,4,4.176408
u64,null,bylength,,4,0.878993
u64,sse2,bylength,,4,1.110467
u64,tmueller,bylength,,4,1.364710
u64,unrolledlut,bylength,,4,1.434891
u64,yy,bylength,,4,1.346022
u64,amartin,bylength,,5,1.521687
u64,branchlut,bylength,,5,2.059411
u64,branchlut2,bylength,,5,1.905942
u64,countlut,bylength,,5,1.918153
u64,fmt,bylength,,5,1.887912
u64,jeaiii,bylength,,5,1.289237
u64,naive,bylength,,5,4.795644
u64,null,bylength,,5,1.053607
u64,sse2,bylength,,5,2.029208
u64,tmueller,bylength,,5,1.861646
u64,unrolledlut,bylength,,5,1.652844
u64,yy,bylength,,5,1.370873
u64,amartin,bylength,,6,1.507755
u64,branchlut,bylength,,6,2.175291
u64,branchlut2,bylength,,6,1.941524
u64,countlut,bylength,,6,2.063443
u64,fmt,bylength,,6,1.872958
u64,jeaiii,bylength,,6,1.342152
u64,naive,bylength,,6,5.575268
u64,null,bylength,,6,1.068159
u64,sse2,bylength,,6,2.163176
u64,tmueller,bylength,,6,1.806380
u64,unrolledlut,bylength,,6,1.645076
u64,yy,bylength,,6,1.436008
u64,amartin,bylength,,7,1.983956
u64,branchlut,bylength,,7,2.298328
u64,branchlut2,bylength,,7,2.423706
u64,countlut,bylength,,7,2.405609
u64,fmt,bylength,,7,2.421241
u64,jeaiii,bylength,,7,1.649290
u64,naive,bylength,,7,6.253781
u64,null,bylength,,7,1.094167
u64,sse2,bylength,,7,2.278254
u64,tmueller,bylength,,7,2.295328
u64,unrolledlut,bylength,,7,1.800390
u64,yy,bylength,,7,1.733592
u64,amartin,bylength,,8,2.003935
u64,branchlut,bylength,,8,2.355332
u64,branchlut2,bylength,,8,2.481961
u64,countlut,bylength,,8,2.580395
u64,fmt,bylength,,8,2.465680
u64,jeaiii,bylength,,8,1.562513
u64,naive,bylength,,8,6.470532
u64,null,bylength,,8,0.779422
u64,sse2,bylength,,8,2.330776
u64,tmueller,bylength,,8,2.304023
u64,unrolledlut,bylength,,8,1.806973
u64,yy,bylength,,8,1.736286
u64,amartin,bylength,,9,2.320113
u64,branchlut,bylength,,9,4.590454
u64,branchlut2,bylength,,9,3.998794
u64,countlut,bylength,,9,4.231710
u64,fmt,bylength,,9,3.017384
u64,jeaiii,bylength,,9,1.772719
u64,naive,bylength,,9,7.312012
u64,null,bylength,,9,0.809300
u64,sse2,bylength,,9,2.918883
u64,tmueller,bylength,,9,2.897853
u64,unrolledlut,bylength,,9,2.215994
u64,yy,bylength,,9,2.323495
u64,amartin,bylength,,10,3.922499
u64,branchlut,bylength,,10,4.686757
u64,branchlut2,bylength,,10,3.952950
u64,countlut,bylength,,10,4.384425
u64,fmt,bylength,,10,3.012864
u64,jeaiii,bylength,,10,4.037643
u64,naive,bylength,,10,8.272403
u64,null,bylength,,10,1.087641
u64,sse2,bylength,,10,2.914765
u64,tmueller,bylength,,10,2.799008
u64,unrolledlut,bylength,,10,4.388810
u64,yy,bylength,,10,2.313635
u64,amartin,bylength,,11,2.824874
u64,branchlut,bylength,,11,4.896830
u64,branchlut2,bylength,,11,4.485907
u64,countlut,bylength,,11,4.704530
u64,fmt,bylength,,11,3.609933
u64,jeaiii,bylength,,11,2.624088
u64,naive,bylength,,11,9.289635
u64,null,bylength,,11,1.100683
u64,sse2,bylength,,11,2.891786
u64,tmueller,bylength,,11,3.427246
u64,unrolledlut,bylength,,11,2.773688
u64,yy,bylength,,11,2.784599
u64,amartin,bylength,,12,2.844021
u64,branchlut,bylength,,12,5.013149
u64,branchlut2,bylength,,12,4.677938
u64,countlut,bylength,,12,4.806642
u64,fmt,bylength,,12,3.665246
u64,jeaiii,bylength,,12,2.679966
u64,naive,bylength,,12,10.374810
u64,null,bylength,,12,1.094367
u64,sse2,bylength,,12,2.904436
u64,tmueller,bylength,,12,3.420681
u64,unrolledlut,bylength,,12,2.742855
u64,yy,bylength,,12,2.805449
u64,amartin,bylength,,13,3.259655
u64,branchlut,bylength,,13,5.066867
u64,branchlut2,bylength,,13,5.521712
u64,countlut,bylength,,13,5.141623
u64,fmt,bylength,,13,4.270130
u64,jeaiii,bylength,,13,2.850193
u64,naive,bylength,,13,11.425435
u64,null,bylength,,13,1.088577
u64,sse2,bylength,,13,2.905602
u64,tmueller,bylength,,13,4.029703
u64,unrolledlut,bylength,,13,3.093430
u64,yy,bylength,,13,3.082328
u64,amartin,bylength,,14,3.296937
u64,branchlut,bylength,,14,5.252420
u64,branchlut2,bylength,,14,5.519773
u64,countlut,bylength,,14,5.297366
u64,fmt,bylength,,14,4.350726
u64,jeaiii,bylength,,14,2.827013
u64,naive,bylength,,14,12.302785
u64,null,bylength,,14,1.088214
u64,sse2,bylength,,14,2.925858
u64,tmueller,bylength,,14,3.997313
u64,unrolledlut,bylength,,14,3.106797
u64,yy,bylength,,14,3.103319
u64,amartin,bylength,,15,3.882177
u64,branchlut,bylength,,15,5.430960
u64,branchlut2,bylength,,15,5.891951
u64,countlut,bylength,,15,5.533388
u64,fmt,bylength,,15,5.028580
u64,jeaiii,bylength,,15,3.194366
u64,naive,bylength,,15,13.457615
u64,null,bylength,,15,0.844252
u64,sse2,bylength,,15,2.913714
u64,tmueller,bylength,,15,4.663081
u64,unrolledlut,bylength,,15,3.603522
u64,yy,bylength,,15,3.470987
u64,amartin,bylength,,16,3.812839
u64,branchlut,bylength,,16,5.659932
u64,branchlut2,bylength,,16,6.221685
u64,countlut,bylength,,16,5.814098
u64,fmt,bylength,,16,5.233034
u64,jeaiii,bylength,,16,3.441845
u64,naive,bylength,,16,13.170510
u64,null,bylength,,16,0.785470
u64,sse2,bylength,,16,2.835708
u64,tmueller,bylength,,16,4.740580
u64,unrolledlut,bylength,,16,3.523224
u64,yy,bylength,,16,3.508318
u64,amartin,bylength,,17,4.342515
u64,branchlut,bylength,,17,6.785133
u64,branchlut2,bylength,,17,7.118315
u64,countlut,bylength,,17,7.037286
u64,fmt,bylength,,17,5.802649
u64,jeaiii,bylength,,17,3.701593
u64,naive,bylength,,17,14.141772
u64,null,bylength,,17,0.772550
u64,sse2,bylength,,17,2.608927
u64,tmueller,bylength,,17,5.432066
u64,unrolledlut,bylength,,17,4.118746
u64,yy,bylength,,17,3.669641
u64,amartin,bylength,,18,5.683952
u64,branchlut,bylength,,18,6.823120
u64,branchlut2,bylength,,18,7.001889
u64,countlut,bylength,,18,7.267565
u64,fmt,bylength,,18,5.792005
u64,jeaiii,bylength,,18,5.625028
u64,naive,bylength,,18,15.681808
u64,null,bylength,,18,0.807259
u64,sse2,bylength,,18,2.706019
u64,tmueller,bylength,,18,5.425750
u64,unrolledlut,bylength,,18,5.354585
u64,yy,bylength,,18,3.679624
u64,amartin,bylength,,19,4.530172
u64,branchlut,bylength,,19,7.389598
u64,branchlut2,bylength,,19,7.712439
u64,countlut,bylength,,19,7.533669
u64,fmt,bylength,,19,6.455976
u64,jeaiii,bylength,,19,4.161328
u64,naive,bylength,,19,16.319233
u64,null,bylength,,19,1.082021
u64,sse2,bylength,,19,3.004987
u64,tmueller,bylength,,19,6.083845
u64,unrolledlut,bylength,,19,3.869317
u64,yy,bylength,,19,4.123714
u64,amartin,bylength,,20,4.536718
u64,branchlut,bylength,,20,7.933026
u64,branchlut2,bylength,,20,7.902189
u64,countlut,bylength,,20,7.643499
u64,fmt,bylength,,20,6.583583
u64,jeaiii,bylength,,20,4.255181
u64,naive,bylength,,20,17.209965
u64,null,bylength,,20,0.863498
u64,sse2,bylength,,20,3.207446
u64,tmueller,bylength,,20,6.091298
u64,unrolledlut,bylength,,20,3.812657
u64,yy,bylength,,20,4.140505
u64,amartin,loguniform,1-20,20,9.342807
u64,branchlut,loguniform,1-20,20,11.198988
u64,branchlut2,loguniform,1-20,20,12.416949
u64,countlut,loguniform,1-20,20,11.700807
u64,fmt,loguniform,1-20,20,12.003021
u64,jeaiii,loguniform,1-20,20,11.774418
u64,naive,loguniform,1-20,20,16.380024
u64,null,loguniform,1-20,20,0.726638
u64,sse2,loguniform,1-20,20,14.167517
u64,tmueller,loguniform,1-20,20,11.814009
u64,unrolledlut,loguniform,1-20,20,11.215763
u64,yy,loguniform,1-20,20,8.687429
u64,amartin,loguniform,1-4,4,3.650688
u64,branchlut,loguniform,1-4,4,5.659836
u64,branchlut2,loguniform,1-4,4,6.248299
u64,countlut,loguniform,1-4,4,6.599240
u64,fmt,loguniform,1-4,4,6.588637
u64,jeaiii,loguniform,1-4,4,6.367972
u64,naive,loguniform,1-4,4,7.410149
u64,null,loguniform,1-4,4,1.088853
u64,sse2,loguniform,1-4,4,5.522039
u64,tmueller,loguniform,1-4,4,5.912125
u64,unrolledlut,loguniform,1-4,4,6.580312
u64,yy,loguniform,1-4,4,3.817282
u64,amartin,uniform,0-255,0,3.283759
u64,branchlut,uniform,0-255,0,3.519279
u64,branchlut2,uniform,0-255,0,3.538493
u64,countlut,uniform,0-255,0,3.730118
u64,fmt,uniform,0-255,0,3.767602
u64,jeaiii,uniform,0-255,0,3.547371
u64,naive,uniform,0-255,0,5.667632
u64,null,uniform,0-255,0,1.093936
u64,sse2,uniform,0-255,0,3.685410
u64,tmueller,uniform,0-255,0,3.522413
u64,unrolledlut,uniform,0-255,0,3.969279
u64,yy,uniform,0-255,0,3.543634
u64,amartin,unpredictable,,1,2.336262
u64,branchlut,unpredictable,,1,2.602624
u64,branchlut2,unpredictable,,1,2.560706
u64,countlut,unpredictable,,1,3.249696
u64,fmt,unpredictable,,1,5.289144
u64,jeaiii,unpredictable,,1,2.698090
u64,naive,unpredictable,,1,5.848442
u64,null,unpredictable,,1,0.526727
u64,sse2,unpredictable,,1,1.951482
u64,tmueller,unpredictable,,1,6.057703
u64,unrolledlut,unpredictable,,1,2.545074
u64,yy,unpredictable,,1,2.962866
u64,amartin,unpredictable,,2,2.398520
u64,branchlut,unpredictable,,2,2.699876
u64,branchlut2,unpredictable,,2,2.649892
u64,countlut,unpredictable,,2,3.451842
u64,fmt,unpredictable,,2,5.483277
u64,jeaiii,unpredictable,,2,2.745825
u64,naive,unpredictable,,2,6.639133
u64,null,unpredictable,,2,0.658278
u64,sse2,unpredictable,,2,2.128766
u64,tmueller,unpredictable,,2,5.462507
u64,unrolledlut,unpredictable,,2,2.537834
u64,yy,unpredictable,,2,3.027916
u64,amartin,unpredictable,,3,2.175947
u64,branchlut,unpredictable,,3,3.066613
u64,branchlut2,unpredictable,,3,2.473775
u64,countlut,unpredictable,,3,3.057412
u64,fmt,unpredictable,,3,4.414577
u64,jeaiii,unpredictable,,3,1.971455
u64,naive,unpredictable,,3,7.132895
u64,null,unpredictable,,3,0.701047
u64,sse2,unpredictable,,3,2.420327
u64,tmueller,unpredictable,,3,4.297853
u64,unrolledlut,unpredictable,,3,2.212736
u64,yy,unpredictable,,3,2.868559
u64,amartin,unpredictable,,4,2.472134
u64,branchlut,unpredictable,,4,3.534442
u64,branchlut2,unpredictable,,4,3.115174
u64,countlut,unpredictable,,4,2.835298
u64,fmt,unpredictable,,4,4.069671
u64,jeaiii,unpredictable,,4,2.001303
u64,naive,unpredictable,,4,7.967594
u64,null,unpredictable,,4,0.468364
u64,sse2,unpredictable,,4,2.275531
u64,tmueller,unpredictable,,4,3.770975
u64,unrolledlut,unpredictable,,4,1.938356
u64,yy,unpredictable,,4,2.720207
u64,amartin,unpredictable,,5,1.742153
u64,branchlut,unpredictable,,5,3.180989
u64,branchlut2,unpredictable,,5,3.187835
u64,countlut,unpredictable,,5,2.911908
u64,fmt,unpredictable,,5,4.362556
u64,jeaiii,unpredictable,,5,2.556000
u64,naive,unpredictable,,5,7.862509
u64,null,unpredictable,,5,0.667180
u64,sse2,unpredictable,,5,2.243432
u64,tmueller,unpredictable,,5,4.142147
u64,unrolledlut,unpredictable,,5,2.317989
u64,yy,unpredictable,,5,2.413624
u64,amartin,unpredictable,,6,2.019138
u64,branchlut,unpredictable,,6,3.518184
u64,branchlut2,unpredictable,,6,3.234767
u64,countlut,unpredictable,,6,2.812793
u64,fmt,unpredictable,,6,4.103669
u64,jeaiii,unpredictable,,6,2.197939
u64,naive,unpredictable,,6,8.574165
u64,null,unpredictable,,6,0.466498
u64,sse2,unpredictable,,6,2.810044
u64,tmueller,unpredictable,,6,4.083004
u64,unrolledlut,unpredictable,,6,2.212738
u64,yy,unpredictable,,6,2.315145
u64,amartin,unpredictable,,7,2.597427
u64,branchlut,unpredictable,,7,3.663373
u64,branchlut2,unpredictable,,7,3.768340
u64,countlut,unpredictable,,7,3.478274
u64,fmt,unpredictable,,7,4.189734
u64,jeaiii,unpredictable,,7,2.540770
u64,naive,unpredictable,,7,9.014875
u64,null,unpredictable,,7,0.476743
u64,sse2,unpredictable,,7,3.155358
u64,tmueller,unpredictable,,7,3.651299
u64,unrolledlut,unpredictable,,7,3.013971
u64,yy,unpredictable,,7,2.918556
u64,amartin,unpredictable,,8,2.567331
u64,branchlut,unpredictable,,8,3.979241
u64,branchlut2,unpredictable,,8,4.076241
u64,countlut,unpredictable,,8,3.399545
u64,fmt,unpredictable,,8,4.561975
u64,jeaiii,unpredictable,,8,2.598404
u64,naive,unpredictable,,8,8.622389
u64,null,unpredictable,,8,0.452130
u64,sse2,unpredictable,,8,3.465936
u64,tmueller,unpredictable,,8,3.674515
u64,unrolledlut,unpredictable,,8,3.303640
u64,yy,unpredictable,,8,2.842331
u64,amartin,unpredictable,,9,4.028410
u64,branchlut,unpredictable,,9,4.350774
u64,branchlut2,unpredictable,,9,3.756265
u64,countlut,unpredictable,,9,4.756856
u64,fmt,unpredictable,,9,4.680947
u64,jeaiii,unpredictable,,9,2.658861
u64,naive,unpredictable,,9,9.454998
u64,null,unpredictable,,9,0.420848
u64,sse2,unpredictable,,9,5.006219
u64,tmueller,unpredictable,,9,4.098463
u64,unrolledlut,unpredictable,,9,4.338860
u64,yy,unpredictable,,9,3.200029
u64,amartin,unpredictable,,10,7.152372
u64,branchlut,unpredictable,,10,4.442399
u64,branchlut2,unpredictable,,10,4.045138
u64,countlut,unpredictable,,10,4.911471
u64,fmt,unpredictable,,10,4.911416
u64,jeaiii,unpredictable,,10,6.514153
u64,naive,unpredictable,,10,10.297951
u64,null,unpredictable,,10,0.675130
u64,sse2,unpredictable,,10,4.961143
u64,tmueller,unpredictable,,10,4.372780
u64,unrolledlut,unpredictable,,10,6.972446
u64,yy,unpredictable,,10,3.156961
u64,amartin,unpredictable,,11,3.208096
u64,branchlut,unpredictable,,11,4.855083
u64,branchlut2,unpredictable,,11,4.274060
u64,countlut,unpredictable,,11,4.668527
u64,fmt,unpredictable,,11,4.959363
u64,jeaiii,unpredictable,,11,2.678654
u64,naive,unpredictable,,11,11.010048
u64,null,unpredictable,,11,0.968125
u64,sse2,unpredictable,,11,4.912999
u64,tmueller,unpredictable,,11,4.423306
u64,unrolledlut,unpredictable,,11,2.881824
u64,yy,unpredictable,,11,3.050270
u64,amartin,unpredictable,,12,3.261814
u64,branchlut,unpredictable,,12,5.070832
u64,branchlut2,unpredictable,,12,4.430972
u64,countlut,unpredictable,,12,4.749207
u64,fmt,unpredictable,,12,4.829492
u64,jeaiii,unpredictable,,12,2.588261
u64,naive,unpredictable,,12,11.827290
u64,null,unpredictable,,12,0.695998
u64,sse2,unpredictable,,12,4.867230
u64,tmueller,unpredictable,,12,4.122723
u64,unrolledlut,unpredictable,,12,2.833172
u64,yy,unpredictable,,12,2.981493
u64,amartin,unpredictable,,13,3.283560
u64,branchlut,unpredictable,,13,5.433713
u64,branchlut2,unpredictable,,13,5.306632
u64,countlut,unpredictable,,13,4.859492
u64,fmt,unpredictable,,13,5.178117
u64,jeaiii,unpredictable,,13,2.825686
u64,naive,unpredictable,,13,12.647129
u64,null,unpredictable,,13,1.064115
u64,sse2,unpredictable,,13,4.830556
u64,tmueller,unpredictable,,13,4.611712
u64,unrolledlut,unpredictable,,13,3.219997
u64,yy,unpredictable,,13,2.945337
u64,amartin,unpredictable,,14,3.271847
u64,branchlut,unpredictable,,14,5.719810
u64,branchlut2,unpredictable,,14,5.206840
u64,countlut,unpredictable,,14,5.019061
u64,fmt,unpredictable,,14,5.203551
u64,jeaiii,unpredictable,,14,2.861574
u64,naive,unpredictable,,14,13.262957
u64,null,unpredictable,,14,0.642030
u64,sse2,unpredictable,,14,4.927081
u64,tmueller,unpredictable,,14,4.698051
u64,unrolledlut,unpredictable,,14,3.307770
u64,yy,unpredictable,,14,2.901096
u64,amartin,unpredictable,,15,3.717588
u64,branchlut,unpredictable,,15,6.246675
u64,branchlut2,unpredictable,,15,5.823710
u64,countlut,unpredictable,,15,5.272862
u64,fmt,unpredictable,,15,5.545085
u64,jeaiii,unpredictable,,15,3.432753
u64,naive,unpredictable,,15,14.337584
u64,null,unpredictable,,15,0.735955
u64,sse2,unpredictable,,15,4.546832
u64,tmueller,unpredictable,,15,4.935356
u64,unrolledlut,unpredictable,,15,4.090919
u64,yy,unpredictable,,15,3.360445
u64,amartin,unpredictable,,16,3.788696
u64,branchlut,unpredictable,,16,6.637282
u64,branchlut2,unpredictable,,16,6.248725
u64,countlut,unpredictable,,16,5.485396
u64,fmt,unpredictable,,16,5.605342
u64,jeaiii,unpredictable,,16,3.619287
u64,naive,unpredictable,,16,13.485235
u64,null,unpredictable,,16,0.629148
u64,sse2,unpredictable,,16,4.526650
u64,tmueller,unpredictable,,16,4.836075
u64,unrolledlut,unpredictable,,16,4.029564
u64,yy,unpredictable,,16,3.318571
u64,amartin,unpredictable,,17,5.253973
u64,branchlut,unpredictable,,17,7.300490
u64,branchlut2,unpredictable,,17,7.104739
u64,countlut,unpredictable,,17,7.845572
u64,fmt,unpredictable,,17,5.863101
u64,jeaiii,unpredictable,,17,3.977308
u64,naive,unpredictable,,17,14.546686
u64,null,unpredictable,,17,0.796004
u64,sse2,unpredictable,,17,3.561906
u64,tmueller,unpredictable,,17,5.262848
u64,unrolledlut,unpredictable,,17,5.079437
u64,yy,unpredictable,,17,4.365307
u64,amartin,unpredictable,,18,8.058962
u64,branchlut,unpredictable,,18,7.233306
u64,branchlut2,unpredictable,,18,7.165465
u64,countlut,unpredictable,,18,7.793347
u64,fmt,unpredictable,,18,5.524779
u64,jeaiii,unpredictable,,18,7.433945
u64,naive,unpredictable,,18,15.696907
u64,null,unpredictable,,18,0.479161
u64,sse2,unpredictable,,18,3.405597
u64,tmueller,unpredictable,,18,5.027161
u64,unrolledlut,unpredictable,,18,7.884386
u64,yy,unpredictable,,18,4.400490
u64,amartin,unpredictable,,19,5.102325
u64,branchlut,unpredictable,,19,7.638442
u64,branchlut2,unpredictable,,19,7.645419
u64,countlut,unpredictable,,19,7.988814
u64,fmt,unpredictable,,19,6.265080
u64,jeaiii,unpredictable,,19,5.274582
u64,naive,unpredictable,,19,16.491938
u64,null,unpredictable,,19,0.658669
u64,sse2,unpredictable,,19,3.517573
u64,tmueller,unpredictable,,19,5.740566
u64,unrolledlut,unpredictable,,19,4.906570
u64,yy,unpredictable,,19,4.751211
u64,amartin,unpredictable,,20,5.208731
u64,branchlut,unpredictable,,20,8.463752
u64,branchlut2,unpredictable,,20,8.349198
u64,countlut,unpredictable,,20,8.044665
u64,fmt,unpredictable,,20,6.550239
u64,jeaiii,unpredictable,,20,5.351357
u64,naive,unpredictable,,20,18.128006
u64,null,unpredictable,,20,0.493649
u64,sse2,unpredictable,,20,3.809112
u64,tmueller,unpredictable,,20,5.639782
u64,unrolledlut,unpredictable,,20,4.860649
u64,yy,unpredictable,,20,4.862671
u64,amartin,admixture,5x6,0,1.552433
u64,branchlut,admixture,5x6,0,2.209155
u64,branchlut2,admixture,5x6,0,1.958539
u64,countlut,admixture,5x6,0,2.064590
u64,fmt,admixture,5x6,0,1.857915
u64,jeaiii,admixture,5x6,0,1.321624
u64,naive,admixture,5x6,0,5.607274
u64,null,admixture,5x6,0,0.798776
u64,sse2,admixture,5x6,0,2.169723
u64,tmueller,admixture,5x6,0,1.842340
u64,unrolledlut,admixture,5x6,0,1.650505
u64,yy,admixture,5x6,0,1.393333
u64,amartin,admixture,5x6,10,1.540442
u64,branchlut,admixture,5x6,10,2.681124
u64,branchlut2,admixture,5x6,10,2.446630
u64,countlut,admixture,5x6,10,2.607321
u64,fmt,admixture,5x6,10,2.578684
u64,jeaiii,admixture,5x6,10,1.922650
u64,naive,admixture,5x6,10,6.173598
u64,null,admixture,5x6,10,0.773484
u64,sse2,admixture,5x6,10,2.610197
u64,tmueller,admixture,5x6,10,2.551256
u64,unrolledlut,admixture,5x6,10,2.316057
u64,yy,admixture,5x6,10,1.406510
u64,amartin,admixture,5x6,20,1.518890
u64,branchlut,admixture,5x6,20,3.115196
u64,branchlut2,admixture,5x6,20,2.964017
u64,countlut,admixture,5x6,20,3.151142
u64,fmt,admixture,5x6,20,3.140909
u64,jeaiii,admixture,5x6,20,2.544439
u64,naive,admixture,5x6,20,6.798014
u64,null,admixture,5x6,20,0.788696
u64,sse2,admixture,5x6,20,3.121645
u64,tmueller,admixture,5x6,20,3.147482
u64,unrolledlut,admixture,5x6,20,2.882418
u64,yy,admixture,5x6,20,1.355162
u64,amartin,admixture,5x6,30,1.540977
u64,branchlut,admixture,5x6,30,3.505258
u64,branchlut2,admixture,5x6,30,3.539579
u64,countlut,admixture,5x6,30,3.738445
u64,fmt,admixture,5x6,30,3.882709
u64,jeaiii,admixture,5x6,30,3.143575
u64,naive,admixture,5x6,30,7.257569
u64,null,admixture,5x6,30,0.782771
u64,sse2,admixture,5x6,30,3.564853
u64,tmueller,admixture,5x6,30,3.984918
u64,unrolledlut,admixture,5x6,30,3.430624
u64,yy,admixture,5x6,30,1.412606
u64,amartin,admixture,5x6,40,1.525842
u64,branchlut,admixture,5x6,40,3.822110
u64,branchlut2,admixture,5x6,40,4.108396
u64,countlut,admixture,5x6,40,4.375000
u64,fmt,admixture,5x6,40,4.670897
u64,jeaiii,admixture,5x6,40,3.753076
u64,naive,admixture,5x6,40,8.101924
u64,null,admixture,5x6,40,0.872828
u64,sse2,admixture,5x6,40,4.023204
u64,tmueller,admixture,5x6,40,4.650173
u64,unrolledlut,admixture,5x6,40,3.970828
u64,yy,admixture,5x6,40,1.384601
u64,amartin,admixture,5x6,50,1.507878
u64,branchlut,admixture,5x6,50,4.193995
u64,branchlut2,admixture,5x6,50,4.370451
u64,countlut,admixture,5x6,50,4.726813
u64,fmt,admixture,5x6,50,5.277523
u64,jeaiii,admixture,5x6,50,4.158980
u64,naive,admixture,5x6,50,8.405122
u64,null,admixture,5x6,50,0.996659
u64,sse2,admixture,5x6,50,4.325170
u64,tmueller,admixture,5x6,50,5.104951
u64,unrolledlut,admixture,5x6,50,4.465790
u64,yy,admixture,5x6,50,1.392884
u64,amartin,admixture,5x6,60,1.512761
u64,branchlut,admixture,5x6,60,3.854234
u64,branchlut2,admixture,5x6,60,4.030046
u64,countlut,admixture,5x6,60,4.414184
u64,fmt,admixture,5x6,60,4.816601
u64,jeaiii,admixture,5x6,60,3.776954
u64,naive,admixture,5x6,60,7.889487
u64,null,admixture,5x6,60,1.092257
u64,sse2,admixture,5x6,60,3.935241
u64,tmueller,admixture,5x6,60,4.647134
u64,unrolledlut,admixture,5x6,60,4.155359
u64,yy,admixture,5x6,60,1.377702
u64,amartin,admixture,5x6,70,1.514614
u64,branchlut,admixture,5x6,70,3.393389
u64,branchlut2,admixture,5x6,70,3.480406
u64,countlut,admixture,5x6,70,3.805245
u64,fmt,admixture,5x6,70,3.952402
u64,jeaiii,admixture,5x6,70,3.122812
u64,naive,admixture,5x6,70,7.042592
u64,null,admixture,5x6,70,0.894565
u64,sse2,admixture,5x6,70,3.446974
u64,tmueller,admixture,5x6,70,3.939083
u64,unrolledlut,admixture,5x6,70,3.473650
u64,yy,admixture,5x6,70,1.424425
u64,amartin,admixture,5x6,80,1.520940
u64,branchlut,admixture,5x6,80,2.952007
u64,branchlut2,admixture,5x6,80,2.896952
u64,countlut,admixture,5x6,80,3.154343
u64,fmt,admixture,5x6,80,3.231613
u64,jeaiii,admixture,5x6,80,2.488161
u64,naive,admixture,5x6,80,6.252320
u64,null,admixture,5x6,80,1.054247
u64,sse2,admixture,5x6,80,2.959268
u64,tmueller,admixture,5x6,80,3.242220
u64,unrolledlut,admixture,5x6,80,2.849043
u64,yy,admixture,5x6,80,1.372218
u64,amartin,admixture,5x6,90,1.511290
u64,branchlut,admixture,5x6,90,2.516892
u64,branchlut2,admixture,5x6,90,2.402157
u64,countlut,admixture,5x6,90,2.576440
u64,fmt,admixture,5x6,90,2.595740
u64,jeaiii,admixture,5x6,90,1.881946
u64,naive,admixture,5x6,90,5.555142
u64,null,admixture,5x6,90,1.065140
u64,sse2,admixture,5x6,90,2.506001
u64,tmueller,admixture,5x6,90,2.547584
u64,unrolledlut,admixture,5x6,90,2.238395
u64,yy,admixture,5x6,90,1.400996
u64,amartin,admixture,5x6,100,1.509665
u64,branchlut,admixture,5x6,100,2.071293
u64,branchlut2,admixture,5x6,100,1.920558
u64,countlut,admixture,5x6,100,1.912535
u64,fmt,admixture,5x6,100,1.889647
u64,jeaiii,admixture,5x6,100,1.390344
u64,naive,admixture,5x6,100,4.824608
u64,null,admixture,5x6,100,1.093471
u64,sse2,admixture,5x6,100,2.034194
u64,tmueller,admixture,5x6,100,1.855144
u64,unrolledlut,admixture,5x6,100,1.761773
u64,yy,admixture,5x6,100,1.455729
i64,amartin,bylength,,1,0.929524
i64,branchlut,bylength,,1,4.022180
i64,branchlut2,bylength,,1,4.076374
i64,countlut,bylength,,1,4.392667
i64,fmt,bylength,,1,1.126787
i64,jeaiii,bylength,,1,3.780593
i64,naive,bylength,,1,5.123839
i64,null,bylength,,1,0.802822
i64,sse2,bylength,,1,3.847771
i64,tmueller,bylength,,1,0.966624
i64,unrolledlut,bylength,,1,4.412894
i64,yy,bylength,,1,1.275647
i64,amartin,bylength,,2,0.950000
i64,branchlut,bylength,,2,4.391921
i64,branchlut2,bylength,,2,4.279274
i64,countlut,bylength,,2,4.448275
i64,fmt,bylength,,2,1.107726
i64,jeaiii,bylength,,2,4.240559
i64,naive,bylength,,2,5.641582
i64,null,bylength,,2,0.898338
i64,sse2,bylength,,2,3.881126
i64,tmueller,bylength,,2,1.505196
i64,unrolledlut,bylength,,2,4.565881
i64,yy,bylength,,2,1.373525
i64,amartin,bylength,,3,1.372531
i64,branchlut,bylength,,3,4.331823
i64,branchlut2,bylength,,3,3.960668
i64,countlut,bylength,,3,4.567334
i64,fmt,bylength,,3,1.648819
i64,jeaiii,bylength,,3,4.346099
i64,naive,bylength,,3,6.198649
i64,null,bylength,,3,1.054947
i64,sse2,bylength,,3,4.094260
i64,tmueller,bylength,,3,1.669840
i64,unrolledlut,bylength,,3,4.660491
i64,yy,bylength,,3,1.483459
i64,amartin,bylength,,4,1.374909
i64,branchlut,bylength,,4,4.319623
i64,branchlut2,bylength,,4,4.277946
i64,countlut,bylength,,4,4.288150
i64,fmt,bylength,,4,1.622993
i64,jeaiii,bylength,,4,4.536291
i64,naive,bylength,,4,6.778066
i64,null,bylength,,4,0.817459
i64,sse2,bylength,,4,4.062424
i64,tmueller,bylength,,4,1.709873
i64,unrolledlut,bylength,,4,4.571338
i64,yy,bylength,,4,1.445154
i64,amartin,bylength,,5,1.811161
i64,branchlut,bylength,,5,4.544642
i64,branchlut2,bylength,,5,4.661532
i64,countlut,bylength,,5,4.907581
i64,fmt,bylength,,5,2.164154
i64,jeaiii,bylength,,5,4.673141
i64,naive,bylength,,5,7.383529
i64,null,bylength,,5,0.876640
i64,sse2,bylength,,5,4.545129
i64,tmueller,bylength,,5,2.244623
i64,unrolledlut,bylength,,5,4.842304
i64,yy,bylength,,5,1.652527
i64,amartin,bylength,,6,1.817773
i64,branchlut,bylength,,6,5.096084
i64,branchlut2,bylength,,6,4.762305
i64,countlut,bylength,,6,4.836132
i64,fmt,bylength,,6,2.169423
i64,jeaiii,bylength,,6,4.694161
i64,naive,bylength,,6,8.016632
i64,null,bylength,,6,0.821280
i64,sse2,bylength,,6,4.763709
i64,tmueller,bylength,,6,2.199563
i64,unrolledlut,bylength,,6,4.745382
i64,yy,bylength,,6,1.662493
i64,amartin,bylength,,7,2.419355
i64,branchlut,bylength,,7,5.125568
i64,branchlut2,bylength,,7,4.785818
i64,countlut,bylength,,7,5.106153
i64,fmt,bylength,,7,2.819902
i64,jeaiii,bylength,,7,4.825642
i64,naive,bylength,,7,8.747050
i64,null,bylength,,7,0.798484
i64,sse2,bylength,,7,4.903205
i64,tmueller,bylength,,7,2.817293
i64,unrolledlut,bylength,,7,4.797455
i64,yy,bylength,,7,2.010000
i64,amartin,bylength,,8,2.365479
i64,branchlut,bylength,,8,5.119463
i64,branchlut2,bylength,,8,5.036663
i64,countlut,bylength,,8,5.192602
i64,fmt,bylength,,8,2.722130
i64,jeaiii,bylength,,8,4.803092
i64,naive,bylength,,8,8.270057
i64,null,bylength,,8,0.826096
i64,sse2,bylength,,8,4.827857
i64,tmueller,bylength,,8,2.768765
i64,unrolledlut,bylength,,8,4.800360
i64,yy,bylength,,8,1.979368
i64,amartin,bylength,,9,2.717429
i64,branchlut,bylength,,9,6.677233
i64,branchlut2,bylength,,9,6.223042
i64,countlut,bylength,,9,6.369048
i64,fmt,bylength,,9,3.379378
i64,jeaiii,bylength,,9,4.997661
i64,naive,bylength,,9,9.549909
i64,null,bylength,,9,0.775257
i64,sse2,bylength,,9,4.963055
i64,tmueller,bylength,,9,3.418806
i64,unrolledlut,bylength,,9,5.105488
i64,yy,bylength,,9,2.550895
i64,amartin,bylength,,10,4.636751
i64,branchlut,bylength,,10,7.003475
i64,branchlut2,bylength,,10,6.162127
i64,countlut,bylength,,10,6.296077
i64,fmt,bylength,,10,3.429125
i64,jeaiii,bylength,,10,6.869712
i64,naive,bylength,,10,10.531245
i64,null,bylength,,10,0.810170
i64,sse2,bylength,,10,4.967371
i64,tmueller,bylength,,10,3.394268
i64,unrolledlut,bylength,,10,7.226124
i64,yy,bylength,,10,2.554239
i64,amartin,bylength,,11,3.461764
i64,branchlut,bylength,,11,7.202915
i64,branchlut2,bylength,,11,6.660119
i64,countlut,bylength,,11,6.849508
i64,fmt,bylength,,11,3.978953
i64,jeaiii,bylength,,11,4.875347
i64,naive,bylength,,11,11.629994
i64,null,bylength,,11,0.805814
i64,sse2,bylength,,11,4.958858
i64,tmueller,bylength,,11,3.965528
i64,unrolledlut,bylength,,11,5.764557
i64,yy,bylength,,11,3.056455
i64,amartin,bylength,,12,3.405982
i64,branchlut,bylength,,12,7.287218
i64,branchlut2,bylength,,12,6.757990
i64,countlut,bylength,,12,7.017884
i64,fmt,bylength,,12,4.037210
i64,jeaiii,bylength,,12,5.118864
i64,naive,bylength,,12,12.828849
i64,null,bylength,,12,0.821274
i64,sse2,bylength,,12,4.976734
i64,tmueller,bylength,,12,3.910539
i64,unrolledlut,bylength,,12,5.604445
i64,yy,bylength,,12,3.043345
i64,amartin,bylength,,13,3.770389
i64,branchlut,bylength,,13,7.397491
i64,branchlut2,bylength,,13,7.295741
i64,countlut,bylength,,13,7.347730
i64,fmt,bylength,,13,4.648170
i64,jeaiii,bylength,,13,5.162846
i64,naive,bylength,,13,13.679464
i64,null,bylength,,13,0.811748
i64,sse2,bylength,,13,4.938725
i64,tmueller,bylength,,13,4.533835
i64,unrolledlut,bylength,,13,5.859226
i64,yy,bylength,,13,3.307052
i64,amartin,bylength,,14,3.770484
i64,branchlut,bylength,,14,7.426633
i64,branchlut2,bylength,,14,7.397730
i64,countlut,bylength,,14,7.323718
i64,fmt,bylength,,14,4.650865
i64,jeaiii,bylength,,14,5.232138
i64,naive,bylength,,14,14.686616
i64,null,bylength,,14,0.881192
i64,sse2,bylength,,14,4.933919
i64,tmueller,bylength,,14,4.513627
i64,unrolledlut,bylength,,14,5.907593
i64,yy,bylength,,14,3.361055
i64,amartin,bylength,,15,4.266805
i64,branchlut,bylength,,15,7.748147
i64,branchlut2,bylength,,15,7.713511
i64,countlut,bylength,,15,7.736958
i64,fmt,bylength,,15,5.391972
i64,jeaiii,bylength,,15,5.458970
i64,naive,bylength,,15,15.715655
i64,null,bylength,,15,0.755833
i64,sse2,bylength,,15,4.615645
i64,tmueller,bylength,,15,5.265981
i64,unrolledlut,bylength,,15,5.922490
i64,yy,bylength,,15,3.807328
i64,amartin,bylength,,16,4.256351
i64,branchlut,bylength,,16,7.868482
i64,branchlut2,bylength,,16,7.880540
i64,countlut,bylength,,16,7.883110
i64,fmt,bylength,,16,5.409095
i64,jeaiii,bylength,,16,5.653566
i64,naive,bylength,,16,15.063084
i64,null,bylength,,16,1.083193
i64,sse2,bylength,,16,4.607293
i64,tmueller,bylength,,16,5.241482
i64,unrolledlut,bylength,,16,5.911252
i64,yy,bylength,,16,3.831128
i64,amartin,bylength,,17,4.770235
i64,branchlut,bylength,,17,8.422176
i64,branchlut2,bylength,,17,8.243214
i64,countlut,bylength,,17,9.176250
i64,fmt,bylength,,17,6.106662
i64,jeaiii,bylength,,17,5.939098
i64,naive,bylength,,17,16.301051
i64,null,bylength,,17,1.088396
i64,sse2,bylength,,17,4.629622
i64,tmueller,bylength,,17,6.030572
i64,unrolledlut,bylength,,17,6.425282
i64,yy,bylength,,17,3.846775
i64,amartin,bylength,,18,6.308661
i64,branchlut,bylength,,18,8.261462
i64,branchlut2,bylength,,18,8.286056
i64,countlut,bylength,,18,9.447064
i64,fmt,bylength,,18,6.135546
i64,jeaiii,bylength,,18,7.830311
i64,naive,bylength,,18,17.605780
i64,null,bylength,,18,0.961553
i64,sse2,bylength,,18,5.137600
i64,tmueller,bylength,,18,5.994006
i64,unrolledlut,bylength,,18,7.695901
i64,yy,bylength,,18,3.855803
i64,amartin,bylength,,19,4.974030
i64,branchlut,bylength,,19,8.890780
i64,branchlut2,bylength,,19,8.621758
i64,countlut,bylength,,19,9.720367
i64,fmt,bylength,,19,6.825753
i64,jeaiii,bylength,,19,5.980210
i64,naive,bylength,,19,18.512967
i64,null,bylength,,19,1.043032
i64,sse2,bylength,,19,5.219309
i64,tmueller,bylength,,19,6.685370
i64,unrolledlut,bylength,,19,6.275813
i64,yy,bylength,,19,4.031394
i64,amartin,loguniform,1-19,19,10.310028
i64,branchlut,loguniform,1-19,19,13.465516
i64,branchlut2,loguniform,1-19,19,14.280599
i64,countlut,loguniform,1-19,19,14.454901
i64,fmt,loguniform,1-19,19,12.311834
i64,jeaiii,loguniform,1-19,19,13.803890
i64,naive,loguniform,1-19,19,18.745336
i64,null,loguniform,1-19,19,0.783004
i64,sse2,loguniform,1-19,19,16.216811
i64,tmueller,loguniform,1-19,19,12.492291
i64,unrolledlut,loguniform,1-19,19,13.673752
i64,yy,loguniform,1-19,19,9.004190
i64,amartin,loguniform,1-4,4,4.284765
i64,branchlut,loguniform,1-4,4,8.488877
i64,branchlut2,loguniform,1-4,4,8.996469
i64,countlut,loguniform,1-4,4,9.345777
i64,fmt,loguniform,1-4,4,7.029831
i64,jeaiii,loguniform,1-4,4,9.070330
i64,naive,loguniform,1-4,4,10.368760
i64,null,loguniform,1-4,4,0.866627
i64,sse2,loguniform,1-4,4,8.102814
i64,tmueller,loguniform,1-4,4,6.621923
i64,unrolledlut,loguniform,1-4,4,9.352369
i64,yy,loguniform,1-4,4,3.995606
i64,amartin,uniform,0-255,0,3.749282
i64,branchlut,uniform,0-255,0,3.790807
i64,branchlut2,uniform,0-255,0,3.697522
i64,countlut,uniform,0-255,0,4.107217
i64,fmt,uniform,0-255,0,4.021997
i64,jeaiii,uniform,0-255,0,3.862316
i64,naive,uniform,0-255,0,5.854678
i64,null,uniform,0-255,0,0.802284
i64,sse2,uniform,0-255,0,3.840244
i64,tmueller,uniform,0-255,0,4.038364
i64,unrolledlut,uniform,0-255,0,4.332262
i64,yy,uniform,0-255,0,3.695201
i64,amartin,unpredictable,,1,2.483377
i64,branchlut,unpredictable,,1,5.455477
i64,branchlut2,unpredictable,,1,5.500784
i64,countlut,unpredictable,,1,6.104449
i64,fmt,unpredictable,,1,5.415010
i64,jeaiii,unpredictable,,1,5.889095
i64,naive,unpredictable,,1,9.088933
i64,null,unpredictable,,1,1.020784
i64,sse2,unpredictable,,1,5.209293
i64,tmueller,unpredictable,,1,6.512597
i64,unrolledlut,unpredictable,,1,5.081614
i64,yy,unpredictable,,1,2.964675
i64,amartin,unpredictable,,2,2.278443
i64,branchlut,unpredictable,,2,5.525015
i64,branchlut2,unpredictable,,2,5.581600
i64,countlut,unpredictable,,2,6.257157
i64,fmt,unpredictable,,2,5.484169
i64,jeaiii,unpredictable,,2,5.944149
i64,naive,unpredictable,,2,9.573478
i64,null,unpredictable,,2,1.424381
i64,sse2,unpredictable,,2,5.215847
i64,tmueller,unpredictable,,2,5.824132
i64,unrolledlut,unpredictable,,2,5.211157
i64,yy,unpredictable,,2,2.806006
i64,amartin,unpredictable,,3,2.492969
i64,branchlut,unpredictable,,3,5.641718
i64,branchlut2,unpredictable,,3,5.722610
i64,countlut,unpredictable,,3,5.785815
i64,fmt,unpredictable,,3,4.591246
i64,jeaiii,unpredictable,,3,4.897053
i64,naive,unpredictable,,3,9.837728
i64,null,unpredictable,,3,1.064125
i64,sse2,unpredictable,,3,5.593035
i64,tmueller,unpredictable,,3,4.482072
i64,unrolledlut,unpredictable,,3,5.014555
i64,yy,unpredictable,,3,2.759837
i64,amartin,unpredictable,,4,2.601394
i64,branchlut,unpredictable,,4,5.867916
i64,branchlut2,unpredictable,,4,5.745253
i64,countlut,unpredictable,,4,5.911922
i64,fmt,unpredictable,,4,4.445358
i64,jeaiii,unpredictable,,4,5.133984
i64,naive,unpredictable,,4,10.505712
i64,null,unpredictable,,4,0.971592
i64,sse2,unpredictable,,4,5.642807
i64,tmueller,unpredictable,,4,4.588840
i64,unrolledlut,unpredictable,,4,4.901087
i64,yy,unpredictable,,4,2.776515
i64,amartin,unpredictable,,5,2.329833
i64,branchlut,unpredictable,,5,5.797558
i64,branchlut2,unpredictable,,5,6.088774
i64,countlut,unpredictable,,5,5.678468
i64,fmt,unpredictable,,5,4.795242
i64,jeaiii,unpredictable,,5,5.228672
i64,naive,unpredictable,,5,10.466996
i64,null,unpredictable,,5,1.034845
i64,sse2,unpredictable,,5,5.567917
i64,tmueller,unpredictable,,5,4.840524
i64,unrolledlut,unpredictable,,5,5.015148
i64,yy,unpredictable,,5,2.596431
i64,amartin,unpredictable,,6,2.488076
i64,branchlut,unpredictable,,6,6.288946
i64,branchlut2,unpredictable,,6,6.238607
i64,countlut,unpredictable,,6,5.759297
i64,fmt,unpredictable,,6,4.772274
i64,jeaiii,unpredictable,,6,5.223589
i64,naive,unpredictable,,6,10.965188
i64,null,unpredictable,,6,1.195669
i64,sse2,unpredictable,,6,5.828394
i64,tmueller,unpredictable,,6,4.895658
i64,unrolledlut,unpredictable,,6,5.058620
i64,yy,unpredictable,,6,2.549365
i64,amartin,unpredictable,,7,2.961709
i64,branchlut,unpredictable,,7,6.232031
i64,branchlut2,unpredictable,,7,6.434093
i64,countlut,unpredictable,,7,6.264314
i64,fmt,unpredictable,,7,4.481178
i64,jeaiii,unpredictable,,7,5.403185
i64,naive,unpredictable,,7,11.325400
i64,null,unpredictable,,7,1.091562
i64,sse2,unpredictable,,7,6.019943
i64,tmueller,unpredictable,,7,4.520429
i64,unrolledlut,unpredictable,,7,6.175388
i64,yy,unpredictable,,7,2.970328
i64,amartin,unpredictable,,8,2.930961
i64,branchlut,unpredictable,,8,6.432930
i64,branchlut2,unpredictable,,8,6.250145
i64,countlut,unpredictable,,8,6.144418
i64,fmt,unpredictable,,8,4.616396
i64,jeaiii,unpredictable,,8,5.567759
i64,naive,unpredictable,,8,10.690156
i64,null,unpredictable,,8,0.942619
i64,sse2,unpredictable,,8,6.286320
i64,tmueller,unpredictable,,8,4.565583
i64,unrolledlut,unpredictable,,8,6.124556
i64,yy,unpredictable,,8,2.951182
i64,amartin,unpredictable,,9,4.429614
i64,branchlut,unpredictable,,9,6.895975
i64,branchlut2,unpredictable,,9,6.331934
i64,countlut,unpredictable,,9,6.956542
i64,fmt,unpredictable,,9,4.735813
i64,jeaiii,unpredictable,,9,5.492657
i64,naive,unpredictable,,9,11.226544
i64,null,unpredictable,,9,1.224928
i64,sse2,unpredictable,,9,7.520252
i64,tmueller,unpredictable,,9,4.561685
i64,unrolledlut,unpredictable,,9,6.792553
i64,yy,unpredictable,,9,3.340215
i64,amartin,unpredictable,,10,8.028712
i64,branchlut,unpredictable,,10,6.950058
i64,branchlut2,unpredictable,,10,6.252970
i64,countlut,unpredictable,,10,7.162698
i64,fmt,unpredictable,,10,4.671545
i64,jeaiii,unpredictable,,10,9.390400
i64,naive,unpredictable,,10,11.907577
i64,null,unpredictable,,10,1.426554
i64,sse2,unpredictable,,10,7.456730
i64,tmueller,unpredictable,,10,4.596581
i64,unrolledlut,unpredictable,,10,9.613466
i64,yy,unpredictable,,10,3.361657
i64,amartin,unpredictable,,11,3.732152
i64,branchlut,unpredictable,,11,7.396763
i64,branchlut2,unpredictable,,11,6.559452
i64,countlut,unpredictable,,11,6.866994
i64,fmt,unpredictable,,11,4.900330
i64,jeaiii,unpredictable,,11,5.771906
i64,naive,unpredictable,,11,12.674811
i64,null,unpredictable,,11,0.793106
i64,sse2,unpredictable,,11,7.497511
i64,tmueller,unpredictable,,11,4.737206
i64,unrolledlut,unpredictable,,11,5.905367
i64,yy,unpredictable,,11,3.351853
i64,amartin,unpredictable,,12,3.783271
i64,branchlut,unpredictable,,12,7.676701
i64,branchlut2,unpredictable,,12,6.831861
i64,countlut,unpredictable,,12,7.160480
i64,fmt,unpredictable,,12,4.881907
i64,jeaiii,unpredictable,,12,5.603245
i64,naive,unpredictable,,12,13.685023
i64,null,unpredictable,,12,1.091925
i64,sse2,unpredictable,,12,7.548191
i64,tmueller,unpredictable,,12,4.790179
i64,unrolledlut,unpredictable,,12,5.752472
i64,yy,unpredictable,,12,3.324260
i64,amartin,unpredictable,,13,3.885264
i64,branchlut,unpredictable,,13,8.070971
i64,branchlut2,unpredictable,,13,7.276831
i64,countlut,unpredictable,,13,7.179608
i64,fmt,unpredictable,,13,5.239956
i64,jeaiii,unpredictable,,13,5.706106
i64,naive,unpredictable,,13,14.636352
i64,null,unpredictable,,13,0.821383
i64,sse2,unpredictable,,13,7.463993
i64,tmueller,unpredictable,,13,4.851254
i64,unrolledlut,unpredictable,,13,5.949625
i64,yy,unpredictable,,13,3.361289
i64,amartin,unpredictable,,14,3.810048
i64,branchlut,unpredictable,,14,8.244276
i64,branchlut2,unpredictable,,14,7.313486
i64,countlut,unpredictable,,14,7.300342
i64,fmt,unpredictable,,14,5.284727
i64,jeaiii,unpredictable,,14,5.700968
i64,naive,unpredictable,,14,15.485875
i64,null,unpredictable,,14,1.359922
i64,sse2,unpredictable,,14,7.417698
i64,tmueller,unpredictable,,14,4.938178
i64,unrolledlut,unpredictable,,14,6.209223
i64,yy,unpredictable,,14,3.335282
i64,amartin,unpredictable,,15,4.303147
i64,branchlut,unpredictable,,15,8.829538
i64,branchlut2,unpredictable,,15,7.709412
i64,countlut,unpredictable,,15,7.501773
i64,fmt,unpredictable,,15,5.495581
i64,jeaiii,unpredictable,,15,6.120590
i64,naive,unpredictable,,15,16.242778
i64,null,unpredictable,,15,0.994686
i64,sse2,unpredictable,,15,7.415138
i64,tmueller,unpredictable,,15,5.105477
i64,unrolledlut,unpredictable,,15,6.640654
i64,yy,unpredictable,,15,3.749019
i64,amartin,unpredictable,,16,4.295066
i64,branchlut,unpredictable,,16,9.094852
i64,branchlut2,unpredictable,,16,8.181299
i64,countlut,unpredictable,,16,7.779281
i64,fmt,unpredictable,,16,5.545513
i64,jeaiii,unpredictable,,16,6.377878
i64,naive,unpredictable,,16,15.829175
i64,null,unpredictable,,16,0.786087
i64,sse2,unpredictable,,16,8.130554
i64,tmueller,unpredictable,,16,5.697543
i64,unrolledlut,unpredictable,,16,6.960238
i64,yy,unpredictable,,16,3.898952
i64,amartin,unpredictable,,17,5.753234
i64,branchlut,unpredictable,,17,9.385395
i64,branchlut2,unpredictable,,17,9.360432
i64,countlut,unpredictable,,17,10.449210
i64,fmt,unpredictable,,17,5.919933
i64,jeaiii,unpredictable,,17,6.870619
i64,naive,unpredictable,,17,17.150960
i64,null,unpredictable,,17,1.294043
i64,sse2,unpredictable,,17,6.783363
i64,tmueller,unpredictable,,17,5.491361
i64,unrolledlut,unpredictable,,17,8.184713
i64,yy,unpredictable,,17,4.925090
i64,amartin,unpredictable,,18,9.326610
i64,branchlut,unpredictable,,18,9.420403
i64,branchlut2,unpredictable,,18,9.513882
i64,countlut,unpredictable,,18,11.131921
i64,fmt,unpredictable,,18,6.438320
i64,jeaiii,unpredictable,,18,10.200972
i64,naive,unpredictable,,18,18.683801
i64,null,unpredictable,,18,1.219610
i64,sse2,unpredictable,,18,6.886938
i64,tmueller,unpredictable,,18,5.791114
i64,unrolledlut,unpredictable,,18,10.793362
i64,yy,unpredictable,,18,4.804662
i64,amartin,unpredictable,,19,6.253167
i64,branchlut,unpredictable,,19,10.339575
i64,branchlut2,unpredictable,,19,10.247807
i64,countlut,unpredictable,,19,11.227777
i64,fmt,unpredictable,,19,6.809372
i64,jeaiii,unpredictable,,19,7.814388
i64,naive,unpredictable,,19,18.440745
i64,null,unpredictable,,19,0.980742
i64,sse2,unpredictable,,19,6.316896
i64,tmueller,unpredictable,,19,6.531957
i64,unrolledlut,unpredictable,,19,7.716547
i64,yy,unpredictable,,19,5.303941
i64,amartin,admixture,5x6,0,1.790908
i64,branchlut,admixture,5x6,0,5.111351
i64,branchlut2,admixture,5x6,0,4.748592
i64,countlut,admixture,5x6,0,4.845163
i64,fmt,admixture,5x6,0,2.186373
i64,jeaiii,admixture,5x6,0,4.639658
i64,naive,admixture,5x6,0,7.954473
i64,null,admixture,5x6,0,0.811147
i64,sse2,admixture,5x6,0,4.794235
i64,tmueller,admixture,5x6,0,2.186382
i64,unrolledlut,admixture,5x6,0,4.830544
i64,yy,admixture,5x6,0,1.643935
i64,amartin,admixture,5x6,10,1.798322
i64,branchlut,admixture,5x6,10,5.297345
i64,branchlut2,admixture,5x6,10,5.044571
i64,countlut,admixture,5x6,10,5.347822
i64,fmt,admixture,5x6,10,2.856078
i64,jeaiii,admixture,5x6,10,4.858090
i64,naive,admixture,5x6,10,8.532855
i64,null,admixture,5x6,10,0.767825
i64,sse2,admixture,5x6,10,4.979264
i64,tmueller,admixture,5x6,10,2.983320
i64,unrolledlut,admixture,5x6,10,5.247163
i64,yy,admixture,5x6,10,1.622695
i64,amartin,admixture,5x6,20,1.791634
i64,branchlut,admixture,5x6,20,5.888138
i64,branchlut2,admixture,5x6,20,5.593993
i64,countlut,admixture,5x6,20,6.074103
i64,fmt,admixture,5x6,20,3.427886
i64,jeaiii,admixture,5x6,20,5.513913
i64,naive,admixture,5x6,20,9.188679
i64,null,admixture,5x6,20,1.100075
i64,sse2,admixture,5x6,20,5.616179
i64,tmueller,admixture,5x6,20,3.665783
i64,unrolledlut,admixture,5x6,20,5.737209
i64,yy,admixture,5x6,20,1.611343
i64,amartin,admixture,5x6,30,1.810475
i64,branchlut,admixture,5x6,30,6.456202
i64,branchlut2,admixture,5x6,30,6.185160
i64,countlut,admixture,5x6,30,6.785470
i64,fmt,admixture,5x6,30,4.104845
i64,jeaiii,admixture,5x6,30,6.135703
i64,naive,admixture,5x6,30,9.900035
i64,null,admixture,5x6,30,1.094123
i64,sse2,admixture,5x6,30,6.236622
i64,tmueller,admixture,5x6,30,4.497214
i64,unrolledlut,admixture,5x6,30,6.202624
i64,yy,admixture,5x6,30,1.621835
i64,amartin,admixture,5x6,40,1.823960
i64,branchlut,admixture,5x6,40,6.981001
i64,branchlut2,admixture,5x6,40,6.766382
i64,countlut,admixture,5x6,40,7.462971
i64,fmt,admixture,5x6,40,4.946953
i64,jeaiii,admixture,5x6,40,6.729492
i64,naive,admixture,5x6,40,10.619337
i64,null,admixture,5x6,40,0.779320
i64,sse2,admixture,5x6,40,6.857869
i64,tmueller,admixture,5x6,40,5.120744
i64,unrolledlut,admixture,5x6,40,6.688344
i64,yy,admixture,5x6,40,1.628995
i64,amartin,admixture,5x6,50,1.812245
i64,branchlut,admixture,5x6,50,7.311002
i64,branchlut2,admixture,5x6,50,7.097751
i64,countlut,admixture,5x6,50,7.891539
i64,fmt,admixture,5x6,50,5.537559
i64,jeaiii,admixture,5x6,50,6.995515
i64,naive,admixture,5x6,50,10.853639
i64,null,admixture,5x6,50,0.811110
i64,sse2,admixture,5x6,50,7.194674
i64,tmueller,admixture,5x6,50,5.634797
i64,unrolledlut,admixture,5x6,50,6.999561
i64,yy,admixture,5x6,50,1.604344
i64,amartin,admixture,5x6,60,1.802614
i64,branchlut,admixture,5x6,60,6.977715
i64,branchlut2,admixture,5x6,60,6.782731
i64,countlut,admixture,5x6,60,7.480694
i64,fmt,admixture,5x6,60,5.059803
i64,jeaiii,admixture,5x6,60,6.711768
i64,naive,admixture,5x6,60,10.381587
i64,null,admixture,5x6,60,0.959791
i64,sse2,admixture,5x6,60,6.908031
i64,tmueller,admixture,5x6,60,5.106239
i64,unrolledlut,admixture,5x6,60,6.633084
i64,yy,admixture,5x6,60,1.607622
i64,amartin,admixture,5x6,70,1.807631
i64,branchlut,admixture,5x6,70,6.401603
i64,branchlut2,admixture,5x6,70,6.187815
i64,countlut,admixture,5x6,70,6.745696
i64,fmt,admixture,5x6,70,4.185086
i64,jeaiii,admixture,5x6,70,6.147055
i64,naive,admixture,5x6,70,9.520988
i64,null,admixture,5x6,70,0.849683
i64,sse2,admixture,5x6,70,6.302463
i64,tmueller,admixture,5x6,70,4.449848
i64,unrolledlut,admixture,5x6,70,6.197532
i64,yy,admixture,5x6,70,1.615666
i64,amartin,admixture,5x6,80,1.792878
i64,branchlut,admixture,5x6,80,5.927860
i64,branchlut2,admixture,5x6,80,5.675041
i64,countlut,admixture,5x6,80,6.077755
i64,fmt,admixture,5x6,80,3.537907
i64,jeaiii,admixture,5x6,80,5.660849
i64,naive,admixture,5x6,80,8.798143
i64,null,admixture,5x6,80,0.755215
i64,sse2,admixture,5x6,80,5.737654
i64,tmueller,admixture,5x6,80,3.684705
i64,unrolledlut,admixture,5x6,80,5.795475
i64,yy,admixture,5x6,80,1.648229
i64,amartin,admixture,5x6,90,1.815208
i64,branchlut,admixture,5x6,90,5.271603
i64,branchlut2,admixture,5x6,90,5.022081
i64,countlut,admixture,5x6,90,5.293148
i64,fmt,admixture,5x6,90,2.863677
i64,jeaiii,admixture,5x6,90,4.936346
i64,naive,admixture,5x6,90,7.984630
i64,null,admixture,5x6,90,0.972070
i64,sse2,admixture,5x6,90,5.086614
i64,tmueller,admixture,5x6,90,3.003749
i64,unrolledlut,admixture,5x6,90,5.127689
i64,yy,admixture,5x6,90,1.630859
i64,amartin,admixture,5x6,100,1.815777
i64,branchlut,admixture,5x6,100,4.584282
i64,branchlut2,admixture,5x6,100,4.696216
i64,countlut,admixture,5x6,100,4.869225
i64,fmt,admixture,5x6,100,2.191931
i64,jeaiii,admixture,5x6,100,4.633957
i64,naive,admixture,5x6,100,7.316871
i64,null,admixture,5x6,100,0.929424
i64,sse2,admixture,5x6,100,4.564876
i64,tmueller,admixture,5x6,100,2.274981
i64,unrolledlut,admixture,5x6,100,4.820429
i64,yy,admixture,5x6,100,1.637264
u128,fmt,bylength,,1,9.807235
u128,naive,bylength,,1,3.756433
u128,null,bylength,,1,0.796106
u128,fmt,bylength,,2,9.705249
u128,naive,bylength,,2,5.578646
u128,null,bylength,,2,0.871675
u128,fmt,bylength,,3,9.981132
u128,naive,bylength,,3,8.045568
u128,null,bylength,,3,0.766000
u128,fmt,bylength,,4,9.920566
u128,naive,bylength,,4,11.154043
u128,null,bylength,,4,0.798285
u128,fmt,bylength,,5,10.274886
u128,naive,bylength,,5,14.453662
u128,null,bylength,,5,0.746785
u128,fmt,bylength,,6,10.524793
u128,naive,bylength,,6,18.403495
u128,null,bylength,,6,0.795055
u128,fmt,bylength,,7,10.965708
u128,naive,bylength,,7,21.793359
u128,null,bylength,,7,0.766114
u128,fmt,bylength,,8,11.237791
u128,naive,bylength,,8,24.718744
u128,null,bylength,,8,0.867987
u128,fmt,bylength,,9,11.651341
u128,naive,bylength,,9,27.579052
u128,null,bylength,,9,0.764500
u128,fmt,bylength,,10,11.827332
u128,naive,bylength,,10,31.110987
u128,null,bylength,,10,0.866029
u128,fmt,bylength,,11,12.768213
u128,naive,bylength,,11,34.650296
u128,null,bylength,,11,0.835491
u128,fmt,bylength,,12,12.900374
u128,naive,bylength,,12,37.915203
u128,null,bylength,,12,0.906655
u128,fmt,bylength,,13,13.712464
u128,naive,bylength,,13,41.442570
u128,null,bylength,,13,0.886868
u128,fmt,bylength,,14,13.906989
u128,naive,bylength,,14,44.811717
u128,null,bylength,,14,0.867558
u128,fmt,bylength,,15,14.751034
u128,naive,bylength,,15,48.208732
u128,null,bylength,,15,0.856332
u128,fmt,bylength,,16,14.942987
u128,naive,bylength,,16,49.709347
u128,null,bylength,,16,0.826826
u128,fmt,bylength,,17,15.873502
u128,naive,bylength,,17,53.772335
u128,null,bylength,,17,0.760947
u128,fmt,bylength,,18,16.618287
u128,naive,bylength,,18,59.102837
u128,null,bylength,,18,0.802288
u128,fmt,bylength,,19,17.113870
u128,naive,bylength,,19,62.842195
u128,null,bylength,,19,0.836647
u128,fmt,bylength,,20,21.949798
u128,naive,bylength,,20,64.172879
u128,null,bylength,,20,0.783360
u128,fmt,bylength,,21,21.892260
u128,naive,bylength,,21,67.873854
u128,null,bylength,,21,0.783293
u128,fmt,bylength,,22,22.974865
u128,naive,bylength,,22,73.168529
u128,null,bylength,,22,0.792923
u128,fmt,bylength,,23,22.432621
u128,naive,bylength,,23,74.440254
u128,null,bylength,,23,0.746354
u128,fmt,bylength,,24,22.810589
u128,naive,bylength,,24,76.796094
u128,null,bylength,,24,0.806090
u128,fmt,bylength,,25,23.370028
u128,naive,bylength,,25,80.551919
u128,null,bylength,,25,0.935346
u128,fmt,bylength,,26,23.986307
u128,naive,bylength,,26,84.023737
u128,null,bylength,,26,0.878308
u128,fmt,bylength,,27,23.941003
u128,naive,bylength,,27,87.491753
u128,null,bylength,,27,0.858335
u128,fmt,bylength,,28,25.140972
u128,naive,bylength,,28,92.134174
u128,null,bylength,,28,0.831581
u128,fmt,bylength,,29,24.620815
u128,naive,bylength,,29,94.563096
u128,null,bylength,,29,0.933712
u128,fmt,bylength,,30,25.158010
u128,naive,bylength,,30,99.308533
u128,null,bylength,,30,0.740602
u128,fmt,bylength,,31,25.490985
u128,naive,bylength,,31,101.336913
u128,null,bylength,,31,0.913630
u128,fmt,bylength,,32,25.737613
u128,naive,bylength,,32,102.181862
u128,null,bylength,,32,0.958594
u128,fmt,bylength,,33,26.258574
u128,naive,bylength,,33,106.447979
u128,null,bylength,,33,0.970547
u128,fmt,bylength,,34,26.938933
u128,naive,bylength,,34,109.837234
u128,null,bylength,,34,0.929748
u128,fmt,bylength,,35,27.497360
u128,naive,bylength,,35,118.373449
u128,null,bylength,,35,0.893897
u128,fmt,bylength,,36,27.784043
u128,naive,bylength,,36,117.534891
u128,null,bylength,,36,0.877769
u128,fmt,bylength,,37,28.748169
u128,naive,bylength,,37,124.471853
u128,null,bylength,,37,0.853978
u128,fmt,bylength,,38,28.650146
u128,naive,bylength,,38,123.771358
u128,null,bylength,,38,0.839045
u128,fmt,bylength,,39,35.731725
u128,naive,bylength,,39,126.940687
u128,null,bylength,,39,0.908229
u128,fmt,loguniform,1-39,39,27.953764
u128,naive,loguniform,1-39,39,72.239600
u128,null,loguniform,1-39,39,0.877504
u128,fmt,loguniform,1-4,4,14.210223
u128,naive,loguniform,1-4,4,11.336979
u128,null,loguniform,1-4,4,0.785603
u128,fmt,uniform,0-255,0,11.707189
u128,naive,uniform,0-255,0,9.522454
u128,null,uniform,0-255,0,0.846734
u128,fmt,unpredictable,,1,11.788457
u128,naive,unpredictable,,1,6.628214
u128,null,unpredictable,,1,0.892096
u128,fmt,unpredictable,,2,12.174508
u128,naive,unpredictable,,2,8.918142
u128,null,unpredictable,,2,0.833607
u128,fmt,unpredictable,,3,10.885127
u128,naive,unpredictable,,3,9.023905
u128,null,unpredictable,,3,0.644375
u128,fmt,unpredictable,,4,11.025144
u128,naive,unpredictable,,4,13.050655
u128,null,unpredictable,,4,0.882156
u128,fmt,unpredictable,,5,11.107619
u128,naive,unpredictable,,5,15.076424
u128,null,unpredictable,,5,0.943958
u128,fmt,unpredictable,,6,11.367385
u128,naive,unpredictable,,6,18.293711
u128,null,unpredictable,,6,0.748123
u128,fmt,unpredictable,,7,11.313436
u128,naive,unpredictable,,7,21.346237
u128,null,unpredictable,,7,0.791502
u128,fmt,unpredictable,,8,11.392169
u128,naive,unpredictable,,8,23.876516
u128,null,unpredictable,,8,0.594997
u128,fmt,unpredictable,,9,12.109256
u128,naive,unpredictable,,9,27.329273
u128,null,unpredictable,,9,0.651869
u128,fmt,unpredictable,,10,12.294293
u128,naive,unpredictable,,10,30.310022
u128,null,unpredictable,,10,0.944168
u128,fmt,unpredictable,,11,13.125445
u128,naive,unpredictable,,11,33.807919
u128,null,unpredictable,,11,0.804628
u128,fmt,unpredictable,,12,13.464963
u128,naive,unpredictable,,12,38.257267
u128,null,unpredictable,,12,0.779099
u128,fmt,unpredictable,,13,13.778666
u128,naive,unpredictable,,13,44.702042
u128,null,unpredictable,,13,0.638529
u128,fmt,unpredictable,,14,14.542022
u128,naive,unpredictable,,14,44.218374
u128,null,unpredictable,,14,0.752460
u128,fmt,unpredictable,,15,14.816146
u128,naive,unpredictable,,15,50.405178
u128,null,unpredictable,,15,0.664001
u128,fmt,unpredictable,,16,14.705289
u128,naive,unpredictable,,16,48.514761
u128,null,unpredictable,,16,0.614948
u128,fmt,unpredictable,,17,15.688994
u128,naive,unpredictable,,17,52.201111
u128,null,unpredictable,,17,0.927849
u128,fmt,unpredictable,,18,15.677741
u128,naive,unpredictable,,18,55.544573
u128,null,unpredictable,,18,0.799103
u128,fmt,unpredictable,,19,16.756532
u128,naive,unpredictable,,19,59.060421
u128,null,unpredictable,,19,0.878656
u128,fmt,unpredictable,,20,23.637628
u128,naive,unpredictable,,20,62.206215
u128,null,unpredictable,,20,0.969503
u128,fmt,unpredictable,,21,23.404757
u128,naive,unpredictable,,21,66.073948
u128,null,unpredictable,,21,0.838566
u128,fmt,unpredictable,,22,24.710065
u128,naive,unpredictable,,22,74.588409
u128,null,unpredictable,,22,0.780359
u128,fmt,unpredictable,,23,24.508441
u128,naive,unpredictable,,23,74.318228
u128,null,unpredictable,,23,0.964729
u128,fmt,unpredictable,,24,23.770165
u128,naive,unpredictable,,24,74.713852
u128,null,unpredictable,,24,0.842199
u128,fmt,unpredictable,,25,24.430360
u128,naive,unpredictable,,25,78.262613
u128,null,unpredictable,,25,1.277763
u128,fmt,unpredictable,,26,24.739791
u128,naive,unpredictable,,26,81.565901
u128,null,unpredictable,,26,0.862684
u128,fmt,unpredictable,,27,24.702107
u128,naive,unpredictable,,27,84.986723
u128,null,unpredictable,,27,0.636215
u128,fmt,unpredictable,,28,25.167312
u128,naive,unpredictable,,28,88.693024
u128,null,unpredictable,,28,0.966238
u128,fmt,unpredictable,,29,25.174876
u128,naive,unpredictable,,29,91.920820
u128,null,unpredictable,,29,0.697367
u128,fmt,unpredictable,,30,26.642110
u128,naive,unpredictable,,30,98.599533
u128,null,unpredictable,,30,0.704876
u128,fmt,unpredictable,,31,26.777827
u128,naive,unpredictable,,31,102.539312
u128,null,unpredictable,,31,0.645885
u128,fmt,unpredictable,,32,26.057355
u128,naive,unpredictable,,32,100.988194
u128,null,unpredictable,,32,0.736446
u128,fmt,unpredictable,,33,26.572438
u128,naive,unpredictable,,33,103.684759
u128,null,unpredictable,,33,0.974705
u128,fmt,unpredictable,,34,26.946168
u128,naive,unpredictable,,34,106.958557
u128,null,unpredictable,,34,1.233889
u128,fmt,unpredictable,,35,26.962375
u128,naive,unpredictable,,35,110.484720
u128,null,unpredictable,,35,0.767347
u128,fmt,unpredictable,,36,27.753091
u128,naive,unpredictable,,36,115.009752
u128,null,unpredictable,,36,0.646059
u128,fmt,unpredictable,,37,28.052497
u128,naive,unpredictable,,37,121.979069
u128,null,unpredictable,,37,0.777437
u128,fmt,unpredictable,,38,29.455590
u128,naive,unpredictable,,38,127.219984
u128,null,unpredictable,,38,0.802509
u128,fmt,unpredictable,,39,36.543895
u128,naive,unpredictable,,39,130.237711
u128,null,unpredictable,,39,0.981049
u128,fmt,admixture,5x6,0,10.157351
u128,naive,admixture,5x6,0,17.894751
u128,null,admixture,5x6,0,0.765969
u128,fmt,admixture,5x6,10,10.784737
u128,naive,admixture,5x6,10,18.402970
u128,null,admixture,5x6,10,0.817307
u128,fmt,admixture,5x6,20,11.468913
u128,naive,admixture,5x6,20,18.861392
u128,null,admixture,5x6,20,0.748150
u128,fmt,admixture,5x6,30,12.087422
u128,naive,admixture,5x6,30,19.466076
u128,null,admixture,5x6,30,0.876794
u128,fmt,admixture,5x6,40,12.816548
u128,naive,admixture,5x6,40,19.993147
u128,null,admixture,5x6,40,0.747728
u128,fmt,admixture,5x6,50,13.232745
u128,naive,admixture,5x6,50,19.702118
u128,null,admixture,5x6,50,0.754379
u128,fmt,admixture,5x6,60,12.872644
u128,naive,admixture,5x6,60,18.733464
u128,null,admixture,5x6,60,1.054934
u128,fmt,admixture,5x6,70,12.119976
u128,naive,admixture,5x6,70,17.566136
u128,null,admixture,5x6,70,0.838117
u128,fmt,admixture,5x6,80,11.508365
u128,naive,admixture,5x6,80,16.508259
u128,null,admixture,5x6,80,0.865864
u128,fmt,admixture,5x6,90,10.853422
u128,naive,admixture,5x6,90,15.447716
u128,null,admixture,5x6,90,0.898398
u128,fmt,admixture,5x6,100,10.211656
u128,naive,admixture,5x6,100,14.523921
u128,null,admixture,5x6,100,0.860342
u128,fmt,admixture,straddle64,0,22.425632
u128,naive,admixture,straddle64,0,72.501002
u128,null,admixture,straddle64,0,0.895484
u128,fmt,admixture,straddle64,10,23.379246
u128,naive,admixture,straddle64,10,74.046640
u128,null,admixture,straddle64,10,0.848951
u128,fmt,admixture,straddle64,20,23.445041
u128,naive,admixture,straddle64,20,72.676887
u128,null,admixture,straddle64,20,0.830521
u128,fmt,admixture,straddle64,30,24.368529
u128,naive,admixture,straddle64,30,73.465814
u128,null,admixture,straddle64,30,0.820345
u128,fmt,admixture,straddle64,40,24.840977
u128,naive,admixture,straddle64,40,71.906024
u128,null,admixture,straddle64,40,0.811760
u128,fmt,admixture,straddle64,50,24.640322
u128,naive,admixture,straddle64,50,71.160247
u128,null,admixture,straddle64,50,0.878304
u128,fmt,admixture,straddle64,60,24.002434
u128,naive,admixture,straddle64,60,70.637441
u128,null,admixture,straddle64,60,0.815779
u128,fmt,admixture,straddle64,70,23.157371
u128,naive,admixture,straddle64,70,69.543799
u128,null,admixture,straddle64,70,0.811890
u128,fmt,admixture,straddle64,80,22.171000
u128,naive,admixture,straddle64,80,68.258680
u128,null,admixture,straddle64,80,0.817976
u128,fmt,admixture,straddle64,90,21.317108
u128,naive,admixture,straddle64,90,67.026400
u128,null,admixture,straddle64,90,1.004715
u128,fmt,admixture,straddle64,100,20.938758
u128,naive,admixture,straddle64,100,67.803276
u128,null,admixture,straddle64,100,0.790716
u128,fmt,admixture,straddle1e32,0,27.259384
u128,naive,admixture,straddle1e32,0,110.285076
u128,null,admixture,straddle1e32,0,0.793727
u128,fmt,admixture,straddle1e32,10,27.946086
u128,naive,admixture,straddle1e32,10,110.185629
u128,null,admixture,straddle1e32,10,0.857848
u128,fmt,admixture,straddle1e32,20,28.225099
u128,naive,admixture,straddle1e32,20,110.165221
u128,null,admixture,straddle1e32,20,0.810628
u128,fmt,admixture,straddle1e32,30,28.535603
u128,naive,admixture,straddle1e32,30,110.092313
u128,null,admixture,straddle1e32,30,0.805946
u128,fmt,admixture,straddle1e32,40,28.773307
u128,naive,admixture,straddle1e32,40,110.019672
u128,null,admixture,straddle1e32,40,0.854704
u128,fmt,admixture,straddle1e32,50,28.719848
u128,naive,admixture,straddle1e32,50,109.403793
u128,null,admixture,straddle1e32,50,0.778438
u128,fmt,admixture,straddle1e32,60,28.773507
u128,naive,admixture,straddle1e32,60,108.528267
u128,null,admixture,straddle1e32,60,0.864956
u128,fmt,admixture,straddle1e32,70,27.980641
u128,naive,admixture,straddle1e32,70,109.565181
u128,null,admixture,straddle1e32,70,0.825390
u128,fmt,admixture,straddle1e32,80,27.912210
u128,naive,admixture,straddle1e32,80,107.930845
u128,null,admixture,straddle1e32,80,0.877187
u128,fmt,admixture,straddle1e32,90,26.868948
u128,naive,admixture,straddle1e32,90,104.729552
u128,null,admixture,straddle1e32,90,0.914660
u128,fmt,admixture,straddle1e32,100,26.024372
u128,naive,admixture,straddle1e32,100,102.686936
u128,null,admixture,straddle1e32,100,0.904810
i128,fmt,bylength,,1,12.598555
i128,naive,bylength,,1,6.641568
i128,null,bylength,,1,1.286705
i128,fmt,bylength,,2,12.640615
i128,naive,bylength,,2,8.345080
i128,null,bylength,,2,0.919161
i128,fmt,bylength,,3,12.812811
i128,naive,bylength,,3,10.445967
i128,null,bylength,,3,0.905125
i128,fmt,bylength,,4,12.895707
i128,naive,bylength,,4,13.312230
i128,null,bylength,,4,0.913963
i128,fmt,bylength,,5,13.526392
i128,naive,bylength,,5,16.837639
i128,null,bylength,,5,1.275315
i128,fmt,bylength,,6,13.533222
i128,naive,bylength,,6,20.300513
i128,null,bylength,,6,0.930923
i128,fmt,bylength,,7,14.191471
i128,naive,bylength,,7,23.665392
i128,null,bylength,,7,0.936541
i128,fmt,bylength,,8,14.383292
i128,naive,bylength,,8,26.367551
i128,null,bylength,,8,1.081324
i128,fmt,bylength,,9,15.088923
i128,naive,bylength,,9,29.762691
i128,null,bylength,,9,0.947404
i128,fmt,bylength,,10,15.270454
i128,naive,bylength,,10,33.125620
i128,null,bylength,,10,0.980369
i128,fmt,bylength,,11,16.701541
i128,naive,bylength,,11,37.885020
i128,null,bylength,,11,1.282510
i128,fmt,bylength,,12,16.615844
i128,naive,bylength,,12,41.063868
i128,null,bylength,,12,1.117298
i128,fmt,bylength,,13,17.697664
i128,naive,bylength,,13,45.161139
i128,null,bylength,,13,1.180962
i128,fmt,bylength,,14,17.875615
i128,naive,bylength,,14,48.470179
i128,null,bylength,,14,1.181879
i128,fmt,bylength,,15,18.152317
i128,naive,bylength,,15,50.597884
i128,null,bylength,,15,1.079232
i128,fmt,bylength,,16,18.302116
i128,naive,bylength,,16,52.180597
i128,null,bylength,,16,0.927970
i128,fmt,bylength,,17,19.201498
i128,naive,bylength,,17,56.008035
i128,null,bylength,,17,0.945073
i128,fmt,bylength,,18,19.423361
i128,naive,bylength,,18,59.543668
i128,null,bylength,,18,0.917469
i128,fmt,bylength,,19,20.289301
i128,naive,bylength,,19,63.090508
i128,null,bylength,,19,1.026318
i128,fmt,bylength,,20,24.493034
i128,naive,bylength,,20,66.537189
i128,null,bylength,,20,1.023948
i128,fmt,bylength,,21,24.333077
i128,naive,bylength,,21,69.983130
i128,null,bylength,,21,0.969477
i128,fmt,bylength,,22,25.044182
i128,naive,bylength,,22,73.492574
i128,null,bylength,,22,1.141214
i128,fmt,bylength,,23,25.179861
i128,naive,bylength,,23,76.839367
i128,null,bylength,,23,1.228039
i128,fmt,bylength,,24,25.627759
i128,naive,bylength,,24,79.288545
i128,null,bylength,,24,1.099087
i128,fmt,bylength,,25,25.924541
i128,naive,bylength,,25,82.879690
i128,null,bylength,,25,1.157973
i128,fmt,bylength,,26,26.364063
i128,naive,bylength,,26,86.361916
i128,null,bylength,,26,1.171513
i128,fmt,bylength,,27,26.407393
i128,naive,bylength,,27,89.960427
i128,null,bylength,,27,0.935117
i128,fmt,bylength,,28,27.015933
i128,naive,bylength,,28,93.319191
i128,null,bylength,,28,1.008794
i128,fmt,bylength,,29,27.039452
i128,naive,bylength,,29,96.882680
i128,null,bylength,,29,0.925811
i128,fmt,bylength,,30,27.598244
i128,naive,bylength,,30,100.535192
i128,null,bylength,,30,1.126872
i128,fmt,bylength,,31,28.346721
i128,naive,bylength,,31,107.386391
i128,null,bylength,,31,1.122018
i128,fmt,bylength,,32,29.009809
i128,naive,bylength,,32,108.077993
i128,null,bylength,,32,1.244787
i128,fmt,bylength,,33,29.194157
i128,naive,bylength,,33,111.878813
i128,null,bylength,,33,1.206197
i128,fmt,bylength,,34,28.964154
i128,naive,bylength,,34,112.009422
i128,null,bylength,,34,0.957342
i128,fmt,bylength,,35,28.993231
i128,naive,bylength,,35,115.737753
i128,null,bylength,,35,0.992026
i128,fmt,bylength,,36,29.621437
i128,naive,bylength,,36,119.100631
i128,null,bylength,,36,1.092160
i128,fmt,bylength,,37,29.712266
i128,naive,bylength,,37,122.680522
i128,null,bylength,,37,1.250235
i128,fmt,bylength,,38,30.851923
i128,naive,bylength,,38,130.449826
i128,null,bylength,,38,1.278936
i128,fmt,bylength,,39,31.342237
i128,naive,bylength,,39,133.785151
i128,null,bylength,,39,1.092150
i128,fmt,loguniform,1-39,39,30.680404
i128,naive,loguniform,1-39,39,74.436739
i128,null,loguniform,1-39,39,0.976383
i128,fmt,loguniform,1-4,4,16.978714
i128,naive,loguniform,1-4,4,13.825072
i128,null,loguniform,1-4,4,1.200224
i128,fmt,uniform,0-255,0,12.540059
i128,naive,uniform,0-255,0,9.515140
i128,null,uniform,0-255,0,0.929880
i128,fmt,unpredictable,,1,14.910895
i128,naive,unpredictable,,1,9.971886
i128,null,unpredictable,,1,1.175582
i128,fmt,unpredictable,,2,14.901435
i128,naive,unpredictable,,2,11.660866
i128,null,unpredictable,,2,1.046344
i128,fmt,unpredictable,,3,14.715213
i128,naive,unpredictable,,3,14.010822
i128,null,unpredictable,,3,0.881658
i128,fmt,unpredictable,,4,14.726104
i128,naive,unpredictable,,4,16.870419
i128,null,unpredictable,,4,1.124198
i128,fmt,unpredictable,,5,15.730123
i128,naive,unpredictable,,5,23.355799
i128,null,unpredictable,,5,1.073939
i128,fmt,unpredictable,,6,15.993335
i128,naive,unpredictable,,6,26.614098
i128,null,unpredictable,,6,1.357333
i128,fmt,unpredictable,,7,16.114034
i128,naive,unpredictable,,7,26.638655
i128,null,unpredictable,,7,1.134879
i128,fmt,unpredictable,,8,16.567237
i128,naive,unpredictable,,8,32.013464
i128,null,unpredictable,,8,1.067786
i128,fmt,unpredictable,,9,16.377517
i128,naive,unpredictable,,9,32.200720
i128,null,unpredictable,,9,0.969256
i128,fmt,unpredictable,,10,17.280976
i128,naive,unpredictable,,10,39.309971
i128,null,unpredictable,,10,1.330886
i128,fmt,unpredictable,,11,17.728274
i128,naive,unpredictable,,11,41.870466
i128,null,unpredictable,,11,1.423146
i128,fmt,unpredictable,,12,18.477733
i128,naive,unpredictable,,12,45.602999
i128,null,unpredictable,,12,1.470901
i128,fmt,unpredictable,,13,17.813006
i128,naive,unpredictable,,13,45.732048
i128,null,unpredictable,,13,1.465207
i128,fmt,unpredictable,,14,18.034619
i128,naive,unpredictable,,14,49.140965
i128,null,unpredictable,,14,1.108737
i128,fmt,unpredictable,,15,18.568196
i128,naive,unpredictable,,15,52.241070
i128,null,unpredictable,,15,0.971110
i128,fmt,unpredictable,,16,18.782994
i128,naive,unpredictable,,16,53.646397
i128,null,unpredictable,,16,0.916133
i128,fmt,unpredictable,,17,19.862761
i128,naive,unpredictable,,17,57.485950
i128,null,unpredictable,,17,0.944758
i128,fmt,unpredictable,,18,21.062156
i128,naive,unpredictable,,18,65.025169
i128,null,unpredictable,,18,1.509732
i128,fmt,unpredictable,,19,21.876681
i128,naive,unpredictable,,19,68.516001
i128,null,unpredictable,,19,1.530332
i128,fmt,unpredictable,,20,27.818448
i128,naive,unpredictable,,20,71.728428
i128,null,unpredictable,,20,1.234136
i128,fmt,unpredictable,,21,27.218989
i128,naive,unpredictable,,21,75.737499
i128,null,unpredictable,,21,1.411836
i128,fmt,unpredictable,,22,26.463666
i128,naive,unpredictable,,22,74.601145
i128,null,unpredictable,,22,0.944318
i128,fmt,unpredictable,,23,26.582013
i128,naive,unpredictable,,23,78.019827
i128,null,unpredictable,,23,0.947011
i128,fmt,unpredictable,,24,26.732413
i128,naive,unpredictable,,24,80.440817
i128,null,unpredictable,,24,0.862664
i128,fmt,unpredictable,,25,27.136542
i128,naive,unpredictable,,25,83.853878
i128,null,unpredictable,,25,0.991385
i128,fmt,unpredictable,,26,27.624026
i128,naive,unpredictable,,26,90.589813
i128,null,unpredictable,,26,1.533217
i128,fmt,unpredictable,,27,29.028979
i128,naive,unpredictable,,27,95.850964
i128,null,unpredictable,,27,1.424752
i128,fmt,unpredictable,,28,29.731429
i128,naive,unpredictable,,28,100.708994
i128,null,unpredictable,,28,1.384946
i128,fmt,unpredictable,,29,28.352464
i128,naive,unpredictable,,29,99.403091
i128,null,unpredictable,,29,1.030866
i128,fmt,unpredictable,,30,28.299874
i128,naive,unpredictable,,30,101.069130
i128,null,unpredictable,,30,1.053435
i128,fmt,unpredictable,,31,28.436055
i128,naive,unpredictable,,31,104.291023
i128,null,unpredictable,,31,1.229836
i128,fmt,unpredictable,,32,28.697551
i128,naive,unpredictable,,32,104.876926
i128,null,unpredictable,,32,1.102834
i128,fmt,unpredictable,,33,28.996654
i128,naive,unpredictable,,33,109.213923
i128,null,unpredictable,,33,1.067214
i128,fmt,unpredictable,,34,31.214416
i128,naive,unpredictable,,34,118.618416
i128,null,unpredictable,,34,0.968246
i128,fmt,unpredictable,,35,30.508048
i128,naive,unpredictable,,35,120.148180
i128,null,unpredictable,,35,1.515294
i128,fmt,unpredictable,,36,30.150369
i128,naive,unpredictable,,36,119.318953
i128,null,unpredictable,,36,1.526435
i128,fmt,unpredictable,,37,30.029616
i128,naive,unpredictable,,37,122.960407
i128,null,unpredictable,,37,1.166677
i128,fmt,unpredictable,,38,30.646588
i128,naive,unpredictable,,38,126.061947
i128,null,unpredictable,,38,0.995151
i128,fmt,unpredictable,,39,30.953639
i128,naive,unpredictable,,39,129.594061
i128,null,unpredictable,,39,1.056319
i128,fmt,admixture,5x6,0,13.452961
i128,naive,admixture,5x6,0,20.107617
i128,null,admixture,5x6,0,0.919045
i128,fmt,admixture,5x6,10,14.142061
i128,naive,admixture,5x6,10,20.513667
i128,null,admixture,5x6,10,1.138538
i128,fmt,admixture,5x6,20,14.766551
i128,naive,admixture,5x6,20,20.991434
i128,null,admixture,5x6,20,0.934983
i128,fmt,admixture,5x6,30,15.432693
i128,naive,admixture,5x6,30,21.494493
i128,null,admixture,5x6,30,0.910657
i128,fmt,admixture,5x6,40,16.530011
i128,naive,admixture,5x6,40,22.558246
i128,null,admixture,5x6,40,1.192647
i128,fmt,admixture,5x6,50,16.931953
i128,naive,admixture,5x6,50,22.473532
i128,null,admixture,5x6,50,1.245790
i128,fmt,admixture,5x6,60,16.568727
i128,naive,admixture,5x6,60,21.593969
i128,null,admixture,5x6,60,1.213276
i128,fmt,admixture,5x6,70,15.538692
i128,naive,admixture,5x6,70,20.284639
i128,null,admixture,5x6,70,1.088576
i128,fmt,admixture,5x6,80,15.100892
i128,naive,admixture,5x6,80,19.204452
i128,null,admixture,5x6,80,1.135308
i128,fmt,admixture,5x6,90,13.956832
i128,naive,admixture,5x6,90,17.608392
i128,null,admixture,5x6,90,1.121674
i128,fmt,admixture,5x6,100,13.404832
i128,naive,admixture,5x6,100,16.541877
i128,null,admixture,5x6,100,1.239637
i128,fmt,admixture,straddle64,0,25.122941
i128,naive,admixture,straddle64,0,74.965954
i128,null,admixture,straddle64,0,0.918023
i128,fmt,admixture,straddle64,10,25.664451
i128,naive,admixture,straddle64,10,74.619275
i128,null,admixture,straddle64,10,0.924970
i128,fmt,admixture,straddle64,20,26.193078
i128,naive,admixture,straddle64,20,74.311391
i128,null,admixture,straddle64,20,0.917632
i128,fmt,admixture,straddle64,30,26.831433
i128,naive,admixture,straddle64,30,74.103230
i128,null,admixture,straddle64,30,0.911965
i128,fmt,admixture,straddle64,40,27.841899
i128,naive,admixture,straddle64,40,75.274093
i128,null,admixture,straddle64,40,1.247702
i128,fmt,admixture,straddle64,50,28.461555
i128,naive,admixture,straddle64,50,75.250949
i128,null,admixture,straddle64,50,1.019361
i128,fmt,admixture,straddle64,60,27.955170
i128,naive,admixture,straddle64,60,75.819964
i128,null,admixture,straddle64,60,0.991012
i128,fmt,admixture,straddle64,70,27.251155
i128,naive,admixture,straddle64,70,74.632142
i128,null,admixture,straddle64,70,1.018454
i128,fmt,admixture,straddle64,80,25.483521
i128,naive,admixture,straddle64,80,70.762294
i128,null,admixture,straddle64,80,1.006749
i128,fmt,admixture,straddle64,90,24.557451
i128,naive,admixture,straddle64,90,69.399953
i128,null,admixture,straddle64,90,1.027273
i128,fmt,admixture,straddle64,100,23.752330
i128,naive,admixture,straddle64,100,68.269157
i128,null,admixture,straddle64,100,0.946488
i128,fmt,admixture,straddle1e32,0,29.303281
i128,naive,admixture,straddle1e32,0,112.966321
i128,null,admixture,straddle1e32,0,0.949403
i128,fmt,admixture,straddle1e32,10,30.370751
i128,naive,admixture,straddle1e32,10,116.957241
i128,null,admixture,straddle1e32,10,0.897997
i128,fmt,admixture,straddle1e32,20,30.763643
i128,naive,admixture,straddle1e32,20,115.742349
i128,null,admixture,straddle1e32,20,1.125964
i128,fmt,admixture,straddle1e32,30,31.176991
i128,naive,admixture,straddle1e32,30,115.273800
i128,null,admixture,straddle1e32,30,1.100787
i128,fmt,admixture,straddle1e32,40,30.759305
i128,naive,admixture,straddle1e32,40,112.506382
i128,null,admixture,straddle1e32,40,1.076097
i128,fmt,admixture,straddle1e32,50,30.871183
i128,naive,admixture,straddle1e32,50,111.766775
i128,null,admixture,straddle1e32,50,1.178068
i128,fmt,admixture,straddle1e32,60,30.453675
i128,naive,admixture,straddle1e32,60,110.535624
i128,null,admixture,straddle1e32,60,0.958719
i128,fmt,admixture,straddle1e32,70,29.906882
i128,naive,admixture,straddle1e32,70,108.611946
i128,null,admixture,straddle1e32,70,0.948142
i128,fmt,admixture,straddle1e32,80,29.420428
i128,naive,admixture,straddle1e32,80,108.863676
i128,null,admixture,straddle1e32,80,0.900137
i128,fmt,admixture,straddle1e32,90,29.345533
i128,naive,admixture,straddle1e32,90,109.107683
i128,null,admixture,straddle1e32,90,1.165540
i128,fmt,admixture,straddle1e32,100,28.867335
i128,naive,admixture,straddle1e32,100,106.374101
i128,null,admixture,straddle1e32,100,1.166801
u32,zmij_scalar,bylength,,1,2.359110
u32,zmij_x64_native,bylength,,1,1.365225
u32,zmij_x64_v1,bylength,,1,2.028388
u32,zmij_x64_v2,bylength,,1,1.452385
u32,zmij_x64_v3,bylength,,1,1.373260
u32,zmij_x64_v3_nokernel,bylength,,1,1.366266
u32,zmij_x64_v4,bylength,,1,1.200385
u32,zmij_scalar,bylength,,2,2.349298
u32,zmij_x64_native,bylength,,2,1.347960
u32,zmij_x64_v1,bylength,,2,2.054674
u32,zmij_x64_v2,bylength,,2,1.429853
u32,zmij_x64_v3,bylength,,2,1.377418
u32,zmij_x64_v3_nokernel,bylength,,2,1.383790
u32,zmij_x64_v4,bylength,,2,1.213523
u32,zmij_scalar,bylength,,3,2.356071
u32,zmij_x64_native,bylength,,3,1.362254
u32,zmij_x64_v1,bylength,,3,2.037351
u32,zmij_x64_v2,bylength,,3,1.426729
u32,zmij_x64_v3,bylength,,3,1.377656
u32,zmij_x64_v3_nokernel,bylength,,3,1.368502
u32,zmij_x64_v4,bylength,,3,1.125484
u32,zmij_scalar,bylength,,4,2.366706
u32,zmij_x64_native,bylength,,4,1.366209
u32,zmij_x64_v1,bylength,,4,2.054797
u32,zmij_x64_v2,bylength,,4,1.422258
u32,zmij_x64_v3,bylength,,4,1.370452
u32,zmij_x64_v3_nokernel,bylength,,4,1.381248
u32,zmij_x64_v4,bylength,,4,1.122991
u32,zmij_scalar,bylength,,5,2.346297
u32,zmij_x64_native,bylength,,5,1.376021
u32,zmij_x64_v1,bylength,,5,2.031389
u32,zmij_x64_v2,bylength,,5,1.419506
u32,zmij_x64_v3,bylength,,5,1.374351
u32,zmij_x64_v3_nokernel,bylength,,5,1.386103
u32,zmij_x64_v4,bylength,,5,1.185268
u32,zmij_scalar,bylength,,6,2.376997
u32,zmij_x64_native,bylength,,6,1.366677
u32,zmij_x64_v1,bylength,,6,2.063704
u32,zmij_x64_v2,bylength,,6,1.440536
u32,zmij_x64_v3,bylength,,6,1.384974
u32,zmij_x64_v3_nokernel,bylength,,6,1.374283
u32,zmij_x64_v4,bylength,,6,1.233541
u32,zmij_scalar,bylength,,7,2.355889
u32,zmij_x64_native,bylength,,7,1.361355
u32,zmij_x64_v1,bylength,,7,2.051559
u32,zmij_x64_v2,bylength,,7,1.431956
u32,zmij_x64_v3,bylength,,7,1.377933
u32,zmij_x64_v3_nokernel,bylength,,7,1.390392
u32,zmij_x64_v4,bylength,,7,1.193209
u32,zmij_scalar,bylength,,8,2.358021
u32,zmij_x64_native,bylength,,8,1.368722
u32,zmij_x64_v1,bylength,,8,2.062594
u32,zmij_x64_v2,bylength,,8,1.425735
u32,zmij_x64_v3,bylength,,8,1.395475
u32,zmij_x64_v3_nokernel,bylength,,8,1.361106
u32,zmij_x64_v4,bylength,,8,1.241365
u32,zmij_scalar,bylength,,9,2.361060
u32,zmij_x64_native,bylength,,9,1.379414
u32,zmij_x64_v1,bylength,,9,2.043743
u32,zmij_x64_v2,bylength,,9,1.412923
u32,zmij_x64_v3,bylength,,9,1.372114
u32,zmij_x64_v3_nokernel,bylength,,9,1.379203
u32,zmij_x64_v4,bylength,,9,1.113569
u32,zmij_scalar,bylength,,10,2.361919
u32,zmij_x64_native,bylength,,10,1.372114
u32,zmij_x64_v1,bylength,,10,2.061219
u32,zmij_x64_v2,bylength,,10,1.436666
u32,zmij_x64_v3,bylength,,10,1.379031
u32,zmij_x64_v3_nokernel,bylength,,10,1.379499
u32,zmij_x64_v4,bylength,,10,1.148225
u32,zmij_scalar,loguniform,1-10,10,2.370459
u32,zmij_x64_native,loguniform,1-10,10,1.370749
u32,zmij_x64_v1,loguniform,1-10,10,2.065326
u32,zmij_x64_v2,loguniform,1-10,10,1.421279
u32,zmij_x64_v3,loguniform,1-10,10,1.379225
u32,zmij_x64_v3_nokernel,loguniform,1-10,10,1.371121
u32,zmij_x64_v4,loguniform,1-10,10,1.131379
u32,zmij_scalar,loguniform,1-4,4,2.382519
u32,zmij_x64_native,loguniform,1-4,4,1.368043
u32,zmij_x64_v1,loguniform,1-4,4,2.054865
u32,zmij_x64_v2,loguniform,1-4,4,1.412560
u32,zmij_x64_v3,loguniform,1-4,4,1.375610
u32,zmij_x64_v3_nokernel,loguniform,1-4,4,1.365464
u32,zmij_x64_v4,loguniform,1-4,4,1.190554
u32,zmij_scalar,uniform,0-255,0,2.373137
u32,zmij_x64_native,uniform,0-255,0,1.383465
u32,zmij_x64_v1,uniform,0-255,0,2.047441
u32,zmij_x64_v2,uniform,0-255,0,1.426662
u32,zmij_x64_v3,uniform,0-255,0,1.375745
u32,zmij_x64_v3_nokernel,uniform,0-255,0,1.352708
u32,zmij_x64_v4,uniform,0-255,0,1.203681
u32,zmij_scalar,unpredictable,,1,2.373998
u32,zmij_x64_native,unpredictable,,1,1.370813
u32,zmij_x64_v1,unpredictable,,1,2.079774
u32,zmij_x64_v2,unpredictable,,1,1.409484
u32,zmij_x64_v3,unpredictable,,1,1.386208
u32,zmij_x64_v3_nokernel,unpredictable,,1,1.375553
u32,zmij_x64_v4,unpredictable,,1,0.978799
u32,zmij_scalar,unpredictable,,2,2.400676
u32,zmij_x64_native,unpredictable,,2,1.351265
u32,zmij_x64_v1,unpredictable,,2,2.055161
u32,zmij_x64_v2,unpredictable,,2,1.426692
u32,zmij_x64_v3,unpredictable,,2,1.384642
u32,zmij_x64_v3_nokernel,unpredictable,,2,1.406569
u32,zmij_x64_v4,unpredictable,,2,1.105973
u32,zmij_scalar,unpredictable,,3,2.364079
u32,zmij_x64_native,unpredictable,,3,1.362272
u32,zmij_x64_v1,unpredictable,,3,2.057380
u32,zmij_x64_v2,unpredictable,,3,1.432260
u32,zmij_x64_v3,unpredictable,,3,1.405794
u32,zmij_x64_v3_nokernel,unpredictable,,3,1.349640
u32,zmij_x64_v4,unpredictable,,3,0.969855
u32,zmij_scalar,unpredictable,,4,2.338759
u32,zmij_x64_native,unpredictable,,4,1.366362
u32,zmij_x64_v1,unpredictable,,4,2.072419
u32,zmij_x64_v2,unpredictable,,4,1.452786
u32,zmij_x64_v3,unpredictable,,4,1.358173
u32,zmij_x64_v3_nokernel,unpredictable,,4,1.392237
u32,zmij_x64_v4,unpredictable,,4,1.020972
u32,zmij_scalar,unpredictable,,5,2.340690
u32,zmij_x64_native,unpredictable,,5,1.342915
u32,zmij_x64_v1,unpredictable,,5,2.059232
u32,zmij_x64_v2,unpredictable,,5,1.398686
u32,zmij_x64_v3,unpredictable,,5,1.387640
u32,zmij_x64_v3_nokernel,unpredictable,,5,1.351400
u32,zmij_x64_v4,unpredictable,,5,1.014285
u32,zmij_scalar,unpredictable,,6,2.344567
u32,zmij_x64_native,unpredictable,,6,1.391987
u32,zmij_x64_v1,unpredictable,,6,2.054494
u32,zmij_x64_v2,unpredictable,,6,1.431766
u32,zmij_x64_v3,unpredictable,,6,1.353052
u32,zmij_x64_v3_nokernel,unpredictable,,6,1.379013
u32,zmij_x64_v4,unpredictable,,6,1.046063
u32,zmij_scalar,unpredictable,,7,2.386285
u32,zmij_x64_native,unpredictable,,7,1.399805
u32,zmij_x64_v1,unpredictable,,7,2.070544
u32,zmij_x64_v2,unpredictable,,7,1.432511
u32,zmij_x64_v3,unpredictable,,7,1.377895
u32,zmij_x64_v3_nokernel,unpredictable,,7,1.403664
u32,zmij_x64_v4,unpredictable,,7,0.980231
u32,zmij_scalar,unpredictable,,8,2.381545
u32,zmij_x64_native,unpredictable,,8,1.383522
u32,zmij_x64_v1,unpredictable,,8,2.079757
u32,zmij_x64_v2,unpredictable,,8,1.432033
u32,zmij_x64_v3,unpredictable,,8,1.401552
u32,zmij_x64_v3_nokernel,unpredictable,,8,1.363726
u32,zmij_x64_v4,unpredictable,,8,1.002896
u32,zmij_scalar,unpredictable,,9,2.422744
u32,zmij_x64_native,unpredictable,,9,1.381020
u32,zmij_x64_v1,unpredictable,,9,2.093343
u32,zmij_x64_v2,unpredictable,,9,1.422879
u32,zmij_x64_v3,unpredictable,,9,1.369753
u32,zmij_x64_v3_nokernel,unpredictable,,9,1.398354
u32,zmij_x64_v4,unpredictable,,9,1.070487
u32,zmij_scalar,unpredictable,,10,2.343308
u32,zmij_x64_native,unpredictable,,10,1.328962
u32,zmij_x64_v1,unpredictable,,10,2.050097
u32,zmij_x64_v2,unpredictable,,10,1.435567
u32,zmij_x64_v3,unpredictable,,10,1.385481
u32,zmij_x64_v3_nokernel,unpredictable,,10,1.375227
u32,zmij_x64_v4,unpredictable,,10,0.976602
u32,zmij_scalar,admixture,5x6,0,2.336475
u32,zmij_x64_native,admixture,5x6,0,1.372418
u32,zmij_x64_v1,admixture,5x6,0,2.031054
u32,zmij_x64_v2,admixture,5x6,0,1.401400
u32,zmij_x64_v3,admixture,5x6,0,1.372668
u32,zmij_x64_v3_nokernel,admixture,5x6,0,1.372410
u32,zmij_x64_v4,admixture,5x6,0,1.162318
u32,zmij_scalar,admixture,5x6,10,2.349881
u32,zmij_x64_native,admixture,5x6,10,1.343965
u32,zmij_x64_v1,admixture,5x6,10,2.017897
u32,zmij_x64_v2,admixture,5x6,10,1.413286
u32,zmij_x64_v3,admixture,5x6,10,1.391520
u32,zmij_x64_v3_nokernel,admixture,5x6,10,1.381038
u32,zmij_x64_v4,admixture,5x6,10,1.160742
u32,zmij_scalar,admixture,5x6,20,2.348028
u32,zmij_x64_native,admixture,5x6,20,1.353156
u32,zmij_x64_v1,admixture,5x6,20,2.052050
u32,zmij_x64_v2,admixture,5x6,20,1.427168
u32,zmij_x64_v3,admixture,5x6,20,1.371615
u32,zmij_x64_v3_nokernel,admixture,5x6,20,1.371205
u32,zmij_x64_v4,admixture,5x6,20,1.218271
u32,zmij_scalar,admixture,5x6,30,2.357898
u32,zmij_x64_native,admixture,5x6,30,1.362702
u32,zmij_x64_v1,admixture,5x6,30,2.040507
u32,zmij_x64_v2,admixture,5x6,30,1.422915
u32,zmij_x64_v3,admixture,5x6,30,1.369753
u32,zmij_x64_v3_nokernel,admixture,5x6,30,1.376068
u32,zmij_x64_v4,admixture,5x6,30,1.139196
u32,zmij_scalar,admixture,5x6,40,2.349108
u32,zmij_x64_native,admixture,5x6,40,1.360847
u32,zmij_x64_v1,admixture,5x6,40,2.031240
u32,zmij_x64_v2,admixture,5x6,40,1.424215
u32,zmij_x64_v3,admixture,5x6,40,1.368443
u32,zmij_x64_v3_nokernel,admixture,5x6,40,1.367126
u32,zmij_x64_v4,admixture,5x6,40,1.123803
u32,zmij_scalar,admixture,5x6,50,2.349900
u32,zmij_x64_native,admixture,5x6,50,1.351207
u32,zmij_x64_v1,admixture,5x6,50,2.039389
u32,zmij_x64_v2,admixture,5x6,50,1.417613
u32,zmij_x64_v3,admixture,5x6,50,1.374760
u32,zmij_x64_v3_nokernel,admixture,5x6,50,1.365453
u32,zmij_x64_v4,admixture,5x6,50,1.125590
u32,zmij_scalar,admixture,5x6,60,2.364100
u32,zmij_x64_native,admixture,5x6,60,1.354934
u32,zmij_x64_v1,admixture,5x6,60,2.045677
u32,zmij_x64_v2,admixture,5x6,60,1.430446
u32,zmij_x64_v3,admixture,5x6,60,1.376556
u32,zmij_x64_v3_nokernel,admixture,5x6,60,1.371645
u32,zmij_x64_v4,admixture,5x6,60,1.132030
u32,zmij_scalar,admixture,5x6,70,2.348830
u32,zmij_x64_native,admixture,5x6,70,1.377130
u32,zmij_x64_v1,admixture,5x6,70,2.040259
u32,zmij_x64_v2,admixture,5x6,70,1.419333
u32,zmij_x64_v3,admixture,5x6,70,1.377129
u32,zmij_x64_v3_nokernel,admixture,5x6,70,1.364546
u32,zmij_x64_v4,admixture,5x6,70,1.170441
u32,zmij_scalar,admixture,5x6,80,2.341655
u32,zmij_x64_native,admixture,5x6,80,1.372275
u32,zmij_x64_v1,admixture,5x6,80,2.046298
u32,zmij_x64_v2,admixture,5x6,80,1.420326
u32,zmij_x64_v3,admixture,5x6,80,1.381848
u32,zmij_x64_v3_nokernel,admixture,5x6,80,1.360236
u32,zmij_x64_v4,admixture,5x6,80,1.111746
u32,zmij_scalar,admixture,5x6,90,2.345304
u32,zmij_x64_native,admixture,5x6,90,1.361890
u32,zmij_x64_v1,admixture,5x6,90,2.036370
u32,zmij_x64_v2,admixture,5x6,90,1.419037
u32,zmij_x64_v3,admixture,5x6,90,1.382929
u32,zmij_x64_v3_nokernel,admixture,5x6,90,1.377989
u32,zmij_x64_v4,admixture,5x6,90,1.189187
u32,zmij_scalar,admixture,5x6,100,2.343938
u32,zmij_x64_native,admixture,5x6,100,1.348895
u32,zmij_x64_v1,admixture,5x6,100,2.051448
u32,zmij_x64_v2,admixture,5x6,100,1.428391
u32,zmij_x64_v3,admixture,5x6,100,1.369208
u32,zmij_x64_v3_nokernel,admixture,5x6,100,1.367145
u32,zmij_x64_v4,admixture,5x6,100,1.146075
i32,zmij_scalar,bylength,,1,2.608396
i32,zmij_x64_native,bylength,,1,1.638205
i32,zmij_x64_v1,bylength,,1,2.273376
i32,zmij_x64_v2,bylength,,1,1.743019
i32,zmij_x64_v3,bylength,,1,1.649592
i32,zmij_x64_v3_nokernel,bylength,,1,1.673347
i32,zmij_x64_v4,bylength,,1,1.429967
i32,zmij_scalar,bylength,,2,2.602787
i32,zmij_x64_native,bylength,,2,1.636980
i32,zmij_x64_v1,bylength,,2,2.279739
i32,zmij_x64_v2,bylength,,2,1.726576
i32,zmij_x64_v3,bylength,,2,1.644223
i32,zmij_x64_v3_nokernel,bylength,,2,1.647291
i32,zmij_x64_v4,bylength,,2,1.426708
i32,zmij_scalar,bylength,,3,2.598104
i32,zmij_x64_native,bylength,,3,1.637353
i32,zmij_x64_v1,bylength,,3,2.264977
i32,zmij_x64_v2,bylength,,3,1.721990
i32,zmij_x64_v3,bylength,,3,1.661728
i32,zmij_x64_v3_nokernel,bylength,,3,1.642446
i32,zmij_x64_v4,bylength,,3,1.434840
i32,zmij_scalar,bylength,,4,2.650990
i32,zmij_x64_native,bylength,,4,1.614985
i32,zmij_x64_v1,bylength,,4,2.283227
i32,zmij_x64_v2,bylength,,4,1.727790
i32,zmij_x64_v3,bylength,,4,1.666390
i32,zmij_x64_v3_nokernel,bylength,,4,1.644758
i32,zmij_x64_v4,bylength,,4,1.410189
i32,zmij_scalar,bylength,,5,2.660192
i32,zmij_x64_native,bylength,,5,1.627569
i32,zmij_x64_v1,bylength,,5,2.393623
i32,zmij_x64_v2,bylength,,5,1.821388
i32,zmij_x64_v3,bylength,,5,1.689437
i32,zmij_x64_v3_nokernel,bylength,,5,1.710122
i32,zmij_x64_v4,bylength,,5,1.527702
i32,zmij_scalar,bylength,,6,2.625575
i32,zmij_x64_native,bylength,,6,1.632041
i32,zmij_x64_v1,bylength,,6,2.302240
i32,zmij_x64_v2,bylength,,6,1.726241
i32,zmij_x64_v3,bylength,,6,1.654075
i32,zmij_x64_v3_nokernel,bylength,,6,1.661288
i32,zmij_x64_v4,bylength,,6,1.468434
i32,zmij_scalar,bylength,,7,2.649481
i32,zmij_x64_native,bylength,,7,1.627856
i32,zmij_x64_v1,bylength,,7,2.308643
i32,zmij_x64_v2,bylength,,7,1.712444
i32,zmij_x64_v3,bylength,,7,1.686322
i32,zmij_x64_v3_nokernel,bylength,,7,1.653597
i32,zmij_x64_v4,bylength,,7,1.507275
i32,zmij_scalar,bylength,,8,2.656551
i32,zmij_x64_native,bylength,,8,1.643354
i32,zmij_x64_v1,bylength,,8,2.294072
i32,zmij_x64_v2,bylength,,8,1.755709
i32,zmij_x64_v3,bylength,,8,1.701351
i32,zmij_x64_v3_nokernel,bylength,,8,1.667718
i32,zmij_x64_v4,bylength,,8,1.421865
i32,zmij_scalar,bylength,,9,2.642018
i32,zmij_x64_native,bylength,,9,1.637726
i32,zmij_x64_v1,bylength,,9,2.286371
i32,zmij_x64_v2,bylength,,9,1.751618
i32,zmij_x64_v3,bylength,,9,1.673785
i32,zmij_x64_v3_nokernel,bylength,,9,1.656970
i32,zmij_x64_v4,bylength,,9,1.443286
i32,zmij_scalar,bylength,,10,2.622231
i32,zmij_x64_native,bylength,,10,1.654418
i32,zmij_x64_v1,bylength,,10,2.284030
i32,zmij_x64_v2,bylength,,10,1.758049
i32,zmij_x64_v3,bylength,,10,1.658069
i32,zmij_x64_v3_nokernel,bylength,,10,1.672935
i32,zmij_x64_v4,bylength,,10,1.423374
i32,zmij_scalar,loguniform,1-10,10,2.636384
i32,zmij_x64_native,loguniform,1-10,10,1.633165
i32,zmij_x64_v1,loguniform,1-10,10,2.281009
i32,zmij_x64_v2,loguniform,1-10,10,1.741192
i32,zmij_x64_v3,loguniform,1-10,10,1.674847
i32,zmij_x64_v3_nokernel,loguniform,1-10,10,1.660236
i32,zmij_x64_v4,loguniform,1-10,10,1.428207
i32,zmij_scalar,loguniform,1-4,4,2.645745
i32,zmij_x64_native,loguniform,1-4,4,1.637316
i32,zmij_x64_v1,loguniform,1-4,4,2.297225
i32,zmij_x64_v2,loguniform,1-4,4,1.734956
i32,zmij_x64_v3,loguniform,1-4,4,1.685118
i32,zmij_x64_v3_nokernel,loguniform,1-4,4,1.648112
i32,zmij_x64_v4,loguniform,1-4,4,1.432737
i32,zmij_scalar,uniform,0-255,0,2.642448
i32,zmij_x64_native,uniform,0-255,0,1.636006
i32,zmij_x64_v1,uniform,0-255,0,2.305624
i32,zmij_x64_v2,uniform,0-255,0,1.738090
i32,zmij_x64_v3,uniform,0-255,0,1.664422
i32,zmij_x64_v3_nokernel,uniform,0-255,0,1.660476
i32,zmij_x64_v4,uniform,0-255,0,1.366600
i32,zmij_scalar,unpredictable,,1,2.650798
i32,zmij_x64_native,unpredictable,,1,1.602794
i32,zmij_x64_v1,unpredictable,,1,2.291051
i32,zmij_x64_v2,unpredictable,,1,1.739773
i32,zmij_x64_v3,unpredictable,,1,1.689094
i32,zmij_x64_v3_nokernel,unpredictable,,1,1.613505
i32,zmij_x64_v4,unpredictable,,1,1.440200
i32,zmij_scalar,unpredictable,,2,2.631766
i32,zmij_x64_native,unpredictable,,2,1.642543
i32,zmij_x64_v1,unpredictable,,2,2.272727
i32,zmij_x64_v2,unpredictable,,2,1.677952
i32,zmij_x64_v3,unpredictable,,2,1.642236
i32,zmij_x64_v3_nokernel,unpredictable,,2,1.644788
i32,zmij_x64_v4,unpredictable,,2,1.428277
i32,zmij_scalar,unpredictable,,3,2.698630
i32,zmij_x64_native,unpredictable,,3,1.666505
i32,zmij_x64_v1,unpredictable,,3,2.331794
i32,zmij_x64_v2,unpredictable,,3,1.769411
i32,zmij_x64_v3,unpredictable,,3,1.660237
i32,zmij_x64_v3_nokernel,unpredictable,,3,1.695045
i32,zmij_x64_v4,unpredictable,,3,1.690843
i32,zmij_scalar,unpredictable,,4,2.614356
i32,zmij_x64_native,unpredictable,,4,1.670232
i32,zmij_x64_v1,unpredictable,,4,2.278478
i32,zmij_x64_v2,unpredictable,,4,1.779425
i32,zmij_x64_v3,unpredictable,,4,1.806884
i32,zmij_x64_v3_nokernel,unpredictable,,4,1.810716
i32,zmij_x64_v4,unpredictable,,4,1.517077
i32,zmij_scalar,unpredictable,,5,2.885215
i32,zmij_x64_native,unpredictable,,5,1.759110
i32,zmij_x64_v1,unpredictable,,5,2.302556
i32,zmij_x64_v2,unpredictable,,5,1.718178
i32,zmij_x64_v3,unpredictable,,5,1.839025
i32,zmij_x64_v3_nokernel,unpredictable,,5,1.821456
i32,zmij_x64_v4,unpredictable,,5,1.410121
i32,zmij_scalar,unpredictable,,6,2.638913
i32,zmij_x64_native,unpredictable,,6,1.637097
i32,zmij_x64_v1,unpredictable,,6,2.300740
i32,zmij_x64_v2,unpredictable,,6,1.701054
i32,zmij_x64_v3,unpredictable,,6,1.666965
i32,zmij_x64_v3_nokernel,unpredictable,,6,1.633130
i32,zmij_x64_v4,unpredictable,,6,1.419791
i32,zmij_scalar,unpredictable,,7,2.595153
i32,zmij_x64_native,unpredictable,,7,1.614051
i32,zmij_x64_v1,unpredictable,,7,2.247502
i32,zmij_x64_v2,unpredictable,,7,1.710171
i32,zmij_x64_v3,unpredictable,,7,1.658938
i32,zmij_x64_v3_nokernel,unpredictable,,7,1.656253
i32,zmij_x64_v4,unpredictable,,7,1.348378
i32,zmij_scalar,unpredictable,,8,2.615790
i32,zmij_x64_native,unpredictable,,8,1.636788
i32,zmij_x64_v1,unpredictable,,8,2.259215
i32,zmij_x64_v2,unpredictable,,8,1.705793
i32,zmij_x64_v3,unpredictable,,8,1.652211
i32,zmij_x64_v3_nokernel,unpredictable,,8,1.631085
i32,zmij_x64_v4,unpredictable,,8,1.379357
i32,zmij_scalar,unpredictable,,9,2.588616
i32,zmij_x64_native,unpredictable,,9,1.582097
i32,zmij_x64_v1,unpredictable,,9,2.244483
i32,zmij_x64_v2,unpredictable,,9,1.713247
i32,zmij_x64_v3,unpredictable,,9,1.600501
i32,zmij_x64_v3_nokernel,unpredictable,,9,1.640410
i32,zmij_x64_v4,unpredictable,,9,1.381972
i32,zmij_scalar,unpredictable,,10,2.612714
i32,zmij_x64_native,unpredictable,,10,1.586150
i32,zmij_x64_v1,unpredictable,,10,2.292314
i32,zmij_x64_v2,unpredictable,,10,1.676271
i32,zmij_x64_v3,unpredictable,,10,1.668414
i32,zmij_x64_v3_nokernel,unpredictable,,10,1.630742
i32,zmij_x64_v4,unpredictable,,10,1.404101
i32,zmij_scalar,admixture,5x6,0,2.594388
i32,zmij_x64_native,admixture,5x6,0,1.618702
i32,zmij_x64_v1,admixture,5x6,0,2.272029
i32,zmij_x64_v2,admixture,5x6,0,1.727962
i32,zmij_x64_v3,admixture,5x6,0,1.648829
i32,zmij_x64_v3_nokernel,admixture,5x6,0,1.647615
i32,zmij_x64_v4,admixture,5x6,0,1.419991
i32,zmij_scalar,admixture,5x6,10,2.609485
i32,zmij_x64_native,admixture,5x6,10,1.628153
i32,zmij_x64_v1,admixture,5x6,10,2.259101
i32,zmij_x64_v2,admixture,5x6,10,1.747023
i32,zmij_x64_v3,admixture,5x6,10,1.664471
i32,zmij_x64_v3_nokernel,admixture,5x6,10,1.647453
i32,zmij_x64_v4,admixture,5x6,10,1.437295
i32,zmij_scalar,admixture,5x6,20,2.619173
i32,zmij_x64_native,admixture,5x6,20,1.634927
i32,zmij_x64_v1,admixture,5x6,20,2.262035
i32,zmij_x64_v2,admixture,5x6,20,1.739007
i32,zmij_x64_v3,admixture,5x6,20,1.666190
i32,zmij_x64_v3_nokernel,admixture,5x6,20,1.626174
i32,zmij_x64_v4,admixture,5x6,20,1.427894
i32,zmij_scalar,admixture,5x6,30,2.664892
i32,zmij_x64_native,admixture,5x6,30,1.621675
i32,zmij_x64_v1,admixture,5x6,30,2.290861
i32,zmij_x64_v2,admixture,5x6,30,1.739982
i32,zmij_x64_v3,admixture,5x6,30,1.675630
i32,zmij_x64_v3_nokernel,admixture,5x6,30,1.656405
i32,zmij_x64_v4,admixture,5x6,30,1.422552
i32,zmij_scalar,admixture,5x6,40,2.620349
i32,zmij_x64_native,admixture,5x6,40,1.625925
i32,zmij_x64_v1,admixture,5x6,40,2.264261
i32,zmij_x64_v2,admixture,5x6,40,1.721216
i32,zmij_x64_v3,admixture,5x6,40,1.656339
i32,zmij_x64_v3_nokernel,admixture,5x6,40,1.635680
i32,zmij_x64_v4,admixture,5x6,40,1.425878
i32,zmij_scalar,admixture,5x6,50,2.608461
i32,zmij_x64_native,admixture,5x6,50,1.633168
i32,zmij_x64_v1,admixture,5x6,50,2.264155
i32,zmij_x64_v2,admixture,5x6,50,1.731907
i32,zmij_x64_v3,admixture,5x6,50,1.653291
i32,zmij_x64_v3_nokernel,admixture,5x6,50,1.645427
i32,zmij_x64_v4,admixture,5x6,50,1.431897
i32,zmij_scalar,admixture,5x6,60,2.600589
i32,zmij_x64_native,admixture,5x6,60,1.634162
i32,zmij_x64_v1,admixture,5x6,60,2.262512
i32,zmij_x64_v2,admixture,5x6,60,1.723184
i32,zmij_x64_v3,admixture,5x6,60,1.665386
i32,zmij_x64_v3_nokernel,admixture,5x6,60,1.653549
i32,zmij_x64_v4,admixture,5x6,60,1.433110
i32,zmij_scalar,admixture,5x6,70,2.617998
i32,zmij_x64_native,admixture,5x6,70,1.622113
i32,zmij_x64_v1,admixture,5x6,70,2.264155
i32,zmij_x64_v2,admixture,5x6,70,1.730474
i32,zmij_x64_v3,admixture,5x6,70,1.644883
i32,zmij_x64_v3_nokernel,admixture,5x6,70,1.651973
i32,zmij_x64_v4,admixture,5x6,70,1.426327
i32,zmij_scalar,admixture,5x6,80,2.619459
i32,zmij_x64_native,admixture,5x6,80,1.626939
i32,zmij_x64_v1,admixture,5x6,80,2.273232
i32,zmij_x64_v2,admixture,5x6,80,1.731316
i32,zmij_x64_v3,admixture,5x6,80,1.655231
i32,zmij_x64_v3_nokernel,admixture,5x6,80,1.659988
i32,zmij_x64_v4,admixture,5x6,80,1.432404
i32,zmij_scalar,admixture,5x6,90,2.623530
i32,zmij_x64_native,admixture,5x6,90,1.621655
i32,zmij_x64_v1,admixture,5x6,90,2.276845
i32,zmij_x64_v2,admixture,5x6,90,1.716697
i32,zmij_x64_v3,admixture,5x6,90,1.668483
i32,zmij_x64_v3_nokernel,admixture,5x6,90,1.640468
i32,zmij_x64_v4,admixture,5x6,90,1.437248
i32,zmij_scalar,admixture,5x6,100,2.619603
i32,zmij_x64_native,admixture,5x6,100,1.653959
i32,zmij_x64_v1,admixture,5x6,100,2.268130
i32,zmij_x64_v2,admixture,5x6,100,1.753263
i32,zmij_x64_v3,admixture,5x6,100,1.673633
i32,zmij_x64_v3_nokernel,admixture,5x6,100,1.662139
i32,zmij_x64_v4,admixture,5x6,100,1.433091
u64,zmij_scalar,bylength,,1,4.621738
u64,zmij_x64_native,bylength,,1,2.147511
u64,zmij_x64_v1,bylength,,1,3.481769
u64,zmij_x64_v2,bylength,,1,2.483610
u64,zmij_x64_v3,bylength,,1,2.141052
u64,zmij_x64_v3_nokernel,bylength,,1,2.419039
u64,zmij_x64_v4,bylength,,1,1.917738
u64,zmij_scalar,bylength,,2,4.631370
u64,zmij_x64_native,bylength,,2,2.136227
u64,zmij_x64_v1,bylength,,2,3.478501
u64,zmij_x64_v2,bylength,,2,2.510946
u64,zmij_x64_v3,bylength,,2,2.147951
u64,zmij_x64_v3_nokernel,bylength,,2,2.427609
u64,zmij_x64_v4,bylength,,2,1.923949
u64,zmij_scalar,bylength,,3,4.615079
u64,zmij_x64_native,bylength,,3,2.148782
u64,zmij_x64_v1,bylength,,3,3.484377
u64,zmij_x64_v2,bylength,,3,2.491616
u64,zmij_x64_v3,bylength,,3,2.141511
u64,zmij_x64_v3_nokernel,bylength,,3,2.416716
u64,zmij_x64_v4,bylength,,3,1.932252
u64,zmij_scalar,bylength,,4,4.648243
u64,zmij_x64_native,bylength,,4,2.157841
u64,zmij_x64_v1,bylength,,4,3.468096
u64,zmij_x64_v2,bylength,,4,2.499328
u64,zmij_x64_v3,bylength,,4,2.147034
u64,zmij_x64_v3_nokernel,bylength,,4,2.423510
u64,zmij_x64_v4,bylength,,4,1.927656
u64,zmij_scalar,bylength,,5,4.633090
u64,zmij_x64_native,bylength,,5,2.162188
u64,zmij_x64_v1,bylength,,5,3.466242
u64,zmij_x64_v2,bylength,,5,2.497828
u64,zmij_x64_v3,bylength,,5,2.147626
u64,zmij_x64_v3_nokernel,bylength,,5,2.417042
u64,zmij_x64_v4,bylength,,5,1.930245
u64,zmij_scalar,bylength,,6,4.654970
u64,zmij_x64_native,bylength,,6,2.163000
u64,zmij_x64_v1,bylength,,6,3.478845
u64,zmij_x64_v2,bylength,,6,2.481823
u64,zmij_x64_v3,bylength,,6,2.145333
u64,zmij_x64_v3_nokernel,bylength,,6,2.438789
u64,zmij_x64_v4,bylength,,6,1.935309
u64,zmij_scalar,bylength,,7,4.674385
u64,zmij_x64_native,bylength,,7,2.163286
u64,zmij_x64_v1,bylength,,7,3.472777
u64,zmij_x64_v2,bylength,,7,2.487909
u64,zmij_x64_v3,bylength,,7,2.134632
u64,zmij_x64_v3_nokernel,bylength,,7,2.452844
u64,zmij_x64_v4,bylength,,7,1.936351
u64,zmij_scalar,bylength,,8,4.652256
u64,zmij_x64_native,bylength,,8,2.136896
u64,zmij_x64_v1,bylength,,8,3.486345
u64,zmij_x64_v2,bylength,,8,2.485024
u64,zmij_x64_v3,bylength,,8,2.114481
u64,zmij_x64_v3_nokernel,bylength,,8,2.413106
u64,zmij_x64_v4,bylength,,8,1.910706
u64,zmij_scalar,bylength,,9,4.776268
u64,zmij_x64_native,bylength,,9,2.167748
u64,zmij_x64_v1,bylength,,9,3.452531
u64,zmij_x64_v2,bylength,,9,2.490614
u64,zmij_x64_v3,bylength,,9,2.132452
u64,zmij_x64_v3_nokernel,bylength,,9,2.413192
u64,zmij_x64_v4,bylength,,9,1.928210
u64,zmij_scalar,bylength,,10,4.809891
u64,zmij_x64_native,bylength,,10,2.144492
u64,zmij_x64_v1,bylength,,10,3.502474
u64,zmij_x64_v2,bylength,,10,2.482951
u64,zmij_x64_v3,bylength,,10,2.143632
u64,zmij_x64_v3_nokernel,bylength,,10,2.448677
u64,zmij_x64_v4,bylength,,10,1.932730
u64,zmij_scalar,bylength,,11,4.781438
u64,zmij_x64_native,bylength,,11,2.152241
u64,zmij_x64_v1,bylength,,11,3.460213
u64,zmij_x64_v2,bylength,,11,2.504773
u64,zmij_x64_v3,bylength,,11,2.124866
u64,zmij_x64_v3_nokernel,bylength,,11,2.404114
u64,zmij_x64_v4,bylength,,11,1.930609
u64,zmij_scalar,bylength,,12,4.790524
u64,zmij_x64_native,bylength,,12,2.145475
u64,zmij_x64_v1,bylength,,12,3.475921
u64,zmij_x64_v2,bylength,,12,2.479053
u64,zmij_x64_v3,bylength,,12,2.141625
u64,zmij_x64_v3_nokernel,bylength,,12,2.451526
u64,zmij_x64_v4,bylength,,12,1.940239
u64,zmij_scalar,bylength,,13,4.801115
u64,zmij_x64_native,bylength,,13,2.162642
u64,zmij_x64_v1,bylength,,13,3.476706
u64,zmij_x64_v2,bylength,,13,2.494100
u64,zmij_x64_v3,bylength,,13,2.133453
u64,zmij_x64_v3_nokernel,bylength,,13,2.417728
u64,zmij_x64_v4,bylength,,13,1.937474
u64,zmij_scalar,bylength,,14,4.814216
u64,zmij_x64_native,bylength,,14,2.152591
u64,zmij_x64_v1,bylength,,14,3.467542
u64,zmij_x64_v2,bylength,,14,2.486140
u64,zmij_x64_v3,bylength,,14,2.140934
u64,zmij_x64_v3_nokernel,bylength,,14,2.448723
u64,zmij_x64_v4,bylength,,14,1.942864
u64,zmij_scalar,bylength,,15,4.778414
u64,zmij_x64_native,bylength,,15,2.157789
u64,zmij_x64_v1,bylength,,15,3.470924
u64,zmij_x64_v2,bylength,,15,2.500463
u64,zmij_x64_v3,bylength,,15,2.146973
u64,zmij_x64_v3_nokernel,bylength,,15,2.426766
u64,zmij_x64_v4,bylength,,15,1.947813
u64,zmij_scalar,bylength,,16,4.789506
u64,zmij_x64_native,bylength,,16,2.169417
u64,zmij_x64_v1,bylength,,16,3.487081
u64,zmij_x64_v2,bylength,,16,2.520901
u64,zmij_x64_v3,bylength,,16,2.144775
u64,zmij_x64_v3_nokernel,bylength,,16,2.437315
u64,zmij_x64_v4,bylength,,16,1.942071
u64,zmij_scalar,bylength,,17,4.932341
u64,zmij_x64_native,bylength,,17,2.125647
u64,zmij_x64_v1,bylength,,17,3.447477
u64,zmij_x64_v2,bylength,,17,2.477589
u64,zmij_x64_v3,bylength,,17,2.132536
u64,zmij_x64_v3_nokernel,bylength,,17,2.402354
u64,zmij_x64_v4,bylength,,17,1.947621
u64,zmij_scalar,bylength,,18,4.917703
u64,zmij_x64_native,bylength,,18,2.146458
u64,zmij_x64_v1,bylength,,18,3.457835
u64,zmij_x64_v2,bylength,,18,2.497826
u64,zmij_x64_v3,bylength,,18,2.094881
u64,zmij_x64_v3_nokernel,bylength,,18,2.402229
u64,zmij_x64_v4,bylength,,18,1.927891
u64,zmij_scalar,bylength,,19,4.898793
u64,zmij_x64_native,bylength,,19,2.138708
u64,zmij_x64_v1,bylength,,19,3.455751
u64,zmij_x64_v2,bylength,,19,2.465616
u64,zmij_x64_v3,bylength,,19,2.152686
u64,zmij_x64_v3_nokernel,bylength,,19,2.416991
u64,zmij_x64_v4,bylength,,19,1.924585
u64,zmij_scalar,bylength,,20,4.926637
u64,zmij_x64_native,bylength,,20,2.128113
u64,zmij_x64_v1,bylength,,20,3.419987
u64,zmij_x64_v2,bylength,,20,2.457390
u64,zmij_x64_v3,bylength,,20,2.121681
u64,zmij_x64_v3_nokernel,bylength,,20,2.426422
u64,zmij_x64_v4,bylength,,20,1.949351
u64,zmij_scalar,loguniform,1-20,20,4.677701
u64,zmij_x64_native,loguniform,1-20,20,2.138657
u64,zmij_x64_v1,loguniform,1-20,20,3.417628
u64,zmij_x64_v2,loguniform,1-20,20,2.500041
u64,zmij_x64_v3,loguniform,1-20,20,2.134462
u64,zmij_x64_v3_nokernel,loguniform,1-20,20,2.432673
u64,zmij_x64_v4,loguniform,1-20,20,1.936754
u64,zmij_scalar,loguniform,1-4,4,4.609971
u64,zmij_x64_native,loguniform,1-4,4,2.131943
u64,zmij_x64_v1,loguniform,1-4,4,3.448128
u64,zmij_x64_v2,loguniform,1-4,4,2.473814
u64,zmij_x64_v3,loguniform,1-4,4,2.133492
u64,zmij_x64_v3_nokernel,loguniform,1-4,4,2.414136
u64,zmij_x64_v4,loguniform,1-4,4,1.912049
u64,zmij_scalar,uniform,0-255,0,4.605710
u64,zmij_x64_native,uniform,0-255,0,2.123717
u64,zmij_x64_v1,uniform,0-255,0,3.457701
u64,zmij_x64_v2,uniform,0-255,0,2.488022
u64,zmij_x64_v3,uniform,0-255,0,2.116398
u64,zmij_x64_v3_nokernel,uniform,0-255,0,2.432757
u64,zmij_x64_v4,uniform,0-255,0,1.926582
u64,zmij_scalar,unpredictable,,1,4.613851
u64,zmij_x64_native,unpredictable,,1,2.167727
u64,zmij_x64_v1,unpredictable,,1,3.483431
u64,zmij_x64_v2,unpredictable,,1,2.481277
u64,zmij_x64_v3,unpredictable,,1,2.141269
u64,zmij_x64_v3_nokernel,unpredictable,,1,2.378733
u64,zmij_x64_v4,unpredictable,,1,2.037046
u64,zmij_scalar,unpredictable,,2,4.710736
u64,zmij_x64_native,unpredictable,,2,2.189646
u64,zmij_x64_v1,unpredictable,,2,3.497478
u64,zmij_x64_v2,unpredictable,,2,2.503022
u64,zmij_x64_v3,unpredictable,,2,2.148187
u64,zmij_x64_v3_nokernel,unpredictable,,2,2.398838
u64,zmij_x64_v4,unpredictable,,2,2.020918
u64,zmij_scalar,unpredictable,,3,4.727496
u64,zmij_x64_native,unpredictable,,3,2.187084
u64,zmij_x64_v1,unpredictable,,3,3.476229
u64,zmij_x64_v2,unpredictable,,3,2.565568
u64,zmij_x64_v3,unpredictable,,3,2.153480
u64,zmij_x64_v3_nokernel,unpredictable,,3,2.463923
u64,zmij_x64_v4,unpredictable,,3,2.053497
u64,zmij_scalar,unpredictable,,4,4.675977
u64,zmij_x64_native,unpredictable,,4,2.142120
u64,zmij_x64_v1,unpredictable,,4,3.475386
u64,zmij_x64_v2,unpredictable,,4,2.497367
u64,zmij_x64_v3,unpredictable,,4,2.152390
u64,zmij_x64_v3_nokernel,unpredictable,,4,2.438776
u64,zmij_x64_v4,unpredictable,,4,2.040293
u64,zmij_scalar,unpredictable,,5,4.609685
u64,zmij_x64_native,unpredictable,,5,2.175791
u64,zmij_x64_v1,unpredictable,,5,3.445881
u64,zmij_x64_v2,unpredictable,,5,2.520547
u64,zmij_x64_v3,unpredictable,,5,2.146314
u64,zmij_x64_v3_nokernel,unpredictable,,5,2.381733
u64,zmij_x64_v4,unpredictable,,5,2.021776
u64,zmij_scalar,unpredictable,,6,4.651248
u64,zmij_x64_native,unpredictable,,6,2.164038
u64,zmij_x64_v1,unpredictable,,6,3.454214
u64,zmij_x64_v2,unpredictable,,6,2.508410
u64,zmij_x64_v3,unpredictable,,6,2.147708
u64,zmij_x64_v3_nokernel,unpredictable,,6,2.479862
u64,zmij_x64_v4,unpredictable,,6,1.998922
u64,zmij_scalar,unpredictable,,7,4.662005
u64,zmij_x64_native,unpredictable,,7,2.143705
u64,zmij_x64_v1,unpredictable,,7,3.460732
u64,zmij_x64_v2,unpredictable,,7,2.494615
u64,zmij_x64_v3,unpredictable,,7,2.147670
u64,zmij_x64_v3_nokernel,unpredictable,,7,2.380970
u64,zmij_x64_v4,unpredictable,,7,1.966856
u64,zmij_scalar,unpredictable,,8,4.635749
u64,zmij_x64_native,unpredictable,,8,2.138317
u64,zmij_x64_v1,unpredictable,,8,3.458685
u64,zmij_x64_v2,unpredictable,,8,2.481620
u64,zmij_x64_v3,unpredictable,,8,2.156594
u64,zmij_x64_v3_nokernel,unpredictable,,8,2.399563
u64,zmij_x64_v4,unpredictable,,8,1.956863
u64,zmij_scalar,unpredictable,,9,4.849032
u64,zmij_x64_native,unpredictable,,9,2.113111
u64,zmij_x64_v1,unpredictable,,9,3.512939
u64,zmij_x64_v2,unpredictable,,9,2.566392
u64,zmij_x64_v3,unpredictable,,9,2.176087
u64,zmij_x64_v3_nokernel,unpredictable,,9,2.435507
u64,zmij_x64_v4,unpredictable,,9,1.925407
u64,zmij_scalar,unpredictable,,10,4.876895
u64,zmij_x64_native,unpredictable,,10,2.146877
u64,zmij_x64_v1,unpredictable,,10,3.486567
u64,zmij_x64_v2,unpredictable,,10,2.533828
u64,zmij_x64_v3,unpredictable,,10,2.171538
u64,zmij_x64_v3_nokernel,unpredictable,,10,2.409710
u64,zmij_x64_v4,unpredictable,,10,1.976028
u64,zmij_scalar,unpredictable,,11,4.861644
u64,zmij_x64_native,unpredictable,,11,2.201895
u64,zmij_x64_v1,unpredictable,,11,3.526161
u64,zmij_x64_v2,unpredictable,,11,2.498801
u64,zmij_x64_v3,unpredictable,,11,2.171174
u64,zmij_x64_v3_nokernel,unpredictable,,11,2.430252
u64,zmij_x64_v4,unpredictable,,11,2.023708
u64,zmij_scalar,unpredictable,,12,4.872174
u64,zmij_x64_native,unpredictable,,12,2.196907
u64,zmij_x64_v1,unpredictable,,12,3.478502
u64,zmij_x64_v2,unpredictable,,12,2.560142
u64,zmij_x64_v3,unpredictable,,12,2.170545
u64,zmij_x64_v3_nokernel,unpredictable,,12,2.463102
u64,zmij_x64_v4,unpredictable,,12,1.979372
u64,zmij_scalar,unpredictable,,13,4.766690
u64,zmij_x64_native,unpredictable,,13,2.157427
u64,zmij_x64_v1,unpredictable,,13,3.468241
u64,zmij_x64_v2,unpredictable,,13,2.530522
u64,zmij_x64_v3,unpredictable,,13,2.126039
u64,zmij_x64_v3_nokernel,unpredictable,,13,2.464746
u64,zmij_x64_v4,unpredictable,,13,1.945759
u64,zmij_scalar,unpredictable,,14,4.851306
u64,zmij_x64_native,unpredictable,,14,2.134743
u64,zmij_x64_v1,unpredictable,,14,3.458475
u64,zmij_x64_v2,unpredictable,,14,2.513305
u64,zmij_x64_v3,unpredictable,,14,2.143388
u64,zmij_x64_v3_nokernel,unpredictable,,14,2.382822
u64,zmij_x64_v4,unpredictable,,14,1.978321
u64,zmij_scalar,unpredictable,,15,4.881766
u64,zmij_x64_native,unpredictable,,15,2.175102
u64,zmij_x64_v1,unpredictable,,15,3.465851
u64,zmij_x64_v2,unpredictable,,15,2.533999
u64,zmij_x64_v3,unpredictable,,15,2.190495
u64,zmij_x64_v3_nokernel,unpredictable,,15,2.422152
u64,zmij_x64_v4,unpredictable,,15,2.016064
u64,zmij_scalar,unpredictable,,16,4.866040
u64,zmij_x64_native,unpredictable,,16,2.177607
u64,zmij_x64_v1,unpredictable,,16,3.505026
u64,zmij_x64_v2,unpredictable,,16,2.509616
u64,zmij_x64_v3,unpredictable,,16,2.154073
u64,zmij_x64_v3_nokernel,unpredictable,,16,2.430138
u64,zmij_x64_v4,unpredictable,,16,1.990076
u64,zmij_scalar,unpredictable,,17,4.975921
u64,zmij_x64_native,unpredictable,,17,2.163139
u64,zmij_x64_v1,unpredictable,,17,3.511410
u64,zmij_x64_v2,unpredictable,,17,2.525456
u64,zmij_x64_v3,unpredictable,,17,2.161372
u64,zmij_x64_v3_nokernel,unpredictable,,17,2.417929
u64,zmij_x64_v4,unpredictable,,17,2.003662
u64,zmij_scalar,unpredictable,,18,4.939149
u64,zmij_x64_native,unpredictable,,18,2.172724
u64,zmij_x64_v1,unpredictable,,18,3.497652
u64,zmij_x64_v2,unpredictable,,18,2.496245
u64,zmij_x64_v3,unpredictable,,18,2.178750
u64,zmij_x64_v3_nokernel,unpredictable,,18,2.436069
u64,zmij_x64_v4,unpredictable,,18,2.130310
u64,zmij_scalar,unpredictable,,19,4.930339
u64,zmij_x64_native,unpredictable,,19,2.158888
u64,zmij_x64_v1,unpredictable,,19,3.468414
u64,zmij_x64_v2,unpredictable,,19,2.525407
u64,zmij_x64_v3,unpredictable,,19,2.136327
u64,zmij_x64_v3_nokernel,unpredictable,,19,2.408609
u64,zmij_x64_v4,unpredictable,,19,1.997576
u64,zmij_scalar,unpredictable,,20,4.964450
u64,zmij_x64_native,unpredictable,,20,2.189577
u64,zmij_x64_v1,unpredictable,,20,3.492950
u64,zmij_x64_v2,unpredictable,,20,2.527701
u64,zmij_x64_v3,unpredictable,,20,2.148730
u64,zmij_x64_v3_nokernel,unpredictable,,20,2.486519
u64,zmij_x64_v4,unpredictable,,20,1.993849
u64,zmij_scalar,admixture,5x6,0,4.620481
u64,zmij_x64_native,admixture,5x6,0,2.155586
u64,zmij_x64_v1,admixture,5x6,0,3.456516
u64,zmij_x64_v2,admixture,5x6,0,2.498851
u64,zmij_x64_v3,admixture,5x6,0,2.132703
u64,zmij_x64_v3_nokernel,admixture,5x6,0,2.422413
u64,zmij_x64_v4,admixture,5x6,0,1.960497
u64,zmij_scalar,admixture,5x6,10,4.614394
u64,zmij_x64_native,admixture,5x6,10,2.158615
u64,zmij_x64_v1,admixture,5x6,10,3.464811
u64,zmij_x64_v2,admixture,5x6,10,2.487558
u64,zmij_x64_v3,admixture,5x6,10,2.129464
u64,zmij_x64_v3_nokernel,admixture,5x6,10,2.428060
u64,zmij_x64_v4,admixture,5x6,10,1.933208
u64,zmij_scalar,admixture,5x6,20,4.543583
u64,zmij_x64_native,admixture,5x6,20,2.138569
u64,zmij_x64_v1,admixture,5x6,20,3.460578
u64,zmij_x64_v2,admixture,5x6,20,2.461291
u64,zmij_x64_v3,admixture,5x6,20,2.131098
u64,zmij_x64_v3_nokernel,admixture,5x6,20,2.430926
u64,zmij_x64_v4,admixture,5x6,20,1.935769
u64,zmij_scalar,admixture,5x6,30,4.621216
u64,zmij_x64_native,admixture,5x6,30,2.151545
u64,zmij_x64_v1,admixture,5x6,30,3.459126
u64,zmij_x64_v2,admixture,5x6,30,2.497361
u64,zmij_x64_v3,admixture,5x6,30,2.150579
u64,zmij_x64_v3_nokernel,admixture,5x6,30,2.444914
u64,zmij_x64_v4,admixture,5x6,30,1.934680
u64,zmij_scalar,admixture,5x6,40,4.621569
u64,zmij_x64_native,admixture,5x6,40,2.155062
u64,zmij_x64_v1,admixture,5x6,40,3.461294
u64,zmij_x64_v2,admixture,5x6,40,2.489965
u64,zmij_x64_v3,admixture,5x6,40,2.148258
u64,zmij_x64_v3_nokernel,admixture,5x6,40,2.426455
u64,zmij_x64_v4,admixture,5x6,40,1.948277
u64,zmij_scalar,admixture,5x6,50,4.589532
u64,zmij_x64_native,admixture,5x6,50,2.121408
u64,zmij_x64_v1,admixture,5x6,50,3.408935
u64,zmij_x64_v2,admixture,5x6,50,2.493309
u64,zmij_x64_v3,admixture,5x6,50,2.133965
u64,zmij_x64_v3_nokernel,admixture,5x6,50,2.419126
u64,zmij_x64_v4,admixture,5x6,50,2.003579
u64,zmij_scalar,admixture,5x6,60,4.620213
u64,zmij_x64_native,admixture,5x6,60,2.148993
u64,zmij_x64_v1,admixture,5x6,60,3.453975
u64,zmij_x64_v2,admixture,5x6,60,2.481003
u64,zmij_x64_v3,admixture,5x6,60,2.126502
u64,zmij_x64_v3_nokernel,admixture,5x6,60,2.442430
u64,zmij_x64_v4,admixture,5x6,60,1.917577
u64,zmij_scalar,admixture,5x6,70,4.607294
u64,zmij_x64_native,admixture,5x6,70,2.139763
u64,zmij_x64_v1,admixture,5x6,70,3.452112
u64,zmij_x64_v2,admixture,5x6,70,2.492602
u64,zmij_x64_v3,admixture,5x6,70,2.132406
u64,zmij_x64_v3_nokernel,admixture,5x6,70,2.430553
u64,zmij_x64_v4,admixture,5x6,70,1.939486
u64,zmij_scalar,admixture,5x6,80,4.618416
u64,zmij_x64_native,admixture,5x6,80,2.150149
u64,zmij_x64_v1,admixture,5x6,80,3.478951
u64,zmij_x64_v2,admixture,5x6,80,2.476407
u64,zmij_x64_v3,admixture,5x6,80,2.141358
u64,zmij_x64_v3_nokernel,admixture,5x6,80,2.438006
u64,zmij_x64_v4,admixture,5x6,80,1.931096
u64,zmij_scalar,admixture,5x6,90,4.608413
u64,zmij_x64_native,admixture,5x6,90,2.138493
u64,zmij_x64_v1,admixture,5x6,90,3.428445
u64,zmij_x64_v2,admixture,5x6,90,2.508253
u64,zmij_x64_v3,admixture,5x6,90,2.123588
u64,zmij_x64_v3_nokernel,admixture,5x6,90,2.409868
u64,zmij_x64_v4,admixture,5x6,90,1.926511
u64,zmij_scalar,admixture,5x6,100,4.598361
u64,zmij_x64_native,admixture,5x6,100,2.142898
u64,zmij_x64_v1,admixture,5x6,100,3.455896
u64,zmij_x64_v2,admixture,5x6,100,2.486277
u64,zmij_x64_v3,admixture,5x6,100,2.129339
u64,zmij_x64_v3_nokernel,admixture,5x6,100,2.416460
u64,zmij_x64_v4,admixture,5x6,100,1.949413
i64,zmij_scalar,bylength,,1,4.872955
i64,zmij_x64_native,bylength,,1,2.396080
i64,zmij_x64_v1,bylength,,1,3.832096
i64,zmij_x64_v2,bylength,,1,2.755426
i64,zmij_x64_v3,bylength,,1,2.428184
i64,zmij_x64_v3_nokernel,bylength,,1,2.685198
i64,zmij_x64_v4,bylength,,1,2.041722
i64,zmij_scalar,bylength,,2,4.943298
i64,zmij_x64_native,bylength,,2,2.421257
i64,zmij_x64_v1,bylength,,2,3.847489
i64,zmij_x64_v2,bylength,,2,2.736326
i64,zmij_x64_v3,bylength,,2,2.454144
i64,zmij_x64_v3_nokernel,bylength,,2,2.689211
i64,zmij_x64_v4,bylength,,2,2.302185
i64,zmij_scalar,bylength,,3,4.911662
i64,zmij_x64_native,bylength,,3,2.413566
i64,zmij_x64_v1,bylength,,3,3.842052
i64,zmij_x64_v2,bylength,,3,2.719233
i64,zmij_x64_v3,bylength,,3,2.483641
i64,zmij_x64_v3_nokernel,bylength,,3,2.725003
i64,zmij_x64_v4,bylength,,3,2.117330
i64,zmij_scalar,bylength,,4,4.879223
i64,zmij_x64_native,bylength,,4,2.399385
i64,zmij_x64_v1,bylength,,4,3.848110
i64,zmij_x64_v2,bylength,,4,2.714665
i64,zmij_x64_v3,bylength,,4,2.414186
i64,zmij_x64_v3_nokernel,bylength,,4,2.683010
i64,zmij_x64_v4,bylength,,4,2.054287
i64,zmij_scalar,bylength,,5,4.906618
i64,zmij_x64_native,bylength,,5,2.388733
i64,zmij_x64_v1,bylength,,5,3.837408
i64,zmij_x64_v2,bylength,,5,2.709228
i64,zmij_x64_v3,bylength,,5,2.450389
i64,zmij_x64_v3_nokernel,bylength,,5,2.686469
i64,zmij_x64_v4,bylength,,5,2.082798
i64,zmij_scalar,bylength,,6,4.902384
i64,zmij_x64_native,bylength,,6,2.406838
i64,zmij_x64_v1,bylength,,6,3.830758
i64,zmij_x64_v2,bylength,,6,2.705626
i64,zmij_x64_v3,bylength,,6,2.437309
i64,zmij_x64_v3_nokernel,bylength,,6,2.667159
i64,zmij_x64_v4,bylength,,6,2.077915
i64,zmij_scalar,bylength,,7,4.894072
i64,zmij_x64_native,bylength,,7,2.402616
i64,zmij_x64_v1,bylength,,7,3.832736
i64,zmij_x64_v2,bylength,,7,2.708483
i64,zmij_x64_v3,bylength,,7,2.449519
i64,zmij_x64_v3_nokernel,bylength,,7,2.670875
i64,zmij_x64_v4,bylength,,7,2.059322
i64,zmij_scalar,bylength,,8,4.891855
i64,zmij_x64_native,bylength,,8,2.399252
i64,zmij_x64_v1,bylength,,8,3.830262
i64,zmij_x64_v2,bylength,,8,2.720254
i64,zmij_x64_v3,bylength,,8,2.450849
i64,zmij_x64_v3_nokernel,bylength,,8,2.670158
i64,zmij_x64_v4,bylength,,8,2.050102
i64,zmij_scalar,bylength,,9,5.095057
i64,zmij_x64_native,bylength,,9,2.361701
i64,zmij_x64_v1,bylength,,9,3.820306
i64,zmij_x64_v2,bylength,,9,2.714360
i64,zmij_x64_v3,bylength,,9,2.448392
i64,zmij_x64_v3_nokernel,bylength,,9,2.686373
i64,zmij_x64_v4,bylength,,9,2.060335
i64,zmij_scalar,bylength,,10,5.124466
i64,zmij_x64_native,bylength,,10,2.385187
i64,zmij_x64_v1,bylength,,10,3.814448
i64,zmij_x64_v2,bylength,,10,2.693854
i64,zmij_x64_v3,bylength,,10,2.429255
i64,zmij_x64_v3_nokernel,bylength,,10,2.658368
i64,zmij_x64_v4,bylength,,10,2.045878
i64,zmij_scalar,bylength,,11,5.127007
i64,zmij_x64_native,bylength,,11,2.392879
i64,zmij_x64_v1,bylength,,11,3.801167
i64,zmij_x64_v2,bylength,,11,2.708550
i64,zmij_x64_v3,bylength,,11,2.442764
i64,zmij_x64_v3_nokernel,bylength,,11,2.666413
i64,zmij_x64_v4,bylength,,11,2.086878
i64,zmij_scalar,bylength,,12,5.107988
i64,zmij_x64_native,bylength,,12,2.393767
i64,zmij_x64_v1,bylength,,12,3.856212
i64,zmij_x64_v2,bylength,,12,2.733048
i64,zmij_x64_v3,bylength,,12,2.454393
i64,zmij_x64_v3_nokernel,bylength,,12,2.681730
i64,zmij_x64_v4,bylength,,12,2.051248
i64,zmij_scalar,bylength,,13,5.090547
i64,zmij_x64_native,bylength,,13,2.389841
i64,zmij_x64_v1,bylength,,13,3.829182
i64,zmij_x64_v2,bylength,,13,2.689221
i64,zmij_x64_v3,bylength,,13,2.441341
i64,zmij_x64_v3_nokernel,bylength,,13,2.652864
i64,zmij_x64_v4,bylength,,13,2.042267
i64,zmij_scalar,bylength,,14,5.094349
i64,zmij_x64_native,bylength,,14,2.403895
i64,zmij_x64_v1,bylength,,14,3.801990
i64,zmij_x64_v2,bylength,,14,2.698307
i64,zmij_x64_v3,bylength,,14,2.433917
i64,zmij_x64_v3_nokernel,bylength,,14,2.697248
i64,zmij_x64_v4,bylength,,14,2.062523
i64,zmij_scalar,bylength,,15,5.123950
i64,zmij_x64_native,bylength,,15,2.384834
i64,zmij_x64_v1,bylength,,15,3.823689
i64,zmij_x64_v2,bylength,,15,2.698488
i64,zmij_x64_v3,bylength,,15,2.456409
i64,zmij_x64_v3_nokernel,bylength,,15,2.656371
i64,zmij_x64_v4,bylength,,15,2.032349
i64,zmij_scalar,bylength,,16,5.084889
i64,zmij_x64_native,bylength,,16,2.399510
i64,zmij_x64_v1,bylength,,16,3.845836
i64,zmij_x64_v2,bylength,,16,2.704050
i64,zmij_x64_v3,bylength,,16,2.441733
i64,zmij_x64_v3_nokernel,bylength,,16,2.672950
i64,zmij_x64_v4,bylength,,16,2.070702
i64,zmij_scalar,bylength,,17,5.139447
i64,zmij_x64_native,bylength,,17,2.410422
i64,zmij_x64_v1,bylength,,17,3.828513
i64,zmij_x64_v2,bylength,,17,2.707480
i64,zmij_x64_v3,bylength,,17,2.438016
i64,zmij_x64_v3_nokernel,bylength,,17,2.674335
i64,zmij_x64_v4,bylength,,17,2.101563
i64,zmij_scalar,bylength,,18,5.042582
i64,zmij_x64_native,bylength,,18,2.411386
i64,zmij_x64_v1,bylength,,18,3.859796
i64,zmij_x64_v2,bylength,,18,2.720083
i64,zmij_x64_v3,bylength,,18,2.447217
i64,zmij_x64_v3_nokernel,bylength,,18,2.673120
i64,zmij_x64_v4,bylength,,18,2.070491
i64,zmij_scalar,bylength,,19,5.064673
i64,zmij_x64_native,bylength,,19,2.394924
i64,zmij_x64_v1,bylength,,19,3.834677
i64,zmij_x64_v2,bylength,,19,2.695795
i64,zmij_x64_v3,bylength,,19,2.430640
i64,zmij_x64_v3_nokernel,bylength,,19,2.664178
i64,zmij_x64_v4,bylength,,19,2.119585
i64,zmij_scalar,loguniform,1-19,19,4.973967
i64,zmij_x64_native,loguniform,1-19,19,2.448962
i64,zmij_x64_v1,loguniform,1-19,19,3.816480
i64,zmij_x64_v2,loguniform,1-19,19,2.697739
i64,zmij_x64_v3,loguniform,1-19,19,2.427606
i64,zmij_x64_v3_nokernel,loguniform,1-19,19,2.661514
i64,zmij_x64_v4,loguniform,1-19,19,2.069942
i64,zmij_scalar,loguniform,1-4,4,4.865408
i64,zmij_x64_native,loguniform,1-4,4,2.385656
i64,zmij_x64_v1,loguniform,1-4,4,3.827425
i64,zmij_x64_v2,loguniform,1-4,4,2.682734
i64,zmij_x64_v3,loguniform,1-4,4,2.436593
i64,zmij_x64_v3_nokernel,loguniform,1-4,4,2.661694
i64,zmij_x64_v4,loguniform,1-4,4,2.059179
i64,zmij_scalar,uniform,0-255,0,4.847030
i64,zmij_x64_native,uniform,0-255,0,2.373779
i64,zmij_x64_v1,uniform,0-255,0,3.789482
i64,zmij_x64_v2,uniform,0-255,0,2.695833
i64,zmij_x64_v3,uniform,0-255,0,2.426303
i64,zmij_x64_v3_nokernel,uniform,0-255,0,2.654069
i64,zmij_x64_v4,uniform,0-255,0,2.050609
i64,zmij_scalar,unpredictable,,1,4.892611
i64,zmij_x64_native,unpredictable,,1,2.396235
i64,zmij_x64_v1,unpredictable,,1,3.829345
i64,zmij_x64_v2,unpredictable,,1,2.719703
i64,zmij_x64_v3,unpredictable,,1,2.493225
i64,zmij_x64_v3_nokernel,unpredictable,,1,2.688658
i64,zmij_x64_v4,unpredictable,,1,2.043973
i64,zmij_scalar,unpredictable,,2,4.869776
i64,zmij_x64_native,unpredictable,,2,2.435865
i64,zmij_x64_v1,unpredictable,,2,3.837161
i64,zmij_x64_v2,unpredictable,,2,2.710359
i64,zmij_x64_v3,unpredictable,,2,2.443693
i64,zmij_x64_v3_nokernel,unpredictable,,2,2.693090
i64,zmij_x64_v4,unpredictable,,2,2.054139
i64,zmij_scalar,unpredictable,,3,4.865284
i64,zmij_x64_native,unpredictable,,3,2.440414
i64,zmij_x64_v1,unpredictable,,3,3.825982
i64,zmij_x64_v2,unpredictable,,3,2.718764
i64,zmij_x64_v3,unpredictable,,3,2.467752
i64,zmij_x64_v3_nokernel,unpredictable,,3,2.685179
i64,zmij_x64_v4,unpredictable,,3,2.070802
i64,zmij_scalar,unpredictable,,4,4.857811
i64,zmij_x64_native,unpredictable,,4,2.453466
i64,zmij_x64_v1,unpredictable,,4,3.875247
i64,zmij_x64_v2,unpredictable,,4,2.762010
i64,zmij_x64_v3,unpredictable,,4,2.465363
i64,zmij_x64_v3_nokernel,unpredictable,,4,2.694468
i64,zmij_x64_v4,unpredictable,,4,2.072906
i64,zmij_scalar,unpredictable,,5,4.833694
i64,zmij_x64_native,unpredictable,,5,2.397591
i64,zmij_x64_v1,unpredictable,,5,3.810264
i64,zmij_x64_v2,unpredictable,,5,2.651269
i64,zmij_x64_v3,unpredictable,,5,2.449636
i64,zmij_x64_v3_nokernel,unpredictable,,5,2.645164
i64,zmij_x64_v4,unpredictable,,5,2.000575
i64,zmij_scalar,unpredictable,,6,4.883877
i64,zmij_x64_native,unpredictable,,6,2.398851
i64,zmij_x64_v1,unpredictable,,6,3.836070
i64,zmij_x64_v2,unpredictable,,6,2.718881
i64,zmij_x64_v3,unpredictable,,6,2.432915
i64,zmij_x64_v3_nokernel,unpredictable,,6,2.695040
i64,zmij_x64_v4,unpredictable,,6,2.067363
i64,zmij_scalar,unpredictable,,7,4.917299
i64,zmij_x64_native,unpredictable,,7,2.394419
i64,zmij_x64_v1,unpredictable,,7,3.881093
i64,zmij_x64_v2,unpredictable,,7,2.726180
i64,zmij_x64_v3,unpredictable,,7,2.454548
i64,zmij_x64_v3_nokernel,unpredictable,,7,2.700773
i64,zmij_x64_v4,unpredictable,,7,2.033864
i64,zmij_scalar,unpredictable,,8,4.953417
i64,zmij_x64_native,unpredictable,,8,2.406439
i64,zmij_x64_v1,unpredictable,,8,3.830644
i64,zmij_x64_v2,unpredictable,,8,2.724843
i64,zmij_x64_v3,unpredictable,,8,2.508703
i64,zmij_x64_v3_nokernel,unpredictable,,8,2.684320
i64,zmij_x64_v4,unpredictable,,8,2.063426
i64,zmij_scalar,unpredictable,,9,5.175909
i64,zmij_x64_native,unpredictable,,9,2.412268
i64,zmij_x64_v1,unpredictable,,9,3.863992
i64,zmij_x64_v2,unpredictable,,9,2.758819
i64,zmij_x64_v3,unpredictable,,9,2.484644
i64,zmij_x64_v3_nokernel,unpredictable,,9,2.723017
i64,zmij_x64_v4,unpredictable,,9,2.086549
i64,zmij_scalar,unpredictable,,10,5.081318
i64,zmij_x64_native,unpredictable,,10,2.382053
i64,zmij_x64_v1,unpredictable,,10,3.786769
i64,zmij_x64_v2,unpredictable,,10,2.680125
i64,zmij_x64_v3,unpredictable,,10,2.416212
i64,zmij_x64_v3_nokernel,unpredictable,,10,2.661903
i64,zmij_x64_v4,unpredictable,,10,2.053756
i64,zmij_scalar,unpredictable,,11,5.237900
i64,zmij_x64_native,unpredictable,,11,2.389851
i64,zmij_x64_v1,unpredictable,,11,3.829574
i64,zmij_x64_v2,unpredictable,,11,2.774583
i64,zmij_x64_v3,unpredictable,,11,2.512447
i64,zmij_x64_v3_nokernel,unpredictable,,11,2.724508
i64,zmij_x64_v4,unpredictable,,11,2.032737
i64,zmij_scalar,unpredictable,,12,5.115217
i64,zmij_x64_native,unpredictable,,12,2.425337
i64,zmij_x64_v1,unpredictable,,12,3.748492
i64,zmij_x64_v2,unpredictable,,12,2.742747
i64,zmij_x64_v3,unpredictable,,12,2.430393
i64,zmij_x64_v3_nokernel,unpredictable,,12,2.634195
i64,zmij_x64_v4,unpredictable,,12,1.986110
i64,zmij_scalar,unpredictable,,13,5.102758
i64,zmij_x64_native,unpredictable,,13,2.414560
i64,zmij_x64_v1,unpredictable,,13,3.850690
i64,zmij_x64_v2,unpredictable,,13,2.755034
i64,zmij_x64_v3,unpredictable,,13,2.466623
i64,zmij_x64_v3_nokernel,unpredictable,,13,2.690340
i64,zmij_x64_v4,unpredictable,,13,2.058152
i64,zmij_scalar,unpredictable,,14,5.163162
i64,zmij_x64_native,unpredictable,,14,2.424534
i64,zmij_x64_v1,unpredictable,,14,3.850194
i64,zmij_x64_v2,unpredictable,,14,2.761514
i64,zmij_x64_v3,unpredictable,,14,2.492632
i64,zmij_x64_v3_nokernel,unpredictable,,14,2.717876
i64,zmij_x64_v4,unpredictable,,14,2.026334
i64,zmij_scalar,unpredictable,,15,5.163221
i64,zmij_x64_native,unpredictable,,15,2.432140
i64,zmij_x64_v1,unpredictable,,15,3.861066
i64,zmij_x64_v2,unpredictable,,15,2.702962
i64,zmij_x64_v3,unpredictable,,15,2.496683
i64,zmij_x64_v3_nokernel,unpredictable,,15,2.691774
i64,zmij_x64_v4,unpredictable,,15,2.048329
i64,zmij_scalar,unpredictable,,16,5.154087
i64,zmij_x64_native,unpredictable,,16,2.386812
i64,zmij_x64_v1,unpredictable,,16,3.841672
i64,zmij_x64_v2,unpredictable,,16,2.734262
i64,zmij_x64_v3,unpredictable,,16,2.479294
i64,zmij_x64_v3_nokernel,unpredictable,,16,2.758293
i64,zmij_x64_v4,unpredictable,,16,2.055209
i64,zmij_scalar,unpredictable,,17,5.094368
i64,zmij_x64_native,unpredictable,,17,2.385323
i64,zmij_x64_v1,unpredictable,,17,3.808497
i64,zmij_x64_v2,unpredictable,,17,2.756047
i64,zmij_x64_v3,unpredictable,,17,2.500122
i64,zmij_x64_v3_nokernel,unpredictable,,17,2.714151
i64,zmij_x64_v4,unpredictable,,17,2.032392
i64,zmij_scalar,unpredictable,,18,5.151430
i64,zmij_x64_native,unpredictable,,18,2.408102
i64,zmij_x64_v1,unpredictable,,18,3.865863
i64,zmij_x64_v2,unpredictable,,18,2.760079
i64,zmij_x64_v3,unpredictable,,18,2.453190
i64,zmij_x64_v3_nokernel,unpredictable,,18,2.677307
i64,zmij_x64_v4,unpredictable,,18,2.052304
i64,zmij_scalar,unpredictable,,19,5.172508
i64,zmij_x64_native,unpredictable,,19,2.354134
i64,zmij_x64_v1,unpredictable,,19,3.796075
i64,zmij_x64_v2,unpredictable,,19,2.680757
i64,zmij_x64_v3,unpredictable,,19,2.441572
i64,zmij_x64_v3_nokernel,unpredictable,,19,2.708513
i64,zmij_x64_v4,unpredictable,,19,2.041163
i64,zmij_scalar,admixture,5x6,0,4.881814
i64,zmij_x64_native,admixture,5x6,0,2.393061
i64,zmij_x64_v1,admixture,5x6,0,3.844232
i64,zmij_x64_v2,admixture,5x6,0,2.766902
i64,zmij_x64_v3,admixture,5x6,0,2.463604
i64,zmij_x64_v3_nokernel,admixture,5x6,0,2.687980
i64,zmij_x64_v4,admixture,5x6,0,2.059054
i64,zmij_scalar,admixture,5x6,10,4.852070
i64,zmij_x64_native,admixture,5x6,10,2.378940
i64,zmij_x64_v1,admixture,5x6,10,3.847489
i64,zmij_x64_v2,admixture,5x6,10,2.698270
i64,zmij_x64_v3,admixture,5x6,10,2.405082
i64,zmij_x64_v3_nokernel,admixture,5x6,10,2.677125
i64,zmij_x64_v4,admixture,5x6,10,2.054296
i64,zmij_scalar,admixture,5x6,20,4.844302
i64,zmij_x64_native,admixture,5x6,20,2.392813
i64,zmij_x64_v1,admixture,5x6,20,3.857522
i64,zmij_x64_v2,admixture,5x6,20,2.703276
i64,zmij_x64_v3,admixture,5x6,20,2.434711
i64,zmij_x64_v3_nokernel,admixture,5x6,20,2.664914
i64,zmij_x64_v4,admixture,5x6,20,2.104306
i64,zmij_scalar,admixture,5x6,30,4.854373
i64,zmij_x64_native,admixture,5x6,30,2.381605
i64,zmij_x64_v1,admixture,5x6,30,3.839264
i64,zmij_x64_v2,admixture,5x6,30,2.701050
i64,zmij_x64_v3,admixture,5x6,30,2.418382
i64,zmij_x64_v3_nokernel,admixture,5x6,30,2.666929
i64,zmij_x64_v4,admixture,5x6,30,2.079989
i64,zmij_scalar,admixture,5x6,40,4.898486
i64,zmij_x64_native,admixture,5x6,40,2.393377
i64,zmij_x64_v1,admixture,5x6,40,3.852048
i64,zmij_x64_v2,admixture,5x6,40,2.717723
i64,zmij_x64_v3,admixture,5x6,40,2.452999
i64,zmij_x64_v3_nokernel,admixture,5x6,40,2.670924
i64,zmij_x64_v4,admixture,5x6,40,2.068887
i64,zmij_scalar,admixture,5x6,50,4.907775
i64,zmij_x64_native,admixture,5x6,50,2.399730
i64,zmij_x64_v1,admixture,5x6,50,3.832527
i64,zmij_x64_v2,admixture,5x6,50,2.734072
i64,zmij_x64_v3,admixture,5x6,50,2.452186
i64,zmij_x64_v3_nokernel,admixture,5x6,50,2.700974
i64,zmij_x64_v4,admixture,5x6,50,2.066527
i64,zmij_scalar,admixture,5x6,60,4.846642
i64,zmij_x64_native,admixture,5x6,60,2.364932
i64,zmij_x64_v1,admixture,5x6,60,3.813514
i64,zmij_x64_v2,admixture,5x6,60,2.679810
i64,zmij_x64_v3,admixture,5x6,60,2.445259
i64,zmij_x64_v3_nokernel,admixture,5x6,60,2.666443
i64,zmij_x64_v4,admixture,5x6,60,2.039697
i64,zmij_scalar,admixture,5x6,70,4.888779
i64,zmij_x64_native,admixture,5x6,70,2.393520
i64,zmij_x64_v1,admixture,5x6,70,3.810427
i64,zmij_x64_v2,admixture,5x6,70,2.685438
i64,zmij_x64_v3,admixture,5x6,70,2.442813
i64,zmij_x64_v3_nokernel,admixture,5x6,70,2.657900
i64,zmij_x64_v4,admixture,5x6,70,2.033821
i64,zmij_scalar,admixture,5x6,80,4.854669
i64,zmij_x64_native,admixture,5x6,80,2.389736
i64,zmij_x64_v1,admixture,5x6,80,3.815223
i64,zmij_x64_v2,admixture,5x6,80,2.703945
i64,zmij_x64_v3,admixture,5x6,80,2.440749
i64,zmij_x64_v3_nokernel,admixture,5x6,80,2.675157
i64,zmij_x64_v4,admixture,5x6,80,2.030170
i64,zmij_scalar,admixture,5x6,90,4.866316
i64,zmij_x64_native,admixture,5x6,90,2.386823
i64,zmij_x64_v1,admixture,5x6,90,3.798005
i64,zmij_x64_v2,admixture,5x6,90,2.703286
i64,zmij_x64_v3,admixture,5x6,90,2.436325
i64,zmij_x64_v3_nokernel,admixture,5x6,90,2.683699
i64,zmij_x64_v4,admixture,5x6,90,2.060010
i64,zmij_scalar,admixture,5x6,100,4.860229
i64,zmij_x64_native,admixture,5x6,100,2.404574
i64,zmij_x64_v1,admixture,5x6,100,3.840343
i64,zmij_x64_v2,admixture,5x6,100,2.714254
i64,zmij_x64_v3,admixture,5x6,100,2.443549
i64,zmij_x64_v3_nokernel,admixture,5x6,100,2.675242
i64,zmij_x64_v4,admixture,5x6,100,2.094475
u128,zmij_scalar,bylength,,1,4.685437
u128,zmij_x64_native,bylength,,1,2.311661
u128,zmij_x64_v1,bylength,,1,3.769049
u128,zmij_x64_v2,bylength,,1,2.677407
u128,zmij_x64_v3,bylength,,1,2.364766
u128,zmij_x64_v3_nokernel,bylength,,1,2.605145
u128,zmij_x64_v4,bylength,,1,2.039675
u128,zmij_scalar,bylength,,2,4.698956
u128,zmij_x64_native,bylength,,2,2.325114
u128,zmij_x64_v1,bylength,,2,3.717607
u128,zmij_x64_v2,bylength,,2,2.594004
u128,zmij_x64_v3,bylength,,2,2.343335
u128,zmij_x64_v3_nokernel,bylength,,2,2.569152
u128,zmij_x64_v4,bylength,,2,2.032184
u128,zmij_scalar,bylength,,3,4.707747
u128,zmij_x64_native,bylength,,3,2.326137
u128,zmij_x64_v1,bylength,,3,3.755233
u128,zmij_x64_v2,bylength,,3,2.616649
u128,zmij_x64_v3,bylength,,3,2.371540
u128,zmij_x64_v3_nokernel,bylength,,3,2.545705
u128,zmij_x64_v4,bylength,,3,2.057408
u128,zmij_scalar,bylength,,4,4.734482
u128,zmij_x64_native,bylength,,4,2.349908
u128,zmij_x64_v1,bylength,,4,3.751831
u128,zmij_x64_v2,bylength,,4,2.617939
u128,zmij_x64_v3,bylength,,4,2.361861
u128,zmij_x64_v3_nokernel,bylength,,4,2.573775
u128,zmij_x64_v4,bylength,,4,2.174187
u128,zmij_scalar,bylength,,5,4.749253
u128,zmij_x64_native,bylength,,5,2.352058
u128,zmij_x64_v1,bylength,,5,3.768160
u128,zmij_x64_v2,bylength,,5,2.622429
u128,zmij_x64_v3,bylength,,5,2.349478
u128,zmij_x64_v3_nokernel,bylength,,5,2.564375
u128,zmij_x64_v4,bylength,,5,2.088940
u128,zmij_scalar,bylength,,6,4.797371
u128,zmij_x64_native,bylength,,6,2.351466
u128,zmij_x64_v1,bylength,,6,3.794856
u128,zmij_x64_v2,bylength,,6,2.681009
u128,zmij_x64_v3,bylength,,6,2.373274
u128,zmij_x64_v3_nokernel,bylength,,6,2.620910
u128,zmij_x64_v4,bylength,,6,2.132155
u128,zmij_scalar,bylength,,7,4.832236
u128,zmij_x64_native,bylength,,7,2.369954
u128,zmij_x64_v1,bylength,,7,3.810621
u128,zmij_x64_v2,bylength,,7,2.679174
u128,zmij_x64_v3,bylength,,7,2.388759
u128,zmij_x64_v3_nokernel,bylength,,7,2.605297
u128,zmij_x64_v4,bylength,,7,2.111727
u128,zmij_scalar,bylength,,8,4.798957
u128,zmij_x64_native,bylength,,8,2.348455
u128,zmij_x64_v1,bylength,,8,3.767931
u128,zmij_x64_v2,bylength,,8,2.641205
u128,zmij_x64_v3,bylength,,8,2.364326
u128,zmij_x64_v3_nokernel,bylength,,8,2.588347
u128,zmij_x64_v4,bylength,,8,2.024759
u128,zmij_scalar,bylength,,9,4.901326
u128,zmij_x64_native,bylength,,9,2.343154
u128,zmij_x64_v1,bylength,,9,3.744426
u128,zmij_x64_v2,bylength,,9,2.612272
u128,zmij_x64_v3,bylength,,9,2.342312
u128,zmij_x64_v3_nokernel,bylength,,9,2.554409
u128,zmij_x64_v4,bylength,,9,2.131057
u128,zmij_scalar,bylength,,10,4.874401
u128,zmij_x64_native,bylength,,10,2.320862
u128,zmij_x64_v1,bylength,,10,3.731193
u128,zmij_x64_v2,bylength,,10,2.610209
u128,zmij_x64_v3,bylength,,10,2.333226
u128,zmij_x64_v3_nokernel,bylength,,10,2.540936
u128,zmij_x64_v4,bylength,,10,2.024875
u128,zmij_scalar,bylength,,11,4.927077
u128,zmij_x64_native,bylength,,11,2.337095
u128,zmij_x64_v1,bylength,,11,3.734920
u128,zmij_x64_v2,bylength,,11,2.623146
u128,zmij_x64_v3,bylength,,11,2.341729
u128,zmij_x64_v3_nokernel,bylength,,11,2.551963
u128,zmij_x64_v4,bylength,,11,2.034190
u128,zmij_scalar,bylength,,12,5.015277
u128,zmij_x64_native,bylength,,12,2.357858
u128,zmij_x64_v1,bylength,,12,3.838206
u128,zmij_x64_v2,bylength,,12,2.682615
u128,zmij_x64_v3,bylength,,12,2.375936
u128,zmij_x64_v3_nokernel,bylength,,12,2.602031
u128,zmij_x64_v4,bylength,,12,2.046745
u128,zmij_scalar,bylength,,13,4.909984
u128,zmij_x64_native,bylength,,13,2.382968
u128,zmij_x64_v1,bylength,,13,3.766269
u128,zmij_x64_v2,bylength,,13,2.637832
u128,zmij_x64_v3,bylength,,13,2.363743
u128,zmij_x64_v3_nokernel,bylength,,13,2.622792
u128,zmij_x64_v4,bylength,,13,2.026001
u128,zmij_scalar,bylength,,14,4.943223
u128,zmij_x64_native,bylength,,14,2.342580
u128,zmij_x64_v1,bylength,,14,3.752748
u128,zmij_x64_v2,bylength,,14,2.670652
u128,zmij_x64_v3,bylength,,14,2.385137
u128,zmij_x64_v3_nokernel,bylength,,14,2.598188
u128,zmij_x64_v4,bylength,,14,2.010026
u128,zmij_scalar,bylength,,15,4.956793
u128,zmij_x64_native,bylength,,15,2.344271
u128,zmij_x64_v1,bylength,,15,3.764969
u128,zmij_x64_v2,bylength,,15,2.675850
u128,zmij_x64_v3,bylength,,15,2.373700
u128,zmij_x64_v3_nokernel,bylength,,15,2.598207
u128,zmij_x64_v4,bylength,,15,2.035116
u128,zmij_scalar,bylength,,16,4.971669
u128,zmij_x64_native,bylength,,16,2.372916
u128,zmij_x64_v1,bylength,,16,3.737594
u128,zmij_x64_v2,bylength,,16,2.647453
u128,zmij_x64_v3,bylength,,16,2.376126
u128,zmij_x64_v3_nokernel,bylength,,16,2.600864
u128,zmij_x64_v4,bylength,,16,2.015233
u128,zmij_scalar,bylength,,17,4.890338
u128,zmij_x64_native,bylength,,17,2.327618
u128,zmij_x64_v1,bylength,,17,3.703426
u128,zmij_x64_v2,bylength,,17,2.625219
u128,zmij_x64_v3,bylength,,17,2.322543
u128,zmij_x64_v3_nokernel,bylength,,17,2.555144
u128,zmij_x64_v4,bylength,,17,2.094165
u128,zmij_scalar,bylength,,18,4.847514
u128,zmij_x64_native,bylength,,18,2.325057
u128,zmij_x64_v1,bylength,,18,3.723817
u128,zmij_x64_v2,bylength,,18,2.609005
u128,zmij_x64_v3,bylength,,18,2.341615
u128,zmij_x64_v3_nokernel,bylength,,18,2.542713
u128,zmij_x64_v4,bylength,,18,2.163867
u128,zmij_scalar,bylength,,19,5.022662
u128,zmij_x64_native,bylength,,19,2.385452
u128,zmij_x64_v1,bylength,,19,3.816030
u128,zmij_x64_v2,bylength,,19,2.688472
u128,zmij_x64_v3,bylength,,19,2.358145
u128,zmij_x64_v3_nokernel,bylength,,19,2.595227
u128,zmij_x64_v4,bylength,,19,2.366459
u128,zmij_scalar,bylength,,20,8.616455
u128,zmij_x64_native,bylength,,20,4.989373
u128,zmij_x64_v1,bylength,,20,5.606755
u128,zmij_x64_v2,bylength,,20,4.628700
u128,zmij_x64_v3,bylength,,20,4.564941
u128,zmij_x64_v3_nokernel,bylength,,20,4.673198
u128,zmij_x64_v4,bylength,,20,5.150314
u128,zmij_scalar,bylength,,21,8.609196
u128,zmij_x64_native,bylength,,21,4.858549
u128,zmij_x64_v1,bylength,,21,5.421450
u128,zmij_x64_v2,bylength,,21,4.331833
u128,zmij_x64_v3,bylength,,21,4.389735
u128,zmij_x64_v3_nokernel,bylength,,21,4.376082
u128,zmij_x64_v4,bylength,,21,4.994428
u128,zmij_scalar,bylength,,22,8.573184
u128,zmij_x64_native,bylength,,22,4.869528
u128,zmij_x64_v1,bylength,,22,5.343989
u128,zmij_x64_v2,bylength,,22,4.304240
u128,zmij_x64_v3,bylength,,22,4.335475
u128,zmij_x64_v3_nokernel,bylength,,22,4.326808
u128,zmij_x64_v4,bylength,,22,4.955703
u128,zmij_scalar,bylength,,23,8.562187
u128,zmij_x64_native,bylength,,23,4.866633
u128,zmij_x64_v1,bylength,,23,5.388123
u128,zmij_x64_v2,bylength,,23,4.296806
u128,zmij_x64_v3,bylength,,23,4.341723
u128,zmij_x64_v3_nokernel,bylength,,23,4.341838
u128,zmij_x64_v4,bylength,,23,4.960499
u128,zmij_scalar,bylength,,24,8.527130
u128,zmij_x64_native,bylength,,24,4.833536
u128,zmij_x64_v1,bylength,,24,5.386508
u128,zmij_x64_v2,bylength,,24,4.290806
u128,zmij_x64_v3,bylength,,24,4.334318
u128,zmij_x64_v3_nokernel,bylength,,24,4.333095
u128,zmij_x64_v4,bylength,,24,4.955139
u128,zmij_scalar,bylength,,25,8.490077
u128,zmij_x64_native,bylength,,25,4.858531
u128,zmij_x64_v1,bylength,,25,5.362363
u128,zmij_x64_v2,bylength,,25,4.289086
u128,zmij_x64_v3,bylength,,25,4.341255
u128,zmij_x64_v3_nokernel,bylength,,25,4.337596
u128,zmij_x64_v4,bylength,,25,4.956936
u128,zmij_scalar,bylength,,26,8.508633
u128,zmij_x64_native,bylength,,26,4.857585
u128,zmij_x64_v1,bylength,,26,5.355913
u128,zmij_x64_v2,bylength,,26,4.270101
u128,zmij_x64_v3,bylength,,26,4.336201
u128,zmij_x64_v3_nokernel,bylength,,26,4.321180
u128,zmij_x64_v4,bylength,,26,4.951126
u128,zmij_scalar,bylength,,27,8.563986
u128,zmij_x64_native,bylength,,27,4.858609
u128,zmij_x64_v1,bylength,,27,5.364313
u128,zmij_x64_v2,bylength,,27,4.290903
u128,zmij_x64_v3,bylength,,27,4.338848
u128,zmij_x64_v3_nokernel,bylength,,27,4.345717
u128,zmij_x64_v4,bylength,,27,4.968461
u128,zmij_scalar,bylength,,28,8.535254
u128,zmij_x64_native,bylength,,28,4.875627
u128,zmij_x64_v1,bylength,,28,5.381148
u128,zmij_x64_v2,bylength,,28,4.292183
u128,zmij_x64_v3,bylength,,28,4.328109
u128,zmij_x64_v3_nokernel,bylength,,28,4.342299
u128,zmij_x64_v4,bylength,,28,4.952627
u128,zmij_scalar,bylength,,29,8.553083
u128,zmij_x64_native,bylength,,29,4.873687
u128,zmij_x64_v1,bylength,,29,5.356163
u128,zmij_x64_v2,bylength,,29,4.289192
u128,zmij_x64_v3,bylength,,29,4.334663
u128,zmij_x64_v3_nokernel,bylength,,29,4.335257
u128,zmij_x64_v4,bylength,,29,4.953784
u128,zmij_scalar,bylength,,30,8.542526
u128,zmij_x64_native,bylength,,30,4.866693
u128,zmij_x64_v1,bylength,,30,5.385048
u128,zmij_x64_v2,bylength,,30,4.291419
u128,zmij_x64_v3,bylength,,30,4.329590
u128,zmij_x64_v3_nokernel,bylength,,30,4.331204
u128,zmij_x64_v4,bylength,,30,4.943570
u128,zmij_scalar,bylength,,31,8.538398
u128,zmij_x64_native,bylength,,31,4.862383
u128,zmij_x64_v1,bylength,,31,5.378149
u128,zmij_x64_v2,bylength,,31,4.288973
u128,zmij_x64_v3,bylength,,31,4.333728
u128,zmij_x64_v3_nokernel,bylength,,31,4.347630
u128,zmij_x64_v4,bylength,,31,4.949455
u128,zmij_scalar,bylength,,32,8.532933
u128,zmij_x64_native,bylength,,32,4.851548
u128,zmij_x64_v1,bylength,,32,5.348157
u128,zmij_x64_v2,bylength,,32,4.274832
u128,zmij_x64_v3,bylength,,32,4.329169
u128,zmij_x64_v3_nokernel,bylength,,32,4.324612
u128,zmij_x64_v4,bylength,,32,4.927671
u128,zmij_scalar,bylength,,33,10.320144
u128,zmij_x64_native,bylength,,33,5.753871
u128,zmij_x64_v1,bylength,,33,6.059051
u128,zmij_x64_v2,bylength,,33,5.201176
u128,zmij_x64_v3,bylength,,33,5.111237
u128,zmij_x64_v3_nokernel,bylength,,33,5.298864
u128,zmij_x64_v4,bylength,,33,5.825445
u128,zmij_scalar,bylength,,34,10.500011
u128,zmij_x64_native,bylength,,34,5.847575
u128,zmij_x64_v1,bylength,,34,6.069714
u128,zmij_x64_v2,bylength,,34,5.291554
u128,zmij_x64_v3,bylength,,34,5.195462
u128,zmij_x64_v3_nokernel,bylength,,34,5.382535
u128,zmij_x64_v4,bylength,,34,5.927329
u128,zmij_scalar,bylength,,35,10.512662
u128,zmij_x64_native,bylength,,35,5.977109
u128,zmij_x64_v1,bylength,,35,6.198750
u128,zmij_x64_v2,bylength,,35,5.336156
u128,zmij_x64_v3,bylength,,35,5.275082
u128,zmij_x64_v3_nokernel,bylength,,35,5.414382
u128,zmij_x64_v4,bylength,,35,5.909852
u128,zmij_scalar,bylength,,36,10.637390
u128,zmij_x64_native,bylength,,36,5.905879
u128,zmij_x64_v1,bylength,,36,6.203577
u128,zmij_x64_v2,bylength,,36,5.284828
u128,zmij_x64_v3,bylength,,36,5.254224
u128,zmij_x64_v3_nokernel,bylength,,36,5.414133
u128,zmij_x64_v4,bylength,,36,5.896142
u128,zmij_scalar,bylength,,37,10.366131
u128,zmij_x64_native,bylength,,37,5.765003
u128,zmij_x64_v1,bylength,,37,6.059634
u128,zmij_x64_v2,bylength,,37,5.196226
u128,zmij_x64_v3,bylength,,37,5.134971
u128,zmij_x64_v3_nokernel,bylength,,37,5.329450
u128,zmij_x64_v4,bylength,,37,5.844681
u128,zmij_scalar,bylength,,38,10.412901
u128,zmij_x64_native,bylength,,38,5.822207
u128,zmij_x64_v1,bylength,,38,6.153194
u128,zmij_x64_v2,bylength,,38,5.280261
u128,zmij_x64_v3,bylength,,38,5.180127
u128,zmij_x64_v3_nokernel,bylength,,38,5.398013
u128,zmij_x64_v4,bylength,,38,5.899496
u128,zmij_scalar,bylength,,39,10.466015
u128,zmij_x64_native,bylength,,39,5.851970
u128,zmij_x64_v1,bylength,,39,6.204265
u128,zmij_x64_v2,bylength,,39,5.299609
u128,zmij_x64_v3,bylength,,39,5.237827
u128,zmij_x64_v3_nokernel,bylength,,39,5.459671
u128,zmij_x64_v4,bylength,,39,5.888240
u128,zmij_scalar,loguniform,1-39,39,9.388600
u128,zmij_x64_native,loguniform,1-39,39,7.113445
u128,zmij_x64_v1,loguniform,1-39,39,7.651740
u128,zmij_x64_v2,loguniform,1-39,39,6.822891
u128,zmij_x64_v3,loguniform,1-39,39,6.752465
u128,zmij_x64_v3_nokernel,loguniform,1-39,39,7.027269
u128,zmij_x64_v4,loguniform,1-39,39,7.091828
u128,zmij_scalar,loguniform,1-4,4,4.685351
u128,zmij_x64_native,loguniform,1-4,4,2.300282
u128,zmij_x64_v1,loguniform,1-4,4,3.702090
u128,zmij_x64_v2,loguniform,1-4,4,2.586448
u128,zmij_x64_v3,loguniform,1-4,4,2.304811
u128,zmij_x64_v3_nokernel,loguniform,1-4,4,2.510964
u128,zmij_x64_v4,loguniform,1-4,4,2.022620
u128,zmij_scalar,uniform,0-255,0,4.663950
u128,zmij_x64_native,uniform,0-255,0,2.302899
u128,zmij_x64_v1,uniform,0-255,0,3.704746
u128,zmij_x64_v2,uniform,0-255,0,2.592390
u128,zmij_x64_v3,uniform,0-255,0,2.323137
u128,zmij_x64_v3_nokernel,uniform,0-255,0,2.546746
u128,zmij_x64_v4,uniform,0-255,0,2.020231
u128,zmij_scalar,unpredictable,,1,4.858263
u128,zmij_x64_native,unpredictable,,1,2.168847
u128,zmij_x64_v1,unpredictable,,1,3.776981
u128,zmij_x64_v2,unpredictable,,1,2.562590
u128,zmij_x64_v3,unpredictable,,1,2.156014
u128,zmij_x64_v3_nokernel,unpredictable,,1,2.486037
u128,zmij_x64_v4,unpredictable,,1,1.910695
u128,zmij_scalar,unpredictable,,2,4.927383
u128,zmij_x64_native,unpredictable,,2,2.203206
u128,zmij_x64_v1,unpredictable,,2,3.816441
u128,zmij_x64_v2,unpredictable,,2,2.553951
u128,zmij_x64_v3,unpredictable,,2,2.235606
u128,zmij_x64_v3_nokernel,unpredictable,,2,2.421157
u128,zmij_x64_v4,unpredictable,,2,2.108623
u128,zmij_scalar,unpredictable,,3,4.925053
u128,zmij_x64_native,unpredictable,,3,2.162217
u128,zmij_x64_v1,unpredictable,,3,3.800827
u128,zmij_x64_v2,unpredictable,,3,2.550110
u128,zmij_x64_v3,unpredictable,,3,2.160867
u128,zmij_x64_v3_nokernel,unpredictable,,3,2.418485
u128,zmij_x64_v4,unpredictable,,3,1.926499
u128,zmij_scalar,unpredictable,,4,4.807261
u128,zmij_x64_native,unpredictable,,4,2.174350
u128,zmij_x64_v1,unpredictable,,4,3.736620
u128,zmij_x64_v2,unpredictable,,4,2.556036
u128,zmij_x64_v3,unpredictable,,4,2.174418
u128,zmij_x64_v3_nokernel,unpredictable,,4,2.411910
u128,zmij_x64_v4,unpredictable,,4,1.961946
u128,zmij_scalar,unpredictable,,5,4.902752
u128,zmij_x64_native,unpredictable,,5,2.174848
u128,zmij_x64_v1,unpredictable,,5,3.740730
u128,zmij_x64_v2,unpredictable,,5,2.604727
u128,zmij_x64_v3,unpredictable,,5,2.200654
u128,zmij_x64_v3_nokernel,unpredictable,,5,2.394692
u128,zmij_x64_v4,unpredictable,,5,1.966935
u128,zmij_scalar,unpredictable,,6,4.833881
u128,zmij_x64_native,unpredictable,,6,2.171407
u128,zmij_x64_v1,unpredictable,,6,3.826359
u128,zmij_x64_v2,unpredictable,,6,2.596622
u128,zmij_x64_v3,unpredictable,,6,2.225209
u128,zmij_x64_v3_nokernel,unpredictable,,6,2.464767
u128,zmij_x64_v4,unpredictable,,6,1.936797
u128,zmij_scalar,unpredictable,,7,4.924421
u128,zmij_x64_native,unpredictable,,7,2.152928
u128,zmij_x64_v1,unpredictable,,7,3.762648
u128,zmij_x64_v2,unpredictable,,7,2.594654
u128,zmij_x64_v3,unpredictable,,7,2.166831
u128,zmij_x64_v3_nokernel,unpredictable,,7,2.436465
u128,zmij_x64_v4,unpredictable,,7,1.948073
u128,zmij_scalar,unpredictable,,8,4.884748
u128,zmij_x64_native,unpredictable,,8,2.175496
u128,zmij_x64_v1,unpredictable,,8,3.811169
u128,zmij_x64_v2,unpredictable,,8,2.556570
u128,zmij_x64_v3,unpredictable,,8,2.179978
u128,zmij_x64_v3_nokernel,unpredictable,,8,2.454236
u128,zmij_x64_v4,unpredictable,,8,1.959138
u128,zmij_scalar,unpredictable,,9,4.906172
u128,zmij_x64_native,unpredictable,,9,2.179872
u128,zmij_x64_v1,unpredictable,,9,3.744932
u128,zmij_x64_v2,unpredictable,,9,2.532299
u128,zmij_x64_v3,unpredictable,,9,2.136827
u128,zmij_x64_v3_nokernel,unpredictable,,9,2.395917
u128,zmij_x64_v4,unpredictable,,9,1.973834
u128,zmij_scalar,unpredictable,,10,4.973495
u128,zmij_x64_native,unpredictable,,10,2.166324
u128,zmij_x64_v1,unpredictable,,10,3.741743
u128,zmij_x64_v2,unpredictable,,10,2.547913
u128,zmij_x64_v3,unpredictable,,10,2.179921
u128,zmij_x64_v3_nokernel,unpredictable,,10,2.422420
u128,zmij_x64_v4,unpredictable,,10,1.975188
u128,zmij_scalar,unpredictable,,11,4.979113
u128,zmij_x64_native,unpredictable,,11,2.196324
u128,zmij_x64_v1,unpredictable,,11,3.777685
u128,zmij_x64_v2,unpredictable,,11,2.611738
u128,zmij_x64_v3,unpredictable,,11,2.226834
u128,zmij_x64_v3_nokernel,unpredictable,,11,2.428172
u128,zmij_x64_v4,unpredictable,,11,1.992751
u128,zmij_scalar,unpredictable,,12,4.993025
u128,zmij_x64_native,unpredictable,,12,2.193805
u128,zmij_x64_v1,unpredictable,,12,3.764597
u128,zmij_x64_v2,unpredictable,,12,2.600636
u128,zmij_x64_v3,unpredictable,,12,2.168092
u128,zmij_x64_v3_nokernel,unpredictable,,12,2.438550
u128,zmij_x64_v4,unpredictable,,12,1.957570
u128,zmij_scalar,unpredictable,,13,5.041840
u128,zmij_x64_native,unpredictable,,13,2.241769
u128,zmij_x64_v1,unpredictable,,13,3.803045
u128,zmij_x64_v2,unpredictable,,13,2.563259
u128,zmij_x64_v3,unpredictable,,13,2.287738
u128,zmij_x64_v3_nokernel,unpredictable,,13,2.436160
u128,zmij_x64_v4,unpredictable,,13,2.076699
u128,zmij_scalar,unpredictable,,14,5.099810
u128,zmij_x64_native,unpredictable,,14,2.303073
u128,zmij_x64_v1,unpredictable,,14,4.012197
u128,zmij_x64_v2,unpredictable,,14,2.676750
u128,zmij_x64_v3,unpredictable,,14,2.245351
u128,zmij_x64_v3_nokernel,unpredictable,,14,2.575334
u128,zmij_x64_v4,unpredictable,,14,2.036645
u128,zmij_scalar,unpredictable,,15,4.934340
u128,zmij_x64_native,unpredictable,,15,2.081439
u128,zmij_x64_v1,unpredictable,,15,3.817434
u128,zmij_x64_v2,unpredictable,,15,2.552784
u128,zmij_x64_v3,unpredictable,,15,2.172410
u128,zmij_x64_v3_nokernel,unpredictable,,15,2.440021
u128,zmij_x64_v4,unpredictable,,15,1.918548
u128,zmij_scalar,unpredictable,,16,4.955761
u128,zmij_x64_native,unpredictable,,16,2.120538
u128,zmij_x64_v1,unpredictable,,16,3.725174
u128,zmij_x64_v2,unpredictable,,16,2.585804
u128,zmij_x64_v3,unpredictable,,16,2.180758
u128,zmij_x64_v3_nokernel,unpredictable,,16,2.402471
u128,zmij_x64_v4,unpredictable,,16,1.909909
u128,zmij_scalar,unpredictable,,17,4.904333
u128,zmij_x64_native,unpredictable,,17,2.165557
u128,zmij_x64_v1,unpredictable,,17,3.725380
u128,zmij_x64_v2,unpredictable,,17,2.589205
u128,zmij_x64_v3,unpredictable,,17,2.183644
u128,zmij_x64_v3_nokernel,unpredictable,,17,2.410819
u128,zmij_x64_v4,unpredictable,,17,1.975682
u128,zmij_scalar,unpredictable,,18,4.894110
u128,zmij_x64_native,unpredictable,,18,2.167659
u128,zmij_x64_v1,unpredictable,,18,3.755537
u128,zmij_x64_v2,unpredictable,,18,2.539253
u128,zmij_x64_v3,unpredictable,,18,2.206061
u128,zmij_x64_v3_nokernel,unpredictable,,18,2.395415
u128,zmij_x64_v4,unpredictable,,18,2.053403
u128,zmij_scalar,unpredictable,,19,4.951189
u128,zmij_x64_native,unpredictable,,19,2.180272
u128,zmij_x64_v1,unpredictable,,19,3.761726
u128,zmij_x64_v2,unpredictable,,19,2.583302
u128,zmij_x64_v3,unpredictable,,19,2.160274
u128,zmij_x64_v3_nokernel,unpredictable,,19,2.400844
u128,zmij_x64_v4,unpredictable,,19,1.995061
u128,zmij_scalar,unpredictable,,20,8.764706
u128,zmij_x64_native,unpredictable,,20,4.961661
u128,zmij_x64_v1,unpredictable,,20,5.522573
u128,zmij_x64_v2,unpredictable,,20,4.914873
u128,zmij_x64_v3,unpredictable,,20,4.909196
u128,zmij_x64_v3_nokernel,unpredictable,,20,4.965362
u128,zmij_x64_v4,unpredictable,,20,5.381022
u128,zmij_scalar,unpredictable,,21,8.557405
u128,zmij_x64_native,unpredictable,,21,4.796365
u128,zmij_x64_v1,unpredictable,,21,5.230848
u128,zmij_x64_v2,unpredictable,,21,4.587872
u128,zmij_x64_v3,unpredictable,,21,4.576846
u128,zmij_x64_v3_nokernel,unpredictable,,21,4.597539
u128,zmij_x64_v4,unpredictable,,21,5.162751
u128,zmij_scalar,unpredictable,,22,8.743685
u128,zmij_x64_native,unpredictable,,22,4.778344
u128,zmij_x64_v1,unpredictable,,22,5.204666
u128,zmij_x64_v2,unpredictable,,22,4.535072
u128,zmij_x64_v3,unpredictable,,22,4.581048
u128,zmij_x64_v3_nokernel,unpredictable,,22,4.592896
u128,zmij_x64_v4,unpredictable,,22,5.182548
u128,zmij_scalar,unpredictable,,23,8.696428
u128,zmij_x64_native,unpredictable,,23,4.674218
u128,zmij_x64_v1,unpredictable,,23,5.199337
u128,zmij_x64_v2,unpredictable,,23,4.546175
u128,zmij_x64_v3,unpredictable,,23,4.541320
u128,zmij_x64_v3_nokernel,unpredictable,,23,4.604802
u128,zmij_x64_v4,unpredictable,,23,5.152835
u128,zmij_scalar,unpredictable,,24,8.607685
u128,zmij_x64_native,unpredictable,,24,4.753062
u128,zmij_x64_v1,unpredictable,,24,5.221790
u128,zmij_x64_v2,unpredictable,,24,4.590931
u128,zmij_x64_v3,unpredictable,,24,4.608567
u128,zmij_x64_v3_nokernel,unpredictable,,24,4.641454
u128,zmij_x64_v4,unpredictable,,24,5.160365
u128,zmij_scalar,unpredictable,,25,8.628094
u128,zmij_x64_native,unpredictable,,25,4.791093
u128,zmij_x64_v1,unpredictable,,25,5.208279
u128,zmij_x64_v2,unpredictable,,25,4.550243
u128,zmij_x64_v3,unpredictable,,25,4.619306
u128,zmij_x64_v3_nokernel,unpredictable,,25,4.562112
u128,zmij_x64_v4,unpredictable,,25,5.164796
u128,zmij_scalar,unpredictable,,26,8.675713
u128,zmij_x64_native,unpredictable,,26,4.708558
u128,zmij_x64_v1,unpredictable,,26,5.313038
u128,zmij_x64_v2,unpredictable,,26,4.574934
u128,zmij_x64_v3,unpredictable,,26,4.591462
u128,zmij_x64_v3_nokernel,unpredictable,,26,4.710935
u128,zmij_x64_v4,unpredictable,,26,5.240682
u128,zmij_scalar,unpredictable,,27,8.709826
u128,zmij_x64_native,unpredictable,,27,4.800588
u128,zmij_x64_v1,unpredictable,,27,5.258919
u128,zmij_x64_v2,unpredictable,,27,4.612408
u128,zmij_x64_v3,unpredictable,,27,4.641568
u128,zmij_x64_v3_nokernel,unpredictable,,27,4.655421
u128,zmij_x64_v4,unpredictable,,27,5.216659
u128,zmij_scalar,unpredictable,,28,8.674377
u128,zmij_x64_native,unpredictable,,28,4.788970
u128,zmij_x64_v1,unpredictable,,28,5.292534
u128,zmij_x64_v2,unpredictable,,28,4.603409
u128,zmij_x64_v3,unpredictable,,28,4.671742
u128,zmij_x64_v3_nokernel,unpredictable,,28,4.646512
u128,zmij_x64_v4,unpredictable,,28,5.144292
u128,zmij_scalar,unpredictable,,29,8.621288
u128,zmij_x64_native,unpredictable,,29,4.937337
u128,zmij_x64_v1,unpredictable,,29,5.398880
u128,zmij_x64_v2,unpredictable,,29,4.554104
u128,zmij_x64_v3,unpredictable,,29,4.622479
u128,zmij_x64_v3_nokernel,unpredictable,,29,4.624694
u128,zmij_x64_v4,unpredictable,,29,5.171218
u128,zmij_scalar,unpredictable,,30,9.006250
u128,zmij_x64_native,unpredictable,,30,5.059733
u128,zmij_x64_v1,unpredictable,,30,5.455385
u128,zmij_x64_v2,unpredictable,,30,4.744417
u128,zmij_x64_v3,unpredictable,,30,4.744874
u128,zmij_x64_v3_nokernel,unpredictable,,30,4.788617
u128,zmij_x64_v4,unpredictable,,30,5.376033
u128,zmij_scalar,unpredictable,,31,8.957750
u128,zmij_x64_native,unpredictable,,31,4.951400
u128,zmij_x64_v1,unpredictable,,31,5.476120
u128,zmij_x64_v2,unpredictable,,31,4.770884
u128,zmij_x64_v3,unpredictable,,31,4.729760
u128,zmij_x64_v3_nokernel,unpredictable,,31,4.825440
u128,zmij_x64_v4,unpredictable,,31,5.516009
u128,zmij_scalar,unpredictable,,32,8.678484
u128,zmij_x64_native,unpredictable,,32,4.952949
u128,zmij_x64_v1,unpredictable,,32,5.314796
u128,zmij_x64_v2,unpredictable,,32,4.544779
u128,zmij_x64_v3,unpredictable,,32,4.693622
u128,zmij_x64_v3_nokernel,unpredictable,,32,4.645869
u128,zmij_x64_v4,unpredictable,,32,5.303742
u128,zmij_scalar,unpredictable,,33,11.391867
u128,zmij_x64_native,unpredictable,,33,6.979438
u128,zmij_x64_v1,unpredictable,,33,7.040215
u128,zmij_x64_v2,unpredictable,,33,6.311438
u128,zmij_x64_v3,unpredictable,,33,6.265687
u128,zmij_x64_v3_nokernel,unpredictable,,33,6.589383
u128,zmij_x64_v4,unpredictable,,33,7.186376
u128,zmij_scalar,unpredictable,,34,11.360983
u128,zmij_x64_native,unpredictable,,34,7.063424
u128,zmij_x64_v1,unpredictable,,34,7.055676
u128,zmij_x64_v2,unpredictable,,34,6.368212
u128,zmij_x64_v3,unpredictable,,34,6.312085
u128,zmij_x64_v3_nokernel,unpredictable,,34,6.909181
u128,zmij_x64_v4,unpredictable,,34,7.124421
u128,zmij_scalar,unpredictable,,35,11.365225
u128,zmij_x64_native,unpredictable,,35,7.195298
u128,zmij_x64_v1,unpredictable,,35,6.913422
u128,zmij_x64_v2,unpredictable,,35,6.427662
u128,zmij_x64_v3,unpredictable,,35,6.241704
u128,zmij_x64_v3_nokernel,unpredictable,,35,6.724050
u128,zmij_x64_v4,unpredictable,,35,7.253278
u128,zmij_scalar,unpredictable,,36,11.287603
u128,zmij_x64_native,unpredictable,,36,6.981084
u128,zmij_x64_v1,unpredictable,,36,6.904728
u128,zmij_x64_v2,unpredictable,,36,6.297123
u128,zmij_x64_v3,unpredictable,,36,6.281894
u128,zmij_x64_v3_nokernel,unpredictable,,36,6.648910
u128,zmij_x64_v4,unpredictable,,36,7.201106
u128,zmij_scalar,unpredictable,,37,11.325325
u128,zmij_x64_native,unpredictable,,37,6.954232
u128,zmij_x64_v1,unpredictable,,37,7.035723
u128,zmij_x64_v2,unpredictable,,37,6.300028
u128,zmij_x64_v3,unpredictable,,37,6.269183
u128,zmij_x64_v3_nokernel,unpredictable,,37,6.631291
u128,zmij_x64_v4,unpredictable,,37,7.202731
u128,zmij_scalar,unpredictable,,38,11.068035
u128,zmij_x64_native,unpredictable,,38,6.933881
u128,zmij_x64_v1,unpredictable,,38,6.835722
u128,zmij_x64_v2,unpredictable,,38,6.310099
u128,zmij_x64_v3,unpredictable,,38,6.163777
u128,zmij_x64_v3_nokernel,unpredictable,,38,6.517856
u128,zmij_x64_v4,unpredictable,,38,7.022128
u128,zmij_scalar,unpredictable,,39,11.103539
u128,zmij_x64_native,unpredictable,,39,6.918708
u128,zmij_x64_v1,unpredictable,,39,6.922043
u128,zmij_x64_v2,unpredictable,,39,6.332552
u128,zmij_x64_v3,unpredictable,,39,6.250285
u128,zmij_x64_v3_nokernel,unpredictable,,39,6.563127
u128,zmij_x64_v4,unpredictable,,39,7.155990
u128,zmij_scalar,admixture,5x6,0,4.682426
u128,zmij_x64_native,admixture,5x6,0,2.328277
u128,zmij_x64_v1,admixture,5x6,0,3.726129
u128,zmij_x64_v2,admixture,5x6,0,2.612683
u128,zmij_x64_v3,admixture,5x6,0,2.337478
u128,zmij_x64_v3_nokernel,admixture,5x6,0,2.535367
u128,zmij_x64_v4,admixture,5x6,0,2.072486
u128,zmij_scalar,admixture,5x6,10,4.663451
u128,zmij_x64_native,admixture,5x6,10,2.306597
u128,zmij_x64_v1,admixture,5x6,10,3.695133
u128,zmij_x64_v2,admixture,5x6,10,2.598457
u128,zmij_x64_v3,admixture,5x6,10,2.330513
u128,zmij_x64_v3_nokernel,admixture,5x6,10,2.548370
u128,zmij_x64_v4,admixture,5x6,10,2.065855
u128,zmij_scalar,admixture,5x6,20,4.667761
u128,zmij_x64_native,admixture,5x6,20,2.320279
u128,zmij_x64_v1,admixture,5x6,20,3.718934
u128,zmij_x64_v2,admixture,5x6,20,2.588386
u128,zmij_x64_v3,admixture,5x6,20,2.334134
u128,zmij_x64_v3_nokernel,admixture,5x6,20,2.533943
u128,zmij_x64_v4,admixture,5x6,20,2.024540
u128,zmij_scalar,admixture,5x6,30,4.687844
u128,zmij_x64_native,admixture,5x6,30,2.318598
u128,zmij_x64_v1,admixture,5x6,30,3.713029
u128,zmij_x64_v2,admixture,5x6,30,2.617557
u128,zmij_x64_v3,admixture,5x6,30,2.331506
u128,zmij_x64_v3_nokernel,admixture,5x6,30,2.539513
u128,zmij_x64_v4,admixture,5x6,30,2.040229
u128,zmij_scalar,admixture,5x6,40,4.696492
u128,zmij_x64_native,admixture,5x6,40,2.326174
u128,zmij_x64_v1,admixture,5x6,40,3.705108
u128,zmij_x64_v2,admixture,5x6,40,2.606540
u128,zmij_x64_v3,admixture,5x6,40,2.328474
u128,zmij_x64_v3_nokernel,admixture,5x6,40,2.550205
u128,zmij_x64_v4,admixture,5x6,40,2.027912
u128,zmij_scalar,admixture,5x6,50,4.716328
u128,zmij_x64_native,admixture,5x6,50,2.332509
u128,zmij_x64_v1,admixture,5x6,50,3.716745
u128,zmij_x64_v2,admixture,5x6,50,2.620872
u128,zmij_x64_v3,admixture,5x6,50,2.318731
u128,zmij_x64_v3_nokernel,admixture,5x6,50,2.581477
u128,zmij_x64_v4,admixture,5x6,50,2.204818
u128,zmij_scalar,admixture,5x6,60,4.677048
u128,zmij_x64_native,admixture,5x6,60,2.318282
u128,zmij_x64_v1,admixture,5x6,60,3.718513
u128,zmij_x64_v2,admixture,5x6,60,2.623537
u128,zmij_x64_v3,admixture,5x6,60,2.316792
u128,zmij_x64_v3_nokernel,admixture,5x6,60,2.558241
u128,zmij_x64_v4,admixture,5x6,60,2.028831
u128,zmij_scalar,admixture,5x6,70,4.686384
u128,zmij_x64_native,admixture,5x6,70,2.316468
u128,zmij_x64_v1,admixture,5x6,70,3.723092
u128,zmij_x64_v2,admixture,5x6,70,2.594913
u128,zmij_x64_v3,admixture,5x6,70,2.330973
u128,zmij_x64_v3_nokernel,admixture,5x6,70,2.543843
u128,zmij_x64_v4,admixture,5x6,70,2.022764
u128,zmij_scalar,admixture,5x6,80,4.705809
u128,zmij_x64_native,admixture,5x6,80,2.324017
u128,zmij_x64_v1,admixture,5x6,80,3.713423
u128,zmij_x64_v2,admixture,5x6,80,2.593299
u128,zmij_x64_v3,admixture,5x6,80,2.344349
u128,zmij_x64_v3_nokernel,admixture,5x6,80,2.538970
u128,zmij_x64_v4,admixture,5x6,80,2.040382
u128,zmij_scalar,admixture,5x6,90,4.716502
u128,zmij_x64_native,admixture,5x6,90,2.315283
u128,zmij_x64_v1,admixture,5x6,90,3.715936
u128,zmij_x64_v2,admixture,5x6,90,2.596423
u128,zmij_x64_v3,admixture,5x6,90,2.336227
u128,zmij_x64_v3_nokernel,admixture,5x6,90,2.546078
u128,zmij_x64_v4,admixture,5x6,90,2.035490
u128,zmij_scalar,admixture,5x6,100,4.684336
u128,zmij_x64_native,admixture,5x6,100,2.310697
u128,zmij_x64_v1,admixture,5x6,100,3.690988
u128,zmij_x64_v2,admixture,5x6,100,2.583868
u128,zmij_x64_v3,admixture,5x6,100,2.327130
u128,zmij_x64_v3_nokernel,admixture,5x6,100,2.528258
u128,zmij_x64_v4,admixture,5x6,100,2.052814
u128,zmij_scalar,admixture,straddle64,0,8.524832
u128,zmij_x64_native,admixture,straddle64,0,4.868134
u128,zmij_x64_v1,admixture,straddle64,0,5.396896
u128,zmij_x64_v2,admixture,straddle64,0,4.292576
u128,zmij_x64_v3,admixture,straddle64,0,4.329954
u128,zmij_x64_v3_nokernel,admixture,straddle64,0,4.348242
u128,zmij_x64_v4,admixture,straddle64,0,4.956603
u128,zmij_scalar,admixture,straddle64,10,8.604088
u128,zmij_x64_native,admixture,straddle64,10,4.950880
u128,zmij_x64_v1,admixture,straddle64,10,5.595818
u128,zmij_x64_v2,admixture,straddle64,10,4.626610
u128,zmij_x64_v3,admixture,straddle64,10,4.568421
u128,zmij_x64_v3_nokernel,admixture,straddle64,10,4.682591
u128,zmij_x64_v4,admixture,straddle64,10,5.144985
u128,zmij_scalar,admixture,straddle64,20,8.558168
u128,zmij_x64_native,admixture,straddle64,20,4.983356
u128,zmij_x64_v1,admixture,straddle64,20,5.783942
u128,zmij_x64_v2,admixture,straddle64,20,4.866292
u128,zmij_x64_v3,admixture,straddle64,20,4.720150
u128,zmij_x64_v3_nokernel,admixture,straddle64,20,4.973629
u128,zmij_x64_v4,admixture,straddle64,20,5.265843
u128,zmij_scalar,admixture,straddle64,30,8.574087
u128,zmij_x64_native,admixture,straddle64,30,5.144898
u128,zmij_x64_v1,admixture,straddle64,30,5.956041
u128,zmij_x64_v2,admixture,straddle64,30,5.160598
u128,zmij_x64_v3,admixture,straddle64,30,5.082612
u128,zmij_x64_v3_nokernel,admixture,straddle64,30,5.256651
u128,zmij_x64_v4,admixture,straddle64,30,5.317201
u128,zmij_scalar,admixture,straddle64,40,8.427574
u128,zmij_x64_native,admixture,straddle64,40,5.523306
u128,zmij_x64_v1,admixture,straddle64,40,6.211308
u128,zmij_x64_v2,admixture,straddle64,40,5.454025
u128,zmij_x64_v3,admixture,straddle64,40,5.429927
u128,zmij_x64_v3_nokernel,admixture,straddle64,40,5.569790
u128,zmij_x64_v4,admixture,straddle64,40,5.426393
u128,zmij_scalar,admixture,straddle64,50,8.427440
u128,zmij_x64_native,admixture,straddle64,50,5.438201
u128,zmij_x64_v1,admixture,straddle64,50,6.383761
u128,zmij_x64_v2,admixture,straddle64,50,5.550126
u128,zmij_x64_v3,admixture,straddle64,50,5.442454
u128,zmij_x64_v3_nokernel,admixture,straddle64,50,5.626211
u128,zmij_x64_v4,admixture,straddle64,50,5.408850
u128,zmij_scalar,admixture,straddle64,60,7.758338
u128,zmij_x64_native,admixture,straddle64,60,4.838458
u128,zmij_x64_v1,admixture,straddle64,60,5.936292
u128,zmij_x64_v2,admixture,straddle64,60,5.000976
u128,zmij_x64_v3,admixture,straddle64,60,4.787732
u128,zmij_x64_v3_nokernel,admixture,straddle64,60,5.017611
u128,zmij_x64_v4,admixture,straddle64,60,4.734779
u128,zmij_scalar,admixture,straddle64,70,6.950652
u128,zmij_x64_native,admixture,straddle64,70,4.084520
u128,zmij_x64_v1,admixture,straddle64,70,5.281599
u128,zmij_x64_v2,admixture,straddle64,70,4.300239
u128,zmij_x64_v3,admixture,straddle64,70,4.025606
u128,zmij_x64_v3_nokernel,admixture,straddle64,70,4.302245
u128,zmij_x64_v4,admixture,straddle64,70,4.007748
u128,zmij_scalar,admixture,straddle64,80,6.114584
u128,zmij_x64_native,admixture,straddle64,80,3.454344
u128,zmij_x64_v1,admixture,straddle64,80,4.719865
u128,zmij_x64_v2,admixture,straddle64,80,3.675098
u128,zmij_x64_v3,admixture,straddle64,80,3.350198
u128,zmij_x64_v3_nokernel,admixture,straddle64,80,3.672843
u128,zmij_x64_v4,admixture,straddle64,80,3.324812
u128,zmij_scalar,admixture,straddle64,90,5.492693
u128,zmij_x64_native,admixture,straddle64,90,2.917597
u128,zmij_x64_v1,admixture,straddle64,90,4.196579
u128,zmij_x64_v2,admixture,straddle64,90,3.172164
u128,zmij_x64_v3,admixture,straddle64,90,2.841578
u128,zmij_x64_v3_nokernel,admixture,straddle64,90,3.128901
u128,zmij_x64_v4,admixture,straddle64,90,2.779569
u128,zmij_scalar,admixture,straddle64,100,4.863463
u128,zmij_x64_native,admixture,straddle64,100,2.325143
u128,zmij_x64_v1,admixture,straddle64,100,3.717932
u128,zmij_x64_v2,admixture,straddle64,100,2.619210
u128,zmij_x64_v3,admixture,straddle64,100,2.327714
u128,zmij_x64_v3_nokernel,admixture,straddle64,100,2.555680
u128,zmij_x64_v4,admixture,straddle64,100,2.144224
u128,zmij_scalar,admixture,straddle1e32,0,10.362643
u128,zmij_x64_native,admixture,straddle1e32,0,5.815682
u128,zmij_x64_v1,admixture,straddle1e32,0,6.069169
u128,zmij_x64_v2,admixture,straddle1e32,0,5.214085
u128,zmij_x64_v3,admixture,straddle1e32,0,5.125112
u128,zmij_x64_v3_nokernel,admixture,straddle1e32,0,5.278790
u128,zmij_x64_v4,admixture,straddle1e32,0,5.818577
u128,zmij_scalar,admixture,straddle1e32,10,10.326385
u128,zmij_x64_native,admixture,straddle1e32,10,6.257972
u128,zmij_x64_v1,admixture,straddle1e32,10,6.420126
u128,zmij_x64_v2,admixture,straddle1e32,10,5.619113
u128,zmij_x64_v3,admixture,straddle1e32,10,5.552439
u128,zmij_x64_v3_nokernel,admixture,straddle1e32,10,5.730549
u128,zmij_x64_v4,admixture,straddle1e32,10,6.316944
u128,zmij_scalar,admixture,straddle1e32,20,10.328849
u128,zmij_x64_native,admixture,straddle1e32,20,6.742132
u128,zmij_x64_v1,admixture,straddle1e32,20,6.841156
u128,zmij_x64_v2,admixture,straddle1e32,20,5.978954
u128,zmij_x64_v3,admixture,straddle1e32,20,5.963829
u128,zmij_x64_v3_nokernel,admixture,straddle1e32,20,6.185050
u128,zmij_x64_v4,admixture,straddle1e32,20,6.797071
u128,zmij_scalar,admixture,straddle1e32,30,10.373927
u128,zmij_x64_native,admixture,straddle1e32,30,7.172612
u128,zmij_x64_v1,admixture,straddle1e32,30,7.281566
u128,zmij_x64_v2,admixture,straddle1e32,30,6.365969
u128,zmij_x64_v3,admixture,straddle1e32,30,6.375019
u128,zmij_x64_v3_nokernel,admixture,straddle1e32,30,6.570539
u128,zmij_x64_v4,admixture,straddle1e32,30,7.301392
u128,zmij_scalar,admixture,straddle1e32,40,10.333740
u128,zmij_x64_native,admixture,straddle1e32,40,7.700561
u128,zmij_x64_v1,admixture,straddle1e32,40,7.822880
u128,zmij_x64_v2,admixture,straddle1e32,40,6.782032
u128,zmij_x64_v3,admixture,straddle1e32,40,6.791759
u128,zmij_x64_v3_nokernel,admixture,straddle1e32,40,7.051075
u128,zmij_x64_v4,admixture,straddle1e32,40,7.802242
u128,zmij_scalar,admixture,straddle1e32,50,10.331200
u128,zmij_x64_native,admixture,straddle1e32,50,8.074783
u128,zmij_x64_v1,admixture,straddle1e32,50,8.115954
u128,zmij_x64_v2,admixture,straddle1e32,50,7.070309
u128,zmij_x64_v3,admixture,straddle1e32,50,7.134336
u128,zmij_x64_v3_nokernel,admixture,straddle1e32,50,7.452997
u128,zmij_x64_v4,admixture,straddle1e32,50,8.195183
u128,zmij_scalar,admixture,straddle1e32,60,10.075198
u128,zmij_x64_native,admixture,straddle1e32,60,7.549767
u128,zmij_x64_v1,admixture,straddle1e32,60,7.769719
u128,zmij_x64_v2,admixture,straddle1e32,60,6.704648
u128,zmij_x64_v3,admixture,straddle1e32,60,6.653024
u128,zmij_x64_v3_nokernel,admixture,straddle1e32,60,6.951897
u128,zmij_x64_v4,admixture,straddle1e32,60,7.762428
u128,zmij_scalar,admixture,straddle1e32,70,9.683338
u128,zmij_x64_native,admixture,straddle1e32,70,6.768932
u128,zmij_x64_v1,admixture,straddle1e32,70,7.100950
u128,zmij_x64_v2,admixture,straddle1e32,70,6.162778
u128,zmij_x64_v3,admixture,straddle1e32,70,5.976919
u128,zmij_x64_v3_nokernel,admixture,straddle1e32,70,6.296039
u128,zmij_x64_v4,admixture,straddle1e32,70,7.155404
u128,zmij_scalar,admixture,straddle1e32,80,9.293580
u128,zmij_x64_native,admixture,straddle1e32,80,6.131057
u128,zmij_x64_v1,admixture,straddle1e32,80,6.499936
u128,zmij_x64_v2,admixture,straddle1e32,80,5.538049
u128,zmij_x64_v3,admixture,straddle1e32,80,5.410483
u128,zmij_x64_v3_nokernel,admixture,straddle1e32,80,5.652371
u128,zmij_x64_v4,admixture,straddle1e32,80,6.422563
u128,zmij_scalar,admixture,straddle1e32,90,8.930518
u128,zmij_x64_native,admixture,straddle1e32,90,5.514095
u128,zmij_x64_v1,admixture,straddle1e32,90,5.930597
u128,zmij_x64_v2,admixture,straddle1e32,90,4.941296
u128,zmij_x64_v3,admixture,straddle1e32,90,4.893896
u128,zmij_x64_v3_nokernel,admixture,straddle1e32,90,5.018059
u128,zmij_x64_v4,admixture,straddle1e32,90,5.713943
u128,zmij_scalar,admixture,straddle1e32,100,8.505922
u128,zmij_x64_native,admixture,straddle1e32,100,4.857252
u128,zmij_x64_v1,admixture,straddle1e32,100,5.400270
u128,zmij_x64_v2,admixture,straddle1e32,100,4.276906
u128,zmij_x64_v3,admixture,straddle1e32,100,4.319491
u128,zmij_x64_v3_nokernel,admixture,straddle1e32,100,4.332180
u128,zmij_x64_v4,admixture,straddle1e32,100,4.937551
i128,zmij_scalar,bylength,,1,5.067686
i128,zmij_x64_native,bylength,,1,2.769106
i128,zmij_x64_v1,bylength,,1,4.205828
i128,zmij_x64_v2,bylength,,1,3.127983
i128,zmij_x64_v3,bylength,,1,2.798984
i128,zmij_x64_v3_nokernel,bylength,,1,3.007650
i128,zmij_x64_v4,bylength,,1,2.312091
i128,zmij_scalar,bylength,,2,5.027099
i128,zmij_x64_native,bylength,,2,2.766096
i128,zmij_x64_v1,bylength,,2,4.195404
i128,zmij_x64_v2,bylength,,2,3.097226
i128,zmij_x64_v3,bylength,,2,2.769890
i128,zmij_x64_v3_nokernel,bylength,,2,3.003466
i128,zmij_x64_v4,bylength,,2,2.305298
i128,zmij_scalar,bylength,,3,5.044630
i128,zmij_x64_native,bylength,,3,2.759790
i128,zmij_x64_v1,bylength,,3,4.203754
i128,zmij_x64_v2,bylength,,3,3.093376
i128,zmij_x64_v3,bylength,,3,2.775947
i128,zmij_x64_v3_nokernel,bylength,,3,2.996634
i128,zmij_x64_v4,bylength,,3,2.311584
i128,zmij_scalar,bylength,,4,5.016798
i128,zmij_x64_native,bylength,,4,2.774151
i128,zmij_x64_v1,bylength,,4,4.213233
i128,zmij_x64_v2,bylength,,4,3.092554
i128,zmij_x64_v3,bylength,,4,2.760391
i128,zmij_x64_v3_nokernel,bylength,,4,3.026272
i128,zmij_x64_v4,bylength,,4,2.292085
i128,zmij_scalar,bylength,,5,5.049284
i128,zmij_x64_native,bylength,,5,2.783218
i128,zmij_x64_v1,bylength,,5,4.234559
i128,zmij_x64_v2,bylength,,5,3.112877
i128,zmij_x64_v3,bylength,,5,2.771676
i128,zmij_x64_v3_nokernel,bylength,,5,3.020358
i128,zmij_x64_v4,bylength,,5,2.329682
i128,zmij_scalar,bylength,,6,5.122417
i128,zmij_x64_native,bylength,,6,2.799385
i128,zmij_x64_v1,bylength,,6,4.274136
i128,zmij_x64_v2,bylength,,6,3.164798
i128,zmij_x64_v3,bylength,,6,2.804889
i128,zmij_x64_v3_nokernel,bylength,,6,3.050388
i128,zmij_x64_v4,bylength,,6,2.339075
i128,zmij_scalar,bylength,,7,5.004215
i128,zmij_x64_native,bylength,,7,2.771810
i128,zmij_x64_v1,bylength,,7,4.213425
i128,zmij_x64_v2,bylength,,7,3.089392
i128,zmij_x64_v3,bylength,,7,2.760592
i128,zmij_x64_v3_nokernel,bylength,,7,2.991387
i128,zmij_x64_v4,bylength,,7,2.306378
i128,zmij_scalar,bylength,,8,5.017993
i128,zmij_x64_native,bylength,,8,2.762675
i128,zmij_x64_v1,bylength,,8,4.204901
i128,zmij_x64_v2,bylength,,8,3.099041
i128,zmij_x64_v3,bylength,,8,2.763870
i128,zmij_x64_v3_nokernel,bylength,,8,3.009570
i128,zmij_x64_v4,bylength,,8,2.282806
i128,zmij_scalar,bylength,,9,5.032516
i128,zmij_x64_native,bylength,,9,2.783515
i128,zmij_x64_v1,bylength,,9,4.207271
i128,zmij_x64_v2,bylength,,9,3.105520
i128,zmij_x64_v3,bylength,,9,2.768064
i128,zmij_x64_v3_nokernel,bylength,,9,3.016526
i128,zmij_x64_v4,bylength,,9,2.316114
i128,zmij_scalar,bylength,,10,5.053345
i128,zmij_x64_native,bylength,,10,2.754000
i128,zmij_x64_v1,bylength,,10,4.203946
i128,zmij_x64_v2,bylength,,10,3.100991
i128,zmij_x64_v3,bylength,,10,2.759694
i128,zmij_x64_v3_nokernel,bylength,,10,3.034480
i128,zmij_x64_v4,bylength,,10,2.373595
i128,zmij_scalar,bylength,,11,5.040331
i128,zmij_x64_native,bylength,,11,2.767921
i128,zmij_x64_v1,bylength,,11,4.209334
i128,zmij_x64_v2,bylength,,11,3.103646
i128,zmij_x64_v3,bylength,,11,2.763421
i128,zmij_x64_v3_nokernel,bylength,,11,2.998200
i128,zmij_x64_v4,bylength,,11,2.364394
i128,zmij_scalar,bylength,,12,5.041887
i128,zmij_x64_native,bylength,,12,2.768713
i128,zmij_x64_v1,bylength,,12,4.214874
i128,zmij_x64_v2,bylength,,12,3.127782
i128,zmij_x64_v3,bylength,,12,2.772812
i128,zmij_x64_v3_nokernel,bylength,,12,3.013783
i128,zmij_x64_v4,bylength,,12,2.305402
i128,zmij_scalar,bylength,,13,5.047744
i128,zmij_x64_native,bylength,,13,2.811432
i128,zmij_x64_v1,bylength,,13,4.229542
i128,zmij_x64_v2,bylength,,13,3.105480
i128,zmij_x64_v3,bylength,,13,2.754954
i128,zmij_x64_v3_nokernel,bylength,,13,3.007505
i128,zmij_x64_v4,bylength,,13,2.298274
i128,zmij_scalar,bylength,,14,5.040807
i128,zmij_x64_native,bylength,,14,2.759043
i128,zmij_x64_v1,bylength,,14,4.234052
i128,zmij_x64_v2,bylength,,14,3.098945
i128,zmij_x64_v3,bylength,,14,2.787851
i128,zmij_x64_v3_nokernel,bylength,,14,3.001448
i128,zmij_x64_v4,bylength,,14,2.281401
i128,zmij_scalar,bylength,,15,5.103353
i128,zmij_x64_native,bylength,,15,2.804515
i128,zmij_x64_v1,bylength,,15,4.300762
i128,zmij_x64_v2,bylength,,15,3.143633
i128,zmij_x64_v3,bylength,,15,2.837603
i128,zmij_x64_v3_nokernel,bylength,,15,3.031230
i128,zmij_x64_v4,bylength,,15,2.346707
i128,zmij_scalar,bylength,,16,5.039583
i128,zmij_x64_native,bylength,,16,2.777055
i128,zmij_x64_v1,bylength,,16,4.229503
i128,zmij_x64_v2,bylength,,16,3.113478
i128,zmij_x64_v3,bylength,,16,2.763735
i128,zmij_x64_v3_nokernel,bylength,,16,3.011977
i128,zmij_x64_v4,bylength,,16,2.291987
i128,zmij_scalar,bylength,,17,5.053792
i128,zmij_x64_native,bylength,,17,2.774799
i128,zmij_x64_v1,bylength,,17,4.218812
i128,zmij_x64_v2,bylength,,17,3.123117
i128,zmij_x64_v3,bylength,,17,2.768932
i128,zmij_x64_v3_nokernel,bylength,,17,3.016171
i128,zmij_x64_v4,bylength,,17,2.300682
i128,zmij_scalar,bylength,,18,5.065956
i128,zmij_x64_native,bylength,,18,2.766678
i128,zmij_x64_v1,bylength,,18,4.241523
i128,zmij_x64_v2,bylength,,18,3.108491
i128,zmij_x64_v3,bylength,,18,2.783380
i128,zmij_x64_v3_nokernel,bylength,,18,2.993050
i128,zmij_x64_v4,bylength,,18,2.321244
i128,zmij_scalar,bylength,,19,5.651824
i128,zmij_x64_native,bylength,,19,3.402394
i128,zmij_x64_v1,bylength,,19,4.711215
i128,zmij_x64_v2,bylength,,19,3.650503
i128,zmij_x64_v3,bylength,,19,3.291779
i128,zmij_x64_v3_nokernel,bylength,,19,3.570529
i128,zmij_x64_v4,bylength,,19,3.058279
i128,zmij_scalar,bylength,,20,9.456275
i128,zmij_x64_native,bylength,,20,5.775826
i128,zmij_x64_v1,bylength,,20,5.992224
i128,zmij_x64_v2,bylength,,20,5.084463
i128,zmij_x64_v3,bylength,,20,5.217464
i128,zmij_x64_v3_nokernel,bylength,,20,5.077745
i128,zmij_x64_v4,bylength,,20,6.317238
i128,zmij_scalar,bylength,,21,9.442879
i128,zmij_x64_native,bylength,,21,5.766368
i128,zmij_x64_v1,bylength,,21,5.999236
i128,zmij_x64_v2,bylength,,21,5.065439
i128,zmij_x64_v3,bylength,,21,5.228578
i128,zmij_x64_v3_nokernel,bylength,,21,5.066395
i128,zmij_x64_v4,bylength,,21,6.310864
i128,zmij_scalar,bylength,,22,9.452873
i128,zmij_x64_native,bylength,,22,5.777461
i128,zmij_x64_v1,bylength,,22,5.960463
i128,zmij_x64_v2,bylength,,22,5.073073
i128,zmij_x64_v3,bylength,,22,5.227373
i128,zmij_x64_v3_nokernel,bylength,,22,5.061407
i128,zmij_x64_v4,bylength,,22,6.324021
i128,zmij_scalar,bylength,,23,9.487269
i128,zmij_x64_native,bylength,,23,5.796007
i128,zmij_x64_v1,bylength,,23,5.951797
i128,zmij_x64_v2,bylength,,23,5.078616
i128,zmij_x64_v3,bylength,,23,5.256334
i128,zmij_x64_v3_nokernel,bylength,,23,5.052350
i128,zmij_x64_v4,bylength,,23,6.323677
i128,zmij_scalar,bylength,,24,9.490824
i128,zmij_x64_native,bylength,,24,5.796676
i128,zmij_x64_v1,bylength,,24,5.974948
i128,zmij_x64_v2,bylength,,24,5.078453
i128,zmij_x64_v3,bylength,,24,5.217904
i128,zmij_x64_v3_nokernel,bylength,,24,5.070169
i128,zmij_x64_v4,bylength,,24,6.301911
i128,zmij_scalar,bylength,,25,9.461071
i128,zmij_x64_native,bylength,,25,5.785773
i128,zmij_x64_v1,bylength,,25,5.978800
i128,zmij_x64_v2,bylength,,25,5.082103
i128,zmij_x64_v3,bylength,,25,5.217772
i128,zmij_x64_v3_nokernel,bylength,,25,5.053926
i128,zmij_x64_v4,bylength,,25,6.316914
i128,zmij_scalar,bylength,,26,9.493538
i128,zmij_x64_native,bylength,,26,5.741651
i128,zmij_x64_v1,bylength,,26,5.982534
i128,zmij_x64_v2,bylength,,26,5.064655
i128,zmij_x64_v3,bylength,,26,5.233785
i128,zmij_x64_v3_nokernel,bylength,,26,5.053802
i128,zmij_x64_v4,bylength,,26,6.290543
i128,zmij_scalar,bylength,,27,9.454535
i128,zmij_x64_native,bylength,,27,5.791372
i128,zmij_x64_v1,bylength,,27,5.971166
i128,zmij_x64_v2,bylength,,27,5.080392
i128,zmij_x64_v3,bylength,,27,5.227325
i128,zmij_x64_v3_nokernel,bylength,,27,5.054222
i128,zmij_x64_v4,bylength,,27,6.327806
i128,zmij_scalar,bylength,,28,9.493079
i128,zmij_x64_native,bylength,,28,5.757080
i128,zmij_x64_v1,bylength,,28,5.979114
i128,zmij_x64_v2,bylength,,28,5.063824
i128,zmij_x64_v3,bylength,,28,5.218383
i128,zmij_x64_v3_nokernel,bylength,,28,5.059285
i128,zmij_x64_v4,bylength,,28,6.298625
i128,zmij_scalar,bylength,,29,9.470713
i128,zmij_x64_native,bylength,,29,5.777461
i128,zmij_x64_v1,bylength,,29,5.958179
i128,zmij_x64_v2,bylength,,29,5.064121
i128,zmij_x64_v3,bylength,,29,5.240989
i128,zmij_x64_v3_nokernel,bylength,,29,5.043167
i128,zmij_x64_v4,bylength,,29,6.305867
i128,zmij_scalar,bylength,,30,9.472250
i128,zmij_x64_native,bylength,,30,5.746541
i128,zmij_x64_v1,bylength,,30,5.980030
i128,zmij_x64_v2,bylength,,30,5.065085
i128,zmij_x64_v3,bylength,,30,5.220560
i128,zmij_x64_v3_nokernel,bylength,,30,5.090043
i128,zmij_x64_v4,bylength,,30,6.300374
i128,zmij_scalar,bylength,,31,9.457344
i128,zmij_x64_native,bylength,,31,5.749427
i128,zmij_x64_v1,bylength,,31,5.957462
i128,zmij_x64_v2,bylength,,31,5.076619
i128,zmij_x64_v3,bylength,,31,5.211990
i128,zmij_x64_v3_nokernel,bylength,,31,5.051919
i128,zmij_x64_v4,bylength,,31,6.301519
i128,zmij_scalar,bylength,,32,9.463536
i128,zmij_x64_native,bylength,,32,5.762325
i128,zmij_x64_v1,bylength,,32,5.974670
i128,zmij_x64_v2,bylength,,32,5.078979
i128,zmij_x64_v3,bylength,,32,5.213165
i128,zmij_x64_v3_nokernel,bylength,,32,5.049158
i128,zmij_x64_v4,bylength,,32,6.318537
i128,zmij_scalar,bylength,,33,11.092995
i128,zmij_x64_native,bylength,,33,6.579028
i128,zmij_x64_v1,bylength,,33,6.602524
i128,zmij_x64_v2,bylength,,33,5.845672
i128,zmij_x64_v3,bylength,,33,5.816817
i128,zmij_x64_v3_nokernel,bylength,,33,5.911389
i128,zmij_x64_v4,bylength,,33,7.090142
i128,zmij_scalar,bylength,,34,11.237779
i128,zmij_x64_native,bylength,,34,6.624949
i128,zmij_x64_v1,bylength,,34,6.784924
i128,zmij_x64_v2,bylength,,34,5.875693
i128,zmij_x64_v3,bylength,,34,5.902303
i128,zmij_x64_v3_nokernel,bylength,,34,6.003621
i128,zmij_x64_v4,bylength,,34,7.183874
i128,zmij_scalar,bylength,,35,11.135142
i128,zmij_x64_native,bylength,,35,6.567793
i128,zmij_x64_v1,bylength,,35,6.614725
i128,zmij_x64_v2,bylength,,35,5.811237
i128,zmij_x64_v3,bylength,,35,5.796713
i128,zmij_x64_v3_nokernel,bylength,,35,5.928769
i128,zmij_x64_v4,bylength,,35,7.039693
i128,zmij_scalar,bylength,,36,11.088027
i128,zmij_x64_native,bylength,,36,6.465442
i128,zmij_x64_v1,bylength,,36,6.575809
i128,zmij_x64_v2,bylength,,36,5.806297
i128,zmij_x64_v3,bylength,,36,5.819234
i128,zmij_x64_v3_nokernel,bylength,,36,5.908178
i128,zmij_x64_v4,bylength,,36,7.088852
i128,zmij_scalar,bylength,,37,11.083317
i128,zmij_x64_native,bylength,,37,6.471336
i128,zmij_x64_v1,bylength,,37,6.579747
i128,zmij_x64_v2,bylength,,37,5.754548
i128,zmij_x64_v3,bylength,,37,5.803899
i128,zmij_x64_v3_nokernel,bylength,,37,5.887550
i128,zmij_x64_v4,bylength,,37,7.094844
i128,zmij_scalar,bylength,,38,11.145814
i128,zmij_x64_native,bylength,,38,6.467162
i128,zmij_x64_v1,bylength,,38,6.620161
i128,zmij_x64_v2,bylength,,38,5.791985
i128,zmij_x64_v3,bylength,,38,5.828378
i128,zmij_x64_v3_nokernel,bylength,,38,5.885612
i128,zmij_x64_v4,bylength,,38,7.054588
i128,zmij_scalar,bylength,,39,11.007605
i128,zmij_x64_native,bylength,,39,6.487732
i128,zmij_x64_v1,bylength,,39,6.577623
i128,zmij_x64_v2,bylength,,39,5.782926
i128,zmij_x64_v3,bylength,,39,5.802895
i128,zmij_x64_v3_nokernel,bylength,,39,5.927776
i128,zmij_x64_v4,bylength,,39,7.119885
i128,zmij_scalar,loguniform,1-39,39,9.761887
i128,zmij_x64_native,loguniform,1-39,39,7.885791
i128,zmij_x64_v1,loguniform,1-39,39,8.172113
i128,zmij_x64_v2,loguniform,1-39,39,7.503259
i128,zmij_x64_v3,loguniform,1-39,39,7.408413
i128,zmij_x64_v3_nokernel,loguniform,1-39,39,7.522717
i128,zmij_x64_v4,loguniform,1-39,39,7.932696
i128,zmij_scalar,loguniform,1-4,4,5.017054
i128,zmij_x64_native,loguniform,1-4,4,2.739714
i128,zmij_x64_v1,loguniform,1-4,4,4.176302
i128,zmij_x64_v2,loguniform,1-4,4,3.108500
i128,zmij_x64_v3,loguniform,1-4,4,2.764661
i128,zmij_x64_v3_nokernel,loguniform,1-4,4,3.011518
i128,zmij_x64_v4,loguniform,1-4,4,2.301150
i128,zmij_scalar,uniform,0-255,0,5.009610
i128,zmij_x64_native,uniform,0-255,0,2.760429
i128,zmij_x64_v1,uniform,0-255,0,4.207288
i128,zmij_x64_v2,uniform,0-255,0,3.088942
i128,zmij_x64_v3,uniform,0-255,0,2.751429
i128,zmij_x64_v3_nokernel,uniform,0-255,0,2.988300
i128,zmij_x64_v4,uniform,0-255,0,2.311537
i128,zmij_scalar,unpredictable,,1,5.315344
i128,zmij_x64_native,unpredictable,,1,2.839581
i128,zmij_x64_v1,unpredictable,,1,4.363547
i128,zmij_x64_v2,unpredictable,,1,3.036295
i128,zmij_x64_v3,unpredictable,,1,2.547436
i128,zmij_x64_v3_nokernel,unpredictable,,1,3.080361
i128,zmij_x64_v4,unpredictable,,1,2.384452
i128,zmij_scalar,unpredictable,,2,5.225798
i128,zmij_x64_native,unpredictable,,2,2.840326
i128,zmij_x64_v1,unpredictable,,2,4.338115
i128,zmij_x64_v2,unpredictable,,2,3.006540
i128,zmij_x64_v3,unpredictable,,2,2.550798
i128,zmij_x64_v3_nokernel,unpredictable,,2,3.002204
i128,zmij_x64_v4,unpredictable,,2,2.430484
i128,zmij_scalar,unpredictable,,3,5.185343
i128,zmij_x64_native,unpredictable,,3,2.844961
i128,zmij_x64_v1,unpredictable,,3,4.249043
i128,zmij_x64_v2,unpredictable,,3,2.980114
i128,zmij_x64_v3,unpredictable,,3,2.527693
i128,zmij_x64_v3_nokernel,unpredictable,,3,3.025344
i128,zmij_x64_v4,unpredictable,,3,2.387698
i128,zmij_scalar,unpredictable,,4,5.290541
i128,zmij_x64_native,unpredictable,,4,2.819687
i128,zmij_x64_v1,unpredictable,,4,4.372033
i128,zmij_x64_v2,unpredictable,,4,3.026836
i128,zmij_x64_v3,unpredictable,,4,2.617453
i128,zmij_x64_v3_nokernel,unpredictable,,4,3.072278
i128,zmij_x64_v4,unpredictable,,4,2.454869
i128,zmij_scalar,unpredictable,,5,5.266443
i128,zmij_x64_native,unpredictable,,5,2.894119
i128,zmij_x64_v1,unpredictable,,5,4.445394
i128,zmij_x64_v2,unpredictable,,5,3.023054
i128,zmij_x64_v3,unpredictable,,5,2.579979
i128,zmij_x64_v3_nokernel,unpredictable,,5,3.063966
i128,zmij_x64_v4,unpredictable,,5,2.438701
i128,zmij_scalar,unpredictable,,6,5.206402
i128,zmij_x64_native,unpredictable,,6,2.866028
i128,zmij_x64_v1,unpredictable,,6,4.325480
i128,zmij_x64_v2,unpredictable,,6,3.007479
i128,zmij_x64_v3,unpredictable,,6,2.585903
i128,zmij_x64_v3_nokernel,unpredictable,,6,3.001725
i128,zmij_x64_v4,unpredictable,,6,2.430808
i128,zmij_scalar,unpredictable,,7,5.145613
i128,zmij_x64_native,unpredictable,,7,2.825022
i128,zmij_x64_v1,unpredictable,,7,4.356822
i128,zmij_x64_v2,unpredictable,,7,2.955978
i128,zmij_x64_v3,unpredictable,,7,2.564671
i128,zmij_x64_v3_nokernel,unpredictable,,7,3.005300
i128,zmij_x64_v4,unpredictable,,7,2.473653
i128,zmij_scalar,unpredictable,,8,5.246473
i128,zmij_x64_native,unpredictable,,8,2.823683
i128,zmij_x64_v1,unpredictable,,8,4.391774
i128,zmij_x64_v2,unpredictable,,8,2.999317
i128,zmij_x64_v3,unpredictable,,8,2.618675
i128,zmij_x64_v3_nokernel,unpredictable,,8,3.001477
i128,zmij_x64_v4,unpredictable,,8,2.470862
i128,zmij_scalar,unpredictable,,9,5.247431
i128,zmij_x64_native,unpredictable,,9,2.856247
i128,zmij_x64_v1,unpredictable,,9,4.316348
i128,zmij_x64_v2,unpredictable,,9,2.947626
i128,zmij_x64_v3,unpredictable,,9,2.531382
i128,zmij_x64_v3_nokernel,unpredictable,,9,2.990987
i128,zmij_x64_v4,unpredictable,,9,2.438014
i128,zmij_scalar,unpredictable,,10,5.132811
i128,zmij_x64_native,unpredictable,,10,2.771072
i128,zmij_x64_v1,unpredictable,,10,4.270619
i128,zmij_x64_v2,unpredictable,,10,2.957468
i128,zmij_x64_v3,unpredictable,,10,2.580877
i128,zmij_x64_v3_nokernel,unpredictable,,10,2.924617
i128,zmij_x64_v4,unpredictable,,10,2.406484
i128,zmij_scalar,unpredictable,,11,5.186470
i128,zmij_x64_native,unpredictable,,11,2.783897
i128,zmij_x64_v1,unpredictable,,11,4.268535
i128,zmij_x64_v2,unpredictable,,11,2.973330
i128,zmij_x64_v3,unpredictable,,11,2.536562
i128,zmij_x64_v3_nokernel,unpredictable,,11,3.011777
i128,zmij_x64_v4,unpredictable,,11,2.435683
i128,zmij_scalar,unpredictable,,12,5.221537
i128,zmij_x64_native,unpredictable,,12,2.912197
i128,zmij_x64_v1,unpredictable,,12,4.425195
i128,zmij_x64_v2,unpredictable,,12,3.061653
i128,zmij_x64_v3,unpredictable,,12,2.673080
i128,zmij_x64_v3_nokernel,unpredictable,,12,3.111625
i128,zmij_x64_v4,unpredictable,,12,2.536162
i128,zmij_scalar,unpredictable,,13,5.282629
i128,zmij_x64_native,unpredictable,,13,2.850283
i128,zmij_x64_v1,unpredictable,,13,4.420169
i128,zmij_x64_v2,unpredictable,,13,3.027277
i128,zmij_x64_v3,unpredictable,,13,2.629492
i128,zmij_x64_v3_nokernel,unpredictable,,13,3.076730
i128,zmij_x64_v4,unpredictable,,13,2.547778
i128,zmij_scalar,unpredictable,,14,5.197899
i128,zmij_x64_native,unpredictable,,14,2.797405
i128,zmij_x64_v1,unpredictable,,14,4.353974
i128,zmij_x64_v2,unpredictable,,14,2.966564
i128,zmij_x64_v3,unpredictable,,14,2.558174
i128,zmij_x64_v3_nokernel,unpredictable,,14,2.975755
i128,zmij_x64_v4,unpredictable,,14,2.440230
i128,zmij_scalar,unpredictable,,15,5.483643
i128,zmij_x64_native,unpredictable,,15,2.955309
i128,zmij_x64_v1,unpredictable,,15,4.491773
i128,zmij_x64_v2,unpredictable,,15,3.105530
i128,zmij_x64_v3,unpredictable,,15,2.661308
i128,zmij_x64_v3_nokernel,unpredictable,,15,3.135798
i128,zmij_x64_v4,unpredictable,,15,2.494636
i128,zmij_scalar,unpredictable,,16,5.467628
i128,zmij_x64_native,unpredictable,,16,2.938416
i128,zmij_x64_v1,unpredictable,,16,4.471154
i128,zmij_x64_v2,unpredictable,,16,3.101707
i128,zmij_x64_v3,unpredictable,,16,2.720854
i128,zmij_x64_v3_nokernel,unpredictable,,16,3.150418
i128,zmij_x64_v4,unpredictable,,16,2.583112
i128,zmij_scalar,unpredictable,,17,5.418957
i128,zmij_x64_native,unpredictable,,17,2.889894
i128,zmij_x64_v1,unpredictable,,17,4.494620
i128,zmij_x64_v2,unpredictable,,17,3.171381
i128,zmij_x64_v3,unpredictable,,17,2.664616
i128,zmij_x64_v3_nokernel,unpredictable,,17,3.078641
i128,zmij_x64_v4,unpredictable,,17,2.553550
i128,zmij_scalar,unpredictable,,18,5.460730
i128,zmij_x64_native,unpredictable,,18,2.909657
i128,zmij_x64_v1,unpredictable,,18,4.492003
i128,zmij_x64_v2,unpredictable,,18,3.043768
i128,zmij_x64_v3,unpredictable,,18,2.681335
i128,zmij_x64_v3_nokernel,unpredictable,,18,3.100579
i128,zmij_x64_v4,unpredictable,,18,2.532434
i128,zmij_scalar,unpredictable,,19,6.137058
i128,zmij_x64_native,unpredictable,,19,3.543501
i128,zmij_x64_v1,unpredictable,,19,5.008878
i128,zmij_x64_v2,unpredictable,,19,3.758732
i128,zmij_x64_v3,unpredictable,,19,3.307690
i128,zmij_x64_v3_nokernel,unpredictable,,19,3.665477
i128,zmij_x64_v4,unpredictable,,19,3.325233
i128,zmij_scalar,unpredictable,,20,9.529591
i128,zmij_x64_native,unpredictable,,20,5.382524
i128,zmij_x64_v1,unpredictable,,20,5.789617
i128,zmij_x64_v2,unpredictable,,20,5.185926
i128,zmij_x64_v3,unpredictable,,20,5.269798
i128,zmij_x64_v3_nokernel,unpredictable,,20,5.229476
i128,zmij_x64_v4,unpredictable,,20,6.148988
i128,zmij_scalar,unpredictable,,21,9.572069
i128,zmij_x64_native,unpredictable,,21,5.494717
i128,zmij_x64_v1,unpredictable,,21,5.855428
i128,zmij_x64_v2,unpredictable,,21,5.174595
i128,zmij_x64_v3,unpredictable,,21,5.337236
i128,zmij_x64_v3_nokernel,unpredictable,,21,5.222425
i128,zmij_x64_v4,unpredictable,,21,6.241517
i128,zmij_scalar,unpredictable,,22,9.558138
i128,zmij_x64_native,unpredictable,,22,5.333471
i128,zmij_x64_v1,unpredictable,,22,5.820535
i128,zmij_x64_v2,unpredictable,,22,5.170122
i128,zmij_x64_v3,unpredictable,,22,5.308821
i128,zmij_x64_v3_nokernel,unpredictable,,22,5.217685
i128,zmij_x64_v4,unpredictable,,22,6.157762
i128,zmij_scalar,unpredictable,,23,9.878147
i128,zmij_x64_native,unpredictable,,23,5.486731
i128,zmij_x64_v1,unpredictable,,23,6.059787
i128,zmij_x64_v2,unpredictable,,23,5.284187
i128,zmij_x64_v3,unpredictable,,23,5.415737
i128,zmij_x64_v3_nokernel,unpredictable,,23,5.337140
i128,zmij_x64_v4,unpredictable,,23,6.332746
i128,zmij_scalar,unpredictable,,24,9.953190
i128,zmij_x64_native,unpredictable,,24,5.438478
i128,zmij_x64_v1,unpredictable,,24,6.023574
i128,zmij_x64_v2,unpredictable,,24,5.282888
i128,zmij_x64_v3,unpredictable,,24,5.515261
i128,zmij_x64_v3_nokernel,unpredictable,,24,5.325959
i128,zmij_x64_v4,unpredictable,,24,6.335116
i128,zmij_scalar,unpredictable,,25,9.620377
i128,zmij_x64_native,unpredictable,,25,5.479296
i128,zmij_x64_v1,unpredictable,,25,5.759690
i128,zmij_x64_v2,unpredictable,,25,5.163549
i128,zmij_x64_v3,unpredictable,,25,5.234045
i128,zmij_x64_v3_nokernel,unpredictable,,25,5.217589
i128,zmij_x64_v4,unpredictable,,25,6.383195
i128,zmij_scalar,unpredictable,,26,10.017971
i128,zmij_x64_native,unpredictable,,26,5.554777
i128,zmij_x64_v1,unpredictable,,26,5.954780
i128,zmij_x64_v2,unpredictable,,26,5.308992
i128,zmij_x64_v3,unpredictable,,26,5.417688
i128,zmij_x64_v3_nokernel,unpredictable,,26,5.440578
i128,zmij_x64_v4,unpredictable,,26,6.397681
i128,zmij_scalar,unpredictable,,27,9.786995
i128,zmij_x64_native,unpredictable,,27,5.476162
i128,zmij_x64_v1,unpredictable,,27,5.991717
i128,zmij_x64_v2,unpredictable,,27,5.342281
i128,zmij_x64_v3,unpredictable,,27,5.415718
i128,zmij_x64_v3_nokernel,unpredictable,,27,5.409947
i128,zmij_x64_v4,unpredictable,,27,6.352696
i128,zmij_scalar,unpredictable,,28,9.504269
i128,zmij_x64_native,unpredictable,,28,5.328234
i128,zmij_x64_v1,unpredictable,,28,5.629823
i128,zmij_x64_v2,unpredictable,,28,5.104786
i128,zmij_x64_v3,unpredictable,,28,5.302130
i128,zmij_x64_v3_nokernel,unpredictable,,28,5.216998
i128,zmij_x64_v4,unpredictable,,28,6.161162
i128,zmij_scalar,unpredictable,,29,9.472952
i128,zmij_x64_native,unpredictable,,29,5.400068
i128,zmij_x64_v1,unpredictable,,29,5.738286
i128,zmij_x64_v2,unpredictable,,29,5.122732
i128,zmij_x64_v3,unpredictable,,29,5.265347
i128,zmij_x64_v3_nokernel,unpredictable,,29,5.173257
i128,zmij_x64_v4,unpredictable,,29,6.187402
i128,zmij_scalar,unpredictable,,30,9.572548
i128,zmij_x64_native,unpredictable,,30,5.384264
i128,zmij_x64_v1,unpredictable,,30,5.760591
i128,zmij_x64_v2,unpredictable,,30,5.114592
i128,zmij_x64_v3,unpredictable,,30,5.316504
i128,zmij_x64_v3_nokernel,unpredictable,,30,5.251397
i128,zmij_x64_v4,unpredictable,,30,6.164947
i128,zmij_scalar,unpredictable,,31,9.553974
i128,zmij_x64_native,unpredictable,,31,5.354092
i128,zmij_x64_v1,unpredictable,,31,5.818854
i128,zmij_x64_v2,unpredictable,,31,5.200850
i128,zmij_x64_v3,unpredictable,,31,5.321318
i128,zmij_x64_v3_nokernel,unpredictable,,31,5.229709
i128,zmij_x64_v4,unpredictable,,31,6.178973
i128,zmij_scalar,unpredictable,,32,9.533890
i128,zmij_x64_native,unpredictable,,32,5.314114
i128,zmij_x64_v1,unpredictable,,32,5.758143
i128,zmij_x64_v2,unpredictable,,32,5.160818
i128,zmij_x64_v3,unpredictable,,32,5.261066
i128,zmij_x64_v3_nokernel,unpredictable,,32,5.187303
i128,zmij_x64_v4,unpredictable,,32,6.184573
i128,zmij_scalar,unpredictable,,33,11.539608
i128,zmij_x64_native,unpredictable,,33,7.436037
i128,zmij_x64_v1,unpredictable,,33,7.260936
i128,zmij_x64_v2,unpredictable,,33,6.585047
i128,zmij_x64_v3,unpredictable,,33,6.636953
i128,zmij_x64_v3_nokernel,unpredictable,,33,6.903815
i128,zmij_x64_v4,unpredictable,,33,8.222529
i128,zmij_scalar,unpredictable,,34,11.550119
i128,zmij_x64_native,unpredictable,,34,7.391109
i128,zmij_x64_v1,unpredictable,,34,7.229138
i128,zmij_x64_v2,unpredictable,,34,6.590076
i128,zmij_x64_v3,unpredictable,,34,6.598942
i128,zmij_x64_v3_nokernel,unpredictable,,34,6.936721
i128,zmij_x64_v4,unpredictable,,34,8.239495
i128,zmij_scalar,unpredictable,,35,11.529976
i128,zmij_x64_native,unpredictable,,35,7.343529
i128,zmij_x64_v1,unpredictable,,35,7.207355
i128,zmij_x64_v2,unpredictable,,35,6.585699
i128,zmij_x64_v3,unpredictable,,35,6.590345
i128,zmij_x64_v3_nokernel,unpredictable,,35,6.896802
i128,zmij_x64_v4,unpredictable,,35,8.191512
i128,zmij_scalar,unpredictable,,36,11.564392
i128,zmij_x64_native,unpredictable,,36,7.337986
i128,zmij_x64_v1,unpredictable,,36,7.187230
i128,zmij_x64_v2,unpredictable,,36,6.604733
i128,zmij_x64_v3,unpredictable,,36,6.641005
i128,zmij_x64_v3_nokernel,unpredictable,,36,6.903203
i128,zmij_x64_v4,unpredictable,,36,8.186084
i128,zmij_scalar,unpredictable,,37,11.507732
i128,zmij_x64_native,unpredictable,,37,7.440165
i128,zmij_x64_v1,unpredictable,,37,7.225354
i128,zmij_x64_v2,unpredictable,,37,6.654591
i128,zmij_x64_v3,unpredictable,,37,6.610044
i128,zmij_x64_v3_nokernel,unpredictable,,37,6.932977
i128,zmij_x64_v4,unpredictable,,37,8.212478
i128,zmij_scalar,unpredictable,,38,11.507370
i128,zmij_x64_native,unpredictable,,38,7.400417
i128,zmij_x64_v1,unpredictable,,38,7.218015
i128,zmij_x64_v2,unpredictable,,38,6.604448
i128,zmij_x64_v3,unpredictable,,38,6.606358
i128,zmij_x64_v3_nokernel,unpredictable,,38,6.866899
i128,zmij_x64_v4,unpredictable,,38,8.147597
i128,zmij_scalar,unpredictable,,39,11.506393
i128,zmij_x64_native,unpredictable,,39,7.375671
i128,zmij_x64_v1,unpredictable,,39,7.305079
i128,zmij_x64_v2,unpredictable,,39,6.712204
i128,zmij_x64_v3,unpredictable,,39,6.586771
i128,zmij_x64_v3_nokernel,unpredictable,,39,6.951171
i128,zmij_x64_v4,unpredictable,,39,8.238830
i128,zmij_scalar,admixture,5x6,0,5.085526
i128,zmij_x64_native,admixture,5x6,0,2.795849
i128,zmij_x64_v1,admixture,5x6,0,4.255492
i128,zmij_x64_v2,admixture,5x6,0,3.139878
i128,zmij_x64_v3,admixture,5x6,0,2.809579
i128,zmij_x64_v3_nokernel,admixture,5x6,0,3.042314
i128,zmij_x64_v4,admixture,5x6,0,2.327876
i128,zmij_scalar,admixture,5x6,10,5.015153
i128,zmij_x64_native,admixture,5x6,10,2.778335
i128,zmij_x64_v1,admixture,5x6,10,4.231099
i128,zmij_x64_v2,admixture,5x6,10,3.110564
i128,zmij_x64_v3,admixture,5x6,10,2.811624
i128,zmij_x64_v3_nokernel,admixture,5x6,10,3.082816
i128,zmij_x64_v4,admixture,5x6,10,2.340058
i128,zmij_scalar,admixture,5x6,20,5.031416
i128,zmij_x64_native,admixture,5x6,20,2.754314
i128,zmij_x64_v1,admixture,5x6,20,4.196196
i128,zmij_x64_v2,admixture,5x6,20,3.095487
i128,zmij_x64_v3,admixture,5x6,20,2.759713
i128,zmij_x64_v3_nokernel,admixture,5x6,20,2.993737
i128,zmij_x64_v4,admixture,5x6,20,2.322190
i128,zmij_scalar,admixture,5x6,30,5.024155
i128,zmij_x64_native,admixture,5x6,30,2.758729
i128,zmij_x64_v1,admixture,5x6,30,4.210862
i128,zmij_x64_v2,admixture,5x6,30,3.097589
i128,zmij_x64_v3,admixture,5x6,30,2.772927
i128,zmij_x64_v3_nokernel,admixture,5x6,30,2.998563
i128,zmij_x64_v4,admixture,5x6,30,2.305641
i128,zmij_scalar,admixture,5x6,40,5.029199
i128,zmij_x64_native,admixture,5x6,40,2.756521
i128,zmij_x64_v1,admixture,5x6,40,4.212907
i128,zmij_x64_v2,admixture,5x6,40,3.114624
i128,zmij_x64_v3,admixture,5x6,40,2.757466
i128,zmij_x64_v3_nokernel,admixture,5x6,40,2.984948
i128,zmij_x64_v4,admixture,5x6,40,2.314756
i128,zmij_scalar,admixture,5x6,50,5.052561
i128,zmij_x64_native,admixture,5x6,50,2.755250
i128,zmij_x64_v1,admixture,5x6,50,4.208511
i128,zmij_x64_v2,admixture,5x6,50,3.094149
i128,zmij_x64_v3,admixture,5x6,50,2.767529
i128,zmij_x64_v3_nokernel,admixture,5x6,50,3.009398
i128,zmij_x64_v4,admixture,5x6,50,2.311775
i128,zmij_scalar,admixture,5x6,60,5.129495
i128,zmij_x64_native,admixture,5x6,60,2.798353
i128,zmij_x64_v1,admixture,5x6,60,4.258675
i128,zmij_x64_v2,admixture,5x6,60,3.136094
i128,zmij_x64_v3,admixture,5x6,60,2.910162
i128,zmij_x64_v3_nokernel,admixture,5x6,60,3.040957
i128,zmij_x64_v4,admixture,5x6,60,2.338987
i128,zmij_scalar,admixture,5x6,70,5.095643
i128,zmij_x64_native,admixture,5x6,70,2.800483
i128,zmij_x64_v1,admixture,5x6,70,4.242861
i128,zmij_x64_v2,admixture,5x6,70,3.169937
i128,zmij_x64_v3,admixture,5x6,70,2.815819
i128,zmij_x64_v3_nokernel,admixture,5x6,70,3.024446
i128,zmij_x64_v4,admixture,5x6,70,2.337803
i128,zmij_scalar,admixture,5x6,80,5.021441
i128,zmij_x64_native,admixture,5x6,80,2.758346
i128,zmij_x64_v1,admixture,5x6,80,4.184864
i128,zmij_x64_v2,admixture,5x6,80,3.088702
i128,zmij_x64_v3,admixture,5x6,80,2.758347
i128,zmij_x64_v3_nokernel,admixture,5x6,80,2.994234
i128,zmij_x64_v4,admixture,5x6,80,2.363592
i128,zmij_scalar,admixture,5x6,90,5.029668
i128,zmij_x64_native,admixture,5x6,90,2.766955
i128,zmij_x64_v1,admixture,5x6,90,4.205932
i128,zmij_x64_v2,admixture,5x6,90,3.082883
i128,zmij_x64_v3,admixture,5x6,90,2.769048
i128,zmij_x64_v3_nokernel,admixture,5x6,90,3.010851
i128,zmij_x64_v4,admixture,5x6,90,2.301887
i128,zmij_scalar,admixture,5x6,100,5.027355
i128,zmij_x64_native,admixture,5x6,100,2.774466
i128,zmij_x64_v1,admixture,5x6,100,4.211865
i128,zmij_x64_v2,admixture,5x6,100,3.107038
i128,zmij_x64_v3,admixture,5x6,100,2.777523
i128,zmij_x64_v3_nokernel,admixture,5x6,100,2.983410
i128,zmij_x64_v4,admixture,5x6,100,2.324474
i128,zmij_scalar,admixture,straddle64,0,9.458158
i128,zmij_x64_native,admixture,straddle64,0,5.766406
i128,zmij_x64_v1,admixture,straddle64,0,5.995511
i128,zmij_x64_v2,admixture,straddle64,0,5.080345
i128,zmij_x64_v3,admixture,straddle64,0,5.217495
i128,zmij_x64_v3_nokernel,admixture,straddle64,0,5.066042
i128,zmij_x64_v4,admixture,straddle64,0,6.311916
i128,zmij_scalar,admixture,straddle64,10,9.402320
i128,zmij_x64_native,admixture,straddle64,10,5.792253
i128,zmij_x64_v1,admixture,straddle64,10,6.110971
i128,zmij_x64_v2,admixture,straddle64,10,5.202820
i128,zmij_x64_v3,admixture,straddle64,10,5.343331
i128,zmij_x64_v3_nokernel,admixture,straddle64,10,5.211370
i128,zmij_x64_v4,admixture,straddle64,10,6.297279
i128,zmij_scalar,admixture,straddle64,20,9.410844
i128,zmij_x64_native,admixture,straddle64,20,5.830099
i128,zmij_x64_v1,admixture,straddle64,20,6.189520
i128,zmij_x64_v2,admixture,straddle64,20,5.379181
i128,zmij_x64_v3,admixture,straddle64,20,5.421977
i128,zmij_x64_v3_nokernel,admixture,straddle64,20,5.370476
i128,zmij_x64_v4,admixture,straddle64,20,6.295616
i128,zmij_scalar,admixture,straddle64,30,9.366012
i128,zmij_x64_native,admixture,straddle64,30,5.757932
i128,zmij_x64_v1,admixture,straddle64,30,6.276201
i128,zmij_x64_v2,admixture,straddle64,30,5.476238
i128,zmij_x64_v3,admixture,straddle64,30,5.447765
i128,zmij_x64_v3_nokernel,admixture,straddle64,30,5.461064
i128,zmij_x64_v4,admixture,straddle64,30,6.253078
i128,zmij_scalar,admixture,straddle64,40,9.277257
i128,zmij_x64_native,admixture,straddle64,40,5.753690
i128,zmij_x64_v1,admixture,straddle64,40,6.363322
i128,zmij_x64_v2,admixture,straddle64,40,5.584750
i128,zmij_x64_v3,admixture,straddle64,40,5.525521
i128,zmij_x64_v3_nokernel,admixture,straddle64,40,5.573658
i128,zmij_x64_v4,admixture,straddle64,40,6.262490
i128,zmij_scalar,admixture,straddle64,50,9.251163
i128,zmij_x64_native,admixture,straddle64,50,5.815347
i128,zmij_x64_v1,admixture,straddle64,50,6.450308
i128,zmij_x64_v2,admixture,straddle64,50,5.740550
i128,zmij_x64_v3,admixture,straddle64,50,5.670056
i128,zmij_x64_v3_nokernel,admixture,straddle64,50,5.697993
i128,zmij_x64_v4,admixture,straddle64,50,6.230653
i128,zmij_scalar,admixture,straddle64,60,9.202749
i128,zmij_x64_native,admixture,straddle64,60,5.878847
i128,zmij_x64_v1,admixture,straddle64,60,6.522303
i128,zmij_x64_v2,admixture,straddle64,60,5.850709
i128,zmij_x64_v3,admixture,straddle64,60,5.733748
i128,zmij_x64_v3_nokernel,admixture,straddle64,60,5.788784
i128,zmij_x64_v4,admixture,straddle64,60,6.204397
i128,zmij_scalar,admixture,straddle64,70,9.113766
i128,zmij_x64_native,admixture,straddle64,70,6.028398
i128,zmij_x64_v1,admixture,straddle64,70,6.638509
i128,zmij_x64_v2,admixture,straddle64,70,5.927806
i128,zmij_x64_v3,admixture,straddle64,70,6.019225
i128,zmij_x64_v3_nokernel,admixture,straddle64,70,5.937714
i128,zmij_x64_v4,admixture,straddle64,70,6.252086
i128,zmij_scalar,admixture,straddle64,80,9.058206
i128,zmij_x64_native,admixture,straddle64,80,6.143188
i128,zmij_x64_v1,admixture,straddle64,80,6.713130
i128,zmij_x64_v2,admixture,straddle64,80,6.054531
i128,zmij_x64_v3,admixture,straddle64,80,6.116636
i128,zmij_x64_v3_nokernel,admixture,straddle64,80,6.012824
i128,zmij_x64_v4,admixture,straddle64,80,6.250786
i128,zmij_scalar,admixture,straddle64,90,8.999624
i128,zmij_x64_native,admixture,straddle64,90,6.261524
i128,zmij_x64_v1,admixture,straddle64,90,6.859883
i128,zmij_x64_v2,admixture,straddle64,90,6.258811
i128,zmij_x64_v3,admixture,straddle64,90,6.322035
i128,zmij_x64_v3_nokernel,admixture,straddle64,90,6.151711
i128,zmij_x64_v4,admixture,straddle64,90,6.265356
i128,zmij_scalar,admixture,straddle64,100,8.914989
i128,zmij_x64_native,admixture,straddle64,100,6.195044
i128,zmij_x64_v1,admixture,straddle64,100,6.914268
i128,zmij_x64_v2,admixture,straddle64,100,6.289186
i128,zmij_x64_v3,admixture,straddle64,100,6.220104
i128,zmij_x64_v3_nokernel,admixture,straddle64,100,6.172904
i128,zmij_x64_v4,admixture,straddle64,100,6.217917
i128,zmij_scalar,admixture,straddle1e32,0,11.111401
i128,zmij_x64_native,admixture,straddle1e32,0,6.539415
i128,zmij_x64_v1,admixture,straddle1e32,0,6.595435
i128,zmij_x64_v2,admixture,straddle1e32,0,5.801806
i128,zmij_x64_v3,admixture,straddle1e32,0,5.810998
i128,zmij_x64_v3_nokernel,admixture,straddle1e32,0,5.891020
i128,zmij_x64_v4,admixture,straddle1e32,0,7.089760
i128,zmij_scalar,admixture,straddle1e32,10,11.049398
i128,zmij_x64_native,admixture,straddle1e32,10,7.184181
i128,zmij_x64_v1,admixture,straddle1e32,10,6.976480
i128,zmij_x64_v2,admixture,straddle1e32,10,6.238029
i128,zmij_x64_v3,admixture,straddle1e32,10,6.266932
i128,zmij_x64_v3_nokernel,admixture,straddle1e32,10,6.352600
i128,zmij_x64_v4,admixture,straddle1e32,10,7.646038
i128,zmij_scalar,admixture,straddle1e32,20,11.166789
i128,zmij_x64_native,admixture,straddle1e32,20,7.800702
i128,zmij_x64_v1,admixture,straddle1e32,20,7.404599
i128,zmij_x64_v2,admixture,straddle1e32,20,6.615290
i128,zmij_x64_v3,admixture,straddle1e32,20,6.697213
i128,zmij_x64_v3_nokernel,admixture,straddle1e32,20,6.833492
i128,zmij_x64_v4,admixture,straddle1e32,20,8.155614
i128,zmij_scalar,admixture,straddle1e32,30,11.090952
i128,zmij_x64_native,admixture,straddle1e32,30,8.317013
i128,zmij_x64_v1,admixture,straddle1e32,30,7.842762
i128,zmij_x64_v2,admixture,straddle1e32,30,7.015654
i128,zmij_x64_v3,admixture,straddle1e32,30,7.116084
i128,zmij_x64_v3_nokernel,admixture,straddle1e32,30,7.223995
i128,zmij_x64_v4,admixture,straddle1e32,30,8.729119
i128,zmij_scalar,admixture,straddle1e32,40,11.067791
i128,zmij_x64_native,admixture,straddle1e32,40,8.880916
i128,zmij_x64_v1,admixture,straddle1e32,40,8.430457
i128,zmij_x64_v2,admixture,straddle1e32,40,7.475343
i128,zmij_x64_v3,admixture,straddle1e32,40,7.632719
i128,zmij_x64_v3_nokernel,admixture,straddle1e32,40,7.728373
i128,zmij_x64_v4,admixture,straddle1e32,40,9.246156
i128,zmij_scalar,admixture,straddle1e32,50,11.025331
i128,zmij_x64_native,admixture,straddle1e32,50,9.280219
i128,zmij_x64_v1,admixture,straddle1e32,50,8.762694
i128,zmij_x64_v2,admixture,straddle1e32,50,7.753205
i128,zmij_x64_v3,admixture,straddle1e32,50,7.903970
i128,zmij_x64_v3_nokernel,admixture,straddle1e32,50,8.071074
i128,zmij_x64_v4,admixture,straddle1e32,50,9.695278
i128,zmij_scalar,admixture,straddle1e32,60,10.841755
i128,zmij_x64_native,admixture,straddle1e32,60,8.636830
i128,zmij_x64_v1,admixture,straddle1e32,60,8.445734
i128,zmij_x64_v2,admixture,straddle1e32,60,7.456110
i128,zmij_x64_v3,admixture,straddle1e32,60,7.458555
i128,zmij_x64_v3_nokernel,admixture,straddle1e32,60,7.564775
i128,zmij_x64_v4,admixture,straddle1e32,60,9.204020
i128,zmij_scalar,admixture,straddle1e32,70,10.498585
i128,zmij_x64_native,admixture,straddle1e32,70,7.884010
i128,zmij_x64_v1,admixture,straddle1e32,70,7.794807
i128,zmij_x64_v2,admixture,straddle1e32,70,6.885823
i128,zmij_x64_v3,admixture,straddle1e32,70,6.858344
i128,zmij_x64_v3_nokernel,admixture,straddle1e32,70,6.955525
i128,zmij_x64_v4,admixture,straddle1e32,70,8.537347
i128,zmij_scalar,admixture,straddle1e32,80,10.304911
i128,zmij_x64_native,admixture,straddle1e32,80,7.253395
i128,zmij_x64_v1,admixture,straddle1e32,80,7.274043
i128,zmij_x64_v2,admixture,straddle1e32,80,6.356070
i128,zmij_x64_v3,admixture,straddle1e32,80,6.437686
i128,zmij_x64_v3_nokernel,admixture,straddle1e32,80,6.433520
i128,zmij_x64_v4,admixture,straddle1e32,80,7.931497
i128,zmij_scalar,admixture,straddle1e32,90,9.879093
i128,zmij_x64_native,admixture,straddle1e32,90,6.573058
i128,zmij_x64_v1,admixture,straddle1e32,90,6.703290
i128,zmij_x64_v2,admixture,straddle1e32,90,5.758982
i128,zmij_x64_v3,admixture,straddle1e32,90,5.830481
i128,zmij_x64_v3_nokernel,admixture,straddle1e32,90,5.777393
i128,zmij_x64_v4,admixture,straddle1e32,90,7.185193
i128,zmij_scalar,admixture,straddle1e32,100,9.591436
i128,zmij_x64_native,admixture,straddle1e32,100,5.864180
i128,zmij_x64_v1,admixture,straddle1e32,100,6.063455
i128,zmij_x64_v2,admixture,straddle1e32,100,5.131550
i128,zmij_x64_v3,admixture,straddle1e32,100,5.295911
i128,zmij_x64_v3_nokernel,admixture,straddle1e32,100,5.134674
i128,zmij_x64_v4,admixture,straddle1e32,100,6.411114
