Type,Function,Mode,Series,X,Time_ns
u32,amartin,bylength,,1,0.868778
u32,branchlut,bylength,,1,0.876566
u32,branchlut2,bylength,,1,0.651876
u32,countlut,bylength,,1,1.086454
u32,fmt,bylength,,1,0.868132
u32,jeaiii,bylength,,1,0.651777
u32,naive,bylength,,1,1.089086
u32,null,bylength,,1,0.651091
u32,tmueller,bylength,,1,0.868788
u32,unrolledlut,bylength,,1,0.868827
u32,yy,bylength,,1,0.651797
u32,zmij_neon,bylength,,1,0.929673
u32,zmij_scalar,bylength,,1,1.615087
u32,amartin,bylength,,2,0.868807
u32,branchlut,bylength,,2,0.874807
u32,branchlut2,bylength,,2,0.868817
u32,countlut,bylength,,2,0.874937
u32,fmt,bylength,,2,0.868807
u32,jeaiii,bylength,,2,0.868797
u32,naive,bylength,,2,1.531422
u32,null,bylength,,2,0.651121
u32,tmueller,bylength,,2,1.126756
u32,unrolledlut,bylength,,2,0.868807
u32,yy,bylength,,2,0.651121
u32,zmij_neon,bylength,,2,0.914603
u32,zmij_scalar,bylength,,2,1.688769
u32,amartin,bylength,,3,1.305997
u32,branchlut,bylength,,3,1.085152
u32,branchlut2,bylength,,3,1.304130
u32,countlut,bylength,,3,1.115600
u32,fmt,bylength,,3,1.085838
u32,jeaiii,bylength,,3,1.085848
u32,naive,bylength,,3,1.984914
u32,null,bylength,,3,0.651081
u32,tmueller,bylength,,3,1.119773
u32,unrolledlut,bylength,,3,1.085848
u32,yy,bylength,,3,1.085838
u32,zmij_neon,bylength,,3,0.919372
u32,zmij_scalar,bylength,,3,1.691858
u32,amartin,bylength,,4,1.302848
u32,branchlut,bylength,,4,1.302163
u32,branchlut2,bylength,,4,1.302848
u32,countlut,bylength,,4,1.274765
u32,fmt,bylength,,4,1.095364
u32,jeaiii,bylength,,4,1.085202
u32,naive,bylength,,4,2.474586
u32,null,bylength,,4,0.651797
u32,tmueller,bylength,,4,1.085182
u32,unrolledlut,bylength,,4,1.304080
u32,yy,bylength,,4,1.085550
u32,zmij_neon,bylength,,4,0.916441
u32,zmij_scalar,bylength,,4,1.706541
u32,amartin,bylength,,5,1.738469
u32,branchlut,bylength,,5,2.101868
u32,branchlut2,bylength,,5,1.312564
u32,countlut,bylength,,5,1.550376
u32,fmt,bylength,,5,1.392384
u32,jeaiii,bylength,,5,1.092742
u32,naive,bylength,,5,3.016303
u32,null,bylength,,5,0.651091
u32,tmueller,bylength,,5,1.089653
u32,unrolledlut,bylength,,5,1.519859
u32,yy,bylength,,5,1.305362
u32,zmij_neon,bylength,,5,0.915965
u32,zmij_scalar,bylength,,5,1.709878
u32,amartin,bylength,,6,1.736869
u32,branchlut,bylength,,6,1.819084
u32,branchlut2,bylength,,6,1.519869
u32,countlut,bylength,,6,1.655747
u32,fmt,bylength,,6,1.639803
u32,jeaiii,bylength,,6,1.302848
u32,naive,bylength,,6,3.445556
u32,null,bylength,,6,0.651091
u32,tmueller,bylength,,6,1.519849
u32,unrolledlut,bylength,,6,1.302858
u32,yy,bylength,,6,1.302838
u32,zmij_neon,bylength,,6,0.925571
u32,zmij_scalar,bylength,,6,1.630445
u32,amartin,bylength,,7,1.985312
u32,branchlut,bylength,,7,1.807332
u32,branchlut2,bylength,,7,1.759638
u32,countlut,bylength,,7,1.920174
u32,fmt,bylength,,7,1.759211
u32,jeaiii,bylength,,7,1.332829
u32,naive,bylength,,7,3.941755
u32,null,bylength,,7,0.651787
u32,tmueller,bylength,,7,1.522283
u32,unrolledlut,bylength,,7,1.302977
u32,yy,bylength,,7,1.734972
u32,zmij_neon,bylength,,7,0.921249
u32,zmij_scalar,bylength,,7,1.713187
u32,amartin,bylength,,8,1.969188
u32,branchlut,bylength,,8,1.796355
u32,branchlut2,bylength,,8,1.754781
u32,countlut,bylength,,8,2.074569
u32,fmt,bylength,,8,1.978825
u32,jeaiii,bylength,,8,1.530051
u32,naive,bylength,,8,4.452775
u32,null,bylength,,8,0.651091
u32,tmueller,bylength,,8,2.515902
u32,unrolledlut,bylength,,8,1.328528
u32,yy,bylength,,8,1.564761
u32,zmij_neon,bylength,,8,0.921240
u32,zmij_scalar,bylength,,8,1.715600
u32,amartin,bylength,,9,1.761416
u32,branchlut,bylength,,9,1.768817
u32,branchlut2,bylength,,9,1.716058
u32,countlut,bylength,,9,2.472530
u32,fmt,bylength,,9,2.399504
u32,jeaiii,bylength,,9,1.531601
u32,naive,bylength,,9,4.926980
u32,null,bylength,,9,0.651797
u32,tmueller,bylength,,9,2.472391
u32,unrolledlut,bylength,,9,1.540542
u32,yy,bylength,,9,1.770914
u32,zmij_neon,bylength,,9,0.916044
u32,zmij_scalar,bylength,,9,1.686573
u32,amartin,bylength,,10,1.775374
u32,branchlut,bylength,,10,1.878162
u32,branchlut2,bylength,,10,1.837025
u32,countlut,bylength,,10,2.424866
u32,fmt,bylength,,10,2.237062
u32,jeaiii,bylength,,10,1.574824
u32,naive,bylength,,10,5.854706
u32,null,bylength,,10,0.651797
u32,tmueller,bylength,,10,2.448797
u32,unrolledlut,bylength,,10,1.434525
u32,yy,bylength,,10,1.770894
u32,zmij_neon,bylength,,10,0.923802
u32,zmij_scalar,bylength,,10,1.723925
u32,amartin,loguniform,1-10,10,3.362030
u32,branchlut,loguniform,1-10,10,5.162593
u32,branchlut2,loguniform,1-10,10,5.280760
u32,countlut,loguniform,1-10,10,5.598332
u32,fmt,loguniform,1-10,10,6.671205
u32,jeaiii,loguniform,1-10,10,5.285270
u32,naive,loguniform,1-10,10,8.953308
u32,null,loguniform,1-10,10,0.651787
u32,tmueller,loguniform,1-10,10,3.901968
u32,unrolledlut,loguniform,1-10,10,4.981845
u32,yy,loguniform,1-10,10,3.318047
u32,zmij_neon,loguniform,1-10,10,0.918224
u32,zmij_scalar,loguniform,1-10,10,1.655253
u32,amartin,loguniform,1-4,4,2.825489
u32,branchlut,loguniform,1-4,4,3.284425
u32,branchlut2,loguniform,1-4,4,3.575702
u32,countlut,loguniform,1-4,4,3.720134
u32,fmt,loguniform,1-4,4,3.404428
u32,jeaiii,loguniform,1-4,4,3.524661
u32,naive,loguniform,1-4,4,4.771004
u32,null,loguniform,1-4,4,0.651091
u32,tmueller,loguniform,1-4,4,1.952728
u32,unrolledlut,loguniform,1-4,4,4.496584
u32,yy,loguniform,1-4,4,2.440810
u32,zmij_neon,loguniform,1-4,4,0.919312
u32,zmij_scalar,loguniform,1-4,4,1.678805
u32,amartin,uniform,0-255,0,2.559215
u32,branchlut,uniform,0-255,0,2.469490
u32,branchlut2,uniform,0-255,0,2.299865
u32,countlut,uniform,0-255,0,2.212793
u32,fmt,uniform,0-255,0,2.389103
u32,jeaiii,uniform,0-255,0,2.184182
u32,naive,uniform,0-255,0,3.514469
u32,null,uniform,0-255,0,0.651121
u32,tmueller,uniform,0-255,0,1.299948
u32,unrolledlut,uniform,0-255,0,2.757321
u32,yy,uniform,0-255,0,2.165854
u32,zmij_neon,uniform,0-255,0,0.921875
u32,zmij_scalar,uniform,0-255,0,1.648883
u32,amartin,unpredictable,,1,2.487619
u32,branchlut,unpredictable,,1,1.571010
u32,branchlut2,unpredictable,,1,0.447790
u32,countlut,unpredictable,,1,3.200779
u32,fmt,unpredictable,,1,2.625257
u32,jeaiii,unpredictable,,1,2.798616
u32,naive,unpredictable,,1,4.059385
u32,null,unpredictable,,1,0.651727
u32,tmueller,unpredictable,,1,2.052903
u32,unrolledlut,unpredictable,,1,1.949111
u32,yy,unpredictable,,1,2.625436
u32,zmij_neon,unpredictable,,1,0.905345
u32,zmij_scalar,unpredictable,,1,1.732647
u32,amartin,unpredictable,,2,2.635578
u32,branchlut,unpredictable,,2,1.477987
u32,branchlut2,unpredictable,,2,0.880957
u32,countlut,unpredictable,,2,2.949824
u32,fmt,unpredictable,,2,2.549877
u32,jeaiii,unpredictable,,2,2.907375
u32,naive,unpredictable,,2,4.288604
u32,null,unpredictable,,2,0.650336
u32,tmueller,unpredictable,,2,1.891772
u32,unrolledlut,unpredictable,,2,1.649559
u32,yy,unpredictable,,2,2.644430
u32,zmij_neon,unpredictable,,2,0.921736
u32,zmij_scalar,unpredictable,,2,1.673480
u32,amartin,unpredictable,,3,2.519608
u32,branchlut,unpredictable,,3,1.947155
u32,branchlut2,unpredictable,,3,1.084407
u32,countlut,unpredictable,,3,2.572725
u32,fmt,unpredictable,,3,2.378752
u32,jeaiii,unpredictable,,3,1.296520
u32,naive,unpredictable,,3,5.136043
u32,null,unpredictable,,3,0.650336
u32,tmueller,unpredictable,,3,1.776814
u32,unrolledlut,unpredictable,,3,1.347562
u32,yy,unpredictable,,3,2.539625
u32,zmij_neon,unpredictable,,3,0.913471
u32,zmij_scalar,unpredictable,,3,1.729568
u32,amartin,unpredictable,,4,2.594213
u32,branchlut,unpredictable,,4,2.680252
u32,branchlut2,unpredictable,,4,1.078209
u32,countlut,unpredictable,,4,2.642562
u32,fmt,unpredictable,,4,2.670437
u32,jeaiii,unpredictable,,4,1.207669
u32,naive,unpredictable,,4,5.008926
u32,null,unpredictable,,4,0.650376
u32,tmueller,unpredictable,,4,2.146602
u32,unrolledlut,unpredictable,,4,1.344343
u32,yy,unpredictable,,4,2.289385
u32,zmij_neon,unpredictable,,4,0.929604
u32,zmij_scalar,unpredictable,,4,1.752853
u32,amartin,unpredictable,,5,2.425393
u32,branchlut,unpredictable,,5,1.913657
u32,branchlut2,unpredictable,,5,1.153469
u32,countlut,unpredictable,,5,2.298087
u32,fmt,unpredictable,,5,2.046476
u32,jeaiii,unpredictable,,5,1.415928
u32,naive,unpredictable,,5,5.162288
u32,null,unpredictable,,5,0.650356
u32,tmueller,unpredictable,,5,1.936872
u32,unrolledlut,unpredictable,,5,2.025723
u32,yy,unpredictable,,5,2.057841
u32,zmij_neon,unpredictable,,5,0.913868
u32,zmij_scalar,unpredictable,,5,1.741588
u32,amartin,unpredictable,,6,2.388656
u32,branchlut,unpredictable,,6,1.711200
u32,branchlut2,unpredictable,,6,1.133024
u32,countlut,unpredictable,,6,2.547255
u32,fmt,unpredictable,,6,2.216826
u32,jeaiii,unpredictable,,6,1.495540
u32,naive,unpredictable,,6,5.248616
u32,null,unpredictable,,6,0.650336
u32,tmueller,unpredictable,,6,2.605200
u32,unrolledlut,unpredictable,,6,1.898865
u32,yy,unpredictable,,6,2.122094
u32,zmij_neon,unpredictable,,6,0.912537
u32,zmij_scalar,unpredictable,,6,1.742760
u32,amartin,unpredictable,,7,2.849261
u32,branchlut,unpredictable,,7,1.825661
u32,branchlut2,unpredictable,,7,1.508792
u32,countlut,unpredictable,,7,2.517273
u32,fmt,unpredictable,,7,2.187163
u32,jeaiii,unpredictable,,7,1.621366
u32,naive,unpredictable,,7,5.410482
u32,null,unpredictable,,7,0.651747
u32,tmueller,unpredictable,,7,2.375086
u32,unrolledlut,unpredictable,,7,2.373457
u32,yy,unpredictable,,7,2.040098
u32,zmij_neon,unpredictable,,7,0.913908
u32,zmij_scalar,unpredictable,,7,1.681586
u32,amartin,unpredictable,,8,2.832035
u32,branchlut,unpredictable,,8,2.309094
u32,branchlut2,unpredictable,,8,1.623770
u32,countlut,unpredictable,,8,2.675702
u32,fmt,unpredictable,,8,2.231468
u32,jeaiii,unpredictable,,8,1.897533
u32,naive,unpredictable,,8,5.634457
u32,null,unpredictable,,8,0.651747
u32,tmueller,unpredictable,,8,3.452937
u32,unrolledlut,unpredictable,,8,3.106018
u32,yy,unpredictable,,8,1.743148
u32,zmij_neon,unpredictable,,8,0.908206
u32,zmij_scalar,unpredictable,,8,1.671374
u32,amartin,unpredictable,,9,4.280825
u32,branchlut,unpredictable,,9,2.501399
u32,branchlut2,unpredictable,,9,3.515939
u32,countlut,unpredictable,,9,3.038635
u32,fmt,unpredictable,,9,2.703041
u32,jeaiii,unpredictable,,9,1.859784
u32,naive,unpredictable,,9,5.954097
u32,null,unpredictable,,9,0.650336
u32,tmueller,unpredictable,,9,3.519773
u32,unrolledlut,unpredictable,,9,3.669660
u32,yy,unpredictable,,9,2.065013
u32,zmij_neon,unpredictable,,9,0.936876
u32,zmij_scalar,unpredictable,,9,1.743257
u32,amartin,unpredictable,,10,4.214386
u32,branchlut,unpredictable,,10,2.556354
u32,branchlut2,unpredictable,,10,3.302634
u32,countlut,unpredictable,,10,3.055682
u32,fmt,unpredictable,,10,2.627959
u32,jeaiii,unpredictable,,10,2.115706
u32,naive,unpredictable,,10,6.482909
u32,null,unpredictable,,10,0.650336
u32,tmueller,unpredictable,,10,3.465255
u32,unrolledlut,unpredictable,,10,3.110727
u32,yy,unpredictable,,10,2.120405
u32,zmij_neon,unpredictable,,10,0.932485
u32,zmij_scalar,unpredictable,,10,1.707613
u32,amartin,admixture,5x6,0,1.745313
u32,branchlut,admixture,5x6,0,2.193093
u32,branchlut2,admixture,5x6,0,1.524965
u32,countlut,admixture,5x6,0,1.689096
u32,fmt,admixture,5x6,0,1.755357
u32,jeaiii,admixture,5x6,0,1.523872
u32,naive,admixture,5x6,0,3.633589
u32,null,admixture,5x6,0,0.651111
u32,tmueller,admixture,5x6,0,1.531929
u32,unrolledlut,admixture,5x6,0,1.736850
u32,yy,admixture,5x6,0,1.322657
u32,zmij_neon,admixture,5x6,0,0.957370
u32,zmij_scalar,admixture,5x6,0,1.670728
u32,amartin,admixture,5x6,10,1.741469
u32,branchlut,admixture,5x6,10,2.528578
u32,branchlut2,admixture,5x6,10,1.899203
u32,countlut,admixture,5x6,10,2.209932
u32,fmt,admixture,5x6,10,2.117227
u32,jeaiii,admixture,5x6,10,1.871079
u32,naive,admixture,5x6,10,4.208018
u32,null,admixture,5x6,10,0.651807
u32,tmueller,admixture,5x6,10,1.908422
u32,unrolledlut,admixture,5x6,10,2.071639
u32,yy,admixture,5x6,10,1.306574
u32,zmij_neon,admixture,5x6,10,0.923385
u32,zmij_scalar,admixture,5x6,10,1.709173
u32,amartin,admixture,5x6,20,1.747976
u32,branchlut,admixture,5x6,20,2.879302
u32,branchlut2,admixture,5x6,20,2.204488
u32,countlut,admixture,5x6,20,2.563387
u32,fmt,admixture,5x6,20,2.613991
u32,jeaiii,admixture,5x6,20,2.156029
u32,naive,admixture,5x6,20,4.922976
u32,null,admixture,5x6,20,0.651787
u32,tmueller,admixture,5x6,20,2.254407
u32,unrolledlut,admixture,5x6,20,2.414753
u32,yy,admixture,5x6,20,1.309623
u32,zmij_neon,admixture,5x6,20,0.937819
u32,zmij_scalar,admixture,5x6,20,1.670142
u32,amartin,admixture,5x6,30,1.760522
u32,branchlut,admixture,5x6,30,3.249854
u32,branchlut2,admixture,5x6,30,2.456198
u32,countlut,admixture,5x6,30,2.920965
u32,fmt,admixture,5x6,30,3.123562
u32,jeaiii,admixture,5x6,30,2.470911
u32,naive,admixture,5x6,30,5.681743
u32,null,admixture,5x6,30,0.651797
u32,tmueller,admixture,5x6,30,2.514263
u32,unrolledlut,admixture,5x6,30,2.797544
u32,yy,admixture,5x6,30,1.303335
u32,zmij_neon,admixture,5x6,30,0.952085
u32,zmij_scalar,admixture,5x6,30,1.668016
u32,amartin,admixture,5x6,40,1.745959
u32,branchlut,admixture,5x6,40,3.656526
u32,branchlut2,admixture,5x6,40,2.871583
u32,countlut,admixture,5x6,40,3.209183
u32,fmt,admixture,5x6,40,3.440360
u32,jeaiii,admixture,5x6,40,2.826661
u32,naive,admixture,5x6,40,6.521006
u32,null,admixture,5x6,40,0.651787
u32,tmueller,admixture,5x6,40,2.819667
u32,unrolledlut,admixture,5x6,40,3.202856
u32,yy,admixture,5x6,40,1.312454
u32,zmij_neon,admixture,5x6,40,0.927766
u32,zmij_scalar,admixture,5x6,40,1.706312
u32,amartin,admixture,5x6,50,1.747847
u32,branchlut,admixture,5x6,50,3.939033
u32,branchlut2,admixture,5x6,50,3.176967
u32,countlut,admixture,5x6,50,3.467133
u32,fmt,admixture,5x6,50,3.553132
u32,jeaiii,admixture,5x6,50,3.113906
u32,naive,admixture,5x6,50,7.017742
u32,null,admixture,5x6,50,0.651081
u32,tmueller,admixture,5x6,50,3.079474
u32,unrolledlut,admixture,5x6,50,3.485302
u32,yy,admixture,5x6,50,1.313955
u32,zmij_neon,admixture,5x6,50,0.931710
u32,zmij_scalar,admixture,5x6,50,1.732747
u32,amartin,admixture,5x6,60,1.746366
u32,branchlut,admixture,5x6,60,3.645182
u32,branchlut2,admixture,5x6,60,2.888709
u32,countlut,admixture,5x6,60,3.287742
u32,fmt,admixture,5x6,60,3.424048
u32,jeaiii,admixture,5x6,60,2.899816
u32,naive,admixture,5x6,60,6.455233
u32,null,admixture,5x6,60,0.651082
u32,tmueller,admixture,5x6,60,2.736489
u32,unrolledlut,admixture,5x6,60,3.272404
u32,yy,admixture,5x6,60,1.305382
u32,zmij_neon,admixture,5x6,60,0.937601
u32,zmij_scalar,admixture,5x6,60,1.722087
u32,amartin,admixture,5x6,70,1.746138
u32,branchlut,admixture,5x6,70,3.205875
u32,branchlut2,admixture,5x6,70,2.473702
u32,countlut,admixture,5x6,70,2.982964
u32,fmt,admixture,5x6,70,3.023217
u32,jeaiii,admixture,5x6,70,2.485385
u32,naive,admixture,5x6,70,5.526731
u32,null,admixture,5x6,70,0.651091
u32,tmueller,admixture,5x6,70,2.372682
u32,unrolledlut,admixture,5x6,70,2.917041
u32,yy,admixture,5x6,70,1.308670
u32,zmij_neon,admixture,5x6,70,0.934511
u32,zmij_scalar,admixture,5x6,70,1.684805
u32,amartin,admixture,5x6,80,1.757890
u32,branchlut,admixture,5x6,80,2.846251
u32,branchlut2,admixture,5x6,80,2.126405
u32,countlut,admixture,5x6,80,2.556016
u32,fmt,admixture,5x6,80,2.585222
u32,jeaiii,admixture,5x6,80,2.089629
u32,naive,admixture,5x6,80,4.770964
u32,null,admixture,5x6,80,0.651111
u32,tmueller,admixture,5x6,80,2.018581
u32,unrolledlut,admixture,5x6,80,2.603561
u32,yy,admixture,5x6,80,1.311252
u32,zmij_neon,admixture,5x6,80,0.947257
u32,zmij_scalar,admixture,5x6,80,1.671602
u32,amartin,admixture,5x6,90,1.765798
u32,branchlut,admixture,5x6,90,2.510677
u32,branchlut2,admixture,5x6,90,1.781801
u32,countlut,admixture,5x6,90,2.154738
u32,fmt,admixture,5x6,90,2.153436
u32,jeaiii,admixture,5x6,90,1.747956
u32,naive,admixture,5x6,90,3.950814
u32,null,admixture,5x6,90,0.651091
u32,tmueller,admixture,5x6,90,1.608600
u32,unrolledlut,admixture,5x6,90,2.275179
u32,yy,admixture,5x6,90,1.307348
u32,zmij_neon,admixture,5x6,90,0.937641
u32,zmij_scalar,admixture,5x6,90,1.680652
u32,amartin,admixture,5x6,100,1.756777
u32,branchlut,admixture,5x6,100,2.181570
u32,branchlut2,admixture,5x6,100,1.325637
u32,countlut,admixture,5x6,100,1.582801
u32,fmt,admixture,5x6,100,1.384199
u32,jeaiii,admixture,5x6,100,1.325071
u32,naive,admixture,5x6,100,3.051648
u32,null,admixture,5x6,100,0.651091
u32,tmueller,admixture,5x6,100,1.113137
u32,unrolledlut,admixture,5x6,100,1.953562
u32,yy,admixture,5x6,100,1.310239
u32,zmij_neon,admixture,5x6,100,0.936677
u32,zmij_scalar,admixture,5x6,100,1.752069
i32,amartin,bylength,,1,0.868827
i32,branchlut,bylength,,1,3.381640
i32,branchlut2,bylength,,1,2.438903
i32,countlut,bylength,,1,2.858559
i32,fmt,bylength,,1,1.085152
i32,jeaiii,bylength,,1,2.270858
i32,naive,bylength,,1,2.725651
i32,null,bylength,,1,0.651797
i32,tmueller,bylength,,1,0.871608
i32,unrolledlut,bylength,,1,3.281305
i32,yy,bylength,,1,1.085828
i32,zmij_neon,bylength,,1,1.113186
i32,zmij_scalar,bylength,,1,1.876364
i32,amartin,bylength,,2,0.873109
i32,branchlut,bylength,,2,3.442337
i32,branchlut2,bylength,,2,3.099839
i32,countlut,bylength,,2,2.674411
i32,fmt,bylength,,2,0.949999
i32,jeaiii,bylength,,2,2.494365
i32,naive,bylength,,2,3.549983
i32,null,bylength,,2,0.651101
i32,tmueller,bylength,,2,1.418690
i32,unrolledlut,bylength,,2,3.115366
i32,yy,bylength,,2,1.085818
i32,zmij_neon,bylength,,2,1.126508
i32,zmij_scalar,bylength,,2,1.815796
i32,amartin,bylength,,3,1.543045
i32,branchlut,bylength,,3,3.217538
i32,branchlut2,bylength,,3,3.416786
i32,countlut,bylength,,3,2.814472
i32,fmt,bylength,,3,1.334022
i32,jeaiii,bylength,,3,3.027012
i32,naive,bylength,,3,4.019439
i32,null,bylength,,3,0.651101
i32,tmueller,bylength,,3,1.387318
i32,unrolledlut,bylength,,3,3.626674
i32,yy,bylength,,3,1.107315
i32,zmij_neon,bylength,,3,1.115312
i32,zmij_scalar,bylength,,3,1.847079
i32,amartin,bylength,,4,1.531998
i32,branchlut,bylength,,4,3.304849
i32,branchlut2,bylength,,4,3.447860
i32,countlut,bylength,,4,3.029227
i32,fmt,bylength,,4,1.168023
i32,jeaiii,bylength,,4,3.045171
i32,naive,bylength,,4,4.615953
i32,null,bylength,,4,0.651091
i32,tmueller,bylength,,4,1.336267
i32,unrolledlut,bylength,,4,3.508220
i32,yy,bylength,,4,1.097987
i32,zmij_neon,bylength,,4,1.137574
i32,zmij_scalar,bylength,,4,1.849284
i32,amartin,bylength,,5,1.775752
i32,branchlut,bylength,,5,4.229844
i32,branchlut2,bylength,,5,3.526986
i32,countlut,bylength,,5,3.168464
i32,fmt,bylength,,5,1.565377
i32,jeaiii,bylength,,5,3.128837
i32,naive,bylength,,5,5.215178
i32,null,bylength,,5,0.651081
i32,tmueller,bylength,,5,1.357118
i32,unrolledlut,bylength,,5,4.056633
i32,yy,bylength,,5,1.335611
i32,zmij_neon,bylength,,5,1.121193
i32,zmij_scalar,bylength,,5,1.821568
i32,amartin,bylength,,6,1.778841
i32,branchlut,bylength,,6,4.232854
i32,branchlut2,bylength,,6,3.595799
i32,countlut,bylength,,6,3.649652
i32,fmt,bylength,,6,1.584401
i32,jeaiii,bylength,,6,3.489604
i32,naive,bylength,,6,5.652596
i32,null,bylength,,6,0.651787
i32,tmueller,bylength,,6,1.469831
i32,unrolledlut,bylength,,6,3.693511
i32,yy,bylength,,6,1.348794
i32,zmij_neon,bylength,,6,1.115253
i32,zmij_scalar,bylength,,6,1.850376
i32,amartin,bylength,,7,2.233148
i32,branchlut,bylength,,7,3.953467
i32,branchlut2,bylength,,7,3.886829
i32,countlut,bylength,,7,3.958444
i32,fmt,bylength,,7,1.800100
i32,jeaiii,bylength,,7,3.349185
i32,naive,bylength,,7,6.313741
i32,null,bylength,,7,0.651111
i32,tmueller,bylength,,7,1.477391
i32,unrolledlut,bylength,,7,3.371755
i32,yy,bylength,,7,1.592010
i32,zmij_neon,bylength,,7,1.118859
i32,zmij_scalar,bylength,,7,1.835108
i32,amartin,bylength,,8,2.237042
i32,branchlut,bylength,,8,3.936499
i32,branchlut2,bylength,,8,4.016519
i32,countlut,bylength,,8,4.172097
i32,fmt,bylength,,8,1.910796
i32,jeaiii,bylength,,8,3.721178
i32,naive,bylength,,8,6.813347
i32,null,bylength,,8,0.651111
i32,tmueller,bylength,,8,2.682457
i32,unrolledlut,bylength,,8,3.281345
i32,yy,bylength,,8,1.594663
i32,zmij_neon,bylength,,8,1.138141
i32,zmij_scalar,bylength,,8,1.832118
i32,amartin,bylength,,9,1.802276
i32,branchlut,bylength,,9,3.925900
i32,branchlut2,bylength,,9,3.858209
i32,countlut,bylength,,9,4.429042
i32,fmt,bylength,,9,2.045443
i32,jeaiii,bylength,,9,3.792405
i32,naive,bylength,,9,7.637501
i32,null,bylength,,9,0.651787
i32,tmueller,bylength,,9,2.664626
i32,unrolledlut,bylength,,9,3.558705
i32,yy,bylength,,9,1.831144
i32,zmij_neon,bylength,,9,1.135647
i32,zmij_scalar,bylength,,9,1.928170
i32,amartin,bylength,,10,1.806865
i32,branchlut,bylength,,10,4.219472
i32,branchlut2,bylength,,10,3.931830
i32,countlut,bylength,,10,4.381349
i32,fmt,bylength,,10,2.067894
i32,jeaiii,bylength,,10,4.096776
i32,naive,bylength,,10,8.228282
i32,null,bylength,,10,0.651091
i32,tmueller,bylength,,10,2.665699
i32,unrolledlut,bylength,,10,3.111631
i32,yy,bylength,,10,1.841466
i32,zmij_neon,bylength,,10,1.125167
i32,zmij_scalar,bylength,,10,1.840214
i32,amartin,loguniform,1-10,10,3.806145
i32,branchlut,loguniform,1-10,10,7.345594
i32,branchlut2,loguniform,1-10,10,7.334417
i32,countlut,loguniform,1-10,10,7.881012
i32,fmt,loguniform,1-10,10,5.602286
i32,jeaiii,loguniform,1-10,10,7.548706
i32,naive,loguniform,1-10,10,10.013911
i32,null,loguniform,1-10,10,0.651797
i32,tmueller,loguniform,1-10,10,5.195825
i32,unrolledlut,loguniform,1-10,10,7.167310
i32,yy,loguniform,1-10,10,3.447610
i32,zmij_neon,loguniform,1-10,10,1.120511
i32,zmij_scalar,loguniform,1-10,10,1.846751
i32,amartin,loguniform,1-4,4,2.926111
i32,branchlut,loguniform,1-4,4,5.304992
i32,branchlut2,loguniform,1-4,4,5.722443
i32,countlut,loguniform,1-4,4,5.400876
i32,fmt,loguniform,1-4,4,4.517247
i32,jeaiii,loguniform,1-4,4,5.187084
i32,naive,loguniform,1-4,4,5.801082
i32,null,loguniform,1-4,4,0.651787
i32,tmueller,loguniform,1-4,4,2.629628
i32,unrolledlut,loguniform,1-4,4,5.373438
i32,yy,loguniform,1-4,4,2.464622
i32,zmij_neon,loguniform,1-4,4,1.129945
i32,zmij_scalar,loguniform,1-4,4,1.833181
i32,amartin,uniform,0-255,0,2.781411
i32,branchlut,uniform,0-255,0,2.762010
i32,branchlut2,uniform,0-255,0,2.720455
i32,countlut,uniform,0-255,0,2.525717
i32,fmt,uniform,0-255,0,2.575507
i32,jeaiii,uniform,0-255,0,2.194166
i32,naive,uniform,0-255,0,3.648072
i32,null,uniform,0-255,0,0.651111
i32,tmueller,uniform,0-255,0,1.560320
i32,unrolledlut,uniform,0-255,0,2.890190
i32,yy,uniform,0-255,0,2.459347
i32,zmij_neon,uniform,0-255,0,1.147658
i32,zmij_scalar,uniform,0-255,0,1.837532
i32,amartin,unpredictable,,1,2.735843
i32,branchlut,unpredictable,,1,4.173210
i32,branchlut2,unpredictable,,1,3.332397
i32,countlut,unpredictable,,1,5.083879
i32,fmt,unpredictable,,1,3.575176
i32,jeaiii,unpredictable,,1,4.661282
i32,naive,unpredictable,,1,6.157686
i32,null,unpredictable,,1,0.651141
i32,tmueller,unpredictable,,1,1.624892
i32,unrolledlut,unpredictable,,1,3.692120
i32,yy,unpredictable,,1,3.427505
i32,zmij_neon,unpredictable,,1,1.126091
i32,zmij_scalar,unpredictable,,1,2.015512
i32,amartin,unpredictable,,2,2.865623
i32,branchlut,unpredictable,,2,4.196594
i32,branchlut2,unpredictable,,2,3.289084
i32,countlut,unpredictable,,2,4.963537
i32,fmt,unpredictable,,2,3.351341
i32,jeaiii,unpredictable,,2,4.820049
i32,naive,unpredictable,,2,6.284684
i32,null,unpredictable,,2,0.650307
i32,tmueller,unpredictable,,2,1.782347
i32,unrolledlut,unpredictable,,2,3.454993
i32,yy,unpredictable,,2,3.434221
i32,zmij_neon,unpredictable,,2,1.127839
i32,zmij_scalar,unpredictable,,2,1.886865
i32,amartin,unpredictable,,3,2.776831
i32,branchlut,unpredictable,,3,4.297743
i32,branchlut2,unpredictable,,3,3.706137
i32,countlut,unpredictable,,3,4.867455
i32,fmt,unpredictable,,3,2.952705
i32,jeaiii,unpredictable,,3,2.891044
i32,naive,unpredictable,,3,6.537109
i32,null,unpredictable,,3,0.650346
i32,tmueller,unpredictable,,3,1.924028
i32,unrolledlut,unpredictable,,3,3.355056
i32,yy,unpredictable,,3,3.272335
i32,zmij_neon,unpredictable,,3,1.149813
i32,zmij_scalar,unpredictable,,3,1.893739
i32,amartin,unpredictable,,4,2.721876
i32,branchlut,unpredictable,,4,4.834464
i32,branchlut2,unpredictable,,4,3.929595
i32,countlut,unpredictable,,4,4.680852
i32,fmt,unpredictable,,4,3.058543
i32,jeaiii,unpredictable,,4,3.318111
i32,naive,unpredictable,,4,6.939620
i32,null,unpredictable,,4,0.651737
i32,tmueller,unpredictable,,4,2.273411
i32,unrolledlut,unpredictable,,4,3.350327
i32,yy,unpredictable,,4,3.059089
i32,zmij_neon,unpredictable,,4,1.127104
i32,zmij_scalar,unpredictable,,4,1.848261
i32,amartin,unpredictable,,5,2.495975
i32,branchlut,unpredictable,,5,4.433265
i32,branchlut2,unpredictable,,5,3.973404
i32,countlut,unpredictable,,5,4.461189
i32,fmt,unpredictable,,5,2.491703
i32,jeaiii,unpredictable,,5,3.135204
i32,naive,unpredictable,,5,7.279128
i32,null,unpredictable,,5,0.651737
i32,tmueller,unpredictable,,5,2.275576
i32,unrolledlut,unpredictable,,5,4.044761
i32,yy,unpredictable,,5,2.970954
i32,zmij_neon,unpredictable,,5,1.169602
i32,zmij_scalar,unpredictable,,5,1.897693
i32,amartin,unpredictable,,6,2.456893
i32,branchlut,unpredictable,,6,4.383653
i32,branchlut2,unpredictable,,6,4.038712
i32,countlut,unpredictable,,6,4.472017
i32,fmt,unpredictable,,6,2.820899
i32,jeaiii,unpredictable,,6,3.134509
i32,naive,unpredictable,,6,7.282844
i32,null,unpredictable,,6,0.651459
i32,tmueller,unpredictable,,6,2.393235
i32,unrolledlut,unpredictable,,6,3.706406
i32,yy,unpredictable,,6,3.170153
i32,zmij_neon,unpredictable,,6,1.152317
i32,zmij_scalar,unpredictable,,6,1.850824
i32,amartin,unpredictable,,7,2.971520
i32,branchlut,unpredictable,,7,4.335513
i32,branchlut2,unpredictable,,7,4.500171
i32,countlut,unpredictable,,7,4.125476
i32,fmt,unpredictable,,7,2.616137
i32,jeaiii,unpredictable,,7,3.428022
i32,naive,unpredictable,,7,7.723501
i32,null,unpredictable,,7,0.651697
i32,tmueller,unpredictable,,7,2.384613
i32,unrolledlut,unpredictable,,7,4.897008
i32,yy,unpredictable,,7,2.823909
i32,zmij_neon,unpredictable,,7,1.161019
i32,zmij_scalar,unpredictable,,7,2.017280
i32,amartin,unpredictable,,8,3.056893
i32,branchlut,unpredictable,,8,4.793614
i32,branchlut2,unpredictable,,8,4.701555
i32,countlut,unpredictable,,8,4.286508
i32,fmt,unpredictable,,8,2.705365
i32,jeaiii,unpredictable,,8,3.678103
i32,naive,unpredictable,,8,7.904420
i32,null,unpredictable,,8,0.650366
i32,tmueller,unpredictable,,8,3.108114
i32,unrolledlut,unpredictable,,8,4.765342
i32,yy,unpredictable,,8,2.909800
i32,zmij_neon,unpredictable,,8,1.168628
i32,zmij_scalar,unpredictable,,8,1.889884
i32,amartin,unpredictable,,9,4.855802
i32,branchlut,unpredictable,,9,4.968971
i32,branchlut2,unpredictable,,9,6.321768
i32,countlut,unpredictable,,9,4.669865
i32,fmt,unpredictable,,9,3.116061
i32,jeaiii,unpredictable,,9,3.626565
i32,naive,unpredictable,,9,8.236537
i32,null,unpredictable,,9,0.650346
i32,tmueller,unpredictable,,9,3.186097
i32,unrolledlut,unpredictable,,9,5.713095
i32,yy,unpredictable,,9,3.247460
i32,zmij_neon,unpredictable,,9,1.139522
i32,zmij_scalar,unpredictable,,9,1.851360
i32,amartin,unpredictable,,10,4.830688
i32,branchlut,unpredictable,,10,5.437265
i32,branchlut2,unpredictable,,10,6.404737
i32,countlut,unpredictable,,10,5.121351
i32,fmt,unpredictable,,10,3.088286
i32,jeaiii,unpredictable,,10,4.055798
i32,naive,unpredictable,,10,8.899480
i32,null,unpredictable,,10,0.650346
i32,tmueller,unpredictable,,10,3.186355
i32,unrolledlut,unpredictable,,10,5.679160
i32,yy,unpredictable,,10,3.194471
i32,zmij_neon,unpredictable,,10,1.186768
i32,zmij_scalar,unpredictable,,10,1.868089
i32,amartin,admixture,5x6,0,1.798074
i32,branchlut,admixture,5x6,0,4.265418
i32,branchlut2,admixture,5x6,0,3.593961
i32,countlut,admixture,5x6,0,3.771305
i32,fmt,admixture,5x6,0,1.577665
i32,jeaiii,admixture,5x6,0,3.481696
i32,naive,admixture,5x6,0,5.890220
i32,null,admixture,5x6,0,0.651787
i32,tmueller,admixture,5x6,0,1.475453
i32,unrolledlut,admixture,5x6,0,3.751814
i32,yy,admixture,5x6,0,1.576900
i32,zmij_neon,admixture,5x6,0,1.127928
i32,zmij_scalar,admixture,5x6,0,1.912991
i32,amartin,admixture,5x6,10,1.808494
i32,branchlut,admixture,5x6,10,4.474918
i32,branchlut2,admixture,5x6,10,3.855318
i32,countlut,admixture,5x6,10,3.784289
i32,fmt,admixture,5x6,10,2.184490
i32,jeaiii,admixture,5x6,10,3.325939
i32,naive,admixture,5x6,10,6.207188
i32,null,admixture,5x6,10,0.651797
i32,tmueller,admixture,5x6,10,1.936565
i32,unrolledlut,admixture,5x6,10,3.864477
i32,yy,admixture,5x6,10,1.543750
i32,zmij_neon,admixture,5x6,10,1.134644
i32,zmij_scalar,admixture,5x6,10,1.864652
i32,amartin,admixture,5x6,20,1.804491
i32,branchlut,admixture,5x6,20,4.848570
i32,branchlut2,admixture,5x6,20,4.014244
i32,countlut,admixture,5x6,20,4.239887
i32,fmt,admixture,5x6,20,2.692203
i32,jeaiii,admixture,5x6,20,3.583689
i32,naive,admixture,5x6,20,6.701261
i32,null,admixture,5x6,20,0.651787
i32,tmueller,admixture,5x6,20,2.444376
i32,unrolledlut,admixture,5x6,20,4.102628
i32,yy,admixture,5x6,20,1.554032
i32,zmij_neon,admixture,5x6,20,1.133075
i32,zmij_scalar,admixture,5x6,20,1.838773
i32,amartin,admixture,5x6,30,1.803070
i32,branchlut,admixture,5x6,30,5.175958
i32,branchlut2,admixture,5x6,30,4.379064
i32,countlut,admixture,5x6,30,4.945944
i32,fmt,admixture,5x6,30,3.278255
i32,jeaiii,admixture,5x6,30,3.918956
i32,naive,admixture,5x6,30,7.235408
i32,null,admixture,5x6,30,0.651091
i32,tmueller,admixture,5x6,30,2.888272
i32,unrolledlut,admixture,5x6,30,4.414787
i32,yy,admixture,5x6,30,1.567076
i32,zmij_neon,admixture,5x6,30,1.130521
i32,zmij_scalar,admixture,5x6,30,1.858493
i32,amartin,admixture,5x6,40,1.815041
i32,branchlut,admixture,5x6,40,5.518158
i32,branchlut2,admixture,5x6,40,4.762342
i32,countlut,admixture,5x6,40,5.167832
i32,fmt,admixture,5x6,40,3.520856
i32,jeaiii,admixture,5x6,40,4.409363
i32,naive,admixture,5x6,40,7.787665
i32,null,admixture,5x6,40,0.651101
i32,tmueller,admixture,5x6,40,3.315916
i32,unrolledlut,admixture,5x6,40,4.765689
i32,yy,admixture,5x6,40,1.539012
i32,zmij_neon,admixture,5x6,40,1.135498
i32,zmij_scalar,admixture,5x6,40,1.849135
i32,amartin,admixture,5x6,50,1.800905
i32,branchlut,admixture,5x6,50,5.746881
i32,branchlut2,admixture,5x6,50,5.150477
i32,countlut,admixture,5x6,50,5.236149
i32,fmt,admixture,5x6,50,3.931781
i32,jeaiii,admixture,5x6,50,4.484564
i32,naive,admixture,5x6,50,8.213182
i32,null,admixture,5x6,50,0.651797
i32,tmueller,admixture,5x6,50,3.618459
i32,unrolledlut,admixture,5x6,50,4.917771
i32,yy,admixture,5x6,50,1.547506
i32,zmij_neon,admixture,5x6,50,1.126111
i32,zmij_scalar,admixture,5x6,50,1.842688
i32,amartin,admixture,5x6,60,1.797507
i32,branchlut,admixture,5x6,60,5.480359
i32,branchlut2,admixture,5x6,60,4.947047
i32,countlut,admixture,5x6,60,5.072196
i32,fmt,admixture,5x6,60,3.734757
i32,jeaiii,admixture,5x6,60,4.240552
i32,naive,admixture,5x6,60,7.781962
i32,null,admixture,5x6,60,0.651091
i32,tmueller,admixture,5x6,60,3.375550
i32,unrolledlut,admixture,5x6,60,4.856139
i32,yy,admixture,5x6,60,1.560678
i32,zmij_neon,admixture,5x6,60,1.146287
i32,zmij_scalar,admixture,5x6,60,1.842926
i32,amartin,admixture,5x6,70,1.798590
i32,branchlut,admixture,5x6,70,5.122384
i32,branchlut2,admixture,5x6,70,4.366159
i32,countlut,admixture,5x6,70,4.679700
i32,fmt,admixture,5x6,70,3.116896
i32,jeaiii,admixture,5x6,70,3.967216
i32,naive,admixture,5x6,70,7.071574
i32,null,admixture,5x6,70,0.651787
i32,tmueller,admixture,5x6,70,2.844343
i32,unrolledlut,admixture,5x6,70,4.509081
i32,yy,admixture,5x6,70,1.564493
i32,zmij_neon,admixture,5x6,70,1.129319
i32,zmij_scalar,admixture,5x6,70,1.853436
i32,amartin,admixture,5x6,80,1.804670
i32,branchlut,admixture,5x6,80,4.811525
i32,branchlut2,admixture,5x6,80,3.956189
i32,countlut,admixture,5x6,80,4.103800
i32,fmt,admixture,5x6,80,2.638966
i32,jeaiii,admixture,5x6,80,3.615191
i32,naive,admixture,5x6,80,6.367624
i32,null,admixture,5x6,80,0.651807
i32,tmueller,admixture,5x6,80,2.380659
i32,unrolledlut,admixture,5x6,80,4.215240
i32,yy,admixture,5x6,80,1.559247
i32,zmij_neon,admixture,5x6,80,1.128703
i32,zmij_scalar,admixture,5x6,80,1.858711
i32,amartin,admixture,5x6,90,1.812150
i32,branchlut,admixture,5x6,90,4.455378
i32,branchlut2,admixture,5x6,90,3.684352
i32,countlut,admixture,5x6,90,3.537973
i32,fmt,admixture,5x6,90,2.195736
i32,jeaiii,admixture,5x6,90,3.257374
i32,naive,admixture,5x6,90,5.754739
i32,null,admixture,5x6,90,0.652264
i32,tmueller,admixture,5x6,90,1.860062
i32,unrolledlut,admixture,5x6,90,4.091124
i32,yy,admixture,5x6,90,1.569738
i32,zmij_neon,admixture,5x6,90,1.137604
i32,zmij_scalar,admixture,5x6,90,1.861085
i32,amartin,admixture,5x6,100,1.815866
i32,branchlut,admixture,5x6,100,4.208684
i32,branchlut2,admixture,5x6,100,3.653526
i32,countlut,admixture,5x6,100,3.274570
i32,fmt,admixture,5x6,100,1.595726
i32,jeaiii,admixture,5x6,100,3.169199
i32,naive,admixture,5x6,100,5.314936
i32,null,admixture,5x6,100,0.651091
i32,tmueller,admixture,5x6,100,1.361718
i32,unrolledlut,admixture,5x6,100,4.030993
i32,yy,admixture,5x6,100,1.544019
i32,zmij_neon,admixture,5x6,100,1.135707
i32,zmij_scalar,admixture,5x6,100,1.863390
u64,amartin,bylength,,1,0.891656
u64,branchlut,bylength,,1,1.130362
u64,branchlut2,bylength,,1,0.661572
u64,countlut,bylength,,1,1.143306
u64,fmt,bylength,,1,0.908713
u64,jeaiii,bylength,,1,0.660896
u64,naive,bylength,,1,1.143058
u64,null,bylength,,1,0.651111
u64,tmueller,bylength,,1,0.651131
u64,unrolledlut,bylength,,1,1.415769
u64,yy,bylength,,1,1.085818
u64,zmij_neon,bylength,,1,1.604070
u64,zmij_scalar,bylength,,1,3.071547
u64,amartin,bylength,,2,0.891139
u64,branchlut,bylength,,2,1.362741
u64,branchlut2,bylength,,2,0.892182
u64,countlut,bylength,,2,1.122375
u64,fmt,bylength,,2,1.109908
u64,jeaiii,bylength,,2,0.868817
u64,naive,bylength,,2,1.595587
u64,null,bylength,,2,0.651777
u64,tmueller,bylength,,2,1.274924
u64,unrolledlut,bylength,,2,1.344800
u64,yy,bylength,,2,1.085798
u64,zmij_neon,bylength,,2,1.611412
u64,zmij_scalar,bylength,,2,3.076325
u64,amartin,bylength,,3,1.554201
u64,branchlut,bylength,,3,1.349747
u64,branchlut2,bylength,,3,1.103044
u64,countlut,bylength,,3,1.597494
u64,fmt,bylength,,3,1.339078
u64,jeaiii,bylength,,3,1.116345
u64,naive,bylength,,3,2.059082
u64,null,bylength,,3,0.651797
u64,tmueller,bylength,,3,1.352290
u64,unrolledlut,bylength,,3,1.776179
u64,yy,bylength,,3,1.128823
u64,zmij_neon,bylength,,3,1.614124
u64,zmij_scalar,bylength,,3,3.069659
u64,amartin,bylength,,4,1.561602
u64,branchlut,bylength,,4,1.341929
u64,branchlut2,bylength,,4,1.331498
u64,countlut,bylength,,4,1.791358
u64,fmt,bylength,,4,1.131554
u64,jeaiii,bylength,,4,1.324276
u64,naive,bylength,,4,2.521237
u64,null,bylength,,4,0.653853
u64,tmueller,bylength,,4,1.551032
u64,unrolledlut,bylength,,4,1.794726
u64,yy,bylength,,4,1.105309
u64,zmij_neon,bylength,,4,1.614630
u64,zmij_scalar,bylength,,4,3.075043
u64,amartin,bylength,,5,1.600564
u64,branchlut,bylength,,5,1.873066
u64,branchlut2,bylength,,5,1.375695
u64,countlut,bylength,,5,2.038280
u64,fmt,bylength,,5,1.586646
u64,jeaiii,bylength,,5,1.341115
u64,naive,bylength,,5,3.163765
u64,null,bylength,,5,0.655274
u64,tmueller,bylength,,5,1.586397
u64,unrolledlut,bylength,,5,2.329866
u64,yy,bylength,,5,1.154194
u64,zmij_neon,bylength,,5,1.613200
u64,zmij_scalar,bylength,,5,3.070553
u64,amartin,bylength,,6,1.607776
u64,branchlut,bylength,,6,1.833836
u64,branchlut2,bylength,,6,1.563301
u64,countlut,bylength,,6,2.251347
u64,fmt,bylength,,6,1.587421
u64,jeaiii,bylength,,6,1.563132
u64,naive,bylength,,6,3.530006
u64,null,bylength,,6,0.656088
u64,tmueller,bylength,,6,1.792610
u64,unrolledlut,bylength,,6,2.077381
u64,yy,bylength,,6,1.163115
u64,zmij_neon,bylength,,6,1.613776
u64,zmij_scalar,bylength,,6,3.077388
u64,amartin,bylength,,7,2.055397
u64,branchlut,bylength,,7,1.804948
u64,branchlut2,bylength,,7,1.700580
u64,countlut,bylength,,7,2.499402
u64,fmt,bylength,,7,1.823892
u64,jeaiii,bylength,,7,1.578043
u64,naive,bylength,,7,4.022837
u64,null,bylength,,7,0.655631
u64,tmueller,bylength,,7,1.823385
u64,unrolledlut,bylength,,7,1.732200
u64,yy,bylength,,7,1.593659
u64,zmij_neon,bylength,,7,1.612226
u64,zmij_scalar,bylength,,7,3.074249
u64,amartin,bylength,,8,2.051701
u64,branchlut,bylength,,8,1.859347
u64,branchlut2,bylength,,8,1.792133
u64,countlut,bylength,,8,2.730469
u64,fmt,bylength,,8,1.822839
u64,jeaiii,bylength,,8,1.775662
u64,naive,bylength,,8,4.506280
u64,null,bylength,,8,0.656545
u64,tmueller,bylength,,8,2.028664
u64,unrolledlut,bylength,,8,1.716892
u64,yy,bylength,,8,1.578271
u64,zmij_neon,bylength,,8,1.618942
u64,zmij_scalar,bylength,,8,3.075033
u64,amartin,bylength,,9,1.844217
u64,branchlut,bylength,,9,3.452778
u64,branchlut2,bylength,,9,2.030174
u64,countlut,bylength,,9,2.326151
u64,fmt,bylength,,9,2.065629
u64,jeaiii,bylength,,9,1.792034
u64,naive,bylength,,9,5.300641
u64,null,bylength,,9,0.652869
u64,tmueller,bylength,,9,2.058089
u64,unrolledlut,bylength,,9,1.848429
u64,yy,bylength,,9,1.877228
u64,zmij_neon,bylength,,9,1.614680
u64,zmij_scalar,bylength,,9,3.070990
u64,amartin,bylength,,10,4.107793
u64,branchlut,bylength,,10,3.619949
u64,branchlut2,bylength,,10,2.135197
u64,countlut,bylength,,10,2.411227
u64,fmt,bylength,,10,2.488762
u64,jeaiii,bylength,,10,3.260265
u64,naive,bylength,,10,5.902628
u64,null,bylength,,10,0.651787
u64,tmueller,bylength,,10,2.269099
u64,unrolledlut,bylength,,10,3.718724
u64,yy,bylength,,10,1.881113
u64,zmij_neon,bylength,,10,1.616786
u64,zmij_scalar,bylength,,10,3.078510
u64,amartin,bylength,,11,3.214389
u64,branchlut,bylength,,11,3.558099
u64,branchlut2,bylength,,11,2.442926
u64,countlut,bylength,,11,2.704452
u64,fmt,bylength,,11,2.337595
u64,jeaiii,bylength,,11,1.965423
u64,naive,bylength,,11,6.256362
u64,null,bylength,,11,0.651747
u64,tmueller,bylength,,11,2.325485
u64,unrolledlut,bylength,,11,2.751817
u64,yy,bylength,,11,2.339641
u64,zmij_neon,bylength,,11,1.611700
u64,zmij_scalar,bylength,,11,3.068755
u64,amartin,bylength,,12,3.209074
u64,branchlut,bylength,,12,3.629823
u64,branchlut2,bylength,,12,2.548814
u64,countlut,bylength,,12,2.853463
u64,fmt,bylength,,12,2.357880
u64,jeaiii,bylength,,12,2.067874
u64,naive,bylength,,12,7.272949
u64,null,bylength,,12,0.652552
u64,tmueller,bylength,,12,2.513289
u64,unrolledlut,bylength,,12,2.753933
u64,yy,bylength,,12,2.339502
u64,zmij_neon,bylength,,12,1.620263
u64,zmij_scalar,bylength,,12,3.071447
u64,amartin,bylength,,13,3.451069
u64,branchlut,bylength,,13,3.656149
u64,branchlut2,bylength,,13,2.772073
u64,countlut,bylength,,13,3.112525
u64,fmt,bylength,,13,2.657632
u64,jeaiii,bylength,,13,2.130906
u64,naive,bylength,,13,7.939418
u64,null,bylength,,13,0.655264
u64,tmueller,bylength,,13,2.678464
u64,unrolledlut,bylength,,13,3.203174
u64,yy,bylength,,13,2.604296
u64,zmij_neon,bylength,,13,1.612961
u64,zmij_scalar,bylength,,13,3.071149
u64,amartin,bylength,,14,3.446142
u64,branchlut,bylength,,14,3.634830
u64,branchlut2,bylength,,14,2.776792
u64,countlut,bylength,,14,3.259490
u64,fmt,bylength,,14,2.987881
u64,jeaiii,bylength,,14,2.296915
u64,naive,bylength,,14,8.410275
u64,null,bylength,,14,0.651797
u64,tmueller,bylength,,14,2.765884
u64,unrolledlut,bylength,,14,2.965560
u64,yy,bylength,,14,2.600243
u64,zmij_neon,bylength,,14,1.614918
u64,zmij_scalar,bylength,,14,3.074656
u64,amartin,bylength,,15,3.909548
u64,branchlut,bylength,,15,3.760338
u64,branchlut2,bylength,,15,3.177176
u64,countlut,bylength,,15,3.574997
u64,fmt,bylength,,15,3.138810
u64,jeaiii,bylength,,15,2.496024
u64,naive,bylength,,15,9.027769
u64,null,bylength,,15,0.651797
u64,tmueller,bylength,,15,3.140152
u64,unrolledlut,bylength,,15,2.903422
u64,yy,bylength,,15,2.724598
u64,zmij_neon,bylength,,15,1.617859
u64,zmij_scalar,bylength,,15,3.069937
u64,amartin,bylength,,16,3.896604
u64,branchlut,bylength,,16,3.706922
u64,branchlut2,bylength,,16,3.270497
u64,countlut,bylength,,16,3.753324
u64,fmt,bylength,,16,3.226916
u64,jeaiii,bylength,,16,2.392143
u64,naive,bylength,,16,9.767364
u64,null,bylength,,16,0.654250
u64,tmueller,bylength,,16,3.108114
u64,unrolledlut,bylength,,16,2.936870
u64,yy,bylength,,16,2.716879
u64,zmij_neon,bylength,,16,1.619160
u64,zmij_scalar,bylength,,16,3.076524
u64,amartin,bylength,,17,3.695627
u64,branchlut,bylength,,17,3.399323
u64,branchlut2,bylength,,17,3.436089
u64,countlut,bylength,,17,3.694504
u64,fmt,bylength,,17,3.685474
u64,jeaiii,bylength,,17,2.598435
u64,naive,bylength,,17,10.527432
u64,null,bylength,,17,0.657409
u64,tmueller,bylength,,17,3.642748
u64,unrolledlut,bylength,,17,3.070642
u64,yy,bylength,,17,2.826273
u64,zmij_neon,bylength,,17,1.618912
u64,zmij_scalar,bylength,,17,3.082911
u64,amartin,bylength,,18,5.322874
u64,branchlut,bylength,,18,3.415277
u64,branchlut2,bylength,,18,3.453463
u64,countlut,bylength,,18,3.831307
u64,fmt,bylength,,18,3.559729
u64,jeaiii,bylength,,18,4.157344
u64,naive,bylength,,18,11.315862
u64,null,bylength,,18,0.656684
u64,tmueller,bylength,,18,3.588577
u64,unrolledlut,bylength,,18,4.658888
u64,yy,bylength,,18,2.822876
u64,zmij_neon,bylength,,18,1.619528
u64,zmij_scalar,bylength,,18,3.080487
u64,amartin,bylength,,19,3.918916
u64,branchlut,bylength,,19,3.702094
u64,branchlut2,bylength,,19,3.890504
u64,countlut,bylength,,19,4.128158
u64,fmt,bylength,,19,4.154364
u64,jeaiii,bylength,,19,3.176342
u64,naive,bylength,,19,12.137572
u64,null,bylength,,19,0.656952
u64,tmueller,bylength,,19,4.170855
u64,unrolledlut,bylength,,19,3.338993
u64,yy,bylength,,19,2.906631
u64,zmij_neon,bylength,,19,1.618385
u64,zmij_scalar,bylength,,19,3.084252
u64,amartin,bylength,,20,3.923883
u64,branchlut,bylength,,20,3.860782
u64,branchlut2,bylength,,20,3.963192
u64,countlut,bylength,,20,4.200210
u64,fmt,bylength,,20,3.976425
u64,jeaiii,bylength,,20,3.202071
u64,naive,bylength,,20,13.042380
u64,null,bylength,,20,0.653704
u64,tmueller,bylength,,20,4.036149
u64,unrolledlut,bylength,,20,3.363023
u64,yy,bylength,,20,2.904276
u64,zmij_neon,bylength,,20,1.621058
u64,zmij_scalar,bylength,,20,3.020704
u64,amartin,loguniform,1-20,20,6.853138
u64,branchlut,loguniform,1-20,20,7.713403
u64,branchlut2,loguniform,1-20,20,8.617200
u64,countlut,loguniform,1-20,20,7.844605
u64,fmt,loguniform,1-20,20,9.185043
u64,jeaiii,loguniform,1-20,20,7.852057
u64,naive,loguniform,1-20,20,16.089066
u64,null,loguniform,1-20,20,0.651787
u64,tmueller,loguniform,1-20,20,8.902975
u64,unrolledlut,loguniform,1-20,20,8.300135
u64,yy,loguniform,1-20,20,6.196750
u64,zmij_neon,loguniform,1-20,20,1.613703
u64,zmij_scalar,loguniform,1-20,20,3.082919
u64,amartin,loguniform,1-4,4,2.982636
u64,branchlut,loguniform,1-4,4,3.001998
u64,branchlut2,loguniform,1-4,4,3.134042
u64,countlut,loguniform,1-4,4,3.480554
u64,fmt,loguniform,1-4,4,3.743172
u64,jeaiii,loguniform,1-4,4,3.992289
u64,naive,loguniform,1-4,4,5.103270
u64,null,loguniform,1-4,4,0.651777
u64,tmueller,loguniform,1-4,4,2.866904
u64,unrolledlut,loguniform,1-4,4,4.382133
u64,yy,loguniform,1-4,4,2.614260
u64,zmij_neon,loguniform,1-4,4,1.614481
u64,zmij_scalar,loguniform,1-4,4,3.088921
u64,amartin,uniform,0-255,0,2.787818
u64,branchlut,uniform,0-255,0,2.614290
u64,branchlut2,uniform,0-255,0,2.211531
u64,countlut,uniform,0-255,0,2.439519
u64,fmt,uniform,0-255,0,2.388547
u64,jeaiii,uniform,0-255,0,2.319584
u64,naive,uniform,0-255,0,3.715873
u64,null,uniform,0-255,0,0.651797
u64,tmueller,uniform,0-255,0,2.409597
u64,unrolledlut,uniform,0-255,0,3.165106
u64,yy,uniform,0-255,0,2.410064
u64,zmij_neon,uniform,0-255,0,1.616478
u64,zmij_scalar,uniform,0-255,0,3.087044
u64,amartin,unpredictable,,1,2.070218
u64,branchlut,unpredictable,,1,2.305557
u64,branchlut2,unpredictable,,1,1.661807
u64,countlut,unpredictable,,1,2.718071
u64,fmt,unpredictable,,1,3.429165
u64,jeaiii,unpredictable,,1,2.446502
u64,naive,unpredictable,,1,4.533182
u64,null,unpredictable,,1,0.650356
u64,tmueller,unpredictable,,1,3.621509
u64,unrolledlut,unpredictable,,1,2.418449
u64,yy,unpredictable,,1,2.545645
u64,zmij_neon,unpredictable,,1,1.616438
u64,zmij_scalar,unpredictable,,1,3.073126
u64,amartin,unpredictable,,2,2.266218
u64,branchlut,unpredictable,,2,2.332678
u64,branchlut2,unpredictable,,2,1.692603
u64,countlut,unpredictable,,2,2.334813
u64,fmt,unpredictable,,2,3.628224
u64,jeaiii,unpredictable,,2,2.222727
u64,naive,unpredictable,,2,4.961024
u64,null,unpredictable,,2,0.651767
u64,tmueller,unpredictable,,2,3.765712
u64,unrolledlut,unpredictable,,2,2.229045
u64,yy,unpredictable,,2,2.368500
u64,zmij_neon,unpredictable,,2,1.623133
u64,zmij_scalar,unpredictable,,2,3.087968
u64,amartin,unpredictable,,3,2.703339
u64,branchlut,unpredictable,,3,2.518306
u64,branchlut2,unpredictable,,3,2.023945
u64,countlut,unpredictable,,3,2.810041
u64,fmt,unpredictable,,3,3.358116
u64,jeaiii,unpredictable,,3,1.820475
u64,naive,unpredictable,,3,6.381899
u64,null,unpredictable,,3,0.651727
u64,tmueller,unpredictable,,3,3.617177
u64,unrolledlut,unpredictable,,3,2.442589
u64,yy,unpredictable,,3,2.449661
u64,zmij_neon,unpredictable,,3,1.619756
u64,zmij_scalar,unpredictable,,3,3.079146
u64,amartin,unpredictable,,4,2.790302
u64,branchlut,unpredictable,,4,2.885411
u64,branchlut2,unpredictable,,4,2.606282
u64,countlut,unpredictable,,4,2.643963
u64,fmt,unpredictable,,4,3.330201
u64,jeaiii,unpredictable,,4,2.055754
u64,naive,unpredictable,,4,6.579846
u64,null,unpredictable,,4,0.650356
u64,tmueller,unpredictable,,4,3.640761
u64,unrolledlut,unpredictable,,4,2.305598
u64,yy,unpredictable,,4,2.608051
u64,zmij_neon,unpredictable,,4,1.625876
u64,zmij_scalar,unpredictable,,4,3.074397
u64,amartin,unpredictable,,5,2.659609
u64,branchlut,unpredictable,,5,2.939592
u64,branchlut2,unpredictable,,5,2.607335
u64,countlut,unpredictable,,5,2.709051
u64,fmt,unpredictable,,5,3.592839
u64,jeaiii,unpredictable,,5,1.856714
u64,naive,unpredictable,,5,6.639013
u64,null,unpredictable,,5,0.650396
u64,tmueller,unpredictable,,5,3.715863
u64,unrolledlut,unpredictable,,5,2.952268
u64,yy,unpredictable,,5,2.885272
u64,zmij_neon,unpredictable,,5,1.618306
u64,zmij_scalar,unpredictable,,5,3.079603
u64,amartin,unpredictable,,6,2.539168
u64,branchlut,unpredictable,,6,3.074914
u64,branchlut2,unpredictable,,6,2.358764
u64,countlut,unpredictable,,6,2.832810
u64,fmt,unpredictable,,6,3.578057
u64,jeaiii,unpredictable,,6,2.004951
u64,naive,unpredictable,,6,7.117798
u64,null,unpredictable,,6,0.657230
u64,tmueller,unpredictable,,6,3.735036
u64,unrolledlut,unpredictable,,6,2.654642
u64,yy,unpredictable,,6,2.561122
u64,zmij_neon,unpredictable,,6,1.610279
u64,zmij_scalar,unpredictable,,6,3.080437
u64,amartin,unpredictable,,7,3.091067
u64,branchlut,unpredictable,,7,2.912194
u64,branchlut2,unpredictable,,7,2.841383
u64,countlut,unpredictable,,7,3.366391
u64,fmt,unpredictable,,7,3.654371
u64,jeaiii,unpredictable,,7,2.346843
u64,naive,unpredictable,,7,7.566601
u64,null,unpredictable,,7,0.650336
u64,tmueller,unpredictable,,7,3.692875
u64,unrolledlut,unpredictable,,7,3.247967
u64,yy,unpredictable,,7,3.105233
u64,zmij_neon,unpredictable,,7,1.605213
u64,zmij_scalar,unpredictable,,7,3.076384
u64,amartin,unpredictable,,8,2.728333
u64,branchlut,unpredictable,,8,3.520380
u64,branchlut2,unpredictable,,8,2.884934
u64,countlut,unpredictable,,8,3.615717
u64,fmt,unpredictable,,8,3.646304
u64,jeaiii,unpredictable,,8,2.603005
u64,naive,unpredictable,,8,7.261266
u64,null,unpredictable,,8,0.658025
u64,tmueller,unpredictable,,8,3.785223
u64,unrolledlut,unpredictable,,8,3.043741
u64,yy,unpredictable,,8,2.764036
u64,zmij_neon,unpredictable,,8,1.603523
u64,zmij_scalar,unpredictable,,8,3.005634
u64,amartin,unpredictable,,9,3.700723
u64,branchlut,unpredictable,,9,4.025509
u64,branchlut2,unpredictable,,9,2.440800
u64,countlut,unpredictable,,9,2.954543
u64,fmt,unpredictable,,9,3.440688
u64,jeaiii,unpredictable,,9,2.489100
u64,naive,unpredictable,,9,7.564555
u64,null,unpredictable,,9,0.651727
u64,tmueller,unpredictable,,9,3.638556
u64,unrolledlut,unpredictable,,9,3.637443
u64,yy,unpredictable,,9,2.780249
u64,zmij_neon,unpredictable,,9,1.619597
u64,zmij_scalar,unpredictable,,9,2.984732
u64,amartin,unpredictable,,10,6.763270
u64,branchlut,unpredictable,,10,4.066537
u64,branchlut2,unpredictable,,10,2.449025
u64,countlut,unpredictable,,10,3.086805
u64,fmt,unpredictable,,10,3.521055
u64,jeaiii,unpredictable,,10,5.370091
u64,naive,unpredictable,,10,8.040935
u64,null,unpredictable,,10,0.651767
u64,tmueller,unpredictable,,10,3.801296
u64,unrolledlut,unpredictable,,10,6.262968
u64,yy,unpredictable,,10,2.620468
u64,zmij_neon,unpredictable,,10,1.619975
u64,zmij_scalar,unpredictable,,10,3.004243
u64,amartin,unpredictable,,11,4.055451
u64,branchlut,unpredictable,,11,4.026046
u64,branchlut2,unpredictable,,11,2.704014
u64,countlut,unpredictable,,11,3.269752
u64,fmt,unpredictable,,11,3.594984
u64,jeaiii,unpredictable,,11,2.156109
u64,naive,unpredictable,,11,8.687705
u64,null,unpredictable,,11,0.650376
u64,tmueller,unpredictable,,11,3.724009
u64,unrolledlut,unpredictable,,11,2.989024
u64,yy,unpredictable,,11,2.895524
u64,zmij_neon,unpredictable,,11,1.589457
u64,zmij_scalar,unpredictable,,11,3.011575
u64,amartin,unpredictable,,12,4.037510
u64,branchlut,unpredictable,,12,4.258802
u64,branchlut2,unpredictable,,12,2.619813
u64,countlut,unpredictable,,12,3.263255
u64,fmt,unpredictable,,12,3.603151
u64,jeaiii,unpredictable,,12,2.425720
u64,naive,unpredictable,,12,8.841306
u64,null,unpredictable,,12,0.651727
u64,tmueller,unpredictable,,12,3.954937
u64,unrolledlut,unpredictable,,12,3.094703
u64,yy,unpredictable,,12,2.560864
u64,zmij_neon,unpredictable,,12,1.571635
u64,zmij_scalar,unpredictable,,12,3.006528
u64,amartin,unpredictable,,13,4.148513
u64,branchlut,unpredictable,,13,4.447907
u64,branchlut2,unpredictable,,13,3.098756
u64,countlut,unpredictable,,13,3.592908
u64,fmt,unpredictable,,13,3.686776
u64,jeaiii,unpredictable,,13,2.339214
u64,naive,unpredictable,,13,9.466459
u64,null,unpredictable,,13,0.651767
u64,tmueller,unpredictable,,13,3.856113
u64,unrolledlut,unpredictable,,13,3.497730
u64,yy,unpredictable,,13,2.513041
u64,zmij_neon,unpredictable,,13,1.585722
u64,zmij_scalar,unpredictable,,13,3.029336
u64,amartin,unpredictable,,14,4.215588
u64,branchlut,unpredictable,,14,4.604290
u64,branchlut2,unpredictable,,14,3.054986
u64,countlut,unpredictable,,14,3.509343
u64,fmt,unpredictable,,14,3.939241
u64,jeaiii,unpredictable,,14,2.692789
u64,naive,unpredictable,,14,9.888123
u64,null,unpredictable,,14,0.650416
u64,tmueller,unpredictable,,14,4.065702
u64,unrolledlut,unpredictable,,14,3.325850
u64,yy,unpredictable,,14,2.772818
u64,zmij_neon,unpredictable,,14,1.596967
u64,zmij_scalar,unpredictable,,14,3.029535
u64,amartin,unpredictable,,15,4.814575
u64,branchlut,unpredictable,,15,4.595806
u64,branchlut2,unpredictable,,15,3.417124
u64,countlut,unpredictable,,15,3.757854
u64,fmt,unpredictable,,15,4.084378
u64,jeaiii,unpredictable,,15,3.005435
u64,naive,unpredictable,,15,10.443141
u64,null,unpredictable,,15,0.650356
u64,tmueller,unpredictable,,15,4.150440
u64,unrolledlut,unpredictable,,15,3.713538
u64,yy,unpredictable,,15,2.743314
u64,zmij_neon,unpredictable,,15,1.601060
u64,zmij_scalar,unpredictable,,15,3.044695
u64,amartin,unpredictable,,16,4.707088
u64,branchlut,unpredictable,,16,5.088538
u64,branchlut2,unpredictable,,16,3.596594
u64,countlut,unpredictable,,16,4.052023
u64,fmt,unpredictable,,16,4.065523
u64,jeaiii,unpredictable,,16,2.872238
u64,naive,unpredictable,,16,10.943820
u64,null,unpredictable,,16,0.651727
u64,tmueller,unpredictable,,16,4.165441
u64,unrolledlut,unpredictable,,16,3.711333
u64,yy,unpredictable,,16,2.773930
u64,zmij_neon,unpredictable,,16,1.591384
u64,zmij_scalar,unpredictable,,16,3.025104
u64,amartin,unpredictable,,17,5.552938
u64,branchlut,unpredictable,,17,4.946401
u64,branchlut2,unpredictable,,17,4.146824
u64,countlut,unpredictable,,17,4.260281
u64,fmt,unpredictable,,17,4.452437
u64,jeaiii,unpredictable,,17,3.208071
u64,naive,unpredictable,,17,11.418730
u64,null,unpredictable,,17,0.651747
u64,tmueller,unpredictable,,17,4.520307
u64,unrolledlut,unpredictable,,17,4.476339
u64,yy,unpredictable,,17,3.413965
u64,zmij_neon,unpredictable,,17,1.584749
u64,zmij_scalar,unpredictable,,17,3.033747
u64,amartin,unpredictable,,18,7.578363
u64,branchlut,unpredictable,,18,4.700770
u64,branchlut2,unpredictable,,18,4.367818
u64,countlut,unpredictable,,18,4.593949
u64,fmt,unpredictable,,18,4.497895
u64,jeaiii,unpredictable,,18,5.806854
u64,naive,unpredictable,,18,11.902918
u64,null,unpredictable,,18,0.651747
u64,tmueller,unpredictable,,18,4.515479
u64,unrolledlut,unpredictable,,18,7.327229
u64,yy,unpredictable,,18,3.728181
u64,zmij_neon,unpredictable,,18,1.584808
u64,zmij_scalar,unpredictable,,18,3.038237
u64,amartin,unpredictable,,19,5.316069
u64,branchlut,unpredictable,,19,4.844676
u64,branchlut2,unpredictable,,19,4.476041
u64,countlut,unpredictable,,19,5.134662
u64,fmt,unpredictable,,19,4.930884
u64,jeaiii,unpredictable,,19,4.287551
u64,naive,unpredictable,,19,12.633075
u64,null,unpredictable,,19,0.651727
u64,tmueller,unpredictable,,19,5.121917
u64,unrolledlut,unpredictable,,19,4.591713
u64,yy,unpredictable,,19,3.747890
u64,zmij_neon,unpredictable,,19,1.601954
u64,zmij_scalar,unpredictable,,19,3.059755
u64,amartin,unpredictable,,20,5.248994
u64,branchlut,unpredictable,,20,5.065253
u64,branchlut2,unpredictable,,20,4.475166
u64,countlut,unpredictable,,20,5.239705
u64,fmt,unpredictable,,20,4.955182
u64,jeaiii,unpredictable,,20,4.312804
u64,naive,unpredictable,,20,13.468415
u64,null,unpredictable,,20,0.651727
u64,tmueller,unpredictable,,20,5.101830
u64,unrolledlut,unpredictable,,20,4.758865
u64,yy,unpredictable,,20,3.854185
u64,zmij_neon,unpredictable,,20,1.611372
u64,zmij_scalar,unpredictable,,20,3.066192
u64,amartin,admixture,5x6,0,1.796156
u64,branchlut,admixture,5x6,0,2.025803
u64,branchlut2,admixture,5x6,0,1.542976
u64,countlut,admixture,5x6,0,2.235274
u64,fmt,admixture,5x6,0,1.570712
u64,jeaiii,admixture,5x6,0,1.545409
u64,naive,admixture,5x6,0,3.657659
u64,null,admixture,5x6,0,0.655293
u64,tmueller,admixture,5x6,0,1.776894
u64,unrolledlut,admixture,5x6,0,2.020866
u64,yy,admixture,5x6,0,1.546423
u64,zmij_neon,admixture,5x6,0,1.601825
u64,zmij_scalar,admixture,5x6,0,3.071050
u64,amartin,admixture,5x6,10,1.791338
u64,branchlut,admixture,5x6,10,2.407243
u64,branchlut2,admixture,5x6,10,1.955916
u64,countlut,admixture,5x6,10,2.669384
u64,fmt,admixture,5x6,10,2.138913
u64,jeaiii,admixture,5x6,10,1.879802
u64,naive,admixture,5x6,10,4.311850
u64,null,admixture,5x6,10,0.652671
u64,tmueller,admixture,5x6,10,2.180437
u64,unrolledlut,admixture,5x6,10,2.534528
u64,yy,admixture,5x6,10,1.578023
u64,zmij_neon,admixture,5x6,10,1.603186
u64,zmij_scalar,admixture,5x6,10,3.050486
u64,amartin,admixture,5x6,20,1.792808
u64,branchlut,admixture,5x6,20,2.762487
u64,branchlut2,admixture,5x6,20,2.194295
u64,countlut,admixture,5x6,20,3.048877
u64,fmt,admixture,5x6,20,2.594878
u64,jeaiii,admixture,5x6,20,2.171894
u64,naive,admixture,5x6,20,5.067110
u64,null,admixture,5x6,20,0.651777
u64,tmueller,admixture,5x6,20,2.524674
u64,unrolledlut,admixture,5x6,20,2.891332
u64,yy,admixture,5x6,20,1.548419
u64,zmij_neon,admixture,5x6,20,1.616766
u64,zmij_scalar,admixture,5x6,20,3.071179
u64,amartin,admixture,5x6,30,1.785586
u64,branchlut,admixture,5x6,30,3.142168
u64,branchlut2,admixture,5x6,30,2.501329
u64,countlut,admixture,5x6,30,3.445377
u64,fmt,admixture,5x6,30,3.016839
u64,jeaiii,admixture,5x6,30,2.455860
u64,naive,admixture,5x6,30,5.774001
u64,null,admixture,5x6,30,0.651787
u64,tmueller,admixture,5x6,30,2.784997
u64,unrolledlut,admixture,5x6,30,3.299505
u64,yy,admixture,5x6,30,1.537859
u64,zmij_neon,admixture,5x6,30,1.611332
u64,zmij_scalar,admixture,5x6,30,3.070503
u64,amartin,admixture,5x6,40,1.792729
u64,branchlut,admixture,5x6,40,3.525982
u64,branchlut2,admixture,5x6,40,2.913713
u64,countlut,admixture,5x6,40,3.809253
u64,fmt,admixture,5x6,40,3.408243
u64,jeaiii,admixture,5x6,40,2.881229
u64,naive,admixture,5x6,40,6.552418
u64,null,admixture,5x6,40,0.651091
u64,tmueller,admixture,5x6,40,3.285289
u64,unrolledlut,admixture,5x6,40,3.693859
u64,yy,admixture,5x6,40,1.550804
u64,zmij_neon,admixture,5x6,40,1.612345
u64,zmij_scalar,admixture,5x6,40,3.072341
u64,amartin,admixture,5x6,50,1.797845
u64,branchlut,admixture,5x6,50,3.798912
u64,branchlut2,admixture,5x6,50,3.351082
u64,countlut,admixture,5x6,50,4.218678
u64,fmt,admixture,5x6,50,3.694256
u64,jeaiii,admixture,5x6,50,3.213416
u64,naive,admixture,5x6,50,7.071386
u64,null,admixture,5x6,50,0.651101
u64,tmueller,admixture,5x6,50,3.576080
u64,unrolledlut,admixture,5x6,50,3.882209
u64,yy,admixture,5x6,50,1.547595
u64,zmij_neon,admixture,5x6,50,1.615475
u64,zmij_scalar,admixture,5x6,50,3.066242
u64,amartin,admixture,5x6,60,1.796772
u64,branchlut,admixture,5x6,60,3.544092
u64,branchlut2,admixture,5x6,60,2.990733
u64,countlut,admixture,5x6,60,3.778239
u64,fmt,admixture,5x6,60,3.482153
u64,jeaiii,admixture,5x6,60,2.937963
u64,naive,admixture,5x6,60,6.567776
u64,null,admixture,5x6,60,0.651787
u64,tmueller,admixture,5x6,60,3.274252
u64,unrolledlut,admixture,5x6,60,3.773997
u64,yy,admixture,5x6,60,1.548032
u64,zmij_neon,admixture,5x6,60,1.604567
u64,zmij_scalar,admixture,5x6,60,3.066510
u64,amartin,admixture,5x6,70,1.791080
u64,branchlut,admixture,5x6,70,3.154466
u64,branchlut2,admixture,5x6,70,2.538155
u64,countlut,admixture,5x6,70,3.296981
u64,fmt,admixture,5x6,70,3.044456
u64,jeaiii,admixture,5x6,70,2.480447
u64,naive,admixture,5x6,70,5.647739
u64,null,admixture,5x6,70,0.651777
u64,tmueller,admixture,5x6,70,2.766689
u64,unrolledlut,admixture,5x6,70,3.400366
u64,yy,admixture,5x6,70,1.540005
u64,zmij_neon,admixture,5x6,70,1.606911
u64,zmij_scalar,admixture,5x6,70,3.054897
u64,amartin,admixture,5x6,80,1.788398
u64,branchlut,admixture,5x6,80,2.766142
u64,branchlut2,admixture,5x6,80,2.176464
u64,countlut,admixture,5x6,80,2.933999
u64,fmt,admixture,5x6,80,2.542496
u64,jeaiii,admixture,5x6,80,2.106577
u64,naive,admixture,5x6,80,4.740715
u64,null,admixture,5x6,80,0.651787
u64,tmueller,admixture,5x6,80,2.385557
u64,unrolledlut,admixture,5x6,80,3.073553
u64,yy,admixture,5x6,80,1.549492
u64,zmij_neon,admixture,5x6,80,1.616826
u64,zmij_scalar,admixture,5x6,80,3.078272
u64,amartin,admixture,5x6,90,1.793941
u64,branchlut,admixture,5x6,90,2.437860
u64,branchlut2,admixture,5x6,90,1.824458
u64,countlut,admixture,5x6,90,2.511710
u64,fmt,admixture,5x6,90,2.123991
u64,jeaiii,admixture,5x6,90,1.757989
u64,naive,admixture,5x6,90,3.962378
u64,null,admixture,5x6,90,0.651777
u64,tmueller,admixture,5x6,90,2.038856
u64,unrolledlut,admixture,5x6,90,2.759745
u64,yy,admixture,5x6,90,1.543552
u64,zmij_neon,admixture,5x6,90,1.620700
u64,zmij_scalar,admixture,5x6,90,3.071884
u64,amartin,admixture,5x6,100,1.800716
u64,branchlut,admixture,5x6,100,2.027760
u64,branchlut2,admixture,5x6,100,1.356790
u64,countlut,admixture,5x6,100,2.022088
u64,fmt,admixture,5x6,100,1.588802
u64,jeaiii,admixture,5x6,100,1.328290
u64,naive,admixture,5x6,100,3.056516
u64,null,admixture,5x6,100,0.654985
u64,tmueller,admixture,5x6,100,1.587808
u64,unrolledlut,admixture,5x6,100,2.451946
u64,yy,admixture,5x6,100,1.554420
u64,zmij_neon,admixture,5x6,100,1.609554
u64,zmij_scalar,admixture,5x6,100,3.076822
i64,amartin,bylength,,1,1.102547
i64,branchlut,bylength,,1,3.481229
i64,branchlut2,bylength,,1,2.429684
i64,countlut,bylength,,1,3.448973
i64,fmt,bylength,,1,1.105934
i64,jeaiii,bylength,,1,2.393792
i64,naive,bylength,,1,2.773633
i64,null,bylength,,1,0.651777
i64,tmueller,bylength,,1,0.651807
i64,unrolledlut,bylength,,1,3.760586
i64,yy,bylength,,1,0.943402
i64,zmij_neon,bylength,,1,1.737148
i64,zmij_scalar,bylength,,1,3.290137
i64,amartin,bylength,,2,1.106590
i64,branchlut,bylength,,2,3.672590
i64,branchlut2,bylength,,2,3.019502
i64,countlut,bylength,,2,3.194859
i64,fmt,bylength,,2,0.914643
i64,jeaiii,bylength,,2,2.971540
i64,naive,bylength,,2,3.641903
i64,null,bylength,,2,0.653277
i64,tmueller,bylength,,2,1.100938
i64,unrolledlut,bylength,,2,3.390898
i64,yy,bylength,,2,1.066933
i64,zmij_neon,bylength,,2,1.735866
i64,zmij_scalar,bylength,,2,3.296137
i64,amartin,bylength,,3,1.793444
i64,branchlut,bylength,,3,3.451258
i64,branchlut2,bylength,,3,3.347804
i64,countlut,bylength,,3,3.676096
i64,fmt,bylength,,3,1.268129
i64,jeaiii,bylength,,3,3.269056
i64,naive,bylength,,3,4.110555
i64,null,bylength,,3,0.651111
i64,tmueller,bylength,,3,1.362433
i64,unrolledlut,bylength,,3,4.070381
i64,yy,bylength,,3,1.146287
i64,zmij_neon,bylength,,3,1.739303
i64,zmij_scalar,bylength,,3,3.282050
i64,amartin,bylength,,4,1.788378
i64,branchlut,bylength,,4,3.446956
i64,branchlut2,bylength,,4,3.487577
i64,countlut,bylength,,4,3.840079
i64,fmt,bylength,,4,1.229107
i64,jeaiii,bylength,,4,3.455400
i64,naive,bylength,,4,4.685273
i64,null,bylength,,4,0.651121
i64,tmueller,bylength,,4,1.362215
i64,unrolledlut,bylength,,4,4.070034
i64,yy,bylength,,4,1.124322
i64,zmij_neon,bylength,,4,1.739770
i64,zmij_scalar,bylength,,4,3.289481
i64,amartin,bylength,,5,2.033224
i64,branchlut,bylength,,5,4.284968
i64,branchlut2,bylength,,5,3.653914
i64,countlut,bylength,,5,4.176339
i64,fmt,bylength,,5,1.592894
i64,jeaiii,bylength,,5,3.576557
i64,naive,bylength,,5,5.265574
i64,null,bylength,,5,0.653197
i64,tmueller,bylength,,5,1.523008
i64,unrolledlut,bylength,,5,4.508773
i64,yy,bylength,,5,1.376102
i64,zmij_neon,bylength,,5,1.735886
i64,zmij_scalar,bylength,,5,3.305882
i64,amartin,bylength,,6,2.033422
i64,branchlut,bylength,,6,4.362841
i64,branchlut2,bylength,,6,3.636827
i64,countlut,bylength,,6,4.446496
i64,fmt,bylength,,6,1.612574
i64,jeaiii,bylength,,6,3.620068
i64,naive,bylength,,6,5.793998
i64,null,bylength,,6,0.657111
i64,tmueller,bylength,,6,1.615087
i64,unrolledlut,bylength,,6,4.237821
i64,yy,bylength,,6,1.349688
i64,zmij_neon,bylength,,6,1.744012
i64,zmij_scalar,bylength,,6,3.307829
i64,amartin,bylength,,7,2.496709
i64,branchlut,bylength,,7,4.056533
i64,branchlut2,bylength,,7,3.972938
i64,countlut,bylength,,7,4.667749
i64,fmt,bylength,,7,1.846771
i64,jeaiii,bylength,,7,3.753026
i64,naive,bylength,,7,6.396601
i64,null,bylength,,7,0.548075
i64,tmueller,bylength,,7,1.840532
i64,unrolledlut,bylength,,7,4.022211
i64,yy,bylength,,7,1.679122
i64,zmij_neon,bylength,,7,1.740833
i64,zmij_scalar,bylength,,7,3.317595
i64,amartin,bylength,,8,2.493531
i64,branchlut,bylength,,8,4.189620
i64,branchlut2,bylength,,8,4.063100
i64,countlut,bylength,,8,4.974931
i64,fmt,bylength,,8,2.258102
i64,jeaiii,bylength,,8,3.832459
i64,naive,bylength,,8,6.976763
i64,null,bylength,,8,0.651787
i64,tmueller,bylength,,8,1.842568
i64,unrolledlut,bylength,,8,3.852983
i64,yy,bylength,,8,1.855443
i64,zmij_neon,bylength,,8,1.733850
i64,zmij_scalar,bylength,,8,3.308624
i64,amartin,bylength,,9,2.073566
i64,branchlut,bylength,,9,5.848765
i64,branchlut2,bylength,,9,4.149526
i64,countlut,bylength,,9,4.567633
i64,fmt,bylength,,9,2.110183
i64,jeaiii,bylength,,9,3.911277
i64,naive,bylength,,9,7.648051
i64,null,bylength,,9,0.655293
i64,tmueller,bylength,,9,2.166410
i64,unrolledlut,bylength,,9,4.005879
i64,yy,bylength,,9,1.989414
i64,zmij_neon,bylength,,9,1.734942
i64,zmij_scalar,bylength,,9,3.285964
i64,amartin,bylength,,10,4.382024
i64,branchlut,bylength,,10,5.783995
i64,branchlut2,bylength,,10,4.314403
i64,countlut,bylength,,10,4.432847
i64,fmt,bylength,,10,2.241164
i64,jeaiii,bylength,,10,4.865577
i64,naive,bylength,,10,8.366376
i64,null,bylength,,10,0.652403
i64,tmueller,bylength,,10,2.121617
i64,unrolledlut,bylength,,10,5.646547
i64,yy,bylength,,10,1.985798
i64,zmij_neon,bylength,,10,1.736174
i64,zmij_scalar,bylength,,10,3.287623
i64,amartin,bylength,,11,3.440012
i64,branchlut,bylength,,11,5.863259
i64,branchlut2,bylength,,11,4.763434
i64,countlut,bylength,,11,4.555325
i64,fmt,bylength,,11,2.473642
i64,jeaiii,bylength,,11,4.022191
i64,naive,bylength,,11,9.124786
i64,null,bylength,,11,0.653833
i64,tmueller,bylength,,11,2.600352
i64,unrolledlut,bylength,,11,5.484849
i64,yy,bylength,,11,2.366324
i64,zmij_neon,bylength,,11,1.730770
i64,zmij_scalar,bylength,,11,3.298650
i64,amartin,bylength,,12,3.427794
i64,branchlut,bylength,,12,5.755574
i64,branchlut2,bylength,,12,4.732023
i64,countlut,bylength,,12,4.883349
i64,fmt,bylength,,12,2.757957
i64,jeaiii,bylength,,12,4.165262
i64,naive,bylength,,12,9.846191
i64,null,bylength,,12,0.651896
i64,tmueller,bylength,,12,2.558599
i64,unrolledlut,bylength,,12,5.494485
i64,yy,bylength,,12,2.364626
i64,zmij_neon,bylength,,12,1.742621
i64,zmij_scalar,bylength,,12,3.283878
i64,amartin,bylength,,13,3.661583
i64,branchlut,bylength,,13,5.727221
i64,branchlut2,bylength,,13,4.775455
i64,countlut,bylength,,13,5.123635
i64,fmt,bylength,,13,2.918541
i64,jeaiii,bylength,,13,4.401128
i64,naive,bylength,,13,10.343283
i64,null,bylength,,13,0.654310
i64,tmueller,bylength,,13,3.055662
i64,unrolledlut,bylength,,13,5.861163
i64,yy,bylength,,13,2.633721
i64,zmij_neon,bylength,,13,1.737485
i64,zmij_scalar,bylength,,13,3.280312
i64,amartin,bylength,,14,3.671775
i64,branchlut,bylength,,14,5.961825
i64,branchlut2,bylength,,14,4.893492
i64,countlut,bylength,,14,5.476683
i64,fmt,bylength,,14,3.000736
i64,jeaiii,bylength,,14,4.600565
i64,naive,bylength,,14,10.992964
i64,null,bylength,,14,0.656585
i64,tmueller,bylength,,14,2.993345
i64,unrolledlut,bylength,,14,5.710949
i64,yy,bylength,,14,2.629350
i64,zmij_neon,bylength,,14,1.740515
i64,zmij_scalar,bylength,,14,3.275792
i64,amartin,bylength,,15,4.133821
i64,branchlut,bylength,,15,5.793134
i64,branchlut2,bylength,,15,5.396019
i64,countlut,bylength,,15,5.711694
i64,fmt,bylength,,15,3.402044
i64,jeaiii,bylength,,15,4.620492
i64,naive,bylength,,15,11.502276
i64,null,bylength,,15,0.654906
i64,tmueller,bylength,,15,3.558983
i64,unrolledlut,bylength,,15,5.423327
i64,yy,bylength,,15,2.765318
i64,zmij_neon,bylength,,15,1.736859
i64,zmij_scalar,bylength,,15,3.283689
i64,amartin,bylength,,16,4.130602
i64,branchlut,bylength,,16,5.653610
i64,branchlut2,bylength,,16,5.526394
i64,countlut,bylength,,16,5.960922
i64,fmt,bylength,,16,3.358036
i64,jeaiii,bylength,,16,4.741560
i64,naive,bylength,,16,12.176593
i64,null,bylength,,16,0.654658
i64,tmueller,bylength,,16,3.511498
i64,unrolledlut,bylength,,16,5.332400
i64,yy,bylength,,16,2.768377
i64,zmij_neon,bylength,,16,1.733720
i64,zmij_scalar,bylength,,16,3.288170
i64,amartin,bylength,,17,3.751348
i64,branchlut,bylength,,17,5.426208
i64,branchlut2,bylength,,17,5.310823
i64,countlut,bylength,,17,5.598346
i64,fmt,bylength,,17,3.925572
i64,jeaiii,bylength,,17,4.943113
i64,naive,bylength,,17,12.983481
i64,null,bylength,,17,0.652214
i64,tmueller,bylength,,17,4.103541
i64,unrolledlut,bylength,,17,5.441844
i64,yy,bylength,,17,2.848466
i64,zmij_neon,bylength,,17,1.740724
i64,zmij_scalar,bylength,,17,3.270159
i64,amartin,bylength,,18,5.480985
i64,branchlut,bylength,,18,5.395045
i64,branchlut2,bylength,,18,5.364050
i64,countlut,bylength,,18,5.762448
i64,fmt,bylength,,18,3.861944
i64,jeaiii,bylength,,18,5.506863
i64,naive,bylength,,18,13.753484
i64,null,bylength,,18,0.651787
i64,tmueller,bylength,,18,4.042605
i64,unrolledlut,bylength,,18,6.693165
i64,yy,bylength,,18,2.856841
i64,zmij_neon,bylength,,18,1.737754
i64,zmij_scalar,bylength,,18,3.273358
i64,amartin,bylength,,19,4.004876
i64,branchlut,bylength,,19,5.845189
i64,branchlut2,bylength,,19,5.626589
i64,countlut,bylength,,19,5.997251
i64,fmt,bylength,,19,4.304091
i64,jeaiii,bylength,,19,5.228996
i64,naive,bylength,,19,14.210979
i64,null,bylength,,19,0.651787
i64,tmueller,bylength,,19,4.589717
i64,unrolledlut,bylength,,19,5.995075
i64,yy,bylength,,19,2.876451
i64,zmij_neon,bylength,,19,1.742125
i64,zmij_scalar,bylength,,19,3.191690
i64,amartin,loguniform,1-19,19,7.253078
i64,branchlut,loguniform,1-19,19,9.723124
i64,branchlut2,loguniform,1-19,19,10.473147
i64,countlut,loguniform,1-19,19,9.781511
i64,fmt,loguniform,1-19,19,9.119730
i64,jeaiii,loguniform,1-19,19,9.720650
i64,naive,loguniform,1-19,19,17.149545
i64,null,loguniform,1-19,19,0.651101
i64,tmueller,loguniform,1-19,19,9.446825
i64,unrolledlut,loguniform,1-19,19,10.164162
i64,yy,loguniform,1-19,19,6.140631
i64,zmij_neon,loguniform,1-19,19,1.739466
i64,zmij_scalar,loguniform,1-19,19,3.293308
i64,amartin,loguniform,1-4,4,3.396451
i64,branchlut,loguniform,1-4,4,4.863759
i64,branchlut2,loguniform,1-4,4,5.861789
i64,countlut,loguniform,1-4,4,5.682339
i64,fmt,loguniform,1-4,4,3.702968
i64,jeaiii,loguniform,1-4,4,6.234099
i64,naive,loguniform,1-4,4,6.713917
i64,null,loguniform,1-4,4,0.651797
i64,tmueller,loguniform,1-4,4,2.963682
i64,unrolledlut,loguniform,1-4,4,6.603420
i64,yy,loguniform,1-4,4,2.635171
i64,zmij_neon,loguniform,1-4,4,1.740684
i64,zmij_scalar,loguniform,1-4,4,3.278305
i64,amartin,uniform,0-255,0,2.968878
i64,branchlut,uniform,0-255,0,2.922992
i64,branchlut2,uniform,0-255,0,2.522965
i64,countlut,uniform,0-255,0,2.753367
i64,fmt,uniform,0-255,0,2.698620
i64,jeaiii,uniform,0-255,0,2.723098
i64,naive,uniform,0-255,0,3.890236
i64,null,uniform,0-255,0,0.651091
i64,tmueller,uniform,0-255,0,2.502263
i64,unrolledlut,uniform,0-255,0,3.114214
i64,yy,uniform,0-255,0,2.611468
i64,zmij_neon,uniform,0-255,0,1.741628
i64,zmij_scalar,uniform,0-255,0,3.306309
i64,amartin,unpredictable,,1,2.502720
i64,branchlut,unpredictable,,1,4.273395
i64,branchlut2,unpredictable,,1,3.189812
i64,countlut,unpredictable,,1,4.467587
i64,fmt,unpredictable,,1,4.121224
i64,jeaiii,unpredictable,,1,4.104684
i64,naive,unpredictable,,1,6.425221
i64,null,unpredictable,,1,0.651707
i64,tmueller,unpredictable,,1,4.684736
i64,unrolledlut,unpredictable,,1,4.025708
i64,yy,unpredictable,,1,2.162854
i64,zmij_neon,unpredictable,,1,1.747678
i64,zmij_scalar,unpredictable,,1,3.324519
i64,amartin,unpredictable,,2,2.603889
i64,branchlut,unpredictable,,2,4.200915
i64,branchlut2,unpredictable,,2,3.465643
i64,countlut,unpredictable,,2,4.517019
i64,fmt,unpredictable,,2,4.377882
i64,jeaiii,unpredictable,,2,4.227112
i64,naive,unpredictable,,2,6.853223
i64,null,unpredictable,,2,0.651747
i64,tmueller,unpredictable,,2,3.607303
i64,unrolledlut,unpredictable,,2,3.986130
i64,yy,unpredictable,,2,2.396127
i64,zmij_neon,unpredictable,,2,1.748452
i64,zmij_scalar,unpredictable,,2,3.309081
i64,amartin,unpredictable,,3,2.821088
i64,branchlut,unpredictable,,3,4.193763
i64,branchlut2,unpredictable,,3,3.675550
i64,countlut,unpredictable,,3,4.474481
i64,fmt,unpredictable,,3,3.627102
i64,jeaiii,unpredictable,,3,3.588488
i64,naive,unpredictable,,3,7.453203
i64,null,unpredictable,,3,0.651747
i64,tmueller,unpredictable,,3,3.631641
i64,unrolledlut,unpredictable,,3,4.173606
i64,yy,unpredictable,,3,2.564351
i64,zmij_neon,unpredictable,,3,1.748373
i64,zmij_scalar,unpredictable,,3,3.314664
i64,amartin,unpredictable,,4,2.893368
i64,branchlut,unpredictable,,4,4.746636
i64,branchlut2,unpredictable,,4,3.969679
i64,countlut,unpredictable,,4,4.786631
i64,fmt,unpredictable,,4,3.722290
i64,jeaiii,unpredictable,,4,3.704280
i64,naive,unpredictable,,4,7.906397
i64,null,unpredictable,,4,0.651707
i64,tmueller,unpredictable,,4,3.643404
i64,unrolledlut,unpredictable,,4,4.138042
i64,yy,unpredictable,,4,2.317230
i64,zmij_neon,unpredictable,,4,1.729816
i64,zmij_scalar,unpredictable,,4,3.324539
i64,amartin,unpredictable,,5,2.892534
i64,branchlut,unpredictable,,5,5.140205
i64,branchlut2,unpredictable,,5,3.963818
i64,countlut,unpredictable,,5,4.839301
i64,fmt,unpredictable,,5,3.890614
i64,jeaiii,unpredictable,,5,3.880610
i64,naive,unpredictable,,5,8.679271
i64,null,unpredictable,,5,0.650356
i64,tmueller,unpredictable,,5,3.893783
i64,unrolledlut,unpredictable,,5,4.478246
i64,yy,unpredictable,,5,2.622167
i64,zmij_neon,unpredictable,,5,1.744916
i64,zmij_scalar,unpredictable,,5,3.315717
i64,amartin,unpredictable,,6,2.759457
i64,branchlut,unpredictable,,6,5.063851
i64,branchlut2,unpredictable,,6,4.489611
i64,countlut,unpredictable,,6,4.970829
i64,fmt,unpredictable,,6,3.870010
i64,jeaiii,unpredictable,,6,4.019966
i64,naive,unpredictable,,6,9.122312
i64,null,unpredictable,,6,0.651727
i64,tmueller,unpredictable,,6,3.849914
i64,unrolledlut,unpredictable,,6,4.435946
i64,yy,unpredictable,,6,2.583782
i64,zmij_neon,unpredictable,,6,1.744241
i64,zmij_scalar,unpredictable,,6,3.310889
i64,amartin,unpredictable,,7,3.532350
i64,branchlut,unpredictable,,7,5.271415
i64,branchlut2,unpredictable,,7,4.641821
i64,countlut,unpredictable,,7,5.369902
i64,fmt,unpredictable,,7,4.094482
i64,jeaiii,unpredictable,,7,4.316320
i64,naive,unpredictable,,7,9.144326
i64,null,unpredictable,,7,0.651747
i64,tmueller,unpredictable,,7,3.845145
i64,unrolledlut,unpredictable,,7,4.873842
i64,yy,unpredictable,,7,2.594590
i64,zmij_neon,unpredictable,,7,1.743446
i64,zmij_scalar,unpredictable,,7,3.311167
i64,amartin,unpredictable,,8,3.421803
i64,branchlut,unpredictable,,8,5.621751
i64,branchlut2,unpredictable,,8,4.717956
i64,countlut,unpredictable,,8,5.624294
i64,fmt,unpredictable,,8,3.982524
i64,jeaiii,unpredictable,,8,4.465610
i64,naive,unpredictable,,8,9.296497
i64,null,unpredictable,,8,0.651667
i64,tmueller,unpredictable,,8,3.846556
i64,unrolledlut,unpredictable,,8,4.960388
i64,yy,unpredictable,,8,2.893666
i64,zmij_neon,unpredictable,,8,1.745790
i64,zmij_scalar,unpredictable,,8,3.326287
i64,amartin,unpredictable,,9,4.324714
i64,branchlut,unpredictable,,9,6.194512
i64,branchlut2,unpredictable,,9,4.120320
i64,countlut,unpredictable,,9,5.335967
i64,fmt,unpredictable,,9,4.104158
i64,jeaiii,unpredictable,,9,4.489790
i64,naive,unpredictable,,9,9.787281
i64,null,unpredictable,,9,0.651747
i64,tmueller,unpredictable,,9,4.031847
i64,unrolledlut,unpredictable,,9,5.503963
i64,yy,unpredictable,,9,3.068089
i64,zmij_neon,unpredictable,,9,1.742055
i64,zmij_scalar,unpredictable,,9,3.322492
i64,amartin,unpredictable,,10,7.704179
i64,branchlut,unpredictable,,10,6.590982
i64,branchlut2,unpredictable,,10,4.483372
i64,countlut,unpredictable,,10,5.424559
i64,fmt,unpredictable,,10,4.051566
i64,jeaiii,unpredictable,,10,7.523606
i64,naive,unpredictable,,10,10.383805
i64,null,unpredictable,,10,0.651747
i64,tmueller,unpredictable,,10,3.971090
i64,unrolledlut,unpredictable,,10,8.555979
i64,yy,unpredictable,,10,2.913673
i64,zmij_neon,unpredictable,,10,1.733492
i64,zmij_scalar,unpredictable,,10,3.319373
i64,amartin,unpredictable,,11,4.792889
i64,branchlut,unpredictable,,11,6.452342
i64,branchlut2,unpredictable,,11,4.646113
i64,countlut,unpredictable,,11,5.456766
i64,fmt,unpredictable,,11,4.414539
i64,jeaiii,unpredictable,,11,4.794151
i64,naive,unpredictable,,11,11.344870
i64,null,unpredictable,,11,0.651548
i64,tmueller,unpredictable,,11,4.170606
i64,unrolledlut,unpredictable,,11,5.946487
i64,yy,unpredictable,,11,3.022015
i64,zmij_neon,unpredictable,,11,1.732717
i64,zmij_scalar,unpredictable,,11,3.318320
i64,amartin,unpredictable,,12,4.876574
i64,branchlut,unpredictable,,12,6.908536
i64,branchlut2,unpredictable,,12,4.826118
i64,countlut,unpredictable,,12,5.476058
i64,fmt,unpredictable,,12,4.301210
i64,jeaiii,unpredictable,,12,4.767308
i64,naive,unpredictable,,12,11.423469
i64,null,unpredictable,,12,0.651747
i64,tmueller,unpredictable,,12,4.079074
i64,unrolledlut,unpredictable,,12,5.892724
i64,yy,unpredictable,,12,3.043810
i64,zmij_neon,unpredictable,,12,1.746207
i64,zmij_scalar,unpredictable,,12,3.324280
i64,amartin,unpredictable,,13,4.822513
i64,branchlut,unpredictable,,13,6.956577
i64,branchlut2,unpredictable,,13,5.029748
i64,countlut,unpredictable,,13,6.035428
i64,fmt,unpredictable,,13,4.508853
i64,jeaiii,unpredictable,,13,5.052219
i64,naive,unpredictable,,13,11.884153
i64,null,unpredictable,,13,0.650356
i64,tmueller,unpredictable,,13,4.258126
i64,unrolledlut,unpredictable,,13,6.270856
i64,yy,unpredictable,,13,3.035684
i64,zmij_neon,unpredictable,,13,1.741618
i64,zmij_scalar,unpredictable,,13,3.309558
i64,amartin,unpredictable,,14,4.878342
i64,branchlut,unpredictable,,14,7.091999
i64,branchlut2,unpredictable,,14,5.234053
i64,countlut,unpredictable,,14,5.870163
i64,fmt,unpredictable,,14,4.436731
i64,jeaiii,unpredictable,,14,5.029966
i64,naive,unpredictable,,14,12.392084
i64,null,unpredictable,,14,0.656794
i64,tmueller,unpredictable,,14,4.242331
i64,unrolledlut,unpredictable,,14,6.096393
i64,yy,unpredictable,,14,3.102958
i64,zmij_neon,unpredictable,,14,1.746843
i64,zmij_scalar,unpredictable,,14,3.325790
i64,amartin,unpredictable,,15,5.429009
i64,branchlut,unpredictable,,15,7.247607
i64,branchlut2,unpredictable,,15,5.498598
i64,countlut,unpredictable,,15,6.319364
i64,fmt,unpredictable,,15,4.715503
i64,jeaiii,unpredictable,,15,5.345295
i64,naive,unpredictable,,15,12.933473
i64,null,unpredictable,,15,0.651727
i64,tmueller,unpredictable,,15,4.667053
i64,unrolledlut,unpredictable,,15,6.427875
i64,yy,unpredictable,,15,3.035764
i64,zmij_neon,unpredictable,,15,1.747380
i64,zmij_scalar,unpredictable,,15,3.318896
i64,amartin,unpredictable,,16,5.423208
i64,branchlut,unpredictable,,16,7.975261
i64,branchlut2,unpredictable,,16,5.623390
i64,countlut,unpredictable,,16,6.525854
i64,fmt,unpredictable,,16,4.660328
i64,jeaiii,unpredictable,,16,5.306612
i64,naive,unpredictable,,16,13.486445
i64,null,unpredictable,,16,0.651787
i64,tmueller,unpredictable,,16,4.516512
i64,unrolledlut,unpredictable,,16,6.401589
i64,yy,unpredictable,,16,3.173192
i64,zmij_neon,unpredictable,,16,1.745035
i64,zmij_scalar,unpredictable,,16,3.324459
i64,amartin,unpredictable,,17,6.122053
i64,branchlut,unpredictable,,17,7.044991
i64,branchlut2,unpredictable,,17,6.586304
i64,countlut,unpredictable,,17,6.987333
i64,fmt,unpredictable,,17,5.043666
i64,jeaiii,unpredictable,,17,5.651365
i64,naive,unpredictable,,17,13.981938
i64,null,unpredictable,,17,0.651767
i64,tmueller,unpredictable,,17,4.944792
i64,unrolledlut,unpredictable,,17,7.130613
i64,yy,unpredictable,,17,4.115661
i64,zmij_neon,unpredictable,,17,1.746824
i64,zmij_scalar,unpredictable,,17,3.318538
i64,amartin,unpredictable,,18,8.560499
i64,branchlut,unpredictable,,18,7.190446
i64,branchlut2,unpredictable,,18,6.667922
i64,countlut,unpredictable,,18,7.374743
i64,fmt,unpredictable,,18,4.955431
i64,jeaiii,unpredictable,,18,7.884731
i64,naive,unpredictable,,18,14.523427
i64,null,unpredictable,,18,0.663588
i64,tmueller,unpredictable,,18,4.955639
i64,unrolledlut,unpredictable,,18,9.911388
i64,yy,unpredictable,,18,4.229863
i64,zmij_neon,unpredictable,,18,1.744737
i64,zmij_scalar,unpredictable,,18,3.316353
i64,amartin,unpredictable,,19,6.231586
i64,branchlut,unpredictable,,19,7.474681
i64,branchlut2,unpredictable,,19,7.190059
i64,countlut,unpredictable,,19,7.746994
i64,fmt,unpredictable,,19,5.690038
i64,jeaiii,unpredictable,,19,6.609370
i64,naive,unpredictable,,19,15.216231
i64,null,unpredictable,,19,0.659575
i64,tmueller,unpredictable,,19,5.864570
i64,unrolledlut,unpredictable,,19,7.469803
i64,yy,unpredictable,,19,4.399061
i64,zmij_neon,unpredictable,,19,1.739194
i64,zmij_scalar,unpredictable,,19,3.246615
i64,amartin,admixture,5x6,0,2.056976
i64,branchlut,admixture,5x6,0,4.407595
i64,branchlut2,admixture,5x6,0,3.621807
i64,countlut,admixture,5x6,0,4.506489
i64,fmt,admixture,5x6,0,1.602719
i64,jeaiii,admixture,5x6,0,3.624688
i64,naive,admixture,5x6,0,5.979598
i64,null,admixture,5x6,0,0.651101
i64,tmueller,admixture,5x6,0,1.829286
i64,unrolledlut,admixture,5x6,0,4.215151
i64,yy,admixture,5x6,0,1.602739
i64,zmij_neon,admixture,5x6,0,1.738966
i64,zmij_scalar,admixture,5x6,0,3.291945
i64,amartin,admixture,5x6,10,2.053877
i64,branchlut,admixture,5x6,10,4.586687
i64,branchlut2,admixture,5x6,10,3.882845
i64,countlut,admixture,5x6,10,4.677157
i64,fmt,admixture,5x6,10,2.218187
i64,jeaiii,admixture,5x6,10,3.840903
i64,naive,admixture,5x6,10,6.457220
i64,null,admixture,5x6,10,0.651836
i64,tmueller,admixture,5x6,10,2.313545
i64,unrolledlut,admixture,5x6,10,4.493167
i64,yy,admixture,5x6,10,1.593520
i64,zmij_neon,admixture,5x6,10,1.743883
i64,zmij_scalar,admixture,5x6,10,3.294826
i64,amartin,admixture,5x6,20,2.055893
i64,branchlut,admixture,5x6,20,4.858136
i64,branchlut2,admixture,5x6,20,4.218578
i64,countlut,admixture,5x6,20,4.861981
i64,fmt,admixture,5x6,20,2.646397
i64,jeaiii,admixture,5x6,20,4.142781
i64,naive,admixture,5x6,20,7.021656
i64,null,admixture,5x6,20,0.651807
i64,tmueller,admixture,5x6,20,2.693047
i64,unrolledlut,admixture,5x6,20,4.956881
i64,yy,admixture,5x6,20,1.586755
i64,zmij_neon,admixture,5x6,20,1.739870
i64,zmij_scalar,admixture,5x6,20,3.298352
i64,amartin,admixture,5x6,30,2.044747
i64,branchlut,admixture,5x6,30,5.145083
i64,branchlut2,admixture,5x6,30,4.439304
i64,countlut,admixture,5x6,30,5.204529
i64,fmt,admixture,5x6,30,3.119389
i64,jeaiii,admixture,5x6,30,4.434278
i64,naive,admixture,5x6,30,7.564893
i64,null,admixture,5x6,30,0.651797
i64,tmueller,admixture,5x6,30,3.088574
i64,unrolledlut,admixture,5x6,30,5.262385
i64,yy,admixture,5x6,30,1.599381
i64,zmij_neon,admixture,5x6,30,1.743048
i64,zmij_scalar,admixture,5x6,30,3.275563
i64,amartin,admixture,5x6,40,2.048165
i64,branchlut,admixture,5x6,40,5.447020
i64,branchlut2,admixture,5x6,40,4.946331
i64,countlut,admixture,5x6,40,5.586743
i64,fmt,admixture,5x6,40,3.612956
i64,jeaiii,admixture,5x6,40,4.917155
i64,naive,admixture,5x6,40,8.348276
i64,null,admixture,5x6,40,0.651866
i64,tmueller,admixture,5x6,40,3.590186
i64,unrolledlut,admixture,5x6,40,5.696416
i64,yy,admixture,5x6,40,1.585891
i64,zmij_neon,admixture,5x6,40,1.743575
i64,zmij_scalar,admixture,5x6,40,3.286839
i64,amartin,admixture,5x6,50,2.048135
i64,branchlut,admixture,5x6,50,5.646070
i64,branchlut2,admixture,5x6,50,5.378226
i64,countlut,admixture,5x6,50,5.996406
i64,fmt,admixture,5x6,50,3.791034
i64,jeaiii,admixture,5x6,50,5.381654
i64,naive,admixture,5x6,50,8.841405
i64,null,admixture,5x6,50,0.651797
i64,tmueller,admixture,5x6,50,4.002064
i64,unrolledlut,admixture,5x6,50,6.001711
i64,yy,admixture,5x6,50,1.601964
i64,zmij_neon,admixture,5x6,50,1.740903
i64,zmij_scalar,admixture,5x6,50,3.288746
i64,amartin,admixture,5x6,60,2.056470
i64,branchlut,admixture,5x6,60,5.390088
i64,branchlut2,admixture,5x6,60,4.890213
i64,countlut,admixture,5x6,60,5.436291
i64,fmt,admixture,5x6,60,3.611882
i64,jeaiii,admixture,5x6,60,4.912039
i64,naive,admixture,5x6,60,8.248905
i64,null,admixture,5x6,60,0.651807
i64,tmueller,admixture,5x6,60,3.799717
i64,unrolledlut,admixture,5x6,60,5.683482
i64,yy,admixture,5x6,60,1.598606
i64,zmij_neon,admixture,5x6,60,1.742641
i64,zmij_scalar,admixture,5x6,60,3.285726
i64,amartin,admixture,5x6,70,2.052695
i64,branchlut,admixture,5x6,70,5.094101
i64,branchlut2,admixture,5x6,70,4.556119
i64,countlut,admixture,5x6,70,5.022099
i64,fmt,admixture,5x6,70,3.126611
i64,jeaiii,admixture,5x6,70,4.412671
i64,naive,admixture,5x6,70,7.366369
i64,null,admixture,5x6,70,0.651807
i64,tmueller,admixture,5x6,70,3.126879
i64,unrolledlut,admixture,5x6,70,5.376419
i64,yy,admixture,5x6,70,1.586457
i64,zmij_neon,admixture,5x6,70,1.737982
i64,zmij_scalar,admixture,5x6,70,3.286332
i64,amartin,admixture,5x6,80,2.055893
i64,branchlut,admixture,5x6,80,4.796624
i64,branchlut2,admixture,5x6,80,4.158944
i64,countlut,admixture,5x6,80,4.710833
i64,fmt,admixture,5x6,80,2.674242
i64,jeaiii,admixture,5x6,80,4.032373
i64,naive,admixture,5x6,80,6.639808
i64,null,admixture,5x6,80,0.656357
i64,tmueller,admixture,5x6,80,2.630254
i64,unrolledlut,admixture,5x6,80,5.051851
i64,yy,admixture,5x6,80,1.596024
i64,zmij_neon,admixture,5x6,80,1.742214
i64,zmij_scalar,admixture,5x6,80,3.304273
i64,amartin,admixture,5x6,90,2.046168
i64,branchlut,admixture,5x6,90,4.487882
i64,branchlut2,admixture,5x6,90,3.770123
i64,countlut,admixture,5x6,90,4.354686
i64,fmt,admixture,5x6,90,2.201368
i64,jeaiii,admixture,5x6,90,3.661036
i64,naive,admixture,5x6,90,5.951891
i64,null,admixture,5x6,90,0.654052
i64,tmueller,admixture,5x6,90,2.143433
i64,unrolledlut,admixture,5x6,90,4.637907
i64,yy,admixture,5x6,90,1.588831
i64,zmij_neon,admixture,5x6,90,1.737883
i64,zmij_scalar,admixture,5x6,90,3.286232
i64,amartin,admixture,5x6,100,2.053201
i64,branchlut,admixture,5x6,100,4.389415
i64,branchlut2,admixture,5x6,100,3.579706
i64,countlut,admixture,5x6,100,4.226228
i64,fmt,admixture,5x6,100,1.601199
i64,jeaiii,admixture,5x6,100,3.596326
i64,naive,admixture,5x6,100,5.335609
i64,null,admixture,5x6,100,0.651081
i64,tmueller,admixture,5x6,100,1.607607
i64,unrolledlut,admixture,5x6,100,4.583905
i64,yy,admixture,5x6,100,1.596699
i64,zmij_neon,admixture,5x6,100,1.743615
i64,zmij_scalar,admixture,5x6,100,3.295908
u128,fmt,bylength,,1,2.624949
u128,naive,bylength,,1,1.611153
u128,null,bylength,,1,0.676632
u128,zmij_neon,bylength,,1,1.822909
u128,zmij_scalar,bylength,,1,3.064832
u128,fmt,bylength,,2,2.635121
u128,naive,bylength,,2,2.610922
u128,null,bylength,,2,0.651041
u128,zmij_neon,bylength,,2,1.738945
u128,zmij_scalar,bylength,,2,2.939582
u128,fmt,bylength,,3,2.766331
u128,naive,bylength,,3,4.337589
u128,null,bylength,,3,0.653386
u128,zmij_neon,bylength,,3,1.744270
u128,zmij_scalar,bylength,,3,2.961516
u128,fmt,bylength,,4,2.822241
u128,naive,bylength,,4,6.527543
u128,null,bylength,,4,0.651081
u128,zmij_neon,bylength,,4,1.736403
u128,zmij_scalar,bylength,,4,3.000895
u128,fmt,bylength,,5,3.077189
u128,naive,bylength,,5,8.915504
u128,null,bylength,,5,0.651042
u128,zmij_neon,bylength,,5,1.739303
u128,zmij_scalar,bylength,,5,3.019412
u128,fmt,bylength,,6,3.052791
u128,naive,bylength,,6,11.674841
u128,null,bylength,,6,0.651081
u128,zmij_neon,bylength,,6,1.756350
u128,zmij_scalar,bylength,,6,2.914310
u128,fmt,bylength,,7,3.266533
u128,naive,bylength,,7,14.703989
u128,null,bylength,,7,0.651160
u128,zmij_neon,bylength,,7,1.747012
u128,zmij_scalar,bylength,,7,2.940814
u128,fmt,bylength,,8,3.311117
u128,naive,bylength,,8,17.774065
u128,null,bylength,,8,0.651081
u128,zmij_neon,bylength,,8,1.736362
u128,zmij_scalar,bylength,,8,2.947529
u128,fmt,bylength,,9,3.493627
u128,naive,bylength,,9,20.998518
u128,null,bylength,,9,0.651160
u128,zmij_neon,bylength,,9,1.736243
u128,zmij_scalar,bylength,,9,2.915780
u128,fmt,bylength,,10,3.599961
u128,naive,bylength,,10,24.069588
u128,null,bylength,,10,0.651042
u128,zmij_neon,bylength,,10,1.736362
u128,zmij_scalar,bylength,,10,2.977689
u128,fmt,bylength,,11,3.729224
u128,naive,bylength,,11,27.839819
u128,null,bylength,,11,0.651121
u128,zmij_neon,bylength,,11,1.747927
u128,zmij_scalar,bylength,,11,2.927502
u128,fmt,bylength,,12,3.842433
u128,naive,bylength,,12,31.284094
u128,null,bylength,,12,0.651160
u128,zmij_neon,bylength,,12,1.736522
u128,zmij_scalar,bylength,,12,2.909700
u128,fmt,bylength,,13,4.027447
u128,naive,bylength,,13,35.260081
u128,null,bylength,,13,0.651161
u128,zmij_neon,bylength,,13,1.736403
u128,zmij_scalar,bylength,,13,2.924720
u128,fmt,bylength,,14,4.178326
u128,naive,bylength,,14,38.819790
u128,null,bylength,,14,0.651121
u128,zmij_neon,bylength,,14,1.752694
u128,zmij_scalar,bylength,,14,2.932151
u128,fmt,bylength,,15,4.421473
u128,naive,bylength,,15,42.541106
u128,null,bylength,,15,0.651081
u128,zmij_neon,bylength,,15,1.746932
u128,zmij_scalar,bylength,,15,2.912680
u128,fmt,bylength,,16,4.561743
u128,naive,bylength,,16,46.489079
u128,null,bylength,,16,0.651161
u128,zmij_neon,bylength,,16,1.742085
u128,zmij_scalar,bylength,,16,2.932310
u128,fmt,bylength,,17,4.859964
u128,naive,bylength,,17,50.203165
u128,null,bylength,,17,0.651121
u128,zmij_neon,bylength,,17,1.748006
u128,zmij_scalar,bylength,,17,2.932549
u128,fmt,bylength,,18,4.896323
u128,naive,bylength,,18,53.692937
u128,null,bylength,,18,0.651041
u128,zmij_neon,bylength,,18,1.743793
u128,zmij_scalar,bylength,,18,2.965172
u128,fmt,bylength,,19,5.247076
u128,naive,bylength,,19,57.789207
u128,null,bylength,,19,0.651081
u128,zmij_neon,bylength,,19,1.736362
u128,zmij_scalar,bylength,,19,2.960642
u128,fmt,bylength,,20,12.333672
u128,naive,bylength,,20,61.596234
u128,null,bylength,,20,0.651121
u128,zmij_neon,bylength,,20,2.536893
u128,zmij_scalar,bylength,,20,7.852991
u128,fmt,bylength,,21,12.726745
u128,naive,bylength,,21,65.423727
u128,null,bylength,,21,0.658552
u128,zmij_neon,bylength,,21,2.221426
u128,zmij_scalar,bylength,,21,7.780433
u128,fmt,bylength,,22,13.054371
u128,naive,bylength,,22,69.140275
u128,null,bylength,,22,0.651121
u128,zmij_neon,bylength,,22,2.209902
u128,zmij_scalar,bylength,,22,7.802844
u128,fmt,bylength,,23,13.051271
u128,naive,bylength,,23,72.627385
u128,null,bylength,,23,0.651081
u128,zmij_neon,bylength,,23,2.221426
u128,zmij_scalar,bylength,,23,7.726153
u128,fmt,bylength,,24,13.384025
u128,naive,bylength,,24,76.616684
u128,null,bylength,,24,0.651081
u128,zmij_neon,bylength,,24,2.227743
u128,zmij_scalar,bylength,,24,7.792473
u128,fmt,bylength,,25,13.337374
u128,naive,bylength,,25,80.525835
u128,null,bylength,,25,0.651081
u128,zmij_neon,bylength,,25,2.212444
u128,zmij_scalar,bylength,,25,7.806540
u128,fmt,bylength,,26,13.853152
u128,naive,bylength,,26,84.191522
u128,null,bylength,,26,0.651081
u128,zmij_neon,bylength,,26,2.229810
u128,zmij_scalar,bylength,,26,7.905483
u128,fmt,bylength,,27,13.949196
u128,naive,bylength,,27,87.965290
u128,null,bylength,,27,0.651081
u128,zmij_neon,bylength,,27,2.252737
u128,zmij_scalar,bylength,,27,7.835031
u128,fmt,bylength,,28,15.676299
u128,naive,bylength,,28,91.726343
u128,null,bylength,,28,0.651081
u128,zmij_neon,bylength,,28,2.227147
u128,zmij_scalar,bylength,,28,7.838169
u128,fmt,bylength,,29,20.423134
u128,naive,bylength,,29,95.587492
u128,null,bylength,,29,0.651041
u128,zmij_neon,bylength,,29,2.224128
u128,zmij_scalar,bylength,,29,7.840911
u128,fmt,bylength,,30,20.921309
u128,naive,bylength,,30,99.410096
u128,null,bylength,,30,0.651121
u128,zmij_neon,bylength,,30,2.224127
u128,zmij_scalar,bylength,,30,7.851084
u128,fmt,bylength,,31,20.979364
u128,naive,bylength,,31,103.241483
u128,null,bylength,,31,0.651081
u128,zmij_neon,bylength,,31,2.227942
u128,zmij_scalar,bylength,,31,7.829468
u128,fmt,bylength,,32,21.406054
u128,naive,bylength,,32,107.116580
u128,null,bylength,,32,0.651081
u128,zmij_neon,bylength,,32,2.246499
u128,zmij_scalar,bylength,,32,7.795056
u128,fmt,bylength,,33,21.558206
u128,naive,bylength,,33,110.963385
u128,null,bylength,,33,0.651042
u128,zmij_neon,bylength,,33,2.913754
u128,zmij_scalar,bylength,,33,9.376407
u128,fmt,bylength,,34,21.832863
u128,naive,bylength,,34,114.973228
u128,null,bylength,,34,0.651081
u128,zmij_neon,bylength,,34,2.899846
u128,zmij_scalar,bylength,,34,9.295265
u128,fmt,bylength,,35,21.865805
u128,naive,bylength,,35,119.009574
u128,null,bylength,,35,0.651081
u128,zmij_neon,bylength,,35,2.917211
u128,zmij_scalar,bylength,,35,9.323716
u128,fmt,bylength,,36,22.468726
u128,naive,bylength,,36,122.689882
u128,null,bylength,,36,0.651042
u128,zmij_neon,bylength,,36,2.929607
u128,zmij_scalar,bylength,,36,9.327531
u128,fmt,bylength,,37,22.538225
u128,naive,bylength,,37,126.467466
u128,null,bylength,,37,0.651081
u128,zmij_neon,bylength,,37,2.930641
u128,zmij_scalar,bylength,,37,9.351095
u128,fmt,bylength,,38,23.463090
u128,naive,bylength,,38,130.243540
u128,null,bylength,,38,0.651042
u128,zmij_neon,bylength,,38,2.946298
u128,zmij_scalar,bylength,,38,9.374539
u128,fmt,bylength,,39,28.397719
u128,naive,bylength,,39,134.258747
u128,null,bylength,,39,0.651081
u128,zmij_neon,bylength,,39,2.913753
u128,zmij_scalar,bylength,,39,9.336432
u128,fmt,loguniform,1-39,39,20.500777
u128,naive,loguniform,1-39,39,78.745557
u128,null,loguniform,1-39,39,0.651081
u128,zmij_neon,loguniform,1-39,39,3.804937
u128,zmij_scalar,loguniform,1-39,39,8.378922
u128,fmt,loguniform,1-4,4,5.747437
u128,naive,loguniform,1-4,4,7.904848
u128,null,loguniform,1-4,4,0.651042
u128,zmij_neon,loguniform,1-4,4,1.749913
u128,zmij_scalar,loguniform,1-4,4,2.932390
u128,fmt,uniform,0-255,0,4.350543
u128,naive,uniform,0-255,0,5.930424
u128,null,uniform,0-255,0,0.651081
u128,zmij_neon,uniform,0-255,0,1.758337
u128,zmij_scalar,uniform,0-255,0,2.978046
u128,fmt,unpredictable,,1,4.150152
u128,naive,unpredictable,,1,4.451753
u128,null,unpredictable,,1,0.651081
u128,zmij_neon,unpredictable,,1,2.614856
u128,zmij_scalar,unpredictable,,1,3.047267
u128,fmt,unpredictable,,2,4.132111
u128,naive,unpredictable,,2,5.842765
u128,null,unpredictable,,2,0.651161
u128,zmij_neon,unpredictable,,2,2.735812
u128,zmij_scalar,unpredictable,,2,3.104409
u128,fmt,unpredictable,,3,4.126469
u128,naive,unpredictable,,3,8.145411
u128,null,unpredictable,,3,0.651161
u128,zmij_neon,unpredictable,,3,2.696872
u128,zmij_scalar,unpredictable,,3,3.046395
u128,fmt,unpredictable,,4,4.215876
u128,naive,unpredictable,,4,10.164021
u128,null,unpredictable,,4,0.651003
u128,zmij_neon,unpredictable,,4,2.585212
u128,zmij_scalar,unpredictable,,4,3.168544
u128,fmt,unpredictable,,5,4.171768
u128,naive,unpredictable,,5,13.191779
u128,null,unpredictable,,5,0.651003
u128,zmij_neon,unpredictable,,5,2.379695
u128,zmij_scalar,unpredictable,,5,3.113469
u128,fmt,unpredictable,,6,4.259983
u128,naive,unpredictable,,6,15.696843
u128,null,unpredictable,,6,0.651003
u128,zmij_neon,unpredictable,,6,2.539435
u128,zmij_scalar,unpredictable,,6,3.090423
u128,fmt,unpredictable,,7,4.233042
u128,naive,unpredictable,,7,18.014590
u128,null,unpredictable,,7,0.651081
u128,zmij_neon,unpredictable,,7,2.678195
u128,zmij_scalar,unpredictable,,7,3.107270
u128,fmt,unpredictable,,8,4.400730
u128,naive,unpredictable,,8,21.150352
u128,null,unpredictable,,8,0.651081
u128,zmij_neon,unpredictable,,8,2.368093
u128,zmij_scalar,unpredictable,,8,3.053069
u128,fmt,unpredictable,,9,4.406136
u128,naive,unpredictable,,9,24.379094
u128,null,unpredictable,,9,0.651001
u128,zmij_neon,unpredictable,,9,2.517501
u128,zmij_scalar,unpredictable,,9,3.283858
u128,fmt,unpredictable,,10,4.505953
u128,naive,unpredictable,,10,27.294637
u128,null,unpredictable,,10,0.651081
u128,zmij_neon,unpredictable,,10,2.515754
u128,zmij_scalar,unpredictable,,10,3.034314
u128,fmt,unpredictable,,11,4.395247
u128,naive,unpredictable,,11,30.626140
u128,null,unpredictable,,11,0.651003
u128,zmij_neon,unpredictable,,11,2.647519
u128,zmij_scalar,unpredictable,,11,3.115138
u128,fmt,unpredictable,,12,4.569609
u128,naive,unpredictable,,12,33.637444
u128,null,unpredictable,,12,0.651081
u128,zmij_neon,unpredictable,,12,2.660632
u128,zmij_scalar,unpredictable,,12,3.137153
u128,fmt,unpredictable,,13,4.855078
u128,naive,unpredictable,,13,37.051837
u128,null,unpredictable,,13,0.651083
u128,zmij_neon,unpredictable,,13,2.747416
u128,zmij_scalar,unpredictable,,13,3.148437
u128,fmt,unpredictable,,14,4.755178
u128,naive,unpredictable,,14,40.340980
u128,null,unpredictable,,14,0.651081
u128,zmij_neon,unpredictable,,14,2.626618
u128,zmij_scalar,unpredictable,,14,3.131747
u128,fmt,unpredictable,,15,4.950207
u128,naive,unpredictable,,15,44.058799
u128,null,unpredictable,,15,0.651081
u128,zmij_neon,unpredictable,,15,2.654037
u128,zmij_scalar,unpredictable,,15,3.130794
u128,fmt,unpredictable,,16,4.987637
u128,naive,unpredictable,,16,47.246854
u128,null,unpredictable,,16,0.651083
u128,zmij_neon,unpredictable,,16,2.607306
u128,zmij_scalar,unpredictable,,16,3.078740
u128,fmt,unpredictable,,17,5.251408
u128,naive,unpredictable,,17,51.087935
u128,null,unpredictable,,17,0.651003
u128,zmij_neon,unpredictable,,17,2.686460
u128,zmij_scalar,unpredictable,,17,3.162742
u128,fmt,unpredictable,,18,5.448420
u128,naive,unpredictable,,18,54.695765
u128,null,unpredictable,,18,0.651001
u128,zmij_neon,unpredictable,,18,2.588075
u128,zmij_scalar,unpredictable,,18,3.062528
u128,fmt,unpredictable,,19,5.864302
u128,naive,unpredictable,,19,58.183272
u128,null,unpredictable,,19,0.651081
u128,zmij_neon,unpredictable,,19,2.542615
u128,zmij_scalar,unpredictable,,19,3.093204
u128,fmt,unpredictable,,20,13.658682
u128,naive,unpredictable,,20,62.031110
u128,null,unpredictable,,20,0.650923
u128,zmij_neon,unpredictable,,20,3.640056
u128,zmij_scalar,unpredictable,,20,8.233031
u128,fmt,unpredictable,,21,13.693729
u128,naive,unpredictable,,21,65.655313
u128,null,unpredictable,,21,0.651081
u128,zmij_neon,unpredictable,,21,3.180305
u128,zmij_scalar,unpredictable,,21,8.175651
u128,fmt,unpredictable,,22,13.808569
u128,naive,unpredictable,,22,69.110076
u128,null,unpredictable,,22,0.651081
u128,zmij_neon,unpredictable,,22,2.991397
u128,zmij_scalar,unpredictable,,22,8.190036
u128,fmt,unpredictable,,23,13.906956
u128,naive,unpredictable,,23,72.803258
u128,null,unpredictable,,23,0.651003
u128,zmij_neon,unpredictable,,23,3.292441
u128,zmij_scalar,unpredictable,,23,8.290729
u128,fmt,unpredictable,,24,13.927540
u128,naive,unpredictable,,24,76.615335
u128,null,unpredictable,,24,0.651003
u128,zmij_neon,unpredictable,,24,3.211776
u128,zmij_scalar,unpredictable,,24,8.330863
u128,fmt,unpredictable,,25,14.065584
u128,naive,unpredictable,,25,80.656846
u128,null,unpredictable,,25,0.651001
u128,zmij_neon,unpredictable,,25,2.921382
u128,zmij_scalar,unpredictable,,25,8.273007
u128,fmt,unpredictable,,26,14.271021
u128,naive,unpredictable,,26,84.137282
u128,null,unpredictable,,26,0.651001
u128,zmij_neon,unpredictable,,26,3.008088
u128,zmij_scalar,unpredictable,,26,8.253535
u128,fmt,unpredictable,,27,14.583269
u128,naive,unpredictable,,27,88.238240
u128,null,unpredictable,,27,0.651003
u128,zmij_neon,unpredictable,,27,2.974313
u128,zmij_scalar,unpredictable,,27,8.233985
u128,fmt,unpredictable,,28,16.966581
u128,naive,unpredictable,,28,91.771842
u128,null,unpredictable,,28,0.651081
u128,zmij_neon,unpredictable,,28,2.729058
u128,zmij_scalar,unpredictable,,28,8.348506
u128,fmt,unpredictable,,29,21.499077
u128,naive,unpredictable,,29,95.417817
u128,null,unpredictable,,29,0.651001
u128,zmij_neon,unpredictable,,29,3.031215
u128,zmij_scalar,unpredictable,,29,8.322518
u128,fmt,unpredictable,,30,21.961372
u128,naive,unpredictable,,30,99.135320
u128,null,unpredictable,,30,0.651081
u128,zmij_neon,unpredictable,,30,3.251037
u128,zmij_scalar,unpredictable,,30,8.298757
u128,fmt,unpredictable,,31,22.159180
u128,naive,unpredictable,,31,103.021623
u128,null,unpredictable,,31,0.651081
u128,zmij_neon,unpredictable,,31,3.147960
u128,zmij_scalar,unpredictable,,31,8.215388
u128,fmt,unpredictable,,32,22.382656
u128,naive,unpredictable,,32,106.843791
u128,null,unpredictable,,32,0.651081
u128,zmij_neon,unpredictable,,32,3.422936
u128,zmij_scalar,unpredictable,,32,8.179465
u128,fmt,unpredictable,,33,22.905827
u128,naive,unpredictable,,33,110.880534
u128,null,unpredictable,,33,0.651001
u128,zmij_neon,unpredictable,,33,5.154412
u128,zmij_scalar,unpredictable,,33,10.168990
u128,fmt,unpredictable,,34,22.707304
u128,naive,unpredictable,,34,115.714549
u128,null,unpredictable,,34,0.651081
u128,zmij_neon,unpredictable,,34,5.325358
u128,zmij_scalar,unpredictable,,34,10.414720
u128,fmt,unpredictable,,35,24.669964
u128,naive,unpredictable,,35,125.529130
u128,null,unpredictable,,35,0.656883
u128,zmij_neon,unpredictable,,35,5.301198
u128,zmij_scalar,unpredictable,,35,10.248544
u128,fmt,unpredictable,,36,23.945332
u128,naive,unpredictable,,36,122.800509
u128,null,unpredictable,,36,0.651003
u128,zmij_neon,unpredictable,,36,5.019624
u128,zmij_scalar,unpredictable,,36,10.214925
u128,fmt,unpredictable,,37,23.567677
u128,naive,unpredictable,,37,127.581357
u128,null,unpredictable,,37,0.651001
u128,zmij_neon,unpredictable,,37,4.998246
u128,zmij_scalar,unpredictable,,37,10.164618
u128,fmt,unpredictable,,38,24.250189
u128,naive,unpredictable,,38,131.711801
u128,null,unpredictable,,38,0.651161
u128,zmij_neon,unpredictable,,38,5.209407
u128,zmij_scalar,unpredictable,,38,10.259511
u128,fmt,unpredictable,,39,31.738201
u128,naive,unpredictable,,39,135.203521
u128,null,unpredictable,,39,0.651003
u128,zmij_neon,unpredictable,,39,5.088925
u128,zmij_scalar,unpredictable,,39,10.180274
u128,fmt,admixture,5x6,0,3.101190
u128,naive,admixture,5x6,0,11.687795
u128,null,admixture,5x6,0,0.651121
u128,zmij_neon,admixture,5x6,0,1.781901
u128,zmij_scalar,admixture,5x6,0,3.006816
u128,fmt,admixture,5x6,10,3.623526
u128,naive,admixture,5x6,10,12.574594
u128,null,admixture,5x6,10,0.653863
u128,zmij_neon,admixture,5x6,10,1.774152
u128,zmij_scalar,admixture,5x6,10,2.980272
u128,fmt,admixture,5x6,20,4.222712
u128,naive,admixture,5x6,20,13.476253
u128,null,admixture,5x6,20,0.651081
u128,zmij_neon,admixture,5x6,20,1.750628
u128,zmij_scalar,admixture,5x6,20,3.060619
u128,fmt,admixture,5x6,30,4.808028
u128,naive,admixture,5x6,30,14.471769
u128,null,admixture,5x6,30,0.651081
u128,zmij_neon,admixture,5x6,30,1.750708
u128,zmij_scalar,admixture,5x6,30,2.993505
u128,fmt,admixture,5x6,40,5.417983
u128,naive,admixture,5x6,40,15.322646
u128,null,admixture,5x6,40,0.651041
u128,zmij_neon,admixture,5x6,40,1.776615
u128,zmij_scalar,admixture,5x6,40,3.002326
u128,fmt,admixture,5x6,50,5.714496
u128,naive,admixture,5x6,50,15.643597
u128,null,admixture,5x6,50,0.651082
u128,zmij_neon,admixture,5x6,50,1.775225
u128,zmij_scalar,admixture,5x6,50,2.990127
u128,fmt,admixture,5x6,60,5.450805
u128,naive,admixture,5x6,60,14.561772
u128,null,admixture,5x6,60,0.651081
u128,zmij_neon,admixture,5x6,60,1.761596
u128,zmij_scalar,admixture,5x6,60,2.987306
u128,fmt,admixture,5x6,70,4.817049
u128,naive,admixture,5x6,70,12.990673
u128,null,admixture,5x6,70,0.651081
u128,zmij_neon,admixture,5x6,70,1.774232
u128,zmij_scalar,admixture,5x6,70,3.065387
u128,fmt,admixture,5x6,80,4.232565
u128,naive,admixture,5x6,80,11.448264
u128,null,admixture,5x6,80,0.651041
u128,zmij_neon,admixture,5x6,80,1.754482
u128,zmij_scalar,admixture,5x6,80,3.063281
u128,fmt,admixture,5x6,90,3.607194
u128,naive,admixture,5x6,90,10.268092
u128,null,admixture,5x6,90,0.664989
u128,zmij_neon,admixture,5x6,90,1.816908
u128,zmij_scalar,admixture,5x6,90,2.994776
u128,fmt,admixture,5x6,100,3.070991
u128,naive,admixture,5x6,100,8.951306
u128,null,admixture,5x6,100,0.651081
u128,zmij_neon,admixture,5x6,100,1.750390
u128,zmij_scalar,admixture,5x6,100,3.008683
u128,fmt,admixture,straddle64,0,15.710115
u128,naive,admixture,straddle64,0,75.008908
u128,null,admixture,straddle64,0,0.651161
u128,zmij_neon,admixture,straddle64,0,2.253096
u128,zmij_scalar,admixture,straddle64,0,7.957539
u128,fmt,admixture,straddle64,10,15.733600
u128,naive,admixture,straddle64,10,75.124462
u128,null,admixture,straddle64,10,0.651041
u128,zmij_neon,admixture,straddle64,10,2.588352
u128,zmij_scalar,admixture,straddle64,10,7.933776
u128,fmt,admixture,straddle64,20,15.896201
u128,naive,admixture,straddle64,20,75.177273
u128,null,admixture,straddle64,20,0.651041
u128,zmij_neon,admixture,straddle64,20,2.846439
u128,zmij_scalar,admixture,straddle64,20,7.959405
u128,fmt,admixture,straddle64,30,15.676578
u128,naive,admixture,straddle64,30,75.388074
u128,null,admixture,straddle64,30,0.651082
u128,zmij_neon,admixture,straddle64,30,3.059268
u128,zmij_scalar,admixture,straddle64,30,7.984480
u128,fmt,admixture,straddle64,40,15.877922
u128,naive,admixture,straddle64,40,75.448632
u128,null,admixture,straddle64,40,0.651081
u128,zmij_neon,admixture,straddle64,40,3.307223
u128,zmij_scalar,admixture,straddle64,40,7.985394
u128,fmt,admixture,straddle64,50,15.693148
u128,naive,admixture,straddle64,50,75.562318
u128,null,admixture,straddle64,50,0.651042
u128,zmij_neon,admixture,straddle64,50,3.664732
u128,zmij_scalar,admixture,straddle64,50,7.853429
u128,fmt,admixture,straddle64,60,15.049735
u128,naive,admixture,straddle64,60,75.261314
u128,null,admixture,straddle64,60,0.651081
u128,zmij_neon,admixture,straddle64,60,3.308535
u128,zmij_scalar,admixture,straddle64,60,7.036963
u128,fmt,admixture,straddle64,70,14.116446
u128,naive,admixture,straddle64,70,73.152184
u128,null,admixture,straddle64,70,0.651081
u128,zmij_neon,admixture,straddle64,70,2.644221
u128,zmij_scalar,admixture,straddle64,70,5.936663
u128,fmt,admixture,straddle64,80,13.124307
u128,naive,admixture,straddle64,80,70.848902
u128,null,admixture,straddle64,80,0.651041
u128,zmij_neon,admixture,straddle64,80,2.418597
u128,zmij_scalar,admixture,straddle64,80,4.809300
u128,fmt,admixture,straddle64,90,12.195031
u128,naive,admixture,straddle64,90,69.119890
u128,null,admixture,straddle64,90,0.651081
u128,zmij_neon,admixture,straddle64,90,2.208432
u128,zmij_scalar,admixture,straddle64,90,3.846884
u128,fmt,admixture,straddle64,100,11.330208
u128,naive,admixture,straddle64,100,67.280570
u128,null,admixture,straddle64,100,0.651042
u128,zmij_neon,admixture,straddle64,100,1.782298
u128,zmij_scalar,admixture,straddle64,100,3.031294
u128,fmt,admixture,straddle1e32,0,23.166736
u128,naive,admixture,straddle1e32,0,116.141915
u128,null,admixture,straddle1e32,0,0.651042
u128,zmij_neon,admixture,straddle1e32,0,2.987544
u128,zmij_scalar,admixture,straddle1e32,0,9.497006
u128,fmt,admixture,straddle1e32,10,24.253448
u128,naive,admixture,straddle1e32,10,116.871515
u128,null,admixture,straddle1e32,10,0.651042
u128,zmij_neon,admixture,straddle1e32,10,3.598730
u128,zmij_scalar,admixture,straddle1e32,10,9.745161
u128,fmt,admixture,straddle1e32,20,24.807334
u128,naive,admixture,straddle1e32,20,117.677808
u128,null,admixture,straddle1e32,20,0.651042
u128,zmij_neon,admixture,straddle1e32,20,4.106681
u128,zmij_scalar,admixture,straddle1e32,20,9.836435
u128,fmt,admixture,straddle1e32,30,25.598725
u128,naive,admixture,straddle1e32,30,118.442139
u128,null,admixture,straddle1e32,30,0.651081
u128,zmij_neon,admixture,straddle1e32,30,4.561266
u128,zmij_scalar,admixture,straddle1e32,30,9.993950
u128,fmt,admixture,straddle1e32,40,26.411096
u128,naive,admixture,straddle1e32,40,119.156241
u128,null,admixture,straddle1e32,40,0.651082
u128,zmij_neon,admixture,straddle1e32,40,5.292098
u128,zmij_scalar,admixture,straddle1e32,40,10.243455
u128,fmt,admixture,straddle1e32,50,26.804209
u128,naive,admixture,straddle1e32,50,119.121511
u128,null,admixture,straddle1e32,50,0.651042
u128,zmij_neon,admixture,straddle1e32,50,5.521019
u128,zmij_scalar,admixture,straddle1e32,50,10.288835
u128,fmt,admixture,straddle1e32,60,26.082993
u128,naive,admixture,straddle1e32,60,116.265297
u128,null,admixture,straddle1e32,60,0.651042
u128,zmij_neon,admixture,straddle1e32,60,5.018274
u128,zmij_scalar,admixture,straddle1e32,60,9.923379
u128,fmt,admixture,straddle1e32,70,25.083939
u128,naive,admixture,straddle1e32,70,113.825361
u128,null,admixture,straddle1e32,70,0.651081
u128,zmij_neon,admixture,straddle1e32,70,4.288753
u128,zmij_scalar,admixture,straddle1e32,70,9.445151
u128,fmt,admixture,straddle1e32,80,24.365067
u128,naive,admixture,straddle1e32,80,111.891150
u128,null,admixture,straddle1e32,80,0.651042
u128,zmij_neon,admixture,straddle1e32,80,3.513972
u128,zmij_scalar,admixture,straddle1e32,80,8.947730
u128,fmt,admixture,straddle1e32,90,23.386160
u128,naive,admixture,straddle1e32,90,110.050996
u128,null,admixture,straddle1e32,90,0.651081
u128,zmij_neon,admixture,straddle1e32,90,3.001611
u128,zmij_scalar,admixture,straddle1e32,90,8.446137
u128,fmt,admixture,straddle1e32,100,22.675713
u128,naive,admixture,straddle1e32,100,108.183782
u128,null,admixture,straddle1e32,100,0.651041
u128,zmij_neon,admixture,straddle1e32,100,2.270937
u128,zmij_scalar,admixture,straddle1e32,100,7.977287
i128,fmt,bylength,,1,4.773338
i128,naive,bylength,,1,3.472527
i128,null,bylength,,1,0.661969
i128,zmij_neon,bylength,,1,1.780669
i128,zmij_scalar,bylength,,1,3.275315
i128,fmt,bylength,,2,5.038778
i128,naive,bylength,,2,4.627069
i128,null,bylength,,2,0.651360
i128,zmij_neon,bylength,,2,1.786868
i128,zmij_scalar,bylength,,2,3.187100
i128,fmt,bylength,,3,5.311608
i128,naive,bylength,,3,6.314436
i128,null,bylength,,3,0.651042
i128,zmij_neon,bylength,,3,1.822948
i128,zmij_scalar,bylength,,3,3.220399
i128,fmt,bylength,,4,5.543907
i128,naive,bylength,,4,7.971644
i128,null,bylength,,4,0.651082
i128,zmij_neon,bylength,,4,1.814285
i128,zmij_scalar,bylength,,4,3.208796
i128,fmt,bylength,,5,5.870303
i128,naive,bylength,,5,9.973367
i128,null,bylength,,5,0.651081
i128,zmij_neon,bylength,,5,1.787186
i128,zmij_scalar,bylength,,5,3.215393
i128,fmt,bylength,,6,5.767663
i128,naive,bylength,,6,12.526393
i128,null,bylength,,6,0.651161
i128,zmij_neon,bylength,,6,1.807213
i128,zmij_scalar,bylength,,6,3.251791
i128,fmt,bylength,,7,6.298820
i128,naive,bylength,,7,15.551488
i128,null,bylength,,7,0.651042
i128,zmij_neon,bylength,,7,1.767278
i128,zmij_scalar,bylength,,7,3.286123
i128,fmt,bylength,,8,6.332278
i128,naive,bylength,,8,18.629352
i128,null,bylength,,8,0.651081
i128,zmij_neon,bylength,,8,1.797478
i128,zmij_scalar,bylength,,8,3.178319
i128,fmt,bylength,,9,6.555200
i128,naive,bylength,,9,22.109468
i128,null,bylength,,9,0.651081
i128,zmij_neon,bylength,,9,1.775105
i128,zmij_scalar,bylength,,9,3.200611
i128,fmt,bylength,,10,6.847620
i128,naive,bylength,,10,25.159557
i128,null,bylength,,10,0.651042
i128,zmij_neon,bylength,,10,1.770417
i128,zmij_scalar,bylength,,10,3.280640
i128,fmt,bylength,,11,7.008037
i128,naive,bylength,,11,28.654695
i128,null,bylength,,11,0.651081
i128,zmij_neon,bylength,,11,1.750669
i128,zmij_scalar,bylength,,11,3.234148
i128,fmt,bylength,,12,6.855726
i128,naive,bylength,,12,32.397032
i128,null,bylength,,12,0.651081
i128,zmij_neon,bylength,,12,1.757662
i128,zmij_scalar,bylength,,12,3.233671
i128,fmt,bylength,,13,7.107854
i128,naive,bylength,,13,36.273162
i128,null,bylength,,13,0.651042
i128,zmij_neon,bylength,,13,1.783490
i128,zmij_scalar,bylength,,13,3.199577
i128,fmt,bylength,,14,7.478992
i128,naive,bylength,,14,39.998571
i128,null,bylength,,14,0.651041
i128,zmij_neon,bylength,,14,1.779874
i128,zmij_scalar,bylength,,14,3.295779
i128,fmt,bylength,,15,6.802280
i128,naive,bylength,,15,43.661952
i128,null,bylength,,15,0.651081
i128,zmij_neon,bylength,,15,1.779875
i128,zmij_scalar,bylength,,15,3.197551
i128,fmt,bylength,,16,7.174850
i128,naive,bylength,,16,47.365069
i128,null,bylength,,16,0.651042
i128,zmij_neon,bylength,,16,1.809001
i128,zmij_scalar,bylength,,16,3.236532
i128,fmt,bylength,,17,7.201234
i128,naive,bylength,,17,51.100412
i128,null,bylength,,17,0.651081
i128,zmij_neon,bylength,,17,1.800139
i128,zmij_scalar,bylength,,17,3.253579
i128,fmt,bylength,,18,7.283330
i128,naive,bylength,,18,54.950437
i128,null,bylength,,18,0.651121
i128,zmij_neon,bylength,,18,1.769106
i128,zmij_scalar,bylength,,18,3.272573
i128,fmt,bylength,,19,7.519087
i128,naive,bylength,,19,58.617075
i128,null,bylength,,19,0.651121
i128,zmij_neon,bylength,,19,2.209067
i128,zmij_scalar,bylength,,19,4.087727
i128,fmt,bylength,,20,14.603972
i128,naive,bylength,,20,62.336683
i128,null,bylength,,20,0.651081
i128,zmij_neon,bylength,,20,2.589266
i128,zmij_scalar,bylength,,20,8.499542
i128,fmt,bylength,,21,14.235893
i128,naive,bylength,,21,66.210349
i128,null,bylength,,21,0.651121
i128,zmij_neon,bylength,,21,2.605319
i128,zmij_scalar,bylength,,21,8.692741
i128,fmt,bylength,,22,14.318308
i128,naive,bylength,,22,70.506613
i128,null,bylength,,22,0.651200
i128,zmij_neon,bylength,,22,2.633413
i128,zmij_scalar,bylength,,22,8.379936
i128,fmt,bylength,,23,14.543255
i128,naive,bylength,,23,74.844639
i128,null,bylength,,23,0.651201
i128,zmij_neon,bylength,,23,2.564073
i128,zmij_scalar,bylength,,23,8.346876
i128,fmt,bylength,,24,14.654438
i128,naive,bylength,,24,78.101198
i128,null,bylength,,24,0.651161
i128,zmij_neon,bylength,,24,2.562006
i128,zmij_scalar,bylength,,24,8.301775
i128,fmt,bylength,,25,14.627020
i128,naive,bylength,,25,81.399282
i128,null,bylength,,25,0.651160
i128,zmij_neon,bylength,,25,2.561688
i128,zmij_scalar,bylength,,25,8.247495
i128,fmt,bylength,,26,15.223384
i128,naive,bylength,,26,86.971085
i128,null,bylength,,26,0.665465
i128,zmij_neon,bylength,,26,2.592881
i128,zmij_scalar,bylength,,26,8.408229
i128,fmt,bylength,,27,15.316804
i128,naive,bylength,,27,89.364250
i128,null,bylength,,27,0.661850
i128,zmij_neon,bylength,,27,2.592683
i128,zmij_scalar,bylength,,27,8.303006
i128,fmt,bylength,,28,17.080227
i128,naive,bylength,,28,93.535542
i128,null,bylength,,28,0.651161
i128,zmij_neon,bylength,,28,2.642870
i128,zmij_scalar,bylength,,28,8.381763
i128,fmt,bylength,,29,22.103390
i128,naive,bylength,,29,97.823898
i128,null,bylength,,29,0.651121
i128,zmij_neon,bylength,,29,2.548337
i128,zmij_scalar,bylength,,29,8.377910
i128,fmt,bylength,,30,22.787730
i128,naive,bylength,,30,101.001024
i128,null,bylength,,30,0.651121
i128,zmij_neon,bylength,,30,2.564549
i128,zmij_scalar,bylength,,30,8.312464
i128,fmt,bylength,,31,23.305853
i128,naive,bylength,,31,106.520295
i128,null,bylength,,31,0.651081
i128,zmij_neon,bylength,,31,2.590695
i128,zmij_scalar,bylength,,31,8.504868
i128,fmt,bylength,,32,23.457527
i128,naive,bylength,,32,110.329826
i128,null,bylength,,32,0.651121
i128,zmij_neon,bylength,,32,2.570471
i128,zmij_scalar,bylength,,32,8.511901
i128,fmt,bylength,,33,22.928357
i128,naive,bylength,,33,112.129251
i128,null,bylength,,33,0.651081
i128,zmij_neon,bylength,,33,3.154436
i128,zmij_scalar,bylength,,33,9.773930
i128,fmt,bylength,,34,23.474296
i128,naive,bylength,,34,115.901232
i128,null,bylength,,34,0.651121
i128,zmij_neon,bylength,,34,3.147244
i128,zmij_scalar,bylength,,34,9.742578
i128,fmt,bylength,,35,23.573479
i128,naive,bylength,,35,119.697571
i128,null,bylength,,35,0.651082
i128,zmij_neon,bylength,,35,3.148198
i128,zmij_scalar,bylength,,35,9.742538
i128,fmt,bylength,,36,24.096251
i128,naive,bylength,,36,123.664101
i128,null,bylength,,36,0.651081
i128,zmij_neon,bylength,,36,3.151218
i128,zmij_scalar,bylength,,36,9.732286
i128,fmt,bylength,,37,24.348657
i128,naive,bylength,,37,127.472837
i128,null,bylength,,37,0.651081
i128,zmij_neon,bylength,,37,3.174582
i128,zmij_scalar,bylength,,37,9.751439
i128,fmt,bylength,,38,25.471449
i128,naive,bylength,,38,131.279628
i128,null,bylength,,38,0.651081
i128,zmij_neon,bylength,,38,3.167272
i128,zmij_scalar,bylength,,38,9.723027
i128,fmt,bylength,,39,25.228341
i128,naive,bylength,,39,135.228157
i128,null,bylength,,39,0.651081
i128,zmij_neon,bylength,,39,3.155947
i128,zmij_scalar,bylength,,39,9.734352
i128,fmt,loguniform,1-39,39,22.414077
i128,naive,loguniform,1-39,39,80.249669
i128,null,loguniform,1-39,39,0.651082
i128,zmij_neon,loguniform,1-39,39,4.365397
i128,zmij_scalar,loguniform,1-39,39,8.850510
i128,fmt,loguniform,1-4,4,7.562439
i128,naive,loguniform,1-4,4,9.484728
i128,null,loguniform,1-4,4,0.651081
i128,zmij_neon,loguniform,1-4,4,1.756589
i128,zmij_scalar,loguniform,1-4,4,3.223102
i128,fmt,uniform,0-255,0,4.437606
i128,naive,uniform,0-255,0,6.136616
i128,null,uniform,0-255,0,0.651081
i128,zmij_neon,uniform,0-255,0,1.774390
i128,zmij_scalar,uniform,0-255,0,3.115932
i128,fmt,unpredictable,,1,6.807327
i128,naive,unpredictable,,1,6.846944
i128,null,unpredictable,,1,0.651000
i128,zmij_neon,unpredictable,,1,2.520958
i128,zmij_scalar,unpredictable,,1,3.500263
i128,fmt,unpredictable,,2,7.561047
i128,naive,unpredictable,,2,8.573651
i128,null,unpredictable,,2,0.651080
i128,zmij_neon,unpredictable,,2,2.702871
i128,zmij_scalar,unpredictable,,2,3.475706
i128,fmt,unpredictable,,3,8.641720
i128,naive,unpredictable,,3,13.758302
i128,null,unpredictable,,3,0.651240
i128,zmij_neon,unpredictable,,3,3.246149
i128,zmij_scalar,unpredictable,,3,3.886501
i128,fmt,unpredictable,,4,9.354433
i128,naive,unpredictable,,4,16.564805
i128,null,unpredictable,,4,0.652114
i128,zmij_neon,unpredictable,,4,2.720673
i128,zmij_scalar,unpredictable,,4,3.662626
i128,fmt,unpredictable,,5,9.245712
i128,naive,unpredictable,,5,18.111110
i128,null,unpredictable,,5,0.653146
i128,zmij_neon,unpredictable,,5,2.560059
i128,zmij_scalar,unpredictable,,5,3.721197
i128,fmt,unpredictable,,6,8.137148
i128,naive,unpredictable,,6,17.168403
i128,null,unpredictable,,6,0.651160
i128,zmij_neon,unpredictable,,6,2.686420
i128,zmij_scalar,unpredictable,,6,3.487150
i128,fmt,unpredictable,,7,8.112589
i128,naive,unpredictable,,7,19.522149
i128,null,unpredictable,,7,0.651080
i128,zmij_neon,unpredictable,,7,2.494812
i128,zmij_scalar,unpredictable,,7,3.630836
i128,fmt,unpredictable,,8,8.228462
i128,naive,unpredictable,,8,22.542676
i128,null,unpredictable,,8,0.651080
i128,zmij_neon,unpredictable,,8,2.490679
i128,zmij_scalar,unpredictable,,8,3.588398
i128,fmt,unpredictable,,9,8.089542
i128,naive,unpredictable,,9,25.876641
i128,null,unpredictable,,9,0.651080
i128,zmij_neon,unpredictable,,9,2.547106
i128,zmij_scalar,unpredictable,,9,3.521641
i128,fmt,unpredictable,,10,7.515272
i128,naive,unpredictable,,10,28.852742
i128,null,unpredictable,,10,0.650922
i128,zmij_neon,unpredictable,,10,2.690950
i128,zmij_scalar,unpredictable,,10,3.523945
i128,fmt,unpredictable,,11,8.505344
i128,naive,unpredictable,,11,32.467803
i128,null,unpredictable,,11,0.651082
i128,zmij_neon,unpredictable,,11,2.588987
i128,zmij_scalar,unpredictable,,11,3.483255
i128,fmt,unpredictable,,12,8.304754
i128,naive,unpredictable,,12,35.318255
i128,null,unpredictable,,12,0.651002
i128,zmij_neon,unpredictable,,12,2.480507
i128,zmij_scalar,unpredictable,,12,3.556927
i128,fmt,unpredictable,,13,8.479038
i128,naive,unpredictable,,13,38.720965
i128,null,unpredictable,,13,0.651080
i128,zmij_neon,unpredictable,,13,2.516270
i128,zmij_scalar,unpredictable,,13,3.551205
i128,fmt,unpredictable,,14,8.275032
i128,naive,unpredictable,,14,42.326570
i128,null,unpredictable,,14,0.651000
i128,zmij_neon,unpredictable,,14,2.544958
i128,zmij_scalar,unpredictable,,14,3.484287
i128,fmt,unpredictable,,15,7.766087
i128,naive,unpredictable,,15,45.763453
i128,null,unpredictable,,15,0.651080
i128,zmij_neon,unpredictable,,15,2.520243
i128,zmij_scalar,unpredictable,,15,3.463785
i128,fmt,unpredictable,,16,7.843653
i128,naive,unpredictable,,16,49.028754
i128,null,unpredictable,,16,0.650922
i128,zmij_neon,unpredictable,,16,2.626736
i128,zmij_scalar,unpredictable,,16,3.473719
i128,fmt,unpredictable,,17,7.963102
i128,naive,unpredictable,,17,52.578252
i128,null,unpredictable,,17,0.651002
i128,zmij_neon,unpredictable,,17,2.572218
i128,zmij_scalar,unpredictable,,17,3.531734
i128,fmt,unpredictable,,18,7.695038
i128,naive,unpredictable,,18,55.901805
i128,null,unpredictable,,18,0.651080
i128,zmij_neon,unpredictable,,18,2.640644
i128,zmij_scalar,unpredictable,,18,3.479679
i128,fmt,unpredictable,,19,7.894278
i128,naive,unpredictable,,19,59.840083
i128,null,unpredictable,,19,0.651002
i128,zmij_neon,unpredictable,,19,2.979517
i128,zmij_scalar,unpredictable,,19,4.378517
i128,fmt,unpredictable,,20,15.049934
i128,naive,unpredictable,,20,63.096246
i128,null,unpredictable,,20,0.651080
i128,zmij_neon,unpredictable,,20,3.842194
i128,zmij_scalar,unpredictable,,20,8.754768
i128,fmt,unpredictable,,21,14.711699
i128,naive,unpredictable,,21,66.967210
i128,null,unpredictable,,21,0.651002
i128,zmij_neon,unpredictable,,21,3.544806
i128,zmij_scalar,unpredictable,,21,8.952181
i128,fmt,unpredictable,,22,15.282551
i128,naive,unpredictable,,22,70.608655
i128,null,unpredictable,,22,0.651002
i128,zmij_neon,unpredictable,,22,3.444273
i128,zmij_scalar,unpredictable,,22,8.865000
i128,fmt,unpredictable,,23,15.031260
i128,naive,unpredictable,,23,74.188113
i128,null,unpredictable,,23,0.651002
i128,zmij_neon,unpredictable,,23,3.534077
i128,zmij_scalar,unpredictable,,23,9.078144
i128,fmt,unpredictable,,24,15.278259
i128,naive,unpredictable,,24,77.958623
i128,null,unpredictable,,24,0.651080
i128,zmij_neon,unpredictable,,24,3.431559
i128,zmij_scalar,unpredictable,,24,8.988182
i128,fmt,unpredictable,,25,15.884081
i128,naive,unpredictable,,25,81.698617
i128,null,unpredictable,,25,0.651080
i128,zmij_neon,unpredictable,,25,3.456829
i128,zmij_scalar,unpredictable,,25,8.910378
i128,fmt,unpredictable,,26,16.124168
i128,naive,unpredictable,,26,85.376700
i128,null,unpredictable,,26,0.651080
i128,zmij_neon,unpredictable,,26,3.433067
i128,zmij_scalar,unpredictable,,26,8.879145
i128,fmt,unpredictable,,27,16.414085
i128,naive,unpredictable,,27,89.165330
i128,null,unpredictable,,27,0.651080
i128,zmij_neon,unpredictable,,27,3.494024
i128,zmij_scalar,unpredictable,,27,8.898378
i128,fmt,unpredictable,,28,18.310865
i128,naive,unpredictable,,28,92.950145
i128,null,unpredictable,,28,0.651080
i128,zmij_neon,unpredictable,,28,3.361622
i128,zmij_scalar,unpredictable,,28,9.046991
i128,fmt,unpredictable,,29,23.371696
i128,naive,unpredictable,,29,96.618295
i128,null,unpredictable,,29,0.651002
i128,zmij_neon,unpredictable,,29,3.516516
i128,zmij_scalar,unpredictable,,29,9.008528
i128,fmt,unpredictable,,30,23.972670
i128,naive,unpredictable,,30,100.418765
i128,null,unpredictable,,30,0.651160
i128,zmij_neon,unpredictable,,30,3.677210
i128,zmij_scalar,unpredictable,,30,8.867064
i128,fmt,unpredictable,,31,24.243912
i128,naive,unpredictable,,31,104.309121
i128,null,unpredictable,,31,0.651080
i128,zmij_neon,unpredictable,,31,3.458580
i128,zmij_scalar,unpredictable,,31,8.912523
i128,fmt,unpredictable,,32,24.215221
i128,naive,unpredictable,,32,108.081382
i128,null,unpredictable,,32,0.651000
i128,zmij_neon,unpredictable,,32,3.665844
i128,zmij_scalar,unpredictable,,32,8.852999
i128,fmt,unpredictable,,33,24.338087
i128,naive,unpredictable,,33,111.935973
i128,null,unpredictable,,33,0.651080
i128,zmij_neon,unpredictable,,33,5.502222
i128,zmij_scalar,unpredictable,,33,10.790148
i128,fmt,unpredictable,,34,24.919271
i128,naive,unpredictable,,34,116.063397
i128,null,unpredictable,,34,0.651080
i128,zmij_neon,unpredictable,,34,5.602757
i128,zmij_scalar,unpredictable,,34,10.948460
i128,fmt,unpredictable,,35,25.146088
i128,naive,unpredictable,,35,119.962972
i128,null,unpredictable,,35,0.651002
i128,zmij_neon,unpredictable,,35,5.510489
i128,zmij_scalar,unpredictable,,35,10.682146
i128,fmt,unpredictable,,36,25.658846
i128,naive,unpredictable,,36,123.720288
i128,null,unpredictable,,36,0.651000
i128,zmij_neon,unpredictable,,36,5.438803
i128,zmij_scalar,unpredictable,,36,10.638594
i128,fmt,unpredictable,,37,25.424719
i128,naive,unpredictable,,37,127.333045
i128,null,unpredictable,,37,0.651238
i128,zmij_neon,unpredictable,,37,5.661566
i128,zmij_scalar,unpredictable,,37,10.846972
i128,fmt,unpredictable,,38,26.512146
i128,naive,unpredictable,,38,131.636342
i128,null,unpredictable,,38,0.651080
i128,zmij_neon,unpredictable,,38,5.673964
i128,zmij_scalar,unpredictable,,38,10.679522
i128,fmt,unpredictable,,39,29.275734
i128,naive,unpredictable,,39,135.758996
i128,null,unpredictable,,39,0.651080
i128,zmij_neon,unpredictable,,39,5.630810
i128,zmij_scalar,unpredictable,,39,10.670782
i128,fmt,admixture,5x6,0,5.695541
i128,naive,admixture,5x6,0,12.507479
i128,null,admixture,5x6,0,0.651041
i128,zmij_neon,admixture,5x6,0,1.744349
i128,zmij_scalar,admixture,5x6,0,3.203234
i128,fmt,admixture,5x6,10,5.905906
i128,naive,admixture,5x6,10,13.477564
i128,null,admixture,5x6,10,0.651081
i128,zmij_neon,admixture,5x6,10,1.766086
i128,zmij_scalar,admixture,5x6,10,3.151456
i128,fmt,admixture,5x6,20,6.353816
i128,naive,admixture,5x6,20,14.457425
i128,null,admixture,5x6,20,0.651121
i128,zmij_neon,admixture,5x6,20,1.802643
i128,zmij_scalar,admixture,5x6,20,3.183922
i128,fmt,admixture,5x6,30,6.811222
i128,naive,admixture,5x6,30,15.312712
i128,null,admixture,5x6,30,0.651082
i128,zmij_neon,admixture,5x6,30,1.801133
i128,zmij_scalar,admixture,5x6,30,3.164291
i128,fmt,admixture,5x6,40,6.954670
i128,naive,admixture,5x6,40,16.345859
i128,null,admixture,5x6,40,0.651082
i128,zmij_neon,admixture,5x6,40,1.772006
i128,zmij_scalar,admixture,5x6,40,3.222148
i128,fmt,admixture,5x6,50,7.081032
i128,naive,admixture,5x6,50,16.864300
i128,null,admixture,5x6,50,0.651082
i128,zmij_neon,admixture,5x6,50,1.762152
i128,zmij_scalar,admixture,5x6,50,3.161192
i128,fmt,admixture,5x6,60,7.067482
i128,naive,admixture,5x6,60,15.676339
i128,null,admixture,5x6,60,0.651081
i128,zmij_neon,admixture,5x6,60,1.761477
i128,zmij_scalar,admixture,5x6,60,3.285050
i128,fmt,admixture,5x6,70,6.587584
i128,naive,admixture,5x6,70,13.905804
i128,null,admixture,5x6,70,0.651042
i128,zmij_neon,admixture,5x6,70,1.778285
i128,zmij_scalar,admixture,5x6,70,3.162742
i128,fmt,admixture,5x6,80,6.352584
i128,naive,admixture,5x6,80,12.551427
i128,null,admixture,5x6,80,0.651082
i128,zmij_neon,admixture,5x6,80,1.771092
i128,zmij_scalar,admixture,5x6,80,3.185590
i128,fmt,admixture,5x6,90,5.854130
i128,naive,admixture,5x6,90,11.233687
i128,null,admixture,5x6,90,0.653863
i128,zmij_neon,admixture,5x6,90,1.815717
i128,zmij_scalar,admixture,5x6,90,3.205538
i128,fmt,admixture,5x6,100,5.811810
i128,naive,admixture,5x6,100,9.958664
i128,null,admixture,5x6,100,0.653903
i128,zmij_neon,admixture,5x6,100,1.766920
i128,zmij_scalar,admixture,5x6,100,3.194054
i128,fmt,admixture,straddle64,0,16.780257
i128,naive,admixture,straddle64,0,76.389273
i128,null,admixture,straddle64,0,0.651041
i128,zmij_neon,admixture,straddle64,0,2.617638
i128,zmij_scalar,admixture,straddle64,0,8.444309
i128,fmt,admixture,straddle64,10,16.839981
i128,naive,admixture,straddle64,10,76.627095
i128,null,admixture,straddle64,10,0.651042
i128,zmij_neon,admixture,straddle64,10,2.760768
i128,zmij_scalar,admixture,straddle64,10,8.472720
i128,fmt,admixture,straddle64,20,16.880631
i128,naive,admixture,straddle64,20,76.793233
i128,null,admixture,straddle64,20,0.651121
i128,zmij_neon,admixture,straddle64,20,2.926508
i128,zmij_scalar,admixture,straddle64,20,8.499146
i128,fmt,admixture,straddle64,30,17.058611
i128,naive,admixture,straddle64,30,76.936206
i128,null,admixture,straddle64,30,0.651082
i128,zmij_neon,admixture,straddle64,30,3.009398
i128,zmij_scalar,admixture,straddle64,30,8.499463
i128,fmt,admixture,straddle64,40,17.148694
i128,naive,admixture,straddle64,40,77.128212
i128,null,admixture,straddle64,40,0.651121
i128,zmij_neon,admixture,straddle64,40,3.071586
i128,zmij_scalar,admixture,straddle64,40,8.546034
i128,fmt,admixture,straddle64,50,17.288923
i128,naive,admixture,straddle64,50,77.183207
i128,null,admixture,straddle64,50,0.651121
i128,zmij_neon,admixture,straddle64,50,3.242811
i128,zmij_scalar,admixture,straddle64,50,8.532682
i128,fmt,admixture,straddle64,60,16.686480
i128,naive,admixture,straddle64,60,76.690197
i128,null,admixture,straddle64,60,0.651082
i128,zmij_neon,admixture,straddle64,60,3.347635
i128,zmij_scalar,admixture,straddle64,60,8.487145
i128,fmt,admixture,straddle64,70,15.822093
i128,naive,admixture,straddle64,70,75.079997
i128,null,admixture,straddle64,70,0.651121
i128,zmij_neon,admixture,straddle64,70,3.414552
i128,zmij_scalar,admixture,straddle64,70,8.499901
i128,fmt,admixture,straddle64,80,14.727116
i128,naive,admixture,straddle64,80,72.607835
i128,null,admixture,straddle64,80,0.651082
i128,zmij_neon,admixture,straddle64,80,3.596624
i128,zmij_scalar,admixture,straddle64,80,8.479118
i128,fmt,admixture,straddle64,90,13.792793
i128,naive,admixture,straddle64,90,70.689598
i128,null,admixture,straddle64,90,0.651240
i128,zmij_neon,admixture,straddle64,90,3.936808
i128,zmij_scalar,admixture,straddle64,90,8.396268
i128,fmt,admixture,straddle64,100,12.956421
i128,naive,admixture,straddle64,100,68.819086
i128,null,admixture,straddle64,100,0.651042
i128,zmij_neon,admixture,straddle64,100,4.037023
i128,zmij_scalar,admixture,straddle64,100,8.221468
i128,fmt,admixture,straddle1e32,0,24.670164
i128,naive,admixture,straddle1e32,0,117.409428
i128,null,admixture,straddle1e32,0,0.651042
i128,zmij_neon,admixture,straddle1e32,0,3.189365
i128,zmij_scalar,admixture,straddle1e32,0,9.975235
i128,fmt,admixture,straddle1e32,10,25.822958
i128,naive,admixture,straddle1e32,10,118.175030
i128,null,admixture,straddle1e32,10,0.651042
i128,zmij_neon,admixture,straddle1e32,10,3.904024
i128,zmij_scalar,admixture,straddle1e32,10,10.156194
i128,fmt,admixture,straddle1e32,20,26.584228
i128,naive,admixture,straddle1e32,20,119.039099
i128,null,admixture,straddle1e32,20,0.651121
i128,zmij_neon,admixture,straddle1e32,20,4.596909
i128,zmij_scalar,admixture,straddle1e32,20,10.407050
i128,fmt,admixture,straddle1e32,30,27.437965
i128,naive,admixture,straddle1e32,30,119.949738
i128,null,admixture,straddle1e32,30,0.651042
i128,zmij_neon,admixture,straddle1e32,30,5.179485
i128,zmij_scalar,admixture,straddle1e32,30,10.540405
i128,fmt,admixture,straddle1e32,40,28.236389
i128,naive,admixture,straddle1e32,40,120.792627
i128,null,admixture,straddle1e32,40,0.651121
i128,zmij_neon,admixture,straddle1e32,40,5.686203
i128,zmij_scalar,admixture,straddle1e32,40,10.693233
i128,fmt,admixture,straddle1e32,50,28.452754
i128,naive,admixture,straddle1e32,50,120.636940
i128,null,admixture,straddle1e32,50,0.651081
i128,zmij_neon,admixture,straddle1e32,50,6.087343
i128,zmij_scalar,admixture,straddle1e32,50,10.794839
i128,fmt,admixture,straddle1e32,60,27.762413
i128,naive,admixture,straddle1e32,60,118.049582
i128,null,admixture,straddle1e32,60,0.651081
i128,zmij_neon,admixture,straddle1e32,60,5.655487
i128,zmij_scalar,admixture,straddle1e32,60,10.483067
i128,fmt,admixture,straddle1e32,70,26.766379
i128,naive,admixture,straddle1e32,70,115.518928
i128,null,admixture,straddle1e32,70,0.651081
i128,zmij_neon,admixture,straddle1e32,70,4.865289
i128,zmij_scalar,admixture,straddle1e32,70,9.990056
i128,fmt,admixture,straddle1e32,80,25.756717
i128,naive,admixture,straddle1e32,80,113.393148
i128,null,admixture,straddle1e32,80,0.651081
i128,zmij_neon,admixture,straddle1e32,80,4.015963
i128,zmij_scalar,admixture,straddle1e32,80,9.531260
i128,fmt,admixture,straddle1e32,90,24.904171
i128,naive,admixture,straddle1e32,90,111.411531
i128,null,admixture,straddle1e32,90,0.651081
i128,zmij_neon,admixture,straddle1e32,90,3.352722
i128,zmij_scalar,admixture,straddle1e32,90,9.036263
i128,fmt,admixture,straddle1e32,100,24.337569
i128,naive,admixture,straddle1e32,100,109.509190
i128,null,admixture,straddle1e32,100,0.651081
i128,zmij_neon,admixture,straddle1e32,100,2.566497
i128,zmij_scalar,admixture,straddle1e32,100,8.514364
