Type,Function,Mode,Series,X,Time_ns
u32,amartin,bylength,,1,0.923434
u32,branchlut,bylength,,1,0.923435
u32,branchlut2,bylength,,1,0.692725
u32,count,bylength,,1,0.956059
u32,countlut,bylength,,1,1.154383
u32,fmt,bylength,,1,0.915289
u32,jeaiii,bylength,,1,0.688593
u32,lut,bylength,,1,1.385173
u32,mwilson,bylength,,1,1.151443
u32,naive,bylength,,1,1.153350
u32,null,bylength,,1,0.680407
u32,sprintf,bylength,,1,23.354848
u32,tmueller,bylength,,1,0.923434
u32,unnamed,bylength,,1,1.385212
u32,unrolledlut,bylength,,1,1.154423
u32,yy,bylength,,1,0.923475
u32,zmij_neon,bylength,,1,0.923435
u32,zmij_scalar,bylength,,1,1.646280
u32,amartin,bylength,,2,0.919342
u32,branchlut,bylength,,2,1.154344
u32,branchlut2,bylength,,2,0.923434
u32,count,bylength,,2,1.219630
u32,countlut,bylength,,2,1.154344
u32,fmt,bylength,,2,0.916481
u32,jeaiii,bylength,,2,0.915289
u32,lut,bylength,,2,1.397093
u32,mwilson,bylength,,2,1.167138
u32,naive,bylength,,2,1.621525
u32,null,bylength,,2,0.685970
u32,sprintf,bylength,,2,24.347425
u32,tmueller,bylength,,2,1.154462
u32,unnamed,bylength,,2,1.764258
u32,unrolledlut,bylength,,2,0.923435
u32,yy,bylength,,2,0.692686
u32,zmij_neon,bylength,,2,0.921409
u32,zmij_scalar,bylength,,2,1.623869
u32,amartin,bylength,,3,1.615962
u32,branchlut,bylength,,3,1.154264
u32,branchlut2,bylength,,3,1.154423
u32,count,bylength,,3,1.548529
u32,countlut,bylength,,3,1.158595
u32,fmt,bylength,,3,1.154304
u32,jeaiii,bylength,,3,1.154263
u32,lut,bylength,,3,1.888950
u32,mwilson,bylength,,3,1.427611
u32,naive,bylength,,3,2.081871
u32,null,bylength,,3,0.692566
u32,sprintf,bylength,,3,24.624864
u32,tmueller,bylength,,3,1.264970
u32,unnamed,bylength,,3,1.713118
u32,unrolledlut,bylength,,3,1.149933
u32,yy,bylength,,3,1.154304
u32,zmij_neon,bylength,,3,0.923435
u32,zmij_scalar,bylength,,3,1.696030
u32,amartin,bylength,,4,1.385053
u32,branchlut,bylength,,4,1.157084
u32,branchlut2,bylength,,4,1.615921
u32,count,bylength,,4,1.904449
u32,countlut,bylength,,4,1.385172
u32,fmt,bylength,,4,1.153747
u32,jeaiii,bylength,,4,1.380166
u32,lut,bylength,,4,2.322475
u32,mwilson,bylength,,4,2.195437
u32,naive,bylength,,4,2.584139
u32,null,bylength,,4,0.689824
u32,sprintf,bylength,,4,25.386016
u32,tmueller,bylength,,4,1.154224
u32,unnamed,bylength,,4,1.979312
u32,unrolledlut,bylength,,4,1.385093
u32,yy,bylength,,4,1.154224
u32,zmij_neon,bylength,,4,0.923474
u32,zmij_scalar,bylength,,4,1.694401
u32,amartin,bylength,,5,1.846790
u32,branchlut,bylength,,5,1.869401
u32,branchlut2,bylength,,5,1.385132
u32,count,bylength,,5,2.310792
u32,countlut,bylength,,5,1.619339
u32,fmt,bylength,,5,1.457611
u32,jeaiii,bylength,,5,1.385093
u32,lut,bylength,,5,2.805194
u32,mwilson,bylength,,5,2.502402
u32,naive,bylength,,5,3.071745
u32,null,bylength,,5,0.691731
u32,sprintf,bylength,,5,25.980195
u32,tmueller,bylength,,5,1.154263
u32,unnamed,bylength,,5,2.337813
u32,unrolledlut,bylength,,5,1.625736
u32,yy,bylength,,5,1.380642
u32,zmij_neon,bylength,,5,0.923355
u32,zmij_scalar,bylength,,5,1.694520
u32,amartin,bylength,,6,1.846790
u32,branchlut,bylength,,6,1.875162
u32,branchlut2,bylength,,6,1.615882
u32,count,bylength,,6,2.538522
u32,countlut,bylength,,6,1.851439
u32,fmt,bylength,,6,1.458685
u32,jeaiii,bylength,,6,1.615882
u32,lut,bylength,,6,3.241658
u32,mwilson,bylength,,6,3.280878
u32,naive,bylength,,6,3.553271
u32,null,bylength,,6,0.683625
u32,sprintf,bylength,,6,27.540366
u32,tmueller,bylength,,6,1.385610
u32,unnamed,bylength,,6,2.578774
u32,unrolledlut,bylength,,6,1.385132
u32,yy,bylength,,6,1.157204
u32,zmij_neon,bylength,,6,0.923395
u32,zmij_scalar,bylength,,6,1.628676
u32,amartin,bylength,,7,2.308448
u32,branchlut,bylength,,7,1.874804
u32,branchlut2,bylength,,7,1.706362
u32,count,bylength,,7,3.193179
u32,countlut,bylength,,7,2.037604
u32,fmt,bylength,,7,1.957098
u32,jeaiii,bylength,,7,1.615921
u32,lut,bylength,,7,3.736933
u32,mwilson,bylength,,7,3.521800
u32,naive,bylength,,7,4.027327
u32,null,bylength,,7,0.692566
u32,sprintf,bylength,,7,27.803023
u32,tmueller,bylength,,7,1.394311
u32,unnamed,bylength,,7,2.843618
u32,unrolledlut,bylength,,7,1.385331
u32,yy,bylength,,7,1.617193
u32,zmij_neon,bylength,,7,0.923395
u32,zmij_scalar,bylength,,7,1.625976
u32,amartin,bylength,,8,2.303958
u32,branchlut,bylength,,8,1.866302
u32,branchlut2,bylength,,8,1.757185
u32,count,bylength,,8,3.687183
u32,countlut,bylength,,8,2.539714
u32,fmt,bylength,,8,2.080520
u32,jeaiii,bylength,,8,1.846790
u32,lut,bylength,,8,4.168510
u32,mwilson,bylength,,8,4.246235
u32,naive,bylength,,8,4.520972
u32,null,bylength,,8,0.692527
u32,sprintf,bylength,,8,26.622415
u32,tmueller,bylength,,8,2.539436
u32,unnamed,bylength,,8,3.070196
u32,unrolledlut,bylength,,8,1.385251
u32,yy,bylength,,8,1.618147
u32,zmij_neon,bylength,,8,0.923395
u32,zmij_scalar,bylength,,8,1.620571
u32,amartin,bylength,,9,1.849811
u32,branchlut,bylength,,9,1.860222
u32,branchlut2,bylength,,9,1.762112
u32,count,bylength,,9,3.957272
u32,countlut,bylength,,9,2.552906
u32,fmt,bylength,,9,2.467871
u32,jeaiii,bylength,,9,1.846750
u32,lut,bylength,,9,4.696091
u32,mwilson,bylength,,9,4.645626
u32,naive,bylength,,9,5.026221
u32,null,bylength,,9,0.692527
u32,sprintf,bylength,,9,27.403077
u32,tmueller,bylength,,9,2.539356
u32,unnamed,bylength,,9,3.310084
u32,unrolledlut,bylength,,9,1.615922
u32,yy,bylength,,9,1.856327
u32,zmij_neon,bylength,,9,0.923355
u32,zmij_scalar,bylength,,9,1.696944
u32,amartin,bylength,,10,1.847625
u32,branchlut,bylength,,10,2.081593
u32,branchlut2,bylength,,10,1.862208
u32,count,bylength,,10,4.200617
u32,countlut,bylength,,10,2.647400
u32,fmt,bylength,,10,2.350330
u32,jeaiii,bylength,,10,1.846751
u32,lut,bylength,,10,5.563299
u32,mwilson,bylength,,10,5.398075
u32,naive,bylength,,10,5.548636
u32,null,bylength,,10,0.692566
u32,sprintf,bylength,,10,28.806528
u32,tmueller,bylength,,10,2.549291
u32,unnamed,bylength,,10,3.418486
u32,unrolledlut,bylength,,10,1.615922
u32,yy,bylength,,10,1.856089
u32,zmij_neon,bylength,,10,0.923395
u32,zmij_scalar,bylength,,10,1.700441
u32,amartin,loguniform,1-10,10,3.696065
u32,branchlut,loguniform,1-10,10,5.598621
u32,branchlut2,loguniform,1-10,10,6.288548
u32,count,loguniform,1-10,10,7.863844
u32,countlut,loguniform,1-10,10,6.170679
u32,fmt,loguniform,1-10,10,7.184010
u32,jeaiii,loguniform,1-10,10,6.032383
u32,lut,loguniform,1-10,10,7.971619
u32,mwilson,loguniform,1-10,10,8.108524
u32,naive,loguniform,1-10,10,9.644080
u32,null,loguniform,1-10,10,0.651102
u32,sprintf,loguniform,1-10,10,36.787063
u32,tmueller,loguniform,1-10,10,5.108347
u32,unnamed,loguniform,1-10,10,5.265400
u32,unrolledlut,loguniform,1-10,10,5.343887
u32,yy,loguniform,1-10,10,3.922583
u32,zmij_neon,loguniform,1-10,10,0.921453
u32,zmij_scalar,loguniform,1-10,10,1.627634
u32,amartin,loguniform,1-4,4,2.974908
u32,branchlut,loguniform,1-4,4,3.281157
u32,branchlut2,loguniform,1-4,4,3.796537
u32,count,loguniform,1-4,4,4.221678
u32,countlut,loguniform,1-4,4,4.062057
u32,fmt,loguniform,1-4,4,4.063010
u32,jeaiii,loguniform,1-4,4,3.717621
u32,lut,loguniform,1-4,4,5.450645
u32,mwilson,loguniform,1-4,4,4.480481
u32,naive,loguniform,1-4,4,5.349915
u32,null,loguniform,1-4,4,0.679413
u32,sprintf,loguniform,1-4,4,31.954685
u32,tmueller,loguniform,1-4,4,2.558509
u32,unnamed,loguniform,1-4,4,4.782955
u32,unrolledlut,loguniform,1-4,4,4.572788
u32,yy,loguniform,1-4,4,2.575636
u32,zmij_neon,loguniform,1-4,4,0.912149
u32,zmij_scalar,loguniform,1-4,4,1.613021
u32,amartin,uniform,0-255,0,2.787271
u32,branchlut,uniform,0-255,0,2.783975
u32,branchlut2,uniform,0-255,0,2.570192
u32,count,uniform,0-255,0,3.018737
u32,countlut,uniform,0-255,0,2.483368
u32,fmt,uniform,0-255,0,2.486706
u32,jeaiii,uniform,0-255,0,2.169331
u32,lut,uniform,0-255,0,3.665130
u32,mwilson,uniform,0-255,0,2.882123
u32,naive,uniform,0-255,0,3.806909
u32,null,uniform,0-255,0,0.692566
u32,sprintf,uniform,0-255,0,28.664947
u32,tmueller,uniform,0-255,0,1.345634
u32,toy256,uniform,0-255,0,0.689983
u32,unnamed,uniform,0-255,0,3.650705
u32,unrolledlut,uniform,0-255,0,2.871156
u32,yy,uniform,0-255,0,2.393285
u32,zmij_neon,uniform,0-255,0,0.913422
u32,zmij_scalar,uniform,0-255,0,1.626888
u32,amartin,unpredictable,,1,3.129323
u32,branchlut,unpredictable,,1,2.108296
u32,branchlut2,unpredictable,,1,1.282730
u32,count,unpredictable,,1,3.935813
u32,countlut,unpredictable,,1,3.215034
u32,fmt,unpredictable,,1,3.472486
u32,jeaiii,unpredictable,,1,3.028433
u32,lut,unpredictable,,1,4.019300
u32,mwilson,unpredictable,,1,4.226447
u32,naive,unpredictable,,1,4.247188
u32,null,unpredictable,,1,0.670671
u32,sprintf,unpredictable,,1,28.415719
u32,tmueller,unpredictable,,1,1.866618
u32,unnamed,unpredictable,,1,2.084056
u32,unrolledlut,unpredictable,,1,2.398731
u32,yy,unpredictable,,1,3.541749
u32,zmij_neon,unpredictable,,1,0.923595
u32,zmij_scalar,unpredictable,,1,1.747688
u32,amartin,unpredictable,,2,2.839725
u32,branchlut,unpredictable,,2,2.257705
u32,branchlut2,unpredictable,,2,1.539268
u32,count,unpredictable,,2,3.944476
u32,countlut,unpredictable,,2,3.272573
u32,fmt,unpredictable,,2,3.501177
u32,jeaiii,unpredictable,,2,3.378351
u32,lut,unpredictable,,2,4.171412
u32,mwilson,unpredictable,,2,4.293046
u32,naive,unpredictable,,2,4.284858
u32,null,unpredictable,,2,0.694512
u32,sprintf,unpredictable,,2,27.228871
u32,tmueller,unpredictable,,2,1.779834
u32,unnamed,unpredictable,,2,2.325734
u32,unrolledlut,unpredictable,,2,1.869997
u32,yy,unpredictable,,2,3.603656
u32,zmij_neon,unpredictable,,2,0.923674
u32,zmij_scalar,unpredictable,,2,1.616001
u32,amartin,unpredictable,,3,3.148000
u32,branchlut,unpredictable,,3,2.605319
u32,branchlut2,unpredictable,,3,1.855730
u32,count,unpredictable,,3,4.212857
u32,countlut,unpredictable,,3,2.747415
u32,fmt,unpredictable,,3,3.162384
u32,jeaiii,unpredictable,,3,1.740734
u32,lut,unpredictable,,3,3.644587
u32,mwilson,unpredictable,,3,4.318954
u32,naive,unpredictable,,3,5.283513
u32,null,unpredictable,,3,0.654141
u32,sprintf,unpredictable,,3,27.887860
u32,tmueller,unpredictable,,3,1.795093
u32,unnamed,unpredictable,,3,3.050208
u32,unrolledlut,unpredictable,,3,1.807055
u32,yy,unpredictable,,3,3.323913
u32,zmij_neon,unpredictable,,3,0.923674
u32,zmij_scalar,unpredictable,,3,1.631418
u32,amartin,unpredictable,,4,3.067969
u32,branchlut,unpredictable,,4,3.054502
u32,branchlut2,unpredictable,,4,2.120852
u32,count,unpredictable,,4,4.177413
u32,countlut,unpredictable,,4,2.882600
u32,fmt,unpredictable,,4,3.338020
u32,jeaiii,unpredictable,,4,1.920502
u32,lut,unpredictable,,4,4.477777
u32,mwilson,unpredictable,,4,4.458825
u32,naive,unpredictable,,4,5.389689
u32,null,unpredictable,,4,0.693957
u32,sprintf,unpredictable,,4,27.574418
u32,tmueller,unpredictable,,4,2.078889
u32,unnamed,unpredictable,,4,3.569324
u32,unrolledlut,unpredictable,,4,1.941603
u32,yy,unpredictable,,4,3.042579
u32,zmij_neon,unpredictable,,4,0.923674
u32,zmij_scalar,unpredictable,,4,1.618704
u32,amartin,unpredictable,,5,2.651216
u32,branchlut,unpredictable,,5,2.831340
u32,branchlut2,unpredictable,,5,2.422531
u32,count,unpredictable,,5,4.196008
u32,countlut,unpredictable,,5,2.656102
u32,fmt,unpredictable,,5,3.067812
u32,jeaiii,unpredictable,,5,1.956820
u32,lut,unpredictable,,5,4.502495
u32,mwilson,unpredictable,,5,4.510880
u32,naive,unpredictable,,5,5.473771
u32,null,unpredictable,,5,0.690301
u32,sprintf,unpredictable,,5,28.035758
u32,tmueller,unpredictable,,5,2.066731
u32,unnamed,unpredictable,,5,4.179200
u32,unrolledlut,unpredictable,,5,2.119461
u32,yy,unpredictable,,5,2.695760
u32,zmij_neon,unpredictable,,5,0.923355
u32,zmij_scalar,unpredictable,,5,1.619976
u32,amartin,unpredictable,,6,2.472320
u32,branchlut,unpredictable,,6,2.846601
u32,branchlut2,unpredictable,,6,2.304037
u32,count,unpredictable,,6,4.613242
u32,countlut,unpredictable,,6,2.786437
u32,fmt,unpredictable,,6,3.062647
u32,jeaiii,unpredictable,,6,2.048452
u32,lut,unpredictable,,6,4.571001
u32,mwilson,unpredictable,,6,4.869460
u32,naive,unpredictable,,6,5.543153
u32,null,unpredictable,,6,0.713983
u32,sprintf,unpredictable,,6,28.645000
u32,tmueller,unpredictable,,6,2.406079
u32,unnamed,unpredictable,,6,4.841130
u32,unrolledlut,unpredictable,,6,2.144972
u32,yy,unpredictable,,6,2.943555
u32,zmij_neon,unpredictable,,6,0.923594
u32,zmij_scalar,unpredictable,,6,1.619577
u32,amartin,unpredictable,,7,3.022193
u32,branchlut,unpredictable,,7,2.746224
u32,branchlut2,unpredictable,,7,2.742170
u32,count,unpredictable,,7,4.406373
u32,countlut,unpredictable,,7,2.467433
u32,fmt,unpredictable,,7,2.716700
u32,jeaiii,unpredictable,,7,2.478003
u32,lut,unpredictable,,7,4.507263
u32,mwilson,unpredictable,,7,4.714648
u32,naive,unpredictable,,7,5.732696
u32,null,unpredictable,,7,0.700473
u32,sprintf,unpredictable,,7,27.491054
u32,tmueller,unpredictable,,7,2.285201
u32,unnamed,unpredictable,,7,5.401572
u32,unrolledlut,unpredictable,,7,2.858639
u32,yy,unpredictable,,7,2.663016
u32,zmij_neon,unpredictable,,7,0.923595
u32,zmij_scalar,unpredictable,,7,1.625618
u32,amartin,unpredictable,,8,3.185351
u32,branchlut,unpredictable,,8,3.092727
u32,branchlut2,unpredictable,,8,2.893011
u32,count,unpredictable,,8,4.827182
u32,countlut,unpredictable,,8,2.813935
u32,fmt,unpredictable,,8,2.568007
u32,jeaiii,unpredictable,,8,2.460838
u32,lut,unpredictable,,8,5.022564
u32,mwilson,unpredictable,,8,4.994233
u32,naive,unpredictable,,8,5.793332
u32,null,unpredictable,,8,0.700553
u32,sprintf,unpredictable,,8,26.837865
u32,tmueller,unpredictable,,8,3.200490
u32,unnamed,unpredictable,,8,5.987126
u32,unrolledlut,unpredictable,,8,3.316324
u32,yy,unpredictable,,8,2.592841
u32,zmij_neon,unpredictable,,8,0.917158
u32,zmij_scalar,unpredictable,,8,1.618069
u32,amartin,unpredictable,,9,4.989942
u32,branchlut,unpredictable,,9,3.188413
u32,branchlut2,unpredictable,,9,4.566471
u32,count,unpredictable,,9,4.874467
u32,countlut,unpredictable,,9,3.019134
u32,fmt,unpredictable,,9,3.236929
u32,jeaiii,unpredictable,,9,2.681852
u32,lut,unpredictable,,9,5.512594
u32,mwilson,unpredictable,,9,5.077521
u32,naive,unpredictable,,9,6.107488
u32,null,unpredictable,,9,0.677903
u32,sprintf,unpredictable,,9,27.758161
u32,tmueller,unpredictable,,9,3.254849
u32,unnamed,unpredictable,,9,6.513078
u32,unrolledlut,unpredictable,,9,4.119316
u32,yy,unpredictable,,9,2.895156
u32,zmij_neon,unpredictable,,9,0.923595
u32,zmij_scalar,unpredictable,,9,1.620611
u32,amartin,unpredictable,,10,4.859687
u32,branchlut,unpredictable,,10,3.035268
u32,branchlut2,unpredictable,,10,4.812439
u32,count,unpredictable,,10,5.416791
u32,countlut,unpredictable,,10,3.479123
u32,fmt,unpredictable,,10,3.578901
u32,jeaiii,unpredictable,,10,2.699017
u32,lut,unpredictable,,10,6.581505
u32,mwilson,unpredictable,,10,5.891562
u32,naive,unpredictable,,10,6.577332
u32,null,unpredictable,,10,0.659545
u32,sprintf,unpredictable,,10,28.825879
u32,tmueller,unpredictable,,10,3.064275
u32,unnamed,unpredictable,,10,7.157126
u32,unrolledlut,unpredictable,,10,4.266420
u32,yy,unpredictable,,10,2.861777
u32,zmij_neon,unpredictable,,10,0.917236
u32,zmij_scalar,unpredictable,,10,1.620295
u32,amartin,admixture,5x6,0,1.836061
u32,branchlut,admixture,5x6,0,2.308528
u32,branchlut2,admixture,5x6,0,1.615961
u32,count,admixture,5x6,0,2.730647
u32,countlut,admixture,5x6,0,1.846910
u32,fmt,admixture,5x6,0,1.837134
u32,jeaiii,admixture,5x6,0,1.615921
u32,lut,admixture,5x6,0,3.244440
u32,mwilson,admixture,5x6,0,3.280679
u32,naive,admixture,5x6,0,3.841440
u32,null,admixture,5x6,0,0.692526
u32,sprintf,admixture,5x6,0,26.712378
u32,tmueller,admixture,5x6,0,1.387954
u32,unnamed,admixture,5x6,0,2.643426
u32,unrolledlut,admixture,5x6,0,1.830538
u32,yy,admixture,5x6,0,1.376748
u32,zmij_neon,admixture,5x6,0,0.923395
u32,zmij_scalar,admixture,5x6,0,1.645486
u32,amartin,admixture,5x6,10,1.821916
u32,branchlut,admixture,5x6,10,2.644539
u32,branchlut2,admixture,5x6,10,2.034068
u32,count,admixture,5x6,10,3.326575
u32,countlut,admixture,5x6,10,2.341668
u32,fmt,admixture,5x6,10,2.169132
u32,jeaiii,admixture,5x6,10,1.948674
u32,lut,admixture,5x6,10,3.738363
u32,mwilson,admixture,5x6,10,3.667672
u32,naive,admixture,5x6,10,4.343033
u32,null,admixture,5x6,10,0.688156
u32,sprintf,admixture,5x6,10,27.842005
u32,tmueller,admixture,5x6,10,1.780232
u32,unnamed,admixture,5x6,10,3.011425
u32,unrolledlut,admixture,5x6,10,2.175966
u32,yy,admixture,5x6,10,1.380126
u32,zmij_neon,admixture,5x6,10,0.923434
u32,zmij_scalar,admixture,5x6,10,1.627445
u32,amartin,admixture,5x6,20,1.849571
u32,branchlut,admixture,5x6,20,3.064871
u32,branchlut2,admixture,5x6,20,2.339284
u32,count,admixture,5x6,20,4.090548
u32,countlut,admixture,5x6,20,2.793391
u32,fmt,admixture,5x6,20,2.722542
u32,jeaiii,admixture,5x6,20,2.273400
u32,lut,admixture,5x6,20,4.234672
u32,mwilson,admixture,5x6,20,4.260659
u32,naive,admixture,5x6,20,5.115907
u32,null,admixture,5x6,20,0.665108
u32,sprintf,admixture,5x6,20,29.120445
u32,tmueller,admixture,5x6,20,2.147675
u32,unnamed,admixture,5x6,20,3.548384
u32,unrolledlut,admixture,5x6,20,2.583344
u32,yy,admixture,5x6,20,1.346190
u32,zmij_neon,admixture,5x6,20,0.923077
u32,zmij_scalar,admixture,5x6,20,1.627326
u32,amartin,admixture,5x6,30,1.846790
u32,branchlut,admixture,5x6,30,3.380339
u32,branchlut2,admixture,5x6,30,2.696872
u32,count,admixture,5x6,30,4.681309
u32,countlut,admixture,5x6,30,3.220280
u32,fmt,admixture,5x6,30,3.240903
u32,jeaiii,admixture,5x6,30,2.624710
u32,lut,admixture,5x6,30,4.724423
u32,mwilson,admixture,5x6,30,4.925728
u32,naive,admixture,5x6,30,5.877416
u32,null,admixture,5x6,30,0.682473
u32,sprintf,admixture,5x6,30,30.014435
u32,tmueller,admixture,5x6,30,2.443115
u32,unnamed,admixture,5x6,30,3.935377
u32,unrolledlut,admixture,5x6,30,2.948284
u32,yy,admixture,5x6,30,1.375278
u32,zmij_neon,admixture,5x6,30,0.916322
u32,zmij_scalar,admixture,5x6,30,1.629313
u32,amartin,admixture,5x6,40,1.842538
u32,branchlut,admixture,5x6,40,3.767729
u32,branchlut2,admixture,5x6,40,3.163774
u32,count,admixture,5x6,40,5.242427
u32,countlut,admixture,5x6,40,3.663620
u32,fmt,admixture,5x6,40,4.031539
u32,jeaiii,admixture,5x6,40,2.975981
u32,lut,admixture,5x6,40,5.314469
u32,mwilson,admixture,5x6,40,5.586307
u32,naive,admixture,5x6,40,6.791949
u32,null,admixture,5x6,40,0.655174
u32,sprintf,admixture,5x6,40,31.505545
u32,tmueller,admixture,5x6,40,2.577901
u32,unnamed,admixture,5x6,40,4.376650
u32,unrolledlut,admixture,5x6,40,3.482063
u32,yy,admixture,5x6,40,1.381795
u32,zmij_neon,admixture,5x6,40,0.923474
u32,zmij_scalar,admixture,5x6,40,1.625816
u32,amartin,admixture,5x6,50,1.792829
u32,branchlut,admixture,5x6,50,4.083395
u32,branchlut2,admixture,5x6,50,3.348629
u32,count,admixture,5x6,50,5.625883
u32,countlut,admixture,5x6,50,3.836553
u32,fmt,admixture,5x6,50,4.086574
u32,jeaiii,admixture,5x6,50,3.214399
u32,lut,admixture,5x6,50,5.723794
u32,mwilson,admixture,5x6,50,5.926132
u32,naive,admixture,5x6,50,7.330060
u32,null,admixture,5x6,50,0.657280
u32,sprintf,admixture,5x6,50,31.937401
u32,tmueller,admixture,5x6,50,2.916137
u32,unnamed,admixture,5x6,50,4.673362
u32,unrolledlut,admixture,5x6,50,3.608306
u32,yy,admixture,5x6,50,1.378417
u32,zmij_neon,admixture,5x6,50,0.923356
u32,zmij_scalar,admixture,5x6,50,1.631498
u32,amartin,admixture,5x6,60,1.841625
u32,branchlut,admixture,5x6,60,3.832102
u32,branchlut2,admixture,5x6,60,3.098647
u32,count,admixture,5x6,60,5.203883
u32,countlut,admixture,5x6,60,3.602306
u32,fmt,admixture,5x6,60,3.899613
u32,jeaiii,admixture,5x6,60,3.197829
u32,lut,admixture,5x6,60,5.315900
u32,mwilson,admixture,5x6,60,5.572160
u32,naive,admixture,5x6,60,6.739338
u32,null,admixture,5x6,60,0.657280
u32,sprintf,admixture,5x6,60,30.932982
u32,tmueller,admixture,5x6,60,2.582511
u32,unnamed,admixture,5x6,60,4.404505
u32,unrolledlut,admixture,5x6,60,3.337423
u32,yy,admixture,5x6,60,1.356125
u32,zmij_neon,admixture,5x6,60,0.923395
u32,zmij_scalar,admixture,5x6,60,1.627167
u32,amartin,admixture,5x6,70,1.842340
u32,branchlut,admixture,5x6,70,3.306627
u32,branchlut2,admixture,5x6,70,2.626181
u32,count,admixture,5x6,70,4.513979
u32,countlut,admixture,5x6,70,3.206928
u32,fmt,admixture,5x6,70,3.434062
u32,jeaiii,admixture,5x6,70,2.641717
u32,lut,admixture,5x6,70,4.560073
u32,mwilson,admixture,5x6,70,4.904588
u32,naive,admixture,5x6,70,5.802591
u32,null,admixture,5x6,70,0.686288
u32,sprintf,admixture,5x6,70,29.493490
u32,tmueller,admixture,5x6,70,2.274712
u32,unnamed,admixture,5x6,70,3.790418
u32,unrolledlut,admixture,5x6,70,3.124913
u32,yy,admixture,5x6,70,1.385093
u32,zmij_neon,admixture,5x6,70,0.923514
u32,zmij_scalar,admixture,5x6,70,1.630743
u32,amartin,admixture,5x6,80,1.829663
u32,branchlut,admixture,5x6,80,2.987703
u32,branchlut2,admixture,5x6,80,2.239347
u32,count,admixture,5x6,80,3.832619
u32,countlut,admixture,5x6,80,2.689202
u32,fmt,admixture,5x6,80,2.781948
u32,jeaiii,admixture,5x6,80,2.249042
u32,lut,admixture,5x6,80,3.971696
u32,mwilson,admixture,5x6,80,3.983974
u32,naive,admixture,5x6,80,4.859765
u32,null,admixture,5x6,80,0.673771
u32,sprintf,admixture,5x6,80,28.174281
u32,tmueller,admixture,5x6,80,1.987775
u32,unnamed,admixture,5x6,80,3.378153
u32,unrolledlut,admixture,5x6,80,2.688089
u32,yy,admixture,5x6,80,1.381557
u32,zmij_neon,admixture,5x6,80,0.923237
u32,zmij_scalar,admixture,5x6,80,1.622677
u32,amartin,admixture,5x6,90,1.819253
u32,branchlut,admixture,5x6,90,2.631147
u32,branchlut2,admixture,5x6,90,1.838843
u32,count,admixture,5x6,90,3.077030
u32,countlut,admixture,5x6,90,2.240777
u32,fmt,admixture,5x6,90,2.190868
u32,jeaiii,admixture,5x6,90,1.796921
u32,lut,admixture,5x6,90,3.355582
u32,mwilson,admixture,5x6,90,3.333926
u32,naive,admixture,5x6,90,4.006783
u32,null,admixture,5x6,90,0.688751
u32,sprintf,admixture,5x6,90,27.092178
u32,tmueller,admixture,5x6,90,1.574436
u32,unnamed,admixture,5x6,90,2.789974
u32,unrolledlut,admixture,5x6,90,2.350728
u32,yy,admixture,5x6,90,1.371821
u32,zmij_neon,admixture,5x6,90,0.913938
u32,zmij_scalar,admixture,5x6,90,1.630783
u32,amartin,admixture,5x6,100,1.846751
u32,branchlut,admixture,5x6,100,2.308330
u32,branchlut2,admixture,5x6,100,1.370907
u32,count,admixture,5x6,100,2.319415
u32,countlut,admixture,5x6,100,1.622240
u32,fmt,admixture,5x6,100,1.387755
u32,jeaiii,admixture,5x6,100,1.385093
u32,lut,admixture,5x6,100,2.794902
u32,mwilson,admixture,5x6,100,2.548416
u32,naive,admixture,5x6,100,3.059586
u32,null,admixture,5x6,100,0.683626
u32,sprintf,admixture,5x6,100,25.921067
u32,tmueller,admixture,5x6,100,1.154343
u32,unnamed,admixture,5x6,100,2.340436
u32,unrolledlut,admixture,5x6,100,2.007246
u32,yy,admixture,5x6,100,1.366377
u32,zmij_neon,admixture,5x6,100,0.923395
u32,zmij_scalar,admixture,5x6,100,1.626690
i32,amartin,bylength,,1,0.901183
i32,branchlut,bylength,,1,3.448526
i32,branchlut2,bylength,,1,2.650619
i32,count,bylength,,1,3.026327
i32,countlut,bylength,,1,3.278215
i32,fmt,bylength,,1,1.129428
i32,jeaiii,bylength,,1,2.302925
i32,lut,bylength,,1,3.633579
i32,mwilson,bylength,,1,2.528667
i32,naive,bylength,,1,3.003120
i32,null,bylength,,1,0.685890
i32,sprintf,bylength,,1,26.395479
i32,tmueller,bylength,,1,0.895659
i32,unnamed,bylength,,1,3.588757
i32,unrolledlut,bylength,,1,3.191233
i32,yy,bylength,,1,1.120210
i32,zmij_neon,bylength,,1,0.960112
i32,zmij_scalar,bylength,,1,1.744628
i32,amartin,bylength,,2,0.901301
i32,branchlut,bylength,,2,3.566662
i32,branchlut2,bylength,,2,3.083229
i32,count,bylength,,2,3.025213
i32,countlut,bylength,,2,2.969861
i32,fmt,bylength,,2,1.128276
i32,jeaiii,bylength,,2,2.810160
i32,lut,bylength,,2,3.519177
i32,mwilson,bylength,,2,3.161629
i32,naive,bylength,,2,3.750046
i32,null,bylength,,2,0.673413
i32,sprintf,bylength,,2,27.001858
i32,tmueller,bylength,,2,1.385252
i32,unnamed,bylength,,2,3.896475
i32,unrolledlut,bylength,,2,3.138661
i32,yy,bylength,,2,1.085043
i32,zmij_neon,bylength,,2,0.957291
i32,zmij_scalar,bylength,,2,1.766205
i32,amartin,bylength,,3,1.592755
i32,branchlut,bylength,,3,3.367384
i32,branchlut2,bylength,,3,3.435493
i32,count,bylength,,3,3.630201
i32,countlut,bylength,,3,3.048897
i32,fmt,bylength,,3,1.352827
i32,jeaiii,bylength,,3,2.926826
i32,lut,bylength,,3,4.095753
i32,mwilson,bylength,,3,3.586491
i32,naive,bylength,,3,4.221797
i32,null,bylength,,3,0.674248
i32,sprintf,bylength,,3,27.420719
i32,tmueller,bylength,,3,1.385966
i32,unnamed,bylength,,3,4.208882
i32,unrolledlut,bylength,,3,3.639260
i32,yy,bylength,,3,1.130501
i32,zmij_neon,bylength,,3,0.961900
i32,zmij_scalar,bylength,,3,1.761714
i32,amartin,bylength,,4,1.614889
i32,branchlut,bylength,,4,3.364682
i32,branchlut2,bylength,,4,3.801783
i32,count,bylength,,4,4.032731
i32,countlut,bylength,,4,3.154516
i32,fmt,bylength,,4,1.193921
i32,jeaiii,bylength,,4,3.134131
i32,lut,bylength,,4,4.439473
i32,mwilson,bylength,,4,4.179517
i32,naive,bylength,,4,4.813830
i32,null,bylength,,4,0.656327
i32,sprintf,bylength,,4,28.102795
i32,tmueller,bylength,,4,1.389940
i32,unnamed,bylength,,4,4.282276
i32,unrolledlut,bylength,,4,3.557046
i32,yy,bylength,,4,1.131931
i32,zmij_neon,bylength,,4,0.960231
i32,zmij_scalar,bylength,,4,1.762986
i32,amartin,bylength,,5,1.846829
i32,branchlut,bylength,,5,4.481992
i32,branchlut2,bylength,,5,3.743172
i32,count,bylength,,5,4.294674
i32,countlut,bylength,,5,3.469069
i32,fmt,bylength,,5,1.615723
i32,jeaiii,bylength,,5,3.245751
i32,lut,bylength,,5,5.087376
i32,mwilson,bylength,,5,4.424174
i32,naive,bylength,,5,5.433281
i32,null,bylength,,5,0.692606
i32,sprintf,bylength,,5,28.755268
i32,tmueller,bylength,,5,1.394908
i32,unnamed,bylength,,5,4.611413
i32,unrolledlut,bylength,,5,4.114747
i32,yy,bylength,,5,1.578887
i32,zmij_neon,bylength,,5,0.961462
i32,zmij_scalar,bylength,,5,1.852751
i32,amartin,bylength,,6,1.846790
i32,branchlut,bylength,,6,4.395723
i32,branchlut2,bylength,,6,3.869493
i32,count,bylength,,6,4.653176
i32,countlut,bylength,,6,3.799876
i32,fmt,bylength,,6,1.614451
i32,jeaiii,bylength,,6,3.433427
i32,lut,bylength,,6,5.513787
i32,mwilson,bylength,,6,5.160451
i32,naive,bylength,,6,5.861998
i32,null,bylength,,6,0.667095
i32,sprintf,bylength,,6,29.613495
i32,tmueller,bylength,,6,1.550873
i32,unnamed,bylength,,6,4.887740
i32,unrolledlut,bylength,,6,3.973246
i32,yy,bylength,,6,1.567920
i32,zmij_neon,bylength,,6,0.959436
i32,zmij_scalar,bylength,,6,1.758972
i32,amartin,bylength,,7,2.280673
i32,branchlut,bylength,,7,4.263083
i32,branchlut2,bylength,,7,4.095912
i32,count,bylength,,7,5.011638
i32,countlut,bylength,,7,4.088203
i32,fmt,bylength,,7,1.848777
i32,jeaiii,bylength,,7,3.516993
i32,lut,bylength,,7,6.042996
i32,mwilson,bylength,,7,5.595326
i32,naive,bylength,,7,6.506045
i32,null,bylength,,7,0.671188
i32,sprintf,bylength,,7,30.128081
i32,tmueller,bylength,,7,1.549761
i32,unnamed,bylength,,7,5.069017
i32,unrolledlut,bylength,,7,3.524899
i32,yy,bylength,,7,1.833081
i32,zmij_neon,bylength,,7,0.959158
i32,zmij_scalar,bylength,,7,1.763424
i32,amartin,bylength,,8,2.287745
i32,branchlut,bylength,,8,4.237135
i32,branchlut2,bylength,,8,4.166126
i32,count,bylength,,8,5.323768
i32,countlut,bylength,,8,4.107078
i32,fmt,bylength,,8,1.857281
i32,jeaiii,bylength,,8,3.539125
i32,lut,bylength,,8,6.409526
i32,mwilson,bylength,,8,6.054640
i32,naive,bylength,,8,7.020195
i32,null,bylength,,8,0.661294
i32,sprintf,bylength,,8,29.136221
i32,tmueller,bylength,,8,2.754727
i32,unnamed,bylength,,8,5.326509
i32,unrolledlut,bylength,,8,3.469029
i32,yy,bylength,,8,1.835863
i32,zmij_neon,bylength,,8,0.960350
i32,zmij_scalar,bylength,,8,1.852512
i32,amartin,bylength,,9,1.885335
i32,branchlut,bylength,,9,4.205068
i32,branchlut2,bylength,,9,4.040678
i32,count,bylength,,9,5.910715
i32,countlut,bylength,,9,4.513383
i32,fmt,bylength,,9,2.085289
i32,jeaiii,bylength,,9,3.780524
i32,lut,bylength,,9,7.429282
i32,mwilson,bylength,,9,6.600538
i32,naive,bylength,,9,7.756948
i32,null,bylength,,9,0.682592
i32,sprintf,bylength,,9,29.704293
i32,tmueller,bylength,,9,2.754211
i32,unnamed,bylength,,9,5.518079
i32,unrolledlut,bylength,,9,3.602624
i32,yy,bylength,,9,2.072096
i32,zmij_neon,bylength,,9,0.961900
i32,zmij_scalar,bylength,,9,1.851559
i32,amartin,bylength,,10,1.909336
i32,branchlut,bylength,,10,4.436016
i32,branchlut2,bylength,,10,4.231215
i32,count,bylength,,10,6.329616
i32,countlut,bylength,,10,4.434665
i32,fmt,bylength,,10,2.204339
i32,jeaiii,bylength,,10,4.150668
i32,lut,bylength,,10,7.530054
i32,mwilson,bylength,,10,7.252296
i32,naive,bylength,,10,8.308411
i32,null,bylength,,10,0.692566
i32,sprintf,bylength,,10,30.279080
i32,tmueller,bylength,,10,2.765934
i32,unnamed,bylength,,10,5.495548
i32,unrolledlut,bylength,,10,3.451308
i32,yy,bylength,,10,2.077301
i32,zmij_neon,bylength,,10,0.962019
i32,zmij_scalar,bylength,,10,1.759927
i32,amartin,loguniform,1-10,10,4.266215
i32,branchlut,loguniform,1-10,10,7.497401
i32,branchlut2,loguniform,1-10,10,8.018472
i32,count,loguniform,1-10,10,9.579263
i32,countlut,loguniform,1-10,10,8.049271
i32,fmt,loguniform,1-10,10,6.559695
i32,jeaiii,loguniform,1-10,10,8.025825
i32,lut,loguniform,1-10,10,9.785912
i32,mwilson,loguniform,1-10,10,11.469341
i32,naive,loguniform,1-10,10,10.461891
i32,null,loguniform,1-10,10,0.673356
i32,sprintf,loguniform,1-10,10,37.770113
i32,tmueller,loguniform,1-10,10,5.497124
i32,unnamed,loguniform,1-10,10,7.323299
i32,unrolledlut,loguniform,1-10,10,7.558242
i32,yy,loguniform,1-10,10,3.863212
i32,zmij_neon,loguniform,1-10,10,0.956106
i32,zmij_scalar,loguniform,1-10,10,1.840720
i32,amartin,loguniform,1-4,4,3.298879
i32,branchlut,loguniform,1-4,4,5.136332
i32,branchlut2,loguniform,1-4,4,5.717078
i32,count,loguniform,1-4,4,6.555676
i32,countlut,loguniform,1-4,4,5.881071
i32,fmt,loguniform,1-4,4,4.295547
i32,jeaiii,loguniform,1-4,4,5.870541
i32,lut,loguniform,1-4,4,6.196777
i32,mwilson,loguniform,1-4,4,6.695032
i32,naive,loguniform,1-4,4,6.249905
i32,null,loguniform,1-4,4,0.651081
i32,sprintf,loguniform,1-4,4,33.135812
i32,tmueller,loguniform,1-4,4,3.076592
i32,unnamed,loguniform,1-4,4,6.471197
i32,unrolledlut,loguniform,1-4,4,5.554120
i32,yy,loguniform,1-4,4,2.584258
i32,zmij_neon,loguniform,1-4,4,0.957449
i32,zmij_scalar,loguniform,1-4,4,1.757145
i32,amartin,uniform,0-255,0,3.034036
i32,branchlut,uniform,0-255,0,2.961795
i32,branchlut2,uniform,0-255,0,2.785007
i32,count,uniform,0-255,0,3.284931
i32,countlut,uniform,0-255,0,2.740741
i32,fmt,uniform,0-255,0,2.917449
i32,jeaiii,uniform,0-255,0,2.286713
i32,lut,uniform,0-255,0,3.470500
i32,mwilson,uniform,0-255,0,3.595750
i32,naive,uniform,0-255,0,3.873666
i32,null,uniform,0-255,0,0.688871
i32,sprintf,uniform,0-255,0,28.176149
i32,tmueller,uniform,0-255,0,1.599272
i32,toy256,uniform,0-255,0,0.677109
i32,unnamed,uniform,0-255,0,3.724018
i32,unrolledlut,uniform,0-255,0,2.932866
i32,yy,uniform,0-255,0,2.610485
i32,zmij_neon,uniform,0-255,0,0.950575
i32,zmij_scalar,uniform,0-255,0,1.760006
i32,amartin,unpredictable,,1,2.968630
i32,branchlut,unpredictable,,1,4.972698
i32,branchlut2,unpredictable,,1,3.030340
i32,count,unpredictable,,1,6.050906
i32,countlut,unpredictable,,1,5.110065
i32,fmt,unpredictable,,1,3.660242
i32,jeaiii,unpredictable,,1,4.947582
i32,lut,unpredictable,,1,6.176988
i32,mwilson,unpredictable,,1,5.715130
i32,naive,unpredictable,,1,6.622195
i32,null,unpredictable,,1,0.713230
i32,sprintf,unpredictable,,1,30.120133
i32,tmueller,unpredictable,,1,2.016267
i32,unnamed,unpredictable,,1,3.871799
i32,unrolledlut,unpredictable,,1,4.269400
i32,yy,unpredictable,,1,3.453296
i32,zmij_neon,unpredictable,,1,0.964761
i32,zmij_scalar,unpredictable,,1,1.760403
i32,amartin,unpredictable,,2,2.929688
i32,branchlut,unpredictable,,2,4.601637
i32,branchlut2,unpredictable,,2,3.418962
i32,count,unpredictable,,2,5.921206
i32,countlut,unpredictable,,2,4.986326
i32,fmt,unpredictable,,2,3.569326
i32,jeaiii,unpredictable,,2,4.989624
i32,lut,unpredictable,,2,6.071210
i32,mwilson,unpredictable,,2,5.884329
i32,naive,unpredictable,,2,6.928325
i32,null,unpredictable,,2,0.675400
i32,sprintf,unpredictable,,2,30.413945
i32,tmueller,unpredictable,,2,2.124110
i32,unnamed,unpredictable,,2,4.185162
i32,unrolledlut,unpredictable,,2,4.431368
i32,yy,unpredictable,,2,3.465772
i32,zmij_neon,unpredictable,,2,0.970561
i32,zmij_scalar,unpredictable,,2,1.755953
i32,amartin,unpredictable,,3,2.891701
i32,branchlut,unpredictable,,3,4.760187
i32,branchlut2,unpredictable,,3,3.552160
i32,count,unpredictable,,3,5.938609
i32,countlut,unpredictable,,3,4.744808
i32,fmt,unpredictable,,3,2.992670
i32,jeaiii,unpredictable,,3,3.006538
i32,lut,unpredictable,,3,5.595088
i32,mwilson,unpredictable,,3,6.073713
i32,naive,unpredictable,,3,6.882548
i32,null,unpredictable,,3,0.696222
i32,sprintf,unpredictable,,3,30.067603
i32,tmueller,unpredictable,,3,2.004663
i32,unnamed,unpredictable,,3,4.745365
i32,unrolledlut,unpredictable,,3,3.994106
i32,yy,unpredictable,,3,3.181895
i32,zmij_neon,unpredictable,,3,0.970721
i32,zmij_scalar,unpredictable,,3,1.766283
i32,amartin,unpredictable,,4,2.919117
i32,branchlut,unpredictable,,4,5.558252
i32,branchlut2,unpredictable,,4,4.361511
i32,count,unpredictable,,4,5.780379
i32,countlut,unpredictable,,4,4.829605
i32,fmt,unpredictable,,4,3.403465
i32,jeaiii,unpredictable,,4,2.819538
i32,lut,unpredictable,,4,6.231347
i32,mwilson,unpredictable,,4,6.336052
i32,naive,unpredictable,,4,7.558146
i32,null,unpredictable,,4,0.653069
i32,sprintf,unpredictable,,4,29.941161
i32,tmueller,unpredictable,,4,2.504230
i32,unnamed,unpredictable,,4,5.737583
i32,unrolledlut,unpredictable,,4,3.987431
i32,yy,unpredictable,,4,3.412604
i32,zmij_neon,unpredictable,,4,0.962775
i32,zmij_scalar,unpredictable,,4,1.749832
i32,amartin,unpredictable,,5,2.684595
i32,branchlut,unpredictable,,5,4.672052
i32,branchlut2,unpredictable,,5,3.988068
i32,count,unpredictable,,5,6.076097
i32,countlut,unpredictable,,5,4.236103
i32,fmt,unpredictable,,5,2.657772
i32,jeaiii,unpredictable,,5,3.814459
i32,lut,unpredictable,,5,5.932530
i32,mwilson,unpredictable,,5,6.077606
i32,naive,unpredictable,,5,7.656455
i32,null,unpredictable,,5,0.712912
i32,sprintf,unpredictable,,5,30.048369
i32,tmueller,unpredictable,,5,2.331773
i32,unnamed,unpredictable,,5,6.232937
i32,unrolledlut,unpredictable,,5,4.680195
i32,yy,unpredictable,,5,2.828637
i32,zmij_neon,unpredictable,,5,0.972390
i32,zmij_scalar,unpredictable,,5,1.761198
i32,amartin,unpredictable,,6,2.621809
i32,branchlut,unpredictable,,6,4.962921
i32,branchlut2,unpredictable,,6,4.144789
i32,count,unpredictable,,6,5.977551
i32,countlut,unpredictable,,6,4.514814
i32,fmt,unpredictable,,6,2.891661
i32,jeaiii,unpredictable,,6,3.171045
i32,lut,unpredictable,,6,6.358981
i32,mwilson,unpredictable,,6,6.548006
i32,naive,unpredictable,,6,7.570306
i32,null,unpredictable,,6,0.651081
i32,sprintf,unpredictable,,6,30.439775
i32,tmueller,unpredictable,,6,2.542377
i32,unnamed,unpredictable,,6,6.393711
i32,unrolledlut,unpredictable,,6,4.428665
i32,yy,unpredictable,,6,2.707124
i32,zmij_neon,unpredictable,,6,0.967780
i32,zmij_scalar,unpredictable,,6,1.772005
i32,amartin,unpredictable,,7,3.133696
i32,branchlut,unpredictable,,7,5.093494
i32,branchlut2,unpredictable,,7,4.503927
i32,count,unpredictable,,7,6.064734
i32,countlut,unpredictable,,7,4.538734
i32,fmt,unpredictable,,7,2.843023
i32,jeaiii,unpredictable,,7,3.617287
i32,lut,unpredictable,,7,6.893992
i32,mwilson,unpredictable,,7,6.799776
i32,naive,unpredictable,,7,7.943273
i32,null,unpredictable,,7,0.656645
i32,sprintf,unpredictable,,7,30.809083
i32,tmueller,unpredictable,,7,2.525847
i32,unnamed,unpredictable,,7,7.074635
i32,unrolledlut,unpredictable,,7,5.365570
i32,yy,unpredictable,,7,2.597928
i32,zmij_neon,unpredictable,,7,0.972152
i32,zmij_scalar,unpredictable,,7,1.755079
i32,amartin,unpredictable,,8,2.971172
i32,branchlut,unpredictable,,8,5.259197
i32,branchlut2,unpredictable,,8,4.642208
i32,count,unpredictable,,8,6.145080
i32,countlut,unpredictable,,8,4.655956
i32,fmt,unpredictable,,8,2.789936
i32,jeaiii,unpredictable,,8,3.852844
i32,lut,unpredictable,,8,7.035851
i32,mwilson,unpredictable,,8,7.068792
i32,naive,unpredictable,,8,8.564275
i32,null,unpredictable,,8,0.651081
i32,sprintf,unpredictable,,8,29.406308
i32,tmueller,unpredictable,,8,3.225287
i32,unnamed,unpredictable,,8,7.832409
i32,unrolledlut,unpredictable,,8,5.218147
i32,yy,unpredictable,,8,2.807420
i32,zmij_neon,unpredictable,,8,0.954986
i32,zmij_scalar,unpredictable,,8,1.766125
i32,amartin,unpredictable,,9,4.798731
i32,branchlut,unpredictable,,9,5.312124
i32,branchlut2,unpredictable,,9,6.643335
i32,count,unpredictable,,9,6.670873
i32,countlut,unpredictable,,9,4.826506
i32,fmt,unpredictable,,9,2.867659
i32,jeaiii,unpredictable,,9,3.919443
i32,lut,unpredictable,,9,8.127093
i32,mwilson,unpredictable,,9,7.382235
i32,naive,unpredictable,,9,8.584779
i32,null,unpredictable,,9,0.669678
i32,sprintf,unpredictable,,9,30.249040
i32,tmueller,unpredictable,,9,3.250798
i32,unnamed,unpredictable,,9,8.271812
i32,unrolledlut,unpredictable,,9,5.936184
i32,yy,unpredictable,,9,2.967160
i32,zmij_neon,unpredictable,,9,0.972152
i32,zmij_scalar,unpredictable,,9,1.766205
i32,amartin,unpredictable,,10,5.000910
i32,branchlut,unpredictable,,10,5.444290
i32,branchlut2,unpredictable,,10,6.966314
i32,count,unpredictable,,10,7.074277
i32,countlut,unpredictable,,10,4.646660
i32,fmt,unpredictable,,10,3.118477
i32,jeaiii,unpredictable,,10,4.226845
i32,lut,unpredictable,,10,8.007567
i32,mwilson,unpredictable,,10,8.041143
i32,naive,unpredictable,,10,9.266496
i32,null,unpredictable,,10,0.651083
i32,sprintf,unpredictable,,10,30.742963
i32,tmueller,unpredictable,,10,3.220517
i32,unnamed,unpredictable,,10,8.607349
i32,unrolledlut,unpredictable,,10,6.127157
i32,yy,unpredictable,,10,2.981227
i32,zmij_neon,unpredictable,,10,0.954587
i32,zmij_scalar,unpredictable,,10,1.949627
i32,amartin,admixture,5x6,0,1.839359
i32,branchlut,admixture,5x6,0,4.420519
i32,branchlut2,admixture,5x6,0,3.834089
i32,count,admixture,5x6,0,4.737576
i32,countlut,admixture,5x6,0,3.796458
i32,fmt,admixture,5x6,0,1.599590
i32,jeaiii,admixture,5x6,0,3.322522
i32,lut,admixture,5x6,0,5.504727
i32,mwilson,admixture,5x6,0,5.090992
i32,naive,admixture,5x6,0,5.990346
i32,null,admixture,5x6,0,0.651081
i32,sprintf,admixture,5x6,0,29.547095
i32,tmueller,admixture,5x6,0,1.531283
i32,unnamed,admixture,5x6,0,4.797181
i32,unrolledlut,admixture,5x6,0,3.915866
i32,yy,admixture,5x6,0,1.559575
i32,zmij_neon,admixture,5x6,0,0.955343
i32,zmij_scalar,admixture,5x6,0,1.857638
i32,amartin,admixture,5x6,10,1.805703
i32,branchlut,admixture,5x6,10,4.754782
i32,branchlut2,admixture,5x6,10,3.848592
i32,count,admixture,5x6,10,5.243897
i32,countlut,admixture,5x6,10,3.919998
i32,fmt,admixture,5x6,10,2.215703
i32,jeaiii,admixture,5x6,10,3.591180
i32,lut,admixture,5x6,10,5.784114
i32,mwilson,admixture,5x6,10,5.741835
i32,naive,admixture,5x6,10,6.436506
i32,null,admixture,5x6,10,0.690739
i32,sprintf,admixture,5x6,10,30.347347
i32,tmueller,admixture,5x6,10,2.024531
i32,unnamed,admixture,5x6,10,5.132715
i32,unrolledlut,admixture,5x6,10,3.924847
i32,yy,admixture,5x6,10,1.586080
i32,zmij_neon,admixture,5x6,10,0.961900
i32,zmij_scalar,admixture,5x6,10,1.759529
i32,amartin,admixture,5x6,20,1.832922
i32,branchlut,admixture,5x6,20,4.897395
i32,branchlut2,admixture,5x6,20,3.990611
i32,count,admixture,5x6,20,5.738815
i32,countlut,admixture,5x6,20,4.410784
i32,fmt,admixture,5x6,20,2.720237
i32,jeaiii,admixture,5x6,20,3.797531
i32,lut,admixture,5x6,20,6.224871
i32,mwilson,admixture,5x6,20,6.546935
i32,naive,admixture,5x6,20,6.921808
i32,null,admixture,5x6,20,0.653625
i32,sprintf,admixture,5x6,20,31.281352
i32,tmueller,admixture,5x6,20,2.568881
i32,unnamed,admixture,5x6,20,5.375345
i32,unrolledlut,admixture,5x6,20,4.243533
i32,yy,admixture,5x6,20,1.609325
i32,zmij_neon,admixture,5x6,20,0.961861
i32,zmij_scalar,admixture,5x6,20,1.762072
i32,amartin,admixture,5x6,30,1.812577
i32,branchlut,admixture,5x6,30,5.329450
i32,branchlut2,admixture,5x6,30,4.414995
i32,count,admixture,5x6,30,6.325245
i32,countlut,admixture,5x6,30,4.979691
i32,fmt,admixture,5x6,30,3.371477
i32,jeaiii,admixture,5x6,30,4.199545
i32,lut,admixture,5x6,30,6.605824
i32,mwilson,admixture,5x6,30,7.284720
i32,naive,admixture,5x6,30,7.432938
i32,null,admixture,5x6,30,0.651121
i32,sprintf,admixture,5x6,30,32.236695
i32,tmueller,admixture,5x6,30,2.949595
i32,unnamed,admixture,5x6,30,5.617659
i32,unrolledlut,admixture,5x6,30,4.620910
i32,yy,admixture,5x6,30,1.548370
i32,zmij_neon,admixture,5x6,30,0.957370
i32,zmij_scalar,admixture,5x6,30,1.762311
i32,amartin,admixture,5x6,40,1.821796
i32,branchlut,admixture,5x6,40,5.567789
i32,branchlut2,admixture,5x6,40,4.745603
i32,count,admixture,5x6,40,6.704330
i32,countlut,admixture,5x6,40,5.437374
i32,fmt,admixture,5x6,40,3.837864
i32,jeaiii,admixture,5x6,40,4.509887
i32,lut,admixture,5x6,40,7.168333
i32,mwilson,admixture,5x6,40,8.068204
i32,naive,admixture,5x6,40,7.970373
i32,null,admixture,5x6,40,0.651082
i32,sprintf,admixture,5x6,40,33.005198
i32,tmueller,admixture,5x6,40,3.447453
i32,unnamed,admixture,5x6,40,5.894701
i32,unrolledlut,admixture,5x6,40,4.901886
i32,yy,admixture,5x6,40,1.553059
i32,zmij_neon,admixture,5x6,40,0.960072
i32,zmij_scalar,admixture,5x6,40,1.761992
i32,amartin,admixture,5x6,50,1.842022
i32,branchlut,admixture,5x6,50,5.780140
i32,branchlut2,admixture,5x6,50,5.189021
i32,count,admixture,5x6,50,7.017612
i32,countlut,admixture,5x6,50,5.775809
i32,fmt,admixture,5x6,50,4.168510
i32,jeaiii,admixture,5x6,50,4.719377
i32,lut,admixture,5x6,50,7.630229
i32,mwilson,admixture,5x6,50,8.416375
i32,naive,admixture,5x6,50,8.533558
i32,null,admixture,5x6,50,0.670712
i32,sprintf,admixture,5x6,50,33.485731
i32,tmueller,admixture,5x6,50,3.791213
i32,unnamed,admixture,5x6,50,6.349126
i32,unrolledlut,admixture,5x6,50,5.005796
i32,yy,admixture,5x6,50,1.593867
i32,zmij_neon,admixture,5x6,50,0.961900
i32,zmij_scalar,admixture,5x6,50,1.765450
i32,amartin,admixture,5x6,60,1.796882
i32,branchlut,admixture,5x6,60,5.535483
i32,branchlut2,admixture,5x6,60,4.784147
i32,count,admixture,5x6,60,6.666660
i32,countlut,admixture,5x6,60,5.386630
i32,fmt,admixture,5x6,60,3.847162
i32,jeaiii,admixture,5x6,60,4.479726
i32,lut,admixture,5x6,60,7.336536
i32,mwilson,admixture,5x6,60,7.908185
i32,naive,admixture,5x6,60,8.036773
i32,null,admixture,5x6,60,0.651161
i32,sprintf,admixture,5x6,60,32.912453
i32,tmueller,admixture,5x6,60,3.605485
i32,unnamed,admixture,5x6,60,5.848804
i32,unrolledlut,admixture,5x6,60,4.906495
i32,yy,admixture,5x6,60,1.566012
i32,zmij_neon,admixture,5x6,60,0.960271
i32,zmij_scalar,admixture,5x6,60,1.759808
i32,amartin,admixture,5x6,70,1.807054
i32,branchlut,admixture,5x6,70,5.182545
i32,branchlut2,admixture,5x6,70,4.309336
i32,count,admixture,5x6,70,6.058535
i32,countlut,admixture,5x6,70,4.839976
i32,fmt,admixture,5x6,70,3.286402
i32,jeaiii,admixture,5x6,70,4.147808
i32,lut,admixture,5x6,70,6.638765
i32,mwilson,admixture,5x6,70,6.939094
i32,naive,admixture,5x6,70,7.197419
i32,null,admixture,5x6,70,0.667413
i32,sprintf,admixture,5x6,70,31.798601
i32,tmueller,admixture,5x6,70,2.984047
i32,unnamed,admixture,5x6,70,5.626837
i32,unrolledlut,admixture,5x6,70,4.661441
i32,yy,admixture,5x6,70,1.590769
i32,zmij_neon,admixture,5x6,70,0.957807
i32,zmij_scalar,admixture,5x6,70,1.762152
i32,amartin,admixture,5x6,80,1.844049
i32,branchlut,admixture,5x6,80,4.839301
i32,branchlut2,admixture,5x6,80,3.971577
i32,count,admixture,5x6,80,5.412619
i32,countlut,admixture,5x6,80,4.540840
i32,fmt,admixture,5x6,80,2.676606
i32,jeaiii,admixture,5x6,80,3.671011
i32,lut,admixture,5x6,80,6.036162
i32,mwilson,admixture,5x6,80,6.131530
i32,naive,admixture,5x6,80,6.508748
i32,null,admixture,5x6,80,0.666618
i32,sprintf,admixture,5x6,80,30.780117
i32,tmueller,admixture,5x6,80,2.525011
i32,unnamed,admixture,5x6,80,5.191604
i32,unrolledlut,admixture,5x6,80,4.456401
i32,yy,admixture,5x6,80,1.598915
i32,zmij_neon,admixture,5x6,80,0.960390
i32,zmij_scalar,admixture,5x6,80,1.777490
i32,amartin,admixture,5x6,90,1.842260
i32,branchlut,admixture,5x6,90,4.668037
i32,branchlut2,admixture,5x6,90,3.667076
i32,count,admixture,5x6,90,4.846533
i32,countlut,admixture,5x6,90,3.937404
i32,fmt,admixture,5x6,90,2.258301
i32,jeaiii,admixture,5x6,90,3.436208
i32,lut,admixture,5x6,90,5.395612
i32,mwilson,admixture,5x6,90,5.290587
i32,naive,admixture,5x6,90,5.985141
i32,null,admixture,5x6,90,0.666936
i32,sprintf,admixture,5x6,90,29.800336
i32,tmueller,admixture,5x6,90,1.897573
i32,unnamed,admixture,5x6,90,4.908522
i32,unrolledlut,admixture,5x6,90,4.207492
i32,yy,admixture,5x6,90,1.594067
i32,zmij_neon,admixture,5x6,90,0.957370
i32,zmij_scalar,admixture,5x6,90,1.771729
i32,amartin,admixture,5x6,100,1.832128
i32,branchlut,admixture,5x6,100,4.438201
i32,branchlut2,admixture,5x6,100,3.659764
i32,count,admixture,5x6,100,4.213572
i32,countlut,admixture,5x6,100,3.484528
i32,fmt,admixture,5x6,100,1.590927
i32,jeaiii,admixture,5x6,100,3.202598
i32,lut,admixture,5x6,100,5.116701
i32,mwilson,admixture,5x6,100,4.505713
i32,naive,admixture,5x6,100,5.377094
i32,null,admixture,5x6,100,0.651161
i32,sprintf,admixture,5x6,100,28.770010
i32,tmueller,admixture,5x6,100,1.384735
i32,unnamed,admixture,5x6,100,4.562656
i32,unrolledlut,admixture,5x6,100,4.121661
i32,yy,admixture,5x6,100,1.587072
i32,zmij_neon,admixture,5x6,100,0.961900
i32,zmij_scalar,admixture,5x6,100,1.765013
u64,amartin,bylength,,1,0.884414
u64,branchlut,bylength,,1,1.385093
u64,branchlut2,bylength,,1,0.691692
u64,count,bylength,,1,0.944336
u64,countlut,bylength,,1,0.915924
u64,fmt,bylength,,1,0.918031
u64,jeaiii,bylength,,1,0.679453
u64,lut,bylength,,1,1.394550
u64,mwilson,bylength,,1,0.926335
u64,naive,bylength,,1,1.154144
u64,null,bylength,,1,0.682235
u64,sprintf,bylength,,1,23.426573
u64,tmueller,bylength,,1,0.664512
u64,unnamed,bylength,,1,1.326680
u64,unrolledlut,bylength,,1,1.823068
u64,yy,bylength,,1,1.140833
u64,zmij_neon,bylength,,1,1.503268
u64,zmij_scalar,bylength,,1,3.018220
u64,amartin,bylength,,2,0.908892
u64,branchlut,bylength,,2,1.138409
u64,branchlut2,bylength,,2,0.907858
u64,count,bylength,,2,1.208703
u64,countlut,bylength,,2,1.154224
u64,fmt,bylength,,2,1.135747
u64,jeaiii,bylength,,2,0.692646
u64,lut,bylength,,2,1.385291
u64,mwilson,bylength,,2,1.166184
u64,naive,bylength,,2,1.604715
u64,null,bylength,,2,0.651121
u64,sprintf,bylength,,2,23.693323
u64,tmueller,bylength,,2,1.154263
u64,unnamed,bylength,,2,1.690666
u64,unrolledlut,bylength,,2,1.399596
u64,yy,bylength,,2,0.923435
u64,zmij_neon,bylength,,2,1.485348
u64,zmij_scalar,bylength,,2,3.020366
u64,amartin,bylength,,3,1.591763
u64,branchlut,bylength,,3,1.138687
u64,branchlut2,bylength,,3,1.142462
u64,count,bylength,,3,1.557310
u64,countlut,bylength,,3,1.385172
u64,fmt,bylength,,3,1.382232
u64,jeaiii,bylength,,3,1.154263
u64,lut,bylength,,3,1.847426
u64,mwilson,bylength,,3,1.444697
u64,naive,bylength,,3,2.067487
u64,null,bylength,,3,0.674565
u64,sprintf,bylength,,3,24.175803
u64,tmueller,bylength,,3,1.375278
u64,unnamed,bylength,,3,1.818855
u64,unrolledlut,bylength,,3,2.017498
u64,yy,bylength,,3,1.147270
u64,zmij_neon,bylength,,3,1.500408
u64,zmij_scalar,bylength,,3,3.020008
u64,amartin,bylength,,4,1.580755
u64,branchlut,bylength,,4,1.150766
u64,branchlut2,bylength,,4,1.360774
u64,count,bylength,,4,1.931787
u64,countlut,bylength,,4,1.383940
u64,fmt,bylength,,4,1.140992
u64,jeaiii,bylength,,4,1.385053
u64,lut,bylength,,4,2.308210
u64,mwilson,bylength,,4,2.201756
u64,naive,bylength,,4,2.546826
u64,null,bylength,,4,0.674248
u64,sprintf,bylength,,4,24.695316
u64,tmueller,bylength,,4,1.385093
u64,unnamed,bylength,,4,2.005339
u64,unrolledlut,bylength,,4,2.035618
u64,yy,bylength,,4,1.147827
u64,zmij_neon,bylength,,4,1.488288
u64,zmij_scalar,bylength,,4,3.017942
u64,amartin,bylength,,5,1.838446
u64,branchlut,bylength,,5,2.041498
u64,branchlut2,bylength,,5,1.385093
u64,count,bylength,,5,2.215584
u64,countlut,bylength,,5,1.846790
u64,fmt,bylength,,5,1.615961
u64,jeaiii,bylength,,5,1.349648
u64,lut,bylength,,5,2.779762
u64,mwilson,bylength,,5,2.542734
u64,naive,bylength,,5,3.011107
u64,null,bylength,,5,0.668406
u64,sprintf,bylength,,5,25.176644
u64,tmueller,bylength,,5,1.610518
u64,unnamed,bylength,,5,2.354264
u64,unrolledlut,bylength,,5,2.517462
u64,yy,bylength,,5,1.368919
u64,zmij_neon,bylength,,5,1.490434
u64,zmij_scalar,bylength,,5,3.012816
u64,amartin,bylength,,6,1.846790
u64,branchlut,bylength,,6,2.064308
u64,branchlut2,bylength,,6,1.595974
u64,count,bylength,,6,2.640843
u64,countlut,bylength,,6,1.846950
u64,fmt,bylength,,6,1.610200
u64,jeaiii,bylength,,6,1.587391
u64,lut,bylength,,6,3.232321
u64,mwilson,bylength,,6,3.281753
u64,naive,bylength,,6,3.553828
u64,null,bylength,,6,0.675997
u64,sprintf,bylength,,6,25.587996
u64,tmueller,bylength,,6,1.804272
u64,unnamed,bylength,,6,2.677679
u64,unrolledlut,bylength,,6,2.308448
u64,yy,bylength,,6,1.385054
u64,zmij_neon,bylength,,6,1.500527
u64,zmij_scalar,bylength,,6,3.018697
u64,amartin,bylength,,7,2.078970
u64,branchlut,bylength,,7,1.812339
u64,branchlut2,bylength,,7,1.846750
u64,count,bylength,,7,3.081441
u64,countlut,bylength,,7,2.084175
u64,fmt,bylength,,7,1.831770
u64,jeaiii,bylength,,7,1.615962
u64,lut,bylength,,7,3.719171
u64,mwilson,bylength,,7,3.544371
u64,naive,bylength,,7,4.038651
u64,null,bylength,,7,0.670591
u64,sprintf,bylength,,7,26.222865
u64,tmueller,bylength,,7,1.830022
u64,unnamed,bylength,,7,2.871474
u64,unrolledlut,bylength,,7,1.828471
u64,yy,bylength,,7,1.793504
u64,zmij_neon,bylength,,7,1.500526
u64,zmij_scalar,bylength,,7,3.019850
u64,amartin,bylength,,8,2.057552
u64,branchlut,bylength,,8,1.852830
u64,branchlut2,bylength,,8,1.738230
u64,count,bylength,,8,3.560822
u64,countlut,bylength,,8,2.315958
u64,fmt,bylength,,8,1.849651
u64,jeaiii,bylength,,8,1.599750
u64,lut,bylength,,8,4.178603
u64,mwilson,bylength,,8,4.345814
u64,naive,bylength,,8,4.501104
u64,null,bylength,,8,0.666818
u64,sprintf,bylength,,8,25.469859
u64,tmueller,bylength,,8,2.073129
u64,unnamed,bylength,,8,3.152291
u64,unrolledlut,bylength,,8,1.834830
u64,yy,bylength,,8,1.618743
u64,zmij_neon,bylength,,8,1.500487
u64,zmij_scalar,bylength,,8,3.017823
u64,amartin,bylength,,9,1.852274
u64,branchlut,bylength,,9,3.482342
u64,branchlut2,bylength,,9,2.040823
u64,count,bylength,,9,4.021962
u64,countlut,bylength,,9,2.328873
u64,fmt,bylength,,9,2.077660
u64,jeaiii,bylength,,9,1.811584
u64,lut,bylength,,9,5.053242
u64,mwilson,bylength,,9,4.554868
u64,naive,bylength,,9,5.042911
u64,null,bylength,,9,0.677505
u64,sprintf,bylength,,9,25.825262
u64,tmueller,bylength,,9,2.073646
u64,unnamed,bylength,,9,3.357410
u64,unrolledlut,bylength,,9,1.850168
u64,yy,bylength,,9,1.886806
u64,zmij_neon,bylength,,9,1.500527
u64,zmij_scalar,bylength,,9,3.016193
u64,amartin,bylength,,10,4.291534
u64,branchlut,bylength,,10,3.646891
u64,branchlut2,bylength,,10,2.144217
u64,count,bylength,,10,4.612287
u64,countlut,bylength,,10,2.430479
u64,fmt,bylength,,10,2.082745
u64,jeaiii,bylength,,10,3.343622
u64,lut,bylength,,10,5.205870
u64,mwilson,bylength,,10,5.345981
u64,naive,bylength,,10,5.586226
u64,null,bylength,,10,0.651121
u64,sprintf,bylength,,10,26.155313
u64,tmueller,bylength,,10,2.287149
u64,unnamed,bylength,,10,5.610386
u64,unrolledlut,bylength,,10,4.003486
u64,yy,bylength,,10,1.886606
u64,zmij_neon,bylength,,10,1.500487
u64,zmij_scalar,bylength,,10,3.020525
u64,amartin,bylength,,11,3.231962
u64,branchlut,bylength,,11,3.611684
u64,branchlut2,bylength,,11,2.454440
u64,count,bylength,,11,5.050342
u64,countlut,bylength,,11,2.716263
u64,fmt,bylength,,11,2.316793
u64,jeaiii,bylength,,11,2.078135
u64,lut,bylength,,11,6.085992
u64,mwilson,bylength,,11,5.697330
u64,naive,bylength,,11,6.351550
u64,null,bylength,,11,0.665982
u64,sprintf,bylength,,11,27.129570
u64,tmueller,bylength,,11,2.323547
u64,unnamed,bylength,,11,4.682302
u64,unrolledlut,bylength,,11,2.770345
u64,yy,bylength,,11,2.355218
u64,zmij_neon,bylength,,11,1.491984
u64,zmij_scalar,bylength,,11,3.017068
u64,amartin,bylength,,12,3.234585
u64,branchlut,bylength,,12,3.641486
u64,branchlut2,bylength,,12,2.556046
u64,count,bylength,,12,5.557577
u64,countlut,bylength,,12,2.861181
u64,fmt,bylength,,12,2.765219
u64,jeaiii,bylength,,12,2.304673
u64,lut,bylength,,12,6.521980
u64,mwilson,bylength,,12,6.496589
u64,naive,bylength,,12,7.179578
u64,null,bylength,,12,0.679056
u64,sprintf,bylength,,12,27.266979
u64,tmueller,bylength,,12,2.540310
u64,unnamed,bylength,,12,4.852334
u64,unrolledlut,bylength,,12,2.771854
u64,yy,bylength,,12,2.356291
u64,zmij_neon,bylength,,12,1.493812
u64,zmij_scalar,bylength,,12,3.021359
u64,amartin,bylength,,13,3.463110
u64,branchlut,bylength,,13,3.676494
u64,branchlut2,bylength,,13,2.689918
u64,count,bylength,,13,6.092072
u64,countlut,bylength,,13,3.125628
u64,fmt,bylength,,13,2.651811
u64,jeaiii,bylength,,13,2.304673
u64,lut,bylength,,13,7.161736
u64,mwilson,bylength,,13,6.879887
u64,naive,bylength,,13,7.618506
u64,null,bylength,,13,0.677387
u64,sprintf,bylength,,13,27.809541
u64,tmueller,bylength,,13,2.691666
u64,unnamed,bylength,,13,5.129416
u64,unrolledlut,bylength,,13,3.206532
u64,yy,bylength,,13,2.617478
u64,zmij_neon,bylength,,13,1.500526
u64,zmij_scalar,bylength,,13,3.018062
u64,amartin,bylength,,14,3.453691
u64,branchlut,bylength,,14,3.666202
u64,branchlut2,bylength,,14,2.725959
u64,count,bylength,,14,6.678264
u64,countlut,bylength,,14,3.278057
u64,fmt,bylength,,14,3.001014
u64,jeaiii,bylength,,14,2.539436
u64,lut,bylength,,14,7.551789
u64,mwilson,bylength,,14,7.555683
u64,naive,bylength,,14,8.249402
u64,null,bylength,,14,0.651796
u64,sprintf,bylength,,14,29.020905
u64,tmueller,bylength,,14,3.199220
u64,unnamed,bylength,,14,5.376895
u64,unrolledlut,bylength,,14,3.004353
u64,yy,bylength,,14,2.610524
u64,zmij_neon,bylength,,14,1.500526
u64,zmij_scalar,bylength,,14,3.019214
u64,amartin,bylength,,15,3.910860
u64,branchlut,bylength,,15,3.774802
u64,branchlut2,bylength,,15,3.157377
u64,count,bylength,,15,7.316947
u64,countlut,bylength,,15,3.581285
u64,fmt,bylength,,15,3.144741
u64,jeaiii,bylength,,15,2.548337
u64,lut,bylength,,15,7.945617
u64,mwilson,bylength,,15,8.098562
u64,naive,bylength,,15,9.011070
u64,null,bylength,,15,0.659227
u64,sprintf,bylength,,15,29.678305
u64,tmueller,bylength,,15,3.155032
u64,unnamed,bylength,,15,5.713701
u64,unrolledlut,bylength,,15,2.912800
u64,yy,bylength,,15,2.776344
u64,zmij_neon,bylength,,15,1.497230
u64,zmij_scalar,bylength,,15,3.017783
u64,amartin,bylength,,16,3.924528
u64,branchlut,bylength,,16,3.729184
u64,branchlut2,bylength,,16,3.282586
u64,count,bylength,,16,7.994652
u64,countlut,bylength,,16,3.766854
u64,fmt,bylength,,16,3.232718
u64,jeaiii,bylength,,16,2.541423
u64,lut,bylength,,16,8.385062
u64,mwilson,bylength,,16,9.073734
u64,naive,bylength,,16,9.815614
u64,null,bylength,,16,0.670592
u64,sprintf,bylength,,16,29.030005
u64,tmueller,bylength,,16,3.129800
u64,unnamed,bylength,,16,6.052852
u64,unrolledlut,bylength,,16,2.938668
u64,yy,bylength,,16,2.775073
u64,zmij_neon,bylength,,16,1.500487
u64,zmij_scalar,bylength,,16,3.019731
u64,amartin,bylength,,17,3.700456
u64,branchlut,bylength,,17,3.415187
u64,branchlut2,bylength,,17,3.451903
u64,count,bylength,,17,8.724491
u64,countlut,bylength,,17,3.710707
u64,fmt,bylength,,17,3.630201
u64,jeaiii,bylength,,17,2.770583
u64,lut,bylength,,17,9.032011
u64,mwilson,bylength,,17,9.647091
u64,naive,bylength,,17,10.639112
u64,null,bylength,,17,0.682156
u64,sprintf,bylength,,17,28.457125
u64,tmueller,bylength,,17,3.668467
u64,unnamed,bylength,,17,6.329219
u64,unrolledlut,bylength,,17,3.075878
u64,yy,bylength,,17,2.835035
u64,zmij_neon,bylength,,17,1.500607
u64,zmij_scalar,bylength,,17,3.023584
u64,amartin,bylength,,18,5.384961
u64,branchlut,bylength,,18,3.442247
u64,branchlut2,bylength,,18,3.459930
u64,count,bylength,,18,9.397189
u64,countlut,bylength,,18,3.855428
u64,fmt,bylength,,18,3.569166
u64,jeaiii,bylength,,18,4.322967
u64,lut,bylength,,18,9.517471
u64,mwilson,bylength,,18,10.552485
u64,naive,bylength,,18,11.461934
u64,null,bylength,,18,0.688751
u64,sprintf,bylength,,18,29.431899
u64,tmueller,bylength,,18,3.614505
u64,unnamed,bylength,,18,6.687204
u64,unrolledlut,bylength,,18,4.722993
u64,yy,bylength,,18,2.834399
u64,zmij_neon,bylength,,18,1.500526
u64,zmij_scalar,bylength,,18,3.022432
u64,amartin,bylength,,19,3.924131
u64,branchlut,bylength,,19,3.721038
u64,branchlut2,bylength,,19,3.909707
u64,count,bylength,,19,10.112405
u64,countlut,bylength,,19,4.135013
u64,fmt,bylength,,19,4.181306
u64,jeaiii,bylength,,19,3.189285
u64,lut,bylength,,19,10.075569
u64,mwilson,bylength,,19,11.103868
u64,naive,bylength,,19,12.291113
u64,null,bylength,,19,0.687996
u64,sprintf,bylength,,19,31.091492
u64,tmueller,bylength,,19,4.206498
u64,unnamed,bylength,,19,6.838719
u64,unrolledlut,bylength,,19,3.336151
u64,yy,bylength,,19,2.916534
u64,zmij_neon,bylength,,19,1.496395
u64,zmij_scalar,bylength,,19,3.024459
u64,amartin,bylength,,20,3.936172
u64,branchlut,bylength,,20,3.886779
u64,branchlut2,bylength,,20,3.986637
u64,count,bylength,,20,10.619680
u64,countlut,bylength,,20,4.213850
u64,fmt,bylength,,20,3.986677
u64,jeaiii,bylength,,20,3.215988
u64,lut,bylength,,20,10.441740
u64,mwilson,bylength,,20,12.087663
u64,naive,bylength,,20,13.186614
u64,null,bylength,,20,0.677069
u64,sprintf,bylength,,20,31.808694
u64,tmueller,bylength,,20,4.160762
u64,unnamed,bylength,,20,6.759405
u64,unrolledlut,bylength,,20,3.389795
u64,yy,bylength,,20,2.908230
u64,zmij_neon,bylength,,20,1.500527
u64,zmij_scalar,bylength,,20,3.003200
u64,amartin,loguniform,1-20,20,7.401962
u64,branchlut,loguniform,1-20,20,7.897676
u64,branchlut2,loguniform,1-20,20,9.071339
u64,count,loguniform,1-20,20,13.342379
u64,countlut,loguniform,1-20,20,8.466920
u64,fmt,loguniform,1-20,20,9.368283
u64,jeaiii,loguniform,1-20,20,8.343230
u64,lut,loguniform,1-20,20,12.950721
u64,mwilson,loguniform,1-20,20,14.280388
u64,naive,loguniform,1-20,20,16.500806
u64,null,loguniform,1-20,20,0.675684
u64,sprintf,loguniform,1-20,20,36.903252
u64,tmueller,loguniform,1-20,20,8.483931
u64,unnamed,loguniform,1-20,20,8.942761
u64,unrolledlut,loguniform,1-20,20,8.375782
u64,yy,loguniform,1-20,20,6.423650
u64,zmij_neon,loguniform,1-20,20,1.496124
u64,zmij_scalar,loguniform,1-20,20,3.014108
u64,amartin,loguniform,1-4,4,3.050804
u64,branchlut,loguniform,1-4,4,3.294587
u64,branchlut2,loguniform,1-4,4,3.947179
u64,count,loguniform,1-4,4,4.143238
u64,countlut,loguniform,1-4,4,4.461130
u64,fmt,loguniform,1-4,4,3.992757
u64,jeaiii,loguniform,1-4,4,4.392704
u64,lut,loguniform,1-4,4,5.137563
u64,mwilson,loguniform,1-4,4,4.232605
u64,naive,loguniform,1-4,4,5.274415
u64,null,loguniform,1-4,4,0.653903
u64,sprintf,loguniform,1-4,4,27.668476
u64,tmueller,loguniform,1-4,4,3.045361
u64,unnamed,loguniform,1-4,4,4.669666
u64,unrolledlut,loguniform,1-4,4,4.492363
u64,yy,loguniform,1-4,4,2.666910
u64,zmij_neon,loguniform,1-4,4,1.497070
u64,zmij_scalar,loguniform,1-4,4,3.018498
u64,amartin,uniform,0-255,0,2.806504
u64,branchlut,uniform,0-255,0,2.817909
u64,branchlut2,uniform,0-255,0,2.423048
u64,count,uniform,0-255,0,2.936920
u64,countlut,uniform,0-255,0,2.653440
u64,fmt,uniform,0-255,0,2.582431
u64,jeaiii,uniform,0-255,0,2.604207
u64,lut,uniform,0-255,0,3.478646
u64,mwilson,uniform,0-255,0,2.864480
u64,naive,uniform,0-255,0,3.737450
u64,null,uniform,0-255,0,0.651081
u64,sprintf,uniform,0-255,0,26.233673
u64,tmueller,uniform,0-255,0,2.441088
u64,toy256,uniform,0-255,0,0.679453
u64,unnamed,uniform,0-255,0,3.664771
u64,unrolledlut,uniform,0-255,0,2.955040
u64,yy,uniform,0-255,0,2.458732
u64,zmij_neon,uniform,0-255,0,1.475215
u64,zmij_scalar,uniform,0-255,0,3.016870
u64,amartin,unpredictable,,1,2.396147
u64,branchlut,unpredictable,,1,2.430994
u64,branchlut2,unpredictable,,1,1.842617
u64,count,unpredictable,,1,3.916742
u64,countlut,unpredictable,,1,2.618511
u64,fmt,unpredictable,,1,3.992477
u64,jeaiii,unpredictable,,1,2.322117
u64,lut,unpredictable,,1,4.519183
u64,mwilson,unpredictable,,1,4.869263
u64,naive,unpredictable,,1,4.580458
u64,null,unpredictable,,1,0.644008
u64,sprintf,unpredictable,,1,26.081841
u64,tmueller,unpredictable,,1,4.602034
u64,unnamed,unpredictable,,1,2.832690
u64,unrolledlut,unpredictable,,1,1.633445
u64,yy,unpredictable,,1,2.710860
u64,zmij_neon,unpredictable,,1,1.526673
u64,zmij_scalar,unpredictable,,1,3.031055
u64,amartin,unpredictable,,2,2.466957
u64,branchlut,unpredictable,,2,2.644062
u64,branchlut2,unpredictable,,2,1.516621
u64,count,unpredictable,,2,4.151505
u64,countlut,unpredictable,,2,2.641876
u64,fmt,unpredictable,,2,4.340807
u64,jeaiii,unpredictable,,2,2.821604
u64,lut,unpredictable,,2,5.149404
u64,mwilson,unpredictable,,2,4.975357
u64,naive,unpredictable,,2,5.040606
u64,null,unpredictable,,2,0.688514
u64,sprintf,unpredictable,,2,26.351015
u64,tmueller,unpredictable,,2,4.605452
u64,unnamed,unpredictable,,2,2.826730
u64,unrolledlut,unpredictable,,2,1.733502
u64,yy,unpredictable,,2,2.490958
u64,zmij_neon,unpredictable,,2,1.514117
u64,zmij_scalar,unpredictable,,2,3.016909
u64,amartin,unpredictable,,3,2.434929
u64,branchlut,unpredictable,,3,2.641121
u64,branchlut2,unpredictable,,3,1.882593
u64,count,unpredictable,,3,4.806519
u64,countlut,unpredictable,,3,3.051638
u64,fmt,unpredictable,,3,3.516993
u64,jeaiii,unpredictable,,3,1.999855
u64,lut,unpredictable,,3,4.373591
u64,mwilson,unpredictable,,3,5.444328
u64,naive,unpredictable,,3,6.319324
u64,null,unpredictable,,3,0.664989
u64,sprintf,unpredictable,,3,26.800434
u64,tmueller,unpredictable,,3,4.058201
u64,unnamed,unpredictable,,3,3.460130
u64,unrolledlut,unpredictable,,3,1.837531
u64,yy,unpredictable,,3,2.816875
u64,zmij_neon,unpredictable,,3,1.526593
u64,zmij_scalar,unpredictable,,3,3.026604
u64,amartin,unpredictable,,4,3.017782
u64,branchlut,unpredictable,,4,2.149820
u64,branchlut2,unpredictable,,4,2.288937
u64,count,unpredictable,,4,5.245686
u64,countlut,unpredictable,,4,2.994976
u64,fmt,unpredictable,,4,3.736973
u64,jeaiii,unpredictable,,4,2.191860
u64,lut,unpredictable,,4,5.237937
u64,mwilson,unpredictable,,4,5.799015
u64,naive,unpredictable,,4,6.721378
u64,null,unpredictable,,4,0.671187
u64,sprintf,unpredictable,,4,27.597387
u64,tmueller,unpredictable,,4,3.902754
u64,unnamed,unpredictable,,4,3.704667
u64,unrolledlut,unpredictable,,4,2.116004
u64,yy,unpredictable,,4,2.547065
u64,zmij_neon,unpredictable,,4,1.524846
u64,zmij_scalar,unpredictable,,4,3.013809
u64,amartin,unpredictable,,5,2.664049
u64,branchlut,unpredictable,,5,2.783617
u64,branchlut2,unpredictable,,5,2.614061
u64,count,unpredictable,,5,5.202055
u64,countlut,unpredictable,,5,3.096462
u64,fmt,unpredictable,,5,3.737926
u64,jeaiii,unpredictable,,5,2.582788
u64,lut,unpredictable,,5,5.111814
u64,mwilson,unpredictable,,5,6.146233
u64,naive,unpredictable,,5,6.692053
u64,null,unpredictable,,5,0.662923
u64,sprintf,unpredictable,,5,27.696014
u64,tmueller,unpredictable,,5,3.775835
u64,unnamed,unpredictable,,5,4.285771
u64,unrolledlut,unpredictable,,5,2.216140
u64,yy,unpredictable,,5,2.952138
u64,zmij_neon,unpredictable,,5,1.509746
u64,zmij_scalar,unpredictable,,5,3.020882
u64,amartin,unpredictable,,6,2.824903
u64,branchlut,unpredictable,,6,3.299316
u64,branchlut2,unpredictable,,6,2.330898
u64,count,unpredictable,,6,5.707344
u64,countlut,unpredictable,,6,3.394167
u64,fmt,unpredictable,,6,4.189968
u64,jeaiii,unpredictable,,6,2.231758
u64,lut,unpredictable,,6,5.460382
u64,mwilson,unpredictable,,6,6.511093
u64,naive,unpredictable,,6,7.075191
u64,null,unpredictable,,6,0.704566
u64,sprintf,unpredictable,,6,28.324724
u64,tmueller,unpredictable,,6,4.204353
u64,unnamed,unpredictable,,6,4.598102
u64,unrolledlut,unpredictable,,6,2.025008
u64,yy,unpredictable,,6,2.953488
u64,zmij_neon,unpredictable,,6,1.532237
u64,zmij_scalar,unpredictable,,6,3.012457
u64,amartin,unpredictable,,7,3.245710
u64,branchlut,unpredictable,,7,3.459215
u64,branchlut2,unpredictable,,7,2.539118
u64,count,unpredictable,,7,5.711874
u64,countlut,unpredictable,,7,3.686468
u64,fmt,unpredictable,,7,3.734350
u64,jeaiii,unpredictable,,7,2.568722
u64,lut,unpredictable,,7,5.802592
u64,mwilson,unpredictable,,7,6.573399
u64,naive,unpredictable,,7,7.459044
u64,null,unpredictable,,7,0.650287
u64,sprintf,unpredictable,,7,28.604071
u64,tmueller,unpredictable,,7,4.047632
u64,unnamed,unpredictable,,7,5.161801
u64,unrolledlut,unpredictable,,7,2.575120
u64,yy,unpredictable,,7,3.486753
u64,zmij_neon,unpredictable,,7,1.483996
u64,zmij_scalar,unpredictable,,7,3.019611
u64,amartin,unpredictable,,8,3.234585
u64,branchlut,unpredictable,,8,3.290653
u64,branchlut2,unpredictable,,8,2.851685
u64,count,unpredictable,,8,6.368401
u64,countlut,unpredictable,,8,3.981470
u64,fmt,unpredictable,,8,3.886700
u64,jeaiii,unpredictable,,8,2.663773
u64,lut,unpredictable,,8,6.322026
u64,mwilson,unpredictable,,8,7.078131
u64,naive,unpredictable,,8,7.549803
u64,null,unpredictable,,8,0.635982
u64,sprintf,unpredictable,,8,26.952942
u64,tmueller,unpredictable,,8,4.082840
u64,unnamed,unpredictable,,8,5.568624
u64,unrolledlut,unpredictable,,8,2.286235
u64,yy,unpredictable,,8,3.377318
u64,zmij_neon,unpredictable,,8,1.520474
u64,zmij_scalar,unpredictable,,8,3.015797
u64,amartin,unpredictable,,9,3.960093
u64,branchlut,unpredictable,,9,4.109543
u64,branchlut2,unpredictable,,9,2.273600
u64,count,unpredictable,,9,6.255945
u64,countlut,unpredictable,,9,3.229181
u64,fmt,unpredictable,,9,4.098257
u64,jeaiii,unpredictable,,9,3.182650
u64,lut,unpredictable,,9,6.846070
u64,mwilson,unpredictable,,9,7.175486
u64,naive,unpredictable,,9,7.885496
u64,null,unpredictable,,9,0.635821
u64,sprintf,unpredictable,,9,27.703325
u64,tmueller,unpredictable,,9,4.081327
u64,unnamed,unpredictable,,9,5.957723
u64,unrolledlut,unpredictable,,9,2.989331
u64,yy,unpredictable,,9,2.838889
u64,zmij_neon,unpredictable,,9,1.518886
u64,zmij_scalar,unpredictable,,9,3.034393
u64,amartin,unpredictable,,10,6.886282
u64,branchlut,unpredictable,,10,4.493553
u64,branchlut2,unpredictable,,10,2.472439
u64,count,unpredictable,,10,6.751379
u64,countlut,unpredictable,,10,3.386061
u64,fmt,unpredictable,,10,4.365444
u64,jeaiii,unpredictable,,10,5.960146
u64,lut,unpredictable,,10,7.204812
u64,mwilson,unpredictable,,10,7.687210
u64,naive,unpredictable,,10,8.397539
u64,null,unpredictable,,10,0.637412
u64,sprintf,unpredictable,,10,27.659376
u64,tmueller,unpredictable,,10,4.038572
u64,unnamed,unpredictable,,10,7.836858
u64,unrolledlut,unpredictable,,10,6.342212
u64,yy,unpredictable,,10,3.049731
u64,zmij_neon,unpredictable,,10,1.529296
u64,zmij_scalar,unpredictable,,10,3.036062
u64,amartin,unpredictable,,11,4.278698
u64,branchlut,unpredictable,,11,4.236460
u64,branchlut2,unpredictable,,11,2.726595
u64,count,unpredictable,,11,6.907701
u64,countlut,unpredictable,,11,3.543497
u64,fmt,unpredictable,,11,4.094440
u64,jeaiii,unpredictable,,11,2.808969
u64,lut,unpredictable,,11,7.511416
u64,mwilson,unpredictable,,11,7.935087
u64,naive,unpredictable,,11,9.427906
u64,null,unpredictable,,11,0.647902
u64,sprintf,unpredictable,,11,28.110861
u64,tmueller,unpredictable,,11,4.587572
u64,unnamed,unpredictable,,11,5.843440
u64,unrolledlut,unpredictable,,11,2.734223
u64,yy,unpredictable,,11,3.090343
u64,zmij_neon,unpredictable,,11,1.521428
u64,zmij_scalar,unpredictable,,11,3.020803
u64,amartin,unpredictable,,12,4.400372
u64,branchlut,unpredictable,,12,4.781404
u64,branchlut2,unpredictable,,12,3.112356
u64,count,unpredictable,,12,7.224800
u64,countlut,unpredictable,,12,3.759823
u64,fmt,unpredictable,,12,4.350424
u64,jeaiii,unpredictable,,12,3.117800
u64,lut,unpredictable,,12,7.825336
u64,mwilson,unpredictable,,12,8.391102
u64,naive,unpredictable,,12,9.347557
u64,null,unpredictable,,12,0.675717
u64,sprintf,unpredictable,,12,28.497816
u64,tmueller,unpredictable,,12,4.671972
u64,unnamed,unpredictable,,12,6.078361
u64,unrolledlut,unpredictable,,12,2.868056
u64,yy,unpredictable,,12,2.914390
u64,zmij_neon,unpredictable,,12,1.504659
u64,zmij_scalar,unpredictable,,12,3.012856
u64,amartin,unpredictable,,13,4.374147
u64,branchlut,unpredictable,,13,4.722914
u64,branchlut2,unpredictable,,13,3.173073
u64,count,unpredictable,,13,7.744949
u64,countlut,unpredictable,,13,3.737967
u64,fmt,unpredictable,,13,4.532337
u64,jeaiii,unpredictable,,13,3.170013
u64,lut,unpredictable,,13,8.121688
u64,mwilson,unpredictable,,13,8.684992
u64,naive,unpredictable,,13,10.099529
u64,null,unpredictable,,13,0.643611
u64,sprintf,unpredictable,,13,28.799496
u64,tmueller,unpredictable,,13,4.640579
u64,unnamed,unpredictable,,13,6.760875
u64,unrolledlut,unpredictable,,13,3.365159
u64,yy,unpredictable,,13,3.224254
u64,zmij_neon,unpredictable,,13,1.521110
u64,zmij_scalar,unpredictable,,13,3.044485
u64,amartin,unpredictable,,14,4.235704
u64,branchlut,unpredictable,,14,5.180916
u64,branchlut2,unpredictable,,14,3.126978
u64,count,unpredictable,,14,7.996162
u64,countlut,unpredictable,,14,3.678362
u64,fmt,unpredictable,,14,4.513660
u64,jeaiii,unpredictable,,14,3.438395
u64,lut,unpredictable,,14,8.569201
u64,mwilson,unpredictable,,14,9.108503
u64,naive,unpredictable,,14,10.485531
u64,null,unpredictable,,14,0.638843
u64,sprintf,unpredictable,,14,29.360811
u64,tmueller,unpredictable,,14,4.826468
u64,unnamed,unpredictable,,14,7.150847
u64,unrolledlut,unpredictable,,14,3.104249
u64,yy,unpredictable,,14,3.236175
u64,zmij_neon,unpredictable,,14,1.501321
u64,zmij_scalar,unpredictable,,14,3.020643
u64,amartin,unpredictable,,15,4.939199
u64,branchlut,unpredictable,,15,5.290112
u64,branchlut2,unpredictable,,15,3.699501
u64,count,unpredictable,,15,8.794704
u64,countlut,unpredictable,,15,4.303814
u64,fmt,unpredictable,,15,4.540285
u64,jeaiii,unpredictable,,15,3.520647
u64,lut,unpredictable,,15,9.012818
u64,mwilson,unpredictable,,15,9.354393
u64,naive,unpredictable,,15,10.874630
u64,null,unpredictable,,15,0.641465
u64,sprintf,unpredictable,,15,29.938261
u64,tmueller,unpredictable,,15,4.883051
u64,unnamed,unpredictable,,15,7.427333
u64,unrolledlut,unpredictable,,15,4.025578
u64,yy,unpredictable,,15,3.220279
u64,zmij_neon,unpredictable,,15,1.528501
u64,zmij_scalar,unpredictable,,15,3.021837
u64,amartin,unpredictable,,16,4.781683
u64,branchlut,unpredictable,,16,5.220255
u64,branchlut2,unpredictable,,16,3.785093
u64,count,unpredictable,,16,9.017786
u64,countlut,unpredictable,,16,4.426439
u64,fmt,unpredictable,,16,4.816929
u64,jeaiii,unpredictable,,16,3.393888
u64,lut,unpredictable,,16,9.305915
u64,mwilson,unpredictable,,16,9.915789
u64,naive,unpredictable,,16,11.289240
u64,null,unpredictable,,16,0.635901
u64,sprintf,unpredictable,,16,28.601528
u64,tmueller,unpredictable,,16,4.975239
u64,unnamed,unpredictable,,16,7.883349
u64,unrolledlut,unpredictable,,16,3.872752
u64,yy,unpredictable,,16,3.575843
u64,zmij_neon,unpredictable,,16,1.506248
u64,zmij_scalar,unpredictable,,16,3.021122
u64,amartin,unpredictable,,17,5.854963
u64,branchlut,unpredictable,,17,4.784584
u64,branchlut2,unpredictable,,17,4.694977
u64,count,unpredictable,,17,9.460768
u64,countlut,unpredictable,,17,4.802824
u64,fmt,unpredictable,,17,5.055824
u64,jeaiii,unpredictable,,17,3.738562
u64,lut,unpredictable,,17,9.687543
u64,mwilson,unpredictable,,17,10.233204
u64,naive,unpredictable,,17,11.859695
u64,null,unpredictable,,17,0.671664
u64,sprintf,unpredictable,,17,29.062391
u64,tmueller,unpredictable,,17,5.275646
u64,unnamed,unpredictable,,17,8.612117
u64,unrolledlut,unpredictable,,17,3.989655
u64,yy,unpredictable,,17,3.846368
u64,zmij_neon,unpredictable,,17,1.528501
u64,zmij_scalar,unpredictable,,17,3.036617
u64,amartin,unpredictable,,18,8.147598
u64,branchlut,unpredictable,,18,4.747391
u64,branchlut2,unpredictable,,18,4.467525
u64,count,unpredictable,,18,10.213615
u64,countlut,unpredictable,,18,4.998089
u64,fmt,unpredictable,,18,5.145947
u64,jeaiii,unpredictable,,18,6.658236
u64,lut,unpredictable,,18,9.889564
u64,mwilson,unpredictable,,18,11.018713
u64,naive,unpredictable,,18,12.491266
u64,null,unpredictable,,18,0.635901
u64,sprintf,unpredictable,,18,30.013285
u64,tmueller,unpredictable,,18,5.388498
u64,unnamed,unpredictable,,18,9.323478
u64,unrolledlut,unpredictable,,18,7.489324
u64,yy,unpredictable,,18,4.040122
u64,zmij_neon,unpredictable,,18,1.528819
u64,zmij_scalar,unpredictable,,18,3.045122
u64,amartin,unpredictable,,19,5.395531
u64,branchlut,unpredictable,,19,4.961332
u64,branchlut2,unpredictable,,19,4.671455
u64,count,unpredictable,,19,10.595324
u64,countlut,unpredictable,,19,5.186836
u64,fmt,unpredictable,,19,5.458990
u64,jeaiii,unpredictable,,19,4.670542
u64,lut,unpredictable,,19,10.756534
u64,mwilson,unpredictable,,19,11.279463
u64,naive,unpredictable,,19,12.971283
u64,null,unpredictable,,19,0.690022
u64,sprintf,unpredictable,,19,31.952818
u64,tmueller,unpredictable,,19,5.613169
u64,unnamed,unpredictable,,19,9.284774
u64,unrolledlut,unpredictable,,19,4.654208
u64,yy,unpredictable,,19,4.255095
u64,zmij_neon,unpredictable,,19,1.504500
u64,zmij_scalar,unpredictable,,19,3.029068
u64,amartin,unpredictable,,20,5.320587
u64,branchlut,unpredictable,,20,5.200228
u64,branchlut2,unpredictable,,20,4.748463
u64,count,unpredictable,,20,11.189541
u64,countlut,unpredictable,,20,5.474369
u64,fmt,unpredictable,,20,5.358616
u64,jeaiii,unpredictable,,20,4.685324
u64,lut,unpredictable,,20,11.072595
u64,mwilson,unpredictable,,20,12.201347
u64,naive,unpredictable,,20,13.602377
u64,null,unpredictable,,20,0.660459
u64,sprintf,unpredictable,,20,34.343044
u64,tmueller,unpredictable,,20,5.740881
u64,unnamed,unpredictable,,20,9.301064
u64,unrolledlut,unpredictable,,20,4.272023
u64,yy,unpredictable,,20,4.244367
u64,zmij_neon,unpredictable,,20,1.525878
u64,zmij_scalar,unpredictable,,20,3.040670
u64,amartin,admixture,5x6,0,1.846830
u64,branchlut,admixture,5x6,0,2.077738
u64,branchlut2,admixture,5x6,0,1.605868
u64,count,admixture,5x6,0,2.727588
u64,countlut,admixture,5x6,0,2.308409
u64,fmt,admixture,5x6,0,1.593987
u64,jeaiii,admixture,5x6,0,1.602014
u64,lut,admixture,5x6,0,3.256599
u64,mwilson,admixture,5x6,0,3.271381
u64,naive,admixture,5x6,0,3.646533
u64,null,admixture,5x6,0,0.660658
u64,sprintf,admixture,5x6,0,25.504311
u64,tmueller,admixture,5x6,0,1.846790
u64,unnamed,admixture,5x6,0,2.684275
u64,unrolledlut,admixture,5x6,0,2.071381
u64,yy,admixture,5x6,0,1.579881
u64,zmij_neon,admixture,5x6,0,1.497547
u64,zmij_scalar,admixture,5x6,0,3.018816
u64,amartin,admixture,5x6,10,1.823942
u64,branchlut,admixture,5x6,10,2.456984
u64,branchlut2,admixture,5x6,10,1.964927
u64,count,admixture,5x6,10,3.395280
u64,countlut,admixture,5x6,10,2.762954
u64,fmt,admixture,5x6,10,2.162019
u64,jeaiii,admixture,5x6,10,1.954595
u64,lut,admixture,5x6,10,3.838420
u64,mwilson,admixture,5x6,10,3.681581
u64,naive,admixture,5x6,10,4.331191
u64,null,admixture,5x6,10,0.674088
u64,sprintf,admixture,5x6,10,26.247740
u64,tmueller,admixture,5x6,10,2.239823
u64,unnamed,admixture,5x6,10,3.185907
u64,unrolledlut,admixture,5x6,10,2.434492
u64,yy,admixture,5x6,10,1.584451
u64,zmij_neon,admixture,5x6,10,1.500526
u64,zmij_scalar,admixture,5x6,10,3.019968
u64,amartin,admixture,5x6,20,1.824697
u64,branchlut,admixture,5x6,20,2.870599
u64,branchlut2,admixture,5x6,20,2.331972
u64,count,admixture,5x6,20,4.156431
u64,countlut,admixture,5x6,20,3.120899
u64,fmt,admixture,5x6,20,2.693892
u64,jeaiii,admixture,5x6,20,2.240141
u64,lut,admixture,5x6,20,4.392862
u64,mwilson,admixture,5x6,20,4.280129
u64,naive,admixture,5x6,20,5.243501
u64,null,admixture,5x6,20,0.682076
u64,sprintf,admixture,5x6,20,27.313511
u64,tmueller,admixture,5x6,20,2.684633
u64,unnamed,admixture,5x6,20,3.617644
u64,unrolledlut,admixture,5x6,20,2.796014
u64,yy,admixture,5x6,20,1.611670
u64,zmij_neon,admixture,5x6,20,1.500526
u64,zmij_scalar,admixture,5x6,20,3.022511
u64,amartin,admixture,5x6,30,1.845161
u64,branchlut,admixture,5x6,30,3.238519
u64,branchlut2,admixture,5x6,30,2.705018
u64,count,admixture,5x6,30,4.728079
u64,countlut,admixture,5x6,30,3.470619
u64,fmt,admixture,5x6,30,3.158410
u64,jeaiii,admixture,5x6,30,2.587756
u64,lut,admixture,5x6,30,4.854441
u64,mwilson,admixture,5x6,30,4.953304
u64,naive,admixture,5x6,30,5.957246
u64,null,admixture,5x6,30,0.665108
u64,sprintf,admixture,5x6,30,27.867595
u64,tmueller,admixture,5x6,30,3.029943
u64,unnamed,admixture,5x6,30,3.961086
u64,unrolledlut,admixture,5x6,30,3.314813
u64,yy,admixture,5x6,30,1.602411
u64,zmij_neon,admixture,5x6,30,1.500527
u64,zmij_scalar,admixture,5x6,30,3.013928
u64,amartin,admixture,5x6,40,1.842618
u64,branchlut,admixture,5x6,40,3.601273
u64,branchlut2,admixture,5x6,40,2.996644
u64,count,admixture,5x6,40,5.276203
u64,countlut,admixture,5x6,40,4.033923
u64,fmt,admixture,5x6,40,3.543615
u64,jeaiii,admixture,5x6,40,2.929091
u64,lut,admixture,5x6,40,5.498409
u64,mwilson,admixture,5x6,40,5.668521
u64,naive,admixture,5x6,40,6.712754
u64,null,admixture,5x6,40,0.677387
u64,sprintf,admixture,5x6,40,27.920246
u64,tmueller,admixture,5x6,40,3.555457
u64,unnamed,admixture,5x6,40,4.532735
u64,unrolledlut,admixture,5x6,40,3.784895
u64,yy,admixture,5x6,40,1.612226
u64,zmij_neon,admixture,5x6,40,1.500527
u64,zmij_scalar,admixture,5x6,40,3.026327
u64,amartin,admixture,5x6,50,1.845280
u64,branchlut,admixture,5x6,50,3.870368
u64,branchlut2,admixture,5x6,50,3.406128
u64,count,admixture,5x6,50,5.635142
u64,countlut,admixture,5x6,50,4.490455
u64,fmt,admixture,5x6,50,3.642201
u64,jeaiii,admixture,5x6,50,3.341794
u64,lut,admixture,5x6,50,5.959232
u64,mwilson,admixture,5x6,50,5.966465
u64,naive,admixture,5x6,50,7.254442
u64,null,admixture,5x6,50,0.677426
u64,sprintf,admixture,5x6,50,28.883536
u64,tmueller,admixture,5x6,50,3.806910
u64,unnamed,admixture,5x6,50,4.748901
u64,unrolledlut,admixture,5x6,50,4.184683
u64,yy,admixture,5x6,50,1.553535
u64,zmij_neon,admixture,5x6,50,1.500249
u64,zmij_scalar,admixture,5x6,50,3.015955
u64,amartin,admixture,5x6,60,1.812657
u64,branchlut,admixture,5x6,60,3.677090
u64,branchlut2,admixture,5x6,60,3.117442
u64,count,admixture,5x6,60,5.162278
u64,countlut,admixture,5x6,60,4.083237
u64,fmt,admixture,5x6,60,3.489216
u64,jeaiii,admixture,5x6,60,3.184995
u64,lut,admixture,5x6,60,5.489469
u64,mwilson,admixture,5x6,60,5.701502
u64,naive,admixture,5x6,60,6.761670
u64,null,admixture,5x6,60,0.688712
u64,sprintf,admixture,5x6,60,28.230031
u64,tmueller,admixture,5x6,60,3.479560
u64,unnamed,admixture,5x6,60,4.405975
u64,unrolledlut,admixture,5x6,60,3.789028
u64,yy,admixture,5x6,60,1.581669
u64,zmij_neon,admixture,5x6,60,1.500527
u64,zmij_scalar,admixture,5x6,60,3.021121
u64,amartin,admixture,5x6,70,1.846790
u64,branchlut,admixture,5x6,70,3.215671
u64,branchlut2,admixture,5x6,70,2.532522
u64,count,admixture,5x6,70,4.563372
u64,countlut,admixture,5x6,70,3.388842
u64,fmt,admixture,5x6,70,3.148715
u64,jeaiii,admixture,5x6,70,2.712727
u64,lut,admixture,5x6,70,4.816690
u64,mwilson,admixture,5x6,70,4.951835
u64,naive,admixture,5x6,70,5.598307
u64,null,admixture,5x6,70,0.680566
u64,sprintf,admixture,5x6,70,27.168989
u64,tmueller,admixture,5x6,70,2.955834
u64,unnamed,admixture,5x6,70,3.989299
u64,unrolledlut,admixture,5x6,70,3.400087
u64,yy,admixture,5x6,70,1.610358
u64,zmij_neon,admixture,5x6,70,1.494369
u64,zmij_scalar,admixture,5x6,70,3.014764
u64,amartin,admixture,5x6,80,1.826167
u64,branchlut,admixture,5x6,80,2.861619
u64,branchlut2,admixture,5x6,80,2.290766
u64,count,admixture,5x6,80,3.887693
u64,countlut,admixture,5x6,80,3.082713
u64,fmt,admixture,5x6,80,2.638817
u64,jeaiii,admixture,5x6,80,2.189239
u64,lut,admixture,5x6,80,4.145980
u64,mwilson,admixture,5x6,80,4.107952
u64,naive,admixture,5x6,80,4.787961
u64,null,admixture,5x6,80,0.682036
u64,sprintf,admixture,5x6,80,26.499271
u64,tmueller,admixture,5x6,80,2.609571
u64,unnamed,admixture,5x6,80,3.478567
u64,unrolledlut,admixture,5x6,80,3.218532
u64,yy,admixture,5x6,80,1.613060
u64,zmij_neon,admixture,5x6,80,1.485546
u64,zmij_scalar,admixture,5x6,80,3.011545
u64,amartin,admixture,5x6,90,1.846790
u64,branchlut,admixture,5x6,90,2.430956
u64,branchlut2,admixture,5x6,90,1.812696
u64,count,admixture,5x6,90,3.067176
u64,countlut,admixture,5x6,90,2.560456
u64,fmt,admixture,5x6,90,2.166430
u64,jeaiii,admixture,5x6,90,1.810908
u64,lut,admixture,5x6,90,3.479402
u64,mwilson,admixture,5x6,90,3.352960
u64,naive,admixture,5x6,90,3.955603
u64,null,admixture,5x6,90,0.692526
u64,sprintf,admixture,5x6,90,25.859754
u64,tmueller,admixture,5x6,90,2.077619
u64,unnamed,admixture,5x6,90,2.963741
u64,unrolledlut,admixture,5x6,90,2.851288
u64,yy,admixture,5x6,90,1.578093
u64,zmij_neon,admixture,5x6,90,1.498500
u64,zmij_scalar,admixture,5x6,90,3.017545
u64,amartin,admixture,5x6,100,1.846790
u64,branchlut,admixture,5x6,100,2.074440
u64,branchlut2,admixture,5x6,100,1.385133
u64,count,admixture,5x6,100,2.214630
u64,countlut,admixture,5x6,100,2.070825
u64,fmt,admixture,5x6,100,1.598915
u64,jeaiii,admixture,5x6,100,1.385054
u64,lut,admixture,5x6,100,2.779922
u64,mwilson,admixture,5x6,100,2.540032
u64,naive,admixture,5x6,100,3.021359
u64,null,admixture,5x6,100,0.674566
u64,sprintf,admixture,5x6,100,25.306781
u64,tmueller,admixture,5x6,100,1.615882
u64,unnamed,admixture,5x6,100,2.405603
u64,unrolledlut,admixture,5x6,100,2.485594
u64,yy,admixture,5x6,100,1.598477
u64,zmij_neon,admixture,5x6,100,1.489361
u64,zmij_scalar,admixture,5x6,100,3.019571
i64,amartin,bylength,,1,1.125097
i64,branchlut,bylength,,1,3.623207
i64,branchlut2,bylength,,1,2.695560
i64,count,bylength,,1,2.794385
i64,countlut,bylength,,1,3.465453
i64,fmt,bylength,,1,1.125613
i64,jeaiii,bylength,,1,2.652247
i64,lut,bylength,,1,3.098409
i64,mwilson,bylength,,1,2.564510
i64,naive,bylength,,1,2.957423
i64,null,bylength,,1,0.673652
i64,sprintf,bylength,,1,26.257475
i64,tmueller,bylength,,1,0.665784
i64,unnamed,bylength,,1,3.771742
i64,unrolledlut,bylength,,1,3.812155
i64,yy,bylength,,1,1.085123
i64,zmij_neon,bylength,,1,1.611194
i64,zmij_scalar,bylength,,1,3.525218
i64,amartin,bylength,,2,1.137455
i64,branchlut,bylength,,2,3.574173
i64,branchlut2,bylength,,2,3.126065
i64,count,bylength,,2,2.983729
i64,countlut,bylength,,2,3.266573
i64,fmt,bylength,,2,1.119454
i64,jeaiii,bylength,,2,3.051281
i64,lut,bylength,,2,3.444234
i64,mwilson,bylength,,2,3.305237
i64,naive,bylength,,2,3.671089
i64,null,bylength,,2,0.671069
i64,sprintf,bylength,,2,27.267973
i64,tmueller,bylength,,2,1.105229
i64,unnamed,bylength,,2,4.211108
i64,unrolledlut,bylength,,2,3.471136
i64,yy,bylength,,2,1.154145
i64,zmij_neon,bylength,,2,1.615564
i64,zmij_scalar,bylength,,2,3.525297
i64,amartin,bylength,,3,1.835862
i64,branchlut,bylength,,3,3.376405
i64,branchlut2,bylength,,3,3.364801
i64,count,bylength,,3,3.527482
i64,countlut,bylength,,3,3.813028
i64,fmt,bylength,,3,1.264334
i64,jeaiii,bylength,,3,3.365238
i64,lut,bylength,,3,3.955999
i64,mwilson,bylength,,3,3.579815
i64,naive,bylength,,3,4.228234
i64,null,bylength,,3,0.672897
i64,sprintf,bylength,,3,27.318835
i64,tmueller,bylength,,3,1.373291
i64,unnamed,bylength,,3,4.337032
i64,unrolledlut,bylength,,3,4.280925
i64,yy,bylength,,3,1.128674
i64,zmij_neon,bylength,,3,1.616120
i64,zmij_scalar,bylength,,3,3.508648
i64,amartin,bylength,,4,1.839995
i64,branchlut,bylength,,4,3.320694
i64,branchlut2,bylength,,4,3.511389
i64,count,bylength,,4,3.937045
i64,countlut,bylength,,4,3.967126
i64,fmt,bylength,,4,1.230121
i64,jeaiii,bylength,,4,3.654043
i64,lut,bylength,,4,4.396995
i64,mwilson,bylength,,4,4.092972
i64,naive,bylength,,4,4.731814
i64,null,bylength,,4,0.682195
i64,sprintf,bylength,,4,28.233409
i64,tmueller,bylength,,4,1.615961
i64,unnamed,bylength,,4,4.471819
i64,unrolledlut,bylength,,4,4.006942
i64,yy,bylength,,4,1.148462
i64,zmij_neon,bylength,,4,1.615922
i64,zmij_scalar,bylength,,4,3.506184
i64,amartin,bylength,,5,2.054891
i64,branchlut,bylength,,5,4.344980
i64,branchlut2,bylength,,5,3.683646
i64,count,bylength,,5,4.213214
i64,countlut,bylength,,5,4.318476
i64,fmt,bylength,,5,1.603365
i64,jeaiii,bylength,,5,3.775597
i64,lut,bylength,,5,4.999081
i64,mwilson,bylength,,5,4.404068
i64,naive,bylength,,5,5.358497
i64,null,bylength,,5,0.672539
i64,sprintf,bylength,,5,29.083967
i64,tmueller,bylength,,5,1.613697
i64,unnamed,bylength,,5,4.624089
i64,unrolledlut,bylength,,5,4.588644
i64,yy,bylength,,5,1.317899
i64,zmij_neon,bylength,,5,1.610358
i64,zmij_scalar,bylength,,5,3.510594
i64,amartin,bylength,,6,2.058825
i64,branchlut,bylength,,6,4.280845
i64,branchlut2,bylength,,6,3.794074
i64,count,bylength,,6,4.560073
i64,countlut,bylength,,6,4.476070
i64,fmt,bylength,,6,1.595020
i64,jeaiii,bylength,,6,3.638427
i64,lut,bylength,,6,5.635181
i64,mwilson,bylength,,6,4.864375
i64,naive,bylength,,6,5.918026
i64,null,bylength,,6,0.668009
i64,sprintf,bylength,,6,29.384295
i64,tmueller,bylength,,6,1.837054
i64,unnamed,bylength,,6,4.761061
i64,unrolledlut,bylength,,6,4.395802
i64,yy,bylength,,6,1.312216
i64,zmij_neon,bylength,,6,1.616637
i64,zmij_scalar,bylength,,6,3.511985
i64,amartin,bylength,,7,2.528310
i64,branchlut,bylength,,7,4.120549
i64,branchlut2,bylength,,7,4.013498
i64,count,bylength,,7,5.115827
i64,countlut,bylength,,7,4.595876
i64,fmt,bylength,,7,1.846870
i64,jeaiii,bylength,,7,3.970821
i64,lut,bylength,,7,6.035368
i64,mwilson,bylength,,7,5.364060
i64,naive,bylength,,7,6.455461
i64,null,bylength,,7,0.662765
i64,sprintf,bylength,,7,29.867928
i64,tmueller,bylength,,7,1.835505
i64,unnamed,bylength,,7,5.210876
i64,unrolledlut,bylength,,7,4.002452
i64,yy,bylength,,7,1.627088
i64,zmij_neon,bylength,,7,1.615882
i64,zmij_scalar,bylength,,7,3.516039
i64,amartin,bylength,,8,2.535978
i64,branchlut,bylength,,8,4.338820
i64,branchlut2,bylength,,8,4.168391
i64,count,bylength,,8,5.330840
i64,countlut,bylength,,8,5.265673
i64,fmt,bylength,,8,2.230406
i64,jeaiii,bylength,,8,3.843546
i64,lut,bylength,,8,6.826401
i64,mwilson,bylength,,8,5.940994
i64,naive,bylength,,8,7.172227
i64,null,bylength,,8,0.676950
i64,sprintf,bylength,,8,28.846741
i64,tmueller,bylength,,8,2.077500
i64,unnamed,bylength,,8,5.251884
i64,unrolledlut,bylength,,8,3.986041
i64,yy,bylength,,8,1.747410
i64,zmij_neon,bylength,,8,1.610160
i64,zmij_scalar,bylength,,8,3.516157
i64,amartin,bylength,,9,2.079924
i64,branchlut,bylength,,9,5.941033
i64,branchlut2,bylength,,9,4.281958
i64,count,bylength,,9,5.819043
i64,countlut,bylength,,9,4.709761
i64,fmt,bylength,,9,2.083102
i64,jeaiii,bylength,,9,4.141848
i64,lut,bylength,,9,7.039468
i64,mwilson,bylength,,9,6.452958
i64,naive,bylength,,9,7.586439
i64,null,bylength,,9,0.672063
i64,sprintf,bylength,,9,29.438655
i64,tmueller,bylength,,9,2.237439
i64,unnamed,bylength,,9,5.569458
i64,unrolledlut,bylength,,9,4.178007
i64,yy,bylength,,9,1.997392
i64,zmij_neon,bylength,,9,1.616120
i64,zmij_scalar,bylength,,9,3.510436
i64,amartin,bylength,,10,4.418532
i64,branchlut,bylength,,10,5.970637
i64,branchlut2,bylength,,10,4.256566
i64,count,bylength,,10,6.172419
i64,countlut,bylength,,10,4.603347
i64,fmt,bylength,,10,2.087394
i64,jeaiii,bylength,,10,4.873475
i64,lut,bylength,,10,7.833362
i64,mwilson,bylength,,10,7.081549
i64,naive,bylength,,10,8.246064
i64,null,bylength,,10,0.674645
i64,sprintf,bylength,,10,30.122359
i64,tmueller,bylength,,10,2.294700
i64,unnamed,bylength,,10,5.831003
i64,unrolledlut,bylength,,10,5.690773
i64,yy,bylength,,10,1.990279
i64,zmij_neon,bylength,,10,1.616001
i64,zmij_scalar,bylength,,10,3.514688
i64,amartin,bylength,,11,3.223578
i64,branchlut,bylength,,11,5.912026
i64,branchlut2,bylength,,11,4.612684
i64,count,bylength,,11,6.659348
i64,countlut,bylength,,11,4.438281
i64,fmt,bylength,,11,2.430241
i64,jeaiii,bylength,,11,4.311998
i64,lut,bylength,,11,8.086642
i64,mwilson,bylength,,11,7.759173
i64,naive,bylength,,11,9.141524
i64,null,bylength,,11,0.679572
i64,sprintf,bylength,,11,30.735811
i64,tmueller,bylength,,11,2.608498
i64,unnamed,bylength,,11,6.804505
i64,unrolledlut,bylength,,11,5.584757
i64,yy,bylength,,11,2.370199
i64,zmij_neon,bylength,,11,1.613101
i64,zmij_scalar,bylength,,11,3.511826
i64,amartin,bylength,,12,3.217101
i64,branchlut,bylength,,12,5.773266
i64,branchlut2,bylength,,12,4.834970
i64,count,bylength,,12,6.990829
i64,countlut,bylength,,12,4.870375
i64,fmt,bylength,,12,2.750158
i64,jeaiii,bylength,,12,4.544695
i64,lut,bylength,,12,8.947889
i64,mwilson,bylength,,12,8.308172
i64,naive,bylength,,12,9.786527
i64,null,bylength,,12,0.653902
i64,sprintf,bylength,,12,31.540036
i64,tmueller,bylength,,12,2.558192
i64,unnamed,bylength,,12,6.983837
i64,unrolledlut,bylength,,12,5.575538
i64,yy,bylength,,12,2.365033
i64,zmij_neon,bylength,,12,1.616359
i64,zmij_scalar,bylength,,12,3.515800
i64,amartin,bylength,,13,3.472726
i64,branchlut,bylength,,13,5.875071
i64,branchlut2,bylength,,13,4.813354
i64,count,bylength,,13,7.485668
i64,countlut,bylength,,13,5.166531
i64,fmt,bylength,,13,2.919754
i64,jeaiii,bylength,,13,4.709085
i64,lut,bylength,,13,9.564320
i64,mwilson,bylength,,13,9.060383
i64,naive,bylength,,13,10.192156
i64,null,bylength,,13,0.653942
i64,sprintf,bylength,,13,32.089749
i64,tmueller,bylength,,13,3.095706
i64,unnamed,bylength,,13,7.071257
i64,unrolledlut,bylength,,13,5.946477
i64,yy,bylength,,13,2.641280
i64,zmij_neon,bylength,,13,1.618346
i64,zmij_scalar,bylength,,13,3.514131
i64,amartin,bylength,,14,3.466765
i64,branchlut,bylength,,14,6.127795
i64,branchlut2,bylength,,14,4.900019
i64,count,bylength,,14,7.968426
i64,countlut,bylength,,14,5.384247
i64,fmt,bylength,,14,3.001690
i64,jeaiii,bylength,,14,4.843077
i64,lut,bylength,,14,9.951790
i64,mwilson,bylength,,14,9.890716
i64,naive,bylength,,14,11.080265
i64,null,bylength,,14,0.657162
i64,sprintf,bylength,,14,32.812079
i64,tmueller,bylength,,14,3.038088
i64,unnamed,bylength,,14,7.348061
i64,unrolledlut,bylength,,14,5.768180
i64,yy,bylength,,14,2.645095
i64,zmij_neon,bylength,,14,1.618862
i64,zmij_scalar,bylength,,14,3.523270
i64,amartin,bylength,,15,3.925482
i64,branchlut,bylength,,15,5.891601
i64,branchlut2,bylength,,15,5.291264
i64,count,bylength,,15,8.554697
i64,countlut,bylength,,15,5.715449
i64,fmt,bylength,,15,3.422260
i64,jeaiii,bylength,,15,5.009770
i64,lut,bylength,,15,10.456324
i64,mwilson,bylength,,15,10.703007
i64,naive,bylength,,15,11.400342
i64,null,bylength,,15,0.651161
i64,sprintf,bylength,,15,33.747038
i64,tmueller,bylength,,15,3.583034
i64,unnamed,bylength,,15,7.633050
i64,unrolledlut,bylength,,15,5.462210
i64,yy,bylength,,15,2.772291
i64,zmij_neon,bylength,,15,1.613060
i64,zmij_scalar,bylength,,15,3.514370
i64,amartin,bylength,,16,3.923893
i64,branchlut,bylength,,16,5.848169
i64,branchlut2,bylength,,16,5.373199
i64,count,bylength,,16,9.125868
i64,countlut,bylength,,16,5.854925
i64,fmt,bylength,,16,3.363569
i64,jeaiii,bylength,,16,4.976431
i64,lut,bylength,,16,10.836284
i64,mwilson,bylength,,16,11.565646
i64,naive,bylength,,16,12.097319
i64,null,bylength,,16,0.672619
i64,sprintf,bylength,,16,32.508810
i64,tmueller,bylength,,16,3.515521
i64,unnamed,bylength,,16,7.905205
i64,unrolledlut,bylength,,16,5.421519
i64,yy,bylength,,16,2.773126
i64,zmij_neon,bylength,,16,1.618266
i64,zmij_scalar,bylength,,16,3.513256
i64,amartin,bylength,,17,3.741105
i64,branchlut,bylength,,17,5.271435
i64,branchlut2,bylength,,17,5.238692
i64,count,bylength,,17,9.749015
i64,countlut,bylength,,17,5.617619
i64,fmt,bylength,,17,3.944039
i64,jeaiii,bylength,,17,5.260547
i64,lut,bylength,,17,11.536837
i64,mwilson,bylength,,17,12.431741
i64,naive,bylength,,17,12.749514
i64,null,bylength,,17,0.682156
i64,sprintf,bylength,,17,32.369614
i64,tmueller,bylength,,17,4.149914
i64,unnamed,bylength,,17,8.222421
i64,unrolledlut,bylength,,17,5.622745
i64,yy,bylength,,17,2.865076
i64,zmij_neon,bylength,,17,1.615803
i64,zmij_scalar,bylength,,17,3.520647
i64,amartin,bylength,,18,5.510211
i64,branchlut,bylength,,18,5.492886
i64,branchlut2,bylength,,18,5.567034
i64,count,bylength,,18,10.348201
i64,countlut,bylength,,18,5.830924
i64,fmt,bylength,,18,3.870606
i64,jeaiii,bylength,,18,6.025353
i64,lut,bylength,,18,11.944294
i64,mwilson,bylength,,18,13.413628
i64,naive,bylength,,18,13.550480
i64,null,bylength,,18,0.679214
i64,sprintf,bylength,,18,33.026695
i64,tmueller,bylength,,18,4.064520
i64,unnamed,bylength,,18,8.494337
i64,unrolledlut,bylength,,18,6.818016
i64,yy,bylength,,18,2.861857
i64,zmij_neon,bylength,,18,1.616199
i64,zmij_scalar,bylength,,18,3.515641
i64,amartin,bylength,,19,3.996372
i64,branchlut,bylength,,19,5.721052
i64,branchlut2,bylength,,19,5.485575
i64,count,bylength,,19,10.902444
i64,countlut,bylength,,19,5.887389
i64,fmt,bylength,,19,4.328171
i64,jeaiii,bylength,,19,5.319078
i64,lut,bylength,,19,12.503187
i64,mwilson,bylength,,19,14.434218
i64,naive,bylength,,19,14.271895
i64,null,bylength,,19,0.667969
i64,sprintf,bylength,,19,33.536036
i64,tmueller,bylength,,19,4.610936
i64,unnamed,bylength,,19,8.451064
i64,unrolledlut,bylength,,19,5.903165
i64,yy,bylength,,19,2.853433
i64,zmij_neon,bylength,,19,1.616199
i64,zmij_scalar,bylength,,19,3.527085
i64,amartin,loguniform,1-19,19,7.459773
i64,branchlut,loguniform,1-19,19,10.343387
i64,branchlut2,loguniform,1-19,19,10.528811
i64,count,loguniform,1-19,19,14.945376
i64,countlut,loguniform,1-19,19,10.493483
i64,fmt,loguniform,1-19,19,9.417616
i64,jeaiii,loguniform,1-19,19,10.086471
i64,lut,loguniform,1-19,19,14.116251
i64,mwilson,loguniform,1-19,19,18.644642
i64,naive,loguniform,1-19,19,17.242753
i64,null,loguniform,1-19,19,0.651092
i64,sprintf,loguniform,1-19,19,40.376326
i64,tmueller,loguniform,1-19,19,9.539696
i64,unnamed,loguniform,1-19,19,10.102287
i64,unrolledlut,loguniform,1-19,19,10.803332
i64,yy,loguniform,1-19,19,6.337928
i64,zmij_neon,loguniform,1-19,19,1.614376
i64,zmij_scalar,loguniform,1-19,19,3.542137
i64,amartin,loguniform,1-4,4,3.337224
i64,branchlut,loguniform,1-4,4,5.156796
i64,branchlut2,loguniform,1-4,4,5.702853
i64,count,loguniform,1-4,4,6.360133
i64,countlut,loguniform,1-4,4,5.697727
i64,fmt,loguniform,1-4,4,3.926913
i64,jeaiii,loguniform,1-4,4,5.805413
i64,lut,loguniform,1-4,4,6.218711
i64,mwilson,loguniform,1-4,4,6.695907
i64,naive,loguniform,1-4,4,6.337762
i64,null,loguniform,1-4,4,0.651161
i64,sprintf,loguniform,1-4,4,31.036933
i64,tmueller,loguniform,1-4,4,3.200054
i64,unnamed,loguniform,1-4,4,6.226897
i64,unrolledlut,loguniform,1-4,4,6.406426
i64,yy,loguniform,1-4,4,2.865355
i64,zmij_neon,loguniform,1-4,4,1.612147
i64,zmij_scalar,loguniform,1-4,4,3.522834
i64,amartin,uniform,0-255,0,3.177444
i64,branchlut,uniform,0-255,0,2.919158
i64,branchlut2,uniform,0-255,0,2.787391
i64,count,uniform,0-255,0,3.377398
i64,countlut,uniform,0-255,0,2.944350
i64,fmt,uniform,0-255,0,2.786119
i64,jeaiii,uniform,0-255,0,2.871792
i64,lut,uniform,0-255,0,3.243485
i64,mwilson,uniform,0-255,0,3.568530
i64,naive,uniform,0-255,0,3.806432
i64,null,uniform,0-255,0,0.662684
i64,sprintf,uniform,0-255,0,26.455006
i64,tmueller,uniform,0-255,0,2.626617
i64,toy256,uniform,0-255,0,0.659148
i64,unnamed,uniform,0-255,0,3.732720
i64,unrolledlut,uniform,0-255,0,3.209233
i64,yy,uniform,0-255,0,2.712647
i64,zmij_neon,uniform,0-255,0,1.616041
i64,zmij_scalar,uniform,0-255,0,3.536065
i64,amartin,unpredictable,,1,2.305984
i64,branchlut,unpredictable,,1,4.492521
i64,branchlut2,unpredictable,,1,3.742496
i64,count,unpredictable,,1,6.144008
i64,countlut,unpredictable,,1,4.589596
i64,fmt,unpredictable,,1,3.747423
i64,jeaiii,unpredictable,,1,4.263280
i64,lut,unpredictable,,1,6.627321
i64,mwilson,unpredictable,,1,5.976797
i64,naive,unpredictable,,1,6.660501
i64,null,unpredictable,,1,0.663996
i64,sprintf,unpredictable,,1,29.168922
i64,tmueller,unpredictable,,1,4.552960
i64,unnamed,unpredictable,,1,4.042307
i64,unrolledlut,unpredictable,,1,3.839811
i64,yy,unpredictable,,1,2.702831
i64,zmij_neon,unpredictable,,1,1.622240
i64,zmij_scalar,unpredictable,,1,3.567815
i64,amartin,unpredictable,,2,2.333323
i64,branchlut,unpredictable,,2,4.683414
i64,branchlut2,unpredictable,,2,3.831505
i64,count,unpredictable,,2,6.375670
i64,countlut,unpredictable,,2,4.766266
i64,fmt,unpredictable,,2,4.278938
i64,jeaiii,unpredictable,,2,4.476825
i64,lut,unpredictable,,2,6.726662
i64,mwilson,unpredictable,,2,6.379566
i64,naive,unpredictable,,2,6.990233
i64,null,unpredictable,,2,0.649532
i64,sprintf,unpredictable,,2,30.331213
i64,tmueller,unpredictable,,2,4.459500
i64,unnamed,unpredictable,,2,4.765987
i64,unrolledlut,unpredictable,,2,3.997723
i64,yy,unpredictable,,2,2.578060
i64,zmij_neon,unpredictable,,2,1.617552
i64,zmij_scalar,unpredictable,,2,3.535312
i64,amartin,unpredictable,,3,3.008762
i64,branchlut,unpredictable,,3,4.614830
i64,branchlut2,unpredictable,,3,3.731768
i64,count,unpredictable,,3,6.903848
i64,countlut,unpredictable,,3,4.606524
i64,fmt,unpredictable,,3,3.529428
i64,jeaiii,unpredictable,,3,4.088283
i64,lut,unpredictable,,3,6.492931
i64,mwilson,unpredictable,,3,6.642382
i64,naive,unpredictable,,3,7.899323
i64,null,unpredictable,,3,0.677507
i64,sprintf,unpredictable,,3,30.986309
i64,tmueller,unpredictable,,3,4.085341
i64,unnamed,unpredictable,,3,4.526932
i64,unrolledlut,unpredictable,,3,4.331907
i64,yy,unpredictable,,3,2.798676
i64,zmij_neon,unpredictable,,3,1.620729
i64,zmij_scalar,unpredictable,,3,3.558913
i64,amartin,unpredictable,,4,2.682207
i64,branchlut,unpredictable,,4,4.555862
i64,branchlut2,unpredictable,,4,4.474520
i64,count,unpredictable,,4,7.203221
i64,countlut,unpredictable,,4,4.760225
i64,fmt,unpredictable,,4,3.114660
i64,jeaiii,unpredictable,,4,4.013816
i64,lut,unpredictable,,4,6.753365
i64,mwilson,unpredictable,,4,7.139643
i64,naive,unpredictable,,4,8.146882
i64,null,unpredictable,,4,0.630537
i64,sprintf,unpredictable,,4,30.563036
i64,tmueller,unpredictable,,4,3.895879
i64,unnamed,unpredictable,,4,5.399624
i64,unrolledlut,unpredictable,,4,4.294237
i64,yy,unpredictable,,4,2.846439
i64,zmij_neon,unpredictable,,4,1.621286
i64,zmij_scalar,unpredictable,,4,3.561616
i64,amartin,unpredictable,,5,2.892176
i64,branchlut,unpredictable,,5,5.316418
i64,branchlut2,unpredictable,,5,4.712780
i64,count,unpredictable,,5,7.151406
i64,countlut,unpredictable,,5,5.264559
i64,fmt,unpredictable,,5,3.335993
i64,jeaiii,unpredictable,,5,4.343627
i64,lut,unpredictable,,5,7.079283
i64,mwilson,unpredictable,,5,7.501642
i64,naive,unpredictable,,5,8.631825
i64,null,unpredictable,,5,0.640949
i64,sprintf,unpredictable,,5,30.854145
i64,tmueller,unpredictable,,5,4.054904
i64,unnamed,unpredictable,,5,6.051380
i64,unrolledlut,unpredictable,,5,4.406452
i64,yy,unpredictable,,5,2.622883
i64,zmij_neon,unpredictable,,5,1.589258
i64,zmij_scalar,unpredictable,,5,3.539124
i64,amartin,unpredictable,,6,2.746899
i64,branchlut,unpredictable,,6,4.977226
i64,branchlut2,unpredictable,,6,4.270117
i64,count,unpredictable,,6,7.401425
i64,countlut,unpredictable,,6,5.179922
i64,fmt,unpredictable,,6,3.686865
i64,jeaiii,unpredictable,,6,4.547873
i64,lut,unpredictable,,6,7.615248
i64,mwilson,unpredictable,,6,7.829308
i64,naive,unpredictable,,6,9.025216
i64,null,unpredictable,,6,0.636179
i64,sprintf,unpredictable,,6,31.438032
i64,tmueller,unpredictable,,6,4.039327
i64,unnamed,unpredictable,,6,6.451210
i64,unrolledlut,unpredictable,,6,4.485685
i64,yy,unpredictable,,6,2.971689
i64,zmij_neon,unpredictable,,6,1.618980
i64,zmij_scalar,unpredictable,,6,3.565907
i64,amartin,unpredictable,,7,3.026960
i64,branchlut,unpredictable,,7,5.276203
i64,branchlut2,unpredictable,,7,4.926960
i64,count,unpredictable,,7,7.585565
i64,countlut,unpredictable,,7,5.392908
i64,fmt,unpredictable,,7,3.943085
i64,jeaiii,unpredictable,,7,5.026221
i64,lut,unpredictable,,7,7.699886
i64,mwilson,unpredictable,,7,7.850052
i64,naive,unpredictable,,7,9.608069
i64,null,unpredictable,,7,0.630537
i64,sprintf,unpredictable,,7,31.127373
i64,tmueller,unpredictable,,7,4.045686
i64,unnamed,unpredictable,,7,6.559690
i64,unrolledlut,unpredictable,,7,5.199909
i64,yy,unpredictable,,7,3.118635
i64,zmij_neon,unpredictable,,7,1.620333
i64,zmij_scalar,unpredictable,,7,3.563684
i64,amartin,unpredictable,,8,3.358603
i64,branchlut,unpredictable,,8,5.752403
i64,branchlut2,unpredictable,,8,5.139311
i64,count,unpredictable,,8,7.779956
i64,countlut,unpredictable,,8,5.747118
i64,fmt,unpredictable,,8,3.450672
i64,jeaiii,unpredictable,,8,4.573861
i64,lut,unpredictable,,8,8.595943
i64,mwilson,unpredictable,,8,8.304796
i64,naive,unpredictable,,8,9.609420
i64,null,unpredictable,,8,0.679890
i64,sprintf,unpredictable,,8,30.369520
i64,tmueller,unpredictable,,8,4.081923
i64,unnamed,unpredictable,,8,6.963808
i64,unrolledlut,unpredictable,,8,5.039375
i64,yy,unpredictable,,8,3.330032
i64,zmij_neon,unpredictable,,8,1.617472
i64,zmij_scalar,unpredictable,,8,3.559232
i64,amartin,unpredictable,,9,4.338264
i64,branchlut,unpredictable,,9,6.307205
i64,branchlut2,unpredictable,,9,4.307549
i64,count,unpredictable,,9,7.948121
i64,countlut,unpredictable,,9,5.294840
i64,fmt,unpredictable,,9,3.595551
i64,jeaiii,unpredictable,,9,5.050698
i64,lut,unpredictable,,9,8.472282
i64,mwilson,unpredictable,,9,8.810957
i64,naive,unpredictable,,9,10.094205
i64,null,unpredictable,,9,0.638166
i64,sprintf,unpredictable,,9,30.440966
i64,tmueller,unpredictable,,9,4.250327
i64,unnamed,unpredictable,,9,7.434288
i64,unrolledlut,unpredictable,,9,5.532980
i64,yy,unpredictable,,9,3.390511
i64,zmij_neon,unpredictable,,9,1.612623
i64,zmij_scalar,unpredictable,,9,3.562331
i64,amartin,unpredictable,,10,7.600704
i64,branchlut,unpredictable,,10,6.513199
i64,branchlut2,unpredictable,,10,4.925051
i64,count,unpredictable,,10,8.450311
i64,countlut,unpredictable,,10,5.602957
i64,fmt,unpredictable,,10,3.814816
i64,jeaiii,unpredictable,,10,8.204976
i64,lut,unpredictable,,10,9.288946
i64,mwilson,unpredictable,,10,9.129009
i64,naive,unpredictable,,10,10.660607
i64,null,unpredictable,,10,0.667810
i64,sprintf,unpredictable,,10,31.399328
i64,tmueller,unpredictable,,10,4.189927
i64,unnamed,unpredictable,,10,8.544683
i64,unrolledlut,unpredictable,,10,8.394638
i64,yy,unpredictable,,10,3.503441
i64,zmij_neon,unpredictable,,10,1.620970
i64,zmij_scalar,unpredictable,,10,3.555575
i64,amartin,unpredictable,,11,4.713455
i64,branchlut,unpredictable,,11,6.494284
i64,branchlut2,unpredictable,,11,5.269249
i64,count,unpredictable,,11,8.741101
i64,countlut,unpredictable,,11,5.880474
i64,fmt,unpredictable,,11,4.090349
i64,jeaiii,unpredictable,,11,5.109349
i64,lut,unpredictable,,11,9.620667
i64,mwilson,unpredictable,,11,9.674669
i64,naive,unpredictable,,11,11.569459
i64,null,unpredictable,,11,0.634193
i64,sprintf,unpredictable,,11,31.855265
i64,tmueller,unpredictable,,11,4.467923
i64,unnamed,unpredictable,,11,7.267315
i64,unrolledlut,unpredictable,,11,5.997896
i64,yy,unpredictable,,11,3.262083
i64,zmij_neon,unpredictable,,11,1.602848
i64,zmij_scalar,unpredictable,,11,3.565589
i64,amartin,unpredictable,,12,4.967371
i64,branchlut,unpredictable,,12,6.870350
i64,branchlut2,unpredictable,,12,5.257328
i64,count,unpredictable,,12,8.868337
i64,countlut,unpredictable,,12,5.788048
i64,fmt,unpredictable,,12,3.881811
i64,jeaiii,unpredictable,,12,5.316058
i64,lut,unpredictable,,12,10.024071
i64,mwilson,unpredictable,,12,10.194103
i64,naive,unpredictable,,12,11.581222
i64,null,unpredictable,,12,0.700314
i64,sprintf,unpredictable,,12,32.711187
i64,tmueller,unpredictable,,12,4.484693
i64,unnamed,unpredictable,,12,7.928848
i64,unrolledlut,unpredictable,,12,5.979618
i64,yy,unpredictable,,12,3.444712
i64,zmij_neon,unpredictable,,12,1.620888
i64,zmij_scalar,unpredictable,,12,3.561776
i64,amartin,unpredictable,,13,4.645187
i64,branchlut,unpredictable,,13,7.337252
i64,branchlut2,unpredictable,,13,5.524038
i64,count,unpredictable,,13,9.311080
i64,countlut,unpredictable,,13,5.964876
i64,fmt,unpredictable,,13,4.023432
i64,jeaiii,unpredictable,,13,5.218387
i64,lut,unpredictable,,13,10.255257
i64,mwilson,unpredictable,,13,10.548393
i64,naive,unpredictable,,13,12.190223
i64,null,unpredictable,,13,0.694513
i64,sprintf,unpredictable,,13,32.886267
i64,tmueller,unpredictable,,13,4.584989
i64,unnamed,unpredictable,,13,8.320728
i64,unrolledlut,unpredictable,,13,6.103039
i64,yy,unpredictable,,13,3.311436
i64,zmij_neon,unpredictable,,13,1.621126
i64,zmij_scalar,unpredictable,,13,3.568212
i64,amartin,unpredictable,,14,4.641056
i64,branchlut,unpredictable,,14,7.481497
i64,branchlut2,unpredictable,,14,5.457281
i64,count,unpredictable,,14,9.396195
i64,countlut,unpredictable,,14,6.062309
i64,fmt,unpredictable,,14,4.093765
i64,jeaiii,unpredictable,,14,5.682746
i64,lut,unpredictable,,14,10.636885
i64,mwilson,unpredictable,,14,11.071245
i64,naive,unpredictable,,14,12.665313
i64,null,unpredictable,,14,0.640074
i64,sprintf,unpredictable,,14,33.362865
i64,tmueller,unpredictable,,14,4.587689
i64,unnamed,unpredictable,,14,8.886496
i64,unrolledlut,unpredictable,,14,6.069502
i64,yy,unpredictable,,14,3.277897
i64,zmij_neon,unpredictable,,14,1.620731
i64,zmij_scalar,unpredictable,,14,3.563207
i64,amartin,unpredictable,,15,5.312681
i64,branchlut,unpredictable,,15,7.234732
i64,branchlut2,unpredictable,,15,5.665581
i64,count,unpredictable,,15,9.939710
i64,countlut,unpredictable,,15,6.348808
i64,fmt,unpredictable,,15,4.220684
i64,jeaiii,unpredictable,,15,6.089807
i64,lut,unpredictable,,15,10.957241
i64,mwilson,unpredictable,,15,11.680643
i64,naive,unpredictable,,15,13.182837
i64,null,unpredictable,,15,0.630697
i64,sprintf,unpredictable,,15,33.476749
i64,tmueller,unpredictable,,15,4.949927
i64,unnamed,unpredictable,,15,9.246189
i64,unrolledlut,unpredictable,,15,6.390730
i64,yy,unpredictable,,15,3.477375
i64,zmij_neon,unpredictable,,15,1.615484
i64,zmij_scalar,unpredictable,,15,3.562808
i64,amartin,unpredictable,,16,5.300838
i64,branchlut,unpredictable,,16,7.750193
i64,branchlut2,unpredictable,,16,5.824207
i64,count,unpredictable,,16,10.335088
i64,countlut,unpredictable,,16,6.675442
i64,fmt,unpredictable,,16,4.146933
i64,jeaiii,unpredictable,,16,5.840421
i64,lut,unpredictable,,16,11.389969
i64,mwilson,unpredictable,,16,12.407820
i64,naive,unpredictable,,16,13.733268
i64,null,unpredictable,,16,0.713188
i64,sprintf,unpredictable,,16,33.355156
i64,tmueller,unpredictable,,16,4.805684
i64,unnamed,unpredictable,,16,9.650627
i64,unrolledlut,unpredictable,,16,6.518841
i64,yy,unpredictable,,16,3.561775
i64,zmij_neon,unpredictable,,16,1.620731
i64,zmij_scalar,unpredictable,,16,3.559312
i64,amartin,unpredictable,,17,5.885204
i64,branchlut,unpredictable,,17,7.380566
i64,branchlut2,unpredictable,,17,6.944696
i64,count,unpredictable,,17,10.759154
i64,countlut,unpredictable,,17,6.895424
i64,fmt,unpredictable,,17,4.794081
i64,jeaiii,unpredictable,,17,6.399512
i64,lut,unpredictable,,17,11.817059
i64,mwilson,unpredictable,,17,13.225039
i64,naive,unpredictable,,17,14.228066
i64,null,unpredictable,,17,0.663519
i64,sprintf,unpredictable,,17,33.083359
i64,tmueller,unpredictable,,17,5.203366
i64,unnamed,unpredictable,,17,10.330835
i64,unrolledlut,unpredictable,,17,7.324774
i64,yy,unpredictable,,17,4.390596
i64,zmij_neon,unpredictable,,17,1.621923
i64,zmij_scalar,unpredictable,,17,3.562966
i64,amartin,unpredictable,,18,8.368013
i64,branchlut,unpredictable,,18,7.403931
i64,branchlut2,unpredictable,,18,6.993652
i64,count,unpredictable,,18,11.173287
i64,countlut,unpredictable,,18,7.113020
i64,fmt,unpredictable,,18,4.729628
i64,jeaiii,unpredictable,,18,8.258222
i64,lut,unpredictable,,18,12.437344
i64,mwilson,unpredictable,,18,13.826252
i64,naive,unpredictable,,18,14.768083
i64,null,unpredictable,,18,0.657003
i64,sprintf,unpredictable,,18,33.938328
i64,tmueller,unpredictable,,18,5.271394
i64,unnamed,unpredictable,,18,10.847488
i64,unrolledlut,unpredictable,,18,9.954771
i64,yy,unpredictable,,18,4.386227
i64,zmij_neon,unpredictable,,18,1.620970
i64,zmij_scalar,unpredictable,,18,3.575524
i64,amartin,unpredictable,,19,6.320793
i64,branchlut,unpredictable,,19,7.665634
i64,branchlut2,unpredictable,,19,7.567366
i64,count,unpredictable,,19,11.872172
i64,countlut,unpredictable,,19,7.730602
i64,fmt,unpredictable,,19,5.218386
i64,jeaiii,unpredictable,,19,7.216176
i64,lut,unpredictable,,19,13.207514
i64,mwilson,unpredictable,,19,14.845730
i64,naive,unpredictable,,19,15.601596
i64,null,unpredictable,,19,0.713587
i64,sprintf,unpredictable,,19,34.415802
i64,tmueller,unpredictable,,19,5.960822
i64,unnamed,unpredictable,,19,11.372646
i64,unrolledlut,unpredictable,,19,7.712919
i64,yy,unpredictable,,19,4.630606
i64,zmij_neon,unpredictable,,19,1.619221
i64,zmij_scalar,unpredictable,,19,3.517190
i64,amartin,admixture,5x6,0,2.036731
i64,branchlut,admixture,5x6,0,4.407525
i64,branchlut2,admixture,5x6,0,3.665249
i64,count,admixture,5x6,0,4.643639
i64,countlut,admixture,5x6,0,4.522602
i64,fmt,admixture,5x6,0,1.599153
i64,jeaiii,admixture,5x6,0,3.820579
i64,lut,admixture,5x6,0,5.612533
i64,mwilson,admixture,5x6,0,4.921039
i64,naive,admixture,5x6,0,5.809109
i64,null,admixture,5x6,0,0.691135
i64,sprintf,admixture,5x6,0,29.386679
i64,tmueller,admixture,5x6,0,1.846512
i64,unnamed,admixture,5x6,0,5.086780
i64,unrolledlut,admixture,5x6,0,4.434466
i64,yy,admixture,5x6,0,1.568953
i64,zmij_neon,admixture,5x6,0,1.615763
i64,zmij_scalar,admixture,5x6,0,3.521721
i64,amartin,admixture,5x6,10,2.024611
i64,branchlut,admixture,5x6,10,4.597664
i64,branchlut2,admixture,5x6,10,3.981073
i64,count,admixture,5x6,10,5.338550
i64,countlut,admixture,5x6,10,4.761179
i64,fmt,admixture,5x6,10,2.227902
i64,jeaiii,admixture,5x6,10,3.919601
i64,lut,admixture,5x6,10,5.907495
i64,mwilson,admixture,5x6,10,5.680402
i64,naive,admixture,5x6,10,6.491780
i64,null,admixture,5x6,10,0.651161
i64,sprintf,admixture,5x6,10,30.040701
i64,tmueller,admixture,5x6,10,2.352715
i64,unnamed,admixture,5x6,10,5.378525
i64,unrolledlut,admixture,5x6,10,4.526298
i64,yy,admixture,5x6,10,1.606384
i64,zmij_neon,admixture,5x6,10,1.616876
i64,zmij_scalar,admixture,5x6,10,3.512938
i64,amartin,admixture,5x6,20,2.065182
i64,branchlut,admixture,5x6,20,4.757603
i64,branchlut2,admixture,5x6,20,4.402122
i64,count,admixture,5x6,20,5.954862
i64,countlut,admixture,5x6,20,5.122821
i64,fmt,admixture,5x6,20,2.774994
i64,jeaiii,admixture,5x6,20,4.197200
i64,lut,admixture,5x6,20,6.364068
i64,mwilson,admixture,5x6,20,6.401101
i64,naive,admixture,5x6,20,7.011414
i64,null,admixture,5x6,20,0.651121
i64,sprintf,admixture,5x6,20,30.740936
i64,tmueller,admixture,5x6,20,2.627214
i64,unnamed,admixture,5x6,20,5.667289
i64,unrolledlut,admixture,5x6,20,4.808068
i64,yy,admixture,5x6,20,1.597444
i64,zmij_neon,admixture,5x6,20,1.614372
i64,zmij_scalar,admixture,5x6,20,3.520648
i64,amartin,admixture,5x6,30,2.060413
i64,branchlut,admixture,5x6,30,5.163033
i64,branchlut2,admixture,5x6,30,4.599293
i64,count,admixture,5x6,30,6.386599
i64,countlut,admixture,5x6,30,5.354921
i64,fmt,admixture,5x6,30,3.361344
i64,jeaiii,admixture,5x6,30,4.061818
i64,lut,admixture,5x6,30,6.892125
i64,mwilson,admixture,5x6,30,7.209420
i64,naive,admixture,5x6,30,7.558584
i64,null,admixture,5x6,30,0.666380
i64,sprintf,admixture,5x6,30,31.191668
i64,tmueller,admixture,5x6,30,3.099005
i64,unnamed,admixture,5x6,30,6.033818
i64,unrolledlut,admixture,5x6,30,5.219102
i64,yy,admixture,5x6,30,1.569390
i64,zmij_neon,admixture,5x6,30,1.616199
i64,zmij_scalar,admixture,5x6,30,3.528953
i64,amartin,admixture,5x6,40,2.077699
i64,branchlut,admixture,5x6,40,5.430737
i64,branchlut2,admixture,5x6,40,5.226533
i64,count,admixture,5x6,40,7.094422
i64,countlut,admixture,5x6,40,5.602757
i64,fmt,admixture,5x6,40,3.928741
i64,jeaiii,admixture,5x6,40,4.584631
i64,lut,admixture,5x6,40,7.506172
i64,mwilson,admixture,5x6,40,8.171797
i64,naive,admixture,5x6,40,8.278091
i64,null,admixture,5x6,40,0.686565
i64,sprintf,admixture,5x6,40,32.189012
i64,tmueller,admixture,5x6,40,3.619869
i64,unnamed,admixture,5x6,40,6.084283
i64,unrolledlut,admixture,5x6,40,5.673845
i64,yy,admixture,5x6,40,1.579602
i64,zmij_neon,admixture,5x6,40,1.615961
i64,zmij_scalar,admixture,5x6,40,3.532608
i64,amartin,admixture,5x6,50,2.040863
i64,branchlut,admixture,5x6,50,5.773982
i64,branchlut2,admixture,5x6,50,5.308747
i64,count,admixture,5x6,50,7.418275
i64,countlut,admixture,5x6,50,5.940676
i64,fmt,admixture,5x6,50,4.224578
i64,jeaiii,admixture,5x6,50,4.954894
i64,lut,admixture,5x6,50,7.841388
i64,mwilson,admixture,5x6,50,8.523305
i64,naive,admixture,5x6,50,8.754293
i64,null,admixture,5x6,50,0.672936
i64,sprintf,admixture,5x6,50,32.725692
i64,tmueller,admixture,5x6,50,3.737807
i64,unnamed,admixture,5x6,50,6.723404
i64,unrolledlut,admixture,5x6,50,5.891721
i64,yy,admixture,5x6,50,1.596888
i64,zmij_neon,admixture,5x6,50,1.613219
i64,zmij_scalar,admixture,5x6,50,3.506938
i64,amartin,admixture,5x6,60,2.070665
i64,branchlut,admixture,5x6,60,5.137722
i64,branchlut2,admixture,5x6,60,5.215764
i64,count,admixture,5x6,60,7.017891
i64,countlut,admixture,5x6,60,5.387743
i64,fmt,admixture,5x6,60,3.799796
i64,jeaiii,admixture,5x6,60,4.821102
i64,lut,admixture,5x6,60,7.535219
i64,mwilson,admixture,5x6,60,7.853627
i64,naive,admixture,5x6,60,8.183439
i64,null,admixture,5x6,60,0.675957
i64,sprintf,admixture,5x6,60,32.396674
i64,tmueller,admixture,5x6,60,3.488342
i64,unnamed,admixture,5x6,60,6.442587
i64,unrolledlut,admixture,5x6,60,5.672614
i64,yy,admixture,5x6,60,1.589457
i64,zmij_neon,admixture,5x6,60,1.618862
i64,zmij_scalar,admixture,5x6,60,3.517787
i64,amartin,admixture,5x6,70,2.035856
i64,branchlut,admixture,5x6,70,5.037586
i64,branchlut2,admixture,5x6,70,4.832189
i64,count,admixture,5x6,70,6.303748
i64,countlut,admixture,5x6,70,5.129337
i64,fmt,admixture,5x6,70,3.345926
i64,jeaiii,admixture,5x6,70,4.450718
i64,lut,admixture,5x6,70,6.819209
i64,mwilson,admixture,5x6,70,6.954551
i64,naive,admixture,5x6,70,7.407864
i64,null,admixture,5x6,70,0.686129
i64,sprintf,admixture,5x6,70,31.457663
i64,tmueller,admixture,5x6,70,3.126065
i64,unnamed,admixture,5x6,70,6.044427
i64,unrolledlut,admixture,5x6,70,5.358855
i64,yy,admixture,5x6,70,1.590490
i64,zmij_neon,admixture,5x6,70,1.616160
i64,zmij_scalar,admixture,5x6,70,3.541231
i64,amartin,admixture,5x6,80,2.045115
i64,branchlut,admixture,5x6,80,4.809578
i64,branchlut2,admixture,5x6,80,4.117688
i64,count,admixture,5x6,80,5.749385
i64,countlut,admixture,5x6,80,4.720290
i64,fmt,admixture,5x6,80,2.753258
i64,jeaiii,admixture,5x6,80,3.888329
i64,lut,admixture,5x6,80,6.229162
i64,mwilson,admixture,5x6,80,6.021936
i64,naive,admixture,5x6,80,6.618062
i64,null,admixture,5x6,80,0.668566
i64,sprintf,admixture,5x6,80,30.788699
i64,tmueller,admixture,5x6,80,2.698461
i64,unnamed,admixture,5x6,80,5.454938
i64,unrolledlut,admixture,5x6,80,5.086541
i64,yy,admixture,5x6,80,1.565297
i64,zmij_neon,admixture,5x6,80,1.614491
i64,zmij_scalar,admixture,5x6,80,3.516753
i64,amartin,admixture,5x6,90,2.030890
i64,branchlut,admixture,5x6,90,4.477620
i64,branchlut2,admixture,5x6,90,4.076918
i64,count,admixture,5x6,90,5.095959
i64,countlut,admixture,5x6,90,4.481594
i64,fmt,admixture,5x6,90,2.233505
i64,jeaiii,admixture,5x6,90,3.690521
i64,lut,admixture,5x6,90,5.490105
i64,mwilson,admixture,5x6,90,5.172491
i64,naive,admixture,5x6,90,5.945206
i64,null,admixture,5x6,90,0.682275
i64,sprintf,admixture,5x6,90,29.959519
i64,tmueller,admixture,5x6,90,2.182405
i64,unnamed,admixture,5x6,90,5.181829
i64,unrolledlut,admixture,5x6,90,4.850745
i64,yy,admixture,5x6,90,1.581430
i64,zmij_neon,admixture,5x6,90,1.615922
i64,zmij_scalar,admixture,5x6,90,3.528237
i64,amartin,admixture,5x6,100,2.068439
i64,branchlut,admixture,5x6,100,4.318118
i64,branchlut2,admixture,5x6,100,3.614227
i64,count,admixture,5x6,100,4.225096
i64,countlut,admixture,5x6,100,4.278819
i64,fmt,admixture,5x6,100,1.625498
i64,jeaiii,admixture,5x6,100,3.627300
i64,lut,admixture,5x6,100,5.052526
i64,mwilson,admixture,5x6,100,4.412889
i64,naive,admixture,5x6,100,5.412023
i64,null,admixture,5x6,100,0.682275
i64,sprintf,admixture,5x6,100,28.940240
i64,tmueller,admixture,5x6,100,1.550357
i64,unnamed,admixture,5x6,100,4.812121
i64,unrolledlut,admixture,5x6,100,4.680554
i64,yy,admixture,5x6,100,1.595935
i64,zmij_neon,admixture,5x6,100,1.616120
i64,zmij_scalar,admixture,5x6,100,3.517628
u128,fmt,bylength,,1,2.662182
u128,naive,bylength,,1,1.615047
u128,null,bylength,,1,0.679771
u128,zmij_neon,bylength,,1,1.958847
u128,zmij_scalar,bylength,,1,3.384749
u128,fmt,bylength,,2,2.776583
u128,naive,bylength,,2,2.790451
u128,null,bylength,,2,0.692606
u128,zmij_neon,bylength,,2,1.954357
u128,zmij_scalar,bylength,,2,3.385743
u128,fmt,bylength,,3,2.951661
u128,naive,bylength,,3,4.622976
u128,null,bylength,,3,0.669639
u128,zmij_neon,bylength,,3,1.954992
u128,zmij_scalar,bylength,,3,3.381689
u128,fmt,bylength,,4,3.003716
u128,naive,bylength,,4,6.926656
u128,null,bylength,,4,0.682871
u128,zmij_neon,bylength,,4,1.966476
u128,zmij_scalar,bylength,,4,3.386974
u128,fmt,bylength,,5,3.233274
u128,naive,bylength,,5,9.453535
u128,null,bylength,,5,0.692645
u128,zmij_neon,bylength,,5,1.964172
u128,zmij_scalar,bylength,,5,3.390829
u128,fmt,bylength,,6,3.234586
u128,naive,bylength,,6,12.370150
u128,null,bylength,,6,0.671983
u128,zmij_neon,bylength,,6,1.964013
u128,zmij_scalar,bylength,,6,3.387809
u128,fmt,bylength,,7,3.467202
u128,naive,bylength,,7,15.366515
u128,null,bylength,,7,0.680843
u128,zmij_neon,bylength,,7,1.959562
u128,zmij_scalar,bylength,,7,3.382722
u128,fmt,bylength,,8,3.464023
u128,naive,bylength,,8,18.572886
u128,null,bylength,,8,0.676195
u128,zmij_neon,bylength,,8,1.960118
u128,zmij_scalar,bylength,,8,3.385742
u128,fmt,bylength,,9,3.695925
u128,naive,bylength,,9,21.917780
u128,null,bylength,,9,0.651161
u128,zmij_neon,bylength,,9,1.966596
u128,zmij_scalar,bylength,,9,3.379822
u128,fmt,bylength,,10,3.963232
u128,naive,bylength,,10,25.225082
u128,null,bylength,,10,0.651201
u128,zmij_neon,bylength,,10,1.949032
u128,zmij_scalar,bylength,,10,3.387014
u128,fmt,bylength,,11,3.931561
u128,naive,bylength,,11,28.979301
u128,null,bylength,,11,0.663956
u128,zmij_neon,bylength,,11,1.956065
u128,zmij_scalar,bylength,,11,3.384152
u128,fmt,bylength,,12,4.211227
u128,naive,bylength,,12,32.665253
u128,null,bylength,,12,0.683546
u128,zmij_neon,bylength,,12,1.961231
u128,zmij_scalar,bylength,,12,3.376046
u128,fmt,bylength,,13,4.225692
u128,naive,bylength,,13,36.376238
u128,null,bylength,,13,0.680566
u128,zmij_neon,bylength,,13,1.960278
u128,zmij_scalar,bylength,,13,3.374219
u128,fmt,bylength,,14,4.406571
u128,naive,bylength,,14,40.094733
u128,null,bylength,,14,0.668446
u128,zmij_neon,bylength,,14,1.950741
u128,zmij_scalar,bylength,,14,3.391345
u128,fmt,bylength,,15,4.656157
u128,naive,bylength,,15,44.166764
u128,null,bylength,,15,0.651161
u128,zmij_neon,bylength,,15,1.952806
u128,zmij_scalar,bylength,,15,3.374696
u128,fmt,bylength,,16,4.746835
u128,naive,bylength,,16,47.765812
u128,null,bylength,,16,0.672619
u128,zmij_neon,bylength,,16,1.937072
u128,zmij_scalar,bylength,,16,3.378710
u128,fmt,bylength,,17,5.110422
u128,naive,bylength,,17,51.547527
u128,null,bylength,,17,0.651161
u128,zmij_neon,bylength,,17,1.943469
u128,zmij_scalar,bylength,,17,3.394564
u128,fmt,bylength,,18,5.109270
u128,naive,bylength,,18,55.400531
u128,null,bylength,,18,0.656009
u128,zmij_neon,bylength,,18,1.959085
u128,zmij_scalar,bylength,,18,3.386259
u128,fmt,bylength,,19,5.527735
u128,naive,bylength,,19,59.107740
u128,null,bylength,,19,0.651041
u128,zmij_neon,bylength,,19,1.959403
u128,zmij_scalar,bylength,,19,3.391266
u128,fmt,bylength,,20,13.057549
u128,naive,bylength,,20,63.167691
u128,null,bylength,,20,0.677268
u128,zmij_neon,bylength,,20,2.931595
u128,zmij_scalar,bylength,,20,8.222978
u128,fmt,bylength,,21,13.443431
u128,naive,bylength,,21,66.927433
u128,null,bylength,,21,0.651161
u128,zmij_neon,bylength,,21,2.531528
u128,zmij_scalar,bylength,,21,8.286555
u128,fmt,bylength,,22,13.834238
u128,naive,bylength,,22,70.925553
u128,null,bylength,,22,0.662724
u128,zmij_neon,bylength,,22,2.545039
u128,zmij_scalar,bylength,,22,8.271615
u128,fmt,bylength,,23,13.834557
u128,naive,bylength,,23,74.573398
u128,null,bylength,,23,0.681877
u128,zmij_neon,bylength,,23,2.527038
u128,zmij_scalar,bylength,,23,8.302490
u128,fmt,bylength,,24,14.187057
u128,naive,bylength,,24,78.417579
u128,null,bylength,,24,0.676353
u128,zmij_neon,bylength,,24,2.548535
u128,zmij_scalar,bylength,,24,8.279880
u128,fmt,bylength,,25,14.226994
u128,naive,bylength,,25,82.495610
u128,null,bylength,,25,0.655611
u128,zmij_neon,bylength,,25,2.555410
u128,zmij_scalar,bylength,,25,8.332053
u128,fmt,bylength,,26,14.664213
u128,naive,bylength,,26,86.209337
u128,null,bylength,,26,0.653903
u128,zmij_neon,bylength,,26,2.546231
u128,zmij_scalar,bylength,,26,8.343419
u128,fmt,bylength,,27,14.737208
u128,naive,bylength,,27,90.012550
u128,null,bylength,,27,0.666658
u128,zmij_neon,bylength,,27,2.546946
u128,zmij_scalar,bylength,,27,8.390347
u128,fmt,bylength,,28,16.684214
u128,naive,bylength,,28,93.600431
u128,null,bylength,,28,0.658313
u128,zmij_neon,bylength,,28,2.539794
u128,zmij_scalar,bylength,,28,8.352280
u128,fmt,bylength,,29,21.705747
u128,naive,bylength,,29,97.789764
u128,null,bylength,,29,0.663996
u128,zmij_neon,bylength,,29,2.534786
u128,zmij_scalar,bylength,,29,8.345842
u128,fmt,bylength,,30,22.329926
u128,naive,bylength,,30,101.240396
u128,null,bylength,,30,0.671546
u128,zmij_neon,bylength,,30,2.543530
u128,zmij_scalar,bylength,,30,8.344333
u128,fmt,bylength,,31,22.457004
u128,naive,bylength,,31,105.225047
u128,null,bylength,,31,0.660935
u128,zmij_neon,bylength,,31,2.541622
u128,zmij_scalar,bylength,,31,8.364161
u128,fmt,bylength,,32,22.831598
u128,naive,bylength,,32,109.086672
u128,null,bylength,,32,0.651201
u128,zmij_neon,bylength,,32,2.541701
u128,zmij_scalar,bylength,,32,8.306265
u128,fmt,bylength,,33,22.922357
u128,naive,bylength,,33,113.075773
u128,null,bylength,,33,0.656843
u128,zmij_neon,bylength,,33,3.454368
u128,zmij_scalar,bylength,,33,10.060230
u128,fmt,bylength,,34,23.266792
u128,naive,bylength,,34,117.337744
u128,null,bylength,,34,0.683427
u128,zmij_neon,bylength,,34,3.477057
u128,zmij_scalar,bylength,,34,10.145585
u128,fmt,bylength,,35,23.411671
u128,naive,bylength,,35,121.188720
u128,null,bylength,,35,0.658552
u128,zmij_neon,bylength,,35,3.464738
u128,zmij_scalar,bylength,,35,10.031302
u128,fmt,bylength,,36,23.920815
u128,naive,bylength,,36,124.972582
u128,null,bylength,,36,0.651240
u128,zmij_neon,bylength,,36,3.457427
u128,zmij_scalar,bylength,,36,10.052283
u128,fmt,bylength,,37,24.051984
u128,naive,bylength,,37,128.396194
u128,null,bylength,,37,0.672659
u128,zmij_neon,bylength,,37,3.470142
u128,zmij_scalar,bylength,,37,10.068615
u128,fmt,bylength,,38,24.929841
u128,naive,bylength,,38,131.656726
u128,null,bylength,,38,0.667810
u128,zmij_neon,bylength,,38,3.457308
u128,zmij_scalar,bylength,,38,10.019541
u128,fmt,bylength,,39,30.224522
u128,naive,bylength,,39,135.819316
u128,null,bylength,,39,0.651121
u128,zmij_neon,bylength,,39,3.461163
u128,zmij_scalar,bylength,,39,10.026773
u128,fmt,loguniform,1-39,39,21.632509
u128,naive,loguniform,1-39,39,79.637101
u128,null,loguniform,1-39,39,0.651161
u128,zmij_neon,loguniform,1-39,39,5.573640
u128,zmij_scalar,loguniform,1-39,39,9.279371
u128,fmt,loguniform,1-4,4,6.106734
u128,naive,loguniform,1-4,4,8.254647
u128,null,loguniform,1-4,4,0.689784
u128,zmij_neon,loguniform,1-4,4,1.966636
u128,zmij_scalar,loguniform,1-4,4,3.383716
u128,fmt,uniform,0-255,0,4.584352
u128,naive,uniform,0-255,0,6.355445
u128,null,uniform,0-255,0,0.666578
u128,toy256,uniform,0-255,0,0.685930
u128,zmij_neon,uniform,0-255,0,1.962900
u128,zmij_scalar,uniform,0-255,0,3.383597
u128,fmt,unpredictable,,1,4.437883
u128,naive,unpredictable,,1,4.557054
u128,null,unpredictable,,1,0.648339
u128,zmij_neon,unpredictable,,1,2.464017
u128,zmij_scalar,unpredictable,,1,3.414274
u128,fmt,unpredictable,,2,4.586498
u128,naive,unpredictable,,2,6.319125
u128,null,unpredictable,,2,0.694512
u128,zmij_neon,unpredictable,,2,2.434928
u128,zmij_scalar,unpredictable,,2,3.390036
u128,fmt,unpredictable,,3,4.143120
u128,naive,unpredictable,,3,9.227515
u128,null,unpredictable,,3,0.668288
u128,zmij_neon,unpredictable,,3,2.464969
u128,zmij_scalar,unpredictable,,3,3.361582
u128,fmt,unpredictable,,4,4.348238
u128,naive,unpredictable,,4,11.639832
u128,null,unpredictable,,4,0.648181
u128,zmij_neon,unpredictable,,4,2.452809
u128,zmij_scalar,unpredictable,,4,3.379623
u128,fmt,unpredictable,,5,4.479210
u128,naive,unpredictable,,5,13.816833
u128,null,unpredictable,,5,0.690063
u128,zmij_neon,unpredictable,,5,2.442239
u128,zmij_scalar,unpredictable,,5,3.438433
u128,fmt,unpredictable,,6,4.563133
u128,naive,unpredictable,,6,17.363868
u128,null,unpredictable,,6,0.699679
u128,zmij_neon,unpredictable,,6,2.335507
u128,zmij_scalar,unpredictable,,6,3.423332
u128,fmt,unpredictable,,7,4.708649
u128,naive,unpredictable,,7,19.447406
u128,null,unpredictable,,7,0.666936
u128,zmij_neon,unpredictable,,7,2.508044
u128,zmij_scalar,unpredictable,,7,3.409426
u128,fmt,unpredictable,,8,4.628141
u128,naive,unpredictable,,8,22.522767
u128,null,unpredictable,,8,0.667493
u128,zmij_neon,unpredictable,,8,2.394000
u128,zmij_scalar,unpredictable,,8,3.410221
u128,fmt,unpredictable,,9,4.593094
u128,naive,unpredictable,,9,25.664886
u128,null,unpredictable,,9,0.652631
u128,zmij_neon,unpredictable,,9,2.341626
u128,zmij_scalar,unpredictable,,9,3.384232
u128,fmt,unpredictable,,10,4.697840
u128,naive,unpredictable,,10,28.802793
u128,null,unpredictable,,10,0.648179
u128,zmij_neon,unpredictable,,10,2.384225
u128,zmij_scalar,unpredictable,,10,3.420631
u128,fmt,unpredictable,,11,4.795115
u128,naive,unpredictable,,11,32.158296
u128,null,unpredictable,,11,0.699361
u128,zmij_neon,unpredictable,,11,2.415219
u128,zmij_scalar,unpredictable,,11,3.365238
u128,fmt,unpredictable,,12,5.121748
u128,naive,unpredictable,,12,35.036643
u128,null,unpredictable,,12,0.648578
u128,zmij_neon,unpredictable,,12,2.421895
u128,zmij_scalar,unpredictable,,12,3.420553
u128,fmt,unpredictable,,13,5.140821
u128,naive,unpredictable,,13,38.648128
u128,null,unpredictable,,13,0.669082
u128,zmij_neon,unpredictable,,13,2.412198
u128,zmij_scalar,unpredictable,,13,3.414829
u128,fmt,unpredictable,,14,5.190571
u128,naive,unpredictable,,14,42.136670
u128,null,unpredictable,,14,0.648259
u128,zmij_neon,unpredictable,,14,2.355296
u128,zmij_scalar,unpredictable,,14,3.409584
u128,fmt,unpredictable,,15,5.497812
u128,naive,unpredictable,,15,45.514504
u128,null,unpredictable,,15,0.648101
u128,zmij_neon,unpredictable,,15,2.428491
u128,zmij_scalar,unpredictable,,15,3.417452
u128,fmt,unpredictable,,16,5.471428
u128,naive,unpredictable,,16,49.024026
u128,null,unpredictable,,16,0.653903
u128,zmij_neon,unpredictable,,16,2.500018
u128,zmij_scalar,unpredictable,,16,3.428499
u128,fmt,unpredictable,,17,5.756498
u128,naive,unpredictable,,17,52.446841
u128,null,unpredictable,,17,0.692447
u128,zmij_neon,unpredictable,,17,2.422133
u128,zmij_scalar,unpredictable,,17,3.389318
u128,fmt,unpredictable,,18,5.750774
u128,naive,unpredictable,,18,56.728442
u128,null,unpredictable,,18,0.648261
u128,zmij_neon,unpredictable,,18,2.498982
u128,zmij_scalar,unpredictable,,18,3.394325
u128,fmt,unpredictable,,19,6.208937
u128,naive,unpredictable,,19,59.876760
u128,null,unpredictable,,19,0.653981
u128,zmij_neon,unpredictable,,19,2.488175
u128,zmij_scalar,unpredictable,,19,3.354033
u128,fmt,unpredictable,,20,14.510353
u128,naive,unpredictable,,20,63.596726
u128,null,unpredictable,,20,0.653981
u128,zmij_neon,unpredictable,,20,3.503917
u128,zmij_scalar,unpredictable,,20,8.148632
u128,fmt,unpredictable,,21,14.681698
u128,naive,unpredictable,,21,67.949216
u128,null,unpredictable,,21,0.665187
u128,zmij_neon,unpredictable,,21,3.074128
u128,zmij_scalar,unpredictable,,21,8.337936
u128,fmt,unpredictable,,22,14.851530
u128,naive,unpredictable,,22,71.119706
u128,null,unpredictable,,22,0.705482
u128,zmij_neon,unpredictable,,22,3.036300
u128,zmij_scalar,unpredictable,,22,8.237799
u128,fmt,unpredictable,,23,14.758389
u128,naive,unpredictable,,23,74.290515
u128,null,unpredictable,,23,0.686009
u128,zmij_neon,unpredictable,,23,3.049094
u128,zmij_scalar,unpredictable,,23,8.264183
u128,fmt,unpredictable,,24,14.869253
u128,naive,unpredictable,,24,78.644673
u128,null,unpredictable,,24,0.671466
u128,zmij_neon,unpredictable,,24,3.008801
u128,zmij_scalar,unpredictable,,24,8.299391
u128,fmt,unpredictable,,25,14.998318
u128,naive,unpredictable,,25,82.455794
u128,null,unpredictable,,25,0.649611
u128,zmij_neon,unpredictable,,25,3.048856
u128,zmij_scalar,unpredictable,,25,8.298834
u128,fmt,unpredictable,,26,15.111090
u128,naive,unpredictable,,26,85.839353
u128,null,unpredictable,,26,0.679811
u128,zmij_neon,unpredictable,,26,3.014049
u128,zmij_scalar,unpredictable,,26,8.300026
u128,fmt,unpredictable,,27,15.788118
u128,naive,unpredictable,,27,90.150914
u128,null,unpredictable,,27,0.648339
u128,zmij_neon,unpredictable,,27,3.054261
u128,zmij_scalar,unpredictable,,27,8.358995
u128,fmt,unpredictable,,28,17.826279
u128,naive,unpredictable,,28,93.696912
u128,null,unpredictable,,28,0.698804
u128,zmij_neon,unpredictable,,28,3.008166
u128,zmij_scalar,unpredictable,,28,8.291365
u128,fmt,unpredictable,,29,22.786499
u128,naive,unpredictable,,29,97.076257
u128,null,unpredictable,,29,0.648419
u128,zmij_neon,unpredictable,,29,3.029943
u128,zmij_scalar,unpredictable,,29,8.308849
u128,fmt,unpredictable,,30,23.246090
u128,naive,unpredictable,,30,100.363256
u128,null,unpredictable,,30,0.676154
u128,zmij_neon,unpredictable,,30,3.046313
u128,zmij_scalar,unpredictable,,30,8.360584
u128,fmt,unpredictable,,31,23.491581
u128,naive,unpredictable,,31,104.879777
u128,null,unpredictable,,31,0.674167
u128,zmij_neon,unpredictable,,31,2.973754
u128,zmij_scalar,unpredictable,,31,8.384346
u128,fmt,unpredictable,,32,23.621838
u128,naive,unpredictable,,32,108.800412
u128,null,unpredictable,,32,0.648339
u128,zmij_neon,unpredictable,,32,3.164411
u128,zmij_scalar,unpredictable,,32,8.314411
u128,fmt,unpredictable,,33,23.599981
u128,naive,unpredictable,,33,112.621783
u128,null,unpredictable,,33,0.662883
u128,zmij_neon,unpredictable,,33,4.965186
u128,zmij_scalar,unpredictable,,33,10.853888
u128,fmt,unpredictable,,34,23.783724
u128,naive,unpredictable,,34,116.178115
u128,null,unpredictable,,34,0.651280
u128,zmij_neon,unpredictable,,34,4.977424
u128,zmij_scalar,unpredictable,,34,10.688505
u128,fmt,unpredictable,,35,23.777445
u128,naive,unpredictable,,35,119.777043
u128,null,unpredictable,,35,0.648339
u128,zmij_neon,unpredictable,,35,4.951755
u128,zmij_scalar,unpredictable,,35,10.312597
u128,fmt,unpredictable,,36,24.019838
u128,naive,unpredictable,,36,123.227359
u128,null,unpredictable,,36,0.648259
u128,zmij_neon,unpredictable,,36,4.909554
u128,zmij_scalar,unpredictable,,36,10.376970
u128,fmt,unpredictable,,37,24.336298
u128,naive,unpredictable,,37,128.672362
u128,null,unpredictable,,37,0.690221
u128,zmij_neon,unpredictable,,37,4.841367
u128,zmij_scalar,unpredictable,,37,10.678570
u128,fmt,unpredictable,,38,25.257788
u128,naive,unpredictable,,38,132.259448
u128,null,unpredictable,,38,0.653983
u128,zmij_neon,unpredictable,,38,4.897714
u128,zmij_scalar,unpredictable,,38,10.544102
u128,fmt,unpredictable,,39,33.476234
u128,naive,unpredictable,,39,135.685842
u128,null,unpredictable,,39,0.648179
u128,zmij_neon,unpredictable,,39,4.922668
u128,zmij_scalar,unpredictable,,39,10.454933
u128,fmt,admixture,5x6,0,3.231287
u128,naive,admixture,5x6,0,12.266556
u128,null,admixture,5x6,0,0.672023
u128,zmij_neon,admixture,5x6,0,1.956423
u128,zmij_scalar,admixture,5x6,0,3.387412
u128,fmt,admixture,5x6,10,3.809094
u128,naive,admixture,5x6,10,13.152917
u128,null,admixture,5x6,10,0.684659
u128,zmij_neon,admixture,5x6,10,1.962979
u128,zmij_scalar,admixture,5x6,10,3.382643
u128,fmt,admixture,5x6,20,4.418175
u128,naive,admixture,5x6,20,14.181097
u128,null,admixture,5x6,20,0.674765
u128,zmij_neon,admixture,5x6,20,1.957497
u128,zmij_scalar,admixture,5x6,20,3.386180
u128,fmt,admixture,5x6,30,5.057693
u128,naive,admixture,5x6,30,15.125711
u128,null,admixture,5x6,30,0.660340
u128,zmij_neon,admixture,5x6,30,1.966834
u128,zmij_scalar,admixture,5x6,30,3.377358
u128,fmt,admixture,5x6,40,5.721131
u128,naive,admixture,5x6,40,16.191006
u128,null,admixture,5x6,40,0.679691
u128,zmij_neon,admixture,5x6,40,1.965404
u128,zmij_scalar,admixture,5x6,40,3.372073
u128,fmt,admixture,5x6,50,6.032467
u128,naive,admixture,5x6,50,16.521096
u128,null,admixture,5x6,50,0.684698
u128,zmij_neon,admixture,5x6,50,1.968582
u128,zmij_scalar,admixture,5x6,50,3.384988
u128,fmt,admixture,5x6,60,5.720058
u128,naive,admixture,5x6,60,15.198708
u128,null,admixture,5x6,60,0.665188
u128,zmij_neon,admixture,5x6,60,1.950264
u128,zmij_scalar,admixture,5x6,60,3.383994
u128,fmt,admixture,5x6,70,5.014340
u128,naive,admixture,5x6,70,13.469855
u128,null,admixture,5x6,70,0.674804
u128,zmij_neon,admixture,5x6,70,1.959960
u128,zmij_scalar,admixture,5x6,70,3.383636
u128,fmt,admixture,5x6,80,4.379749
u128,naive,admixture,5x6,80,12.073001
u128,null,admixture,5x6,80,0.680447
u128,zmij_neon,admixture,5x6,80,1.965880
u128,zmij_scalar,admixture,5x6,80,3.388126
u128,fmt,admixture,5x6,90,3.809690
u128,naive,admixture,5x6,90,10.766228
u128,null,admixture,5x6,90,0.651042
u128,zmij_neon,admixture,5x6,90,1.967986
u128,zmij_scalar,admixture,5x6,90,3.373344
u128,fmt,admixture,5x6,100,3.230889
u128,naive,admixture,5x6,100,9.374301
u128,null,admixture,5x6,100,0.679532
u128,zmij_neon,admixture,5x6,100,1.970490
u128,zmij_scalar,admixture,5x6,100,3.378272
u128,fmt,admixture,straddle64,0,16.171893
u128,naive,admixture,straddle64,0,76.403419
u128,null,admixture,straddle64,0,0.665545
u128,zmij_neon,admixture,straddle64,0,2.542257
u128,zmij_scalar,admixture,straddle64,0,8.262794
u128,fmt,admixture,straddle64,10,16.262690
u128,naive,admixture,straddle64,10,76.482018
u128,null,admixture,straddle64,10,0.651121
u128,zmij_neon,admixture,straddle64,10,2.931317
u128,zmij_scalar,admixture,straddle64,10,8.198936
u128,fmt,admixture,straddle64,20,16.116738
u128,naive,admixture,straddle64,20,76.508919
u128,null,admixture,straddle64,20,0.660260
u128,zmij_neon,admixture,straddle64,20,3.300865
u128,zmij_scalar,admixture,straddle64,20,8.184910
u128,fmt,admixture,straddle64,30,16.283791
u128,naive,admixture,straddle64,30,76.571663
u128,null,admixture,straddle64,30,0.651161
u128,zmij_neon,admixture,straddle64,30,3.649076
u128,zmij_scalar,admixture,straddle64,30,8.241773
u128,fmt,admixture,straddle64,40,16.305129
u128,naive,admixture,straddle64,40,76.923847
u128,null,admixture,straddle64,40,0.666817
u128,zmij_neon,admixture,straddle64,40,4.157265
u128,zmij_scalar,admixture,straddle64,40,8.432508
u128,fmt,admixture,straddle64,50,16.217312
u128,naive,admixture,straddle64,50,76.920867
u128,null,admixture,straddle64,50,0.657877
u128,zmij_neon,admixture,straddle64,50,4.493992
u128,zmij_scalar,admixture,straddle64,50,8.322994
u128,fmt,admixture,straddle64,60,15.438834
u128,naive,admixture,straddle64,60,76.426427
u128,null,admixture,straddle64,60,0.660340
u128,zmij_neon,admixture,straddle64,60,4.080495
u128,zmij_scalar,admixture,straddle64,60,7.437030
u128,fmt,admixture,straddle64,70,14.597733
u128,naive,admixture,straddle64,70,74.591239
u128,null,admixture,straddle64,70,0.651082
u128,zmij_neon,admixture,straddle64,70,3.329992
u128,zmij_scalar,admixture,straddle64,70,6.373882
u128,fmt,admixture,straddle64,80,13.595620
u128,naive,admixture,straddle64,80,72.123130
u128,null,admixture,straddle64,80,0.651081
u128,zmij_neon,admixture,straddle64,80,2.916654
u128,zmij_scalar,admixture,straddle64,80,5.333344
u128,fmt,admixture,straddle64,90,12.524287
u128,naive,admixture,straddle64,90,70.646922
u128,null,admixture,straddle64,90,0.664393
u128,zmij_neon,admixture,straddle64,90,2.413392
u128,zmij_scalar,admixture,straddle64,90,4.327695
u128,fmt,admixture,straddle64,100,11.762539
u128,naive,admixture,straddle64,100,68.475206
u128,null,admixture,straddle64,100,0.666578
u128,zmij_neon,admixture,straddle64,100,1.960834
u128,zmij_scalar,admixture,straddle64,100,3.379742
u128,fmt,admixture,straddle1e32,0,23.969094
u128,naive,admixture,straddle1e32,0,117.298205
u128,null,admixture,straddle1e32,0,0.651082
u128,zmij_neon,admixture,straddle1e32,0,3.460208
u128,zmij_scalar,admixture,straddle1e32,0,9.932518
u128,fmt,admixture,straddle1e32,10,25.057951
u128,naive,admixture,straddle1e32,10,117.879231
u128,null,admixture,straddle1e32,10,0.666222
u128,zmij_neon,admixture,straddle1e32,10,4.113118
u128,zmij_scalar,admixture,straddle1e32,10,10.142486
u128,fmt,admixture,straddle1e32,20,25.716980
u128,naive,admixture,straddle1e32,20,118.575811
u128,null,admixture,straddle1e32,20,0.659187
u128,zmij_neon,admixture,straddle1e32,20,4.724145
u128,zmij_scalar,admixture,straddle1e32,20,10.301431
u128,fmt,admixture,straddle1e32,30,26.563684
u128,naive,admixture,straddle1e32,30,119.331956
u128,null,admixture,straddle1e32,30,0.651042
u128,zmij_neon,admixture,straddle1e32,30,5.306800
u128,zmij_scalar,admixture,straddle1e32,30,10.560552
u128,fmt,admixture,straddle1e32,40,27.243733
u128,naive,admixture,straddle1e32,40,120.201309
u128,null,admixture,straddle1e32,40,0.662843
u128,zmij_neon,admixture,straddle1e32,40,5.980333
u128,zmij_scalar,admixture,straddle1e32,40,10.825237
u128,fmt,admixture,straddle1e32,50,27.578315
u128,naive,admixture,straddle1e32,50,120.262384
u128,null,admixture,straddle1e32,50,0.651081
u128,zmij_neon,admixture,straddle1e32,50,6.249587
u128,zmij_scalar,admixture,straddle1e32,50,10.892470
u128,fmt,admixture,straddle1e32,60,26.906610
u128,naive,admixture,straddle1e32,60,117.327492
u128,null,admixture,straddle1e32,60,0.651081
u128,zmij_neon,admixture,straddle1e32,60,5.764048
u128,zmij_scalar,admixture,straddle1e32,60,10.378440
u128,fmt,admixture,straddle1e32,70,25.974631
u128,naive,admixture,straddle1e32,70,114.953160
u128,null,admixture,straddle1e32,70,0.651121
u128,zmij_neon,admixture,straddle1e32,70,5.019626
u128,zmij_scalar,admixture,straddle1e32,70,9.772976
u128,fmt,admixture,straddle1e32,80,25.103092
u128,naive,admixture,straddle1e32,80,112.926841
u128,null,admixture,straddle1e32,80,0.651082
u128,zmij_neon,admixture,straddle1e32,80,4.158497
u128,zmij_scalar,admixture,straddle1e32,80,9.332578
u128,fmt,admixture,straddle1e32,90,24.270217
u128,naive,admixture,straddle1e32,90,111.047626
u128,null,admixture,straddle1e32,90,0.651081
u128,zmij_neon,admixture,straddle1e32,90,3.375968
u128,zmij_scalar,admixture,straddle1e32,90,8.745670
u128,fmt,admixture,straddle1e32,100,23.304939
u128,naive,admixture,straddle1e32,100,108.924468
u128,null,admixture,straddle1e32,100,0.662644
u128,zmij_neon,admixture,straddle1e32,100,2.548179
u128,zmij_scalar,admixture,straddle1e32,100,8.286238
i128,fmt,bylength,,1,4.971862
i128,naive,bylength,,1,3.550093
i128,null,bylength,,1,0.677666
i128,zmij_neon,bylength,,1,2.095381
i128,zmij_scalar,bylength,,1,3.719926
i128,fmt,bylength,,2,5.346218
i128,naive,bylength,,2,4.815698
i128,null,bylength,,2,0.684977
i128,zmij_neon,bylength,,2,2.092680
i128,zmij_scalar,bylength,,2,3.726442
i128,fmt,bylength,,3,5.550106
i128,naive,bylength,,3,6.534894
i128,null,bylength,,3,0.683506
i128,zmij_neon,bylength,,3,2.094666
i128,zmij_scalar,bylength,,3,3.721277
i128,fmt,bylength,,4,5.787293
i128,naive,bylength,,4,8.304516
i128,null,bylength,,4,0.687201
i128,zmij_neon,bylength,,4,2.089739
i128,zmij_scalar,bylength,,4,3.708919
i128,fmt,bylength,,5,6.079277
i128,naive,bylength,,5,10.424693
i128,null,bylength,,5,0.660499
i128,zmij_neon,bylength,,5,2.080719
i128,zmij_scalar,bylength,,5,3.724496
i128,fmt,bylength,,6,5.967259
i128,naive,bylength,,6,13.144691
i128,null,bylength,,6,0.670870
i128,zmij_neon,bylength,,6,2.090375
i128,zmij_scalar,bylength,,6,3.725728
i128,fmt,bylength,,7,6.548126
i128,naive,bylength,,7,16.171694
i128,null,bylength,,7,0.671069
i128,zmij_neon,bylength,,7,2.089580
i128,zmij_scalar,bylength,,7,3.713806
i128,fmt,bylength,,8,6.559730
i128,naive,bylength,,8,19.352714
i128,null,bylength,,8,0.651042
i128,zmij_neon,bylength,,8,2.074122
i128,zmij_scalar,bylength,,8,3.716866
i128,fmt,bylength,,9,6.852349
i128,naive,bylength,,9,22.955775
i128,null,bylength,,9,0.651121
i128,zmij_neon,bylength,,9,2.091447
i128,zmij_scalar,bylength,,9,3.713965
i128,fmt,bylength,,10,6.491223
i128,naive,bylength,,10,25.991321
i128,null,bylength,,10,0.683387
i128,zmij_neon,bylength,,10,2.092640
i128,zmij_scalar,bylength,,10,3.718734
i128,fmt,bylength,,11,7.215063
i128,naive,bylength,,11,29.523173
i128,null,bylength,,11,0.653942
i128,zmij_neon,bylength,,11,2.060373
i128,zmij_scalar,bylength,,11,3.713965
i128,fmt,bylength,,12,7.162968
i128,naive,bylength,,12,33.319196
i128,null,bylength,,12,0.678380
i128,zmij_neon,bylength,,12,2.078732
i128,zmij_scalar,bylength,,12,3.728191
i128,fmt,bylength,,13,7.365148
i128,naive,bylength,,13,37.094355
i128,null,bylength,,13,0.651081
i128,zmij_neon,bylength,,13,2.082666
i128,zmij_scalar,bylength,,13,3.715594
i128,fmt,bylength,,14,7.782181
i128,naive,bylength,,14,40.995161
i128,null,bylength,,14,0.651082
i128,zmij_neon,bylength,,14,2.074599
i128,zmij_scalar,bylength,,14,3.722072
i128,fmt,bylength,,15,7.106106
i128,naive,bylength,,15,44.537107
i128,null,bylength,,15,0.659148
i128,zmij_neon,bylength,,15,2.084732
i128,zmij_scalar,bylength,,15,3.722787
i128,fmt,bylength,,16,7.575353
i128,naive,bylength,,16,48.425873
i128,null,bylength,,16,0.651121
i128,zmij_neon,bylength,,16,2.069831
i128,zmij_scalar,bylength,,16,3.734866
i128,fmt,bylength,,17,7.467389
i128,naive,bylength,,17,52.117269
i128,null,bylength,,17,0.651081
i128,zmij_neon,bylength,,17,2.066175
i128,zmij_scalar,bylength,,17,3.713170
i128,fmt,bylength,,18,7.526398
i128,naive,bylength,,18,55.797537
i128,null,bylength,,18,0.657995
i128,zmij_neon,bylength,,18,2.058228
i128,zmij_scalar,bylength,,18,3.708680
i128,fmt,bylength,,19,7.791758
i128,naive,bylength,,19,59.532562
i128,null,bylength,,19,0.651081
i128,zmij_neon,bylength,,19,2.555807
i128,zmij_scalar,bylength,,19,4.615108
i128,fmt,bylength,,20,14.798124
i128,naive,bylength,,20,63.171188
i128,null,bylength,,20,0.653824
i128,zmij_neon,bylength,,20,2.986392
i128,zmij_scalar,bylength,,20,8.488138
i128,fmt,bylength,,21,15.041311
i128,naive,bylength,,21,67.003727
i128,null,bylength,,21,0.653902
i128,zmij_neon,bylength,,21,2.852201
i128,zmij_scalar,bylength,,21,8.493225
i128,fmt,bylength,,22,15.377362
i128,naive,bylength,,22,70.986629
i128,null,bylength,,22,0.656764
i128,zmij_neon,bylength,,22,2.862494
i128,zmij_scalar,bylength,,22,8.488417
i128,fmt,bylength,,23,15.228430
i128,naive,bylength,,23,74.676752
i128,null,bylength,,23,0.656009
i128,zmij_neon,bylength,,23,2.835671
i128,zmij_scalar,bylength,,23,8.474588
i128,fmt,bylength,,24,15.597820
i128,naive,bylength,,24,78.227997
i128,null,bylength,,24,0.651121
i128,zmij_neon,bylength,,24,2.832453
i128,zmij_scalar,bylength,,24,8.506457
i128,fmt,bylength,,25,15.643558
i128,naive,bylength,,25,82.190951
i128,null,bylength,,25,0.651121
i128,zmij_neon,bylength,,25,2.825220
i128,zmij_scalar,bylength,,25,8.529941
i128,fmt,bylength,,26,16.070843
i128,naive,bylength,,26,85.970363
i128,null,bylength,,26,0.651082
i128,zmij_neon,bylength,,26,2.824585
i128,zmij_scalar,bylength,,26,8.545597
i128,fmt,bylength,,27,16.299169
i128,naive,bylength,,27,89.711587
i128,null,bylength,,27,0.651041
i128,zmij_neon,bylength,,27,2.818306
i128,zmij_scalar,bylength,,27,8.570194
i128,fmt,bylength,,28,18.222451
i128,naive,bylength,,28,93.436122
i128,null,bylength,,28,0.651082
i128,zmij_neon,bylength,,28,2.822001
i128,zmij_scalar,bylength,,28,8.560102
i128,fmt,bylength,,29,23.470798
i128,naive,bylength,,29,97.244224
i128,null,bylength,,29,0.662764
i128,zmij_neon,bylength,,29,2.834320
i128,zmij_scalar,bylength,,29,8.557160
i128,fmt,bylength,,30,24.041533
i128,naive,bylength,,30,101.098975
i128,null,bylength,,30,0.659108
i128,zmij_neon,bylength,,30,2.856135
i128,zmij_scalar,bylength,,30,8.557717
i128,fmt,bylength,,31,24.046262
i128,naive,bylength,,31,104.994893
i128,null,bylength,,31,0.653784
i128,zmij_neon,bylength,,31,2.830585
i128,zmij_scalar,bylength,,31,8.560578
i128,fmt,bylength,,32,24.530331
i128,naive,bylength,,32,108.705878
i128,null,bylength,,32,0.651121
i128,zmij_neon,bylength,,32,2.863447
i128,zmij_scalar,bylength,,32,8.548657
i128,fmt,bylength,,33,24.682483
i128,naive,bylength,,33,112.728834
i128,null,bylength,,33,0.677506
i128,zmij_neon,bylength,,33,3.668824
i128,zmij_scalar,bylength,,33,10.428508
i128,fmt,bylength,,34,25.139412
i128,naive,bylength,,34,116.636912
i128,null,bylength,,34,0.665307
i128,zmij_neon,bylength,,34,3.712495
i128,zmij_scalar,bylength,,34,10.406096
i128,fmt,bylength,,35,25.157412
i128,naive,bylength,,35,120.404164
i128,null,bylength,,35,0.651041
i128,zmij_neon,bylength,,35,3.670057
i128,zmij_scalar,bylength,,35,10.426124
i128,fmt,bylength,,36,25.727630
i128,naive,bylength,,36,124.204000
i128,null,bylength,,36,0.651042
i128,zmij_neon,bylength,,36,3.687342
i128,zmij_scalar,bylength,,36,10.403235
i128,fmt,bylength,,37,25.781790
i128,naive,bylength,,37,128.179590
i128,null,bylength,,37,0.653942
i128,zmij_neon,bylength,,37,3.690204
i128,zmij_scalar,bylength,,37,10.460854
i128,fmt,bylength,,38,26.793161
i128,naive,bylength,,38,131.862283
i128,null,bylength,,38,0.651041
i128,zmij_neon,bylength,,38,3.673990
i128,zmij_scalar,bylength,,38,10.426442
i128,fmt,bylength,,39,26.932796
i128,naive,bylength,,39,135.876656
i128,null,bylength,,39,0.651042
i128,zmij_neon,bylength,,39,3.686985
i128,zmij_scalar,bylength,,39,10.393421
i128,fmt,loguniform,1-39,39,23.466117
i128,naive,loguniform,1-39,39,80.514101
i128,null,loguniform,1-39,39,0.651042
i128,zmij_neon,loguniform,1-39,39,5.671932
i128,zmij_scalar,loguniform,1-39,39,9.825046
i128,fmt,loguniform,1-4,4,7.316868
i128,naive,loguniform,1-4,4,10.010719
i128,null,loguniform,1-4,4,0.660340
i128,zmij_neon,loguniform,1-4,4,2.083063
i128,zmij_scalar,loguniform,1-4,4,3.725728
i128,fmt,uniform,0-255,0,4.657706
i128,naive,uniform,0-255,0,6.474535
i128,null,uniform,0-255,0,0.679612
i128,toy256,uniform,0-255,0,0.682036
i128,zmij_neon,uniform,0-255,0,2.094944
i128,zmij_scalar,uniform,0-255,0,3.722787
i128,fmt,unpredictable,,1,7.348776
i128,naive,unpredictable,,1,7.195990
i128,null,unpredictable,,1,0.667254
i128,zmij_neon,unpredictable,,1,2.713561
i128,zmij_scalar,unpredictable,,1,3.901007
i128,fmt,unpredictable,,2,7.798433
i128,naive,unpredictable,,2,8.628489
i128,null,unpredictable,,2,0.651278
i128,zmij_neon,unpredictable,,2,2.517421
i128,zmij_scalar,unpredictable,,2,3.874542
i128,fmt,unpredictable,,3,7.517498
i128,naive,unpredictable,,3,11.118135
i128,null,unpredictable,,3,0.665267
i128,zmij_neon,unpredictable,,3,2.442479
i128,zmij_scalar,unpredictable,,3,3.838936
i128,fmt,unpredictable,,4,7.865032
i128,naive,unpredictable,,4,13.211290
i128,null,unpredictable,,4,0.671943
i128,zmij_neon,unpredictable,,4,2.594033
i128,zmij_scalar,unpredictable,,4,3.846169
i128,fmt,unpredictable,,5,7.722298
i128,naive,unpredictable,,5,15.478252
i128,null,unpredictable,,5,0.680446
i128,zmij_neon,unpredictable,,5,2.639255
i128,zmij_scalar,unpredictable,,5,3.819942
i128,fmt,unpredictable,,6,8.330423
i128,naive,unpredictable,,6,18.256544
i128,null,unpredictable,,6,0.672420
i128,zmij_neon,unpredictable,,6,2.644658
i128,zmij_scalar,unpredictable,,6,3.854752
i128,fmt,unpredictable,,7,8.647125
i128,naive,unpredictable,,7,20.792683
i128,null,unpredictable,,7,0.651040
i128,zmij_neon,unpredictable,,7,2.627809
i128,zmij_scalar,unpredictable,,7,3.843864
i128,fmt,unpredictable,,8,8.669138
i128,naive,unpredictable,,8,23.737074
i128,null,unpredictable,,8,0.651042
i128,zmij_neon,unpredictable,,8,2.664527
i128,zmij_scalar,unpredictable,,8,3.861031
i128,fmt,unpredictable,,9,8.826416
i128,naive,unpredictable,,9,27.059595
i128,null,unpredictable,,9,0.668050
i128,zmij_neon,unpredictable,,9,2.736369
i128,zmij_scalar,unpredictable,,9,3.805717
i128,fmt,unpredictable,,10,8.124193
i128,naive,unpredictable,,10,29.713354
i128,null,unpredictable,,10,0.651122
i128,zmij_neon,unpredictable,,10,2.560655
i128,zmij_scalar,unpredictable,,10,3.829401
i128,fmt,unpredictable,,11,9.037176
i128,naive,unpredictable,,11,33.386747
i128,null,unpredictable,,11,0.678777
i128,zmij_neon,unpredictable,,11,2.647361
i128,zmij_scalar,unpredictable,,11,3.852209
i128,fmt,unpredictable,,12,9.095827
i128,naive,unpredictable,,12,36.475460
i128,null,unpredictable,,12,0.683148
i128,zmij_neon,unpredictable,,12,2.658725
i128,zmij_scalar,unpredictable,,12,3.830116
i128,fmt,unpredictable,,13,9.414673
i128,naive,unpredictable,,13,40.160696
i128,null,unpredictable,,13,0.651200
i128,zmij_neon,unpredictable,,13,2.583781
i128,zmij_scalar,unpredictable,,13,3.828924
i128,fmt,unpredictable,,14,8.889753
i128,naive,unpredictable,,14,43.462793
i128,null,unpredictable,,14,0.651042
i128,zmij_neon,unpredictable,,14,2.635438
i128,zmij_scalar,unpredictable,,14,3.878197
i128,fmt,unpredictable,,15,8.358557
i128,naive,unpredictable,,15,47.085087
i128,null,unpredictable,,15,0.651200
i128,zmij_neon,unpredictable,,15,2.664924
i128,zmij_scalar,unpredictable,,15,3.884872
i128,fmt,unpredictable,,16,8.369764
i128,naive,unpredictable,,16,50.367950
i128,null,unpredictable,,16,0.689425
i128,zmij_neon,unpredictable,,16,2.704024
i128,zmij_scalar,unpredictable,,16,3.805956
i128,fmt,unpredictable,,17,8.331537
i128,naive,unpredictable,,17,53.823114
i128,null,unpredictable,,17,0.651200
i128,zmij_neon,unpredictable,,17,2.835471
i128,zmij_scalar,unpredictable,,17,3.862700
i128,fmt,unpredictable,,18,8.350451
i128,naive,unpredictable,,18,57.193399
i128,null,unpredictable,,18,0.654141
i128,zmij_neon,unpredictable,,18,2.655545
i128,zmij_scalar,unpredictable,,18,3.828051
i128,fmt,unpredictable,,19,8.658886
i128,naive,unpredictable,,19,61.134695
i128,null,unpredictable,,19,0.651120
i128,zmij_neon,unpredictable,,19,3.118396
i128,zmij_scalar,unpredictable,,19,4.743736
i128,fmt,unpredictable,,20,16.587893
i128,naive,unpredictable,,20,64.077099
i128,null,unpredictable,,20,0.693002
i128,zmij_neon,unpredictable,,20,3.402829
i128,zmij_scalar,unpredictable,,20,8.822283
i128,fmt,unpredictable,,21,16.236782
i128,naive,unpredictable,,21,67.925652
i128,null,unpredictable,,21,0.651120
i128,zmij_neon,unpredictable,,21,3.523309
i128,zmij_scalar,unpredictable,,21,8.948088
i128,fmt,unpredictable,,22,16.420761
i128,naive,unpredictable,,22,71.601351
i128,null,unpredictable,,22,0.692369
i128,zmij_neon,unpredictable,,22,3.633697
i128,zmij_scalar,unpredictable,,22,8.874418
i128,fmt,unpredictable,,23,16.158422
i128,naive,unpredictable,,23,75.134079
i128,null,unpredictable,,23,0.651040
i128,zmij_neon,unpredictable,,23,3.397027
i128,zmij_scalar,unpredictable,,23,8.843740
i128,fmt,unpredictable,,24,16.817490
i128,naive,unpredictable,,24,79.018076
i128,null,unpredictable,,24,0.706435
i128,zmij_neon,unpredictable,,24,3.395040
i128,zmij_scalar,unpredictable,,24,8.858919
i128,fmt,unpredictable,,25,16.727051
i128,naive,unpredictable,,25,82.655071
i128,null,unpredictable,,25,0.651200
i128,zmij_neon,unpredictable,,25,3.488025
i128,zmij_scalar,unpredictable,,25,8.887211
i128,fmt,unpredictable,,26,17.092546
i128,naive,unpredictable,,26,86.186607
i128,null,unpredictable,,26,0.651120
i128,zmij_neon,unpredictable,,26,3.438193
i128,zmij_scalar,unpredictable,,26,8.916140
i128,fmt,unpredictable,,27,17.310381
i128,naive,unpredictable,,27,90.373953
i128,null,unpredictable,,27,0.651359
i128,zmij_neon,unpredictable,,27,3.436128
i128,zmij_scalar,unpredictable,,27,8.812349
i128,fmt,unpredictable,,28,19.728502
i128,naive,unpredictable,,28,93.947451
i128,null,unpredictable,,28,0.651042
i128,zmij_neon,unpredictable,,28,3.409425
i128,zmij_scalar,unpredictable,,28,8.835474
i128,fmt,unpredictable,,29,24.910688
i128,naive,unpredictable,,29,97.428919
i128,null,unpredictable,,29,0.662406
i128,zmij_neon,unpredictable,,29,3.425080
i128,zmij_scalar,unpredictable,,29,8.817831
i128,fmt,unpredictable,,30,25.757471
i128,naive,unpredictable,,30,100.589396
i128,null,unpredictable,,30,0.651120
i128,zmij_neon,unpredictable,,30,3.449241
i128,zmij_scalar,unpredictable,,30,8.884113
i128,fmt,unpredictable,,31,25.568645
i128,naive,unpredictable,,31,104.172588
i128,null,unpredictable,,31,0.651200
i128,zmij_neon,unpredictable,,31,3.502807
i128,zmij_scalar,unpredictable,,31,8.943083
i128,fmt,unpredictable,,32,25.992712
i128,naive,unpredictable,,32,108.483036
i128,null,unpredictable,,32,0.651120
i128,zmij_neon,unpredictable,,32,3.450353
i128,zmij_scalar,unpredictable,,32,8.891266
i128,fmt,unpredictable,,33,25.954088
i128,naive,unpredictable,,33,112.420837
i128,null,unpredictable,,33,0.651200
i128,zmij_neon,unpredictable,,33,5.551455
i128,zmij_scalar,unpredictable,,33,11.365652
i128,fmt,unpredictable,,34,25.916576
i128,naive,unpredictable,,34,116.151850
i128,null,unpredictable,,34,0.651200
i128,zmij_neon,unpredictable,,34,5.443534
i128,zmij_scalar,unpredictable,,34,11.412861
i128,fmt,unpredictable,,35,26.130280
i128,naive,unpredictable,,35,120.200197
i128,null,unpredictable,,35,0.666776
i128,zmij_neon,unpredictable,,35,5.512277
i128,zmij_scalar,unpredictable,,35,11.353573
i128,fmt,unpredictable,,36,26.847284
i128,naive,unpredictable,,36,123.950760
i128,null,unpredictable,,36,0.651120
i128,zmij_neon,unpredictable,,36,5.444009
i128,zmij_scalar,unpredictable,,36,11.350155
i128,fmt,unpredictable,,37,27.059317
i128,naive,unpredictable,,37,127.684156
i128,null,unpredictable,,37,0.651120
i128,zmij_neon,unpredictable,,37,5.459983
i128,zmij_scalar,unpredictable,,37,11.324884
i128,fmt,unpredictable,,38,28.051138
i128,naive,unpredictable,,38,131.904642
i128,null,unpredictable,,38,0.651120
i128,zmij_neon,unpredictable,,38,5.462369
i128,zmij_scalar,unpredictable,,38,11.270603
i128,fmt,unpredictable,,39,30.882517
i128,naive,unpredictable,,39,135.805248
i128,null,unpredictable,,39,0.686566
i128,zmij_neon,unpredictable,,39,5.466977
i128,zmij_scalar,unpredictable,,39,11.344116
i128,fmt,admixture,5x6,0,5.942901
i128,naive,admixture,5x6,0,13.076623
i128,null,admixture,5x6,0,0.672181
i128,zmij_neon,admixture,5x6,0,2.081871
i128,zmij_scalar,admixture,5x6,0,3.714760
i128,fmt,admixture,5x6,10,6.335060
i128,naive,admixture,5x6,10,14.144580
i128,null,admixture,5x6,10,0.674765
i128,zmij_neon,admixture,5x6,10,2.085885
i128,zmij_scalar,admixture,5x6,10,3.728151
i128,fmt,admixture,5x6,20,6.544272
i128,naive,admixture,5x6,20,15.148361
i128,null,admixture,5x6,20,0.653823
i128,zmij_neon,admixture,5x6,20,2.074957
i128,zmij_scalar,admixture,5x6,20,3.721078
i128,fmt,admixture,5x6,30,6.939769
i128,naive,admixture,5x6,30,15.992482
i128,null,admixture,5x6,30,0.674804
i128,zmij_neon,admixture,5x6,30,2.095263
i128,zmij_scalar,admixture,5x6,30,3.728191
i128,fmt,admixture,5x6,40,7.615209
i128,naive,admixture,5x6,40,17.088254
i128,null,admixture,5x6,40,0.651081
i128,zmij_neon,admixture,5x6,40,2.080798
i128,zmij_scalar,admixture,5x6,40,3.722589
i128,fmt,admixture,5x6,50,7.074396
i128,naive,admixture,5x6,50,17.444095
i128,null,admixture,5x6,50,0.653863
i128,zmij_neon,admixture,5x6,50,2.086480
i128,zmij_scalar,admixture,5x6,50,3.720006
i128,fmt,admixture,5x6,60,7.091919
i128,naive,admixture,5x6,60,16.571840
i128,null,admixture,5x6,60,0.687242
i128,zmij_neon,admixture,5x6,60,2.068798
i128,zmij_scalar,admixture,5x6,60,3.712535
i128,fmt,admixture,5x6,70,6.940921
i128,naive,admixture,5x6,70,14.719248
i128,null,admixture,5x6,70,0.672022
i128,zmij_neon,admixture,5x6,70,2.083261
i128,zmij_scalar,admixture,5x6,70,3.725727
i128,fmt,admixture,5x6,80,6.730993
i128,naive,admixture,5x6,80,13.229053
i128,null,admixture,5x6,80,0.660737
i128,zmij_neon,admixture,5x6,80,2.067208
i128,zmij_scalar,admixture,5x6,80,3.716031
i128,fmt,admixture,5x6,90,6.253998
i128,naive,admixture,5x6,90,11.802276
i128,null,admixture,5x6,90,0.651081
i128,zmij_neon,admixture,5x6,90,2.069433
i128,zmij_scalar,admixture,5x6,90,3.712098
i128,fmt,admixture,5x6,100,6.041248
i128,naive,admixture,5x6,100,10.451834
i128,null,admixture,5x6,100,0.661572
i128,zmij_neon,admixture,5x6,100,2.093196
i128,zmij_scalar,admixture,5x6,100,3.717105
i128,fmt,admixture,straddle64,0,17.612417
i128,naive,admixture,straddle64,0,77.271263
i128,null,admixture,straddle64,0,0.651042
i128,zmij_neon,admixture,straddle64,0,2.837102
i128,zmij_scalar,admixture,straddle64,0,8.498430
i128,fmt,admixture,straddle64,10,17.645876
i128,naive,admixture,straddle64,10,77.347994
i128,null,admixture,straddle64,10,0.651121
i128,zmij_neon,admixture,straddle64,10,3.026128
i128,zmij_scalar,admixture,straddle64,10,8.591572
i128,fmt,admixture,straddle64,20,17.697453
i128,naive,admixture,straddle64,20,77.473720
i128,null,admixture,straddle64,20,0.651081
i128,zmij_neon,admixture,straddle64,20,3.228704
i128,zmij_scalar,admixture,straddle64,20,8.797407
i128,fmt,admixture,straddle64,30,17.842174
i128,naive,admixture,straddle64,30,77.884316
i128,null,admixture,straddle64,30,0.651161
i128,zmij_neon,admixture,straddle64,30,3.440142
i128,zmij_scalar,admixture,straddle64,30,8.749723
i128,fmt,admixture,straddle64,40,18.022299
i128,naive,admixture,straddle64,40,77.979763
i128,null,admixture,straddle64,40,0.657956
i128,zmij_neon,admixture,straddle64,40,3.624002
i128,zmij_scalar,admixture,straddle64,40,8.783142
i128,fmt,admixture,straddle64,50,18.100222
i128,naive,admixture,straddle64,50,77.999234
i128,null,admixture,straddle64,50,0.651161
i128,zmij_neon,admixture,straddle64,50,3.843109
i128,zmij_scalar,admixture,straddle64,50,8.825381
i128,fmt,admixture,straddle64,60,17.424464
i128,naive,admixture,straddle64,60,77.556928
i128,null,admixture,straddle64,60,0.651042
i128,zmij_neon,admixture,straddle64,60,4.014730
i128,zmij_scalar,admixture,straddle64,60,8.876681
i128,fmt,admixture,straddle64,70,16.261935
i128,naive,admixture,straddle64,70,75.910728
i128,null,admixture,straddle64,70,0.659108
i128,zmij_neon,admixture,straddle64,70,4.169305
i128,zmij_scalar,admixture,straddle64,70,8.939505
i128,fmt,admixture,straddle64,80,15.415032
i128,naive,admixture,straddle64,80,73.399504
i128,null,admixture,straddle64,80,0.651081
i128,zmij_neon,admixture,straddle64,80,4.403830
i128,zmij_scalar,admixture,straddle64,80,9.034713
i128,fmt,admixture,straddle64,90,14.313817
i128,naive,admixture,straddle64,90,71.599126
i128,null,admixture,straddle64,90,0.662724
i128,zmij_neon,admixture,straddle64,90,4.626712
i128,zmij_scalar,admixture,straddle64,90,9.083986
i128,fmt,admixture,straddle64,100,13.547063
i128,naive,admixture,straddle64,100,69.848935
i128,null,admixture,straddle64,100,0.659108
i128,zmij_neon,admixture,straddle64,100,4.769167
i128,zmij_scalar,admixture,straddle64,100,8.955519
i128,fmt,admixture,straddle1e32,0,25.765340
i128,naive,admixture,straddle1e32,0,117.770910
i128,null,admixture,straddle1e32,0,0.651121
i128,zmij_neon,admixture,straddle1e32,0,3.691236
i128,zmij_scalar,admixture,straddle1e32,0,10.480523
i128,fmt,admixture,straddle1e32,10,26.896636
i128,naive,admixture,straddle1e32,10,118.520021
i128,null,admixture,straddle1e32,10,0.651081
i128,zmij_neon,admixture,straddle1e32,10,4.420042
i128,zmij_scalar,admixture,straddle1e32,10,10.702888
i128,fmt,admixture,straddle1e32,20,27.673721
i128,naive,admixture,straddle1e32,20,119.511684
i128,null,admixture,straddle1e32,20,0.651081
i128,zmij_neon,admixture,straddle1e32,20,5.110820
i128,zmij_scalar,admixture,straddle1e32,20,10.927161
i128,fmt,admixture,straddle1e32,30,28.526267
i128,naive,admixture,straddle1e32,30,120.299299
i128,null,admixture,straddle1e32,30,0.655969
i128,zmij_neon,admixture,straddle1e32,30,5.852461
i128,zmij_scalar,admixture,straddle1e32,30,11.078437
i128,fmt,admixture,straddle1e32,40,29.305300
i128,naive,admixture,straddle1e32,40,121.169965
i128,null,admixture,straddle1e32,40,0.653784
i128,zmij_neon,admixture,straddle1e32,40,6.600022
i128,zmij_scalar,admixture,straddle1e32,40,11.298260
i128,fmt,admixture,straddle1e32,50,29.656331
i128,naive,admixture,straddle1e32,50,121.210933
i128,null,admixture,straddle1e32,50,0.651161
i128,zmij_neon,admixture,straddle1e32,50,6.890456
i128,zmij_scalar,admixture,straddle1e32,50,11.417866
i128,fmt,admixture,straddle1e32,60,28.917551
i128,naive,admixture,straddle1e32,60,118.718386
i128,null,admixture,straddle1e32,60,0.653942
i128,zmij_neon,admixture,straddle1e32,60,6.446520
i128,zmij_scalar,admixture,straddle1e32,60,10.929386
i128,fmt,admixture,straddle1e32,70,27.889967
i128,naive,admixture,straddle1e32,70,116.060695
i128,null,admixture,straddle1e32,70,0.653544
i128,zmij_neon,admixture,straddle1e32,70,5.555670
i128,zmij_scalar,admixture,straddle1e32,70,10.131797
i128,fmt,admixture,straddle1e32,80,26.989381
i128,naive,admixture,straddle1e32,80,114.003817
i128,null,admixture,straddle1e32,80,0.651121
i128,zmij_neon,admixture,straddle1e32,80,4.646977
i128,zmij_scalar,admixture,straddle1e32,80,9.557247
i128,fmt,admixture,straddle1e32,90,25.969903
i128,naive,admixture,straddle1e32,90,111.829361
i128,null,admixture,straddle1e32,90,0.651042
i128,zmij_neon,admixture,straddle1e32,90,3.743410
i128,zmij_scalar,admixture,straddle1e32,90,9.064238
i128,fmt,admixture,straddle1e32,100,25.199731
i128,naive,admixture,straddle1e32,100,109.735250
i128,null,admixture,straddle1e32,100,0.651081
i128,zmij_neon,admixture,straddle1e32,100,2.828320
i128,zmij_scalar,admixture,straddle1e32,100,8.541783
